action_agreement_is_safety_evidence,action_agrees_with_full,completed_groups,decision_coverage,evaluation_block,evidence_bytes,evidence_load_latency_s,feature_extraction_latency_s,hardware_window,included_classes,omitted_classes,planner_latency_s,provenance,retrospective_hellinger_deviation,retrospective_normalized_gradient_disagreement,retrospective_objective_deviation,retrospective_outcome_from_shared_rq4_cache,retrospective_stable_continuation,rq3_pair_order,selected_action,selected_target,source_architecture,source_backend,variant_id,variant_type
False,True,2,True,5q-ibm_fez-block-00,"{""audit_provenance_bytes"": 408, ""backend_environment_bytes"": 4903, ""compilation_portability_bytes"": 2721, ""continuation_optimizer_bytes"": 588, ""estimator_mitigation_bytes"": 328, ""progress_cost_bytes"": 313, ""semantic_identity_bytes"": 424, ""total_decision_evidence_bytes"": 9277}",7.7e-05,2.0042e-05,5q-ibm_fez-block-00,"[""semantic_identity"", ""progress_cost"", ""compilation_portability"", ""backend_environment"", ""estimator_mitigation"", ""continuation_optimizer""]",[],6.958e-06,offline_counterfactual_analysis,0.19669461488894138,0.6171716547614335,0.00013541666666583296,True,True,resq_first_classical_second,replay,ibm_fez,heron-r2,ibm_fez,full,full
False,False,2,False,5q-ibm_fez-block-00,"{""audit_provenance_bytes"": 408, ""backend_environment_bytes"": 4903, ""compilation_portability_bytes"": 2721, ""continuation_optimizer_bytes"": 588, ""estimator_mitigation_bytes"": 328, ""progress_cost_bytes"": 313, ""semantic_identity_bytes"": 424, ""total_decision_evidence_bytes"": 8853}",0.000118292,3.75e-07,5q-ibm_fez-block-00,"[""progress_cost"", ""compilation_portability"", ""backend_environment"", ""estimator_mitigation"", ""continuation_optimizer""]","[""semantic_identity""]",8.4e-08,offline_counterfactual_analysis,,,,False,,resq_first_classical_second,block,,heron-r2,ibm_fez,full_minus_semantic_identity,leave_one_out
False,True,2,True,5q-ibm_fez-block-00,"{""audit_provenance_bytes"": 408, ""backend_environment_bytes"": 4903, ""compilation_portability_bytes"": 2721, ""continuation_optimizer_bytes"": 588, ""estimator_mitigation_bytes"": 328, ""progress_cost_bytes"": 313, ""semantic_identity_bytes"": 424, ""total_decision_evidence_bytes"": 8964}",3.7708e-05,2.6458e-05,5q-ibm_fez-block-00,"[""semantic_identity"", ""compilation_portability"", ""backend_environment"", ""estimator_mitigation"", ""continuation_optimizer""]","[""progress_cost""]",4.292e-06,offline_counterfactual_analysis,0.19669461488894138,0.6171716547614335,0.00013541666666583296,True,True,resq_first_classical_second,replay,ibm_fez,heron-r2,ibm_fez,full_minus_progress_cost,leave_one_out
False,True,2,True,5q-ibm_fez-block-00,"{""audit_provenance_bytes"": 408, ""backend_environment_bytes"": 4903, ""compilation_portability_bytes"": 2721, ""continuation_optimizer_bytes"": 588, ""estimator_mitigation_bytes"": 328, ""progress_cost_bytes"": 313, ""semantic_identity_bytes"": 424, ""total_decision_evidence_bytes"": 6556}",2.7291e-05,1.4791e-05,5q-ibm_fez-block-00,"[""semantic_identity"", ""progress_cost"", ""backend_environment"", ""estimator_mitigation"", ""continuation_optimizer""]","[""compilation_portability""]",3.291e-06,offline_counterfactual_analysis,0.19669461488894138,0.6171716547614335,0.00013541666666583296,True,True,resq_first_classical_second,replay,ibm_fez,heron-r2,ibm_fez,full_minus_compilation_portability,leave_one_out
False,False,2,False,5q-ibm_fez-block-00,"{""audit_provenance_bytes"": 408, ""backend_environment_bytes"": 4903, ""compilation_portability_bytes"": 2721, ""continuation_optimizer_bytes"": 588, ""estimator_mitigation_bytes"": 328, ""progress_cost_bytes"": 313, ""semantic_identity_bytes"": 424, ""total_decision_evidence_bytes"": 4374}",1.9875e-05,2.92e-07,5q-ibm_fez-block-00,"[""semantic_identity"", ""progress_cost"", ""compilation_portability"", ""estimator_mitigation"", ""continuation_optimizer""]","[""backend_environment""]",4.2e-08,offline_counterfactual_analysis,,,,False,,resq_first_classical_second,block,,heron-r2,ibm_fez,full_minus_backend_environment,leave_one_out
False,True,2,True,5q-ibm_fez-block-00,"{""audit_provenance_bytes"": 408, ""backend_environment_bytes"": 4903, ""compilation_portability_bytes"": 2721, ""continuation_optimizer_bytes"": 588, ""estimator_mitigation_bytes"": 328, ""progress_cost_bytes"": 313, ""semantic_identity_bytes"": 424, ""total_decision_evidence_bytes"": 8949}",3.5875e-05,1.3e-05,5q-ibm_fez-block-00,"[""semantic_identity"", ""progress_cost"", ""compilation_portability"", ""backend_environment"", ""continuation_optimizer""]","[""estimator_mitigation""]",3.166e-06,offline_counterfactual_analysis,0.19669461488894138,0.6171716547614335,0.00013541666666583296,True,True,resq_first_classical_second,replay,ibm_fez,heron-r2,ibm_fez,full_minus_estimator_mitigation,leave_one_out
False,True,2,True,5q-ibm_fez-block-00,"{""audit_provenance_bytes"": 408, ""backend_environment_bytes"": 4903, ""compilation_portability_bytes"": 2721, ""continuation_optimizer_bytes"": 588, ""estimator_mitigation_bytes"": 328, ""progress_cost_bytes"": 313, ""semantic_identity_bytes"": 424, ""total_decision_evidence_bytes"": 8689}",3.45e-05,1.1416e-05,5q-ibm_fez-block-00,"[""semantic_identity"", ""progress_cost"", ""compilation_portability"", ""backend_environment"", ""estimator_mitigation""]","[""continuation_optimizer""]",2.958e-06,offline_counterfactual_analysis,0.19669461488894138,0.6171716547614335,0.00013541666666583296,True,True,resq_first_classical_second,replay,ibm_fez,heron-r2,ibm_fez,full_minus_continuation_optimizer,leave_one_out
False,False,2,False,5q-ibm_fez-block-00,"{""audit_provenance_bytes"": 408, ""backend_environment_bytes"": 4903, ""compilation_portability_bytes"": 2721, ""continuation_optimizer_bytes"": 588, ""estimator_mitigation_bytes"": 328, ""progress_cost_bytes"": 313, ""semantic_identity_bytes"": 424, ""total_decision_evidence_bytes"": 424}",2.292e-06,2.5e-07,5q-ibm_fez-block-00,"[""semantic_identity""]","[""progress_cost"", ""compilation_portability"", ""backend_environment"", ""estimator_mitigation"", ""continuation_optimizer""]",4.2e-08,offline_counterfactual_analysis,,,,False,,resq_first_classical_second,block,,heron-r2,ibm_fez,s0_semantic,compact_nested
False,True,2,True,5q-ibm_fez-block-00,"{""audit_provenance_bytes"": 408, ""backend_environment_bytes"": 4903, ""compilation_portability_bytes"": 2721, ""continuation_optimizer_bytes"": 588, ""estimator_mitigation_bytes"": 328, ""progress_cost_bytes"": 313, ""semantic_identity_bytes"": 424, ""total_decision_evidence_bytes"": 5327}",2.025e-05,1.1e-05,5q-ibm_fez-block-00,"[""semantic_identity"", ""backend_environment""]","[""progress_cost"", ""compilation_portability"", ""estimator_mitigation"", ""continuation_optimizer""]",3.125e-06,offline_counterfactual_analysis,0.19669461488894138,0.6171716547614335,0.00013541666666583296,True,True,resq_first_classical_second,replay,ibm_fez,heron-r2,ibm_fez,s1_semantic_backend,compact_nested
False,True,2,True,5q-ibm_fez-block-00,"{""audit_provenance_bytes"": 408, ""backend_environment_bytes"": 4903, ""compilation_portability_bytes"": 2721, ""continuation_optimizer_bytes"": 588, ""estimator_mitigation_bytes"": 328, ""progress_cost_bytes"": 313, ""semantic_identity_bytes"": 424, ""total_decision_evidence_bytes"": 8048}",3.0791e-05,1.0833e-05,5q-ibm_fez-block-00,"[""semantic_identity"", ""backend_environment"", ""compilation_portability""]","[""progress_cost"", ""estimator_mitigation"", ""continuation_optimizer""]",3e-06,offline_counterfactual_analysis,0.19669461488894138,0.6171716547614335,0.00013541666666583296,True,True,resq_first_classical_second,replay,ibm_fez,heron-r2,ibm_fez,s2_add_portability,compact_nested
False,True,2,True,5q-ibm_fez-block-00,"{""audit_provenance_bytes"": 408, ""backend_environment_bytes"": 4903, ""compilation_portability_bytes"": 2721, ""continuation_optimizer_bytes"": 588, ""estimator_mitigation_bytes"": 328, ""progress_cost_bytes"": 313, ""semantic_identity_bytes"": 424, ""total_decision_evidence_bytes"": 8376}",3.2792e-05,1.0916e-05,5q-ibm_fez-block-00,"[""semantic_identity"", ""backend_environment"", ""compilation_portability"", ""estimator_mitigation""]","[""progress_cost"", ""continuation_optimizer""]",2.75e-06,offline_counterfactual_analysis,0.19669461488894138,0.6171716547614335,0.00013541666666583296,True,True,resq_first_classical_second,replay,ibm_fez,heron-r2,ibm_fez,s3_add_estimator,compact_nested
False,True,2,True,5q-ibm_fez-block-00,"{""audit_provenance_bytes"": 408, ""backend_environment_bytes"": 4903, ""compilation_portability_bytes"": 2721, ""continuation_optimizer_bytes"": 588, ""estimator_mitigation_bytes"": 328, ""progress_cost_bytes"": 313, ""semantic_identity_bytes"": 424, ""total_decision_evidence_bytes"": 8964}",3.4417e-05,1.0875e-05,5q-ibm_fez-block-00,"[""semantic_identity"", ""backend_environment"", ""compilation_portability"", ""estimator_mitigation"", ""continuation_optimizer""]","[""progress_cost""]",2.792e-06,offline_counterfactual_analysis,0.19669461488894138,0.6171716547614335,0.00013541666666583296,True,True,resq_first_classical_second,replay,ibm_fez,heron-r2,ibm_fez,s4_add_continuation,compact_nested
False,True,2,True,5q-ibm_fez-block-00,"{""audit_provenance_bytes"": 408, ""backend_environment_bytes"": 4903, ""compilation_portability_bytes"": 2721, ""continuation_optimizer_bytes"": 588, ""estimator_mitigation_bytes"": 328, ""progress_cost_bytes"": 313, ""semantic_identity_bytes"": 424, ""total_decision_evidence_bytes"": 9277}",3.6083e-05,1.05e-05,5q-ibm_fez-block-00,"[""semantic_identity"", ""progress_cost"", ""compilation_portability"", ""backend_environment"", ""estimator_mitigation"", ""continuation_optimizer""]",[],2.791e-06,offline_counterfactual_analysis,0.19669461488894138,0.6171716547614335,0.00013541666666583296,True,True,resq_first_classical_second,replay,ibm_fez,heron-r2,ibm_fez,s5_add_progress,compact_nested
False,True,4,True,5q-ibm_fez-block-00,"{""audit_provenance_bytes"": 408, ""backend_environment_bytes"": 4903, ""compilation_portability_bytes"": 2721, ""continuation_optimizer_bytes"": 588, ""estimator_mitigation_bytes"": 328, ""progress_cost_bytes"": 313, ""semantic_identity_bytes"": 424, ""total_decision_evidence_bytes"": 9277}",5.2083e-05,1.5833e-05,5q-ibm_fez-block-00,"[""semantic_identity"", ""progress_cost"", ""compilation_portability"", ""backend_environment"", ""estimator_mitigation"", ""continuation_optimizer""]",[],4.333e-06,offline_counterfactual_analysis,0.19669461488894138,0.6171716547614335,0.00013541666666583296,True,True,resq_first_classical_second,replay,ibm_fez,heron-r2,ibm_fez,full,full
False,False,4,False,5q-ibm_fez-block-00,"{""audit_provenance_bytes"": 408, ""backend_environment_bytes"": 4903, ""compilation_portability_bytes"": 2721, ""continuation_optimizer_bytes"": 588, ""estimator_mitigation_bytes"": 328, ""progress_cost_bytes"": 313, ""semantic_identity_bytes"": 424, ""total_decision_evidence_bytes"": 8853}",3.95e-05,4.16e-07,5q-ibm_fez-block-00,"[""progress_cost"", ""compilation_portability"", ""backend_environment"", ""estimator_mitigation"", ""continuation_optimizer""]","[""semantic_identity""]",8.3e-08,offline_counterfactual_analysis,,,,False,,resq_first_classical_second,block,,heron-r2,ibm_fez,full_minus_semantic_identity,leave_one_out
False,True,4,True,5q-ibm_fez-block-00,"{""audit_provenance_bytes"": 408, ""backend_environment_bytes"": 4903, ""compilation_portability_bytes"": 2721, ""continuation_optimizer_bytes"": 588, ""estimator_mitigation_bytes"": 328, ""progress_cost_bytes"": 313, ""semantic_identity_bytes"": 424, ""total_decision_evidence_bytes"": 8964}",3.6334e-05,1.2375e-05,5q-ibm_fez-block-00,"[""semantic_identity"", ""compilation_portability"", ""backend_environment"", ""estimator_mitigation"", ""continuation_optimizer""]","[""progress_cost""]",3.334e-06,offline_counterfactual_analysis,0.19669461488894138,0.6171716547614335,0.00013541666666583296,True,True,resq_first_classical_second,replay,ibm_fez,heron-r2,ibm_fez,full_minus_progress_cost,leave_one_out
False,True,4,True,5q-ibm_fez-block-00,"{""audit_provenance_bytes"": 408, ""backend_environment_bytes"": 4903, ""compilation_portability_bytes"": 2721, ""continuation_optimizer_bytes"": 588, ""estimator_mitigation_bytes"": 328, ""progress_cost_bytes"": 313, ""semantic_identity_bytes"": 424, ""total_decision_evidence_bytes"": 6556}",2.6292e-05,1.1667e-05,5q-ibm_fez-block-00,"[""semantic_identity"", ""progress_cost"", ""backend_environment"", ""estimator_mitigation"", ""continuation_optimizer""]","[""compilation_portability""]",2.917e-06,offline_counterfactual_analysis,0.19669461488894138,0.6171716547614335,0.00013541666666583296,True,True,resq_first_classical_second,replay,ibm_fez,heron-r2,ibm_fez,full_minus_compilation_portability,leave_one_out
False,False,4,False,5q-ibm_fez-block-00,"{""audit_provenance_bytes"": 408, ""backend_environment_bytes"": 4903, ""compilation_portability_bytes"": 2721, ""continuation_optimizer_bytes"": 588, ""estimator_mitigation_bytes"": 328, ""progress_cost_bytes"": 313, ""semantic_identity_bytes"": 424, ""total_decision_evidence_bytes"": 4374}",1.8917e-05,2.5e-07,5q-ibm_fez-block-00,"[""semantic_identity"", ""progress_cost"", ""compilation_portability"", ""estimator_mitigation"", ""continuation_optimizer""]","[""backend_environment""]",4.2e-08,offline_counterfactual_analysis,,,,False,,resq_first_classical_second,block,,heron-r2,ibm_fez,full_minus_backend_environment,leave_one_out
False,True,4,True,5q-ibm_fez-block-00,"{""audit_provenance_bytes"": 408, ""backend_environment_bytes"": 4903, ""compilation_portability_bytes"": 2721, ""continuation_optimizer_bytes"": 588, ""estimator_mitigation_bytes"": 328, ""progress_cost_bytes"": 313, ""semantic_identity_bytes"": 424, ""total_decision_evidence_bytes"": 8949}",3.4333e-05,1.1292e-05,5q-ibm_fez-block-00,"[""semantic_identity"", ""progress_cost"", ""compilation_portability"", ""backend_environment"", ""continuation_optimizer""]","[""estimator_mitigation""]",2.792e-06,offline_counterfactual_analysis,0.19669461488894138,0.6171716547614335,0.00013541666666583296,True,True,resq_first_classical_second,replay,ibm_fez,heron-r2,ibm_fez,full_minus_estimator_mitigation,leave_one_out
False,True,4,True,5q-ibm_fez-block-00,"{""audit_provenance_bytes"": 408, ""backend_environment_bytes"": 4903, ""compilation_portability_bytes"": 2721, ""continuation_optimizer_bytes"": 588, ""estimator_mitigation_bytes"": 328, ""progress_cost_bytes"": 313, ""semantic_identity_bytes"": 424, ""total_decision_evidence_bytes"": 8689}",3.3958e-05,1.0875e-05,5q-ibm_fez-block-00,"[""semantic_identity"", ""progress_cost"", ""compilation_portability"", ""backend_environment"", ""estimator_mitigation""]","[""continuation_optimizer""]",2.833e-06,offline_counterfactual_analysis,0.19669461488894138,0.6171716547614335,0.00013541666666583296,True,True,resq_first_classical_second,replay,ibm_fez,heron-r2,ibm_fez,full_minus_continuation_optimizer,leave_one_out
False,False,4,False,5q-ibm_fez-block-00,"{""audit_provenance_bytes"": 408, ""backend_environment_bytes"": 4903, ""compilation_portability_bytes"": 2721, ""continuation_optimizer_bytes"": 588, ""estimator_mitigation_bytes"": 328, ""progress_cost_bytes"": 313, ""semantic_identity_bytes"": 424, ""total_decision_evidence_bytes"": 424}",2.083e-06,1.67e-07,5q-ibm_fez-block-00,"[""semantic_identity""]","[""progress_cost"", ""compilation_portability"", ""backend_environment"", ""estimator_mitigation"", ""continuation_optimizer""]",8.3e-08,offline_counterfactual_analysis,,,,False,,resq_first_classical_second,block,,heron-r2,ibm_fez,s0_semantic,compact_nested
False,True,4,True,5q-ibm_fez-block-00,"{""audit_provenance_bytes"": 408, ""backend_environment_bytes"": 4903, ""compilation_portability_bytes"": 2721, ""continuation_optimizer_bytes"": 588, ""estimator_mitigation_bytes"": 328, ""progress_cost_bytes"": 313, ""semantic_identity_bytes"": 424, ""total_decision_evidence_bytes"": 5327}",1.975e-05,1.0625e-05,5q-ibm_fez-block-00,"[""semantic_identity"", ""backend_environment""]","[""progress_cost"", ""compilation_portability"", ""estimator_mitigation"", ""continuation_optimizer""]",2.958e-06,offline_counterfactual_analysis,0.19669461488894138,0.6171716547614335,0.00013541666666583296,True,True,resq_first_classical_second,replay,ibm_fez,heron-r2,ibm_fez,s1_semantic_backend,compact_nested
False,True,4,True,5q-ibm_fez-block-00,"{""audit_provenance_bytes"": 408, ""backend_environment_bytes"": 4903, ""compilation_portability_bytes"": 2721, ""continuation_optimizer_bytes"": 588, ""estimator_mitigation_bytes"": 328, ""progress_cost_bytes"": 313, ""semantic_identity_bytes"": 424, ""total_decision_evidence_bytes"": 8048}",3.025e-05,1.0584e-05,5q-ibm_fez-block-00,"[""semantic_identity"", ""backend_environment"", ""compilation_portability""]","[""progress_cost"", ""estimator_mitigation"", ""continuation_optimizer""]",2.875e-06,offline_counterfactual_analysis,0.19669461488894138,0.6171716547614335,0.00013541666666583296,True,True,resq_first_classical_second,replay,ibm_fez,heron-r2,ibm_fez,s2_add_portability,compact_nested
False,True,4,True,5q-ibm_fez-block-00,"{""audit_provenance_bytes"": 408, ""backend_environment_bytes"": 4903, ""compilation_portability_bytes"": 2721, ""continuation_optimizer_bytes"": 588, ""estimator_mitigation_bytes"": 328, ""progress_cost_bytes"": 313, ""semantic_identity_bytes"": 424, ""total_decision_evidence_bytes"": 8376}",3.225e-05,1.0209e-05,5q-ibm_fez-block-00,"[""semantic_identity"", ""backend_environment"", ""compilation_portability"", ""estimator_mitigation""]","[""progress_cost"", ""continuation_optimizer""]",2.792e-06,offline_counterfactual_analysis,0.19669461488894138,0.6171716547614335,0.00013541666666583296,True,True,resq_first_classical_second,replay,ibm_fez,heron-r2,ibm_fez,s3_add_estimator,compact_nested
False,True,4,True,5q-ibm_fez-block-00,"{""audit_provenance_bytes"": 408, ""backend_environment_bytes"": 4903, ""compilation_portability_bytes"": 2721, ""continuation_optimizer_bytes"": 588, ""estimator_mitigation_bytes"": 328, ""progress_cost_bytes"": 313, ""semantic_identity_bytes"": 424, ""total_decision_evidence_bytes"": 8964}",3.4084e-05,1.0416e-05,5q-ibm_fez-block-00,"[""semantic_identity"", ""backend_environment"", ""compilation_portability"", ""estimator_mitigation"", ""continuation_optimizer""]","[""progress_cost""]",2.75e-06,offline_counterfactual_analysis,0.19669461488894138,0.6171716547614335,0.00013541666666583296,True,True,resq_first_classical_second,replay,ibm_fez,heron-r2,ibm_fez,s4_add_continuation,compact_nested
False,True,4,True,5q-ibm_fez-block-00,"{""audit_provenance_bytes"": 408, ""backend_environment_bytes"": 4903, ""compilation_portability_bytes"": 2721, ""continuation_optimizer_bytes"": 588, ""estimator_mitigation_bytes"": 328, ""progress_cost_bytes"": 313, ""semantic_identity_bytes"": 424, ""total_decision_evidence_bytes"": 9277}",3.5333e-05,1.0459e-05,5q-ibm_fez-block-00,"[""semantic_identity"", ""progress_cost"", ""compilation_portability"", ""backend_environment"", ""estimator_mitigation"", ""continuation_optimizer""]",[],2.667e-06,offline_counterfactual_analysis,0.19669461488894138,0.6171716547614335,0.00013541666666583296,True,True,resq_first_classical_second,replay,ibm_fez,heron-r2,ibm_fez,s5_add_progress,compact_nested
False,True,6,True,5q-ibm_fez-block-00,"{""audit_provenance_bytes"": 408, ""backend_environment_bytes"": 4903, ""compilation_portability_bytes"": 2721, ""continuation_optimizer_bytes"": 588, ""estimator_mitigation_bytes"": 328, ""progress_cost_bytes"": 313, ""semantic_identity_bytes"": 424, ""total_decision_evidence_bytes"": 9277}",4.75e-05,1.5333e-05,5q-ibm_fez-block-00,"[""semantic_identity"", ""progress_cost"", ""compilation_portability"", ""backend_environment"", ""estimator_mitigation"", ""continuation_optimizer""]",[],4.083e-06,offline_counterfactual_analysis,0.19669461488894138,0.6171716547614335,0.00013541666666583296,True,True,resq_first_classical_second,replay,ibm_fez,heron-r2,ibm_fez,full,full
False,False,6,False,5q-ibm_fez-block-00,"{""audit_provenance_bytes"": 408, ""backend_environment_bytes"": 4903, ""compilation_portability_bytes"": 2721, ""continuation_optimizer_bytes"": 588, ""estimator_mitigation_bytes"": 328, ""progress_cost_bytes"": 313, ""semantic_identity_bytes"": 424, ""total_decision_evidence_bytes"": 8853}",3.9167e-05,2.5e-07,5q-ibm_fez-block-00,"[""progress_cost"", ""compilation_portability"", ""backend_environment"", ""estimator_mitigation"", ""continuation_optimizer""]","[""semantic_identity""]",8.3e-08,offline_counterfactual_analysis,,,,False,,resq_first_classical_second,block,,heron-r2,ibm_fez,full_minus_semantic_identity,leave_one_out
False,True,6,True,5q-ibm_fez-block-00,"{""audit_provenance_bytes"": 408, ""backend_environment_bytes"": 4903, ""compilation_portability_bytes"": 2721, ""continuation_optimizer_bytes"": 588, ""estimator_mitigation_bytes"": 328, ""progress_cost_bytes"": 313, ""semantic_identity_bytes"": 424, ""total_decision_evidence_bytes"": 8964}",3.675e-05,1.2e-05,5q-ibm_fez-block-00,"[""semantic_identity"", ""compilation_portability"", ""backend_environment"", ""estimator_mitigation"", ""continuation_optimizer""]","[""progress_cost""]",3.208e-06,offline_counterfactual_analysis,0.19669461488894138,0.6171716547614335,0.00013541666666583296,True,True,resq_first_classical_second,replay,ibm_fez,heron-r2,ibm_fez,full_minus_progress_cost,leave_one_out
False,True,6,True,5q-ibm_fez-block-00,"{""audit_provenance_bytes"": 408, ""backend_environment_bytes"": 4903, ""compilation_portability_bytes"": 2721, ""continuation_optimizer_bytes"": 588, ""estimator_mitigation_bytes"": 328, ""progress_cost_bytes"": 313, ""semantic_identity_bytes"": 424, ""total_decision_evidence_bytes"": 6556}",2.6667e-05,1.0709e-05,5q-ibm_fez-block-00,"[""semantic_identity"", ""progress_cost"", ""backend_environment"", ""estimator_mitigation"", ""continuation_optimizer""]","[""compilation_portability""]",2.792e-06,offline_counterfactual_analysis,0.19669461488894138,0.6171716547614335,0.00013541666666583296,True,True,resq_first_classical_second,replay,ibm_fez,heron-r2,ibm_fez,full_minus_compilation_portability,leave_one_out
False,False,6,False,5q-ibm_fez-block-00,"{""audit_provenance_bytes"": 408, ""backend_environment_bytes"": 4903, ""compilation_portability_bytes"": 2721, ""continuation_optimizer_bytes"": 588, ""estimator_mitigation_bytes"": 328, ""progress_cost_bytes"": 313, ""semantic_identity_bytes"": 424, ""total_decision_evidence_bytes"": 4374}",1.8834e-05,7.92e-07,5q-ibm_fez-block-00,"[""semantic_identity"", ""progress_cost"", ""compilation_portability"", ""estimator_mitigation"", ""continuation_optimizer""]","[""backend_environment""]",8.3e-08,offline_counterfactual_analysis,,,,False,,resq_first_classical_second,block,,heron-r2,ibm_fez,full_minus_backend_environment,leave_one_out
False,True,6,True,5q-ibm_fez-block-00,"{""audit_provenance_bytes"": 408, ""backend_environment_bytes"": 4903, ""compilation_portability_bytes"": 2721, ""continuation_optimizer_bytes"": 588, ""estimator_mitigation_bytes"": 328, ""progress_cost_bytes"": 313, ""semantic_identity_bytes"": 424, ""total_decision_evidence_bytes"": 8949}",3.4375e-05,1.0667e-05,5q-ibm_fez-block-00,"[""semantic_identity"", ""progress_cost"", ""compilation_portability"", ""backend_environment"", ""continuation_optimizer""]","[""estimator_mitigation""]",2.833e-06,offline_counterfactual_analysis,0.19669461488894138,0.6171716547614335,0.00013541666666583296,True,True,resq_first_classical_second,replay,ibm_fez,heron-r2,ibm_fez,full_minus_estimator_mitigation,leave_one_out
False,True,6,True,5q-ibm_fez-block-00,"{""audit_provenance_bytes"": 408, ""backend_environment_bytes"": 4903, ""compilation_portability_bytes"": 2721, ""continuation_optimizer_bytes"": 588, ""estimator_mitigation_bytes"": 328, ""progress_cost_bytes"": 313, ""semantic_identity_bytes"": 424, ""total_decision_evidence_bytes"": 8689}",3.4125e-05,1.0542e-05,5q-ibm_fez-block-00,"[""semantic_identity"", ""progress_cost"", ""compilation_portability"", ""backend_environment"", ""estimator_mitigation""]","[""continuation_optimizer""]",2.75e-06,offline_counterfactual_analysis,0.19669461488894138,0.6171716547614335,0.00013541666666583296,True,True,resq_first_classical_second,replay,ibm_fez,heron-r2,ibm_fez,full_minus_continuation_optimizer,leave_one_out
False,False,6,False,5q-ibm_fez-block-00,"{""audit_provenance_bytes"": 408, ""backend_environment_bytes"": 4903, ""compilation_portability_bytes"": 2721, ""continuation_optimizer_bytes"": 588, ""estimator_mitigation_bytes"": 328, ""progress_cost_bytes"": 313, ""semantic_identity_bytes"": 424, ""total_decision_evidence_bytes"": 424}",2.167e-06,2.09e-07,5q-ibm_fez-block-00,"[""semantic_identity""]","[""progress_cost"", ""compilation_portability"", ""backend_environment"", ""estimator_mitigation"", ""continuation_optimizer""]",4.1e-08,offline_counterfactual_analysis,,,,False,,resq_first_classical_second,block,,heron-r2,ibm_fez,s0_semantic,compact_nested
False,True,6,True,5q-ibm_fez-block-00,"{""audit_provenance_bytes"": 408, ""backend_environment_bytes"": 4903, ""compilation_portability_bytes"": 2721, ""continuation_optimizer_bytes"": 588, ""estimator_mitigation_bytes"": 328, ""progress_cost_bytes"": 313, ""semantic_identity_bytes"": 424, ""total_decision_evidence_bytes"": 5327}",2.0167e-05,1.0083e-05,5q-ibm_fez-block-00,"[""semantic_identity"", ""backend_environment""]","[""progress_cost"", ""compilation_portability"", ""estimator_mitigation"", ""continuation_optimizer""]",2.666e-06,offline_counterfactual_analysis,0.19669461488894138,0.6171716547614335,0.00013541666666583296,True,True,resq_first_classical_second,replay,ibm_fez,heron-r2,ibm_fez,s1_semantic_backend,compact_nested
False,True,6,True,5q-ibm_fez-block-00,"{""audit_provenance_bytes"": 408, ""backend_environment_bytes"": 4903, ""compilation_portability_bytes"": 2721, ""continuation_optimizer_bytes"": 588, ""estimator_mitigation_bytes"": 328, ""progress_cost_bytes"": 313, ""semantic_identity_bytes"": 424, ""total_decision_evidence_bytes"": 8048}",3.0417e-05,1.0334e-05,5q-ibm_fez-block-00,"[""semantic_identity"", ""backend_environment"", ""compilation_portability""]","[""progress_cost"", ""estimator_mitigation"", ""continuation_optimizer""]",2.667e-06,offline_counterfactual_analysis,0.19669461488894138,0.6171716547614335,0.00013541666666583296,True,True,resq_first_classical_second,replay,ibm_fez,heron-r2,ibm_fez,s2_add_portability,compact_nested
False,True,6,True,5q-ibm_fez-block-00,"{""audit_provenance_bytes"": 408, ""backend_environment_bytes"": 4903, ""compilation_portability_bytes"": 2721, ""continuation_optimizer_bytes"": 588, ""estimator_mitigation_bytes"": 328, ""progress_cost_bytes"": 313, ""semantic_identity_bytes"": 424, ""total_decision_evidence_bytes"": 8376}",3.3459e-05,1.0334e-05,5q-ibm_fez-block-00,"[""semantic_identity"", ""backend_environment"", ""compilation_portability"", ""estimator_mitigation""]","[""progress_cost"", ""continuation_optimizer""]",2.917e-06,offline_counterfactual_analysis,0.19669461488894138,0.6171716547614335,0.00013541666666583296,True,True,resq_first_classical_second,replay,ibm_fez,heron-r2,ibm_fez,s3_add_estimator,compact_nested
False,True,6,True,5q-ibm_fez-block-00,"{""audit_provenance_bytes"": 408, ""backend_environment_bytes"": 4903, ""compilation_portability_bytes"": 2721, ""continuation_optimizer_bytes"": 588, ""estimator_mitigation_bytes"": 328, ""progress_cost_bytes"": 313, ""semantic_identity_bytes"": 424, ""total_decision_evidence_bytes"": 8964}",3.4083e-05,1.0416e-05,5q-ibm_fez-block-00,"[""semantic_identity"", ""backend_environment"", ""compilation_portability"", ""estimator_mitigation"", ""continuation_optimizer""]","[""progress_cost""]",2.75e-06,offline_counterfactual_analysis,0.19669461488894138,0.6171716547614335,0.00013541666666583296,True,True,resq_first_classical_second,replay,ibm_fez,heron-r2,ibm_fez,s4_add_continuation,compact_nested
False,True,6,True,5q-ibm_fez-block-00,"{""audit_provenance_bytes"": 408, ""backend_environment_bytes"": 4903, ""compilation_portability_bytes"": 2721, ""continuation_optimizer_bytes"": 588, ""estimator_mitigation_bytes"": 328, ""progress_cost_bytes"": 313, ""semantic_identity_bytes"": 424, ""total_decision_evidence_bytes"": 9277}",3.5791e-05,1.0542e-05,5q-ibm_fez-block-00,"[""semantic_identity"", ""progress_cost"", ""compilation_portability"", ""backend_environment"", ""estimator_mitigation"", ""continuation_optimizer""]",[],2.708e-06,offline_counterfactual_analysis,0.19669461488894138,0.6171716547614335,0.00013541666666583296,True,True,resq_first_classical_second,replay,ibm_fez,heron-r2,ibm_fez,s5_add_progress,compact_nested
False,True,2,True,5q-ibm_fez-block-01,"{""audit_provenance_bytes"": 408, ""backend_environment_bytes"": 4903, ""compilation_portability_bytes"": 2721, ""continuation_optimizer_bytes"": 588, ""estimator_mitigation_bytes"": 328, ""progress_cost_bytes"": 313, ""semantic_identity_bytes"": 424, ""total_decision_evidence_bytes"": 9277}",7.4292e-05,1.7083e-05,5q-ibm_fez-block-01,"[""semantic_identity"", ""progress_cost"", ""compilation_portability"", ""backend_environment"", ""estimator_mitigation"", ""continuation_optimizer""]",[],4.25e-06,offline_counterfactual_analysis,0.17446016488779675,0.506396149271334,0.0827187500000024,True,True,classical_first_resq_second,replay,ibm_fez,heron-r2,ibm_fez,full,full
False,False,2,False,5q-ibm_fez-block-01,"{""audit_provenance_bytes"": 408, ""backend_environment_bytes"": 4903, ""compilation_portability_bytes"": 2721, ""continuation_optimizer_bytes"": 588, ""estimator_mitigation_bytes"": 328, ""progress_cost_bytes"": 313, ""semantic_identity_bytes"": 424, ""total_decision_evidence_bytes"": 8853}",0.000117875,2.5e-07,5q-ibm_fez-block-01,"[""progress_cost"", ""compilation_portability"", ""backend_environment"", ""estimator_mitigation"", ""continuation_optimizer""]","[""semantic_identity""]",4.2e-08,offline_counterfactual_analysis,,,,False,,classical_first_resq_second,block,,heron-r2,ibm_fez,full_minus_semantic_identity,leave_one_out
False,True,2,True,5q-ibm_fez-block-01,"{""audit_provenance_bytes"": 408, ""backend_environment_bytes"": 4903, ""compilation_portability_bytes"": 2721, ""continuation_optimizer_bytes"": 588, ""estimator_mitigation_bytes"": 328, ""progress_cost_bytes"": 313, ""semantic_identity_bytes"": 424, ""total_decision_evidence_bytes"": 8964}",3.6291e-05,1.2167e-05,5q-ibm_fez-block-01,"[""semantic_identity"", ""compilation_portability"", ""backend_environment"", ""estimator_mitigation"", ""continuation_optimizer""]","[""progress_cost""]",3.292e-06,offline_counterfactual_analysis,0.17446016488779675,0.506396149271334,0.0827187500000024,True,True,classical_first_resq_second,replay,ibm_fez,heron-r2,ibm_fez,full_minus_progress_cost,leave_one_out
False,True,2,True,5q-ibm_fez-block-01,"{""audit_provenance_bytes"": 408, ""backend_environment_bytes"": 4903, ""compilation_portability_bytes"": 2721, ""continuation_optimizer_bytes"": 588, ""estimator_mitigation_bytes"": 328, ""progress_cost_bytes"": 313, ""semantic_identity_bytes"": 424, ""total_decision_evidence_bytes"": 6556}",2.575e-05,1.125e-05,5q-ibm_fez-block-01,"[""semantic_identity"", ""progress_cost"", ""backend_environment"", ""estimator_mitigation"", ""continuation_optimizer""]","[""compilation_portability""]",2.75e-06,offline_counterfactual_analysis,0.17446016488779675,0.506396149271334,0.0827187500000024,True,True,classical_first_resq_second,replay,ibm_fez,heron-r2,ibm_fez,full_minus_compilation_portability,leave_one_out
False,False,2,False,5q-ibm_fez-block-01,"{""audit_provenance_bytes"": 408, ""backend_environment_bytes"": 4903, ""compilation_portability_bytes"": 2721, ""continuation_optimizer_bytes"": 588, ""estimator_mitigation_bytes"": 328, ""progress_cost_bytes"": 313, ""semantic_identity_bytes"": 424, ""total_decision_evidence_bytes"": 4374}",1.8875e-05,2.08e-07,5q-ibm_fez-block-01,"[""semantic_identity"", ""progress_cost"", ""compilation_portability"", ""estimator_mitigation"", ""continuation_optimizer""]","[""backend_environment""]",4.2e-08,offline_counterfactual_analysis,,,,False,,classical_first_resq_second,block,,heron-r2,ibm_fez,full_minus_backend_environment,leave_one_out
False,True,2,True,5q-ibm_fez-block-01,"{""audit_provenance_bytes"": 408, ""backend_environment_bytes"": 4903, ""compilation_portability_bytes"": 2721, ""continuation_optimizer_bytes"": 588, ""estimator_mitigation_bytes"": 328, ""progress_cost_bytes"": 313, ""semantic_identity_bytes"": 424, ""total_decision_evidence_bytes"": 8949}",3.4125e-05,1.1e-05,5q-ibm_fez-block-01,"[""semantic_identity"", ""progress_cost"", ""compilation_portability"", ""backend_environment"", ""continuation_optimizer""]","[""estimator_mitigation""]",2.791e-06,offline_counterfactual_analysis,0.17446016488779675,0.506396149271334,0.0827187500000024,True,True,classical_first_resq_second,replay,ibm_fez,heron-r2,ibm_fez,full_minus_estimator_mitigation,leave_one_out
False,True,2,True,5q-ibm_fez-block-01,"{""audit_provenance_bytes"": 408, ""backend_environment_bytes"": 4903, ""compilation_portability_bytes"": 2721, ""continuation_optimizer_bytes"": 588, ""estimator_mitigation_bytes"": 328, ""progress_cost_bytes"": 313, ""semantic_identity_bytes"": 424, ""total_decision_evidence_bytes"": 8689}",3.3917e-05,1.0709e-05,5q-ibm_fez-block-01,"[""semantic_identity"", ""progress_cost"", ""compilation_portability"", ""backend_environment"", ""estimator_mitigation""]","[""continuation_optimizer""]",2.708e-06,offline_counterfactual_analysis,0.17446016488779675,0.506396149271334,0.0827187500000024,True,True,classical_first_resq_second,replay,ibm_fez,heron-r2,ibm_fez,full_minus_continuation_optimizer,leave_one_out
False,False,2,False,5q-ibm_fez-block-01,"{""audit_provenance_bytes"": 408, ""backend_environment_bytes"": 4903, ""compilation_portability_bytes"": 2721, ""continuation_optimizer_bytes"": 588, ""estimator_mitigation_bytes"": 328, ""progress_cost_bytes"": 313, ""semantic_identity_bytes"": 424, ""total_decision_evidence_bytes"": 424}",2.167e-06,2.08e-07,5q-ibm_fez-block-01,"[""semantic_identity""]","[""progress_cost"", ""compilation_portability"", ""backend_environment"", ""estimator_mitigation"", ""continuation_optimizer""]",8.4e-08,offline_counterfactual_analysis,,,,False,,classical_first_resq_second,block,,heron-r2,ibm_fez,s0_semantic,compact_nested
False,True,2,True,5q-ibm_fez-block-01,"{""audit_provenance_bytes"": 408, ""backend_environment_bytes"": 4903, ""compilation_portability_bytes"": 2721, ""continuation_optimizer_bytes"": 588, ""estimator_mitigation_bytes"": 328, ""progress_cost_bytes"": 313, ""semantic_identity_bytes"": 424, ""total_decision_evidence_bytes"": 5327}",1.95e-05,1.0666e-05,5q-ibm_fez-block-01,"[""semantic_identity"", ""backend_environment""]","[""progress_cost"", ""compilation_portability"", ""estimator_mitigation"", ""continuation_optimizer""]",2.708e-06,offline_counterfactual_analysis,0.17446016488779675,0.506396149271334,0.0827187500000024,True,True,classical_first_resq_second,replay,ibm_fez,heron-r2,ibm_fez,s1_semantic_backend,compact_nested
False,True,2,True,5q-ibm_fez-block-01,"{""audit_provenance_bytes"": 408, ""backend_environment_bytes"": 4903, ""compilation_portability_bytes"": 2721, ""continuation_optimizer_bytes"": 588, ""estimator_mitigation_bytes"": 328, ""progress_cost_bytes"": 313, ""semantic_identity_bytes"": 424, ""total_decision_evidence_bytes"": 8048}",3.0125e-05,1.0541e-05,5q-ibm_fez-block-01,"[""semantic_identity"", ""backend_environment"", ""compilation_portability""]","[""progress_cost"", ""estimator_mitigation"", ""continuation_optimizer""]",2.708e-06,offline_counterfactual_analysis,0.17446016488779675,0.506396149271334,0.0827187500000024,True,True,classical_first_resq_second,replay,ibm_fez,heron-r2,ibm_fez,s2_add_portability,compact_nested
False,True,2,True,5q-ibm_fez-block-01,"{""audit_provenance_bytes"": 408, ""backend_environment_bytes"": 4903, ""compilation_portability_bytes"": 2721, ""continuation_optimizer_bytes"": 588, ""estimator_mitigation_bytes"": 328, ""progress_cost_bytes"": 313, ""semantic_identity_bytes"": 424, ""total_decision_evidence_bytes"": 8376}",3.2709e-05,1.0375e-05,5q-ibm_fez-block-01,"[""semantic_identity"", ""backend_environment"", ""compilation_portability"", ""estimator_mitigation""]","[""progress_cost"", ""continuation_optimizer""]",2.667e-06,offline_counterfactual_analysis,0.17446016488779675,0.506396149271334,0.0827187500000024,True,True,classical_first_resq_second,replay,ibm_fez,heron-r2,ibm_fez,s3_add_estimator,compact_nested
False,True,2,True,5q-ibm_fez-block-01,"{""audit_provenance_bytes"": 408, ""backend_environment_bytes"": 4903, ""compilation_portability_bytes"": 2721, ""continuation_optimizer_bytes"": 588, ""estimator_mitigation_bytes"": 328, ""progress_cost_bytes"": 313, ""semantic_identity_bytes"": 424, ""total_decision_evidence_bytes"": 8964}",3.475e-05,1.0458e-05,5q-ibm_fez-block-01,"[""semantic_identity"", ""backend_environment"", ""compilation_portability"", ""estimator_mitigation"", ""continuation_optimizer""]","[""progress_cost""]",2.708e-06,offline_counterfactual_analysis,0.17446016488779675,0.506396149271334,0.0827187500000024,True,True,classical_first_resq_second,replay,ibm_fez,heron-r2,ibm_fez,s4_add_continuation,compact_nested
False,True,2,True,5q-ibm_fez-block-01,"{""audit_provenance_bytes"": 408, ""backend_environment_bytes"": 4903, ""compilation_portability_bytes"": 2721, ""continuation_optimizer_bytes"": 588, ""estimator_mitigation_bytes"": 328, ""progress_cost_bytes"": 313, ""semantic_identity_bytes"": 424, ""total_decision_evidence_bytes"": 9277}",3.6125e-05,1.0167e-05,5q-ibm_fez-block-01,"[""semantic_identity"", ""progress_cost"", ""compilation_portability"", ""backend_environment"", ""estimator_mitigation"", ""continuation_optimizer""]",[],2.667e-06,offline_counterfactual_analysis,0.17446016488779675,0.506396149271334,0.0827187500000024,True,True,classical_first_resq_second,replay,ibm_fez,heron-r2,ibm_fez,s5_add_progress,compact_nested
False,True,4,True,5q-ibm_fez-block-01,"{""audit_provenance_bytes"": 408, ""backend_environment_bytes"": 4903, ""compilation_portability_bytes"": 2721, ""continuation_optimizer_bytes"": 588, ""estimator_mitigation_bytes"": 328, ""progress_cost_bytes"": 313, ""semantic_identity_bytes"": 424, ""total_decision_evidence_bytes"": 9277}",5.175e-05,1.5625e-05,5q-ibm_fez-block-01,"[""semantic_identity"", ""progress_cost"", ""compilation_portability"", ""backend_environment"", ""estimator_mitigation"", ""continuation_optimizer""]",[],4.166e-06,offline_counterfactual_analysis,0.17446016488779675,0.506396149271334,0.0827187500000024,True,True,classical_first_resq_second,replay,ibm_fez,heron-r2,ibm_fez,full,full
False,False,4,False,5q-ibm_fez-block-01,"{""audit_provenance_bytes"": 408, ""backend_environment_bytes"": 4903, ""compilation_portability_bytes"": 2721, ""continuation_optimizer_bytes"": 588, ""estimator_mitigation_bytes"": 328, ""progress_cost_bytes"": 313, ""semantic_identity_bytes"": 424, ""total_decision_evidence_bytes"": 8853}",4.0458e-05,1.67e-07,5q-ibm_fez-block-01,"[""progress_cost"", ""compilation_portability"", ""backend_environment"", ""estimator_mitigation"", ""continuation_optimizer""]","[""semantic_identity""]",4.2e-08,offline_counterfactual_analysis,,,,False,,classical_first_resq_second,block,,heron-r2,ibm_fez,full_minus_semantic_identity,leave_one_out
False,True,4,True,5q-ibm_fez-block-01,"{""audit_provenance_bytes"": 408, ""backend_environment_bytes"": 4903, ""compilation_portability_bytes"": 2721, ""continuation_optimizer_bytes"": 588, ""estimator_mitigation_bytes"": 328, ""progress_cost_bytes"": 313, ""semantic_identity_bytes"": 424, ""total_decision_evidence_bytes"": 8964}",3.6917e-05,1.2e-05,5q-ibm_fez-block-01,"[""semantic_identity"", ""compilation_portability"", ""backend_environment"", ""estimator_mitigation"", ""continuation_optimizer""]","[""progress_cost""]",3.083e-06,offline_counterfactual_analysis,0.17446016488779675,0.506396149271334,0.0827187500000024,True,True,classical_first_resq_second,replay,ibm_fez,heron-r2,ibm_fez,full_minus_progress_cost,leave_one_out
False,True,4,True,5q-ibm_fez-block-01,"{""audit_provenance_bytes"": 408, ""backend_environment_bytes"": 4903, ""compilation_portability_bytes"": 2721, ""continuation_optimizer_bytes"": 588, ""estimator_mitigation_bytes"": 328, ""progress_cost_bytes"": 313, ""semantic_identity_bytes"": 424, ""total_decision_evidence_bytes"": 6556}",2.7166e-05,1.1375e-05,5q-ibm_fez-block-01,"[""semantic_identity"", ""progress_cost"", ""backend_environment"", ""estimator_mitigation"", ""continuation_optimizer""]","[""compilation_portability""]",2.75e-06,offline_counterfactual_analysis,0.17446016488779675,0.506396149271334,0.0827187500000024,True,True,classical_first_resq_second,replay,ibm_fez,heron-r2,ibm_fez,full_minus_compilation_portability,leave_one_out
False,False,4,False,5q-ibm_fez-block-01,"{""audit_provenance_bytes"": 408, ""backend_environment_bytes"": 4903, ""compilation_portability_bytes"": 2721, ""continuation_optimizer_bytes"": 588, ""estimator_mitigation_bytes"": 328, ""progress_cost_bytes"": 313, ""semantic_identity_bytes"": 424, ""total_decision_evidence_bytes"": 4374}",1.9708e-05,2.09e-07,5q-ibm_fez-block-01,"[""semantic_identity"", ""progress_cost"", ""compilation_portability"", ""estimator_mitigation"", ""continuation_optimizer""]","[""backend_environment""]",4.1e-08,offline_counterfactual_analysis,,,,False,,classical_first_resq_second,block,,heron-r2,ibm_fez,full_minus_backend_environment,leave_one_out
False,True,4,True,5q-ibm_fez-block-01,"{""audit_provenance_bytes"": 408, ""backend_environment_bytes"": 4903, ""compilation_portability_bytes"": 2721, ""continuation_optimizer_bytes"": 588, ""estimator_mitigation_bytes"": 328, ""progress_cost_bytes"": 313, ""semantic_identity_bytes"": 424, ""total_decision_evidence_bytes"": 8949}",3.5833e-05,1.0875e-05,5q-ibm_fez-block-01,"[""semantic_identity"", ""progress_cost"", ""compilation_portability"", ""backend_environment"", ""continuation_optimizer""]","[""estimator_mitigation""]",2.75e-06,offline_counterfactual_analysis,0.17446016488779675,0.506396149271334,0.0827187500000024,True,True,classical_first_resq_second,replay,ibm_fez,heron-r2,ibm_fez,full_minus_estimator_mitigation,leave_one_out
False,True,4,True,5q-ibm_fez-block-01,"{""audit_provenance_bytes"": 408, ""backend_environment_bytes"": 4903, ""compilation_portability_bytes"": 2721, ""continuation_optimizer_bytes"": 588, ""estimator_mitigation_bytes"": 328, ""progress_cost_bytes"": 313, ""semantic_identity_bytes"": 424, ""total_decision_evidence_bytes"": 8689}",3.4875e-05,1.075e-05,5q-ibm_fez-block-01,"[""semantic_identity"", ""progress_cost"", ""compilation_portability"", ""backend_environment"", ""estimator_mitigation""]","[""continuation_optimizer""]",2.708e-06,offline_counterfactual_analysis,0.17446016488779675,0.506396149271334,0.0827187500000024,True,True,classical_first_resq_second,replay,ibm_fez,heron-r2,ibm_fez,full_minus_continuation_optimizer,leave_one_out
False,False,4,False,5q-ibm_fez-block-01,"{""audit_provenance_bytes"": 408, ""backend_environment_bytes"": 4903, ""compilation_portability_bytes"": 2721, ""continuation_optimizer_bytes"": 588, ""estimator_mitigation_bytes"": 328, ""progress_cost_bytes"": 313, ""semantic_identity_bytes"": 424, ""total_decision_evidence_bytes"": 424}",2.042e-06,1.66e-07,5q-ibm_fez-block-01,"[""semantic_identity""]","[""progress_cost"", ""compilation_portability"", ""backend_environment"", ""estimator_mitigation"", ""continuation_optimizer""]",4.1e-08,offline_counterfactual_analysis,,,,False,,classical_first_resq_second,block,,heron-r2,ibm_fez,s0_semantic,compact_nested
False,True,4,True,5q-ibm_fez-block-01,"{""audit_provenance_bytes"": 408, ""backend_environment_bytes"": 4903, ""compilation_portability_bytes"": 2721, ""continuation_optimizer_bytes"": 588, ""estimator_mitigation_bytes"": 328, ""progress_cost_bytes"": 313, ""semantic_identity_bytes"": 424, ""total_decision_evidence_bytes"": 5327}",1.9834e-05,1.0541e-05,5q-ibm_fez-block-01,"[""semantic_identity"", ""backend_environment""]","[""progress_cost"", ""compilation_portability"", ""estimator_mitigation"", ""continuation_optimizer""]",2.666e-06,offline_counterfactual_analysis,0.17446016488779675,0.506396149271334,0.0827187500000024,True,True,classical_first_resq_second,replay,ibm_fez,heron-r2,ibm_fez,s1_semantic_backend,compact_nested
False,True,4,True,5q-ibm_fez-block-01,"{""audit_provenance_bytes"": 408, ""backend_environment_bytes"": 4903, ""compilation_portability_bytes"": 2721, ""continuation_optimizer_bytes"": 588, ""estimator_mitigation_bytes"": 328, ""progress_cost_bytes"": 313, ""semantic_identity_bytes"": 424, ""total_decision_evidence_bytes"": 8048}",3.0417e-05,1.0334e-05,5q-ibm_fez-block-01,"[""semantic_identity"", ""backend_environment"", ""compilation_portability""]","[""progress_cost"", ""estimator_mitigation"", ""continuation_optimizer""]",2.75e-06,offline_counterfactual_analysis,0.17446016488779675,0.506396149271334,0.0827187500000024,True,True,classical_first_resq_second,replay,ibm_fez,heron-r2,ibm_fez,s2_add_portability,compact_nested
False,True,4,True,5q-ibm_fez-block-01,"{""audit_provenance_bytes"": 408, ""backend_environment_bytes"": 4903, ""compilation_portability_bytes"": 2721, ""continuation_optimizer_bytes"": 588, ""estimator_mitigation_bytes"": 328, ""progress_cost_bytes"": 313, ""semantic_identity_bytes"": 424, ""total_decision_evidence_bytes"": 8376}",3.3375e-05,1.0375e-05,5q-ibm_fez-block-01,"[""semantic_identity"", ""backend_environment"", ""compilation_portability"", ""estimator_mitigation""]","[""progress_cost"", ""continuation_optimizer""]",2.75e-06,offline_counterfactual_analysis,0.17446016488779675,0.506396149271334,0.0827187500000024,True,True,classical_first_resq_second,replay,ibm_fez,heron-r2,ibm_fez,s3_add_estimator,compact_nested
False,True,4,True,5q-ibm_fez-block-01,"{""audit_provenance_bytes"": 408, ""backend_environment_bytes"": 4903, ""compilation_portability_bytes"": 2721, ""continuation_optimizer_bytes"": 588, ""estimator_mitigation_bytes"": 328, ""progress_cost_bytes"": 313, ""semantic_identity_bytes"": 424, ""total_decision_evidence_bytes"": 8964}",3.3542e-05,1.0208e-05,5q-ibm_fez-block-01,"[""semantic_identity"", ""backend_environment"", ""compilation_portability"", ""estimator_mitigation"", ""continuation_optimizer""]","[""progress_cost""]",2.667e-06,offline_counterfactual_analysis,0.17446016488779675,0.506396149271334,0.0827187500000024,True,True,classical_first_resq_second,replay,ibm_fez,heron-r2,ibm_fez,s4_add_continuation,compact_nested
False,True,4,True,5q-ibm_fez-block-01,"{""audit_provenance_bytes"": 408, ""backend_environment_bytes"": 4903, ""compilation_portability_bytes"": 2721, ""continuation_optimizer_bytes"": 588, ""estimator_mitigation_bytes"": 328, ""progress_cost_bytes"": 313, ""semantic_identity_bytes"": 424, ""total_decision_evidence_bytes"": 9277}",3.6292e-05,1.0417e-05,5q-ibm_fez-block-01,"[""semantic_identity"", ""progress_cost"", ""compilation_portability"", ""backend_environment"", ""estimator_mitigation"", ""continuation_optimizer""]",[],2.708e-06,offline_counterfactual_analysis,0.17446016488779675,0.506396149271334,0.0827187500000024,True,True,classical_first_resq_second,replay,ibm_fez,heron-r2,ibm_fez,s5_add_progress,compact_nested
False,True,6,True,5q-ibm_fez-block-01,"{""audit_provenance_bytes"": 408, ""backend_environment_bytes"": 4903, ""compilation_portability_bytes"": 2721, ""continuation_optimizer_bytes"": 588, ""estimator_mitigation_bytes"": 328, ""progress_cost_bytes"": 313, ""semantic_identity_bytes"": 424, ""total_decision_evidence_bytes"": 9277}",4.7792e-05,1.6083e-05,5q-ibm_fez-block-01,"[""semantic_identity"", ""progress_cost"", ""compilation_portability"", ""backend_environment"", ""estimator_mitigation"", ""continuation_optimizer""]",[],4.125e-06,offline_counterfactual_analysis,0.17446016488779675,0.506396149271334,0.0827187500000024,True,True,classical_first_resq_second,replay,ibm_fez,heron-r2,ibm_fez,full,full
False,False,6,False,5q-ibm_fez-block-01,"{""audit_provenance_bytes"": 408, ""backend_environment_bytes"": 4903, ""compilation_portability_bytes"": 2721, ""continuation_optimizer_bytes"": 588, ""estimator_mitigation_bytes"": 328, ""progress_cost_bytes"": 313, ""semantic_identity_bytes"": 424, ""total_decision_evidence_bytes"": 8853}",3.9e-05,2.09e-07,5q-ibm_fez-block-01,"[""progress_cost"", ""compilation_portability"", ""backend_environment"", ""estimator_mitigation"", ""continuation_optimizer""]","[""semantic_identity""]",8.3e-08,offline_counterfactual_analysis,,,,False,,classical_first_resq_second,block,,heron-r2,ibm_fez,full_minus_semantic_identity,leave_one_out
False,True,6,True,5q-ibm_fez-block-01,"{""audit_provenance_bytes"": 408, ""backend_environment_bytes"": 4903, ""compilation_portability_bytes"": 2721, ""continuation_optimizer_bytes"": 588, ""estimator_mitigation_bytes"": 328, ""progress_cost_bytes"": 313, ""semantic_identity_bytes"": 424, ""total_decision_evidence_bytes"": 8964}",3.6708e-05,1.2167e-05,5q-ibm_fez-block-01,"[""semantic_identity"", ""compilation_portability"", ""backend_environment"", ""estimator_mitigation"", ""continuation_optimizer""]","[""progress_cost""]",3.166e-06,offline_counterfactual_analysis,0.17446016488779675,0.506396149271334,0.0827187500000024,True,True,classical_first_resq_second,replay,ibm_fez,heron-r2,ibm_fez,full_minus_progress_cost,leave_one_out
False,True,6,True,5q-ibm_fez-block-01,"{""audit_provenance_bytes"": 408, ""backend_environment_bytes"": 4903, ""compilation_portability_bytes"": 2721, ""continuation_optimizer_bytes"": 588, ""estimator_mitigation_bytes"": 328, ""progress_cost_bytes"": 313, ""semantic_identity_bytes"": 424, ""total_decision_evidence_bytes"": 6556}",2.675e-05,1.1375e-05,5q-ibm_fez-block-01,"[""semantic_identity"", ""progress_cost"", ""backend_environment"", ""estimator_mitigation"", ""continuation_optimizer""]","[""compilation_portability""]",2.875e-06,offline_counterfactual_analysis,0.17446016488779675,0.506396149271334,0.0827187500000024,True,True,classical_first_resq_second,replay,ibm_fez,heron-r2,ibm_fez,full_minus_compilation_portability,leave_one_out
False,False,6,False,5q-ibm_fez-block-01,"{""audit_provenance_bytes"": 408, ""backend_environment_bytes"": 4903, ""compilation_portability_bytes"": 2721, ""continuation_optimizer_bytes"": 588, ""estimator_mitigation_bytes"": 328, ""progress_cost_bytes"": 313, ""semantic_identity_bytes"": 424, ""total_decision_evidence_bytes"": 4374}",1.9e-05,1.67e-07,5q-ibm_fez-block-01,"[""semantic_identity"", ""progress_cost"", ""compilation_portability"", ""estimator_mitigation"", ""continuation_optimizer""]","[""backend_environment""]",8.3e-08,offline_counterfactual_analysis,,,,False,,classical_first_resq_second,block,,heron-r2,ibm_fez,full_minus_backend_environment,leave_one_out
False,True,6,True,5q-ibm_fez-block-01,"{""audit_provenance_bytes"": 408, ""backend_environment_bytes"": 4903, ""compilation_portability_bytes"": 2721, ""continuation_optimizer_bytes"": 588, ""estimator_mitigation_bytes"": 328, ""progress_cost_bytes"": 313, ""semantic_identity_bytes"": 424, ""total_decision_evidence_bytes"": 8949}",3.4125e-05,1.1042e-05,5q-ibm_fez-block-01,"[""semantic_identity"", ""progress_cost"", ""compilation_portability"", ""backend_environment"", ""continuation_optimizer""]","[""estimator_mitigation""]",2.792e-06,offline_counterfactual_analysis,0.17446016488779675,0.506396149271334,0.0827187500000024,True,True,classical_first_resq_second,replay,ibm_fez,heron-r2,ibm_fez,full_minus_estimator_mitigation,leave_one_out
False,True,6,True,5q-ibm_fez-block-01,"{""audit_provenance_bytes"": 408, ""backend_environment_bytes"": 4903, ""compilation_portability_bytes"": 2721, ""continuation_optimizer_bytes"": 588, ""estimator_mitigation_bytes"": 328, ""progress_cost_bytes"": 313, ""semantic_identity_bytes"": 424, ""total_decision_evidence_bytes"": 8689}",3.4333e-05,1.0875e-05,5q-ibm_fez-block-01,"[""semantic_identity"", ""progress_cost"", ""compilation_portability"", ""backend_environment"", ""estimator_mitigation""]","[""continuation_optimizer""]",2.75e-06,offline_counterfactual_analysis,0.17446016488779675,0.506396149271334,0.0827187500000024,True,True,classical_first_resq_second,replay,ibm_fez,heron-r2,ibm_fez,full_minus_continuation_optimizer,leave_one_out
False,False,6,False,5q-ibm_fez-block-01,"{""audit_provenance_bytes"": 408, ""backend_environment_bytes"": 4903, ""compilation_portability_bytes"": 2721, ""continuation_optimizer_bytes"": 588, ""estimator_mitigation_bytes"": 328, ""progress_cost_bytes"": 313, ""semantic_identity_bytes"": 424, ""total_decision_evidence_bytes"": 424}",2.083e-06,1.67e-07,5q-ibm_fez-block-01,"[""semantic_identity""]","[""progress_cost"", ""compilation_portability"", ""backend_environment"", ""estimator_mitigation"", ""continuation_optimizer""]",4.2e-08,offline_counterfactual_analysis,,,,False,,classical_first_resq_second,block,,heron-r2,ibm_fez,s0_semantic,compact_nested
False,True,6,True,5q-ibm_fez-block-01,"{""audit_provenance_bytes"": 408, ""backend_environment_bytes"": 4903, ""compilation_portability_bytes"": 2721, ""continuation_optimizer_bytes"": 588, ""estimator_mitigation_bytes"": 328, ""progress_cost_bytes"": 313, ""semantic_identity_bytes"": 424, ""total_decision_evidence_bytes"": 5327}",1.95e-05,1.0417e-05,5q-ibm_fez-block-01,"[""semantic_identity"", ""backend_environment""]","[""progress_cost"", ""compilation_portability"", ""estimator_mitigation"", ""continuation_optimizer""]",2.541e-06,offline_counterfactual_analysis,0.17446016488779675,0.506396149271334,0.0827187500000024,True,True,classical_first_resq_second,replay,ibm_fez,heron-r2,ibm_fez,s1_semantic_backend,compact_nested
False,True,6,True,5q-ibm_fez-block-01,"{""audit_provenance_bytes"": 408, ""backend_environment_bytes"": 4903, ""compilation_portability_bytes"": 2721, ""continuation_optimizer_bytes"": 588, ""estimator_mitigation_bytes"": 328, ""progress_cost_bytes"": 313, ""semantic_identity_bytes"": 424, ""total_decision_evidence_bytes"": 8048}",3.0834e-05,1.0667e-05,5q-ibm_fez-block-01,"[""semantic_identity"", ""backend_environment"", ""compilation_portability""]","[""progress_cost"", ""estimator_mitigation"", ""continuation_optimizer""]",2.667e-06,offline_counterfactual_analysis,0.17446016488779675,0.506396149271334,0.0827187500000024,True,True,classical_first_resq_second,replay,ibm_fez,heron-r2,ibm_fez,s2_add_portability,compact_nested
False,True,6,True,5q-ibm_fez-block-01,"{""audit_provenance_bytes"": 408, ""backend_environment_bytes"": 4903, ""compilation_portability_bytes"": 2721, ""continuation_optimizer_bytes"": 588, ""estimator_mitigation_bytes"": 328, ""progress_cost_bytes"": 313, ""semantic_identity_bytes"": 424, ""total_decision_evidence_bytes"": 8376}",3.2542e-05,1.05e-05,5q-ibm_fez-block-01,"[""semantic_identity"", ""backend_environment"", ""compilation_portability"", ""estimator_mitigation""]","[""progress_cost"", ""continuation_optimizer""]",2.792e-06,offline_counterfactual_analysis,0.17446016488779675,0.506396149271334,0.0827187500000024,True,True,classical_first_resq_second,replay,ibm_fez,heron-r2,ibm_fez,s3_add_estimator,compact_nested
False,True,6,True,5q-ibm_fez-block-01,"{""audit_provenance_bytes"": 408, ""backend_environment_bytes"": 4903, ""compilation_portability_bytes"": 2721, ""continuation_optimizer_bytes"": 588, ""estimator_mitigation_bytes"": 328, ""progress_cost_bytes"": 313, ""semantic_identity_bytes"": 424, ""total_decision_evidence_bytes"": 8964}",3.4333e-05,1.0625e-05,5q-ibm_fez-block-01,"[""semantic_identity"", ""backend_environment"", ""compilation_portability"", ""estimator_mitigation"", ""continuation_optimizer""]","[""progress_cost""]",2.709e-06,offline_counterfactual_analysis,0.17446016488779675,0.506396149271334,0.0827187500000024,True,True,classical_first_resq_second,replay,ibm_fez,heron-r2,ibm_fez,s4_add_continuation,compact_nested
False,True,6,True,5q-ibm_fez-block-01,"{""audit_provenance_bytes"": 408, ""backend_environment_bytes"": 4903, ""compilation_portability_bytes"": 2721, ""continuation_optimizer_bytes"": 588, ""estimator_mitigation_bytes"": 328, ""progress_cost_bytes"": 313, ""semantic_identity_bytes"": 424, ""total_decision_evidence_bytes"": 9277}",3.5834e-05,1.0459e-05,5q-ibm_fez-block-01,"[""semantic_identity"", ""progress_cost"", ""compilation_portability"", ""backend_environment"", ""estimator_mitigation"", ""continuation_optimizer""]",[],2.75e-06,offline_counterfactual_analysis,0.17446016488779675,0.506396149271334,0.0827187500000024,True,True,classical_first_resq_second,replay,ibm_fez,heron-r2,ibm_fez,s5_add_progress,compact_nested
False,True,2,True,5q-ibm_fez-block-02,"{""audit_provenance_bytes"": 408, ""backend_environment_bytes"": 4903, ""compilation_portability_bytes"": 2721, ""continuation_optimizer_bytes"": 588, ""estimator_mitigation_bytes"": 328, ""progress_cost_bytes"": 313, ""semantic_identity_bytes"": 424, ""total_decision_evidence_bytes"": 9277}",6.9834e-05,1.7e-05,5q-ibm_fez-block-02,"[""semantic_identity"", ""progress_cost"", ""compilation_portability"", ""backend_environment"", ""estimator_mitigation"", ""continuation_optimizer""]",[],4.333e-06,offline_counterfactual_analysis,0.18284294270849075,0.10674008151904926,0.013343750000003318,True,False,resq_first_classical_second,replay,ibm_fez,heron-r2,ibm_fez,full,full
False,False,2,False,5q-ibm_fez-block-02,"{""audit_provenance_bytes"": 408, ""backend_environment_bytes"": 4903, ""compilation_portability_bytes"": 2721, ""continuation_optimizer_bytes"": 588, ""estimator_mitigation_bytes"": 328, ""progress_cost_bytes"": 313, ""semantic_identity_bytes"": 424, ""total_decision_evidence_bytes"": 8853}",0.000120875,2.92e-07,5q-ibm_fez-block-02,"[""progress_cost"", ""compilation_portability"", ""backend_environment"", ""estimator_mitigation"", ""continuation_optimizer""]","[""semantic_identity""]",4.1e-08,offline_counterfactual_analysis,,,,False,,resq_first_classical_second,block,,heron-r2,ibm_fez,full_minus_semantic_identity,leave_one_out
False,True,2,True,5q-ibm_fez-block-02,"{""audit_provenance_bytes"": 408, ""backend_environment_bytes"": 4903, ""compilation_portability_bytes"": 2721, ""continuation_optimizer_bytes"": 588, ""estimator_mitigation_bytes"": 328, ""progress_cost_bytes"": 313, ""semantic_identity_bytes"": 424, ""total_decision_evidence_bytes"": 8964}",3.6208e-05,1.2584e-05,5q-ibm_fez-block-02,"[""semantic_identity"", ""compilation_portability"", ""backend_environment"", ""estimator_mitigation"", ""continuation_optimizer""]","[""progress_cost""]",3.5e-06,offline_counterfactual_analysis,0.18284294270849075,0.10674008151904926,0.013343750000003318,True,False,resq_first_classical_second,replay,ibm_fez,heron-r2,ibm_fez,full_minus_progress_cost,leave_one_out
False,True,2,True,5q-ibm_fez-block-02,"{""audit_provenance_bytes"": 408, ""backend_environment_bytes"": 4903, ""compilation_portability_bytes"": 2721, ""continuation_optimizer_bytes"": 588, ""estimator_mitigation_bytes"": 328, ""progress_cost_bytes"": 313, ""semantic_identity_bytes"": 424, ""total_decision_evidence_bytes"": 6556}",2.6791e-05,1.1708e-05,5q-ibm_fez-block-02,"[""semantic_identity"", ""progress_cost"", ""backend_environment"", ""estimator_mitigation"", ""continuation_optimizer""]","[""compilation_portability""]",2.875e-06,offline_counterfactual_analysis,0.18284294270849075,0.10674008151904926,0.013343750000003318,True,False,resq_first_classical_second,replay,ibm_fez,heron-r2,ibm_fez,full_minus_compilation_portability,leave_one_out
False,False,2,False,5q-ibm_fez-block-02,"{""audit_provenance_bytes"": 408, ""backend_environment_bytes"": 4903, ""compilation_portability_bytes"": 2721, ""continuation_optimizer_bytes"": 588, ""estimator_mitigation_bytes"": 328, ""progress_cost_bytes"": 313, ""semantic_identity_bytes"": 424, ""total_decision_evidence_bytes"": 4374}",1.8459e-05,1.67e-07,5q-ibm_fez-block-02,"[""semantic_identity"", ""progress_cost"", ""compilation_portability"", ""estimator_mitigation"", ""continuation_optimizer""]","[""backend_environment""]",4.1e-08,offline_counterfactual_analysis,,,,False,,resq_first_classical_second,block,,heron-r2,ibm_fez,full_minus_backend_environment,leave_one_out
False,True,2,True,5q-ibm_fez-block-02,"{""audit_provenance_bytes"": 408, ""backend_environment_bytes"": 4903, ""compilation_portability_bytes"": 2721, ""continuation_optimizer_bytes"": 588, ""estimator_mitigation_bytes"": 328, ""progress_cost_bytes"": 313, ""semantic_identity_bytes"": 424, ""total_decision_evidence_bytes"": 8949}",3.4542e-05,1.0792e-05,5q-ibm_fez-block-02,"[""semantic_identity"", ""progress_cost"", ""compilation_portability"", ""backend_environment"", ""continuation_optimizer""]","[""estimator_mitigation""]",2.75e-06,offline_counterfactual_analysis,0.18284294270849075,0.10674008151904926,0.013343750000003318,True,False,resq_first_classical_second,replay,ibm_fez,heron-r2,ibm_fez,full_minus_estimator_mitigation,leave_one_out
False,True,2,True,5q-ibm_fez-block-02,"{""audit_provenance_bytes"": 408, ""backend_environment_bytes"": 4903, ""compilation_portability_bytes"": 2721, ""continuation_optimizer_bytes"": 588, ""estimator_mitigation_bytes"": 328, ""progress_cost_bytes"": 313, ""semantic_identity_bytes"": 424, ""total_decision_evidence_bytes"": 8689}",3.3708e-05,1.1333e-05,5q-ibm_fez-block-02,"[""semantic_identity"", ""progress_cost"", ""compilation_portability"", ""backend_environment"", ""estimator_mitigation""]","[""continuation_optimizer""]",2.625e-06,offline_counterfactual_analysis,0.18284294270849075,0.10674008151904926,0.013343750000003318,True,False,resq_first_classical_second,replay,ibm_fez,heron-r2,ibm_fez,full_minus_continuation_optimizer,leave_one_out
False,False,2,False,5q-ibm_fez-block-02,"{""audit_provenance_bytes"": 408, ""backend_environment_bytes"": 4903, ""compilation_portability_bytes"": 2721, ""continuation_optimizer_bytes"": 588, ""estimator_mitigation_bytes"": 328, ""progress_cost_bytes"": 313, ""semantic_identity_bytes"": 424, ""total_decision_evidence_bytes"": 424}",2.125e-06,1.67e-07,5q-ibm_fez-block-02,"[""semantic_identity""]","[""progress_cost"", ""compilation_portability"", ""backend_environment"", ""estimator_mitigation"", ""continuation_optimizer""]",4.2e-08,offline_counterfactual_analysis,,,,False,,resq_first_classical_second,block,,heron-r2,ibm_fez,s0_semantic,compact_nested
False,True,2,True,5q-ibm_fez-block-02,"{""audit_provenance_bytes"": 408, ""backend_environment_bytes"": 4903, ""compilation_portability_bytes"": 2721, ""continuation_optimizer_bytes"": 588, ""estimator_mitigation_bytes"": 328, ""progress_cost_bytes"": 313, ""semantic_identity_bytes"": 424, ""total_decision_evidence_bytes"": 5327}",1.9625e-05,1.0292e-05,5q-ibm_fez-block-02,"[""semantic_identity"", ""backend_environment""]","[""progress_cost"", ""compilation_portability"", ""estimator_mitigation"", ""continuation_optimizer""]",2.584e-06,offline_counterfactual_analysis,0.18284294270849075,0.10674008151904926,0.013343750000003318,True,False,resq_first_classical_second,replay,ibm_fez,heron-r2,ibm_fez,s1_semantic_backend,compact_nested
False,True,2,True,5q-ibm_fez-block-02,"{""audit_provenance_bytes"": 408, ""backend_environment_bytes"": 4903, ""compilation_portability_bytes"": 2721, ""continuation_optimizer_bytes"": 588, ""estimator_mitigation_bytes"": 328, ""progress_cost_bytes"": 313, ""semantic_identity_bytes"": 424, ""total_decision_evidence_bytes"": 8048}",3.1e-05,1.0625e-05,5q-ibm_fez-block-02,"[""semantic_identity"", ""backend_environment"", ""compilation_portability""]","[""progress_cost"", ""estimator_mitigation"", ""continuation_optimizer""]",2.708e-06,offline_counterfactual_analysis,0.18284294270849075,0.10674008151904926,0.013343750000003318,True,False,resq_first_classical_second,replay,ibm_fez,heron-r2,ibm_fez,s2_add_portability,compact_nested
False,True,2,True,5q-ibm_fez-block-02,"{""audit_provenance_bytes"": 408, ""backend_environment_bytes"": 4903, ""compilation_portability_bytes"": 2721, ""continuation_optimizer_bytes"": 588, ""estimator_mitigation_bytes"": 328, ""progress_cost_bytes"": 313, ""semantic_identity_bytes"": 424, ""total_decision_evidence_bytes"": 8376}",3.4083e-05,1.0416e-05,5q-ibm_fez-block-02,"[""semantic_identity"", ""backend_environment"", ""compilation_portability"", ""estimator_mitigation""]","[""progress_cost"", ""continuation_optimizer""]",2.708e-06,offline_counterfactual_analysis,0.18284294270849075,0.10674008151904926,0.013343750000003318,True,False,resq_first_classical_second,replay,ibm_fez,heron-r2,ibm_fez,s3_add_estimator,compact_nested
False,True,2,True,5q-ibm_fez-block-02,"{""audit_provenance_bytes"": 408, ""backend_environment_bytes"": 4903, ""compilation_portability_bytes"": 2721, ""continuation_optimizer_bytes"": 588, ""estimator_mitigation_bytes"": 328, ""progress_cost_bytes"": 313, ""semantic_identity_bytes"": 424, ""total_decision_evidence_bytes"": 8964}",3.4791e-05,1.0209e-05,5q-ibm_fez-block-02,"[""semantic_identity"", ""backend_environment"", ""compilation_portability"", ""estimator_mitigation"", ""continuation_optimizer""]","[""progress_cost""]",2.583e-06,offline_counterfactual_analysis,0.18284294270849075,0.10674008151904926,0.013343750000003318,True,False,resq_first_classical_second,replay,ibm_fez,heron-r2,ibm_fez,s4_add_continuation,compact_nested
False,True,2,True,5q-ibm_fez-block-02,"{""audit_provenance_bytes"": 408, ""backend_environment_bytes"": 4903, ""compilation_portability_bytes"": 2721, ""continuation_optimizer_bytes"": 588, ""estimator_mitigation_bytes"": 328, ""progress_cost_bytes"": 313, ""semantic_identity_bytes"": 424, ""total_decision_evidence_bytes"": 9277}",3.575e-05,1.0125e-05,5q-ibm_fez-block-02,"[""semantic_identity"", ""progress_cost"", ""compilation_portability"", ""backend_environment"", ""estimator_mitigation"", ""continuation_optimizer""]",[],2.625e-06,offline_counterfactual_analysis,0.18284294270849075,0.10674008151904926,0.013343750000003318,True,False,resq_first_classical_second,replay,ibm_fez,heron-r2,ibm_fez,s5_add_progress,compact_nested
False,True,4,True,5q-ibm_fez-block-02,"{""audit_provenance_bytes"": 408, ""backend_environment_bytes"": 4903, ""compilation_portability_bytes"": 2721, ""continuation_optimizer_bytes"": 588, ""estimator_mitigation_bytes"": 328, ""progress_cost_bytes"": 313, ""semantic_identity_bytes"": 424, ""total_decision_evidence_bytes"": 9277}",4.9125e-05,1.5917e-05,5q-ibm_fez-block-02,"[""semantic_identity"", ""progress_cost"", ""compilation_portability"", ""backend_environment"", ""estimator_mitigation"", ""continuation_optimizer""]",[],4.167e-06,offline_counterfactual_analysis,0.18284294270849075,0.10674008151904926,0.013343750000003318,True,False,resq_first_classical_second,replay,ibm_fez,heron-r2,ibm_fez,full,full
False,False,4,False,5q-ibm_fez-block-02,"{""audit_provenance_bytes"": 408, ""backend_environment_bytes"": 4903, ""compilation_portability_bytes"": 2721, ""continuation_optimizer_bytes"": 588, ""estimator_mitigation_bytes"": 328, ""progress_cost_bytes"": 313, ""semantic_identity_bytes"": 424, ""total_decision_evidence_bytes"": 8853}",3.9583e-05,2.09e-07,5q-ibm_fez-block-02,"[""progress_cost"", ""compilation_portability"", ""backend_environment"", ""estimator_mitigation"", ""continuation_optimizer""]","[""semantic_identity""]",4.2e-08,offline_counterfactual_analysis,,,,False,,resq_first_classical_second,block,,heron-r2,ibm_fez,full_minus_semantic_identity,leave_one_out
False,True,4,True,5q-ibm_fez-block-02,"{""audit_provenance_bytes"": 408, ""backend_environment_bytes"": 4903, ""compilation_portability_bytes"": 2721, ""continuation_optimizer_bytes"": 588, ""estimator_mitigation_bytes"": 328, ""progress_cost_bytes"": 313, ""semantic_identity_bytes"": 424, ""total_decision_evidence_bytes"": 8964}",3.6084e-05,1.2542e-05,5q-ibm_fez-block-02,"[""semantic_identity"", ""compilation_portability"", ""backend_environment"", ""estimator_mitigation"", ""continuation_optimizer""]","[""progress_cost""]",3.417e-06,offline_counterfactual_analysis,0.18284294270849075,0.10674008151904926,0.013343750000003318,True,False,resq_first_classical_second,replay,ibm_fez,heron-r2,ibm_fez,full_minus_progress_cost,leave_one_out
False,True,4,True,5q-ibm_fez-block-02,"{""audit_provenance_bytes"": 408, ""backend_environment_bytes"": 4903, ""compilation_portability_bytes"": 2721, ""continuation_optimizer_bytes"": 588, ""estimator_mitigation_bytes"": 328, ""progress_cost_bytes"": 313, ""semantic_identity_bytes"": 424, ""total_decision_evidence_bytes"": 6556}",2.625e-05,1.1125e-05,5q-ibm_fez-block-02,"[""semantic_identity"", ""progress_cost"", ""backend_environment"", ""estimator_mitigation"", ""continuation_optimizer""]","[""compilation_portability""]",2.791e-06,offline_counterfactual_analysis,0.18284294270849075,0.10674008151904926,0.013343750000003318,True,False,resq_first_classical_second,replay,ibm_fez,heron-r2,ibm_fez,full_minus_compilation_portability,leave_one_out
False,False,4,False,5q-ibm_fez-block-02,"{""audit_provenance_bytes"": 408, ""backend_environment_bytes"": 4903, ""compilation_portability_bytes"": 2721, ""continuation_optimizer_bytes"": 588, ""estimator_mitigation_bytes"": 328, ""progress_cost_bytes"": 313, ""semantic_identity_bytes"": 424, ""total_decision_evidence_bytes"": 4374}",1.8917e-05,2.5e-07,5q-ibm_fez-block-02,"[""semantic_identity"", ""progress_cost"", ""compilation_portability"", ""estimator_mitigation"", ""continuation_optimizer""]","[""backend_environment""]",4.2e-08,offline_counterfactual_analysis,,,,False,,resq_first_classical_second,block,,heron-r2,ibm_fez,full_minus_backend_environment,leave_one_out
False,True,4,True,5q-ibm_fez-block-02,"{""audit_provenance_bytes"": 408, ""backend_environment_bytes"": 4903, ""compilation_portability_bytes"": 2721, ""continuation_optimizer_bytes"": 588, ""estimator_mitigation_bytes"": 328, ""progress_cost_bytes"": 313, ""semantic_identity_bytes"": 424, ""total_decision_evidence_bytes"": 8949}",3.4583e-05,1.0917e-05,5q-ibm_fez-block-02,"[""semantic_identity"", ""progress_cost"", ""compilation_portability"", ""backend_environment"", ""continuation_optimizer""]","[""estimator_mitigation""]",2.792e-06,offline_counterfactual_analysis,0.18284294270849075,0.10674008151904926,0.013343750000003318,True,False,resq_first_classical_second,replay,ibm_fez,heron-r2,ibm_fez,full_minus_estimator_mitigation,leave_one_out
False,True,4,True,5q-ibm_fez-block-02,"{""audit_provenance_bytes"": 408, ""backend_environment_bytes"": 4903, ""compilation_portability_bytes"": 2721, ""continuation_optimizer_bytes"": 588, ""estimator_mitigation_bytes"": 328, ""progress_cost_bytes"": 313, ""semantic_identity_bytes"": 424, ""total_decision_evidence_bytes"": 8689}",3.3583e-05,1.0541e-05,5q-ibm_fez-block-02,"[""semantic_identity"", ""progress_cost"", ""compilation_portability"", ""backend_environment"", ""estimator_mitigation""]","[""continuation_optimizer""]",2.833e-06,offline_counterfactual_analysis,0.18284294270849075,0.10674008151904926,0.013343750000003318,True,False,resq_first_classical_second,replay,ibm_fez,heron-r2,ibm_fez,full_minus_continuation_optimizer,leave_one_out
False,False,4,False,5q-ibm_fez-block-02,"{""audit_provenance_bytes"": 408, ""backend_environment_bytes"": 4903, ""compilation_portability_bytes"": 2721, ""continuation_optimizer_bytes"": 588, ""estimator_mitigation_bytes"": 328, ""progress_cost_bytes"": 313, ""semantic_identity_bytes"": 424, ""total_decision_evidence_bytes"": 424}",2.083e-06,1.67e-07,5q-ibm_fez-block-02,"[""semantic_identity""]","[""progress_cost"", ""compilation_portability"", ""backend_environment"", ""estimator_mitigation"", ""continuation_optimizer""]",4.2e-08,offline_counterfactual_analysis,,,,False,,resq_first_classical_second,block,,heron-r2,ibm_fez,s0_semantic,compact_nested
False,True,4,True,5q-ibm_fez-block-02,"{""audit_provenance_bytes"": 408, ""backend_environment_bytes"": 4903, ""compilation_portability_bytes"": 2721, ""continuation_optimizer_bytes"": 588, ""estimator_mitigation_bytes"": 328, ""progress_cost_bytes"": 313, ""semantic_identity_bytes"": 424, ""total_decision_evidence_bytes"": 5327}",1.9875e-05,1.0208e-05,5q-ibm_fez-block-02,"[""semantic_identity"", ""backend_environment""]","[""progress_cost"", ""compilation_portability"", ""estimator_mitigation"", ""continuation_optimizer""]",2.542e-06,offline_counterfactual_analysis,0.18284294270849075,0.10674008151904926,0.013343750000003318,True,False,resq_first_classical_second,replay,ibm_fez,heron-r2,ibm_fez,s1_semantic_backend,compact_nested
False,True,4,True,5q-ibm_fez-block-02,"{""audit_provenance_bytes"": 408, ""backend_environment_bytes"": 4903, ""compilation_portability_bytes"": 2721, ""continuation_optimizer_bytes"": 588, ""estimator_mitigation_bytes"": 328, ""progress_cost_bytes"": 313, ""semantic_identity_bytes"": 424, ""total_decision_evidence_bytes"": 8048}",3.025e-05,1.0208e-05,5q-ibm_fez-block-02,"[""semantic_identity"", ""backend_environment"", ""compilation_portability""]","[""progress_cost"", ""estimator_mitigation"", ""continuation_optimizer""]",2.708e-06,offline_counterfactual_analysis,0.18284294270849075,0.10674008151904926,0.013343750000003318,True,False,resq_first_classical_second,replay,ibm_fez,heron-r2,ibm_fez,s2_add_portability,compact_nested
False,True,4,True,5q-ibm_fez-block-02,"{""audit_provenance_bytes"": 408, ""backend_environment_bytes"": 4903, ""compilation_portability_bytes"": 2721, ""continuation_optimizer_bytes"": 588, ""estimator_mitigation_bytes"": 328, ""progress_cost_bytes"": 313, ""semantic_identity_bytes"": 424, ""total_decision_evidence_bytes"": 8376}",3.225e-05,1.05e-05,5q-ibm_fez-block-02,"[""semantic_identity"", ""backend_environment"", ""compilation_portability"", ""estimator_mitigation""]","[""progress_cost"", ""continuation_optimizer""]",2.834e-06,offline_counterfactual_analysis,0.18284294270849075,0.10674008151904926,0.013343750000003318,True,False,resq_first_classical_second,replay,ibm_fez,heron-r2,ibm_fez,s3_add_estimator,compact_nested
False,True,4,True,5q-ibm_fez-block-02,"{""audit_provenance_bytes"": 408, ""backend_environment_bytes"": 4903, ""compilation_portability_bytes"": 2721, ""continuation_optimizer_bytes"": 588, ""estimator_mitigation_bytes"": 328, ""progress_cost_bytes"": 313, ""semantic_identity_bytes"": 424, ""total_decision_evidence_bytes"": 8964}",4.2583e-05,1.0375e-05,5q-ibm_fez-block-02,"[""semantic_identity"", ""backend_environment"", ""compilation_portability"", ""estimator_mitigation"", ""continuation_optimizer""]","[""progress_cost""]",2.666e-06,offline_counterfactual_analysis,0.18284294270849075,0.10674008151904926,0.013343750000003318,True,False,resq_first_classical_second,replay,ibm_fez,heron-r2,ibm_fez,s4_add_continuation,compact_nested
False,True,4,True,5q-ibm_fez-block-02,"{""audit_provenance_bytes"": 408, ""backend_environment_bytes"": 4903, ""compilation_portability_bytes"": 2721, ""continuation_optimizer_bytes"": 588, ""estimator_mitigation_bytes"": 328, ""progress_cost_bytes"": 313, ""semantic_identity_bytes"": 424, ""total_decision_evidence_bytes"": 9277}",3.6625e-05,1.0167e-05,5q-ibm_fez-block-02,"[""semantic_identity"", ""progress_cost"", ""compilation_portability"", ""backend_environment"", ""estimator_mitigation"", ""continuation_optimizer""]",[],2.667e-06,offline_counterfactual_analysis,0.18284294270849075,0.10674008151904926,0.013343750000003318,True,False,resq_first_classical_second,replay,ibm_fez,heron-r2,ibm_fez,s5_add_progress,compact_nested
False,True,6,True,5q-ibm_fez-block-02,"{""audit_provenance_bytes"": 408, ""backend_environment_bytes"": 4903, ""compilation_portability_bytes"": 2721, ""continuation_optimizer_bytes"": 588, ""estimator_mitigation_bytes"": 328, ""progress_cost_bytes"": 313, ""semantic_identity_bytes"": 424, ""total_decision_evidence_bytes"": 9277}",6.0916e-05,1.7041e-05,5q-ibm_fez-block-02,"[""semantic_identity"", ""progress_cost"", ""compilation_portability"", ""backend_environment"", ""estimator_mitigation"", ""continuation_optimizer""]",[],4.167e-06,offline_counterfactual_analysis,0.18284294270849075,0.10674008151904926,0.013343750000003318,True,False,resq_first_classical_second,replay,ibm_fez,heron-r2,ibm_fez,full,full
False,False,6,False,5q-ibm_fez-block-02,"{""audit_provenance_bytes"": 408, ""backend_environment_bytes"": 4903, ""compilation_portability_bytes"": 2721, ""continuation_optimizer_bytes"": 588, ""estimator_mitigation_bytes"": 328, ""progress_cost_bytes"": 313, ""semantic_identity_bytes"": 424, ""total_decision_evidence_bytes"": 8853}",4.2834e-05,2.09e-07,5q-ibm_fez-block-02,"[""progress_cost"", ""compilation_portability"", ""backend_environment"", ""estimator_mitigation"", ""continuation_optimizer""]","[""semantic_identity""]",8.3e-08,offline_counterfactual_analysis,,,,False,,resq_first_classical_second,block,,heron-r2,ibm_fez,full_minus_semantic_identity,leave_one_out
False,True,6,True,5q-ibm_fez-block-02,"{""audit_provenance_bytes"": 408, ""backend_environment_bytes"": 4903, ""compilation_portability_bytes"": 2721, ""continuation_optimizer_bytes"": 588, ""estimator_mitigation_bytes"": 328, ""progress_cost_bytes"": 313, ""semantic_identity_bytes"": 424, ""total_decision_evidence_bytes"": 8964}",3.6417e-05,1.2167e-05,5q-ibm_fez-block-02,"[""semantic_identity"", ""compilation_portability"", ""backend_environment"", ""estimator_mitigation"", ""continuation_optimizer""]","[""progress_cost""]",3.334e-06,offline_counterfactual_analysis,0.18284294270849075,0.10674008151904926,0.013343750000003318,True,False,resq_first_classical_second,replay,ibm_fez,heron-r2,ibm_fez,full_minus_progress_cost,leave_one_out
False,True,6,True,5q-ibm_fez-block-02,"{""audit_provenance_bytes"": 408, ""backend_environment_bytes"": 4903, ""compilation_portability_bytes"": 2721, ""continuation_optimizer_bytes"": 588, ""estimator_mitigation_bytes"": 328, ""progress_cost_bytes"": 313, ""semantic_identity_bytes"": 424, ""total_decision_evidence_bytes"": 6556}",2.6084e-05,1.1e-05,5q-ibm_fez-block-02,"[""semantic_identity"", ""progress_cost"", ""backend_environment"", ""estimator_mitigation"", ""continuation_optimizer""]","[""compilation_portability""]",2.75e-06,offline_counterfactual_analysis,0.18284294270849075,0.10674008151904926,0.013343750000003318,True,False,resq_first_classical_second,replay,ibm_fez,heron-r2,ibm_fez,full_minus_compilation_portability,leave_one_out
False,False,6,False,5q-ibm_fez-block-02,"{""audit_provenance_bytes"": 408, ""backend_environment_bytes"": 4903, ""compilation_portability_bytes"": 2721, ""continuation_optimizer_bytes"": 588, ""estimator_mitigation_bytes"": 328, ""progress_cost_bytes"": 313, ""semantic_identity_bytes"": 424, ""total_decision_evidence_bytes"": 4374}",1.9041e-05,2.5e-07,5q-ibm_fez-block-02,"[""semantic_identity"", ""progress_cost"", ""compilation_portability"", ""estimator_mitigation"", ""continuation_optimizer""]","[""backend_environment""]",4.2e-08,offline_counterfactual_analysis,,,,False,,resq_first_classical_second,block,,heron-r2,ibm_fez,full_minus_backend_environment,leave_one_out
False,True,6,True,5q-ibm_fez-block-02,"{""audit_provenance_bytes"": 408, ""backend_environment_bytes"": 4903, ""compilation_portability_bytes"": 2721, ""continuation_optimizer_bytes"": 588, ""estimator_mitigation_bytes"": 328, ""progress_cost_bytes"": 313, ""semantic_identity_bytes"": 424, ""total_decision_evidence_bytes"": 8949}",3.4584e-05,1.0708e-05,5q-ibm_fez-block-02,"[""semantic_identity"", ""progress_cost"", ""compilation_portability"", ""backend_environment"", ""continuation_optimizer""]","[""estimator_mitigation""]",2.917e-06,offline_counterfactual_analysis,0.18284294270849075,0.10674008151904926,0.013343750000003318,True,False,resq_first_classical_second,replay,ibm_fez,heron-r2,ibm_fez,full_minus_estimator_mitigation,leave_one_out
False,True,6,True,5q-ibm_fez-block-02,"{""audit_provenance_bytes"": 408, ""backend_environment_bytes"": 4903, ""compilation_portability_bytes"": 2721, ""continuation_optimizer_bytes"": 588, ""estimator_mitigation_bytes"": 328, ""progress_cost_bytes"": 313, ""semantic_identity_bytes"": 424, ""total_decision_evidence_bytes"": 8689}",3.45e-05,1.0708e-05,5q-ibm_fez-block-02,"[""semantic_identity"", ""progress_cost"", ""compilation_portability"", ""backend_environment"", ""estimator_mitigation""]","[""continuation_optimizer""]",3.083e-06,offline_counterfactual_analysis,0.18284294270849075,0.10674008151904926,0.013343750000003318,True,False,resq_first_classical_second,replay,ibm_fez,heron-r2,ibm_fez,full_minus_continuation_optimizer,leave_one_out
False,False,6,False,5q-ibm_fez-block-02,"{""audit_provenance_bytes"": 408, ""backend_environment_bytes"": 4903, ""compilation_portability_bytes"": 2721, ""continuation_optimizer_bytes"": 588, ""estimator_mitigation_bytes"": 328, ""progress_cost_bytes"": 313, ""semantic_identity_bytes"": 424, ""total_decision_evidence_bytes"": 424}",2.292e-06,1.66e-07,5q-ibm_fez-block-02,"[""semantic_identity""]","[""progress_cost"", ""compilation_portability"", ""backend_environment"", ""estimator_mitigation"", ""continuation_optimizer""]",0.0,offline_counterfactual_analysis,,,,False,,resq_first_classical_second,block,,heron-r2,ibm_fez,s0_semantic,compact_nested
False,True,6,True,5q-ibm_fez-block-02,"{""audit_provenance_bytes"": 408, ""backend_environment_bytes"": 4903, ""compilation_portability_bytes"": 2721, ""continuation_optimizer_bytes"": 588, ""estimator_mitigation_bytes"": 328, ""progress_cost_bytes"": 313, ""semantic_identity_bytes"": 424, ""total_decision_evidence_bytes"": 5327}",2e-05,1.0292e-05,5q-ibm_fez-block-02,"[""semantic_identity"", ""backend_environment""]","[""progress_cost"", ""compilation_portability"", ""estimator_mitigation"", ""continuation_optimizer""]",2.625e-06,offline_counterfactual_analysis,0.18284294270849075,0.10674008151904926,0.013343750000003318,True,False,resq_first_classical_second,replay,ibm_fez,heron-r2,ibm_fez,s1_semantic_backend,compact_nested
False,True,6,True,5q-ibm_fez-block-02,"{""audit_provenance_bytes"": 408, ""backend_environment_bytes"": 4903, ""compilation_portability_bytes"": 2721, ""continuation_optimizer_bytes"": 588, ""estimator_mitigation_bytes"": 328, ""progress_cost_bytes"": 313, ""semantic_identity_bytes"": 424, ""total_decision_evidence_bytes"": 8048}",3.0875e-05,1.0792e-05,5q-ibm_fez-block-02,"[""semantic_identity"", ""backend_environment"", ""compilation_portability""]","[""progress_cost"", ""estimator_mitigation"", ""continuation_optimizer""]",2.875e-06,offline_counterfactual_analysis,0.18284294270849075,0.10674008151904926,0.013343750000003318,True,False,resq_first_classical_second,replay,ibm_fez,heron-r2,ibm_fez,s2_add_portability,compact_nested
False,True,6,True,5q-ibm_fez-block-02,"{""audit_provenance_bytes"": 408, ""backend_environment_bytes"": 4903, ""compilation_portability_bytes"": 2721, ""continuation_optimizer_bytes"": 588, ""estimator_mitigation_bytes"": 328, ""progress_cost_bytes"": 313, ""semantic_identity_bytes"": 424, ""total_decision_evidence_bytes"": 8376}",3.4167e-05,1.0708e-05,5q-ibm_fez-block-02,"[""semantic_identity"", ""backend_environment"", ""compilation_portability"", ""estimator_mitigation""]","[""progress_cost"", ""continuation_optimizer""]",2.875e-06,offline_counterfactual_analysis,0.18284294270849075,0.10674008151904926,0.013343750000003318,True,False,resq_first_classical_second,replay,ibm_fez,heron-r2,ibm_fez,s3_add_estimator,compact_nested
False,True,6,True,5q-ibm_fez-block-02,"{""audit_provenance_bytes"": 408, ""backend_environment_bytes"": 4903, ""compilation_portability_bytes"": 2721, ""continuation_optimizer_bytes"": 588, ""estimator_mitigation_bytes"": 328, ""progress_cost_bytes"": 313, ""semantic_identity_bytes"": 424, ""total_decision_evidence_bytes"": 8964}",3.4417e-05,1.0625e-05,5q-ibm_fez-block-02,"[""semantic_identity"", ""backend_environment"", ""compilation_portability"", ""estimator_mitigation"", ""continuation_optimizer""]","[""progress_cost""]",2.791e-06,offline_counterfactual_analysis,0.18284294270849075,0.10674008151904926,0.013343750000003318,True,False,resq_first_classical_second,replay,ibm_fez,heron-r2,ibm_fez,s4_add_continuation,compact_nested
False,True,6,True,5q-ibm_fez-block-02,"{""audit_provenance_bytes"": 408, ""backend_environment_bytes"": 4903, ""compilation_portability_bytes"": 2721, ""continuation_optimizer_bytes"": 588, ""estimator_mitigation_bytes"": 328, ""progress_cost_bytes"": 313, ""semantic_identity_bytes"": 424, ""total_decision_evidence_bytes"": 9277}",3.6542e-05,1.0416e-05,5q-ibm_fez-block-02,"[""semantic_identity"", ""progress_cost"", ""compilation_portability"", ""backend_environment"", ""estimator_mitigation"", ""continuation_optimizer""]",[],2.708e-06,offline_counterfactual_analysis,0.18284294270849075,0.10674008151904926,0.013343750000003318,True,False,resq_first_classical_second,replay,ibm_fez,heron-r2,ibm_fez,s5_add_progress,compact_nested
False,True,2,True,5q-ibm_pittsburgh-block-00,"{""audit_provenance_bytes"": 408, ""backend_environment_bytes"": 4903, ""compilation_portability_bytes"": 2721, ""continuation_optimizer_bytes"": 588, ""estimator_mitigation_bytes"": 328, ""progress_cost_bytes"": 313, ""semantic_identity_bytes"": 424, ""total_decision_evidence_bytes"": 9277}",6.8209e-05,1.7084e-05,5q-ibm_pittsburgh-block-00,"[""semantic_identity"", ""progress_cost"", ""compilation_portability"", ""backend_environment"", ""estimator_mitigation"", ""continuation_optimizer""]",[],4.291e-06,offline_counterfactual_analysis,0.13348888952725094,0.41649463642217627,0.065500000000001,True,True,resq_first_classical_second,replay,ibm_pittsburgh,heron-r3,ibm_pittsburgh,full,full
False,False,2,False,5q-ibm_pittsburgh-block-00,"{""audit_provenance_bytes"": 408, ""backend_environment_bytes"": 4903, ""compilation_portability_bytes"": 2721, ""continuation_optimizer_bytes"": 588, ""estimator_mitigation_bytes"": 328, ""progress_cost_bytes"": 313, ""semantic_identity_bytes"": 424, ""total_decision_evidence_bytes"": 8853}",0.000121125,1.67e-07,5q-ibm_pittsburgh-block-00,"[""progress_cost"", ""compilation_portability"", ""backend_environment"", ""estimator_mitigation"", ""continuation_optimizer""]","[""semantic_identity""]",8.3e-08,offline_counterfactual_analysis,,,,False,,resq_first_classical_second,block,,heron-r3,ibm_pittsburgh,full_minus_semantic_identity,leave_one_out
False,True,2,True,5q-ibm_pittsburgh-block-00,"{""audit_provenance_bytes"": 408, ""backend_environment_bytes"": 4903, ""compilation_portability_bytes"": 2721, ""continuation_optimizer_bytes"": 588, ""estimator_mitigation_bytes"": 328, ""progress_cost_bytes"": 313, ""semantic_identity_bytes"": 424, ""total_decision_evidence_bytes"": 8964}",3.6417e-05,1.2542e-05,5q-ibm_pittsburgh-block-00,"[""semantic_identity"", ""compilation_portability"", ""backend_environment"", ""estimator_mitigation"", ""continuation_optimizer""]","[""progress_cost""]",3.375e-06,offline_counterfactual_analysis,0.13348888952725094,0.41649463642217627,0.065500000000001,True,True,resq_first_classical_second,replay,ibm_pittsburgh,heron-r3,ibm_pittsburgh,full_minus_progress_cost,leave_one_out
False,True,2,True,5q-ibm_pittsburgh-block-00,"{""audit_provenance_bytes"": 408, ""backend_environment_bytes"": 4903, ""compilation_portability_bytes"": 2721, ""continuation_optimizer_bytes"": 588, ""estimator_mitigation_bytes"": 328, ""progress_cost_bytes"": 313, ""semantic_identity_bytes"": 424, ""total_decision_evidence_bytes"": 6556}",2.6292e-05,1.1541e-05,5q-ibm_pittsburgh-block-00,"[""semantic_identity"", ""progress_cost"", ""backend_environment"", ""estimator_mitigation"", ""continuation_optimizer""]","[""compilation_portability""]",2.916e-06,offline_counterfactual_analysis,0.13348888952725094,0.41649463642217627,0.065500000000001,True,True,resq_first_classical_second,replay,ibm_pittsburgh,heron-r3,ibm_pittsburgh,full_minus_compilation_portability,leave_one_out
False,False,2,False,5q-ibm_pittsburgh-block-00,"{""audit_provenance_bytes"": 408, ""backend_environment_bytes"": 4903, ""compilation_portability_bytes"": 2721, ""continuation_optimizer_bytes"": 588, ""estimator_mitigation_bytes"": 328, ""progress_cost_bytes"": 313, ""semantic_identity_bytes"": 424, ""total_decision_evidence_bytes"": 4374}",1.8542e-05,2.5e-07,5q-ibm_pittsburgh-block-00,"[""semantic_identity"", ""progress_cost"", ""compilation_portability"", ""estimator_mitigation"", ""continuation_optimizer""]","[""backend_environment""]",8.3e-08,offline_counterfactual_analysis,,,,False,,resq_first_classical_second,block,,heron-r3,ibm_pittsburgh,full_minus_backend_environment,leave_one_out
False,True,2,True,5q-ibm_pittsburgh-block-00,"{""audit_provenance_bytes"": 408, ""backend_environment_bytes"": 4903, ""compilation_portability_bytes"": 2721, ""continuation_optimizer_bytes"": 588, ""estimator_mitigation_bytes"": 328, ""progress_cost_bytes"": 313, ""semantic_identity_bytes"": 424, ""total_decision_evidence_bytes"": 8949}",3.4958e-05,1.1375e-05,5q-ibm_pittsburgh-block-00,"[""semantic_identity"", ""progress_cost"", ""compilation_portability"", ""backend_environment"", ""continuation_optimizer""]","[""estimator_mitigation""]",3e-06,offline_counterfactual_analysis,0.13348888952725094,0.41649463642217627,0.065500000000001,True,True,resq_first_classical_second,replay,ibm_pittsburgh,heron-r3,ibm_pittsburgh,full_minus_estimator_mitigation,leave_one_out
False,True,2,True,5q-ibm_pittsburgh-block-00,"{""audit_provenance_bytes"": 408, ""backend_environment_bytes"": 4903, ""compilation_portability_bytes"": 2721, ""continuation_optimizer_bytes"": 588, ""estimator_mitigation_bytes"": 328, ""progress_cost_bytes"": 313, ""semantic_identity_bytes"": 424, ""total_decision_evidence_bytes"": 8689}",3.4417e-05,1.0917e-05,5q-ibm_pittsburgh-block-00,"[""semantic_identity"", ""progress_cost"", ""compilation_portability"", ""backend_environment"", ""estimator_mitigation""]","[""continuation_optimizer""]",2.792e-06,offline_counterfactual_analysis,0.13348888952725094,0.41649463642217627,0.065500000000001,True,True,resq_first_classical_second,replay,ibm_pittsburgh,heron-r3,ibm_pittsburgh,full_minus_continuation_optimizer,leave_one_out
False,False,2,False,5q-ibm_pittsburgh-block-00,"{""audit_provenance_bytes"": 408, ""backend_environment_bytes"": 4903, ""compilation_portability_bytes"": 2721, ""continuation_optimizer_bytes"": 588, ""estimator_mitigation_bytes"": 328, ""progress_cost_bytes"": 313, ""semantic_identity_bytes"": 424, ""total_decision_evidence_bytes"": 424}",2.166e-06,1.67e-07,5q-ibm_pittsburgh-block-00,"[""semantic_identity""]","[""progress_cost"", ""compilation_portability"", ""backend_environment"", ""estimator_mitigation"", ""continuation_optimizer""]",8.3e-08,offline_counterfactual_analysis,,,,False,,resq_first_classical_second,block,,heron-r3,ibm_pittsburgh,s0_semantic,compact_nested
False,True,2,True,5q-ibm_pittsburgh-block-00,"{""audit_provenance_bytes"": 408, ""backend_environment_bytes"": 4903, ""compilation_portability_bytes"": 2721, ""continuation_optimizer_bytes"": 588, ""estimator_mitigation_bytes"": 328, ""progress_cost_bytes"": 313, ""semantic_identity_bytes"": 424, ""total_decision_evidence_bytes"": 5327}",1.9416e-05,1.0708e-05,5q-ibm_pittsburgh-block-00,"[""semantic_identity"", ""backend_environment""]","[""progress_cost"", ""compilation_portability"", ""estimator_mitigation"", ""continuation_optimizer""]",2.75e-06,offline_counterfactual_analysis,0.13348888952725094,0.41649463642217627,0.065500000000001,True,True,resq_first_classical_second,replay,ibm_pittsburgh,heron-r3,ibm_pittsburgh,s1_semantic_backend,compact_nested
False,True,2,True,5q-ibm_pittsburgh-block-00,"{""audit_provenance_bytes"": 408, ""backend_environment_bytes"": 4903, ""compilation_portability_bytes"": 2721, ""continuation_optimizer_bytes"": 588, ""estimator_mitigation_bytes"": 328, ""progress_cost_bytes"": 313, ""semantic_identity_bytes"": 424, ""total_decision_evidence_bytes"": 8048}",3.0375e-05,1.05e-05,5q-ibm_pittsburgh-block-00,"[""semantic_identity"", ""backend_environment"", ""compilation_portability""]","[""progress_cost"", ""estimator_mitigation"", ""continuation_optimizer""]",2.75e-06,offline_counterfactual_analysis,0.13348888952725094,0.41649463642217627,0.065500000000001,True,True,resq_first_classical_second,replay,ibm_pittsburgh,heron-r3,ibm_pittsburgh,s2_add_portability,compact_nested
False,True,2,True,5q-ibm_pittsburgh-block-00,"{""audit_provenance_bytes"": 408, ""backend_environment_bytes"": 4903, ""compilation_portability_bytes"": 2721, ""continuation_optimizer_bytes"": 588, ""estimator_mitigation_bytes"": 328, ""progress_cost_bytes"": 313, ""semantic_identity_bytes"": 424, ""total_decision_evidence_bytes"": 8376}",3.3458e-05,1.0292e-05,5q-ibm_pittsburgh-block-00,"[""semantic_identity"", ""backend_environment"", ""compilation_portability"", ""estimator_mitigation""]","[""progress_cost"", ""continuation_optimizer""]",2.875e-06,offline_counterfactual_analysis,0.13348888952725094,0.41649463642217627,0.065500000000001,True,True,resq_first_classical_second,replay,ibm_pittsburgh,heron-r3,ibm_pittsburgh,s3_add_estimator,compact_nested
False,True,2,True,5q-ibm_pittsburgh-block-00,"{""audit_provenance_bytes"": 408, ""backend_environment_bytes"": 4903, ""compilation_portability_bytes"": 2721, ""continuation_optimizer_bytes"": 588, ""estimator_mitigation_bytes"": 328, ""progress_cost_bytes"": 313, ""semantic_identity_bytes"": 424, ""total_decision_evidence_bytes"": 8964}",3.4791e-05,1.0833e-05,5q-ibm_pittsburgh-block-00,"[""semantic_identity"", ""backend_environment"", ""compilation_portability"", ""estimator_mitigation"", ""continuation_optimizer""]","[""progress_cost""]",2.75e-06,offline_counterfactual_analysis,0.13348888952725094,0.41649463642217627,0.065500000000001,True,True,resq_first_classical_second,replay,ibm_pittsburgh,heron-r3,ibm_pittsburgh,s4_add_continuation,compact_nested
False,True,2,True,5q-ibm_pittsburgh-block-00,"{""audit_provenance_bytes"": 408, ""backend_environment_bytes"": 4903, ""compilation_portability_bytes"": 2721, ""continuation_optimizer_bytes"": 588, ""estimator_mitigation_bytes"": 328, ""progress_cost_bytes"": 313, ""semantic_identity_bytes"": 424, ""total_decision_evidence_bytes"": 9277}",3.6125e-05,1.075e-05,5q-ibm_pittsburgh-block-00,"[""semantic_identity"", ""progress_cost"", ""compilation_portability"", ""backend_environment"", ""estimator_mitigation"", ""continuation_optimizer""]",[],2.708e-06,offline_counterfactual_analysis,0.13348888952725094,0.41649463642217627,0.065500000000001,True,True,resq_first_classical_second,replay,ibm_pittsburgh,heron-r3,ibm_pittsburgh,s5_add_progress,compact_nested
False,True,4,True,5q-ibm_pittsburgh-block-00,"{""audit_provenance_bytes"": 408, ""backend_environment_bytes"": 4903, ""compilation_portability_bytes"": 2721, ""continuation_optimizer_bytes"": 588, ""estimator_mitigation_bytes"": 328, ""progress_cost_bytes"": 313, ""semantic_identity_bytes"": 424, ""total_decision_evidence_bytes"": 9277}",5.175e-05,1.6958e-05,5q-ibm_pittsburgh-block-00,"[""semantic_identity"", ""progress_cost"", ""compilation_portability"", ""backend_environment"", ""estimator_mitigation"", ""continuation_optimizer""]",[],4.333e-06,offline_counterfactual_analysis,0.13348888952725094,0.41649463642217627,0.065500000000001,True,True,resq_first_classical_second,replay,ibm_pittsburgh,heron-r3,ibm_pittsburgh,full,full
False,False,4,False,5q-ibm_pittsburgh-block-00,"{""audit_provenance_bytes"": 408, ""backend_environment_bytes"": 4903, ""compilation_portability_bytes"": 2721, ""continuation_optimizer_bytes"": 588, ""estimator_mitigation_bytes"": 328, ""progress_cost_bytes"": 313, ""semantic_identity_bytes"": 424, ""total_decision_evidence_bytes"": 8853}",4.0834e-05,2.09e-07,5q-ibm_pittsburgh-block-00,"[""progress_cost"", ""compilation_portability"", ""backend_environment"", ""estimator_mitigation"", ""continuation_optimizer""]","[""semantic_identity""]",8.3e-08,offline_counterfactual_analysis,,,,False,,resq_first_classical_second,block,,heron-r3,ibm_pittsburgh,full_minus_semantic_identity,leave_one_out
False,True,4,True,5q-ibm_pittsburgh-block-00,"{""audit_provenance_bytes"": 408, ""backend_environment_bytes"": 4903, ""compilation_portability_bytes"": 2721, ""continuation_optimizer_bytes"": 588, ""estimator_mitigation_bytes"": 328, ""progress_cost_bytes"": 313, ""semantic_identity_bytes"": 424, ""total_decision_evidence_bytes"": 8964}",3.7375e-05,1.2459e-05,5q-ibm_pittsburgh-block-00,"[""semantic_identity"", ""compilation_portability"", ""backend_environment"", ""estimator_mitigation"", ""continuation_optimizer""]","[""progress_cost""]",3.333e-06,offline_counterfactual_analysis,0.13348888952725094,0.41649463642217627,0.065500000000001,True,True,resq_first_classical_second,replay,ibm_pittsburgh,heron-r3,ibm_pittsburgh,full_minus_progress_cost,leave_one_out
False,True,4,True,5q-ibm_pittsburgh-block-00,"{""audit_provenance_bytes"": 408, ""backend_environment_bytes"": 4903, ""compilation_portability_bytes"": 2721, ""continuation_optimizer_bytes"": 588, ""estimator_mitigation_bytes"": 328, ""progress_cost_bytes"": 313, ""semantic_identity_bytes"": 424, ""total_decision_evidence_bytes"": 6556}",2.6834e-05,1.1292e-05,5q-ibm_pittsburgh-block-00,"[""semantic_identity"", ""progress_cost"", ""backend_environment"", ""estimator_mitigation"", ""continuation_optimizer""]","[""compilation_portability""]",2.792e-06,offline_counterfactual_analysis,0.13348888952725094,0.41649463642217627,0.065500000000001,True,True,resq_first_classical_second,replay,ibm_pittsburgh,heron-r3,ibm_pittsburgh,full_minus_compilation_portability,leave_one_out
False,False,4,False,5q-ibm_pittsburgh-block-00,"{""audit_provenance_bytes"": 408, ""backend_environment_bytes"": 4903, ""compilation_portability_bytes"": 2721, ""continuation_optimizer_bytes"": 588, ""estimator_mitigation_bytes"": 328, ""progress_cost_bytes"": 313, ""semantic_identity_bytes"": 424, ""total_decision_evidence_bytes"": 4374}",1.9333e-05,1.67e-07,5q-ibm_pittsburgh-block-00,"[""semantic_identity"", ""progress_cost"", ""compilation_portability"", ""estimator_mitigation"", ""continuation_optimizer""]","[""backend_environment""]",8.4e-08,offline_counterfactual_analysis,,,,False,,resq_first_classical_second,block,,heron-r3,ibm_pittsburgh,full_minus_backend_environment,leave_one_out
False,True,4,True,5q-ibm_pittsburgh-block-00,"{""audit_provenance_bytes"": 408, ""backend_environment_bytes"": 4903, ""compilation_portability_bytes"": 2721, ""continuation_optimizer_bytes"": 588, ""estimator_mitigation_bytes"": 328, ""progress_cost_bytes"": 313, ""semantic_identity_bytes"": 424, ""total_decision_evidence_bytes"": 8949}",3.5084e-05,1.0958e-05,5q-ibm_pittsburgh-block-00,"[""semantic_identity"", ""progress_cost"", ""compilation_portability"", ""backend_environment"", ""continuation_optimizer""]","[""estimator_mitigation""]",2.834e-06,offline_counterfactual_analysis,0.13348888952725094,0.41649463642217627,0.065500000000001,True,True,resq_first_classical_second,replay,ibm_pittsburgh,heron-r3,ibm_pittsburgh,full_minus_estimator_mitigation,leave_one_out
False,True,4,True,5q-ibm_pittsburgh-block-00,"{""audit_provenance_bytes"": 408, ""backend_environment_bytes"": 4903, ""compilation_portability_bytes"": 2721, ""continuation_optimizer_bytes"": 588, ""estimator_mitigation_bytes"": 328, ""progress_cost_bytes"": 313, ""semantic_identity_bytes"": 424, ""total_decision_evidence_bytes"": 8689}",3.4583e-05,1.0584e-05,5q-ibm_pittsburgh-block-00,"[""semantic_identity"", ""progress_cost"", ""compilation_portability"", ""backend_environment"", ""estimator_mitigation""]","[""continuation_optimizer""]",2.833e-06,offline_counterfactual_analysis,0.13348888952725094,0.41649463642217627,0.065500000000001,True,True,resq_first_classical_second,replay,ibm_pittsburgh,heron-r3,ibm_pittsburgh,full_minus_continuation_optimizer,leave_one_out
False,False,4,False,5q-ibm_pittsburgh-block-00,"{""audit_provenance_bytes"": 408, ""backend_environment_bytes"": 4903, ""compilation_portability_bytes"": 2721, ""continuation_optimizer_bytes"": 588, ""estimator_mitigation_bytes"": 328, ""progress_cost_bytes"": 313, ""semantic_identity_bytes"": 424, ""total_decision_evidence_bytes"": 424}",2.209e-06,1.67e-07,5q-ibm_pittsburgh-block-00,"[""semantic_identity""]","[""progress_cost"", ""compilation_portability"", ""backend_environment"", ""estimator_mitigation"", ""continuation_optimizer""]",4.2e-08,offline_counterfactual_analysis,,,,False,,resq_first_classical_second,block,,heron-r3,ibm_pittsburgh,s0_semantic,compact_nested
False,True,4,True,5q-ibm_pittsburgh-block-00,"{""audit_provenance_bytes"": 408, ""backend_environment_bytes"": 4903, ""compilation_portability_bytes"": 2721, ""continuation_optimizer_bytes"": 588, ""estimator_mitigation_bytes"": 328, ""progress_cost_bytes"": 313, ""semantic_identity_bytes"": 424, ""total_decision_evidence_bytes"": 5327}",1.9541e-05,1.0375e-05,5q-ibm_pittsburgh-block-00,"[""semantic_identity"", ""backend_environment""]","[""progress_cost"", ""compilation_portability"", ""estimator_mitigation"", ""continuation_optimizer""]",2.833e-06,offline_counterfactual_analysis,0.13348888952725094,0.41649463642217627,0.065500000000001,True,True,resq_first_classical_second,replay,ibm_pittsburgh,heron-r3,ibm_pittsburgh,s1_semantic_backend,compact_nested
False,True,4,True,5q-ibm_pittsburgh-block-00,"{""audit_provenance_bytes"": 408, ""backend_environment_bytes"": 4903, ""compilation_portability_bytes"": 2721, ""continuation_optimizer_bytes"": 588, ""estimator_mitigation_bytes"": 328, ""progress_cost_bytes"": 313, ""semantic_identity_bytes"": 424, ""total_decision_evidence_bytes"": 8048}",3.0916e-05,1.0292e-05,5q-ibm_pittsburgh-block-00,"[""semantic_identity"", ""backend_environment"", ""compilation_portability""]","[""progress_cost"", ""estimator_mitigation"", ""continuation_optimizer""]",2.667e-06,offline_counterfactual_analysis,0.13348888952725094,0.41649463642217627,0.065500000000001,True,True,resq_first_classical_second,replay,ibm_pittsburgh,heron-r3,ibm_pittsburgh,s2_add_portability,compact_nested
False,True,4,True,5q-ibm_pittsburgh-block-00,"{""audit_provenance_bytes"": 408, ""backend_environment_bytes"": 4903, ""compilation_portability_bytes"": 2721, ""continuation_optimizer_bytes"": 588, ""estimator_mitigation_bytes"": 328, ""progress_cost_bytes"": 313, ""semantic_identity_bytes"": 424, ""total_decision_evidence_bytes"": 8376}",3.3791e-05,1.025e-05,5q-ibm_pittsburgh-block-00,"[""semantic_identity"", ""backend_environment"", ""compilation_portability"", ""estimator_mitigation""]","[""progress_cost"", ""continuation_optimizer""]",2.75e-06,offline_counterfactual_analysis,0.13348888952725094,0.41649463642217627,0.065500000000001,True,True,resq_first_classical_second,replay,ibm_pittsburgh,heron-r3,ibm_pittsburgh,s3_add_estimator,compact_nested
False,True,4,True,5q-ibm_pittsburgh-block-00,"{""audit_provenance_bytes"": 408, ""backend_environment_bytes"": 4903, ""compilation_portability_bytes"": 2721, ""continuation_optimizer_bytes"": 588, ""estimator_mitigation_bytes"": 328, ""progress_cost_bytes"": 313, ""semantic_identity_bytes"": 424, ""total_decision_evidence_bytes"": 8964}",3.5459e-05,1.0417e-05,5q-ibm_pittsburgh-block-00,"[""semantic_identity"", ""backend_environment"", ""compilation_portability"", ""estimator_mitigation"", ""continuation_optimizer""]","[""progress_cost""]",2.625e-06,offline_counterfactual_analysis,0.13348888952725094,0.41649463642217627,0.065500000000001,True,True,resq_first_classical_second,replay,ibm_pittsburgh,heron-r3,ibm_pittsburgh,s4_add_continuation,compact_nested
False,True,4,True,5q-ibm_pittsburgh-block-00,"{""audit_provenance_bytes"": 408, ""backend_environment_bytes"": 4903, ""compilation_portability_bytes"": 2721, ""continuation_optimizer_bytes"": 588, ""estimator_mitigation_bytes"": 328, ""progress_cost_bytes"": 313, ""semantic_identity_bytes"": 424, ""total_decision_evidence_bytes"": 9277}",3.7209e-05,1.0167e-05,5q-ibm_pittsburgh-block-00,"[""semantic_identity"", ""progress_cost"", ""compilation_portability"", ""backend_environment"", ""estimator_mitigation"", ""continuation_optimizer""]",[],2.667e-06,offline_counterfactual_analysis,0.13348888952725094,0.41649463642217627,0.065500000000001,True,True,resq_first_classical_second,replay,ibm_pittsburgh,heron-r3,ibm_pittsburgh,s5_add_progress,compact_nested
False,True,6,True,5q-ibm_pittsburgh-block-00,"{""audit_provenance_bytes"": 408, ""backend_environment_bytes"": 4903, ""compilation_portability_bytes"": 2721, ""continuation_optimizer_bytes"": 588, ""estimator_mitigation_bytes"": 328, ""progress_cost_bytes"": 313, ""semantic_identity_bytes"": 424, ""total_decision_evidence_bytes"": 9277}",5.0625e-05,1.525e-05,5q-ibm_pittsburgh-block-00,"[""semantic_identity"", ""progress_cost"", ""compilation_portability"", ""backend_environment"", ""estimator_mitigation"", ""continuation_optimizer""]",[],4e-06,offline_counterfactual_analysis,0.13348888952725094,0.41649463642217627,0.065500000000001,True,True,resq_first_classical_second,replay,ibm_pittsburgh,heron-r3,ibm_pittsburgh,full,full
False,False,6,False,5q-ibm_pittsburgh-block-00,"{""audit_provenance_bytes"": 408, ""backend_environment_bytes"": 4903, ""compilation_portability_bytes"": 2721, ""continuation_optimizer_bytes"": 588, ""estimator_mitigation_bytes"": 328, ""progress_cost_bytes"": 313, ""semantic_identity_bytes"": 424, ""total_decision_evidence_bytes"": 8853}",3.9208e-05,2.5e-07,5q-ibm_pittsburgh-block-00,"[""progress_cost"", ""compilation_portability"", ""backend_environment"", ""estimator_mitigation"", ""continuation_optimizer""]","[""semantic_identity""]",8.4e-08,offline_counterfactual_analysis,,,,False,,resq_first_classical_second,block,,heron-r3,ibm_pittsburgh,full_minus_semantic_identity,leave_one_out
False,True,6,True,5q-ibm_pittsburgh-block-00,"{""audit_provenance_bytes"": 408, ""backend_environment_bytes"": 4903, ""compilation_portability_bytes"": 2721, ""continuation_optimizer_bytes"": 588, ""estimator_mitigation_bytes"": 328, ""progress_cost_bytes"": 313, ""semantic_identity_bytes"": 424, ""total_decision_evidence_bytes"": 8964}",3.7542e-05,1.2292e-05,5q-ibm_pittsburgh-block-00,"[""semantic_identity"", ""compilation_portability"", ""backend_environment"", ""estimator_mitigation"", ""continuation_optimizer""]","[""progress_cost""]",3.334e-06,offline_counterfactual_analysis,0.13348888952725094,0.41649463642217627,0.065500000000001,True,True,resq_first_classical_second,replay,ibm_pittsburgh,heron-r3,ibm_pittsburgh,full_minus_progress_cost,leave_one_out
False,True,6,True,5q-ibm_pittsburgh-block-00,"{""audit_provenance_bytes"": 408, ""backend_environment_bytes"": 4903, ""compilation_portability_bytes"": 2721, ""continuation_optimizer_bytes"": 588, ""estimator_mitigation_bytes"": 328, ""progress_cost_bytes"": 313, ""semantic_identity_bytes"": 424, ""total_decision_evidence_bytes"": 6556}",2.6667e-05,1.1167e-05,5q-ibm_pittsburgh-block-00,"[""semantic_identity"", ""progress_cost"", ""backend_environment"", ""estimator_mitigation"", ""continuation_optimizer""]","[""compilation_portability""]",2.834e-06,offline_counterfactual_analysis,0.13348888952725094,0.41649463642217627,0.065500000000001,True,True,resq_first_classical_second,replay,ibm_pittsburgh,heron-r3,ibm_pittsburgh,full_minus_compilation_portability,leave_one_out
False,False,6,False,5q-ibm_pittsburgh-block-00,"{""audit_provenance_bytes"": 408, ""backend_environment_bytes"": 4903, ""compilation_portability_bytes"": 2721, ""continuation_optimizer_bytes"": 588, ""estimator_mitigation_bytes"": 328, ""progress_cost_bytes"": 313, ""semantic_identity_bytes"": 424, ""total_decision_evidence_bytes"": 4374}",1.9166e-05,1.67e-07,5q-ibm_pittsburgh-block-00,"[""semantic_identity"", ""progress_cost"", ""compilation_portability"", ""estimator_mitigation"", ""continuation_optimizer""]","[""backend_environment""]",8.4e-08,offline_counterfactual_analysis,,,,False,,resq_first_classical_second,block,,heron-r3,ibm_pittsburgh,full_minus_backend_environment,leave_one_out
False,True,6,True,5q-ibm_pittsburgh-block-00,"{""audit_provenance_bytes"": 408, ""backend_environment_bytes"": 4903, ""compilation_portability_bytes"": 2721, ""continuation_optimizer_bytes"": 588, ""estimator_mitigation_bytes"": 328, ""progress_cost_bytes"": 313, ""semantic_identity_bytes"": 424, ""total_decision_evidence_bytes"": 8949}",3.4166e-05,1.1083e-05,5q-ibm_pittsburgh-block-00,"[""semantic_identity"", ""progress_cost"", ""compilation_portability"", ""backend_environment"", ""continuation_optimizer""]","[""estimator_mitigation""]",2.833e-06,offline_counterfactual_analysis,0.13348888952725094,0.41649463642217627,0.065500000000001,True,True,resq_first_classical_second,replay,ibm_pittsburgh,heron-r3,ibm_pittsburgh,full_minus_estimator_mitigation,leave_one_out
False,True,6,True,5q-ibm_pittsburgh-block-00,"{""audit_provenance_bytes"": 408, ""backend_environment_bytes"": 4903, ""compilation_portability_bytes"": 2721, ""continuation_optimizer_bytes"": 588, ""estimator_mitigation_bytes"": 328, ""progress_cost_bytes"": 313, ""semantic_identity_bytes"": 424, ""total_decision_evidence_bytes"": 8689}",3.3917e-05,1.0584e-05,5q-ibm_pittsburgh-block-00,"[""semantic_identity"", ""progress_cost"", ""compilation_portability"", ""backend_environment"", ""estimator_mitigation""]","[""continuation_optimizer""]",2.791e-06,offline_counterfactual_analysis,0.13348888952725094,0.41649463642217627,0.065500000000001,True,True,resq_first_classical_second,replay,ibm_pittsburgh,heron-r3,ibm_pittsburgh,full_minus_continuation_optimizer,leave_one_out
False,False,6,False,5q-ibm_pittsburgh-block-00,"{""audit_provenance_bytes"": 408, ""backend_environment_bytes"": 4903, ""compilation_portability_bytes"": 2721, ""continuation_optimizer_bytes"": 588, ""estimator_mitigation_bytes"": 328, ""progress_cost_bytes"": 313, ""semantic_identity_bytes"": 424, ""total_decision_evidence_bytes"": 424}",2.125e-06,1.67e-07,5q-ibm_pittsburgh-block-00,"[""semantic_identity""]","[""progress_cost"", ""compilation_portability"", ""backend_environment"", ""estimator_mitigation"", ""continuation_optimizer""]",0.0,offline_counterfactual_analysis,,,,False,,resq_first_classical_second,block,,heron-r3,ibm_pittsburgh,s0_semantic,compact_nested
False,True,6,True,5q-ibm_pittsburgh-block-00,"{""audit_provenance_bytes"": 408, ""backend_environment_bytes"": 4903, ""compilation_portability_bytes"": 2721, ""continuation_optimizer_bytes"": 588, ""estimator_mitigation_bytes"": 328, ""progress_cost_bytes"": 313, ""semantic_identity_bytes"": 424, ""total_decision_evidence_bytes"": 5327}",1.9833e-05,1.0708e-05,5q-ibm_pittsburgh-block-00,"[""semantic_identity"", ""backend_environment""]","[""progress_cost"", ""compilation_portability"", ""estimator_mitigation"", ""continuation_optimizer""]",2.625e-06,offline_counterfactual_analysis,0.13348888952725094,0.41649463642217627,0.065500000000001,True,True,resq_first_classical_second,replay,ibm_pittsburgh,heron-r3,ibm_pittsburgh,s1_semantic_backend,compact_nested
False,True,6,True,5q-ibm_pittsburgh-block-00,"{""audit_provenance_bytes"": 408, ""backend_environment_bytes"": 4903, ""compilation_portability_bytes"": 2721, ""continuation_optimizer_bytes"": 588, ""estimator_mitigation_bytes"": 328, ""progress_cost_bytes"": 313, ""semantic_identity_bytes"": 424, ""total_decision_evidence_bytes"": 8048}",3.0708e-05,1.0292e-05,5q-ibm_pittsburgh-block-00,"[""semantic_identity"", ""backend_environment"", ""compilation_portability""]","[""progress_cost"", ""estimator_mitigation"", ""continuation_optimizer""]",2.708e-06,offline_counterfactual_analysis,0.13348888952725094,0.41649463642217627,0.065500000000001,True,True,resq_first_classical_second,replay,ibm_pittsburgh,heron-r3,ibm_pittsburgh,s2_add_portability,compact_nested
False,True,6,True,5q-ibm_pittsburgh-block-00,"{""audit_provenance_bytes"": 408, ""backend_environment_bytes"": 4903, ""compilation_portability_bytes"": 2721, ""continuation_optimizer_bytes"": 588, ""estimator_mitigation_bytes"": 328, ""progress_cost_bytes"": 313, ""semantic_identity_bytes"": 424, ""total_decision_evidence_bytes"": 8376}",3.3292e-05,1.0208e-05,5q-ibm_pittsburgh-block-00,"[""semantic_identity"", ""backend_environment"", ""compilation_portability"", ""estimator_mitigation""]","[""progress_cost"", ""continuation_optimizer""]",2.834e-06,offline_counterfactual_analysis,0.13348888952725094,0.41649463642217627,0.065500000000001,True,True,resq_first_classical_second,replay,ibm_pittsburgh,heron-r3,ibm_pittsburgh,s3_add_estimator,compact_nested
False,True,6,True,5q-ibm_pittsburgh-block-00,"{""audit_provenance_bytes"": 408, ""backend_environment_bytes"": 4903, ""compilation_portability_bytes"": 2721, ""continuation_optimizer_bytes"": 588, ""estimator_mitigation_bytes"": 328, ""progress_cost_bytes"": 313, ""semantic_identity_bytes"": 424, ""total_decision_evidence_bytes"": 8964}",3.4667e-05,1.0333e-05,5q-ibm_pittsburgh-block-00,"[""semantic_identity"", ""backend_environment"", ""compilation_portability"", ""estimator_mitigation"", ""continuation_optimizer""]","[""progress_cost""]",2.667e-06,offline_counterfactual_analysis,0.13348888952725094,0.41649463642217627,0.065500000000001,True,True,resq_first_classical_second,replay,ibm_pittsburgh,heron-r3,ibm_pittsburgh,s4_add_continuation,compact_nested
False,True,6,True,5q-ibm_pittsburgh-block-00,"{""audit_provenance_bytes"": 408, ""backend_environment_bytes"": 4903, ""compilation_portability_bytes"": 2721, ""continuation_optimizer_bytes"": 588, ""estimator_mitigation_bytes"": 328, ""progress_cost_bytes"": 313, ""semantic_identity_bytes"": 424, ""total_decision_evidence_bytes"": 9277}",3.5834e-05,1.0292e-05,5q-ibm_pittsburgh-block-00,"[""semantic_identity"", ""progress_cost"", ""compilation_portability"", ""backend_environment"", ""estimator_mitigation"", ""continuation_optimizer""]",[],2.666e-06,offline_counterfactual_analysis,0.13348888952725094,0.41649463642217627,0.065500000000001,True,True,resq_first_classical_second,replay,ibm_pittsburgh,heron-r3,ibm_pittsburgh,s5_add_progress,compact_nested
False,True,2,True,5q-ibm_pittsburgh-block-01,"{""audit_provenance_bytes"": 408, ""backend_environment_bytes"": 4903, ""compilation_portability_bytes"": 2721, ""continuation_optimizer_bytes"": 588, ""estimator_mitigation_bytes"": 328, ""progress_cost_bytes"": 313, ""semantic_identity_bytes"": 424, ""total_decision_evidence_bytes"": 9277}",7.05e-05,1.675e-05,5q-ibm_pittsburgh-block-01,"[""semantic_identity"", ""progress_cost"", ""compilation_portability"", ""backend_environment"", ""estimator_mitigation"", ""continuation_optimizer""]",[],4.25e-06,offline_counterfactual_analysis,0.17988236390211437,0.3018938074291822,0.007906249999996007,True,True,classical_first_resq_second,replay,ibm_pittsburgh,heron-r3,ibm_pittsburgh,full,full
False,False,2,False,5q-ibm_pittsburgh-block-01,"{""audit_provenance_bytes"": 408, ""backend_environment_bytes"": 4903, ""compilation_portability_bytes"": 2721, ""continuation_optimizer_bytes"": 588, ""estimator_mitigation_bytes"": 328, ""progress_cost_bytes"": 313, ""semantic_identity_bytes"": 424, ""total_decision_evidence_bytes"": 8853}",0.000117041,1.66e-07,5q-ibm_pittsburgh-block-01,"[""progress_cost"", ""compilation_portability"", ""backend_environment"", ""estimator_mitigation"", ""continuation_optimizer""]","[""semantic_identity""]",4.2e-08,offline_counterfactual_analysis,,,,False,,classical_first_resq_second,block,,heron-r3,ibm_pittsburgh,full_minus_semantic_identity,leave_one_out
False,True,2,True,5q-ibm_pittsburgh-block-01,"{""audit_provenance_bytes"": 408, ""backend_environment_bytes"": 4903, ""compilation_portability_bytes"": 2721, ""continuation_optimizer_bytes"": 588, ""estimator_mitigation_bytes"": 328, ""progress_cost_bytes"": 313, ""semantic_identity_bytes"": 424, ""total_decision_evidence_bytes"": 8964}",3.6209e-05,1.2042e-05,5q-ibm_pittsburgh-block-01,"[""semantic_identity"", ""compilation_portability"", ""backend_environment"", ""estimator_mitigation"", ""continuation_optimizer""]","[""progress_cost""]",3.166e-06,offline_counterfactual_analysis,0.17988236390211437,0.3018938074291822,0.007906249999996007,True,True,classical_first_resq_second,replay,ibm_pittsburgh,heron-r3,ibm_pittsburgh,full_minus_progress_cost,leave_one_out
False,True,2,True,5q-ibm_pittsburgh-block-01,"{""audit_provenance_bytes"": 408, ""backend_environment_bytes"": 4903, ""compilation_portability_bytes"": 2721, ""continuation_optimizer_bytes"": 588, ""estimator_mitigation_bytes"": 328, ""progress_cost_bytes"": 313, ""semantic_identity_bytes"": 424, ""total_decision_evidence_bytes"": 6556}",2.5791e-05,1.125e-05,5q-ibm_pittsburgh-block-01,"[""semantic_identity"", ""progress_cost"", ""backend_environment"", ""estimator_mitigation"", ""continuation_optimizer""]","[""compilation_portability""]",2.916e-06,offline_counterfactual_analysis,0.17988236390211437,0.3018938074291822,0.007906249999996007,True,True,classical_first_resq_second,replay,ibm_pittsburgh,heron-r3,ibm_pittsburgh,full_minus_compilation_portability,leave_one_out
False,False,2,False,5q-ibm_pittsburgh-block-01,"{""audit_provenance_bytes"": 408, ""backend_environment_bytes"": 4903, ""compilation_portability_bytes"": 2721, ""continuation_optimizer_bytes"": 588, ""estimator_mitigation_bytes"": 328, ""progress_cost_bytes"": 313, ""semantic_identity_bytes"": 424, ""total_decision_evidence_bytes"": 4374}",1.9042e-05,1.25e-07,5q-ibm_pittsburgh-block-01,"[""semantic_identity"", ""progress_cost"", ""compilation_portability"", ""estimator_mitigation"", ""continuation_optimizer""]","[""backend_environment""]",4.2e-08,offline_counterfactual_analysis,,,,False,,classical_first_resq_second,block,,heron-r3,ibm_pittsburgh,full_minus_backend_environment,leave_one_out
False,True,2,True,5q-ibm_pittsburgh-block-01,"{""audit_provenance_bytes"": 408, ""backend_environment_bytes"": 4903, ""compilation_portability_bytes"": 2721, ""continuation_optimizer_bytes"": 588, ""estimator_mitigation_bytes"": 328, ""progress_cost_bytes"": 313, ""semantic_identity_bytes"": 424, ""total_decision_evidence_bytes"": 8949}",3.4167e-05,1.1125e-05,5q-ibm_pittsburgh-block-01,"[""semantic_identity"", ""progress_cost"", ""compilation_portability"", ""backend_environment"", ""continuation_optimizer""]","[""estimator_mitigation""]",2.916e-06,offline_counterfactual_analysis,0.17988236390211437,0.3018938074291822,0.007906249999996007,True,True,classical_first_resq_second,replay,ibm_pittsburgh,heron-r3,ibm_pittsburgh,full_minus_estimator_mitigation,leave_one_out
False,True,2,True,5q-ibm_pittsburgh-block-01,"{""audit_provenance_bytes"": 408, ""backend_environment_bytes"": 4903, ""compilation_portability_bytes"": 2721, ""continuation_optimizer_bytes"": 588, ""estimator_mitigation_bytes"": 328, ""progress_cost_bytes"": 313, ""semantic_identity_bytes"": 424, ""total_decision_evidence_bytes"": 8689}",3.3708e-05,1.0542e-05,5q-ibm_pittsburgh-block-01,"[""semantic_identity"", ""progress_cost"", ""compilation_portability"", ""backend_environment"", ""estimator_mitigation""]","[""continuation_optimizer""]",2.792e-06,offline_counterfactual_analysis,0.17988236390211437,0.3018938074291822,0.007906249999996007,True,True,classical_first_resq_second,replay,ibm_pittsburgh,heron-r3,ibm_pittsburgh,full_minus_continuation_optimizer,leave_one_out
False,False,2,False,5q-ibm_pittsburgh-block-01,"{""audit_provenance_bytes"": 408, ""backend_environment_bytes"": 4903, ""compilation_portability_bytes"": 2721, ""continuation_optimizer_bytes"": 588, ""estimator_mitigation_bytes"": 328, ""progress_cost_bytes"": 313, ""semantic_identity_bytes"": 424, ""total_decision_evidence_bytes"": 424}",2e-06,1.67e-07,5q-ibm_pittsburgh-block-01,"[""semantic_identity""]","[""progress_cost"", ""compilation_portability"", ""backend_environment"", ""estimator_mitigation"", ""continuation_optimizer""]",4.2e-08,offline_counterfactual_analysis,,,,False,,classical_first_resq_second,block,,heron-r3,ibm_pittsburgh,s0_semantic,compact_nested
False,True,2,True,5q-ibm_pittsburgh-block-01,"{""audit_provenance_bytes"": 408, ""backend_environment_bytes"": 4903, ""compilation_portability_bytes"": 2721, ""continuation_optimizer_bytes"": 588, ""estimator_mitigation_bytes"": 328, ""progress_cost_bytes"": 313, ""semantic_identity_bytes"": 424, ""total_decision_evidence_bytes"": 5327}",1.95e-05,1.0667e-05,5q-ibm_pittsburgh-block-01,"[""semantic_identity"", ""backend_environment""]","[""progress_cost"", ""compilation_portability"", ""estimator_mitigation"", ""continuation_optimizer""]",2.75e-06,offline_counterfactual_analysis,0.17988236390211437,0.3018938074291822,0.007906249999996007,True,True,classical_first_resq_second,replay,ibm_pittsburgh,heron-r3,ibm_pittsburgh,s1_semantic_backend,compact_nested
False,True,2,True,5q-ibm_pittsburgh-block-01,"{""audit_provenance_bytes"": 408, ""backend_environment_bytes"": 4903, ""compilation_portability_bytes"": 2721, ""continuation_optimizer_bytes"": 588, ""estimator_mitigation_bytes"": 328, ""progress_cost_bytes"": 313, ""semantic_identity_bytes"": 424, ""total_decision_evidence_bytes"": 8048}",3e-05,1.0166e-05,5q-ibm_pittsburgh-block-01,"[""semantic_identity"", ""backend_environment"", ""compilation_portability""]","[""progress_cost"", ""estimator_mitigation"", ""continuation_optimizer""]",2.708e-06,offline_counterfactual_analysis,0.17988236390211437,0.3018938074291822,0.007906249999996007,True,True,classical_first_resq_second,replay,ibm_pittsburgh,heron-r3,ibm_pittsburgh,s2_add_portability,compact_nested
False,True,2,True,5q-ibm_pittsburgh-block-01,"{""audit_provenance_bytes"": 408, ""backend_environment_bytes"": 4903, ""compilation_portability_bytes"": 2721, ""continuation_optimizer_bytes"": 588, ""estimator_mitigation_bytes"": 328, ""progress_cost_bytes"": 313, ""semantic_identity_bytes"": 424, ""total_decision_evidence_bytes"": 8376}",3.1792e-05,1.025e-05,5q-ibm_pittsburgh-block-01,"[""semantic_identity"", ""backend_environment"", ""compilation_portability"", ""estimator_mitigation""]","[""progress_cost"", ""continuation_optimizer""]",2.709e-06,offline_counterfactual_analysis,0.17988236390211437,0.3018938074291822,0.007906249999996007,True,True,classical_first_resq_second,replay,ibm_pittsburgh,heron-r3,ibm_pittsburgh,s3_add_estimator,compact_nested
False,True,2,True,5q-ibm_pittsburgh-block-01,"{""audit_provenance_bytes"": 408, ""backend_environment_bytes"": 4903, ""compilation_portability_bytes"": 2721, ""continuation_optimizer_bytes"": 588, ""estimator_mitigation_bytes"": 328, ""progress_cost_bytes"": 313, ""semantic_identity_bytes"": 424, ""total_decision_evidence_bytes"": 8964}",3.3667e-05,1.125e-05,5q-ibm_pittsburgh-block-01,"[""semantic_identity"", ""backend_environment"", ""compilation_portability"", ""estimator_mitigation"", ""continuation_optimizer""]","[""progress_cost""]",2.667e-06,offline_counterfactual_analysis,0.17988236390211437,0.3018938074291822,0.007906249999996007,True,True,classical_first_resq_second,replay,ibm_pittsburgh,heron-r3,ibm_pittsburgh,s4_add_continuation,compact_nested
False,True,2,True,5q-ibm_pittsburgh-block-01,"{""audit_provenance_bytes"": 408, ""backend_environment_bytes"": 4903, ""compilation_portability_bytes"": 2721, ""continuation_optimizer_bytes"": 588, ""estimator_mitigation_bytes"": 328, ""progress_cost_bytes"": 313, ""semantic_identity_bytes"": 424, ""total_decision_evidence_bytes"": 9277}",3.5208e-05,1.0209e-05,5q-ibm_pittsburgh-block-01,"[""semantic_identity"", ""progress_cost"", ""compilation_portability"", ""backend_environment"", ""estimator_mitigation"", ""continuation_optimizer""]",[],2.625e-06,offline_counterfactual_analysis,0.17988236390211437,0.3018938074291822,0.007906249999996007,True,True,classical_first_resq_second,replay,ibm_pittsburgh,heron-r3,ibm_pittsburgh,s5_add_progress,compact_nested
False,True,4,True,5q-ibm_pittsburgh-block-01,"{""audit_provenance_bytes"": 408, ""backend_environment_bytes"": 4903, ""compilation_portability_bytes"": 2721, ""continuation_optimizer_bytes"": 588, ""estimator_mitigation_bytes"": 328, ""progress_cost_bytes"": 313, ""semantic_identity_bytes"": 424, ""total_decision_evidence_bytes"": 9277}",5.0333e-05,1.5541e-05,5q-ibm_pittsburgh-block-01,"[""semantic_identity"", ""progress_cost"", ""compilation_portability"", ""backend_environment"", ""estimator_mitigation"", ""continuation_optimizer""]",[],3.959e-06,offline_counterfactual_analysis,0.17988236390211437,0.3018938074291822,0.007906249999996007,True,True,classical_first_resq_second,replay,ibm_pittsburgh,heron-r3,ibm_pittsburgh,full,full
False,False,4,False,5q-ibm_pittsburgh-block-01,"{""audit_provenance_bytes"": 408, ""backend_environment_bytes"": 4903, ""compilation_portability_bytes"": 2721, ""continuation_optimizer_bytes"": 588, ""estimator_mitigation_bytes"": 328, ""progress_cost_bytes"": 313, ""semantic_identity_bytes"": 424, ""total_decision_evidence_bytes"": 8853}",4.0291e-05,1.67e-07,5q-ibm_pittsburgh-block-01,"[""progress_cost"", ""compilation_portability"", ""backend_environment"", ""estimator_mitigation"", ""continuation_optimizer""]","[""semantic_identity""]",4.2e-08,offline_counterfactual_analysis,,,,False,,classical_first_resq_second,block,,heron-r3,ibm_pittsburgh,full_minus_semantic_identity,leave_one_out
False,True,4,True,5q-ibm_pittsburgh-block-01,"{""audit_provenance_bytes"": 408, ""backend_environment_bytes"": 4903, ""compilation_portability_bytes"": 2721, ""continuation_optimizer_bytes"": 588, ""estimator_mitigation_bytes"": 328, ""progress_cost_bytes"": 313, ""semantic_identity_bytes"": 424, ""total_decision_evidence_bytes"": 8964}",3.6209e-05,1.2e-05,5q-ibm_pittsburgh-block-01,"[""semantic_identity"", ""compilation_portability"", ""backend_environment"", ""estimator_mitigation"", ""continuation_optimizer""]","[""progress_cost""]",3.25e-06,offline_counterfactual_analysis,0.17988236390211437,0.3018938074291822,0.007906249999996007,True,True,classical_first_resq_second,replay,ibm_pittsburgh,heron-r3,ibm_pittsburgh,full_minus_progress_cost,leave_one_out
False,True,4,True,5q-ibm_pittsburgh-block-01,"{""audit_provenance_bytes"": 408, ""backend_environment_bytes"": 4903, ""compilation_portability_bytes"": 2721, ""continuation_optimizer_bytes"": 588, ""estimator_mitigation_bytes"": 328, ""progress_cost_bytes"": 313, ""semantic_identity_bytes"": 424, ""total_decision_evidence_bytes"": 6556}",2.6e-05,1.1084e-05,5q-ibm_pittsburgh-block-01,"[""semantic_identity"", ""progress_cost"", ""backend_environment"", ""estimator_mitigation"", ""continuation_optimizer""]","[""compilation_portability""]",2.75e-06,offline_counterfactual_analysis,0.17988236390211437,0.3018938074291822,0.007906249999996007,True,True,classical_first_resq_second,replay,ibm_pittsburgh,heron-r3,ibm_pittsburgh,full_minus_compilation_portability,leave_one_out
False,False,4,False,5q-ibm_pittsburgh-block-01,"{""audit_provenance_bytes"": 408, ""backend_environment_bytes"": 4903, ""compilation_portability_bytes"": 2721, ""continuation_optimizer_bytes"": 588, ""estimator_mitigation_bytes"": 328, ""progress_cost_bytes"": 313, ""semantic_identity_bytes"": 424, ""total_decision_evidence_bytes"": 4374}",1.8583e-05,2.09e-07,5q-ibm_pittsburgh-block-01,"[""semantic_identity"", ""progress_cost"", ""compilation_portability"", ""estimator_mitigation"", ""continuation_optimizer""]","[""backend_environment""]",4.2e-08,offline_counterfactual_analysis,,,,False,,classical_first_resq_second,block,,heron-r3,ibm_pittsburgh,full_minus_backend_environment,leave_one_out
False,True,4,True,5q-ibm_pittsburgh-block-01,"{""audit_provenance_bytes"": 408, ""backend_environment_bytes"": 4903, ""compilation_portability_bytes"": 2721, ""continuation_optimizer_bytes"": 588, ""estimator_mitigation_bytes"": 328, ""progress_cost_bytes"": 313, ""semantic_identity_bytes"": 424, ""total_decision_evidence_bytes"": 8949}",3.4333e-05,1.0833e-05,5q-ibm_pittsburgh-block-01,"[""semantic_identity"", ""progress_cost"", ""compilation_portability"", ""backend_environment"", ""continuation_optimizer""]","[""estimator_mitigation""]",2.709e-06,offline_counterfactual_analysis,0.17988236390211437,0.3018938074291822,0.007906249999996007,True,True,classical_first_resq_second,replay,ibm_pittsburgh,heron-r3,ibm_pittsburgh,full_minus_estimator_mitigation,leave_one_out
False,True,4,True,5q-ibm_pittsburgh-block-01,"{""audit_provenance_bytes"": 408, ""backend_environment_bytes"": 4903, ""compilation_portability_bytes"": 2721, ""continuation_optimizer_bytes"": 588, ""estimator_mitigation_bytes"": 328, ""progress_cost_bytes"": 313, ""semantic_identity_bytes"": 424, ""total_decision_evidence_bytes"": 8689}",3.4542e-05,1.0667e-05,5q-ibm_pittsburgh-block-01,"[""semantic_identity"", ""progress_cost"", ""compilation_portability"", ""backend_environment"", ""estimator_mitigation""]","[""continuation_optimizer""]",2.709e-06,offline_counterfactual_analysis,0.17988236390211437,0.3018938074291822,0.007906249999996007,True,True,classical_first_resq_second,replay,ibm_pittsburgh,heron-r3,ibm_pittsburgh,full_minus_continuation_optimizer,leave_one_out
False,False,4,False,5q-ibm_pittsburgh-block-01,"{""audit_provenance_bytes"": 408, ""backend_environment_bytes"": 4903, ""compilation_portability_bytes"": 2721, ""continuation_optimizer_bytes"": 588, ""estimator_mitigation_bytes"": 328, ""progress_cost_bytes"": 313, ""semantic_identity_bytes"": 424, ""total_decision_evidence_bytes"": 424}",2.917e-06,1.67e-07,5q-ibm_pittsburgh-block-01,"[""semantic_identity""]","[""progress_cost"", ""compilation_portability"", ""backend_environment"", ""estimator_mitigation"", ""continuation_optimizer""]",4.2e-08,offline_counterfactual_analysis,,,,False,,classical_first_resq_second,block,,heron-r3,ibm_pittsburgh,s0_semantic,compact_nested
False,True,4,True,5q-ibm_pittsburgh-block-01,"{""audit_provenance_bytes"": 408, ""backend_environment_bytes"": 4903, ""compilation_portability_bytes"": 2721, ""continuation_optimizer_bytes"": 588, ""estimator_mitigation_bytes"": 328, ""progress_cost_bytes"": 313, ""semantic_identity_bytes"": 424, ""total_decision_evidence_bytes"": 5327}",1.9709e-05,1.05e-05,5q-ibm_pittsburgh-block-01,"[""semantic_identity"", ""backend_environment""]","[""progress_cost"", ""compilation_portability"", ""estimator_mitigation"", ""continuation_optimizer""]",2.541e-06,offline_counterfactual_analysis,0.17988236390211437,0.3018938074291822,0.007906249999996007,True,True,classical_first_resq_second,replay,ibm_pittsburgh,heron-r3,ibm_pittsburgh,s1_semantic_backend,compact_nested
False,True,4,True,5q-ibm_pittsburgh-block-01,"{""audit_provenance_bytes"": 408, ""backend_environment_bytes"": 4903, ""compilation_portability_bytes"": 2721, ""continuation_optimizer_bytes"": 588, ""estimator_mitigation_bytes"": 328, ""progress_cost_bytes"": 313, ""semantic_identity_bytes"": 424, ""total_decision_evidence_bytes"": 8048}",3.125e-05,1.0292e-05,5q-ibm_pittsburgh-block-01,"[""semantic_identity"", ""backend_environment"", ""compilation_portability""]","[""progress_cost"", ""estimator_mitigation"", ""continuation_optimizer""]",2.625e-06,offline_counterfactual_analysis,0.17988236390211437,0.3018938074291822,0.007906249999996007,True,True,classical_first_resq_second,replay,ibm_pittsburgh,heron-r3,ibm_pittsburgh,s2_add_portability,compact_nested
False,True,4,True,5q-ibm_pittsburgh-block-01,"{""audit_provenance_bytes"": 408, ""backend_environment_bytes"": 4903, ""compilation_portability_bytes"": 2721, ""continuation_optimizer_bytes"": 588, ""estimator_mitigation_bytes"": 328, ""progress_cost_bytes"": 313, ""semantic_identity_bytes"": 424, ""total_decision_evidence_bytes"": 8376}",3.3125e-05,1.0333e-05,5q-ibm_pittsburgh-block-01,"[""semantic_identity"", ""backend_environment"", ""compilation_portability"", ""estimator_mitigation""]","[""progress_cost"", ""continuation_optimizer""]",2.708e-06,offline_counterfactual_analysis,0.17988236390211437,0.3018938074291822,0.007906249999996007,True,True,classical_first_resq_second,replay,ibm_pittsburgh,heron-r3,ibm_pittsburgh,s3_add_estimator,compact_nested
False,True,4,True,5q-ibm_pittsburgh-block-01,"{""audit_provenance_bytes"": 408, ""backend_environment_bytes"": 4903, ""compilation_portability_bytes"": 2721, ""continuation_optimizer_bytes"": 588, ""estimator_mitigation_bytes"": 328, ""progress_cost_bytes"": 313, ""semantic_identity_bytes"": 424, ""total_decision_evidence_bytes"": 8964}",3.425e-05,1.0625e-05,5q-ibm_pittsburgh-block-01,"[""semantic_identity"", ""backend_environment"", ""compilation_portability"", ""estimator_mitigation"", ""continuation_optimizer""]","[""progress_cost""]",2.583e-06,offline_counterfactual_analysis,0.17988236390211437,0.3018938074291822,0.007906249999996007,True,True,classical_first_resq_second,replay,ibm_pittsburgh,heron-r3,ibm_pittsburgh,s4_add_continuation,compact_nested
False,True,4,True,5q-ibm_pittsburgh-block-01,"{""audit_provenance_bytes"": 408, ""backend_environment_bytes"": 4903, ""compilation_portability_bytes"": 2721, ""continuation_optimizer_bytes"": 588, ""estimator_mitigation_bytes"": 328, ""progress_cost_bytes"": 313, ""semantic_identity_bytes"": 424, ""total_decision_evidence_bytes"": 9277}",3.5291e-05,1.025e-05,5q-ibm_pittsburgh-block-01,"[""semantic_identity"", ""progress_cost"", ""compilation_portability"", ""backend_environment"", ""estimator_mitigation"", ""continuation_optimizer""]",[],2.625e-06,offline_counterfactual_analysis,0.17988236390211437,0.3018938074291822,0.007906249999996007,True,True,classical_first_resq_second,replay,ibm_pittsburgh,heron-r3,ibm_pittsburgh,s5_add_progress,compact_nested
False,True,6,True,5q-ibm_pittsburgh-block-01,"{""audit_provenance_bytes"": 408, ""backend_environment_bytes"": 4903, ""compilation_portability_bytes"": 2721, ""continuation_optimizer_bytes"": 588, ""estimator_mitigation_bytes"": 328, ""progress_cost_bytes"": 313, ""semantic_identity_bytes"": 424, ""total_decision_evidence_bytes"": 9277}",4.9833e-05,1.5458e-05,5q-ibm_pittsburgh-block-01,"[""semantic_identity"", ""progress_cost"", ""compilation_portability"", ""backend_environment"", ""estimator_mitigation"", ""continuation_optimizer""]",[],4.042e-06,offline_counterfactual_analysis,0.17988236390211437,0.3018938074291822,0.007906249999996007,True,True,classical_first_resq_second,replay,ibm_pittsburgh,heron-r3,ibm_pittsburgh,full,full
False,False,6,False,5q-ibm_pittsburgh-block-01,"{""audit_provenance_bytes"": 408, ""backend_environment_bytes"": 4903, ""compilation_portability_bytes"": 2721, ""continuation_optimizer_bytes"": 588, ""estimator_mitigation_bytes"": 328, ""progress_cost_bytes"": 313, ""semantic_identity_bytes"": 424, ""total_decision_evidence_bytes"": 8853}",4.0333e-05,1.67e-07,5q-ibm_pittsburgh-block-01,"[""progress_cost"", ""compilation_portability"", ""backend_environment"", ""estimator_mitigation"", ""continuation_optimizer""]","[""semantic_identity""]",8.3e-08,offline_counterfactual_analysis,,,,False,,classical_first_resq_second,block,,heron-r3,ibm_pittsburgh,full_minus_semantic_identity,leave_one_out
False,True,6,True,5q-ibm_pittsburgh-block-01,"{""audit_provenance_bytes"": 408, ""backend_environment_bytes"": 4903, ""compilation_portability_bytes"": 2721, ""continuation_optimizer_bytes"": 588, ""estimator_mitigation_bytes"": 328, ""progress_cost_bytes"": 313, ""semantic_identity_bytes"": 424, ""total_decision_evidence_bytes"": 8964}",3.6667e-05,1.2375e-05,5q-ibm_pittsburgh-block-01,"[""semantic_identity"", ""compilation_portability"", ""backend_environment"", ""estimator_mitigation"", ""continuation_optimizer""]","[""progress_cost""]",3.291e-06,offline_counterfactual_analysis,0.17988236390211437,0.3018938074291822,0.007906249999996007,True,True,classical_first_resq_second,replay,ibm_pittsburgh,heron-r3,ibm_pittsburgh,full_minus_progress_cost,leave_one_out
False,True,6,True,5q-ibm_pittsburgh-block-01,"{""audit_provenance_bytes"": 408, ""backend_environment_bytes"": 4903, ""compilation_portability_bytes"": 2721, ""continuation_optimizer_bytes"": 588, ""estimator_mitigation_bytes"": 328, ""progress_cost_bytes"": 313, ""semantic_identity_bytes"": 424, ""total_decision_evidence_bytes"": 6556}",2.6209e-05,1.1167e-05,5q-ibm_pittsburgh-block-01,"[""semantic_identity"", ""progress_cost"", ""backend_environment"", ""estimator_mitigation"", ""continuation_optimizer""]","[""compilation_portability""]",2.792e-06,offline_counterfactual_analysis,0.17988236390211437,0.3018938074291822,0.007906249999996007,True,True,classical_first_resq_second,replay,ibm_pittsburgh,heron-r3,ibm_pittsburgh,full_minus_compilation_portability,leave_one_out
False,False,6,False,5q-ibm_pittsburgh-block-01,"{""audit_provenance_bytes"": 408, ""backend_environment_bytes"": 4903, ""compilation_portability_bytes"": 2721, ""continuation_optimizer_bytes"": 588, ""estimator_mitigation_bytes"": 328, ""progress_cost_bytes"": 313, ""semantic_identity_bytes"": 424, ""total_decision_evidence_bytes"": 4374}",1.875e-05,2.08e-07,5q-ibm_pittsburgh-block-01,"[""semantic_identity"", ""progress_cost"", ""compilation_portability"", ""estimator_mitigation"", ""continuation_optimizer""]","[""backend_environment""]",4.2e-08,offline_counterfactual_analysis,,,,False,,classical_first_resq_second,block,,heron-r3,ibm_pittsburgh,full_minus_backend_environment,leave_one_out
False,True,6,True,5q-ibm_pittsburgh-block-01,"{""audit_provenance_bytes"": 408, ""backend_environment_bytes"": 4903, ""compilation_portability_bytes"": 2721, ""continuation_optimizer_bytes"": 588, ""estimator_mitigation_bytes"": 328, ""progress_cost_bytes"": 313, ""semantic_identity_bytes"": 424, ""total_decision_evidence_bytes"": 8949}",3.4125e-05,1.0625e-05,5q-ibm_pittsburgh-block-01,"[""semantic_identity"", ""progress_cost"", ""compilation_portability"", ""backend_environment"", ""continuation_optimizer""]","[""estimator_mitigation""]",2.875e-06,offline_counterfactual_analysis,0.17988236390211437,0.3018938074291822,0.007906249999996007,True,True,classical_first_resq_second,replay,ibm_pittsburgh,heron-r3,ibm_pittsburgh,full_minus_estimator_mitigation,leave_one_out
False,True,6,True,5q-ibm_pittsburgh-block-01,"{""audit_provenance_bytes"": 408, ""backend_environment_bytes"": 4903, ""compilation_portability_bytes"": 2721, ""continuation_optimizer_bytes"": 588, ""estimator_mitigation_bytes"": 328, ""progress_cost_bytes"": 313, ""semantic_identity_bytes"": 424, ""total_decision_evidence_bytes"": 8689}",3.4375e-05,1.0459e-05,5q-ibm_pittsburgh-block-01,"[""semantic_identity"", ""progress_cost"", ""compilation_portability"", ""backend_environment"", ""estimator_mitigation""]","[""continuation_optimizer""]",2.666e-06,offline_counterfactual_analysis,0.17988236390211437,0.3018938074291822,0.007906249999996007,True,True,classical_first_resq_second,replay,ibm_pittsburgh,heron-r3,ibm_pittsburgh,full_minus_continuation_optimizer,leave_one_out
False,False,6,False,5q-ibm_pittsburgh-block-01,"{""audit_provenance_bytes"": 408, ""backend_environment_bytes"": 4903, ""compilation_portability_bytes"": 2721, ""continuation_optimizer_bytes"": 588, ""estimator_mitigation_bytes"": 328, ""progress_cost_bytes"": 313, ""semantic_identity_bytes"": 424, ""total_decision_evidence_bytes"": 424}",2.042e-06,1.25e-07,5q-ibm_pittsburgh-block-01,"[""semantic_identity""]","[""progress_cost"", ""compilation_portability"", ""backend_environment"", ""estimator_mitigation"", ""continuation_optimizer""]",4.2e-08,offline_counterfactual_analysis,,,,False,,classical_first_resq_second,block,,heron-r3,ibm_pittsburgh,s0_semantic,compact_nested
False,True,6,True,5q-ibm_pittsburgh-block-01,"{""audit_provenance_bytes"": 408, ""backend_environment_bytes"": 4903, ""compilation_portability_bytes"": 2721, ""continuation_optimizer_bytes"": 588, ""estimator_mitigation_bytes"": 328, ""progress_cost_bytes"": 313, ""semantic_identity_bytes"": 424, ""total_decision_evidence_bytes"": 5327}",1.9459e-05,1.0291e-05,5q-ibm_pittsburgh-block-01,"[""semantic_identity"", ""backend_environment""]","[""progress_cost"", ""compilation_portability"", ""estimator_mitigation"", ""continuation_optimizer""]",2.583e-06,offline_counterfactual_analysis,0.17988236390211437,0.3018938074291822,0.007906249999996007,True,True,classical_first_resq_second,replay,ibm_pittsburgh,heron-r3,ibm_pittsburgh,s1_semantic_backend,compact_nested
False,True,6,True,5q-ibm_pittsburgh-block-01,"{""audit_provenance_bytes"": 408, ""backend_environment_bytes"": 4903, ""compilation_portability_bytes"": 2721, ""continuation_optimizer_bytes"": 588, ""estimator_mitigation_bytes"": 328, ""progress_cost_bytes"": 313, ""semantic_identity_bytes"": 424, ""total_decision_evidence_bytes"": 8048}",3.0667e-05,1.0292e-05,5q-ibm_pittsburgh-block-01,"[""semantic_identity"", ""backend_environment"", ""compilation_portability""]","[""progress_cost"", ""estimator_mitigation"", ""continuation_optimizer""]",2.667e-06,offline_counterfactual_analysis,0.17988236390211437,0.3018938074291822,0.007906249999996007,True,True,classical_first_resq_second,replay,ibm_pittsburgh,heron-r3,ibm_pittsburgh,s2_add_portability,compact_nested
False,True,6,True,5q-ibm_pittsburgh-block-01,"{""audit_provenance_bytes"": 408, ""backend_environment_bytes"": 4903, ""compilation_portability_bytes"": 2721, ""continuation_optimizer_bytes"": 588, ""estimator_mitigation_bytes"": 328, ""progress_cost_bytes"": 313, ""semantic_identity_bytes"": 424, ""total_decision_evidence_bytes"": 8376}",3.3166e-05,1.0209e-05,5q-ibm_pittsburgh-block-01,"[""semantic_identity"", ""backend_environment"", ""compilation_portability"", ""estimator_mitigation""]","[""progress_cost"", ""continuation_optimizer""]",2.75e-06,offline_counterfactual_analysis,0.17988236390211437,0.3018938074291822,0.007906249999996007,True,True,classical_first_resq_second,replay,ibm_pittsburgh,heron-r3,ibm_pittsburgh,s3_add_estimator,compact_nested
False,True,6,True,5q-ibm_pittsburgh-block-01,"{""audit_provenance_bytes"": 408, ""backend_environment_bytes"": 4903, ""compilation_portability_bytes"": 2721, ""continuation_optimizer_bytes"": 588, ""estimator_mitigation_bytes"": 328, ""progress_cost_bytes"": 313, ""semantic_identity_bytes"": 424, ""total_decision_evidence_bytes"": 8964}",3.4416e-05,1.0417e-05,5q-ibm_pittsburgh-block-01,"[""semantic_identity"", ""backend_environment"", ""compilation_portability"", ""estimator_mitigation"", ""continuation_optimizer""]","[""progress_cost""]",2.667e-06,offline_counterfactual_analysis,0.17988236390211437,0.3018938074291822,0.007906249999996007,True,True,classical_first_resq_second,replay,ibm_pittsburgh,heron-r3,ibm_pittsburgh,s4_add_continuation,compact_nested
False,True,6,True,5q-ibm_pittsburgh-block-01,"{""audit_provenance_bytes"": 408, ""backend_environment_bytes"": 4903, ""compilation_portability_bytes"": 2721, ""continuation_optimizer_bytes"": 588, ""estimator_mitigation_bytes"": 328, ""progress_cost_bytes"": 313, ""semantic_identity_bytes"": 424, ""total_decision_evidence_bytes"": 9277}",3.5583e-05,1.0333e-05,5q-ibm_pittsburgh-block-01,"[""semantic_identity"", ""progress_cost"", ""compilation_portability"", ""backend_environment"", ""estimator_mitigation"", ""continuation_optimizer""]",[],2.708e-06,offline_counterfactual_analysis,0.17988236390211437,0.3018938074291822,0.007906249999996007,True,True,classical_first_resq_second,replay,ibm_pittsburgh,heron-r3,ibm_pittsburgh,s5_add_progress,compact_nested
False,True,2,True,5q-ibm_pittsburgh-block-02,"{""audit_provenance_bytes"": 408, ""backend_environment_bytes"": 4903, ""compilation_portability_bytes"": 2721, ""continuation_optimizer_bytes"": 588, ""estimator_mitigation_bytes"": 328, ""progress_cost_bytes"": 313, ""semantic_identity_bytes"": 424, ""total_decision_evidence_bytes"": 9277}",6.8292e-05,1.7791e-05,5q-ibm_pittsburgh-block-02,"[""semantic_identity"", ""progress_cost"", ""compilation_portability"", ""backend_environment"", ""estimator_mitigation"", ""continuation_optimizer""]",[],4.334e-06,offline_counterfactual_analysis,0.15922563224512606,0.07291129409431604,0.059427083333333464,True,True,resq_first_classical_second,replay,ibm_pittsburgh,heron-r3,ibm_pittsburgh,full,full
False,False,2,False,5q-ibm_pittsburgh-block-02,"{""audit_provenance_bytes"": 408, ""backend_environment_bytes"": 4903, ""compilation_portability_bytes"": 2721, ""continuation_optimizer_bytes"": 588, ""estimator_mitigation_bytes"": 328, ""progress_cost_bytes"": 313, ""semantic_identity_bytes"": 424, ""total_decision_evidence_bytes"": 8853}",0.000115916,1.67e-07,5q-ibm_pittsburgh-block-02,"[""progress_cost"", ""compilation_portability"", ""backend_environment"", ""estimator_mitigation"", ""continuation_optimizer""]","[""semantic_identity""]",8.3e-08,offline_counterfactual_analysis,,,,False,,resq_first_classical_second,block,,heron-r3,ibm_pittsburgh,full_minus_semantic_identity,leave_one_out
False,True,2,True,5q-ibm_pittsburgh-block-02,"{""audit_provenance_bytes"": 408, ""backend_environment_bytes"": 4903, ""compilation_portability_bytes"": 2721, ""continuation_optimizer_bytes"": 588, ""estimator_mitigation_bytes"": 328, ""progress_cost_bytes"": 313, ""semantic_identity_bytes"": 424, ""total_decision_evidence_bytes"": 8964}",3.625e-05,1.2334e-05,5q-ibm_pittsburgh-block-02,"[""semantic_identity"", ""compilation_portability"", ""backend_environment"", ""estimator_mitigation"", ""continuation_optimizer""]","[""progress_cost""]",3.416e-06,offline_counterfactual_analysis,0.15922563224512606,0.07291129409431604,0.059427083333333464,True,True,resq_first_classical_second,replay,ibm_pittsburgh,heron-r3,ibm_pittsburgh,full_minus_progress_cost,leave_one_out
False,True,2,True,5q-ibm_pittsburgh-block-02,"{""audit_provenance_bytes"": 408, ""backend_environment_bytes"": 4903, ""compilation_portability_bytes"": 2721, ""continuation_optimizer_bytes"": 588, ""estimator_mitigation_bytes"": 328, ""progress_cost_bytes"": 313, ""semantic_identity_bytes"": 424, ""total_decision_evidence_bytes"": 6556}",2.6334e-05,1.1208e-05,5q-ibm_pittsburgh-block-02,"[""semantic_identity"", ""progress_cost"", ""backend_environment"", ""estimator_mitigation"", ""continuation_optimizer""]","[""compilation_portability""]",2.708e-06,offline_counterfactual_analysis,0.15922563224512606,0.07291129409431604,0.059427083333333464,True,True,resq_first_classical_second,replay,ibm_pittsburgh,heron-r3,ibm_pittsburgh,full_minus_compilation_portability,leave_one_out
False,False,2,False,5q-ibm_pittsburgh-block-02,"{""audit_provenance_bytes"": 408, ""backend_environment_bytes"": 4903, ""compilation_portability_bytes"": 2721, ""continuation_optimizer_bytes"": 588, ""estimator_mitigation_bytes"": 328, ""progress_cost_bytes"": 313, ""semantic_identity_bytes"": 424, ""total_decision_evidence_bytes"": 4374}",1.9042e-05,1.67e-07,5q-ibm_pittsburgh-block-02,"[""semantic_identity"", ""progress_cost"", ""compilation_portability"", ""estimator_mitigation"", ""continuation_optimizer""]","[""backend_environment""]",4.2e-08,offline_counterfactual_analysis,,,,False,,resq_first_classical_second,block,,heron-r3,ibm_pittsburgh,full_minus_backend_environment,leave_one_out
False,True,2,True,5q-ibm_pittsburgh-block-02,"{""audit_provenance_bytes"": 408, ""backend_environment_bytes"": 4903, ""compilation_portability_bytes"": 2721, ""continuation_optimizer_bytes"": 588, ""estimator_mitigation_bytes"": 328, ""progress_cost_bytes"": 313, ""semantic_identity_bytes"": 424, ""total_decision_evidence_bytes"": 8949}",3.4167e-05,1.0583e-05,5q-ibm_pittsburgh-block-02,"[""semantic_identity"", ""progress_cost"", ""compilation_portability"", ""backend_environment"", ""continuation_optimizer""]","[""estimator_mitigation""]",2.667e-06,offline_counterfactual_analysis,0.15922563224512606,0.07291129409431604,0.059427083333333464,True,True,resq_first_classical_second,replay,ibm_pittsburgh,heron-r3,ibm_pittsburgh,full_minus_estimator_mitigation,leave_one_out
False,True,2,True,5q-ibm_pittsburgh-block-02,"{""audit_provenance_bytes"": 408, ""backend_environment_bytes"": 4903, ""compilation_portability_bytes"": 2721, ""continuation_optimizer_bytes"": 588, ""estimator_mitigation_bytes"": 328, ""progress_cost_bytes"": 313, ""semantic_identity_bytes"": 424, ""total_decision_evidence_bytes"": 8689}",3.4292e-05,1.0583e-05,5q-ibm_pittsburgh-block-02,"[""semantic_identity"", ""progress_cost"", ""compilation_portability"", ""backend_environment"", ""estimator_mitigation""]","[""continuation_optimizer""]",2.625e-06,offline_counterfactual_analysis,0.15922563224512606,0.07291129409431604,0.059427083333333464,True,True,resq_first_classical_second,replay,ibm_pittsburgh,heron-r3,ibm_pittsburgh,full_minus_continuation_optimizer,leave_one_out
False,False,2,False,5q-ibm_pittsburgh-block-02,"{""audit_provenance_bytes"": 408, ""backend_environment_bytes"": 4903, ""compilation_portability_bytes"": 2721, ""continuation_optimizer_bytes"": 588, ""estimator_mitigation_bytes"": 328, ""progress_cost_bytes"": 313, ""semantic_identity_bytes"": 424, ""total_decision_evidence_bytes"": 424}",2.042e-06,1.66e-07,5q-ibm_pittsburgh-block-02,"[""semantic_identity""]","[""progress_cost"", ""compilation_portability"", ""backend_environment"", ""estimator_mitigation"", ""continuation_optimizer""]",4.1e-08,offline_counterfactual_analysis,,,,False,,resq_first_classical_second,block,,heron-r3,ibm_pittsburgh,s0_semantic,compact_nested
False,True,2,True,5q-ibm_pittsburgh-block-02,"{""audit_provenance_bytes"": 408, ""backend_environment_bytes"": 4903, ""compilation_portability_bytes"": 2721, ""continuation_optimizer_bytes"": 588, ""estimator_mitigation_bytes"": 328, ""progress_cost_bytes"": 313, ""semantic_identity_bytes"": 424, ""total_decision_evidence_bytes"": 5327}",1.9666e-05,1.0333e-05,5q-ibm_pittsburgh-block-02,"[""semantic_identity"", ""backend_environment""]","[""progress_cost"", ""compilation_portability"", ""estimator_mitigation"", ""continuation_optimizer""]",2.625e-06,offline_counterfactual_analysis,0.15922563224512606,0.07291129409431604,0.059427083333333464,True,True,resq_first_classical_second,replay,ibm_pittsburgh,heron-r3,ibm_pittsburgh,s1_semantic_backend,compact_nested
False,True,2,True,5q-ibm_pittsburgh-block-02,"{""audit_provenance_bytes"": 408, ""backend_environment_bytes"": 4903, ""compilation_portability_bytes"": 2721, ""continuation_optimizer_bytes"": 588, ""estimator_mitigation_bytes"": 328, ""progress_cost_bytes"": 313, ""semantic_identity_bytes"": 424, ""total_decision_evidence_bytes"": 8048}",3.0667e-05,1.0458e-05,5q-ibm_pittsburgh-block-02,"[""semantic_identity"", ""backend_environment"", ""compilation_portability""]","[""progress_cost"", ""estimator_mitigation"", ""continuation_optimizer""]",2.625e-06,offline_counterfactual_analysis,0.15922563224512606,0.07291129409431604,0.059427083333333464,True,True,resq_first_classical_second,replay,ibm_pittsburgh,heron-r3,ibm_pittsburgh,s2_add_portability,compact_nested
False,True,2,True,5q-ibm_pittsburgh-block-02,"{""audit_provenance_bytes"": 408, ""backend_environment_bytes"": 4903, ""compilation_portability_bytes"": 2721, ""continuation_optimizer_bytes"": 588, ""estimator_mitigation_bytes"": 328, ""progress_cost_bytes"": 313, ""semantic_identity_bytes"": 424, ""total_decision_evidence_bytes"": 8376}",3.2417e-05,1.025e-05,5q-ibm_pittsburgh-block-02,"[""semantic_identity"", ""backend_environment"", ""compilation_portability"", ""estimator_mitigation""]","[""progress_cost"", ""continuation_optimizer""]",2.75e-06,offline_counterfactual_analysis,0.15922563224512606,0.07291129409431604,0.059427083333333464,True,True,resq_first_classical_second,replay,ibm_pittsburgh,heron-r3,ibm_pittsburgh,s3_add_estimator,compact_nested
False,True,2,True,5q-ibm_pittsburgh-block-02,"{""audit_provenance_bytes"": 408, ""backend_environment_bytes"": 4903, ""compilation_portability_bytes"": 2721, ""continuation_optimizer_bytes"": 588, ""estimator_mitigation_bytes"": 328, ""progress_cost_bytes"": 313, ""semantic_identity_bytes"": 424, ""total_decision_evidence_bytes"": 8964}",3.4541e-05,1.1083e-05,5q-ibm_pittsburgh-block-02,"[""semantic_identity"", ""backend_environment"", ""compilation_portability"", ""estimator_mitigation"", ""continuation_optimizer""]","[""progress_cost""]",2.625e-06,offline_counterfactual_analysis,0.15922563224512606,0.07291129409431604,0.059427083333333464,True,True,resq_first_classical_second,replay,ibm_pittsburgh,heron-r3,ibm_pittsburgh,s4_add_continuation,compact_nested
False,True,2,True,5q-ibm_pittsburgh-block-02,"{""audit_provenance_bytes"": 408, ""backend_environment_bytes"": 4903, ""compilation_portability_bytes"": 2721, ""continuation_optimizer_bytes"": 588, ""estimator_mitigation_bytes"": 328, ""progress_cost_bytes"": 313, ""semantic_identity_bytes"": 424, ""total_decision_evidence_bytes"": 9277}",3.5458e-05,1.025e-05,5q-ibm_pittsburgh-block-02,"[""semantic_identity"", ""progress_cost"", ""compilation_portability"", ""backend_environment"", ""estimator_mitigation"", ""continuation_optimizer""]",[],2.625e-06,offline_counterfactual_analysis,0.15922563224512606,0.07291129409431604,0.059427083333333464,True,True,resq_first_classical_second,replay,ibm_pittsburgh,heron-r3,ibm_pittsburgh,s5_add_progress,compact_nested
False,True,4,True,5q-ibm_pittsburgh-block-02,"{""audit_provenance_bytes"": 408, ""backend_environment_bytes"": 4903, ""compilation_portability_bytes"": 2721, ""continuation_optimizer_bytes"": 588, ""estimator_mitigation_bytes"": 328, ""progress_cost_bytes"": 313, ""semantic_identity_bytes"": 424, ""total_decision_evidence_bytes"": 9277}",4.7791e-05,1.5333e-05,5q-ibm_pittsburgh-block-02,"[""semantic_identity"", ""progress_cost"", ""compilation_portability"", ""backend_environment"", ""estimator_mitigation"", ""continuation_optimizer""]",[],4.041e-06,offline_counterfactual_analysis,0.15922563224512606,0.07291129409431604,0.059427083333333464,True,True,resq_first_classical_second,replay,ibm_pittsburgh,heron-r3,ibm_pittsburgh,full,full
False,False,4,False,5q-ibm_pittsburgh-block-02,"{""audit_provenance_bytes"": 408, ""backend_environment_bytes"": 4903, ""compilation_portability_bytes"": 2721, ""continuation_optimizer_bytes"": 588, ""estimator_mitigation_bytes"": 328, ""progress_cost_bytes"": 313, ""semantic_identity_bytes"": 424, ""total_decision_evidence_bytes"": 8853}",3.95e-05,1.67e-07,5q-ibm_pittsburgh-block-02,"[""progress_cost"", ""compilation_portability"", ""backend_environment"", ""estimator_mitigation"", ""continuation_optimizer""]","[""semantic_identity""]",4.2e-08,offline_counterfactual_analysis,,,,False,,resq_first_classical_second,block,,heron-r3,ibm_pittsburgh,full_minus_semantic_identity,leave_one_out
False,True,4,True,5q-ibm_pittsburgh-block-02,"{""audit_provenance_bytes"": 408, ""backend_environment_bytes"": 4903, ""compilation_portability_bytes"": 2721, ""continuation_optimizer_bytes"": 588, ""estimator_mitigation_bytes"": 328, ""progress_cost_bytes"": 313, ""semantic_identity_bytes"": 424, ""total_decision_evidence_bytes"": 8964}",3.625e-05,1.2209e-05,5q-ibm_pittsburgh-block-02,"[""semantic_identity"", ""compilation_portability"", ""backend_environment"", ""estimator_mitigation"", ""continuation_optimizer""]","[""progress_cost""]",3.291e-06,offline_counterfactual_analysis,0.15922563224512606,0.07291129409431604,0.059427083333333464,True,True,resq_first_classical_second,replay,ibm_pittsburgh,heron-r3,ibm_pittsburgh,full_minus_progress_cost,leave_one_out
False,True,4,True,5q-ibm_pittsburgh-block-02,"{""audit_provenance_bytes"": 408, ""backend_environment_bytes"": 4903, ""compilation_portability_bytes"": 2721, ""continuation_optimizer_bytes"": 588, ""estimator_mitigation_bytes"": 328, ""progress_cost_bytes"": 313, ""semantic_identity_bytes"": 424, ""total_decision_evidence_bytes"": 6556}",2.6042e-05,1.0709e-05,5q-ibm_pittsburgh-block-02,"[""semantic_identity"", ""progress_cost"", ""backend_environment"", ""estimator_mitigation"", ""continuation_optimizer""]","[""compilation_portability""]",2.625e-06,offline_counterfactual_analysis,0.15922563224512606,0.07291129409431604,0.059427083333333464,True,True,resq_first_classical_second,replay,ibm_pittsburgh,heron-r3,ibm_pittsburgh,full_minus_compilation_portability,leave_one_out
False,False,4,False,5q-ibm_pittsburgh-block-02,"{""audit_provenance_bytes"": 408, ""backend_environment_bytes"": 4903, ""compilation_portability_bytes"": 2721, ""continuation_optimizer_bytes"": 588, ""estimator_mitigation_bytes"": 328, ""progress_cost_bytes"": 313, ""semantic_identity_bytes"": 424, ""total_decision_evidence_bytes"": 4374}",1.9208e-05,2.08e-07,5q-ibm_pittsburgh-block-02,"[""semantic_identity"", ""progress_cost"", ""compilation_portability"", ""estimator_mitigation"", ""continuation_optimizer""]","[""backend_environment""]",8.3e-08,offline_counterfactual_analysis,,,,False,,resq_first_classical_second,block,,heron-r3,ibm_pittsburgh,full_minus_backend_environment,leave_one_out
False,True,4,True,5q-ibm_pittsburgh-block-02,"{""audit_provenance_bytes"": 408, ""backend_environment_bytes"": 4903, ""compilation_portability_bytes"": 2721, ""continuation_optimizer_bytes"": 588, ""estimator_mitigation_bytes"": 328, ""progress_cost_bytes"": 313, ""semantic_identity_bytes"": 424, ""total_decision_evidence_bytes"": 8949}",3.4e-05,1.1333e-05,5q-ibm_pittsburgh-block-02,"[""semantic_identity"", ""progress_cost"", ""compilation_portability"", ""backend_environment"", ""continuation_optimizer""]","[""estimator_mitigation""]",2.708e-06,offline_counterfactual_analysis,0.15922563224512606,0.07291129409431604,0.059427083333333464,True,True,resq_first_classical_second,replay,ibm_pittsburgh,heron-r3,ibm_pittsburgh,full_minus_estimator_mitigation,leave_one_out
False,True,4,True,5q-ibm_pittsburgh-block-02,"{""audit_provenance_bytes"": 408, ""backend_environment_bytes"": 4903, ""compilation_portability_bytes"": 2721, ""continuation_optimizer_bytes"": 588, ""estimator_mitigation_bytes"": 328, ""progress_cost_bytes"": 313, ""semantic_identity_bytes"": 424, ""total_decision_evidence_bytes"": 8689}",3.3583e-05,1.0375e-05,5q-ibm_pittsburgh-block-02,"[""semantic_identity"", ""progress_cost"", ""compilation_portability"", ""backend_environment"", ""estimator_mitigation""]","[""continuation_optimizer""]",2.709e-06,offline_counterfactual_analysis,0.15922563224512606,0.07291129409431604,0.059427083333333464,True,True,resq_first_classical_second,replay,ibm_pittsburgh,heron-r3,ibm_pittsburgh,full_minus_continuation_optimizer,leave_one_out
False,False,4,False,5q-ibm_pittsburgh-block-02,"{""audit_provenance_bytes"": 408, ""backend_environment_bytes"": 4903, ""compilation_portability_bytes"": 2721, ""continuation_optimizer_bytes"": 588, ""estimator_mitigation_bytes"": 328, ""progress_cost_bytes"": 313, ""semantic_identity_bytes"": 424, ""total_decision_evidence_bytes"": 424}",2.208e-06,2.08e-07,5q-ibm_pittsburgh-block-02,"[""semantic_identity""]","[""progress_cost"", ""compilation_portability"", ""backend_environment"", ""estimator_mitigation"", ""continuation_optimizer""]",8.3e-08,offline_counterfactual_analysis,,,,False,,resq_first_classical_second,block,,heron-r3,ibm_pittsburgh,s0_semantic,compact_nested
False,True,4,True,5q-ibm_pittsburgh-block-02,"{""audit_provenance_bytes"": 408, ""backend_environment_bytes"": 4903, ""compilation_portability_bytes"": 2721, ""continuation_optimizer_bytes"": 588, ""estimator_mitigation_bytes"": 328, ""progress_cost_bytes"": 313, ""semantic_identity_bytes"": 424, ""total_decision_evidence_bytes"": 5327}",1.9333e-05,1.025e-05,5q-ibm_pittsburgh-block-02,"[""semantic_identity"", ""backend_environment""]","[""progress_cost"", ""compilation_portability"", ""estimator_mitigation"", ""continuation_optimizer""]",2.542e-06,offline_counterfactual_analysis,0.15922563224512606,0.07291129409431604,0.059427083333333464,True,True,resq_first_classical_second,replay,ibm_pittsburgh,heron-r3,ibm_pittsburgh,s1_semantic_backend,compact_nested
False,True,4,True,5q-ibm_pittsburgh-block-02,"{""audit_provenance_bytes"": 408, ""backend_environment_bytes"": 4903, ""compilation_portability_bytes"": 2721, ""continuation_optimizer_bytes"": 588, ""estimator_mitigation_bytes"": 328, ""progress_cost_bytes"": 313, ""semantic_identity_bytes"": 424, ""total_decision_evidence_bytes"": 8048}",3.0625e-05,1.025e-05,5q-ibm_pittsburgh-block-02,"[""semantic_identity"", ""backend_environment"", ""compilation_portability""]","[""progress_cost"", ""estimator_mitigation"", ""continuation_optimizer""]",2.666e-06,offline_counterfactual_analysis,0.15922563224512606,0.07291129409431604,0.059427083333333464,True,True,resq_first_classical_second,replay,ibm_pittsburgh,heron-r3,ibm_pittsburgh,s2_add_portability,compact_nested
False,True,4,True,5q-ibm_pittsburgh-block-02,"{""audit_provenance_bytes"": 408, ""backend_environment_bytes"": 4903, ""compilation_portability_bytes"": 2721, ""continuation_optimizer_bytes"": 588, ""estimator_mitigation_bytes"": 328, ""progress_cost_bytes"": 313, ""semantic_identity_bytes"": 424, ""total_decision_evidence_bytes"": 8376}",3.3333e-05,1.0125e-05,5q-ibm_pittsburgh-block-02,"[""semantic_identity"", ""backend_environment"", ""compilation_portability"", ""estimator_mitigation""]","[""progress_cost"", ""continuation_optimizer""]",2.792e-06,offline_counterfactual_analysis,0.15922563224512606,0.07291129409431604,0.059427083333333464,True,True,resq_first_classical_second,replay,ibm_pittsburgh,heron-r3,ibm_pittsburgh,s3_add_estimator,compact_nested
False,True,4,True,5q-ibm_pittsburgh-block-02,"{""audit_provenance_bytes"": 408, ""backend_environment_bytes"": 4903, ""compilation_portability_bytes"": 2721, ""continuation_optimizer_bytes"": 588, ""estimator_mitigation_bytes"": 328, ""progress_cost_bytes"": 313, ""semantic_identity_bytes"": 424, ""total_decision_evidence_bytes"": 8964}",3.4875e-05,1.0709e-05,5q-ibm_pittsburgh-block-02,"[""semantic_identity"", ""backend_environment"", ""compilation_portability"", ""estimator_mitigation"", ""continuation_optimizer""]","[""progress_cost""]",2.75e-06,offline_counterfactual_analysis,0.15922563224512606,0.07291129409431604,0.059427083333333464,True,True,resq_first_classical_second,replay,ibm_pittsburgh,heron-r3,ibm_pittsburgh,s4_add_continuation,compact_nested
False,True,4,True,5q-ibm_pittsburgh-block-02,"{""audit_provenance_bytes"": 408, ""backend_environment_bytes"": 4903, ""compilation_portability_bytes"": 2721, ""continuation_optimizer_bytes"": 588, ""estimator_mitigation_bytes"": 328, ""progress_cost_bytes"": 313, ""semantic_identity_bytes"": 424, ""total_decision_evidence_bytes"": 9277}",3.6458e-05,1.025e-05,5q-ibm_pittsburgh-block-02,"[""semantic_identity"", ""progress_cost"", ""compilation_portability"", ""backend_environment"", ""estimator_mitigation"", ""continuation_optimizer""]",[],2.709e-06,offline_counterfactual_analysis,0.15922563224512606,0.07291129409431604,0.059427083333333464,True,True,resq_first_classical_second,replay,ibm_pittsburgh,heron-r3,ibm_pittsburgh,s5_add_progress,compact_nested
False,True,6,True,5q-ibm_pittsburgh-block-02,"{""audit_provenance_bytes"": 408, ""backend_environment_bytes"": 4903, ""compilation_portability_bytes"": 2721, ""continuation_optimizer_bytes"": 588, ""estimator_mitigation_bytes"": 328, ""progress_cost_bytes"": 313, ""semantic_identity_bytes"": 424, ""total_decision_evidence_bytes"": 9277}",5.275e-05,1.5834e-05,5q-ibm_pittsburgh-block-02,"[""semantic_identity"", ""progress_cost"", ""compilation_portability"", ""backend_environment"", ""estimator_mitigation"", ""continuation_optimizer""]",[],4.042e-06,offline_counterfactual_analysis,0.15922563224512606,0.07291129409431604,0.059427083333333464,True,True,resq_first_classical_second,replay,ibm_pittsburgh,heron-r3,ibm_pittsburgh,full,full
False,False,6,False,5q-ibm_pittsburgh-block-02,"{""audit_provenance_bytes"": 408, ""backend_environment_bytes"": 4903, ""compilation_portability_bytes"": 2721, ""continuation_optimizer_bytes"": 588, ""estimator_mitigation_bytes"": 328, ""progress_cost_bytes"": 313, ""semantic_identity_bytes"": 424, ""total_decision_evidence_bytes"": 8853}",4.1583e-05,2.92e-07,5q-ibm_pittsburgh-block-02,"[""progress_cost"", ""compilation_portability"", ""backend_environment"", ""estimator_mitigation"", ""continuation_optimizer""]","[""semantic_identity""]",8.4e-08,offline_counterfactual_analysis,,,,False,,resq_first_classical_second,block,,heron-r3,ibm_pittsburgh,full_minus_semantic_identity,leave_one_out
False,True,6,True,5q-ibm_pittsburgh-block-02,"{""audit_provenance_bytes"": 408, ""backend_environment_bytes"": 4903, ""compilation_portability_bytes"": 2721, ""continuation_optimizer_bytes"": 588, ""estimator_mitigation_bytes"": 328, ""progress_cost_bytes"": 313, ""semantic_identity_bytes"": 424, ""total_decision_evidence_bytes"": 8964}",3.7167e-05,1.2e-05,5q-ibm_pittsburgh-block-02,"[""semantic_identity"", ""compilation_portability"", ""backend_environment"", ""estimator_mitigation"", ""continuation_optimizer""]","[""progress_cost""]",3.209e-06,offline_counterfactual_analysis,0.15922563224512606,0.07291129409431604,0.059427083333333464,True,True,resq_first_classical_second,replay,ibm_pittsburgh,heron-r3,ibm_pittsburgh,full_minus_progress_cost,leave_one_out
False,True,6,True,5q-ibm_pittsburgh-block-02,"{""audit_provenance_bytes"": 408, ""backend_environment_bytes"": 4903, ""compilation_portability_bytes"": 2721, ""continuation_optimizer_bytes"": 588, ""estimator_mitigation_bytes"": 328, ""progress_cost_bytes"": 313, ""semantic_identity_bytes"": 424, ""total_decision_evidence_bytes"": 6556}",2.6666e-05,1.1166e-05,5q-ibm_pittsburgh-block-02,"[""semantic_identity"", ""progress_cost"", ""backend_environment"", ""estimator_mitigation"", ""continuation_optimizer""]","[""compilation_portability""]",2.875e-06,offline_counterfactual_analysis,0.15922563224512606,0.07291129409431604,0.059427083333333464,True,True,resq_first_classical_second,replay,ibm_pittsburgh,heron-r3,ibm_pittsburgh,full_minus_compilation_portability,leave_one_out
False,False,6,False,5q-ibm_pittsburgh-block-02,"{""audit_provenance_bytes"": 408, ""backend_environment_bytes"": 4903, ""compilation_portability_bytes"": 2721, ""continuation_optimizer_bytes"": 588, ""estimator_mitigation_bytes"": 328, ""progress_cost_bytes"": 313, ""semantic_identity_bytes"": 424, ""total_decision_evidence_bytes"": 4374}",1.9417e-05,2.92e-07,5q-ibm_pittsburgh-block-02,"[""semantic_identity"", ""progress_cost"", ""compilation_portability"", ""estimator_mitigation"", ""continuation_optimizer""]","[""backend_environment""]",4.2e-08,offline_counterfactual_analysis,,,,False,,resq_first_classical_second,block,,heron-r3,ibm_pittsburgh,full_minus_backend_environment,leave_one_out
False,True,6,True,5q-ibm_pittsburgh-block-02,"{""audit_provenance_bytes"": 408, ""backend_environment_bytes"": 4903, ""compilation_portability_bytes"": 2721, ""continuation_optimizer_bytes"": 588, ""estimator_mitigation_bytes"": 328, ""progress_cost_bytes"": 313, ""semantic_identity_bytes"": 424, ""total_decision_evidence_bytes"": 8949}",3.4417e-05,1.0792e-05,5q-ibm_pittsburgh-block-02,"[""semantic_identity"", ""progress_cost"", ""compilation_portability"", ""backend_environment"", ""continuation_optimizer""]","[""estimator_mitigation""]",2.75e-06,offline_counterfactual_analysis,0.15922563224512606,0.07291129409431604,0.059427083333333464,True,True,resq_first_classical_second,replay,ibm_pittsburgh,heron-r3,ibm_pittsburgh,full_minus_estimator_mitigation,leave_one_out
False,True,6,True,5q-ibm_pittsburgh-block-02,"{""audit_provenance_bytes"": 408, ""backend_environment_bytes"": 4903, ""compilation_portability_bytes"": 2721, ""continuation_optimizer_bytes"": 588, ""estimator_mitigation_bytes"": 328, ""progress_cost_bytes"": 313, ""semantic_identity_bytes"": 424, ""total_decision_evidence_bytes"": 8689}",3.4291e-05,1.0625e-05,5q-ibm_pittsburgh-block-02,"[""semantic_identity"", ""progress_cost"", ""compilation_portability"", ""backend_environment"", ""estimator_mitigation""]","[""continuation_optimizer""]",2.75e-06,offline_counterfactual_analysis,0.15922563224512606,0.07291129409431604,0.059427083333333464,True,True,resq_first_classical_second,replay,ibm_pittsburgh,heron-r3,ibm_pittsburgh,full_minus_continuation_optimizer,leave_one_out
False,False,6,False,5q-ibm_pittsburgh-block-02,"{""audit_provenance_bytes"": 408, ""backend_environment_bytes"": 4903, ""compilation_portability_bytes"": 2721, ""continuation_optimizer_bytes"": 588, ""estimator_mitigation_bytes"": 328, ""progress_cost_bytes"": 313, ""semantic_identity_bytes"": 424, ""total_decision_evidence_bytes"": 424}",2.459e-06,1.67e-07,5q-ibm_pittsburgh-block-02,"[""semantic_identity""]","[""progress_cost"", ""compilation_portability"", ""backend_environment"", ""estimator_mitigation"", ""continuation_optimizer""]",4.2e-08,offline_counterfactual_analysis,,,,False,,resq_first_classical_second,block,,heron-r3,ibm_pittsburgh,s0_semantic,compact_nested
False,True,6,True,5q-ibm_pittsburgh-block-02,"{""audit_provenance_bytes"": 408, ""backend_environment_bytes"": 4903, ""compilation_portability_bytes"": 2721, ""continuation_optimizer_bytes"": 588, ""estimator_mitigation_bytes"": 328, ""progress_cost_bytes"": 313, ""semantic_identity_bytes"": 424, ""total_decision_evidence_bytes"": 5327}",1.9834e-05,1.0125e-05,5q-ibm_pittsburgh-block-02,"[""semantic_identity"", ""backend_environment""]","[""progress_cost"", ""compilation_portability"", ""estimator_mitigation"", ""continuation_optimizer""]",2.625e-06,offline_counterfactual_analysis,0.15922563224512606,0.07291129409431604,0.059427083333333464,True,True,resq_first_classical_second,replay,ibm_pittsburgh,heron-r3,ibm_pittsburgh,s1_semantic_backend,compact_nested
False,True,6,True,5q-ibm_pittsburgh-block-02,"{""audit_provenance_bytes"": 408, ""backend_environment_bytes"": 4903, ""compilation_portability_bytes"": 2721, ""continuation_optimizer_bytes"": 588, ""estimator_mitigation_bytes"": 328, ""progress_cost_bytes"": 313, ""semantic_identity_bytes"": 424, ""total_decision_evidence_bytes"": 8048}",3.05e-05,1.0166e-05,5q-ibm_pittsburgh-block-02,"[""semantic_identity"", ""backend_environment"", ""compilation_portability""]","[""progress_cost"", ""estimator_mitigation"", ""continuation_optimizer""]",2.708e-06,offline_counterfactual_analysis,0.15922563224512606,0.07291129409431604,0.059427083333333464,True,True,resq_first_classical_second,replay,ibm_pittsburgh,heron-r3,ibm_pittsburgh,s2_add_portability,compact_nested
False,True,6,True,5q-ibm_pittsburgh-block-02,"{""audit_provenance_bytes"": 408, ""backend_environment_bytes"": 4903, ""compilation_portability_bytes"": 2721, ""continuation_optimizer_bytes"": 588, ""estimator_mitigation_bytes"": 328, ""progress_cost_bytes"": 313, ""semantic_identity_bytes"": 424, ""total_decision_evidence_bytes"": 8376}",3.325e-05,1.0084e-05,5q-ibm_pittsburgh-block-02,"[""semantic_identity"", ""backend_environment"", ""compilation_portability"", ""estimator_mitigation""]","[""progress_cost"", ""continuation_optimizer""]",2.792e-06,offline_counterfactual_analysis,0.15922563224512606,0.07291129409431604,0.059427083333333464,True,True,resq_first_classical_second,replay,ibm_pittsburgh,heron-r3,ibm_pittsburgh,s3_add_estimator,compact_nested
False,True,6,True,5q-ibm_pittsburgh-block-02,"{""audit_provenance_bytes"": 408, ""backend_environment_bytes"": 4903, ""compilation_portability_bytes"": 2721, ""continuation_optimizer_bytes"": 588, ""estimator_mitigation_bytes"": 328, ""progress_cost_bytes"": 313, ""semantic_identity_bytes"": 424, ""total_decision_evidence_bytes"": 8964}",3.5e-05,1.0375e-05,5q-ibm_pittsburgh-block-02,"[""semantic_identity"", ""backend_environment"", ""compilation_portability"", ""estimator_mitigation"", ""continuation_optimizer""]","[""progress_cost""]",2.625e-06,offline_counterfactual_analysis,0.15922563224512606,0.07291129409431604,0.059427083333333464,True,True,resq_first_classical_second,replay,ibm_pittsburgh,heron-r3,ibm_pittsburgh,s4_add_continuation,compact_nested
False,True,6,True,5q-ibm_pittsburgh-block-02,"{""audit_provenance_bytes"": 408, ""backend_environment_bytes"": 4903, ""compilation_portability_bytes"": 2721, ""continuation_optimizer_bytes"": 588, ""estimator_mitigation_bytes"": 328, ""progress_cost_bytes"": 313, ""semantic_identity_bytes"": 424, ""total_decision_evidence_bytes"": 9277}",3.5917e-05,1.0083e-05,5q-ibm_pittsburgh-block-02,"[""semantic_identity"", ""progress_cost"", ""compilation_portability"", ""backend_environment"", ""estimator_mitigation"", ""continuation_optimizer""]",[],2.709e-06,offline_counterfactual_analysis,0.15922563224512606,0.07291129409431604,0.059427083333333464,True,True,resq_first_classical_second,replay,ibm_pittsburgh,heron-r3,ibm_pittsburgh,s5_add_progress,compact_nested
