split,scenario_id,failure_scenario_id,seed,workload,execution_mode,workload_profile,changed_context_class,context_scope,failure_type,failure_timing,checkpoint_boundary,source_backend,target_backend,backend_pair,action_id,action,semantic_identity_matches,technically_feasible,executable_compatible,delay,backend_change,queue_or_session_available,portability_shock,saved_one_qubit_error,saved_two_qubit_error,saved_readout_error,target_one_qubit_error,target_two_qubit_error,target_readout_error,one_qubit_error_delta,two_qubit_error_delta,readout_error_delta,total_error_delta,basis_gate_jaccard,coupling_map_jaccard,current_risk_score,delay_risk_component,portability_risk_component,backend_change_risk_component,availability_risk_component,selected_by_current_planner,completed_classical_stages,completed_measurement_groups,completed_shots_or_samples,pending_measurement_groups,retry_count,partial_progress_fraction,optimizer_iteration,optimizer_history_length,optimizer_last_objective,optimizer_objective_improvement,optimizer_gradient_norm,optimizer_gradient_mean_abs,optimizer_gradient_max_abs,optimizer_gradient_dimension,optimizer_step_size,mitigation_enabled,grouping_method,shot_plan_group_count,shot_plan_total,shot_plan_mean,distribution_shots,parameter_count,selected_ops_count,hamiltonian_term_count,num_qubits,ansatz_family,distribution_entropy,distribution_max_probability,safe_continuation,continuation_success,stable_continuation,objective_deviation,distribution_deviation,gradient_disagreement,first_step_overshoot,realized_wasted_circuit_evaluations,realized_wasted_samples,realized_execution_latency_s
calibration,sha256:0326c0292fecbd1443476d2297e66139eba8b8a7311bd5fb4dccdfb1e4fa701c,sha256:0326c0292fecbd1443476d2297e66139eba8b8a7311bd5fb4dccdfb1e4fa701c-failure,3201,qaoa_maxcut,noisy_sim,paper,cross_backend,cross_backend_context,,,B5,ibm_kyiv,ibm_brisbane,ibm_kyiv->ibm_brisbane,migrate:ibm_brisbane,migrate,1,1,1,0.0,1,1,0.007,0.0016,0.0105,0.018,0.0021,0.014,0.024,0.0004999999999999998,0.0034999999999999996,0.006000000000000002,0.010000000000000002,1.0,1.0,0.18166666666666667,0.0,0.08166666666666667,0.1,0.0,0,9,1,4128,0,0,1.0,4,4,-4.48299702177153,0.6591191852401184,2.4159980954954077,0.9376920025590751,1.9519481341791651,4,0.12,1,qubit_wise_commuting,1,4128,4128.0,4128,4,0,10,6,qaoa_maxcut,5.106102522777241,0.11652131782945736,0,0,0,0.02170639630274085,0.08324122449337486,1.6423605265137622,0.0,40,16512,1.608557208
calibration,sha256:0326c0292fecbd1443476d2297e66139eba8b8a7311bd5fb4dccdfb1e4fa701c,sha256:0326c0292fecbd1443476d2297e66139eba8b8a7311bd5fb4dccdfb1e4fa701c-failure,3201,qaoa_maxcut,noisy_sim,paper,cross_backend,cross_backend_context,,,B5,ibm_kyiv,ibm_sherbrooke,ibm_kyiv->ibm_sherbrooke,migrate:ibm_sherbrooke,migrate,1,1,1,0.0,1,1,0.0018999999999999998,0.0016,0.0105,0.018,0.0012,0.0095,0.017,0.0004000000000000002,0.0010000000000000009,0.0009999999999999974,0.0023999999999999985,1.0,1.0,0.12216666666666667,0.0,0.02216666666666666,0.1,0.0,1,9,1,4128,0,0,1.0,4,4,-4.48299702177153,0.6591191852401184,2.4159980954954077,0.9376920025590751,1.9519481341791651,4,0.12,1,qubit_wise_commuting,1,4128,4128.0,4128,4,0,10,6,qaoa_maxcut,5.106102522777241,0.11652131782945736,0,0,0,0.1647831655557166,0.05782049965067823,0.8199904531925118,0.0028634597829757524,40,16512,1.609310667
calibration,sha256:07350d31ff246b7bd76c09ede8c3555b32c136f56546f7e53f0a654e6b632a65,sha256:07350d31ff246b7bd76c09ede8c3555b32c136f56546f7e53f0a654e6b632a65-failure,3201,qaoa_maxcut,noisy_sim,paper,high_change,cross_backend_context,,,B5,ibm_kyiv,ibm_brisbane,ibm_kyiv->ibm_brisbane,migrate:ibm_brisbane,migrate,1,1,1,6.0,1,1,0.023860000000000006,0.0016,0.0105,0.018,0.00336,0.022400000000000003,0.038400000000000004,0.00176,0.011900000000000003,0.020400000000000005,0.03406000000000001,1.0,1.0,0.9283666666666667,0.55,0.2783666666666667,0.1,0.0,0,9,1,4128,0,0,1.0,4,4,-4.48299702177153,0.6591191852401184,2.4159980954954077,0.9376920025590751,1.9519481341791651,4,0.12,1,qubit_wise_commuting,1,4128,4128.0,4128,4,0,10,6,qaoa_maxcut,5.106102522777241,0.11652131782945736,0,0,0,0.14110376624606236,0.18712914291436267,1.941720484740261,0.0,40,16512,1.64299775
calibration,sha256:07350d31ff246b7bd76c09ede8c3555b32c136f56546f7e53f0a654e6b632a65,sha256:07350d31ff246b7bd76c09ede8c3555b32c136f56546f7e53f0a654e6b632a65-failure,3201,qaoa_maxcut,noisy_sim,paper,high_change,same_backend_changed_context,,,B5,ibm_kyiv,ibm_kyiv,ibm_kyiv->ibm_kyiv,replay:ibm_kyiv,replay,1,1,1,8.0,0,1,0.016,0.0016,0.0105,0.018,0.00288,0.0189,0.0324,0.00128,0.0084,0.0144,0.024079999999999997,1.0,1.0,0.7366666666666667,0.55,0.18666666666666665,0.0,0.0,0,9,1,4128,0,0,1.0,4,4,-4.48299702177153,0.6591191852401184,2.4159980954954077,0.9376920025590751,1.9519481341791651,4,0.12,1,qubit_wise_commuting,1,4128,4128.0,4128,4,0,10,6,qaoa_maxcut,5.106102522777241,0.11652131782945736,0,0,0,0.11298215549898938,0.15886563015579297,1.9948214061704872,0.0,40,16512,1.634600458
calibration,sha256:081a265c962fde57d43f1ce25b38481bfde950b44de4984fd7f8b0f08b202e3b,sha256:081a265c962fde57d43f1ce25b38481bfde950b44de4984fd7f8b0f08b202e3b-failure,3205,qaoa_maxcut,noisy_sim,paper,no_change,same_backend_no_change,,,B5,ibm_kyiv,ibm_kyiv,ibm_kyiv->ibm_kyiv,replay:ibm_kyiv,replay,1,1,1,0.0,0,1,0.0,0.0016,0.0105,0.018,0.0016,0.0105,0.018,0.0,0.0,0.0,0.0,1.0,1.0,0.0,0.0,0.0,0.0,0.0,1,9,1,4064,0,0,1.0,4,4,-5.406916926606379,2.435385061672233,6.149834208055388,2.685811974339774,4.1569263589522425,4,0.12,1,qubit_wise_commuting,1,4064,4064.0,4064,4,0,10,6,qaoa_maxcut,5.3936324076978135,0.10359251968503937,1,1,1,0.0,0.0,0.0,0.0,0,0,1.659376209
calibration,sha256:0a5e74826bba426df6e3768866d09c446974edbd12baefe7a01bb8937f7d2b8f,sha256:0a5e74826bba426df6e3768866d09c446974edbd12baefe7a01bb8937f7d2b8f-failure,3205,qaoa_maxcut,noisy_sim,paper,cross_backend,cross_backend_context,,,B5,ibm_kyiv,ibm_brisbane,ibm_kyiv->ibm_brisbane,migrate:ibm_brisbane,migrate,1,1,1,0.0,1,1,0.007,0.0016,0.0105,0.018,0.0021,0.014,0.024,0.0004999999999999998,0.0034999999999999996,0.006000000000000002,0.010000000000000002,1.0,1.0,0.18166666666666667,0.0,0.08166666666666667,0.1,0.0,0,9,1,4064,0,0,1.0,4,4,-5.406916926606379,2.435385061672233,6.149834208055388,2.685811974339774,4.1569263589522425,4,0.12,1,qubit_wise_commuting,1,4064,4064.0,4064,4,0,10,6,qaoa_maxcut,5.3936324076978135,0.10359251968503937,0,0,0,1.0890600579407117,0.19472659827596273,0.5758796185001779,0.011247380957779107,40,16256,1.641300042
calibration,sha256:0a5e74826bba426df6e3768866d09c446974edbd12baefe7a01bb8937f7d2b8f,sha256:0a5e74826bba426df6e3768866d09c446974edbd12baefe7a01bb8937f7d2b8f-failure,3205,qaoa_maxcut,noisy_sim,paper,cross_backend,cross_backend_context,,,B5,ibm_kyiv,ibm_sherbrooke,ibm_kyiv->ibm_sherbrooke,migrate:ibm_sherbrooke,migrate,1,1,1,0.0,1,1,0.0018999999999999998,0.0016,0.0105,0.018,0.0012,0.0095,0.017,0.0004000000000000002,0.0010000000000000009,0.0009999999999999974,0.0023999999999999985,1.0,1.0,0.12216666666666667,0.0,0.02216666666666666,0.1,0.0,1,9,1,4064,0,0,1.0,4,4,-5.406916926606379,2.435385061672233,6.149834208055388,2.685811974339774,4.1569263589522425,4,0.12,1,qubit_wise_commuting,1,4064,4064.0,4064,4,0,10,6,qaoa_maxcut,5.3936324076978135,0.10359251968503937,0,0,1,0.6131913012337202,0.16163013314201624,0.44831285460768594,0.0,40,16256,1.608915792
calibration,sha256:0cbc445fea55282f70247b47933d34cfdd4d53a67dc713ac1dbe81582891b05d,sha256:0cbc445fea55282f70247b47933d34cfdd4d53a67dc713ac1dbe81582891b05d-failure,3205,lih_vqe,noisy_sim,paper,same_backend_delay,cross_backend_context,,,B5,ibm_kyiv,ibm_sherbrooke,ibm_kyiv->ibm_sherbrooke,migrate:ibm_sherbrooke,migrate,1,1,1,0.0,1,1,0.0018999999999999998,0.0016,0.0105,0.018,0.0012,0.0095,0.017,0.0004000000000000002,0.0010000000000000009,0.0009999999999999974,0.0023999999999999985,1.0,1.0,0.12216666666666667,0.0,0.02216666666666666,0.1,0.0,1,9,4,5120,4,0,0.5,4,4,-7.745214518143432,0.09610568275234588,0.6356132619782277,0.07833923028080145,0.4339084564768984,20,0.085,1,qubit_wise_commuting,8,12288,1536.0,1536,20,0,40,5,entangling_ry_rz_brickwork,2.0232081214900655,0.669921875,0,0,0,0.00124102756405442,0.06325041810154493,0.01072060770585287,0.0008445095835645233,168,6144,0.93394775
calibration,sha256:0cbc445fea55282f70247b47933d34cfdd4d53a67dc713ac1dbe81582891b05d,sha256:0cbc445fea55282f70247b47933d34cfdd4d53a67dc713ac1dbe81582891b05d-failure,3205,lih_vqe,noisy_sim,paper,same_backend_delay,same_backend_changed_context,,,B5,ibm_kyiv,ibm_kyiv,ibm_kyiv->ibm_kyiv,replay:ibm_kyiv,replay,1,1,1,4.0,0,1,0.007999999999999998,0.0016,0.0105,0.018,0.00224,0.0147,0.025199999999999997,0.0006399999999999997,0.004199999999999999,0.007199999999999998,0.012039999999999997,1.0,1.0,0.5333333333333333,0.44000000000000006,0.09333333333333331,0.0,0.0,0,9,4,5120,4,0,0.5,4,4,-7.745214518143432,0.09610568275234588,0.6356132619782277,0.07833923028080145,0.4339084564768984,20,0.085,1,qubit_wise_commuting,8,12288,1536.0,1536,20,0,40,5,entangling_ry_rz_brickwork,2.0232081214900655,0.669921875,0,0,0,0.0031535582899859804,0.06301047014975598,0.02886408850715151,0.0,168,6144,0.931017792
calibration,sha256:0e745729861a7aa773d90008837206c2096580535712d355f67ca6c106a1748c,sha256:0e745729861a7aa773d90008837206c2096580535712d355f67ca6c106a1748c-failure,3203,adapt_vqe,noisy_sim,paper,same_backend_delay,cross_backend_context,,,B6,ibm_kyiv,ibm_sherbrooke,ibm_kyiv->ibm_sherbrooke,migrate:ibm_sherbrooke,migrate,1,1,1,0.0,1,1,0.0018999999999999998,0.0016,0.0105,0.018,0.0012,0.0095,0.017,0.0004000000000000002,0.0010000000000000009,0.0009999999999999974,0.0023999999999999985,1.0,1.0,0.12216666666666667,0.0,0.02216666666666666,0.1,0.0,1,15,0,0,8,0,0.0,4,4,-7.466283280767735,0.003957456788344693,0.150697732345674,0.04416878247154351,0.12498168775043124,6,0.08,1,qubit_wise_commuting,8,8704,1088.0,1088,6,6,40,5,adapt_pauli_pool,0.8241250997137269,0.8841911764705882,0,0,0,0.0006646827441825209,0.011316216771821003,0.00145954154310698,0.0006806791975870752,56,4352,0.094134917
calibration,sha256:0e745729861a7aa773d90008837206c2096580535712d355f67ca6c106a1748c,sha256:0e745729861a7aa773d90008837206c2096580535712d355f67ca6c106a1748c-failure,3203,adapt_vqe,noisy_sim,paper,same_backend_delay,same_backend_changed_context,,,B6,ibm_kyiv,ibm_kyiv,ibm_kyiv->ibm_kyiv,replay:ibm_kyiv,replay,1,1,1,4.0,0,1,0.007999999999999998,0.0016,0.0105,0.018,0.00224,0.0147,0.025199999999999997,0.0006399999999999997,0.004199999999999999,0.007199999999999998,0.012039999999999997,1.0,1.0,0.5333333333333333,0.44000000000000006,0.09333333333333331,0.0,0.0,0,15,0,0,8,0,0.0,4,4,-7.466283280767735,0.003957456788344693,0.150697732345674,0.04416878247154351,0.12498168775043124,6,0.08,1,qubit_wise_commuting,8,8704,1088.0,1088,6,6,40,5,adapt_pauli_pool,0.8241250997137269,0.8841911764705882,0,0,0,0.0022950553104497118,0.0578007342439869,0.002332034085156702,0.0,56,4352,0.096442125
calibration,sha256:0e9089aacf21dfd21659ef8798d980066f6bd45ca6f32fbea1f38521cce13e7a,sha256:0e9089aacf21dfd21659ef8798d980066f6bd45ca6f32fbea1f38521cce13e7a-failure,3207,h2_vqe,noisy_sim,paper,safe_change,same_backend_changed_context,,,B5,ibm_kyiv,ibm_kyiv,ibm_kyiv->ibm_kyiv,replay:ibm_kyiv,replay,1,1,1,0.1,0,1,0.00020000000000000017,0.0016,0.0105,0.018,0.001616,0.010605000000000002,0.018179999999999998,1.5999999999999955e-05,0.00010500000000000093,0.0001799999999999996,0.0003010000000000005,1.0,1.0,0.013333333333333336,0.011000000000000001,0.0023333333333333353,0.0,0.0,1,9,3,2976,4,0,0.42857142857142855,4,4,-1.9621570999641458,0.06374967188126046,0.35588426269511964,0.06949420903304539,0.23825478883452927,12,0.105,1,qubit_wise_commuting,7,8736,1248.0,1248,12,0,24,4,entangling_ry_rz_brickwork,1.0852529303149812,0.8341346153846154,1,1,1,0.0003132855427141479,0.004241948879791952,0.0003003322302336867,0.0002926442309940658,0,0,0.261202667
calibration,sha256:1153b2e9417759cda513121af1c4cecd9972b1e9fc28233ab3d37b090034ead5,sha256:1153b2e9417759cda513121af1c4cecd9972b1e9fc28233ab3d37b090034ead5-failure,3204,h2_vqe,noisy_sim,paper,high_change,cross_backend_context,,,B5,ibm_kyiv,ibm_brisbane,ibm_kyiv->ibm_brisbane,migrate:ibm_brisbane,migrate,1,1,1,6.0,1,1,0.023860000000000006,0.0016,0.0105,0.018,0.00336,0.022400000000000003,0.038400000000000004,0.00176,0.011900000000000003,0.020400000000000005,0.03406000000000001,1.0,1.0,0.9283666666666667,0.55,0.2783666666666667,0.1,0.0,0,9,3,2976,4,0,0.42857142857142855,4,4,-2.0236640897723452,0.03515487376985882,0.27035026865584005,0.050240963326342314,0.1865673757997202,12,0.105,1,qubit_wise_commuting,7,8736,1248.0,1248,12,0,24,4,entangling_ry_rz_brickwork,0.9913416874340611,0.8565705128205128,0,0,0,0.03511382781715433,0.11396675244529325,0.037563467746718884,0.033621983502076125,104,4992,0.259633583
calibration,sha256:1153b2e9417759cda513121af1c4cecd9972b1e9fc28233ab3d37b090034ead5,sha256:1153b2e9417759cda513121af1c4cecd9972b1e9fc28233ab3d37b090034ead5-failure,3204,h2_vqe,noisy_sim,paper,high_change,same_backend_changed_context,,,B5,ibm_kyiv,ibm_kyiv,ibm_kyiv->ibm_kyiv,replay:ibm_kyiv,replay,1,1,1,8.0,0,1,0.016,0.0016,0.0105,0.018,0.00288,0.0189,0.0324,0.00128,0.0084,0.0144,0.024079999999999997,1.0,1.0,0.7366666666666667,0.55,0.18666666666666665,0.0,0.0,0,9,3,2976,4,0,0.42857142857142855,4,4,-2.0236640897723452,0.03515487376985882,0.27035026865584005,0.050240963326342314,0.1865673757997202,12,0.105,1,qubit_wise_commuting,7,8736,1248.0,1248,12,0,24,4,entangling_ry_rz_brickwork,0.9913416874340611,0.8565705128205128,0,0,0,0.02523600655045799,0.09121560312057181,0.026857245843656504,0.02416127366105858,104,4992,0.26513675
calibration,sha256:11baab3ab065a12a34dad0a74cb13cc37eb3b0ae58dae510a7888e06929b32c3,sha256:11baab3ab065a12a34dad0a74cb13cc37eb3b0ae58dae510a7888e06929b32c3-failure,3207,qaoa_maxcut,noisy_sim,paper,same_backend_delay,cross_backend_context,,,B5,ibm_kyiv,ibm_sherbrooke,ibm_kyiv->ibm_sherbrooke,migrate:ibm_sherbrooke,migrate,1,1,1,0.0,1,1,0.0018999999999999998,0.0016,0.0105,0.018,0.0012,0.0095,0.017,0.0004000000000000002,0.0010000000000000009,0.0009999999999999974,0.0023999999999999985,1.0,1.0,0.12216666666666667,0.0,0.02216666666666666,0.1,0.0,1,9,1,4064,0,0,1.0,4,4,-4.210457441858018,0.5212537367528052,1.2786687097713467,0.6162722422033751,0.8202870714662068,4,0.12,1,qubit_wise_commuting,1,4064,4064.0,4064,4,0,10,6,qaoa_maxcut,4.914975903624279,0.13213582677165353,0,0,1,0.053835393256762565,0.06429167877001045,0.2146381798378702,0.0,40,16256,1.618427917
calibration,sha256:11baab3ab065a12a34dad0a74cb13cc37eb3b0ae58dae510a7888e06929b32c3,sha256:11baab3ab065a12a34dad0a74cb13cc37eb3b0ae58dae510a7888e06929b32c3-failure,3207,qaoa_maxcut,noisy_sim,paper,same_backend_delay,same_backend_changed_context,,,B5,ibm_kyiv,ibm_kyiv,ibm_kyiv->ibm_kyiv,replay:ibm_kyiv,replay,1,1,1,4.0,0,1,0.007999999999999998,0.0016,0.0105,0.018,0.00224,0.0147,0.025199999999999997,0.0006399999999999997,0.004199999999999999,0.007199999999999998,0.012039999999999997,1.0,1.0,0.5333333333333333,0.44000000000000006,0.09333333333333331,0.0,0.0,0,9,1,4064,0,0,1.0,4,4,-4.210457441858018,0.5212537367528052,1.2786687097713467,0.6162722422033751,0.8202870714662068,4,0.12,1,qubit_wise_commuting,1,4064,4064.0,4064,4,0,10,6,qaoa_maxcut,4.914975903624279,0.13213582677165353,0,0,0,0.09133378953424387,0.07461035701125786,0.5853221348582339,0.0009430438261786023,40,16256,1.615078666
calibration,sha256:11bf109dc436519b9e0b8ec067a21a9b8c8e64ee9448effeccb7c3c5f3bad745,sha256:11bf109dc436519b9e0b8ec067a21a9b8c8e64ee9448effeccb7c3c5f3bad745-failure,3202,qaoa_maxcut,noisy_sim,paper,same_backend_delay,cross_backend_context,,,B5,ibm_kyiv,ibm_sherbrooke,ibm_kyiv->ibm_sherbrooke,migrate:ibm_sherbrooke,migrate,1,1,1,0.0,1,1,0.0018999999999999998,0.0016,0.0105,0.018,0.0012,0.0095,0.017,0.0004000000000000002,0.0010000000000000009,0.0009999999999999974,0.0023999999999999985,1.0,1.0,0.12216666666666667,0.0,0.02216666666666666,0.1,0.0,1,9,1,4032,0,0,1.0,4,4,-5.3167494888206095,1.3226390242737498,5.933182071298674,2.845374735559826,3.7284657297019232,4,0.12,1,qubit_wise_commuting,1,4032,4032.0,4032,4,0,10,6,qaoa_maxcut,5.612587539937337,0.10044642857142858,0,0,1,0.0032030364283315294,0.0657374489230701,0.5767363042032614,0.0,40,16128,1.620556625
calibration,sha256:11bf109dc436519b9e0b8ec067a21a9b8c8e64ee9448effeccb7c3c5f3bad745,sha256:11bf109dc436519b9e0b8ec067a21a9b8c8e64ee9448effeccb7c3c5f3bad745-failure,3202,qaoa_maxcut,noisy_sim,paper,same_backend_delay,same_backend_changed_context,,,B5,ibm_kyiv,ibm_kyiv,ibm_kyiv->ibm_kyiv,replay:ibm_kyiv,replay,1,1,1,4.0,0,1,0.007999999999999998,0.0016,0.0105,0.018,0.00224,0.0147,0.025199999999999997,0.0006399999999999997,0.004199999999999999,0.007199999999999998,0.012039999999999997,1.0,1.0,0.5333333333333333,0.44000000000000006,0.09333333333333331,0.0,0.0,0,9,1,4032,0,0,1.0,4,4,-5.3167494888206095,1.3226390242737498,5.933182071298674,2.845374735559826,3.7284657297019232,4,0.12,1,qubit_wise_commuting,1,4032,4032.0,4032,4,0,10,6,qaoa_maxcut,5.612587539937337,0.10044642857142858,0,0,0,0.17012715269226764,0.14402504370691083,1.8061990927624423,0.08426229109613903,40,16128,1.605535459
calibration,sha256:1392163d8c447941b7b1fa8a4f1a40b5b1f8ce614714cc4b3de389d472c77130,sha256:1392163d8c447941b7b1fa8a4f1a40b5b1f8ce614714cc4b3de389d472c77130-failure,3204,qaoa_maxcut,noisy_sim,paper,no_change,same_backend_no_change,,,B5,ibm_kyiv,ibm_kyiv,ibm_kyiv->ibm_kyiv,replay:ibm_kyiv,replay,1,1,1,0.0,0,1,0.0,0.0016,0.0105,0.018,0.0016,0.0105,0.018,0.0,0.0,0.0,0.0,1.0,1.0,0.0,0.0,0.0,0.0,0.0,1,9,1,4128,0,0,1.0,4,4,-6.33407638187398,3.493113654880361,13.408464414219573,4.5106097785406245,12.985167602880354,4,0.12,1,qubit_wise_commuting,1,4128,4128.0,4128,4,0,10,6,qaoa_maxcut,5.782781976964548,0.06346899224806202,1,1,1,0.0,0.0,0.0,0.0,0,0,1.682466417
calibration,sha256:14a41ffd194e72b8892bbf6a177952aa54f773f42a0f4aa343a9caecc45cb941,sha256:14a41ffd194e72b8892bbf6a177952aa54f773f42a0f4aa343a9caecc45cb941-failure,3206,h2_vqe,noisy_sim,paper,safe_change,same_backend_changed_context,,,B5,ibm_kyiv,ibm_kyiv,ibm_kyiv->ibm_kyiv,replay:ibm_kyiv,replay,1,1,1,0.1,0,1,0.00020000000000000017,0.0016,0.0105,0.018,0.001616,0.010605000000000002,0.018179999999999998,1.5999999999999955e-05,0.00010500000000000093,0.0001799999999999996,0.0003010000000000005,1.0,1.0,0.013333333333333336,0.011000000000000001,0.0023333333333333353,0.0,0.0,1,9,3,2976,4,0,0.42857142857142855,4,4,-2.009252593742569,0.027460155600799174,0.24638122786619204,0.043459222725931536,0.17536963560202462,12,0.105,1,qubit_wise_commuting,7,8736,1248.0,1248,12,0,24,4,entangling_ry_rz_brickwork,0.929523612042819,0.8693910256410257,1,1,1,0.0003133861560971063,0.0024827371685190998,0.00038688848698945375,0.00030001860147210735,0,0,0.260678083
calibration,sha256:14e2d7d4787aea9090dd573113a4774ebd74600ecfbf134be2a54d649fa61577,sha256:14e2d7d4787aea9090dd573113a4774ebd74600ecfbf134be2a54d649fa61577-failure,3205,qaoa_maxcut,noisy_sim,paper,high_change,cross_backend_context,,,B5,ibm_kyiv,ibm_brisbane,ibm_kyiv->ibm_brisbane,migrate:ibm_brisbane,migrate,1,1,1,6.0,1,1,0.023860000000000006,0.0016,0.0105,0.018,0.00336,0.022400000000000003,0.038400000000000004,0.00176,0.011900000000000003,0.020400000000000005,0.03406000000000001,1.0,1.0,0.9283666666666667,0.55,0.2783666666666667,0.1,0.0,0,9,1,4064,0,0,1.0,4,4,-5.406916926606379,2.435385061672233,6.149834208055388,2.685811974339774,4.1569263589522425,4,0.12,1,qubit_wise_commuting,1,4064,4064.0,4064,4,0,10,6,qaoa_maxcut,5.3936324076978135,0.10359251968503937,0,0,0,0.3822557144172265,0.1424502178877352,0.9585246430151807,0.03874001748327949,40,16256,1.65791375
calibration,sha256:14e2d7d4787aea9090dd573113a4774ebd74600ecfbf134be2a54d649fa61577,sha256:14e2d7d4787aea9090dd573113a4774ebd74600ecfbf134be2a54d649fa61577-failure,3205,qaoa_maxcut,noisy_sim,paper,high_change,same_backend_changed_context,,,B5,ibm_kyiv,ibm_kyiv,ibm_kyiv->ibm_kyiv,replay:ibm_kyiv,replay,1,1,1,8.0,0,1,0.016,0.0016,0.0105,0.018,0.00288,0.0189,0.0324,0.00128,0.0084,0.0144,0.024079999999999997,1.0,1.0,0.7366666666666667,0.55,0.18666666666666665,0.0,0.0,0,9,1,4064,0,0,1.0,4,4,-5.406916926606379,2.435385061672233,6.149834208055388,2.685811974339774,4.1569263589522425,4,0.12,1,qubit_wise_commuting,1,4064,4064.0,4064,4,0,10,6,qaoa_maxcut,5.3936324076978135,0.10359251968503937,0,0,0,0.045586037278323666,0.11801457469093138,1.0302677021142825,0.027390139076482356,40,16256,1.606546
calibration,sha256:17fd1ec6006c85256e75eb09c623b2aa3111602d42a5a1b912522982c08c6934,sha256:17fd1ec6006c85256e75eb09c623b2aa3111602d42a5a1b912522982c08c6934-failure,3203,lih_vqe,noisy_sim,paper,high_change,cross_backend_context,,,B5,ibm_kyiv,ibm_brisbane,ibm_kyiv->ibm_brisbane,migrate:ibm_brisbane,migrate,1,1,1,6.0,1,1,0.023860000000000006,0.0016,0.0105,0.018,0.00336,0.022400000000000003,0.038400000000000004,0.00176,0.011900000000000003,0.020400000000000005,0.03406000000000001,1.0,1.0,0.9283666666666667,0.55,0.2783666666666667,0.1,0.0,0,9,4,4608,4,0,0.5,4,4,-7.819265955208687,0.07853312078771069,0.5578266783522711,0.06354446825745806,0.40790890005799857,20,0.085,1,qubit_wise_commuting,8,11264,1408.0,1408,20,0,40,5,entangling_ry_rz_brickwork,1.588774396741945,0.7691761363636364,0,0,0,0.0108737943037438,0.1376634830080464,0.07584526942209655,2.357536949482153e-05,168,5632,0.943683083
calibration,sha256:17fd1ec6006c85256e75eb09c623b2aa3111602d42a5a1b912522982c08c6934,sha256:17fd1ec6006c85256e75eb09c623b2aa3111602d42a5a1b912522982c08c6934-failure,3203,lih_vqe,noisy_sim,paper,high_change,same_backend_changed_context,,,B5,ibm_kyiv,ibm_kyiv,ibm_kyiv->ibm_kyiv,replay:ibm_kyiv,replay,1,1,1,8.0,0,1,0.016,0.0016,0.0105,0.018,0.00288,0.0189,0.0324,0.00128,0.0084,0.0144,0.024079999999999997,1.0,1.0,0.7366666666666667,0.55,0.18666666666666665,0.0,0.0,0,9,4,4608,4,0,0.5,4,4,-7.819265955208687,0.07853312078771069,0.5578266783522711,0.06354446825745806,0.40790890005799857,20,0.085,1,qubit_wise_commuting,8,11264,1408.0,1408,20,0,40,5,entangling_ry_rz_brickwork,1.588774396741945,0.7691761363636364,0,0,0,0.00794687939648231,0.11200816625339152,0.05460355291542883,5.0391654361270355e-05,168,5632,0.935153459
calibration,sha256:180fed63b847832f72a1947263c7a679019d465d8ba5ea3d0b2c8648dadc163f,sha256:180fed63b847832f72a1947263c7a679019d465d8ba5ea3d0b2c8648dadc163f-failure,3204,lih_vqe,noisy_sim,paper,safe_change,same_backend_changed_context,,,B5,ibm_kyiv,ibm_kyiv,ibm_kyiv->ibm_kyiv,replay:ibm_kyiv,replay,1,1,1,0.1,0,1,0.00020000000000000017,0.0016,0.0105,0.018,0.001616,0.010605000000000002,0.018179999999999998,1.5999999999999955e-05,0.00010500000000000093,0.0001799999999999996,0.0003010000000000005,1.0,1.0,0.013333333333333336,0.011000000000000001,0.0023333333333333353,0.0,0.0,1,9,4,4608,4,0,0.5,4,4,-7.6303409022718744,0.05596008991093093,0.49532302444160364,0.06003637581711087,0.33313320795337453,20,0.085,1,qubit_wise_commuting,8,11264,1408.0,1408,20,0,40,5,entangling_ry_rz_brickwork,1.510603338534905,0.7862215909090909,1,1,1,7.737873791580085e-05,0.0028084597212891162,0.0006771447202467844,0.0,0,0,0.961841541
calibration,sha256:1d49ed950abba9e67a718ea49e0fc7055b88323104a984c0c69812c06c7d79ef,sha256:1d49ed950abba9e67a718ea49e0fc7055b88323104a984c0c69812c06c7d79ef-failure,3202,lih_vqe,noisy_sim,paper,same_backend_delay,cross_backend_context,,,B5,ibm_kyiv,ibm_sherbrooke,ibm_kyiv->ibm_sherbrooke,migrate:ibm_sherbrooke,migrate,1,1,1,0.0,1,1,0.0018999999999999998,0.0016,0.0105,0.018,0.0012,0.0095,0.017,0.0004000000000000002,0.0010000000000000009,0.0009999999999999974,0.0023999999999999985,1.0,1.0,0.12216666666666667,0.0,0.02216666666666666,0.1,0.0,1,9,4,5120,4,0,0.5,4,4,-7.664444378694417,0.08425072438902514,0.6282929598752568,0.07507462799275672,0.40606582382208206,20,0.085,1,qubit_wise_commuting,8,12288,1536.0,1536,20,0,40,5,entangling_ry_rz_brickwork,1.637598244017144,0.7623697916666666,0,0,0,0.0003192942393601683,0.045620739555145624,0.010618677197128322,0.0017621263864997516,168,6144,0.933378542
calibration,sha256:1d49ed950abba9e67a718ea49e0fc7055b88323104a984c0c69812c06c7d79ef,sha256:1d49ed950abba9e67a718ea49e0fc7055b88323104a984c0c69812c06c7d79ef-failure,3202,lih_vqe,noisy_sim,paper,same_backend_delay,same_backend_changed_context,,,B5,ibm_kyiv,ibm_kyiv,ibm_kyiv->ibm_kyiv,replay:ibm_kyiv,replay,1,1,1,4.0,0,1,0.007999999999999998,0.0016,0.0105,0.018,0.00224,0.0147,0.025199999999999997,0.0006399999999999997,0.004199999999999999,0.007199999999999998,0.012039999999999997,1.0,1.0,0.5333333333333333,0.44000000000000006,0.09333333333333331,0.0,0.0,0,9,4,5120,4,0,0.5,4,4,-7.664444378694417,0.08425072438902514,0.6282929598752568,0.07507462799275672,0.40606582382208206,20,0.085,1,qubit_wise_commuting,8,12288,1536.0,1536,20,0,40,5,entangling_ry_rz_brickwork,1.637598244017144,0.7623697916666666,0,0,0,0.00048579208643317884,0.08079560008850842,0.028334190946353505,0.0,168,6144,0.935186084
calibration,sha256:1dca54398ad3e918c467fe1bf1764499a1b587bf13933fae41fa8fcd980188b5,sha256:1dca54398ad3e918c467fe1bf1764499a1b587bf13933fae41fa8fcd980188b5-failure,3204,h2_vqe,noisy_sim,paper,safe_change,same_backend_changed_context,,,B5,ibm_kyiv,ibm_kyiv,ibm_kyiv->ibm_kyiv,replay:ibm_kyiv,replay,1,1,1,0.1,0,1,0.00020000000000000017,0.0016,0.0105,0.018,0.001616,0.010605000000000002,0.018179999999999998,1.5999999999999955e-05,0.00010500000000000093,0.0001799999999999996,0.0003010000000000005,1.0,1.0,0.013333333333333336,0.011000000000000001,0.0023333333333333353,0.0,0.0,1,9,3,2976,4,0,0.42857142857142855,4,4,-2.0236640897723452,0.03515487376985882,0.27035026865584005,0.050240963326342314,0.1865673757997202,12,0.105,1,qubit_wise_commuting,7,8736,1248.0,1248,12,0,24,4,entangling_ry_rz_brickwork,0.9913416874340611,0.8565705128205128,1,1,1,0.0003202958428900615,0.029847443083943288,0.0003382606348288471,0.00030650044317503955,0,0,0.266056792
calibration,sha256:1f693072c1047bf9ad6b05bfd2ce6551a1ef1d05e2b0df0f63546567e8019b29,sha256:1f693072c1047bf9ad6b05bfd2ce6551a1ef1d05e2b0df0f63546567e8019b29-failure,3208,lih_vqe,noisy_sim,paper,same_backend_delay,cross_backend_context,,,B5,ibm_kyiv,ibm_sherbrooke,ibm_kyiv->ibm_sherbrooke,migrate:ibm_sherbrooke,migrate,1,1,1,0.0,1,1,0.0018999999999999998,0.0016,0.0105,0.018,0.0012,0.0095,0.017,0.0004000000000000002,0.0010000000000000009,0.0009999999999999974,0.0023999999999999985,1.0,1.0,0.12216666666666667,0.0,0.02216666666666666,0.1,0.0,1,9,4,5120,4,0,0.5,4,4,-7.748589501966552,0.08882639129214098,0.6107391663059288,0.06608345735153985,0.4201181202869818,20,0.085,1,qubit_wise_commuting,8,12288,1536.0,1536,20,0,40,5,entangling_ry_rz_brickwork,1.3937094986767222,0.810546875,0,0,0,0.0008260242823130426,0.04745329886658681,0.009856479253633156,0.0009266200700945859,168,6144,0.932768334
calibration,sha256:1f693072c1047bf9ad6b05bfd2ce6551a1ef1d05e2b0df0f63546567e8019b29,sha256:1f693072c1047bf9ad6b05bfd2ce6551a1ef1d05e2b0df0f63546567e8019b29-failure,3208,lih_vqe,noisy_sim,paper,same_backend_delay,same_backend_changed_context,,,B5,ibm_kyiv,ibm_kyiv,ibm_kyiv->ibm_kyiv,replay:ibm_kyiv,replay,1,1,1,4.0,0,1,0.007999999999999998,0.0016,0.0105,0.018,0.00224,0.0147,0.025199999999999997,0.0006399999999999997,0.004199999999999999,0.007199999999999998,0.012039999999999997,1.0,1.0,0.5333333333333333,0.44000000000000006,0.09333333333333331,0.0,0.0,0,9,4,5120,4,0,0.5,4,4,-7.748589501966552,0.08882639129214098,0.6107391663059288,0.06608345735153985,0.4201181202869818,20,0.085,1,qubit_wise_commuting,8,12288,1536.0,1536,20,0,40,5,entangling_ry_rz_brickwork,1.3937094986767222,0.810546875,0,0,0,0.0018856171434098457,0.0578714986073982,0.026829773742137405,0.0,168,6144,0.93861225
calibration,sha256:1f90de65023b0338d4dd818316dce2219e076e0186fdb5613d5634403a586ca1,sha256:1f90de65023b0338d4dd818316dce2219e076e0186fdb5613d5634403a586ca1-failure,3201,h2_vqe,noisy_sim,paper,cross_backend,cross_backend_context,,,B5,ibm_kyiv,ibm_brisbane,ibm_kyiv->ibm_brisbane,migrate:ibm_brisbane,migrate,1,1,1,0.0,1,1,0.007,0.0016,0.0105,0.018,0.0021,0.014,0.024,0.0004999999999999998,0.0034999999999999996,0.006000000000000002,0.010000000000000002,1.0,1.0,0.18166666666666667,0.0,0.08166666666666667,0.1,0.0,0,9,3,2976,4,0,0.42857142857142855,4,4,-1.9601021373667995,0.059197631063356626,0.35693250504074686,0.05943082158193482,0.3062226255313864,12,0.105,1,qubit_wise_commuting,7,8736,1248.0,1248,12,0,24,4,entangling_ry_rz_brickwork,1.1893771203948211,0.8197115384615384,0,0,0,0.0099157497237643,0.07252643890878266,0.011556066527604405,0.009100649142969486,104,4992,0.260269667
calibration,sha256:1f90de65023b0338d4dd818316dce2219e076e0186fdb5613d5634403a586ca1,sha256:1f90de65023b0338d4dd818316dce2219e076e0186fdb5613d5634403a586ca1-failure,3201,h2_vqe,noisy_sim,paper,cross_backend,cross_backend_context,,,B5,ibm_kyiv,ibm_sherbrooke,ibm_kyiv->ibm_sherbrooke,migrate:ibm_sherbrooke,migrate,1,1,1,0.0,1,1,0.0018999999999999998,0.0016,0.0105,0.018,0.0012,0.0095,0.017,0.0004000000000000002,0.0010000000000000009,0.0009999999999999974,0.0023999999999999985,1.0,1.0,0.12216666666666667,0.0,0.02216666666666666,0.1,0.0,1,9,3,2976,4,0,0.42857142857142855,4,4,-1.9601021373667995,0.059197631063356626,0.35693250504074686,0.05943082158193482,0.3062226255313864,12,0.105,1,qubit_wise_commuting,7,8736,1248.0,1248,12,0,24,4,entangling_ry_rz_brickwork,1.1893771203948211,0.8197115384615384,0,0,0,0.0050070132146493584,0.03356500381578809,0.00534275058017376,0.0,104,4992,0.261214084
calibration,sha256:209348f04360dd7aff250db72da2d34dbb86ab6e50dfde8e9472b3a47fdc0e1c,sha256:209348f04360dd7aff250db72da2d34dbb86ab6e50dfde8e9472b3a47fdc0e1c-failure,3206,h2_vqe,noisy_sim,paper,same_backend_delay,cross_backend_context,,,B5,ibm_kyiv,ibm_sherbrooke,ibm_kyiv->ibm_sherbrooke,migrate:ibm_sherbrooke,migrate,1,1,1,0.0,1,1,0.0018999999999999998,0.0016,0.0105,0.018,0.0012,0.0095,0.017,0.0004000000000000002,0.0010000000000000009,0.0009999999999999974,0.0023999999999999985,1.0,1.0,0.12216666666666667,0.0,0.02216666666666666,0.1,0.0,1,9,3,2976,4,0,0.42857142857142855,4,4,-2.009252593742569,0.027460155600799174,0.24638122786619204,0.043459222725931536,0.17536963560202462,12,0.105,1,qubit_wise_commuting,7,8736,1248.0,1248,12,0,24,4,entangling_ry_rz_brickwork,0.929523612042819,0.8693910256410257,0,0,0,0.005109512516242809,0.009436497899517277,0.005651888630753,0.0,104,4992,0.260584541
calibration,sha256:209348f04360dd7aff250db72da2d34dbb86ab6e50dfde8e9472b3a47fdc0e1c,sha256:209348f04360dd7aff250db72da2d34dbb86ab6e50dfde8e9472b3a47fdc0e1c-failure,3206,h2_vqe,noisy_sim,paper,same_backend_delay,same_backend_changed_context,,,B5,ibm_kyiv,ibm_kyiv,ibm_kyiv->ibm_kyiv,replay:ibm_kyiv,replay,1,1,1,4.0,0,1,0.007999999999999998,0.0016,0.0105,0.018,0.00224,0.0147,0.025199999999999997,0.0006399999999999997,0.004199999999999999,0.007199999999999998,0.012039999999999997,1.0,1.0,0.5333333333333333,0.44000000000000006,0.09333333333333331,0.0,0.0,0,9,3,2976,4,0,0.42857142857142855,4,4,-2.009252593742569,0.027460155600799174,0.24638122786619204,0.043459222725931536,0.17536963560202462,12,0.105,1,qubit_wise_commuting,7,8736,1248.0,1248,12,0,24,4,entangling_ry_rz_brickwork,0.929523612042819,0.8693910256410257,0,0,0,0.012440693985104279,0.0647912048364691,0.015407358781902233,0.011913811278163156,104,4992,0.267251708
calibration,sha256:21c440f9e5c3a3c6d161e6a54e2239004b149cf8902be1704150f4ba4c93b257,sha256:21c440f9e5c3a3c6d161e6a54e2239004b149cf8902be1704150f4ba4c93b257-failure,3207,h2_vqe,noisy_sim,paper,no_change,same_backend_no_change,,,B5,ibm_kyiv,ibm_kyiv,ibm_kyiv->ibm_kyiv,replay:ibm_kyiv,replay,1,1,1,0.0,0,1,0.0,0.0016,0.0105,0.018,0.0016,0.0105,0.018,0.0,0.0,0.0,0.0,1.0,1.0,0.0,0.0,0.0,0.0,0.0,1,9,3,2976,4,0,0.42857142857142855,4,4,-1.9621570999641458,0.06374967188126046,0.35588426269511964,0.06949420903304539,0.23825478883452927,12,0.105,1,qubit_wise_commuting,7,8736,1248.0,1248,12,0,24,4,entangling_ry_rz_brickwork,1.0852529303149812,0.8341346153846154,1,1,1,0.0,0.0,0.0,0.0,0,0,0.259442375
calibration,sha256:248f6fae0e875b00ac227423b2c1e1ff1db92c0d53c1d32c4e02ac99e84e0f2d,sha256:248f6fae0e875b00ac227423b2c1e1ff1db92c0d53c1d32c4e02ac99e84e0f2d-failure,3207,lih_vqe,noisy_sim,paper,no_change,same_backend_no_change,,,B5,ibm_kyiv,ibm_kyiv,ibm_kyiv->ibm_kyiv,replay:ibm_kyiv,replay,1,1,1,0.0,0,1,0.0,0.0016,0.0105,0.018,0.0016,0.0105,0.018,0.0,0.0,0.0,0.0,1.0,1.0,0.0,0.0,0.0,0.0,0.0,1,9,4,5120,4,0,0.5,4,4,-7.549577733268277,0.07945046398903077,0.6023106832048946,0.07254746524202499,0.3889754678576354,20,0.085,1,qubit_wise_commuting,8,12288,1536.0,1536,20,0,40,5,entangling_ry_rz_brickwork,1.6065989214985639,0.7630208333333334,1,1,1,0.0,0.0,0.0,0.0,0,0,0.927579208
calibration,sha256:251792c9ffcf4653c0380b5ff5b0f8f91af9a8a71801fd6e64a7cd3d3f7092f2,sha256:251792c9ffcf4653c0380b5ff5b0f8f91af9a8a71801fd6e64a7cd3d3f7092f2-failure,3206,qaoa_maxcut,noisy_sim,paper,safe_change,same_backend_changed_context,,,B5,ibm_kyiv,ibm_kyiv,ibm_kyiv->ibm_kyiv,replay:ibm_kyiv,replay,1,1,1,0.1,0,1,0.00020000000000000017,0.0016,0.0105,0.018,0.001616,0.010605000000000002,0.018179999999999998,1.5999999999999955e-05,0.00010500000000000093,0.0001799999999999996,0.0003010000000000005,1.0,1.0,0.013333333333333336,0.011000000000000001,0.0023333333333333353,0.0,0.0,1,9,1,4128,0,0,1.0,4,4,-6.320445700672203,2.542464911220978,8.082579638887832,3.6323456151097853,6.295761213828399,4,0.12,1,qubit_wise_commuting,1,4128,4128.0,4128,4,0,10,6,qaoa_maxcut,5.7535453202464515,0.07146317829457365,1,1,1,0.01202422586719809,0.0042749636936353745,0.0321967119547825,0.0,0,0,1.62475275
calibration,sha256:268c5a7e92531784abae34f5cdb233c4b206151dd55a5e75d24d1c45a79686c0,sha256:268c5a7e92531784abae34f5cdb233c4b206151dd55a5e75d24d1c45a79686c0-failure,3202,lih_vqe,noisy_sim,paper,no_change,same_backend_no_change,,,B5,ibm_kyiv,ibm_kyiv,ibm_kyiv->ibm_kyiv,replay:ibm_kyiv,replay,1,1,1,0.0,0,1,0.0,0.0016,0.0105,0.018,0.0016,0.0105,0.018,0.0,0.0,0.0,0.0,1.0,1.0,0.0,0.0,0.0,0.0,0.0,1,9,4,5120,4,0,0.5,4,4,-7.664444378694417,0.08425072438902514,0.6282929598752568,0.07507462799275672,0.40606582382208206,20,0.085,1,qubit_wise_commuting,8,12288,1536.0,1536,20,0,40,5,entangling_ry_rz_brickwork,1.637598244017144,0.7623697916666666,1,1,1,0.0,0.0,0.0,0.0,0,0,0.9277625
calibration,sha256:282a40d3ad14fb60e3dda0d6b3f0f055c7effeeb81b8c3747caa384d5d9328f0,sha256:282a40d3ad14fb60e3dda0d6b3f0f055c7effeeb81b8c3747caa384d5d9328f0-failure,3204,qaoa_maxcut,noisy_sim,paper,cross_backend,cross_backend_context,,,B5,ibm_kyiv,ibm_brisbane,ibm_kyiv->ibm_brisbane,migrate:ibm_brisbane,migrate,1,1,1,0.0,1,1,0.007,0.0016,0.0105,0.018,0.0021,0.014,0.024,0.0004999999999999998,0.0034999999999999996,0.006000000000000002,0.010000000000000002,1.0,1.0,0.18166666666666667,0.0,0.08166666666666667,0.1,0.0,0,9,1,4128,0,0,1.0,4,4,-6.33407638187398,3.493113654880361,13.408464414219573,4.5106097785406245,12.985167602880354,4,0.12,1,qubit_wise_commuting,1,4128,4128.0,4128,4,0,10,6,qaoa_maxcut,5.782781976964548,0.06346899224806202,0,0,0,0.11168498175811159,0.16004047624531723,1.3234685353979927,0.005828046772347051,40,16512,1.731307333
calibration,sha256:282a40d3ad14fb60e3dda0d6b3f0f055c7effeeb81b8c3747caa384d5d9328f0,sha256:282a40d3ad14fb60e3dda0d6b3f0f055c7effeeb81b8c3747caa384d5d9328f0-failure,3204,qaoa_maxcut,noisy_sim,paper,cross_backend,cross_backend_context,,,B5,ibm_kyiv,ibm_sherbrooke,ibm_kyiv->ibm_sherbrooke,migrate:ibm_sherbrooke,migrate,1,1,1,0.0,1,1,0.0018999999999999998,0.0016,0.0105,0.018,0.0012,0.0095,0.017,0.0004000000000000002,0.0010000000000000009,0.0009999999999999974,0.0023999999999999985,1.0,1.0,0.12216666666666667,0.0,0.02216666666666666,0.1,0.0,1,9,1,4128,0,0,1.0,4,4,-6.33407638187398,3.493113654880361,13.408464414219573,4.5106097785406245,12.985167602880354,4,0.12,1,qubit_wise_commuting,1,4128,4128.0,4128,4,0,10,6,qaoa_maxcut,5.782781976964548,0.06346899224806202,0,0,0,0.462536860613727,0.1296452875432795,1.3156471358171378,0.0,40,16512,1.611663875
calibration,sha256:2a46843b9532a5d0e037bf1d80e760c5a68fe65139406b4fd4e017339b014e81,sha256:2a46843b9532a5d0e037bf1d80e760c5a68fe65139406b4fd4e017339b014e81-failure,3204,lih_vqe,noisy_sim,paper,same_backend_delay,cross_backend_context,,,B5,ibm_kyiv,ibm_sherbrooke,ibm_kyiv->ibm_sherbrooke,migrate:ibm_sherbrooke,migrate,1,1,1,0.0,1,1,0.0018999999999999998,0.0016,0.0105,0.018,0.0012,0.0095,0.017,0.0004000000000000002,0.0010000000000000009,0.0009999999999999974,0.0023999999999999985,1.0,1.0,0.12216666666666667,0.0,0.02216666666666666,0.1,0.0,1,9,4,4608,4,0,0.5,4,4,-7.6303409022718744,0.05596008991093093,0.49532302444160364,0.06003637581711087,0.33313320795337453,20,0.085,1,qubit_wise_commuting,8,11264,1408.0,1408,20,0,40,5,entangling_ry_rz_brickwork,1.510603338534905,0.7862215909090909,0,0,0,0.001027861173199085,0.024860136379133962,0.009882599326064535,0.0021863055953703636,168,5632,0.933899041
calibration,sha256:2a46843b9532a5d0e037bf1d80e760c5a68fe65139406b4fd4e017339b014e81,sha256:2a46843b9532a5d0e037bf1d80e760c5a68fe65139406b4fd4e017339b014e81-failure,3204,lih_vqe,noisy_sim,paper,same_backend_delay,same_backend_changed_context,,,B5,ibm_kyiv,ibm_kyiv,ibm_kyiv->ibm_kyiv,replay:ibm_kyiv,replay,1,1,1,4.0,0,1,0.007999999999999998,0.0016,0.0105,0.018,0.00224,0.0147,0.025199999999999997,0.0006399999999999997,0.004199999999999999,0.007199999999999998,0.012039999999999997,1.0,1.0,0.5333333333333333,0.44000000000000006,0.09333333333333331,0.0,0.0,0,9,4,4608,4,0,0.5,4,4,-7.6303409022718744,0.05596008991093093,0.49532302444160364,0.06003637581711087,0.33313320795337453,20,0.085,1,qubit_wise_commuting,8,11264,1408.0,1408,20,0,40,5,entangling_ry_rz_brickwork,1.510603338534905,0.7862215909090909,0,0,0,0.0031146813575801957,0.05651322354563492,0.02672364074548484,0.0,168,5632,0.937253125
calibration,sha256:2b432e9f777024f8b530df190990efb5e87dc88c76118aff98cc24d064c6b5bf,sha256:2b432e9f777024f8b530df190990efb5e87dc88c76118aff98cc24d064c6b5bf-failure,3204,lih_vqe,noisy_sim,paper,no_change,same_backend_no_change,,,B5,ibm_kyiv,ibm_kyiv,ibm_kyiv->ibm_kyiv,replay:ibm_kyiv,replay,1,1,1,0.0,0,1,0.0,0.0016,0.0105,0.018,0.0016,0.0105,0.018,0.0,0.0,0.0,0.0,1.0,1.0,0.0,0.0,0.0,0.0,0.0,1,9,4,4608,4,0,0.5,4,4,-7.6303409022718744,0.05596008991093093,0.49532302444160364,0.06003637581711087,0.33313320795337453,20,0.085,1,qubit_wise_commuting,8,11264,1408.0,1408,20,0,40,5,entangling_ry_rz_brickwork,1.510603338534905,0.7862215909090909,1,1,1,0.0,0.0,0.0,0.0,0,0,0.951890375
calibration,sha256:2c9fc9e2518fc2607654fa37037f6f9591c802363f14f29e2136cf3fc6b44550,sha256:2c9fc9e2518fc2607654fa37037f6f9591c802363f14f29e2136cf3fc6b44550-failure,3203,lih_vqe,noisy_sim,paper,no_change,same_backend_no_change,,,B5,ibm_kyiv,ibm_kyiv,ibm_kyiv->ibm_kyiv,replay:ibm_kyiv,replay,1,1,1,0.0,0,1,0.0,0.0016,0.0105,0.018,0.0016,0.0105,0.018,0.0,0.0,0.0,0.0,1.0,1.0,0.0,0.0,0.0,0.0,0.0,1,9,4,4608,4,0,0.5,4,4,-7.819265955208687,0.07853312078771069,0.5578266783522711,0.06354446825745806,0.40790890005799857,20,0.085,1,qubit_wise_commuting,8,11264,1408.0,1408,20,0,40,5,entangling_ry_rz_brickwork,1.588774396741945,0.7691761363636364,1,1,1,0.0,0.0,0.0,0.0,0,0,0.9354185
calibration,sha256:2d271ea07fd597beab620ca832ca29891f2a20ee97d33f820b9eaa37e760ac44,sha256:2d271ea07fd597beab620ca832ca29891f2a20ee97d33f820b9eaa37e760ac44-failure,3208,h2_vqe,noisy_sim,paper,no_change,same_backend_no_change,,,B5,ibm_kyiv,ibm_kyiv,ibm_kyiv->ibm_kyiv,replay:ibm_kyiv,replay,1,1,1,0.0,0,1,0.0,0.0016,0.0105,0.018,0.0016,0.0105,0.018,0.0,0.0,0.0,0.0,1.0,1.0,0.0,0.0,0.0,0.0,0.0,1,9,3,2976,4,0,0.42857142857142855,4,4,-1.9676115360241655,0.046455170287248215,0.3264084925345467,0.06000286114979669,0.27696583613285125,12,0.105,1,qubit_wise_commuting,7,8736,1248.0,1248,12,0,24,4,entangling_ry_rz_brickwork,1.0616927521540047,0.8461538461538461,1,1,1,0.0,0.0,0.0,0.0,0,0,0.264150459
calibration,sha256:2e15ce4f3e10f612ea1cac589fb4ca9508edfccd80e700e97673734d9f14bfe1,sha256:2e15ce4f3e10f612ea1cac589fb4ca9508edfccd80e700e97673734d9f14bfe1-failure,3205,lih_vqe,noisy_sim,paper,no_change,same_backend_no_change,,,B5,ibm_kyiv,ibm_kyiv,ibm_kyiv->ibm_kyiv,replay:ibm_kyiv,replay,1,1,1,0.0,0,1,0.0,0.0016,0.0105,0.018,0.0016,0.0105,0.018,0.0,0.0,0.0,0.0,1.0,1.0,0.0,0.0,0.0,0.0,0.0,1,9,4,5120,4,0,0.5,4,4,-7.745214518143432,0.09610568275234588,0.6356132619782277,0.07833923028080145,0.4339084564768984,20,0.085,1,qubit_wise_commuting,8,12288,1536.0,1536,20,0,40,5,entangling_ry_rz_brickwork,2.0232081214900655,0.669921875,1,1,1,0.0,0.0,0.0,0.0,0,0,0.931034375
calibration,sha256:30945dd6ebabffb11291f07cb58c638e5e52f3cad0aff0edeba4207d6c557b77,sha256:30945dd6ebabffb11291f07cb58c638e5e52f3cad0aff0edeba4207d6c557b77-failure,3205,h2_vqe,noisy_sim,paper,high_change,cross_backend_context,,,B5,ibm_kyiv,ibm_brisbane,ibm_kyiv->ibm_brisbane,migrate:ibm_brisbane,migrate,1,1,1,6.0,1,1,0.023860000000000006,0.0016,0.0105,0.018,0.00336,0.022400000000000003,0.038400000000000004,0.00176,0.011900000000000003,0.020400000000000005,0.03406000000000001,1.0,1.0,0.9283666666666667,0.55,0.2783666666666667,0.1,0.0,0,9,3,2976,4,0,0.42857142857142855,4,4,-1.934479869263147,0.05718663583871364,0.36271255454705154,0.07397019557239506,0.25046852980843415,12,0.105,1,qubit_wise_commuting,7,8736,1248.0,1248,12,0,24,4,entangling_ry_rz_brickwork,1.0554526220034204,0.8461538461538461,0,0,0,0.0325808576913349,0.09589547830141416,0.042336960011258945,0.029493555973159946,104,4992,0.261236042
calibration,sha256:30945dd6ebabffb11291f07cb58c638e5e52f3cad0aff0edeba4207d6c557b77,sha256:30945dd6ebabffb11291f07cb58c638e5e52f3cad0aff0edeba4207d6c557b77-failure,3205,h2_vqe,noisy_sim,paper,high_change,same_backend_changed_context,,,B5,ibm_kyiv,ibm_kyiv,ibm_kyiv->ibm_kyiv,replay:ibm_kyiv,replay,1,1,1,8.0,0,1,0.016,0.0016,0.0105,0.018,0.00288,0.0189,0.0324,0.00128,0.0084,0.0144,0.024079999999999997,1.0,1.0,0.7366666666666667,0.55,0.18666666666666665,0.0,0.0,0,9,3,2976,4,0,0.42857142857142855,4,4,-1.934479869263147,0.05718663583871364,0.36271255454705154,0.07397019557239506,0.25046852980843415,12,0.105,1,qubit_wise_commuting,7,8736,1248.0,1248,12,0,24,4,entangling_ry_rz_brickwork,1.0554526220034204,0.8461538461538461,0,0,0,0.02342873348174601,0.06918851689083091,0.030285775375761995,0.021202547052921572,104,4992,0.260857208
calibration,sha256:3119f0f49aea9ba2875f781f31e1231caa4dca427706778ac027595f7874623b,sha256:3119f0f49aea9ba2875f781f31e1231caa4dca427706778ac027595f7874623b-failure,3206,lih_vqe,noisy_sim,paper,safe_change,same_backend_changed_context,,,B5,ibm_kyiv,ibm_kyiv,ibm_kyiv->ibm_kyiv,replay:ibm_kyiv,replay,1,1,1,0.1,0,1,0.00020000000000000017,0.0016,0.0105,0.018,0.001616,0.010605000000000002,0.018179999999999998,1.5999999999999955e-05,0.00010500000000000093,0.0001799999999999996,0.0003010000000000005,1.0,1.0,0.013333333333333336,0.011000000000000001,0.0023333333333333353,0.0,0.0,1,9,4,5120,4,0,0.5,4,4,-7.926923329428529,0.09803869690081335,0.6264946008411444,0.0692858631715381,0.4378132424175717,20,0.085,1,qubit_wise_commuting,8,12288,1536.0,1536,20,0,40,5,entangling_ry_rz_brickwork,1.785366245952716,0.7317708333333334,1,1,1,0.00017081514204519976,0.0022557611864106025,0.0006917609440826446,4.2244585094941556e-05,0,0,0.932947083
calibration,sha256:3266fd00a01ced62bb940fbab9a9fb8f6f1d62628868ced63dabdba88e873afd,sha256:3266fd00a01ced62bb940fbab9a9fb8f6f1d62628868ced63dabdba88e873afd-failure,3206,h2_vqe,noisy_sim,paper,high_change,cross_backend_context,,,B5,ibm_kyiv,ibm_brisbane,ibm_kyiv->ibm_brisbane,migrate:ibm_brisbane,migrate,1,1,1,6.0,1,1,0.023860000000000006,0.0016,0.0105,0.018,0.00336,0.022400000000000003,0.038400000000000004,0.00176,0.011900000000000003,0.020400000000000005,0.03406000000000001,1.0,1.0,0.9283666666666667,0.55,0.2783666666666667,0.1,0.0,0,9,3,2976,4,0,0.42857142857142855,4,4,-2.009252593742569,0.027460155600799174,0.24638122786619204,0.043459222725931536,0.17536963560202462,12,0.105,1,qubit_wise_commuting,7,8736,1248.0,1248,12,0,24,4,entangling_ry_rz_brickwork,0.929523612042819,0.8693910256410257,0,0,0,0.03434756824009577,0.11773163545544343,0.042883078816198,0.032908169675073484,104,4992,0.260489583
calibration,sha256:3266fd00a01ced62bb940fbab9a9fb8f6f1d62628868ced63dabdba88e873afd,sha256:3266fd00a01ced62bb940fbab9a9fb8f6f1d62628868ced63dabdba88e873afd-failure,3206,h2_vqe,noisy_sim,paper,high_change,same_backend_changed_context,,,B5,ibm_kyiv,ibm_kyiv,ibm_kyiv->ibm_kyiv,replay:ibm_kyiv,replay,1,1,1,8.0,0,1,0.016,0.0016,0.0105,0.018,0.00288,0.0189,0.0324,0.00128,0.0084,0.0144,0.024079999999999997,1.0,1.0,0.7366666666666667,0.55,0.18666666666666665,0.0,0.0,0,9,3,2976,4,0,0.42857142857142855,4,4,-2.009252593742569,0.027460155600799174,0.24638122786619204,0.043459222725931536,0.17536963560202462,12,0.105,1,qubit_wise_commuting,7,8736,1248.0,1248,12,0,24,4,entangling_ry_rz_brickwork,0.929523612042819,0.8693910256410257,0,0,0,0.02468867100887362,0.09921126774593488,0.03067391865841747,0.023650658845179695,104,4992,0.262700416
calibration,sha256:336a37c57be1be7c59fc497e22b258c6aaa5ccb3c82edfb02626b0fcf0e64b61,sha256:336a37c57be1be7c59fc497e22b258c6aaa5ccb3c82edfb02626b0fcf0e64b61-failure,3202,adapt_vqe,noisy_sim,paper,same_backend_delay,cross_backend_context,,,B6,ibm_kyiv,ibm_sherbrooke,ibm_kyiv->ibm_sherbrooke,migrate:ibm_sherbrooke,migrate,1,1,1,0.0,1,1,0.0018999999999999998,0.0016,0.0105,0.018,0.0012,0.0095,0.017,0.0004000000000000002,0.0010000000000000009,0.0009999999999999974,0.0023999999999999985,1.0,1.0,0.12216666666666667,0.0,0.02216666666666666,0.1,0.0,1,15,0,0,8,0,0.0,4,4,-7.455507380414461,0.004140304883911483,0.14751543397508504,0.04480115796491776,0.10633948080277142,6,0.08,1,qubit_wise_commuting,8,8704,1088.0,1088,6,6,40,5,adapt_pauli_pool,0.7629243331199778,0.8961397058823529,0,0,0,0.0006823808196907422,0.008216704055385292,0.0013462329881524472,0.0006958512340693446,56,4352,0.100536708
calibration,sha256:336a37c57be1be7c59fc497e22b258c6aaa5ccb3c82edfb02626b0fcf0e64b61,sha256:336a37c57be1be7c59fc497e22b258c6aaa5ccb3c82edfb02626b0fcf0e64b61-failure,3202,adapt_vqe,noisy_sim,paper,same_backend_delay,same_backend_changed_context,,,B6,ibm_kyiv,ibm_kyiv,ibm_kyiv->ibm_kyiv,replay:ibm_kyiv,replay,1,1,1,4.0,0,1,0.007999999999999998,0.0016,0.0105,0.018,0.00224,0.0147,0.025199999999999997,0.0006399999999999997,0.004199999999999999,0.007199999999999998,0.012039999999999997,1.0,1.0,0.5333333333333333,0.44000000000000006,0.09333333333333331,0.0,0.0,0,15,0,0,8,0,0.0,4,4,-7.455507380414461,0.004140304883911483,0.14751543397508504,0.04480115796491776,0.10633948080277142,6,0.08,1,qubit_wise_commuting,8,8704,1088.0,1088,6,6,40,5,adapt_pauli_pool,0.7629243331199778,0.8961397058823529,0,0,0,0.0023233373486384323,0.07299860642848445,0.0021509664977748828,0.0,56,4352,0.103131833
calibration,sha256:3568f7dca7a5aa8c7f33776c20f634e1bcd75b190aea1363a4d6c28b10e72392,sha256:3568f7dca7a5aa8c7f33776c20f634e1bcd75b190aea1363a4d6c28b10e72392-failure,3204,qaoa_maxcut,noisy_sim,paper,same_backend_delay,cross_backend_context,,,B5,ibm_kyiv,ibm_sherbrooke,ibm_kyiv->ibm_sherbrooke,migrate:ibm_sherbrooke,migrate,1,1,1,0.0,1,1,0.0018999999999999998,0.0016,0.0105,0.018,0.0012,0.0095,0.017,0.0004000000000000002,0.0010000000000000009,0.0009999999999999974,0.0023999999999999985,1.0,1.0,0.12216666666666667,0.0,0.02216666666666666,0.1,0.0,1,9,1,4128,0,0,1.0,4,4,-6.33407638187398,3.493113654880361,13.408464414219573,4.5106097785406245,12.985167602880354,4,0.12,1,qubit_wise_commuting,1,4128,4128.0,4128,4,0,10,6,qaoa_maxcut,5.782781976964548,0.06346899224806202,0,0,0,0.462536860613727,0.1296452875432795,1.3156471358171378,0.0,40,16512,1.900799625
calibration,sha256:3568f7dca7a5aa8c7f33776c20f634e1bcd75b190aea1363a4d6c28b10e72392,sha256:3568f7dca7a5aa8c7f33776c20f634e1bcd75b190aea1363a4d6c28b10e72392-failure,3204,qaoa_maxcut,noisy_sim,paper,same_backend_delay,same_backend_changed_context,,,B5,ibm_kyiv,ibm_kyiv,ibm_kyiv->ibm_kyiv,replay:ibm_kyiv,replay,1,1,1,4.0,0,1,0.007999999999999998,0.0016,0.0105,0.018,0.00224,0.0147,0.025199999999999997,0.0006399999999999997,0.004199999999999999,0.007199999999999998,0.012039999999999997,1.0,1.0,0.5333333333333333,0.44000000000000006,0.09333333333333331,0.0,0.0,0,9,1,4128,0,0,1.0,4,4,-6.33407638187398,3.493113654880361,13.408464414219573,4.5106097785406245,12.985167602880354,4,0.12,1,qubit_wise_commuting,1,4128,4128.0,4128,4,0,10,6,qaoa_maxcut,5.782781976964548,0.06346899224806202,0,0,0,0.08406556118671471,0.10598042594454858,1.6432524753716393,0.006695674274438623,40,16512,1.619581167
calibration,sha256:364f60e42d82ad341e99625c15a2e465952eb513e1b47761eeb39eda85a23617,sha256:364f60e42d82ad341e99625c15a2e465952eb513e1b47761eeb39eda85a23617-failure,3201,h2_vqe,noisy_sim,paper,safe_change,same_backend_changed_context,,,B5,ibm_kyiv,ibm_kyiv,ibm_kyiv->ibm_kyiv,replay:ibm_kyiv,replay,1,1,1,0.1,0,1,0.00020000000000000017,0.0016,0.0105,0.018,0.001616,0.010605000000000002,0.018179999999999998,1.5999999999999955e-05,0.00010500000000000093,0.0001799999999999996,0.0003010000000000005,1.0,1.0,0.013333333333333336,0.011000000000000001,0.0023333333333333353,0.0,0.0,1,9,3,2976,4,0,0.42857142857142855,4,4,-1.9601021373667995,0.059197631063356626,0.35693250504074686,0.05943082158193482,0.3062226255313864,12,0.105,1,qubit_wise_commuting,7,8736,1248.0,1248,12,0,24,4,entangling_ry_rz_brickwork,1.1893771203948211,0.8197115384615384,1,1,1,0.0003070618803695524,0.002949203326669598,0.0003556798036323626,0.0002817640199674898,0,0,0.260404
calibration,sha256:36d0331d9c9b163dca505eb3178f6212a760a43a5d2d7fa17692b414b652576c,sha256:36d0331d9c9b163dca505eb3178f6212a760a43a5d2d7fa17692b414b652576c-failure,3204,adapt_vqe,noisy_sim,paper,no_change,same_backend_no_change,,,B6,ibm_kyiv,ibm_kyiv,ibm_kyiv->ibm_kyiv,replay:ibm_kyiv,replay,1,1,1,0.0,0,1,0.0,0.0016,0.0105,0.018,0.0016,0.0105,0.018,0.0,0.0,0.0,0.0,1.0,1.0,0.0,0.0,0.0,0.0,0.0,1,15,0,0,8,0,0.0,4,4,-7.472912484581944,0.00721281844689603,0.20100657412148223,0.05752096359508294,0.15521090297192014,6,0.08,1,qubit_wise_commuting,8,8704,1088.0,1088,6,6,40,5,adapt_pauli_pool,0.6933511506975439,0.9025735294117647,1,1,1,0.0,0.0,0.0,0.0,0,0,0.094325167
calibration,sha256:37057f783e504a61b0a9a2fae666355609024cf190ba0b8282eba6debbda0347,sha256:37057f783e504a61b0a9a2fae666355609024cf190ba0b8282eba6debbda0347-failure,3204,adapt_vqe,noisy_sim,paper,same_backend_delay,cross_backend_context,,,B6,ibm_kyiv,ibm_sherbrooke,ibm_kyiv->ibm_sherbrooke,migrate:ibm_sherbrooke,migrate,1,1,1,0.0,1,1,0.0018999999999999998,0.0016,0.0105,0.018,0.0012,0.0095,0.017,0.0004000000000000002,0.0010000000000000009,0.0009999999999999974,0.0023999999999999985,1.0,1.0,0.12216666666666667,0.0,0.02216666666666666,0.1,0.0,1,15,0,0,8,0,0.0,4,4,-7.472912484581944,0.00721281844689603,0.20100657412148223,0.05752096359508294,0.15521090297192014,6,0.08,1,qubit_wise_commuting,8,8704,1088.0,1088,6,6,40,5,adapt_pauli_pool,0.6933511506975439,0.9025735294117647,0,0,0,0.000648958322410742,0.042873764126801946,0.0013335395498341432,0.0006746060395323994,56,4352,0.094572083
calibration,sha256:37057f783e504a61b0a9a2fae666355609024cf190ba0b8282eba6debbda0347,sha256:37057f783e504a61b0a9a2fae666355609024cf190ba0b8282eba6debbda0347-failure,3204,adapt_vqe,noisy_sim,paper,same_backend_delay,same_backend_changed_context,,,B6,ibm_kyiv,ibm_kyiv,ibm_kyiv->ibm_kyiv,replay:ibm_kyiv,replay,1,1,1,4.0,0,1,0.007999999999999998,0.0016,0.0105,0.018,0.00224,0.0147,0.025199999999999997,0.0006399999999999997,0.004199999999999999,0.007199999999999998,0.012039999999999997,1.0,1.0,0.5333333333333333,0.44000000000000006,0.09333333333333331,0.0,0.0,0,15,0,0,8,0,0.0,4,4,-7.472912484581944,0.00721281844689603,0.20100657412148223,0.05752096359508294,0.15521090297192014,6,0.08,1,qubit_wise_commuting,8,8704,1088.0,1088,6,6,40,5,adapt_pauli_pool,0.6933511506975439,0.9025735294117647,0,0,0,0.0022699351941239954,0.05645455279135656,0.0021309382712653524,0.0,56,4352,0.094846458
calibration,sha256:3802680cd8bff34d9b135da880cd23e6090b71adb844c1593ea03e1045512883,sha256:3802680cd8bff34d9b135da880cd23e6090b71adb844c1593ea03e1045512883-failure,3201,h2_vqe,noisy_sim,paper,same_backend_delay,cross_backend_context,,,B5,ibm_kyiv,ibm_sherbrooke,ibm_kyiv->ibm_sherbrooke,migrate:ibm_sherbrooke,migrate,1,1,1,0.0,1,1,0.0018999999999999998,0.0016,0.0105,0.018,0.0012,0.0095,0.017,0.0004000000000000002,0.0010000000000000009,0.0009999999999999974,0.0023999999999999985,1.0,1.0,0.12216666666666667,0.0,0.02216666666666666,0.1,0.0,1,9,3,2976,4,0,0.42857142857142855,4,4,-1.9601021373667995,0.059197631063356626,0.35693250504074686,0.05943082158193482,0.3062226255313864,12,0.105,1,qubit_wise_commuting,7,8736,1248.0,1248,12,0,24,4,entangling_ry_rz_brickwork,1.1893771203948211,0.8197115384615384,0,0,0,0.0050070132146493584,0.03356500381578809,0.00534275058017376,0.0,104,4992,0.289496125
calibration,sha256:3802680cd8bff34d9b135da880cd23e6090b71adb844c1593ea03e1045512883,sha256:3802680cd8bff34d9b135da880cd23e6090b71adb844c1593ea03e1045512883-failure,3201,h2_vqe,noisy_sim,paper,same_backend_delay,same_backend_changed_context,,,B5,ibm_kyiv,ibm_kyiv,ibm_kyiv->ibm_kyiv,replay:ibm_kyiv,replay,1,1,1,4.0,0,1,0.007999999999999998,0.0016,0.0105,0.018,0.00224,0.0147,0.025199999999999997,0.0006399999999999997,0.004199999999999999,0.007199999999999998,0.012039999999999997,1.0,1.0,0.5333333333333333,0.44000000000000006,0.09333333333333331,0.0,0.0,0,9,3,2976,4,0,0.42857142857142855,4,4,-1.9601021373667995,0.059197631063356626,0.35693250504074686,0.05943082158193482,0.3062226255313864,12,0.105,1,qubit_wise_commuting,7,8736,1248.0,1248,12,0,24,4,entangling_ry_rz_brickwork,1.1893771203948211,0.8197115384615384,0,0,0,0.01218718633272009,0.06077959469659953,0.01416727535356415,0.011189410345920692,104,4992,0.284350334
calibration,sha256:3acecf52e6bece4657e53c589494fc7a79f8e94cbe6ffae09b165a0df6c9d97c,sha256:3acecf52e6bece4657e53c589494fc7a79f8e94cbe6ffae09b165a0df6c9d97c-failure,3207,lih_vqe,noisy_sim,paper,safe_change,same_backend_changed_context,,,B5,ibm_kyiv,ibm_kyiv,ibm_kyiv->ibm_kyiv,replay:ibm_kyiv,replay,1,1,1,0.1,0,1,0.00020000000000000017,0.0016,0.0105,0.018,0.001616,0.010605000000000002,0.018179999999999998,1.5999999999999955e-05,0.00010500000000000093,0.0001799999999999996,0.0003010000000000005,1.0,1.0,0.013333333333333336,0.011000000000000001,0.0023333333333333353,0.0,0.0,1,9,4,5120,4,0,0.5,4,4,-7.549577733268277,0.07945046398903077,0.6023106832048946,0.07254746524202499,0.3889754678576354,20,0.085,1,qubit_wise_commuting,8,12288,1536.0,1536,20,0,40,5,entangling_ry_rz_brickwork,1.6065989214985639,0.7630208333333334,1,1,1,8.259481908989841e-05,0.0025343058395872137,0.000720047830235502,0.0,0,0,0.9470775
calibration,sha256:3ee9f23a8090cf9ee2f83654964f3a1a5662b69483bf8ca47ef499f2d9d4b195,sha256:3ee9f23a8090cf9ee2f83654964f3a1a5662b69483bf8ca47ef499f2d9d4b195-failure,3201,h2_vqe,noisy_sim,paper,no_change,same_backend_no_change,,,B5,ibm_kyiv,ibm_kyiv,ibm_kyiv->ibm_kyiv,replay:ibm_kyiv,replay,1,1,1,0.0,0,1,0.0,0.0016,0.0105,0.018,0.0016,0.0105,0.018,0.0,0.0,0.0,0.0,1.0,1.0,0.0,0.0,0.0,0.0,0.0,1,9,3,2976,4,0,0.42857142857142855,4,4,-1.9601021373667995,0.059197631063356626,0.35693250504074686,0.05943082158193482,0.3062226255313864,12,0.105,1,qubit_wise_commuting,7,8736,1248.0,1248,12,0,24,4,entangling_ry_rz_brickwork,1.1893771203948211,0.8197115384615384,1,1,1,0.0,0.0,0.0,0.0,0,0,0.2653335
calibration,sha256:3f0e32dc4134692624b9ed186041a91ce47002eb48cc67f949fd8ae2edc46918,sha256:3f0e32dc4134692624b9ed186041a91ce47002eb48cc67f949fd8ae2edc46918-failure,3204,adapt_vqe,noisy_sim,paper,high_change,cross_backend_context,,,B6,ibm_kyiv,ibm_brisbane,ibm_kyiv->ibm_brisbane,migrate:ibm_brisbane,migrate,1,1,1,6.0,1,1,0.023860000000000006,0.0016,0.0105,0.018,0.00336,0.022400000000000003,0.038400000000000004,0.00176,0.011900000000000003,0.020400000000000005,0.03406000000000001,1.0,1.0,0.9283666666666667,0.55,0.2783666666666667,0.1,0.0,0,15,0,0,8,0,0.0,4,4,-7.472912484581944,0.00721281844689603,0.20100657412148223,0.05752096359508294,0.15521090297192014,6,0.08,1,qubit_wise_commuting,8,8704,1088.0,1088,6,6,40,5,adapt_pauli_pool,0.6933511506975439,0.9025735294117647,0,0,0,0.006373140827188095,0.10822110503335193,0.005852022694511277,0.0,56,4352,0.095659666
calibration,sha256:3f0e32dc4134692624b9ed186041a91ce47002eb48cc67f949fd8ae2edc46918,sha256:3f0e32dc4134692624b9ed186041a91ce47002eb48cc67f949fd8ae2edc46918-failure,3204,adapt_vqe,noisy_sim,paper,high_change,same_backend_changed_context,,,B6,ibm_kyiv,ibm_kyiv,ibm_kyiv->ibm_kyiv,replay:ibm_kyiv,replay,1,1,1,8.0,0,1,0.016,0.0016,0.0105,0.018,0.00288,0.0189,0.0324,0.00128,0.0084,0.0144,0.024079999999999997,1.0,1.0,0.7366666666666667,0.55,0.18666666666666665,0.0,0.0,0,15,0,0,8,0,0.0,4,4,-7.472912484581944,0.00721281844689603,0.20100657412148223,0.05752096359508294,0.15521090297192014,6,0.08,1,qubit_wise_commuting,8,8704,1088.0,1088,6,6,40,5,adapt_pauli_pool,0.6933511506975439,0.9025735294117647,0,0,0,0.004539379776666408,0.08579919754840827,0.004258526781397006,0.0,56,4352,0.098028333
calibration,sha256:3fb433899aa1faab13b47779f73a88d901c6611069a81708ef373a4e3e10995e,sha256:3fb433899aa1faab13b47779f73a88d901c6611069a81708ef373a4e3e10995e-failure,3203,h2_vqe,noisy_sim,paper,safe_change,same_backend_changed_context,,,B5,ibm_kyiv,ibm_kyiv,ibm_kyiv->ibm_kyiv,replay:ibm_kyiv,replay,1,1,1,0.1,0,1,0.00020000000000000017,0.0016,0.0105,0.018,0.001616,0.010605000000000002,0.018179999999999998,1.5999999999999955e-05,0.00010500000000000093,0.0001799999999999996,0.0003010000000000005,1.0,1.0,0.013333333333333336,0.011000000000000001,0.0023333333333333353,0.0,0.0,1,9,3,2976,4,0,0.42857142857142855,4,4,-1.7992831574026287,0.06911634802839095,0.43997478302889087,0.07412382582966578,0.37981874393460374,12,0.105,1,qubit_wise_commuting,7,8736,1248.0,1248,12,0,24,4,entangling_ry_rz_brickwork,1.6650917155927296,0.7267628205128205,1,1,1,0.0002573594139128055,0.020189919944352774,0.0004279927361644902,0.00020961167473187992,0,0,0.262064917
calibration,sha256:3ff131e86e0c588bd56529536e573cfc834b351efd78e4f28c3617b81096063e,sha256:3ff131e86e0c588bd56529536e573cfc834b351efd78e4f28c3617b81096063e-failure,3208,adapt_vqe,noisy_sim,paper,high_change,cross_backend_context,,,B6,ibm_kyiv,ibm_brisbane,ibm_kyiv->ibm_brisbane,migrate:ibm_brisbane,migrate,1,1,1,6.0,1,1,0.023860000000000006,0.0016,0.0105,0.018,0.00336,0.022400000000000003,0.038400000000000004,0.00176,0.011900000000000003,0.020400000000000005,0.03406000000000001,1.0,1.0,0.9283666666666667,0.55,0.2783666666666667,0.1,0.0,0,15,0,0,8,0,0.0,4,4,-7.461365703211236,0.0059893674777455885,0.17901115003067836,0.05389884841905185,0.13138230575925214,6,0.08,1,qubit_wise_commuting,8,8704,1088.0,1088,6,6,40,5,adapt_pauli_pool,0.8146388283903975,0.8851102941176471,0,0,0,0.006470001529839564,0.12124074483196375,0.005835658158915157,0.0,56,4352,0.098829
calibration,sha256:3ff131e86e0c588bd56529536e573cfc834b351efd78e4f28c3617b81096063e,sha256:3ff131e86e0c588bd56529536e573cfc834b351efd78e4f28c3617b81096063e-failure,3208,adapt_vqe,noisy_sim,paper,high_change,same_backend_changed_context,,,B6,ibm_kyiv,ibm_kyiv,ibm_kyiv->ibm_kyiv,replay:ibm_kyiv,replay,1,1,1,8.0,0,1,0.016,0.0016,0.0105,0.018,0.00288,0.0189,0.0324,0.00128,0.0084,0.0144,0.024079999999999997,1.0,1.0,0.7366666666666667,0.55,0.18666666666666665,0.0,0.0,0,15,0,0,8,0,0.0,4,4,-7.461365703211236,0.0059893674777455885,0.17901115003067836,0.05389884841905185,0.13138230575925214,6,0.08,1,qubit_wise_commuting,8,8704,1088.0,1088,6,6,40,5,adapt_pauli_pool,0.8146388283903975,0.8851102941176471,0,0,0,0.004609876555554671,0.0924974507473995,0.004246591043362029,0.0,56,4352,0.098601583
calibration,sha256:438246be617bf7d8503e60d872cb51d91118113646c0290cdd54c91f08438886,sha256:438246be617bf7d8503e60d872cb51d91118113646c0290cdd54c91f08438886-failure,3203,qaoa_maxcut,noisy_sim,paper,no_change,same_backend_no_change,,,B5,ibm_kyiv,ibm_kyiv,ibm_kyiv->ibm_kyiv,replay:ibm_kyiv,replay,1,1,1,0.0,0,1,0.0,0.0016,0.0105,0.018,0.0016,0.0105,0.018,0.0,0.0,0.0,0.0,1.0,1.0,0.0,0.0,0.0,0.0,0.0,1,9,1,4128,0,0,1.0,4,4,-5.051629722006996,1.8081763486851266,9.038881090601759,3.4600443825110014,7.393692996354743,4,0.12,1,qubit_wise_commuting,1,4128,4128.0,4128,4,0,10,6,qaoa_maxcut,5.4523471208138155,0.12257751937984496,1,1,1,0.0,0.0,0.0,0.0,0,0,1.624464
calibration,sha256:447237049f5fd5035e1bc2d743f9b6dbb31b1d0b966d4cc0514a46ab9ed8d47d,sha256:447237049f5fd5035e1bc2d743f9b6dbb31b1d0b966d4cc0514a46ab9ed8d47d-failure,3205,lih_vqe,noisy_sim,paper,cross_backend,cross_backend_context,,,B5,ibm_kyiv,ibm_brisbane,ibm_kyiv->ibm_brisbane,migrate:ibm_brisbane,migrate,1,1,1,0.0,1,1,0.007,0.0016,0.0105,0.018,0.0021,0.014,0.024,0.0004999999999999998,0.0034999999999999996,0.006000000000000002,0.010000000000000002,1.0,1.0,0.18166666666666667,0.0,0.08166666666666667,0.1,0.0,0,9,4,5120,4,0,0.5,4,4,-7.745214518143432,0.09610568275234588,0.6356132619782277,0.07833923028080145,0.4339084564768984,20,0.085,1,qubit_wise_commuting,8,12288,1536.0,1536,20,0,40,5,entangling_ry_rz_brickwork,2.0232081214900655,0.669921875,0,0,0,0.002613760459548864,0.05696306952869452,0.02362086560716176,0.0,168,6144,0.935464083
calibration,sha256:447237049f5fd5035e1bc2d743f9b6dbb31b1d0b966d4cc0514a46ab9ed8d47d,sha256:447237049f5fd5035e1bc2d743f9b6dbb31b1d0b966d4cc0514a46ab9ed8d47d-failure,3205,lih_vqe,noisy_sim,paper,cross_backend,cross_backend_context,,,B5,ibm_kyiv,ibm_sherbrooke,ibm_kyiv->ibm_sherbrooke,migrate:ibm_sherbrooke,migrate,1,1,1,0.0,1,1,0.0018999999999999998,0.0016,0.0105,0.018,0.0012,0.0095,0.017,0.0004000000000000002,0.0010000000000000009,0.0009999999999999974,0.0023999999999999985,1.0,1.0,0.12216666666666667,0.0,0.02216666666666666,0.1,0.0,1,9,4,5120,4,0,0.5,4,4,-7.745214518143432,0.09610568275234588,0.6356132619782277,0.07833923028080145,0.4339084564768984,20,0.085,1,qubit_wise_commuting,8,12288,1536.0,1536,20,0,40,5,entangling_ry_rz_brickwork,2.0232081214900655,0.669921875,0,0,0,0.00124102756405442,0.06325041810154493,0.01072060770585287,0.0008445095835645233,168,6144,0.952711625
calibration,sha256:450659eaf50eb5d45c031db2d39e7995feb8ca235fc60a73b6c6129120cb5228,sha256:450659eaf50eb5d45c031db2d39e7995feb8ca235fc60a73b6c6129120cb5228-failure,3204,lih_vqe,noisy_sim,paper,high_change,cross_backend_context,,,B5,ibm_kyiv,ibm_brisbane,ibm_kyiv->ibm_brisbane,migrate:ibm_brisbane,migrate,1,1,1,6.0,1,1,0.023860000000000006,0.0016,0.0105,0.018,0.00336,0.022400000000000003,0.038400000000000004,0.00176,0.011900000000000003,0.020400000000000005,0.03406000000000001,1.0,1.0,0.9283666666666667,0.55,0.2783666666666667,0.1,0.0,0,9,4,4608,4,0,0.5,4,4,-7.6303409022718744,0.05596008991093093,0.49532302444160364,0.06003637581711087,0.33313320795337453,20,0.085,1,qubit_wise_commuting,8,11264,1408.0,1408,20,0,40,5,entangling_ry_rz_brickwork,1.510603338534905,0.7862215909090909,0,0,0,0.008821726302839394,0.12200611617789207,0.07317105224209391,0.0,168,5632,0.944369958
calibration,sha256:450659eaf50eb5d45c031db2d39e7995feb8ca235fc60a73b6c6129120cb5228,sha256:450659eaf50eb5d45c031db2d39e7995feb8ca235fc60a73b6c6129120cb5228-failure,3204,lih_vqe,noisy_sim,paper,high_change,same_backend_changed_context,,,B5,ibm_kyiv,ibm_kyiv,ibm_kyiv->ibm_kyiv,replay:ibm_kyiv,replay,1,1,1,8.0,0,1,0.016,0.0016,0.0105,0.018,0.00288,0.0189,0.0324,0.00128,0.0084,0.0144,0.024079999999999997,1.0,1.0,0.7366666666666667,0.55,0.18666666666666665,0.0,0.0,0,9,4,4608,4,0,0.5,4,4,-7.6303409022718744,0.05596008991093093,0.49532302444160364,0.06003637581711087,0.33313320795337453,20,0.085,1,qubit_wise_commuting,8,11264,1408.0,1408,20,0,40,5,entangling_ry_rz_brickwork,1.510603338534905,0.7862215909090909,0,0,0,0.006266197456544553,0.09547972954312384,0.05271805631897008,0.0,168,5632,0.945274333
calibration,sha256:46013f2a6b7b73a37acc4d1d5ff8adedaa75160935d27ebd9ce8f014117940b8,sha256:46013f2a6b7b73a37acc4d1d5ff8adedaa75160935d27ebd9ce8f014117940b8-failure,3203,lih_vqe,noisy_sim,paper,same_backend_delay,cross_backend_context,,,B5,ibm_kyiv,ibm_sherbrooke,ibm_kyiv->ibm_sherbrooke,migrate:ibm_sherbrooke,migrate,1,1,1,0.0,1,1,0.0018999999999999998,0.0016,0.0105,0.018,0.0012,0.0095,0.017,0.0004000000000000002,0.0010000000000000009,0.0009999999999999974,0.0023999999999999985,1.0,1.0,0.12216666666666667,0.0,0.02216666666666666,0.1,0.0,1,9,4,4608,4,0,0.5,4,4,-7.819265955208687,0.07853312078771069,0.5578266783522711,0.06354446825745806,0.40790890005799857,20,0.085,1,qubit_wise_commuting,8,11264,1408.0,1408,20,0,40,5,entangling_ry_rz_brickwork,1.588774396741945,0.7691761363636364,0,0,0,0.001597353604258167,0.057517395239354445,0.010233983626346446,0.0,168,5632,0.948382958
calibration,sha256:46013f2a6b7b73a37acc4d1d5ff8adedaa75160935d27ebd9ce8f014117940b8,sha256:46013f2a6b7b73a37acc4d1d5ff8adedaa75160935d27ebd9ce8f014117940b8-failure,3203,lih_vqe,noisy_sim,paper,same_backend_delay,same_backend_changed_context,,,B5,ibm_kyiv,ibm_kyiv,ibm_kyiv->ibm_kyiv,replay:ibm_kyiv,replay,1,1,1,4.0,0,1,0.007999999999999998,0.0016,0.0105,0.018,0.00224,0.0147,0.025199999999999997,0.0006399999999999997,0.004199999999999999,0.007199999999999998,0.012039999999999997,1.0,1.0,0.5333333333333333,0.44000000000000006,0.09333333333333331,0.0,0.0,0,9,4,4608,4,0,0.5,4,4,-7.819265955208687,0.07853312078771069,0.5578266783522711,0.06354446825745806,0.40790890005799857,20,0.085,1,qubit_wise_commuting,8,11264,1408.0,1408,20,0,40,5,entangling_ry_rz_brickwork,1.588774396741945,0.7691761363636364,0,0,0,0.004109573603545691,0.0735951996448986,0.027649590749195957,5.569443770436777e-05,168,5632,0.935758334
calibration,sha256:464bd169410f2ff948d4cc9afa6c3d46594274bec6307d5082535a2985290b29,sha256:464bd169410f2ff948d4cc9afa6c3d46594274bec6307d5082535a2985290b29-failure,3201,adapt_vqe,noisy_sim,paper,no_change,same_backend_no_change,,,B6,ibm_kyiv,ibm_kyiv,ibm_kyiv->ibm_kyiv,replay:ibm_kyiv,replay,1,1,1,0.0,0,1,0.0,0.0016,0.0105,0.018,0.0016,0.0105,0.018,0.0,0.0,0.0,0.0,1.0,1.0,0.0,0.0,0.0,0.0,0.0,1,15,0,0,8,0,0.0,4,4,-7.450857792134499,0.001310937038716986,0.07510355018238321,0.02454394749353581,0.04750439008695848,6,0.08,1,qubit_wise_commuting,8,8704,1088.0,1088,6,6,40,5,adapt_pauli_pool,0.6468211968321697,0.9136029411764706,1,1,1,0.0,0.0,0.0,0.0,0,0,0.095552125
calibration,sha256:46972b096523ff7d3e0240d8862fbcefb63d7a8f58eec4eea6f71f6358fc9f0b,sha256:46972b096523ff7d3e0240d8862fbcefb63d7a8f58eec4eea6f71f6358fc9f0b-failure,3203,adapt_vqe,noisy_sim,paper,safe_change,same_backend_changed_context,,,B6,ibm_kyiv,ibm_kyiv,ibm_kyiv->ibm_kyiv,replay:ibm_kyiv,replay,1,1,1,0.1,0,1,0.00020000000000000017,0.0016,0.0105,0.018,0.001616,0.010605000000000002,0.018179999999999998,1.5999999999999955e-05,0.00010500000000000093,0.0001799999999999996,0.0003010000000000005,1.0,1.0,0.013333333333333336,0.011000000000000001,0.0023333333333333353,0.0,0.0,1,15,0,0,8,0,0.0,4,4,-7.466283280767735,0.003957456788344693,0.150697732345674,0.04416878247154351,0.12498168775043124,6,0.08,1,qubit_wise_commuting,8,8704,1088.0,1088,6,6,40,5,adapt_pauli_pool,0.8241250997137269,0.8841911764705882,1,1,1,5.738294059565163e-05,0.0022381557471674706,5.8349322176826294e-05,0.0,0,0,0.09943975
calibration,sha256:48af3cbe88c0c393e86af18aa7049ef7fd599d66367b068e8c34f45a11194c04,sha256:48af3cbe88c0c393e86af18aa7049ef7fd599d66367b068e8c34f45a11194c04-failure,3205,adapt_vqe,noisy_sim,paper,same_backend_delay,cross_backend_context,,,B6,ibm_kyiv,ibm_sherbrooke,ibm_kyiv->ibm_sherbrooke,migrate:ibm_sherbrooke,migrate,1,1,1,0.0,1,1,0.0018999999999999998,0.0016,0.0105,0.018,0.0012,0.0095,0.017,0.0004000000000000002,0.0010000000000000009,0.0009999999999999974,0.0023999999999999985,1.0,1.0,0.12216666666666667,0.0,0.02216666666666666,0.1,0.0,1,15,0,0,8,0,0.0,4,4,-7.4734243857819695,0.004644212893648358,0.16090488553445034,0.04682939668804547,0.1332737222981686,6,0.08,1,qubit_wise_commuting,8,8704,1088.0,1088,6,6,40,5,adapt_pauli_pool,0.8838815601789535,0.8704044117647058,0,0,0,0.0006583832600313144,0.022831822795890584,0.0013636525465075973,0.0006749059299044902,56,4352,0.098476666
calibration,sha256:48af3cbe88c0c393e86af18aa7049ef7fd599d66367b068e8c34f45a11194c04,sha256:48af3cbe88c0c393e86af18aa7049ef7fd599d66367b068e8c34f45a11194c04-failure,3205,adapt_vqe,noisy_sim,paper,same_backend_delay,same_backend_changed_context,,,B6,ibm_kyiv,ibm_kyiv,ibm_kyiv->ibm_kyiv,replay:ibm_kyiv,replay,1,1,1,4.0,0,1,0.007999999999999998,0.0016,0.0105,0.018,0.00224,0.0147,0.025199999999999997,0.0006399999999999997,0.004199999999999999,0.007199999999999998,0.012039999999999997,1.0,1.0,0.5333333333333333,0.44000000000000006,0.09333333333333331,0.0,0.0,0,15,0,0,8,0,0.0,4,4,-7.4734243857819695,0.004644212893648358,0.16090488553445034,0.04682939668804547,0.1332737222981686,6,0.08,1,qubit_wise_commuting,8,8704,1088.0,1088,6,6,40,5,adapt_pauli_pool,0.8838815601789535,0.8704044117647058,0,0,0,0.0022849695075812804,0.06779881710504414,0.0021790327984418704,0.0,56,4352,0.094181375
calibration,sha256:4f99b688d8a77522f070a99e4d07e758ef58c20cc20505946f85f60960c2a601,sha256:4f99b688d8a77522f070a99e4d07e758ef58c20cc20505946f85f60960c2a601-failure,3202,adapt_vqe,noisy_sim,paper,safe_change,same_backend_changed_context,,,B6,ibm_kyiv,ibm_kyiv,ibm_kyiv->ibm_kyiv,replay:ibm_kyiv,replay,1,1,1,0.1,0,1,0.00020000000000000017,0.0016,0.0105,0.018,0.001616,0.010605000000000002,0.018179999999999998,1.5999999999999955e-05,0.00010500000000000093,0.0001799999999999996,0.0003010000000000005,1.0,1.0,0.013333333333333336,0.011000000000000001,0.0023333333333333353,0.0,0.0,1,15,0,0,8,0,0.0,4,4,-7.455507380414461,0.004140304883911483,0.14751543397508504,0.04480115796491776,0.10633948080277142,6,0.08,1,qubit_wise_commuting,8,8704,1088.0,1088,6,6,40,5,adapt_pauli_pool,0.7629243331199778,0.8961397058823529,1,1,1,5.8090514656328196e-05,0.002585530991386615,5.381923984772347e-05,0.0,0,0,0.094372916
calibration,sha256:512c613563ef8861f5454abac8cc6ecfa0d3c780bfe5102e0178845cc37439bc,sha256:512c613563ef8861f5454abac8cc6ecfa0d3c780bfe5102e0178845cc37439bc-failure,3202,lih_vqe,noisy_sim,paper,high_change,cross_backend_context,,,B5,ibm_kyiv,ibm_brisbane,ibm_kyiv->ibm_brisbane,migrate:ibm_brisbane,migrate,1,1,1,6.0,1,1,0.023860000000000006,0.0016,0.0105,0.018,0.00336,0.022400000000000003,0.038400000000000004,0.00176,0.011900000000000003,0.020400000000000005,0.03406000000000001,1.0,1.0,0.9283666666666667,0.55,0.2783666666666667,0.1,0.0,0,9,4,5120,4,0,0.5,4,4,-7.664444378694417,0.08425072438902514,0.6282929598752568,0.07507462799275672,0.40606582382208206,20,0.085,1,qubit_wise_commuting,8,12288,1536.0,1536,20,0,40,5,entangling_ry_rz_brickwork,1.637598244017144,0.7623697916666666,0,0,0,0.0008544209095848743,0.130289661489827,0.07747291046175946,0.0,168,6144,0.944001209
calibration,sha256:512c613563ef8861f5454abac8cc6ecfa0d3c780bfe5102e0178845cc37439bc,sha256:512c613563ef8861f5454abac8cc6ecfa0d3c780bfe5102e0178845cc37439bc-failure,3202,lih_vqe,noisy_sim,paper,high_change,same_backend_changed_context,,,B5,ibm_kyiv,ibm_kyiv,ibm_kyiv->ibm_kyiv,replay:ibm_kyiv,replay,1,1,1,8.0,0,1,0.016,0.0016,0.0105,0.018,0.00288,0.0189,0.0324,0.00128,0.0084,0.0144,0.024079999999999997,1.0,1.0,0.7366666666666667,0.55,0.18666666666666665,0.0,0.0,0,9,4,5120,4,0,0.5,4,4,-7.664444378694417,0.08425072438902514,0.6282929598752568,0.07507462799275672,0.40606582382208206,20,0.085,1,qubit_wise_commuting,8,12288,1536.0,1536,20,0,40,5,entangling_ry_rz_brickwork,1.637598244017144,0.7623697916666666,0,0,0,0.0007626848609962877,0.11230468776660167,0.05586341300095615,0.0,168,6144,0.944547667
calibration,sha256:548e44b0afa272e2502e73d76d7af337f364e1baba6963526da89fa6fc64693e,sha256:548e44b0afa272e2502e73d76d7af337f364e1baba6963526da89fa6fc64693e-failure,3208,adapt_vqe,noisy_sim,paper,cross_backend,cross_backend_context,,,B6,ibm_kyiv,ibm_brisbane,ibm_kyiv->ibm_brisbane,migrate:ibm_brisbane,migrate,1,1,1,0.0,1,1,0.007,0.0016,0.0105,0.018,0.0021,0.014,0.024,0.0004999999999999998,0.0034999999999999996,0.006000000000000002,0.010000000000000002,1.0,1.0,0.18166666666666667,0.0,0.08166666666666667,0.1,0.0,0,15,0,0,8,0,0.0,4,4,-7.461365703211236,0.0059893674777455885,0.17901115003067836,0.05389884841905185,0.13138230575925214,6,0.08,1,qubit_wise_commuting,8,8704,1088.0,1088,6,6,40,5,adapt_pauli_pool,0.8146388283903975,0.8851102941176471,0,0,0,0.0018835000159036497,0.07789761260913378,0.001660397616010842,0.0,56,4352,0.093801167
calibration,sha256:548e44b0afa272e2502e73d76d7af337f364e1baba6963526da89fa6fc64693e,sha256:548e44b0afa272e2502e73d76d7af337f364e1baba6963526da89fa6fc64693e-failure,3208,adapt_vqe,noisy_sim,paper,cross_backend,cross_backend_context,,,B6,ibm_kyiv,ibm_sherbrooke,ibm_kyiv->ibm_sherbrooke,migrate:ibm_sherbrooke,migrate,1,1,1,0.0,1,1,0.0018999999999999998,0.0016,0.0105,0.018,0.0012,0.0095,0.017,0.0004000000000000002,0.0010000000000000009,0.0009999999999999974,0.0023999999999999985,1.0,1.0,0.12216666666666667,0.0,0.02216666666666666,0.1,0.0,1,15,0,0,8,0,0.0,4,4,-7.461365703211236,0.0059893674777455885,0.17901115003067836,0.05389884841905185,0.13138230575925214,6,0.08,1,qubit_wise_commuting,8,8704,1088.0,1088,6,6,40,5,adapt_pauli_pool,0.8146388283903975,0.8851102941176471,0,0,0,0.0006710462337267131,0.0065258298504415856,0.0013297716823450151,0.0006911638224780248,56,4352,0.093771708
calibration,sha256:5aaaf347d0280ced73ec1a99739c7566a37ed4d6e9be434a4a74df9dc180ff00,sha256:5aaaf347d0280ced73ec1a99739c7566a37ed4d6e9be434a4a74df9dc180ff00-failure,3203,qaoa_maxcut,noisy_sim,paper,safe_change,same_backend_changed_context,,,B5,ibm_kyiv,ibm_kyiv,ibm_kyiv->ibm_kyiv,replay:ibm_kyiv,replay,1,1,1,0.1,0,1,0.00020000000000000017,0.0016,0.0105,0.018,0.001616,0.010605000000000002,0.018179999999999998,1.5999999999999955e-05,0.00010500000000000093,0.0001799999999999996,0.0003010000000000005,1.0,1.0,0.013333333333333336,0.011000000000000001,0.0023333333333333353,0.0,0.0,1,9,1,4128,0,0,1.0,4,4,-5.051629722006996,1.8081763486851266,9.038881090601759,3.4600443825110014,7.393692996354743,4,0.12,1,qubit_wise_commuting,1,4128,4128.0,4128,4,0,10,6,qaoa_maxcut,5.4523471208138155,0.12257751937984496,1,1,1,0.029250245293286348,0.05851646779619253,0.07106438092583513,0.0016778682068148143,0,0,1.615896542
calibration,sha256:5bbb9b3b2f2b884006715c9b8715ad39a81c9a64a1d7d5630e189050dbe6508f,sha256:5bbb9b3b2f2b884006715c9b8715ad39a81c9a64a1d7d5630e189050dbe6508f-failure,3208,qaoa_maxcut,noisy_sim,paper,same_backend_delay,cross_backend_context,,,B5,ibm_kyiv,ibm_sherbrooke,ibm_kyiv->ibm_sherbrooke,migrate:ibm_sherbrooke,migrate,1,1,1,0.0,1,1,0.0018999999999999998,0.0016,0.0105,0.018,0.0012,0.0095,0.017,0.0004000000000000002,0.0010000000000000009,0.0009999999999999974,0.0023999999999999985,1.0,1.0,0.12216666666666667,0.0,0.02216666666666666,0.1,0.0,1,9,1,4096,0,0,1.0,4,4,-5.414142727604113,2.553021421987263,6.42548841412416,3.0233798251886324,4.414778706439412,4,0.12,1,qubit_wise_commuting,1,4096,4096.0,4096,4,0,10,6,qaoa_maxcut,5.317311044248581,0.14111328125,0,0,1,0.08056493469190684,0.07246213270241969,0.7332336022361483,0.0,40,16384,1.611347292
calibration,sha256:5bbb9b3b2f2b884006715c9b8715ad39a81c9a64a1d7d5630e189050dbe6508f,sha256:5bbb9b3b2f2b884006715c9b8715ad39a81c9a64a1d7d5630e189050dbe6508f-failure,3208,qaoa_maxcut,noisy_sim,paper,same_backend_delay,same_backend_changed_context,,,B5,ibm_kyiv,ibm_kyiv,ibm_kyiv->ibm_kyiv,replay:ibm_kyiv,replay,1,1,1,4.0,0,1,0.007999999999999998,0.0016,0.0105,0.018,0.00224,0.0147,0.025199999999999997,0.0006399999999999997,0.004199999999999999,0.007199999999999998,0.012039999999999997,1.0,1.0,0.5333333333333333,0.44000000000000006,0.09333333333333331,0.0,0.0,0,9,1,4096,0,0,1.0,4,4,-5.414142727604113,2.553021421987263,6.42548841412416,3.0233798251886324,4.414778706439412,4,0.12,1,qubit_wise_commuting,1,4096,4096.0,4096,4,0,10,6,qaoa_maxcut,5.317311044248581,0.14111328125,0,0,0,0.44450060972021,0.12568841241403222,1.1787826958255851,0.10280428099561512,40,16384,1.611736584
calibration,sha256:61f2541254483c0640aec98026a6445dfed746d410bba05016c7ee8468e54550,sha256:61f2541254483c0640aec98026a6445dfed746d410bba05016c7ee8468e54550-failure,3207,qaoa_maxcut,noisy_sim,paper,safe_change,same_backend_changed_context,,,B5,ibm_kyiv,ibm_kyiv,ibm_kyiv->ibm_kyiv,replay:ibm_kyiv,replay,1,1,1,0.1,0,1,0.00020000000000000017,0.0016,0.0105,0.018,0.001616,0.010605000000000002,0.018179999999999998,1.5999999999999955e-05,0.00010500000000000093,0.0001799999999999996,0.0003010000000000005,1.0,1.0,0.013333333333333336,0.011000000000000001,0.0023333333333333353,0.0,0.0,1,9,1,4064,0,0,1.0,4,4,-4.210457441858018,0.5212537367528052,1.2786687097713467,0.6162722422033751,0.8202870714662068,4,0.12,1,qubit_wise_commuting,1,4064,4064.0,4064,4,0,10,6,qaoa_maxcut,4.914975903624279,0.13213582677165353,1,1,1,0.003988458518032978,0.060601047297489795,0.017782833981085055,2.365465120757193e-05,0,0,1.629091292
calibration,sha256:62238214c03f6ce18da65b35b5050e2d6c253d937060bc4b8557844291952541,sha256:62238214c03f6ce18da65b35b5050e2d6c253d937060bc4b8557844291952541-failure,3201,adapt_vqe,noisy_sim,paper,safe_change,same_backend_changed_context,,,B6,ibm_kyiv,ibm_kyiv,ibm_kyiv->ibm_kyiv,replay:ibm_kyiv,replay,1,1,1,0.1,0,1,0.00020000000000000017,0.0016,0.0105,0.018,0.001616,0.010605000000000002,0.018179999999999998,1.5999999999999955e-05,0.00010500000000000093,0.0001799999999999996,0.0003010000000000005,1.0,1.0,0.013333333333333336,0.011000000000000001,0.0023333333333333353,0.0,0.0,1,15,0,0,8,0,0.0,4,4,-7.450857792134499,0.001310937038716986,0.07510355018238321,0.02454394749353581,0.04750439008695848,6,0.08,1,qubit_wise_commuting,8,8704,1088.0,1088,6,6,40,5,adapt_pauli_pool,0.6468211968321697,0.9136029411764706,1,1,1,5.888561539801884e-05,0.0025158310835050077,4.010187110043248e-05,0.0,0,0,0.094721125
calibration,sha256:62a2fc9fa3a2634f532ed7b8f8be464de4a83a678f53d190b1e96be148f0dc05,sha256:62a2fc9fa3a2634f532ed7b8f8be464de4a83a678f53d190b1e96be148f0dc05-failure,3207,adapt_vqe,noisy_sim,paper,high_change,cross_backend_context,,,B6,ibm_kyiv,ibm_brisbane,ibm_kyiv->ibm_brisbane,migrate:ibm_brisbane,migrate,1,1,1,6.0,1,1,0.023860000000000006,0.0016,0.0105,0.018,0.00336,0.022400000000000003,0.038400000000000004,0.00176,0.011900000000000003,0.020400000000000005,0.03406000000000001,1.0,1.0,0.9283666666666667,0.55,0.2783666666666667,0.1,0.0,0,15,0,0,8,0,0.0,4,4,-7.453043386124786,0.0008856774614631746,0.06242299281220056,0.018733516966511158,0.05342941911524612,6,0.08,1,qubit_wise_commuting,8,8704,1088.0,1088,6,6,40,5,adapt_pauli_pool,0.7873679675743115,0.890625,0,0,0,0.006589568498436726,0.12742236344970292,0.0055541178503645825,0.0,56,4352,0.100100125
calibration,sha256:62a2fc9fa3a2634f532ed7b8f8be464de4a83a678f53d190b1e96be148f0dc05,sha256:62a2fc9fa3a2634f532ed7b8f8be464de4a83a678f53d190b1e96be148f0dc05-failure,3207,adapt_vqe,noisy_sim,paper,high_change,same_backend_changed_context,,,B6,ibm_kyiv,ibm_kyiv,ibm_kyiv->ibm_kyiv,replay:ibm_kyiv,replay,1,1,1,8.0,0,1,0.016,0.0016,0.0105,0.018,0.00288,0.0189,0.0324,0.00128,0.0084,0.0144,0.024079999999999997,1.0,1.0,0.7366666666666667,0.55,0.18666666666666665,0.0,0.0,0,15,0,0,8,0,0.0,4,4,-7.453043386124786,0.0008856774614631746,0.06242299281220056,0.018733516966511158,0.05342941911524612,6,0.08,1,qubit_wise_commuting,8,8704,1088.0,1088,6,6,40,5,adapt_pauli_pool,0.7873679675743115,0.890625,0,0,0,0.00469690498751163,0.13219276424318363,0.004041172527586195,0.0,56,4352,0.098668208
calibration,sha256:64e5cb48024df41a2a51c0abcb77278dab0491f79d432e471cd0395dbef5d0c0,sha256:64e5cb48024df41a2a51c0abcb77278dab0491f79d432e471cd0395dbef5d0c0-failure,3205,adapt_vqe,noisy_sim,paper,safe_change,same_backend_changed_context,,,B6,ibm_kyiv,ibm_kyiv,ibm_kyiv->ibm_kyiv,replay:ibm_kyiv,replay,1,1,1,0.1,0,1,0.00020000000000000017,0.0016,0.0105,0.018,0.001616,0.010605000000000002,0.018179999999999998,1.5999999999999955e-05,0.00010500000000000093,0.0001799999999999996,0.0003010000000000005,1.0,1.0,0.013333333333333336,0.011000000000000001,0.0023333333333333353,0.0,0.0,1,15,0,0,8,0,0.0,4,4,-7.4734243857819695,0.004644212893648358,0.16090488553445034,0.04682939668804547,0.1332737222981686,6,0.08,1,qubit_wise_commuting,8,8704,1088.0,1088,6,6,40,5,adapt_pauli_pool,0.8838815601789535,0.8704044117647058,1,1,1,5.713089476877542e-05,0.003517891979391079,5.451797604488015e-05,0.0,0,0,0.095210917
calibration,sha256:64f3ea1cf1edd2b44c6a9ad238cfebfb628457b2e95557846f9e1de338bf263d,sha256:64f3ea1cf1edd2b44c6a9ad238cfebfb628457b2e95557846f9e1de338bf263d-failure,3201,adapt_vqe,noisy_sim,paper,cross_backend,cross_backend_context,,,B6,ibm_kyiv,ibm_brisbane,ibm_kyiv->ibm_brisbane,migrate:ibm_brisbane,migrate,1,1,1,0.0,1,1,0.007,0.0016,0.0105,0.018,0.0021,0.014,0.024,0.0004999999999999998,0.0034999999999999996,0.006000000000000002,0.010000000000000002,1.0,1.0,0.18166666666666667,0.0,0.08166666666666667,0.1,0.0,0,15,0,0,8,0,0.0,4,4,-7.450857792134499,0.001310937038716986,0.07510355018238321,0.02454394749353581,0.04750439008695848,6,0.08,1,qubit_wise_commuting,8,8704,1088.0,1088,6,6,40,5,adapt_pauli_pool,0.6468211968321697,0.9136029411764706,0,0,0,0.001922477524880506,0.05997878748102162,0.001252855082441505,0.0,56,4352,0.093884
calibration,sha256:64f3ea1cf1edd2b44c6a9ad238cfebfb628457b2e95557846f9e1de338bf263d,sha256:64f3ea1cf1edd2b44c6a9ad238cfebfb628457b2e95557846f9e1de338bf263d-failure,3201,adapt_vqe,noisy_sim,paper,cross_backend,cross_backend_context,,,B6,ibm_kyiv,ibm_sherbrooke,ibm_kyiv->ibm_sherbrooke,migrate:ibm_sherbrooke,migrate,1,1,1,0.0,1,1,0.0018999999999999998,0.0016,0.0105,0.018,0.0012,0.0095,0.017,0.0004000000000000002,0.0010000000000000009,0.0009999999999999974,0.0023999999999999985,1.0,1.0,0.12216666666666667,0.0,0.02216666666666666,0.1,0.0,1,15,0,0,8,0,0.0,4,4,-7.450857792134499,0.001310937038716986,0.07510355018238321,0.02454394749353581,0.04750439008695848,6,0.08,1,qubit_wise_commuting,8,8704,1088.0,1088,6,6,40,5,adapt_pauli_pool,0.6468211968321697,0.9136029411764706,0,0,0,0.0007022764689210703,0.007614566627398346,0.0010027726014076256,0.0007048061687404683,56,4352,0.093933791
calibration,sha256:6872446316bac15e21cc15bb7595da77cb4d19edccc049d13a68a50df482cb08,sha256:6872446316bac15e21cc15bb7595da77cb4d19edccc049d13a68a50df482cb08-failure,3206,h2_vqe,noisy_sim,paper,no_change,same_backend_no_change,,,B5,ibm_kyiv,ibm_kyiv,ibm_kyiv->ibm_kyiv,replay:ibm_kyiv,replay,1,1,1,0.0,0,1,0.0,0.0016,0.0105,0.018,0.0016,0.0105,0.018,0.0,0.0,0.0,0.0,1.0,1.0,0.0,0.0,0.0,0.0,0.0,1,9,3,2976,4,0,0.42857142857142855,4,4,-2.009252593742569,0.027460155600799174,0.24638122786619204,0.043459222725931536,0.17536963560202462,12,0.105,1,qubit_wise_commuting,7,8736,1248.0,1248,12,0,24,4,entangling_ry_rz_brickwork,0.929523612042819,0.8693910256410257,1,1,1,0.0,0.0,0.0,0.0,0,0,0.275285292
calibration,sha256:6985189697c1f4b1b0c1689ba1d072bbf8d3d7674865426b08e5c8856b66a8c0,sha256:6985189697c1f4b1b0c1689ba1d072bbf8d3d7674865426b08e5c8856b66a8c0-failure,3206,lih_vqe,noisy_sim,paper,cross_backend,cross_backend_context,,,B5,ibm_kyiv,ibm_brisbane,ibm_kyiv->ibm_brisbane,migrate:ibm_brisbane,migrate,1,1,1,0.0,1,1,0.007,0.0016,0.0105,0.018,0.0021,0.014,0.024,0.0004999999999999998,0.0034999999999999996,0.006000000000000002,0.010000000000000002,1.0,1.0,0.18166666666666667,0.0,0.08166666666666667,0.1,0.0,0,9,4,5120,4,0,0.5,4,4,-7.926923329428529,0.09803869690081335,0.6264946008411444,0.0692858631715381,0.4378132424175717,20,0.085,1,qubit_wise_commuting,8,12288,1536.0,1536,20,0,40,5,entangling_ry_rz_brickwork,1.785366245952716,0.7317708333333334,0,0,0,0.005487015151354413,0.06418240874345837,0.02235943252929051,0.0013753313264581735,168,6144,0.929746334
calibration,sha256:6985189697c1f4b1b0c1689ba1d072bbf8d3d7674865426b08e5c8856b66a8c0,sha256:6985189697c1f4b1b0c1689ba1d072bbf8d3d7674865426b08e5c8856b66a8c0-failure,3206,lih_vqe,noisy_sim,paper,cross_backend,cross_backend_context,,,B5,ibm_kyiv,ibm_sherbrooke,ibm_kyiv->ibm_sherbrooke,migrate:ibm_sherbrooke,migrate,1,1,1,0.0,1,1,0.0018999999999999998,0.0016,0.0105,0.018,0.0012,0.0095,0.017,0.0004000000000000002,0.0010000000000000009,0.0009999999999999974,0.0023999999999999985,1.0,1.0,0.12216666666666667,0.0,0.02216666666666666,0.1,0.0,1,9,4,5120,4,0,0.5,4,4,-7.926923329428529,0.09803869690081335,0.6264946008411444,0.0692858631715381,0.4378132424175717,20,0.085,1,qubit_wise_commuting,8,12288,1536.0,1536,20,0,40,5,entangling_ry_rz_brickwork,1.785366245952716,0.7317708333333334,0,0,0,0.002524080839590326,0.03271970398326364,0.010180415463685474,0.0,168,6144,0.93070425
calibration,sha256:6b0ef158b0523c836626383288f271336868b0f9fa4f570e0a2bb7c19a71066b,sha256:6b0ef158b0523c836626383288f271336868b0f9fa4f570e0a2bb7c19a71066b-failure,3204,adapt_vqe,noisy_sim,paper,cross_backend,cross_backend_context,,,B6,ibm_kyiv,ibm_brisbane,ibm_kyiv->ibm_brisbane,migrate:ibm_brisbane,migrate,1,1,1,0.0,1,1,0.007,0.0016,0.0105,0.018,0.0021,0.014,0.024,0.0004999999999999998,0.0034999999999999996,0.006000000000000002,0.010000000000000002,1.0,1.0,0.18166666666666667,0.0,0.08166666666666667,0.1,0.0,0,15,0,0,8,0,0.0,4,4,-7.472912484581944,0.00721281844689603,0.20100657412148223,0.05752096359508294,0.15521090297192014,6,0.08,1,qubit_wise_commuting,8,8704,1088.0,1088,6,6,40,5,adapt_pauli_pool,0.6933511506975439,0.9025735294117647,0,0,0,0.0018559287683919123,0.03982555521031864,0.0016650819213043014,0.0,56,4352,0.094479666
calibration,sha256:6b0ef158b0523c836626383288f271336868b0f9fa4f570e0a2bb7c19a71066b,sha256:6b0ef158b0523c836626383288f271336868b0f9fa4f570e0a2bb7c19a71066b-failure,3204,adapt_vqe,noisy_sim,paper,cross_backend,cross_backend_context,,,B6,ibm_kyiv,ibm_sherbrooke,ibm_kyiv->ibm_sherbrooke,migrate:ibm_sherbrooke,migrate,1,1,1,0.0,1,1,0.0018999999999999998,0.0016,0.0105,0.018,0.0012,0.0095,0.017,0.0004000000000000002,0.0010000000000000009,0.0009999999999999974,0.0023999999999999985,1.0,1.0,0.12216666666666667,0.0,0.02216666666666666,0.1,0.0,1,15,0,0,8,0,0.0,4,4,-7.472912484581944,0.00721281844689603,0.20100657412148223,0.05752096359508294,0.15521090297192014,6,0.08,1,qubit_wise_commuting,8,8704,1088.0,1088,6,6,40,5,adapt_pauli_pool,0.6933511506975439,0.9025735294117647,0,0,0,0.000648958322410742,0.042873764126801946,0.0013335395498341432,0.0006746060395323994,56,4352,0.09495025
calibration,sha256:6b921344f030054bd823bd4c29198a20f681da96347b2a7933bc2c3de8588ab9,sha256:6b921344f030054bd823bd4c29198a20f681da96347b2a7933bc2c3de8588ab9-failure,3205,h2_vqe,noisy_sim,paper,no_change,same_backend_no_change,,,B5,ibm_kyiv,ibm_kyiv,ibm_kyiv->ibm_kyiv,replay:ibm_kyiv,replay,1,1,1,0.0,0,1,0.0,0.0016,0.0105,0.018,0.0016,0.0105,0.018,0.0,0.0,0.0,0.0,1.0,1.0,0.0,0.0,0.0,0.0,0.0,1,9,3,2976,4,0,0.42857142857142855,4,4,-1.934479869263147,0.05718663583871364,0.36271255454705154,0.07397019557239506,0.25046852980843415,12,0.105,1,qubit_wise_commuting,7,8736,1248.0,1248,12,0,24,4,entangling_ry_rz_brickwork,1.0554526220034204,0.8461538461538461,1,1,1,0.0,0.0,0.0,0.0,0,0,0.260338958
calibration,sha256:6bce140c975e9703ca2ddf50715196e5c01282ac8a0ebee463876d6ab01a9569,sha256:6bce140c975e9703ca2ddf50715196e5c01282ac8a0ebee463876d6ab01a9569-failure,3204,h2_vqe,noisy_sim,paper,same_backend_delay,cross_backend_context,,,B5,ibm_kyiv,ibm_sherbrooke,ibm_kyiv->ibm_sherbrooke,migrate:ibm_sherbrooke,migrate,1,1,1,0.0,1,1,0.0018999999999999998,0.0016,0.0105,0.018,0.0012,0.0095,0.017,0.0004000000000000002,0.0010000000000000009,0.0009999999999999974,0.0023999999999999985,1.0,1.0,0.12216666666666667,0.0,0.02216666666666666,0.1,0.0,1,9,3,2976,4,0,0.42857142857142855,4,4,-2.0236640897723452,0.03515487376985882,0.27035026865584005,0.050240963326342314,0.1865673757997202,12,0.105,1,qubit_wise_commuting,7,8736,1248.0,1248,12,0,24,4,entangling_ry_rz_brickwork,0.9913416874340611,0.8565705128205128,0,0,0,0.005203725469632214,0.04803273248779226,0.0049783777025775725,0.0,104,4992,0.26111625
calibration,sha256:6bce140c975e9703ca2ddf50715196e5c01282ac8a0ebee463876d6ab01a9569,sha256:6bce140c975e9703ca2ddf50715196e5c01282ac8a0ebee463876d6ab01a9569-failure,3204,h2_vqe,noisy_sim,paper,same_backend_delay,same_backend_changed_context,,,B5,ibm_kyiv,ibm_kyiv,ibm_kyiv->ibm_kyiv,replay:ibm_kyiv,replay,1,1,1,4.0,0,1,0.007999999999999998,0.0016,0.0105,0.018,0.00224,0.0147,0.025199999999999997,0.0006399999999999997,0.004199999999999999,0.007199999999999998,0.012039999999999997,1.0,1.0,0.5333333333333333,0.44000000000000006,0.09333333333333331,0.0,0.0,0,9,3,2976,4,0,0.42857142857142855,4,4,-2.0236640897723452,0.03515487376985882,0.27035026865584005,0.050240963326342314,0.1865673757997202,12,0.105,1,qubit_wise_commuting,7,8736,1248.0,1248,12,0,24,4,entangling_ry_rz_brickwork,0.9913416874340611,0.8565705128205128,0,0,0,0.012715742270381636,0.06816262899221037,0.013480369440453254,0.012171118575371231,104,4992,0.259936917
calibration,sha256:6ce308711ff3c17c2828ba16d36e504ea85e6b9ac9265280929ce262a394138b,sha256:6ce308711ff3c17c2828ba16d36e504ea85e6b9ac9265280929ce262a394138b-failure,3201,lih_vqe,noisy_sim,paper,cross_backend,cross_backend_context,,,B5,ibm_kyiv,ibm_brisbane,ibm_kyiv->ibm_brisbane,migrate:ibm_brisbane,migrate,1,1,1,0.0,1,1,0.007,0.0016,0.0105,0.018,0.0021,0.014,0.024,0.0004999999999999998,0.0034999999999999996,0.006000000000000002,0.010000000000000002,1.0,1.0,0.18166666666666667,0.0,0.08166666666666667,0.1,0.0,0,9,4,5120,4,0,0.5,4,4,-7.772875343454853,0.08970018258591406,0.6318671924439961,0.08191544501966291,0.38306584394877974,20,0.085,1,qubit_wise_commuting,8,12288,1536.0,1536,20,0,40,5,entangling_ry_rz_brickwork,1.6727864599321207,0.755859375,0,0,0,0.0033084793750157715,0.0407527666057741,0.02235532345841037,0.0,168,6144,0.931685042
calibration,sha256:6ce308711ff3c17c2828ba16d36e504ea85e6b9ac9265280929ce262a394138b,sha256:6ce308711ff3c17c2828ba16d36e504ea85e6b9ac9265280929ce262a394138b-failure,3201,lih_vqe,noisy_sim,paper,cross_backend,cross_backend_context,,,B5,ibm_kyiv,ibm_sherbrooke,ibm_kyiv->ibm_sherbrooke,migrate:ibm_sherbrooke,migrate,1,1,1,0.0,1,1,0.0018999999999999998,0.0016,0.0105,0.018,0.0012,0.0095,0.017,0.0004000000000000002,0.0010000000000000009,0.0009999999999999974,0.0023999999999999985,1.0,1.0,0.12216666666666667,0.0,0.02216666666666666,0.1,0.0,1,9,4,5120,4,0,0.5,4,4,-7.772875343454853,0.08970018258591406,0.6318671924439961,0.08191544501966291,0.38306584394877974,20,0.085,1,qubit_wise_commuting,8,12288,1536.0,1536,20,0,40,5,entangling_ry_rz_brickwork,1.6727864599321207,0.755859375,0,0,0,0.001645628009283584,0.02753628446882506,0.010275823518963135,0.00037908267429997977,168,6144,0.931558917
calibration,sha256:6e569d8207996ef862f1b2c4766997545944587656ec75fe1524d8b4f030c4b4,sha256:6e569d8207996ef862f1b2c4766997545944587656ec75fe1524d8b4f030c4b4-failure,3204,qaoa_maxcut,noisy_sim,paper,safe_change,same_backend_changed_context,,,B5,ibm_kyiv,ibm_kyiv,ibm_kyiv->ibm_kyiv,replay:ibm_kyiv,replay,1,1,1,0.1,0,1,0.00020000000000000017,0.0016,0.0105,0.018,0.001616,0.010605000000000002,0.018179999999999998,1.5999999999999955e-05,0.00010500000000000093,0.0001799999999999996,0.0003010000000000005,1.0,1.0,0.013333333333333336,0.011000000000000001,0.0023333333333333353,0.0,0.0,1,9,1,4128,0,0,1.0,4,4,-6.33407638187398,3.493113654880361,13.408464414219573,4.5106097785406245,12.985167602880354,4,0.12,1,qubit_wise_commuting,1,4128,4128.0,4128,4,0,10,6,qaoa_maxcut,5.782781976964548,0.06346899224806202,0,0,1,0.22911152011912073,0.05100072977040767,0.133517784172806,0.00021587907203723944,40,16512,1.615852166
calibration,sha256:6f005094760433c0ec59dc1c0b78ef08f51e1ec1fb48c4b74aba3d0bd31ce907,sha256:6f005094760433c0ec59dc1c0b78ef08f51e1ec1fb48c4b74aba3d0bd31ce907-failure,3204,h2_vqe,noisy_sim,paper,cross_backend,cross_backend_context,,,B5,ibm_kyiv,ibm_brisbane,ibm_kyiv->ibm_brisbane,migrate:ibm_brisbane,migrate,1,1,1,0.0,1,1,0.007,0.0016,0.0105,0.018,0.0021,0.014,0.024,0.0004999999999999998,0.0034999999999999996,0.006000000000000002,0.010000000000000002,1.0,1.0,0.18166666666666667,0.0,0.08166666666666667,0.1,0.0,0,9,3,2976,4,0,0.42857142857142855,4,4,-2.0236640897723452,0.03515487376985882,0.27035026865584005,0.050240963326342314,0.1865673757997202,12,0.105,1,qubit_wise_commuting,7,8736,1248.0,1248,12,0,24,4,entangling_ry_rz_brickwork,0.9913416874340611,0.8565705128205128,0,0,0,0.010346882283261749,0.0545222768346647,0.011009952867694638,0.009901186269623441,104,4992,0.260404541
calibration,sha256:6f005094760433c0ec59dc1c0b78ef08f51e1ec1fb48c4b74aba3d0bd31ce907,sha256:6f005094760433c0ec59dc1c0b78ef08f51e1ec1fb48c4b74aba3d0bd31ce907-failure,3204,h2_vqe,noisy_sim,paper,cross_backend,cross_backend_context,,,B5,ibm_kyiv,ibm_sherbrooke,ibm_kyiv->ibm_sherbrooke,migrate:ibm_sherbrooke,migrate,1,1,1,0.0,1,1,0.0018999999999999998,0.0016,0.0105,0.018,0.0012,0.0095,0.017,0.0004000000000000002,0.0010000000000000009,0.0009999999999999974,0.0023999999999999985,1.0,1.0,0.12216666666666667,0.0,0.02216666666666666,0.1,0.0,1,9,3,2976,4,0,0.42857142857142855,4,4,-2.0236640897723452,0.03515487376985882,0.27035026865584005,0.050240963326342314,0.1865673757997202,12,0.105,1,qubit_wise_commuting,7,8736,1248.0,1248,12,0,24,4,entangling_ry_rz_brickwork,0.9913416874340611,0.8565705128205128,0,0,0,0.005203725469632214,0.04803273248779226,0.0049783777025775725,0.0,104,4992,0.260337291
calibration,sha256:70a865849d5415e5b19983c4a72ac870a77eed71cda22f71b4f3d0bce19aa952,sha256:70a865849d5415e5b19983c4a72ac870a77eed71cda22f71b4f3d0bce19aa952-failure,3202,h2_vqe,noisy_sim,paper,cross_backend,cross_backend_context,,,B5,ibm_kyiv,ibm_brisbane,ibm_kyiv->ibm_brisbane,migrate:ibm_brisbane,migrate,1,1,1,0.0,1,1,0.007,0.0016,0.0105,0.018,0.0021,0.014,0.024,0.0004999999999999998,0.0034999999999999996,0.006000000000000002,0.010000000000000002,1.0,1.0,0.18166666666666667,0.0,0.08166666666666667,0.1,0.0,0,9,3,2976,4,0,0.42857142857142855,4,4,-1.8833100298534353,0.09478762198656088,0.45584298395901934,0.07876767850603342,0.33181023888040095,12,0.105,1,qubit_wise_commuting,7,8736,1248.0,1248,12,0,24,4,entangling_ry_rz_brickwork,0.9407904513471905,0.8653846153846154,0,0,0,0.00948058967158838,0.06769391859431194,0.011462027181535543,0.008119673690688778,104,4992,0.259582125
calibration,sha256:70a865849d5415e5b19983c4a72ac870a77eed71cda22f71b4f3d0bce19aa952,sha256:70a865849d5415e5b19983c4a72ac870a77eed71cda22f71b4f3d0bce19aa952-failure,3202,h2_vqe,noisy_sim,paper,cross_backend,cross_backend_context,,,B5,ibm_kyiv,ibm_sherbrooke,ibm_kyiv->ibm_sherbrooke,migrate:ibm_sherbrooke,migrate,1,1,1,0.0,1,1,0.0018999999999999998,0.0016,0.0105,0.018,0.0012,0.0095,0.017,0.0004000000000000002,0.0010000000000000009,0.0009999999999999974,0.0023999999999999985,1.0,1.0,0.12216666666666667,0.0,0.02216666666666666,0.1,0.0,1,9,3,2976,4,0,0.42857142857142855,4,4,-1.8833100298534353,0.09478762198656088,0.45584298395901934,0.07876767850603342,0.33181023888040095,12,0.105,1,qubit_wise_commuting,7,8736,1248.0,1248,12,0,24,4,entangling_ry_rz_brickwork,0.9407904513471905,0.8653846153846154,0,0,0,0.0048205640001484085,0.010602378968087299,0.005250550684267126,0.0,104,4992,0.259544375
calibration,sha256:70b95574269f67dc1df322803630a41da32265fa6c15a64537f456d7677bca1b,sha256:70b95574269f67dc1df322803630a41da32265fa6c15a64537f456d7677bca1b-failure,3207,lih_vqe,noisy_sim,paper,same_backend_delay,cross_backend_context,,,B5,ibm_kyiv,ibm_sherbrooke,ibm_kyiv->ibm_sherbrooke,migrate:ibm_sherbrooke,migrate,1,1,1,0.0,1,1,0.0018999999999999998,0.0016,0.0105,0.018,0.0012,0.0095,0.017,0.0004000000000000002,0.0010000000000000009,0.0009999999999999974,0.0023999999999999985,1.0,1.0,0.12216666666666667,0.0,0.02216666666666666,0.1,0.0,1,9,4,5120,4,0,0.5,4,4,-7.549577733268277,0.07945046398903077,0.6023106832048946,0.07254746524202499,0.3889754678576354,20,0.085,1,qubit_wise_commuting,8,12288,1536.0,1536,20,0,40,5,entangling_ry_rz_brickwork,1.6065989214985639,0.7630208333333334,0,0,0,0.0011635659872331061,0.04811402741247498,0.01041581895144658,0.0029839237119801965,168,6144,0.931637333
calibration,sha256:70b95574269f67dc1df322803630a41da32265fa6c15a64537f456d7677bca1b,sha256:70b95574269f67dc1df322803630a41da32265fa6c15a64537f456d7677bca1b-failure,3207,lih_vqe,noisy_sim,paper,same_backend_delay,same_backend_changed_context,,,B5,ibm_kyiv,ibm_kyiv,ibm_kyiv->ibm_kyiv,replay:ibm_kyiv,replay,1,1,1,4.0,0,1,0.007999999999999998,0.0016,0.0105,0.018,0.00224,0.0147,0.025199999999999997,0.0006399999999999997,0.004199999999999999,0.007199999999999998,0.012039999999999997,1.0,1.0,0.5333333333333333,0.44000000000000006,0.09333333333333331,0.0,0.0,0,9,4,5120,4,0,0.5,4,4,-7.549577733268277,0.07945046398903077,0.6023106832048946,0.07254746524202499,0.3889754678576354,20,0.085,1,qubit_wise_commuting,8,12288,1536.0,1536,20,0,40,5,entangling_ry_rz_brickwork,1.6065989214985639,0.7630208333333334,0,0,0,0.0033468828219476165,0.09483404098777429,0.028406279822599887,0.0,168,6144,0.923925583
calibration,sha256:71aa625dbfb463d341f5efcbd332dc0bb6d15318d9c8be61a9aa2fb9fab3eb81,sha256:71aa625dbfb463d341f5efcbd332dc0bb6d15318d9c8be61a9aa2fb9fab3eb81-failure,3208,adapt_vqe,noisy_sim,paper,no_change,same_backend_no_change,,,B6,ibm_kyiv,ibm_kyiv,ibm_kyiv->ibm_kyiv,replay:ibm_kyiv,replay,1,1,1,0.0,0,1,0.0,0.0016,0.0105,0.018,0.0016,0.0105,0.018,0.0,0.0,0.0,0.0,1.0,1.0,0.0,0.0,0.0,0.0,0.0,1,15,0,0,8,0,0.0,4,4,-7.461365703211236,0.0059893674777455885,0.17901115003067836,0.05389884841905185,0.13138230575925214,6,0.08,1,qubit_wise_commuting,8,8704,1088.0,1088,6,6,40,5,adapt_pauli_pool,0.8146388283903975,0.8851102941176471,1,1,1,0.0,0.0,0.0,0.0,0,0,0.094987209
calibration,sha256:74cec967c4bf170badab13bc0f09d8a69fae42434147e07e4ba12748873aa3a3,sha256:74cec967c4bf170badab13bc0f09d8a69fae42434147e07e4ba12748873aa3a3-failure,3204,adapt_vqe,noisy_sim,paper,safe_change,same_backend_changed_context,,,B6,ibm_kyiv,ibm_kyiv,ibm_kyiv->ibm_kyiv,replay:ibm_kyiv,replay,1,1,1,0.1,0,1,0.00020000000000000017,0.0016,0.0105,0.018,0.001616,0.010605000000000002,0.018179999999999998,1.5999999999999955e-05,0.00010500000000000093,0.0001799999999999996,0.0003010000000000005,1.0,1.0,0.013333333333333336,0.011000000000000001,0.0023333333333333353,0.0,0.0,1,15,0,0,8,0,0.0,4,4,-7.472912484581944,0.00721281844689603,0.20100657412148223,0.05752096359508294,0.15521090297192014,6,0.08,1,qubit_wise_commuting,8,8704,1088.0,1088,6,6,40,5,adapt_pauli_pool,0.6933511506975439,0.9025735294117647,1,1,1,5.675435354568492e-05,0.0034689379981579695,5.3314319495162285e-05,0.0,0,0,0.09458925
calibration,sha256:751f9535a82fc6258a5b2368aa81580fc9c75df3554be3b54291914656dc9088,sha256:751f9535a82fc6258a5b2368aa81580fc9c75df3554be3b54291914656dc9088-failure,3208,qaoa_maxcut,noisy_sim,paper,no_change,same_backend_no_change,,,B5,ibm_kyiv,ibm_kyiv,ibm_kyiv->ibm_kyiv,replay:ibm_kyiv,replay,1,1,1,0.0,0,1,0.0,0.0016,0.0105,0.018,0.0016,0.0105,0.018,0.0,0.0,0.0,0.0,1.0,1.0,0.0,0.0,0.0,0.0,0.0,1,9,1,4096,0,0,1.0,4,4,-5.414142727604113,2.553021421987263,6.42548841412416,3.0233798251886324,4.414778706439412,4,0.12,1,qubit_wise_commuting,1,4096,4096.0,4096,4,0,10,6,qaoa_maxcut,5.317311044248581,0.14111328125,1,1,1,0.0,0.0,0.0,0.0,0,0,1.641225333
calibration,sha256:75d474b684622794b448a88c83539e38ea92fcc97d621a6a86a452863e532783,sha256:75d474b684622794b448a88c83539e38ea92fcc97d621a6a86a452863e532783-failure,3208,qaoa_maxcut,noisy_sim,paper,safe_change,same_backend_changed_context,,,B5,ibm_kyiv,ibm_kyiv,ibm_kyiv->ibm_kyiv,replay:ibm_kyiv,replay,1,1,1,0.1,0,1,0.00020000000000000017,0.0016,0.0105,0.018,0.001616,0.010605000000000002,0.018179999999999998,1.5999999999999955e-05,0.00010500000000000093,0.0001799999999999996,0.0003010000000000005,1.0,1.0,0.013333333333333336,0.011000000000000001,0.0023333333333333353,0.0,0.0,1,9,1,4096,0,0,1.0,4,4,-5.414142727604113,2.553021421987263,6.42548841412416,3.0233798251886324,4.414778706439412,4,0.12,1,qubit_wise_commuting,1,4096,4096.0,4096,4,0,10,6,qaoa_maxcut,5.317311044248581,0.14111328125,1,1,1,0.0020068500770591413,0.037439291801521016,0.06006895490021472,0.0027003666232490176,0,0,1.624087208
calibration,sha256:767d65353b63d4ef81506e479e3e640e3353d3ea34c2138a9502e43b8c73e852,sha256:767d65353b63d4ef81506e479e3e640e3353d3ea34c2138a9502e43b8c73e852-failure,3207,adapt_vqe,noisy_sim,paper,same_backend_delay,cross_backend_context,,,B6,ibm_kyiv,ibm_sherbrooke,ibm_kyiv->ibm_sherbrooke,migrate:ibm_sherbrooke,migrate,1,1,1,0.0,1,1,0.0018999999999999998,0.0016,0.0105,0.018,0.0012,0.0095,0.017,0.0004000000000000002,0.0010000000000000009,0.0009999999999999974,0.0023999999999999985,1.0,1.0,0.12216666666666667,0.0,0.02216666666666666,0.1,0.0,1,15,0,0,8,0,0.0,4,4,-7.453043386124786,0.0008856774614631746,0.06242299281220056,0.018733516966511158,0.05342941911524612,6,0.08,1,qubit_wise_commuting,8,8704,1088.0,1088,6,6,40,5,adapt_pauli_pool,0.7873679675743115,0.890625,0,0,0,0.0006983200951617974,0.0075930917264305006,0.001264853540342739,0.0007004730434791995,56,4352,0.094308041
calibration,sha256:767d65353b63d4ef81506e479e3e640e3353d3ea34c2138a9502e43b8c73e852,sha256:767d65353b63d4ef81506e479e3e640e3353d3ea34c2138a9502e43b8c73e852-failure,3207,adapt_vqe,noisy_sim,paper,same_backend_delay,same_backend_changed_context,,,B6,ibm_kyiv,ibm_kyiv,ibm_kyiv->ibm_kyiv,replay:ibm_kyiv,replay,1,1,1,4.0,0,1,0.007999999999999998,0.0016,0.0105,0.018,0.00224,0.0147,0.025199999999999997,0.0006399999999999997,0.004199999999999999,0.007199999999999998,0.012039999999999997,1.0,1.0,0.5333333333333333,0.44000000000000006,0.09333333333333331,0.0,0.0,0,15,0,0,8,0,0.0,4,4,-7.453043386124786,0.0008856774614631746,0.06242299281220056,0.018733516966511158,0.05342941911524612,6,0.08,1,qubit_wise_commuting,8,8704,1088.0,1088,6,6,40,5,adapt_pauli_pool,0.7873679675743115,0.890625,0,0,0,0.002348780079279855,0.0994960881941456,0.0020217965909360607,0.0,56,4352,0.09420325
calibration,sha256:7804a55ad7287b1ca51d038ec2f0a83d9c4ff16417cdb4dc6f2cdf54ca7f98c4,sha256:7804a55ad7287b1ca51d038ec2f0a83d9c4ff16417cdb4dc6f2cdf54ca7f98c4-failure,3206,qaoa_maxcut,noisy_sim,paper,no_change,same_backend_no_change,,,B5,ibm_kyiv,ibm_kyiv,ibm_kyiv->ibm_kyiv,replay:ibm_kyiv,replay,1,1,1,0.0,0,1,0.0,0.0016,0.0105,0.018,0.0016,0.0105,0.018,0.0,0.0,0.0,0.0,1.0,1.0,0.0,0.0,0.0,0.0,0.0,1,9,1,4128,0,0,1.0,4,4,-6.320445700672203,2.542464911220978,8.082579638887832,3.6323456151097853,6.295761213828399,4,0.12,1,qubit_wise_commuting,1,4128,4128.0,4128,4,0,10,6,qaoa_maxcut,5.7535453202464515,0.07146317829457365,1,1,1,0.0,0.0,0.0,0.0,0,0,1.610575708
calibration,sha256:79cc5839329d05a3df15b9e396958e0a02e9a442b480071db3492081ce08b2dc,sha256:79cc5839329d05a3df15b9e396958e0a02e9a442b480071db3492081ce08b2dc-failure,3206,h2_vqe,noisy_sim,paper,cross_backend,cross_backend_context,,,B5,ibm_kyiv,ibm_brisbane,ibm_kyiv->ibm_brisbane,migrate:ibm_brisbane,migrate,1,1,1,0.0,1,1,0.007,0.0016,0.0105,0.018,0.0021,0.014,0.024,0.0004999999999999998,0.0034999999999999996,0.006000000000000002,0.010000000000000002,1.0,1.0,0.18166666666666667,0.0,0.08166666666666667,0.1,0.0,0,9,3,2976,4,0,0.42857142857142855,4,4,-2.009252593742569,0.027460155600799174,0.24638122786619204,0.043459222725931536,0.17536963560202462,12,0.105,1,qubit_wise_commuting,7,8736,1248.0,1248,12,0,24,4,entangling_ry_rz_brickwork,0.929523612042819,0.8693910256410257,0,0,0,0.010121243423132142,0.06114542081544373,0.012589969031409054,0.009689651713782332,104,4992,0.260085208
calibration,sha256:79cc5839329d05a3df15b9e396958e0a02e9a442b480071db3492081ce08b2dc,sha256:79cc5839329d05a3df15b9e396958e0a02e9a442b480071db3492081ce08b2dc-failure,3206,h2_vqe,noisy_sim,paper,cross_backend,cross_backend_context,,,B5,ibm_kyiv,ibm_sherbrooke,ibm_kyiv->ibm_sherbrooke,migrate:ibm_sherbrooke,migrate,1,1,1,0.0,1,1,0.0018999999999999998,0.0016,0.0105,0.018,0.0012,0.0095,0.017,0.0004000000000000002,0.0010000000000000009,0.0009999999999999974,0.0023999999999999985,1.0,1.0,0.12216666666666667,0.0,0.02216666666666666,0.1,0.0,1,9,3,2976,4,0,0.42857142857142855,4,4,-2.009252593742569,0.027460155600799174,0.24638122786619204,0.043459222725931536,0.17536963560202462,12,0.105,1,qubit_wise_commuting,7,8736,1248.0,1248,12,0,24,4,entangling_ry_rz_brickwork,0.929523612042819,0.8693910256410257,0,0,0,0.005109512516242809,0.009436497899517277,0.005651888630753,0.0,104,4992,0.260658167
calibration,sha256:7a35748e39326cd4ef362cf05106c2adfc6ff14bae9b4b2fd125540d57313de2,sha256:7a35748e39326cd4ef362cf05106c2adfc6ff14bae9b4b2fd125540d57313de2-failure,3204,lih_vqe,noisy_sim,paper,cross_backend,cross_backend_context,,,B5,ibm_kyiv,ibm_brisbane,ibm_kyiv->ibm_brisbane,migrate:ibm_brisbane,migrate,1,1,1,0.0,1,1,0.007,0.0016,0.0105,0.018,0.0021,0.014,0.024,0.0004999999999999998,0.0034999999999999996,0.006000000000000002,0.010000000000000002,1.0,1.0,0.18166666666666667,0.0,0.08166666666666667,0.1,0.0,0,9,4,4608,4,0,0.5,4,4,-7.6303409022718744,0.05596008991093093,0.49532302444160364,0.06003637581711087,0.33313320795337453,20,0.085,1,qubit_wise_commuting,8,11264,1408.0,1408,20,0,40,5,entangling_ry_rz_brickwork,1.510603338534905,0.7862215909090909,0,0,0,0.002532631328681312,0.0567138384505925,0.02187852218367868,0.0,168,5632,1.0553285
calibration,sha256:7a35748e39326cd4ef362cf05106c2adfc6ff14bae9b4b2fd125540d57313de2,sha256:7a35748e39326cd4ef362cf05106c2adfc6ff14bae9b4b2fd125540d57313de2-failure,3204,lih_vqe,noisy_sim,paper,cross_backend,cross_backend_context,,,B5,ibm_kyiv,ibm_sherbrooke,ibm_kyiv->ibm_sherbrooke,migrate:ibm_sherbrooke,migrate,1,1,1,0.0,1,1,0.0018999999999999998,0.0016,0.0105,0.018,0.0012,0.0095,0.017,0.0004000000000000002,0.0010000000000000009,0.0009999999999999974,0.0023999999999999985,1.0,1.0,0.12216666666666667,0.0,0.02216666666666666,0.1,0.0,1,9,4,4608,4,0,0.5,4,4,-7.6303409022718744,0.05596008991093093,0.49532302444160364,0.06003637581711087,0.33313320795337453,20,0.085,1,qubit_wise_commuting,8,11264,1408.0,1408,20,0,40,5,entangling_ry_rz_brickwork,1.510603338534905,0.7862215909090909,0,0,0,0.001027861173199085,0.024860136379133962,0.009882599326064535,0.0021863055953703636,168,5632,0.932211166
calibration,sha256:7a7886b235c44496451fc2f374029ecfcf5e312d6f826a99f15883f0e9575427,sha256:7a7886b235c44496451fc2f374029ecfcf5e312d6f826a99f15883f0e9575427-failure,3208,lih_vqe,noisy_sim,paper,no_change,same_backend_no_change,,,B5,ibm_kyiv,ibm_kyiv,ibm_kyiv->ibm_kyiv,replay:ibm_kyiv,replay,1,1,1,0.0,0,1,0.0,0.0016,0.0105,0.018,0.0016,0.0105,0.018,0.0,0.0,0.0,0.0,1.0,1.0,0.0,0.0,0.0,0.0,0.0,1,9,4,5120,4,0,0.5,4,4,-7.748589501966552,0.08882639129214098,0.6107391663059288,0.06608345735153985,0.4201181202869818,20,0.085,1,qubit_wise_commuting,8,12288,1536.0,1536,20,0,40,5,entangling_ry_rz_brickwork,1.3937094986767222,0.810546875,1,1,1,0.0,0.0,0.0,0.0,0,0,1.187522666
calibration,sha256:7c0974636c9983235c6f13ef9d71fa4554e29f4994ab90ee01faaa21ead26061,sha256:7c0974636c9983235c6f13ef9d71fa4554e29f4994ab90ee01faaa21ead26061-failure,3201,qaoa_maxcut,noisy_sim,paper,same_backend_delay,cross_backend_context,,,B5,ibm_kyiv,ibm_sherbrooke,ibm_kyiv->ibm_sherbrooke,migrate:ibm_sherbrooke,migrate,1,1,1,0.0,1,1,0.0018999999999999998,0.0016,0.0105,0.018,0.0012,0.0095,0.017,0.0004000000000000002,0.0010000000000000009,0.0009999999999999974,0.0023999999999999985,1.0,1.0,0.12216666666666667,0.0,0.02216666666666666,0.1,0.0,1,9,1,4128,0,0,1.0,4,4,-4.48299702177153,0.6591191852401184,2.4159980954954077,0.9376920025590751,1.9519481341791651,4,0.12,1,qubit_wise_commuting,1,4128,4128.0,4128,4,0,10,6,qaoa_maxcut,5.106102522777241,0.11652131782945736,0,0,0,0.1647831655557166,0.05782049965067823,0.8199904531925118,0.0028634597829757524,40,16512,1.696733375
calibration,sha256:7c0974636c9983235c6f13ef9d71fa4554e29f4994ab90ee01faaa21ead26061,sha256:7c0974636c9983235c6f13ef9d71fa4554e29f4994ab90ee01faaa21ead26061-failure,3201,qaoa_maxcut,noisy_sim,paper,same_backend_delay,same_backend_changed_context,,,B5,ibm_kyiv,ibm_kyiv,ibm_kyiv->ibm_kyiv,replay:ibm_kyiv,replay,1,1,1,4.0,0,1,0.007999999999999998,0.0016,0.0105,0.018,0.00224,0.0147,0.025199999999999997,0.0006399999999999997,0.004199999999999999,0.007199999999999998,0.012039999999999997,1.0,1.0,0.5333333333333333,0.44000000000000006,0.09333333333333331,0.0,0.0,0,9,1,4128,0,0,1.0,4,4,-4.48299702177153,0.6591191852401184,2.4159980954954077,0.9376920025590751,1.9519481341791651,4,0.12,1,qubit_wise_commuting,1,4128,4128.0,4128,4,0,10,6,qaoa_maxcut,5.106102522777241,0.11652131782945736,0,0,0,0.0032711412383301663,0.10066066826292447,1.7803851626103828,0.0,40,16512,1.626505334
calibration,sha256:7c36fbe187f60de0a8465519313cbd7d4c0f5f26dcacd8e139031dc8bddaa6fd,sha256:7c36fbe187f60de0a8465519313cbd7d4c0f5f26dcacd8e139031dc8bddaa6fd-failure,3207,h2_vqe,noisy_sim,paper,same_backend_delay,cross_backend_context,,,B5,ibm_kyiv,ibm_sherbrooke,ibm_kyiv->ibm_sherbrooke,migrate:ibm_sherbrooke,migrate,1,1,1,0.0,1,1,0.0018999999999999998,0.0016,0.0105,0.018,0.0012,0.0095,0.017,0.0004000000000000002,0.0010000000000000009,0.0009999999999999974,0.0023999999999999985,1.0,1.0,0.12216666666666667,0.0,0.02216666666666666,0.1,0.0,1,9,3,2976,4,0,0.42857142857142855,4,4,-1.9621570999641458,0.06374967188126046,0.35588426269511964,0.06949420903304539,0.23825478883452927,12,0.105,1,qubit_wise_commuting,7,8736,1248.0,1248,12,0,24,4,entangling_ry_rz_brickwork,1.0852529303149812,0.8341346153846154,0,0,0,0.005113331115756292,0.02881932767479843,0.004340270844209882,0.0,104,4992,0.258615667
calibration,sha256:7c36fbe187f60de0a8465519313cbd7d4c0f5f26dcacd8e139031dc8bddaa6fd,sha256:7c36fbe187f60de0a8465519313cbd7d4c0f5f26dcacd8e139031dc8bddaa6fd-failure,3207,h2_vqe,noisy_sim,paper,same_backend_delay,same_backend_changed_context,,,B5,ibm_kyiv,ibm_kyiv,ibm_kyiv->ibm_kyiv,replay:ibm_kyiv,replay,1,1,1,4.0,0,1,0.007999999999999998,0.0016,0.0105,0.018,0.00224,0.0147,0.025199999999999997,0.0006399999999999997,0.004199999999999999,0.007199999999999998,0.012039999999999997,1.0,1.0,0.5333333333333333,0.44000000000000006,0.09333333333333331,0.0,0.0,0,9,3,2976,4,0,0.42857142857142855,4,4,-1.9621570999641458,0.06374967188126046,0.35588426269511964,0.06949420903304539,0.23825478883452927,12,0.105,1,qubit_wise_commuting,7,8736,1248.0,1248,12,0,24,4,entangling_ry_rz_brickwork,1.0852529303149812,0.8341346153846154,0,0,0,0.012434760796595556,0.04112984781006299,0.011980171696667955,0.011618765216111715,104,4992,0.259326
calibration,sha256:7e88b98f344b3529f19ad9856c0e9893d325d9dbae564192ff8af63d403b2316,sha256:7e88b98f344b3529f19ad9856c0e9893d325d9dbae564192ff8af63d403b2316-failure,3205,lih_vqe,noisy_sim,paper,high_change,cross_backend_context,,,B5,ibm_kyiv,ibm_brisbane,ibm_kyiv->ibm_brisbane,migrate:ibm_brisbane,migrate,1,1,1,6.0,1,1,0.023860000000000006,0.0016,0.0105,0.018,0.00336,0.022400000000000003,0.038400000000000004,0.00176,0.011900000000000003,0.020400000000000005,0.03406000000000001,1.0,1.0,0.9283666666666667,0.55,0.2783666666666667,0.1,0.0,0,9,4,5120,4,0,0.5,4,4,-7.745214518143432,0.09610568275234588,0.6356132619782277,0.07833923028080145,0.4339084564768984,20,0.085,1,qubit_wise_commuting,8,12288,1536.0,1536,20,0,40,5,entangling_ry_rz_brickwork,2.0232081214900655,0.669921875,0,0,0,0.00816626200156989,0.1176735933032668,0.07907725809380661,0.0,168,6144,0.957316875
calibration,sha256:7e88b98f344b3529f19ad9856c0e9893d325d9dbae564192ff8af63d403b2316,sha256:7e88b98f344b3529f19ad9856c0e9893d325d9dbae564192ff8af63d403b2316-failure,3205,lih_vqe,noisy_sim,paper,high_change,same_backend_changed_context,,,B5,ibm_kyiv,ibm_kyiv,ibm_kyiv->ibm_kyiv,replay:ibm_kyiv,replay,1,1,1,8.0,0,1,0.016,0.0016,0.0105,0.018,0.00288,0.0189,0.0324,0.00128,0.0084,0.0144,0.024079999999999997,1.0,1.0,0.7366666666666667,0.55,0.18666666666666665,0.0,0.0,0,9,4,5120,4,0,0.5,4,4,-7.745214518143432,0.09610568275234588,0.6356132619782277,0.07833923028080145,0.4339084564768984,20,0.085,1,qubit_wise_commuting,8,12288,1536.0,1536,20,0,40,5,entangling_ry_rz_brickwork,2.0232081214900655,0.669921875,0,0,0,0.006023393197367888,0.08642485698981806,0.05696449544586193,0.0,168,6144,0.949172291
calibration,sha256:7ea2da19148a8265a9c6296d11f50bb66df51a2c4607adc6b0312b3e7ac8c134,sha256:7ea2da19148a8265a9c6296d11f50bb66df51a2c4607adc6b0312b3e7ac8c134-failure,3206,lih_vqe,noisy_sim,paper,same_backend_delay,cross_backend_context,,,B5,ibm_kyiv,ibm_sherbrooke,ibm_kyiv->ibm_sherbrooke,migrate:ibm_sherbrooke,migrate,1,1,1,0.0,1,1,0.0018999999999999998,0.0016,0.0105,0.018,0.0012,0.0095,0.017,0.0004000000000000002,0.0010000000000000009,0.0009999999999999974,0.0023999999999999985,1.0,1.0,0.12216666666666667,0.0,0.02216666666666666,0.1,0.0,1,9,4,5120,4,0,0.5,4,4,-7.926923329428529,0.09803869690081335,0.6264946008411444,0.0692858631715381,0.4378132424175717,20,0.085,1,qubit_wise_commuting,8,12288,1536.0,1536,20,0,40,5,entangling_ry_rz_brickwork,1.785366245952716,0.7317708333333334,0,0,0,0.002524080839590326,0.03271970398326364,0.010180415463685474,0.0,168,6144,0.932699
calibration,sha256:7ea2da19148a8265a9c6296d11f50bb66df51a2c4607adc6b0312b3e7ac8c134,sha256:7ea2da19148a8265a9c6296d11f50bb66df51a2c4607adc6b0312b3e7ac8c134-failure,3206,lih_vqe,noisy_sim,paper,same_backend_delay,same_backend_changed_context,,,B5,ibm_kyiv,ibm_kyiv,ibm_kyiv->ibm_kyiv,replay:ibm_kyiv,replay,1,1,1,4.0,0,1,0.007999999999999998,0.0016,0.0105,0.018,0.00224,0.0147,0.025199999999999997,0.0006399999999999997,0.004199999999999999,0.007199999999999998,0.012039999999999997,1.0,1.0,0.5333333333333333,0.44000000000000006,0.09333333333333331,0.0,0.0,0,9,4,5120,4,0,0.5,4,4,-7.926923329428529,0.09803869690081335,0.6264946008411444,0.0692858631715381,0.4378132424175717,20,0.085,1,qubit_wise_commuting,8,12288,1536.0,1536,20,0,40,5,entangling_ry_rz_brickwork,1.785366245952716,0.7317708333333334,0,0,0,0.006667579684805247,0.07451355311948266,0.027332386793797337,0.0016553906989296152,168,6144,1.073226709
calibration,sha256:7f2c76da1e441e90ba9eaa1c5bb549996896d618483772f552d55f5c214aa916,sha256:7f2c76da1e441e90ba9eaa1c5bb549996896d618483772f552d55f5c214aa916-failure,3202,h2_vqe,noisy_sim,paper,high_change,cross_backend_context,,,B5,ibm_kyiv,ibm_brisbane,ibm_kyiv->ibm_brisbane,migrate:ibm_brisbane,migrate,1,1,1,6.0,1,1,0.023860000000000006,0.0016,0.0105,0.018,0.00336,0.022400000000000003,0.038400000000000004,0.00176,0.011900000000000003,0.020400000000000005,0.03406000000000001,1.0,1.0,0.9283666666666667,0.55,0.2783666666666667,0.1,0.0,0,9,3,2976,4,0,0.42857142857142855,4,4,-1.8833100298534353,0.09478762198656088,0.45584298395901934,0.07876767850603342,0.33181023888040095,12,0.105,1,qubit_wise_commuting,7,8736,1248.0,1248,12,0,24,4,entangling_ry_rz_brickwork,0.9407904513471905,0.8653846153846154,0,0,0,0.03214244451095816,0.10869466937498294,0.03909571261960059,0.027589811541115283,104,4992,0.260704417
calibration,sha256:7f2c76da1e441e90ba9eaa1c5bb549996896d618483772f552d55f5c214aa916,sha256:7f2c76da1e441e90ba9eaa1c5bb549996896d618483772f552d55f5c214aa916-failure,3202,h2_vqe,noisy_sim,paper,high_change,same_backend_changed_context,,,B5,ibm_kyiv,ibm_kyiv,ibm_kyiv->ibm_kyiv,replay:ibm_kyiv,replay,1,1,1,8.0,0,1,0.016,0.0016,0.0105,0.018,0.00288,0.0189,0.0324,0.00128,0.0084,0.0144,0.024079999999999997,1.0,1.0,0.7366666666666667,0.55,0.18666666666666665,0.0,0.0,0,9,3,2976,4,0,0.42857142857142855,4,4,-1.8833100298534353,0.09478762198656088,0.45584298395901934,0.07876767850603342,0.33181023888040095,12,0.105,1,qubit_wise_commuting,7,8736,1248.0,1248,12,0,24,4,entangling_ry_rz_brickwork,0.9407904513471905,0.8653846153846154,0,0,0,0.023117173209307174,0.08493648666904795,0.02797267200561247,0.019833713257414898,104,4992,0.261728083
calibration,sha256:815c98dd6ddaf51af44fdae923fc3a04854f6d382d196b0e41d2266be9f540c4,sha256:815c98dd6ddaf51af44fdae923fc3a04854f6d382d196b0e41d2266be9f540c4-failure,3203,h2_vqe,noisy_sim,paper,no_change,same_backend_no_change,,,B5,ibm_kyiv,ibm_kyiv,ibm_kyiv->ibm_kyiv,replay:ibm_kyiv,replay,1,1,1,0.0,0,1,0.0,0.0016,0.0105,0.018,0.0016,0.0105,0.018,0.0,0.0,0.0,0.0,1.0,1.0,0.0,0.0,0.0,0.0,0.0,1,9,3,2976,4,0,0.42857142857142855,4,4,-1.7992831574026287,0.06911634802839095,0.43997478302889087,0.07412382582966578,0.37981874393460374,12,0.105,1,qubit_wise_commuting,7,8736,1248.0,1248,12,0,24,4,entangling_ry_rz_brickwork,1.6650917155927296,0.7267628205128205,1,1,1,0.0,0.0,0.0,0.0,0,0,0.262215875
calibration,sha256:845c9a6807acebb06c20de67df3eb220995b7d4f517efbcc208df940450db37f,sha256:845c9a6807acebb06c20de67df3eb220995b7d4f517efbcc208df940450db37f-failure,3205,h2_vqe,noisy_sim,paper,safe_change,same_backend_changed_context,,,B5,ibm_kyiv,ibm_kyiv,ibm_kyiv->ibm_kyiv,replay:ibm_kyiv,replay,1,1,1,0.1,0,1,0.00020000000000000017,0.0016,0.0105,0.018,0.001616,0.010605000000000002,0.018179999999999998,1.5999999999999955e-05,0.00010500000000000093,0.0001799999999999996,0.0003010000000000005,1.0,1.0,0.013333333333333336,0.011000000000000001,0.0023333333333333353,0.0,0.0,1,9,3,2976,4,0,0.42857142857142855,4,4,-1.934479869263147,0.05718663583871364,0.36271255454705154,0.07397019557239506,0.25046852980843415,12,0.105,1,qubit_wise_commuting,7,8736,1248.0,1248,12,0,24,4,entangling_ry_rz_brickwork,1.0554526220034204,0.8461538461538461,1,1,1,0.00029759350683677965,0.003518538558241595,0.00038209056538588375,0.000268950280369884,0,0,0.260404625
calibration,sha256:872d446e7a1223763699e3861d28adcb031cac54bb6e65dce8416166289219d0,sha256:872d446e7a1223763699e3861d28adcb031cac54bb6e65dce8416166289219d0-failure,3208,adapt_vqe,noisy_sim,paper,same_backend_delay,cross_backend_context,,,B6,ibm_kyiv,ibm_sherbrooke,ibm_kyiv->ibm_sherbrooke,migrate:ibm_sherbrooke,migrate,1,1,1,0.0,1,1,0.0018999999999999998,0.0016,0.0105,0.018,0.0012,0.0095,0.017,0.0004000000000000002,0.0010000000000000009,0.0009999999999999974,0.0023999999999999985,1.0,1.0,0.12216666666666667,0.0,0.02216666666666666,0.1,0.0,1,15,0,0,8,0,0.0,4,4,-7.461365703211236,0.0059893674777455885,0.17901115003067836,0.05389884841905185,0.13138230575925214,6,0.08,1,qubit_wise_commuting,8,8704,1088.0,1088,6,6,40,5,adapt_pauli_pool,0.8146388283903975,0.8851102941176471,0,0,0,0.0006710462337267131,0.0065258298504415856,0.0013297716823450151,0.0006911638224780248,56,4352,0.094484917
calibration,sha256:872d446e7a1223763699e3861d28adcb031cac54bb6e65dce8416166289219d0,sha256:872d446e7a1223763699e3861d28adcb031cac54bb6e65dce8416166289219d0-failure,3208,adapt_vqe,noisy_sim,paper,same_backend_delay,same_backend_changed_context,,,B6,ibm_kyiv,ibm_kyiv,ibm_kyiv->ibm_kyiv,replay:ibm_kyiv,replay,1,1,1,4.0,0,1,0.007999999999999998,0.0016,0.0105,0.018,0.00224,0.0147,0.025199999999999997,0.0006399999999999997,0.004199999999999999,0.007199999999999998,0.012039999999999997,1.0,1.0,0.5333333333333333,0.44000000000000006,0.09333333333333331,0.0,0.0,0,15,0,0,8,0,0.0,4,4,-7.461365703211236,0.0059893674777455885,0.17901115003067836,0.05389884841905185,0.13138230575925214,6,0.08,1,qubit_wise_commuting,8,8704,1088.0,1088,6,6,40,5,adapt_pauli_pool,0.8146388283903975,0.8851102941176471,0,0,0,0.002305218703524403,0.07905368401058245,0.002124947412877908,0.0,56,4352,0.093963375
calibration,sha256:87f2db886ffa1c27c27774fe5573fe427ea1ec2d097feba919f945e5baeb4c6c,sha256:87f2db886ffa1c27c27774fe5573fe427ea1ec2d097feba919f945e5baeb4c6c-failure,3201,adapt_vqe,noisy_sim,paper,high_change,cross_backend_context,,,B6,ibm_kyiv,ibm_brisbane,ibm_kyiv->ibm_brisbane,migrate:ibm_brisbane,migrate,1,1,1,6.0,1,1,0.023860000000000006,0.0016,0.0105,0.018,0.00336,0.022400000000000003,0.038400000000000004,0.00176,0.011900000000000003,0.020400000000000005,0.03406000000000001,1.0,1.0,0.9283666666666667,0.55,0.2783666666666667,0.1,0.0,0,15,0,0,8,0,0.0,4,4,-7.450857792134499,0.001310937038716986,0.07510355018238321,0.02454394749353581,0.04750439008695848,6,0.08,1,qubit_wise_commuting,8,8704,1088.0,1088,6,6,40,5,adapt_pauli_pool,0.6468211968321697,0.9136029411764706,0,0,0,0.006606906092740061,0.11507157935739933,0.004407040799595641,0.0,56,4352,0.098415708
calibration,sha256:87f2db886ffa1c27c27774fe5573fe427ea1ec2d097feba919f945e5baeb4c6c,sha256:87f2db886ffa1c27c27774fe5573fe427ea1ec2d097feba919f945e5baeb4c6c-failure,3201,adapt_vqe,noisy_sim,paper,high_change,same_backend_changed_context,,,B6,ibm_kyiv,ibm_kyiv,ibm_kyiv->ibm_kyiv,replay:ibm_kyiv,replay,1,1,1,8.0,0,1,0.016,0.0016,0.0105,0.018,0.00288,0.0189,0.0324,0.00128,0.0084,0.0144,0.024079999999999997,1.0,1.0,0.7366666666666667,0.55,0.18666666666666665,0.0,0.0,0,15,0,0,8,0,0.0,4,4,-7.450857792134499,0.001310937038716986,0.07510355018238321,0.02454394749353581,0.04750439008695848,6,0.08,1,qubit_wise_commuting,8,8704,1088.0,1088,6,6,40,5,adapt_pauli_pool,0.6468211968321697,0.9136029411764706,0,0,0,0.004709525512028634,0.094088920029709,0.0032059542402156373,0.0,56,4352,0.096689459
calibration,sha256:8aacf71b854e6152e1705478321e824ec86063b93c893d82ac9701abc1c4a714,sha256:8aacf71b854e6152e1705478321e824ec86063b93c893d82ac9701abc1c4a714-failure,3207,qaoa_maxcut,noisy_sim,paper,cross_backend,cross_backend_context,,,B5,ibm_kyiv,ibm_brisbane,ibm_kyiv->ibm_brisbane,migrate:ibm_brisbane,migrate,1,1,1,0.0,1,1,0.007,0.0016,0.0105,0.018,0.0021,0.014,0.024,0.0004999999999999998,0.0034999999999999996,0.006000000000000002,0.010000000000000002,1.0,1.0,0.18166666666666667,0.0,0.08166666666666667,0.1,0.0,0,9,1,4064,0,0,1.0,4,4,-4.210457441858018,0.5212537367528052,1.2786687097713467,0.6162722422033751,0.8202870714662068,4,0.12,1,qubit_wise_commuting,1,4064,4064.0,4064,4,0,10,6,qaoa_maxcut,4.914975903624279,0.13213582677165353,0,0,1,0.0827059673015027,0.07934126339993171,0.5013266703585594,0.0007712297900868137,40,16256,1.608772209
calibration,sha256:8aacf71b854e6152e1705478321e824ec86063b93c893d82ac9701abc1c4a714,sha256:8aacf71b854e6152e1705478321e824ec86063b93c893d82ac9701abc1c4a714-failure,3207,qaoa_maxcut,noisy_sim,paper,cross_backend,cross_backend_context,,,B5,ibm_kyiv,ibm_sherbrooke,ibm_kyiv->ibm_sherbrooke,migrate:ibm_sherbrooke,migrate,1,1,1,0.0,1,1,0.0018999999999999998,0.0016,0.0105,0.018,0.0012,0.0095,0.017,0.0004000000000000002,0.0010000000000000009,0.0009999999999999974,0.0023999999999999985,1.0,1.0,0.12216666666666667,0.0,0.02216666666666666,0.1,0.0,1,9,1,4064,0,0,1.0,4,4,-4.210457441858018,0.5212537367528052,1.2786687097713467,0.6162722422033751,0.8202870714662068,4,0.12,1,qubit_wise_commuting,1,4064,4064.0,4064,4,0,10,6,qaoa_maxcut,4.914975903624279,0.13213582677165353,0,0,1,0.053835393256762565,0.06429167877001045,0.2146381798378702,0.0,40,16256,1.606547209
calibration,sha256:8e0ef07571fd032fc3a29ca3aff7e04517b3d3a34b47dd7533ab4f2c8a90f5b5,sha256:8e0ef07571fd032fc3a29ca3aff7e04517b3d3a34b47dd7533ab4f2c8a90f5b5-failure,3201,qaoa_maxcut,noisy_sim,paper,no_change,same_backend_no_change,,,B5,ibm_kyiv,ibm_kyiv,ibm_kyiv->ibm_kyiv,replay:ibm_kyiv,replay,1,1,1,0.0,0,1,0.0,0.0016,0.0105,0.018,0.0016,0.0105,0.018,0.0,0.0,0.0,0.0,1.0,1.0,0.0,0.0,0.0,0.0,0.0,1,9,1,4128,0,0,1.0,4,4,-4.48299702177153,0.6591191852401184,2.4159980954954077,0.9376920025590751,1.9519481341791651,4,0.12,1,qubit_wise_commuting,1,4128,4128.0,4128,4,0,10,6,qaoa_maxcut,5.106102522777241,0.11652131782945736,1,1,1,0.0,0.0,0.0,0.0,0,0,1.628594459
calibration,sha256:8ee6022242e47daa654723553e1147706b7c873b2bbdc6b1f836423b3dda7b31,sha256:8ee6022242e47daa654723553e1147706b7c873b2bbdc6b1f836423b3dda7b31-failure,3201,lih_vqe,noisy_sim,paper,high_change,cross_backend_context,,,B5,ibm_kyiv,ibm_brisbane,ibm_kyiv->ibm_brisbane,migrate:ibm_brisbane,migrate,1,1,1,6.0,1,1,0.023860000000000006,0.0016,0.0105,0.018,0.00336,0.022400000000000003,0.038400000000000004,0.00176,0.011900000000000003,0.020400000000000005,0.03406000000000001,1.0,1.0,0.9283666666666667,0.55,0.2783666666666667,0.1,0.0,0,9,4,5120,4,0,0.5,4,4,-7.772875343454853,0.08970018258591406,0.6318671924439961,0.08191544501966291,0.38306584394877974,20,0.085,1,qubit_wise_commuting,8,12288,1536.0,1536,20,0,40,5,entangling_ry_rz_brickwork,1.6727864599321207,0.755859375,0,0,0,0.010533881576933801,0.10607752991969505,0.07482954567857122,0.0,168,6144,0.940194375
calibration,sha256:8ee6022242e47daa654723553e1147706b7c873b2bbdc6b1f836423b3dda7b31,sha256:8ee6022242e47daa654723553e1147706b7c873b2bbdc6b1f836423b3dda7b31-failure,3201,lih_vqe,noisy_sim,paper,high_change,same_backend_changed_context,,,B5,ibm_kyiv,ibm_kyiv,ibm_kyiv->ibm_kyiv,replay:ibm_kyiv,replay,1,1,1,8.0,0,1,0.016,0.0016,0.0105,0.018,0.00288,0.0189,0.0324,0.00128,0.0084,0.0144,0.024079999999999997,1.0,1.0,0.7366666666666667,0.55,0.18666666666666665,0.0,0.0,0,9,4,5120,4,0,0.5,4,4,-7.772875343454853,0.08970018258591406,0.6318671924439961,0.08191544501966291,0.38306584394877974,20,0.085,1,qubit_wise_commuting,8,12288,1536.0,1536,20,0,40,5,entangling_ry_rz_brickwork,1.6727864599321207,0.755859375,0,0,0,0.007735133901412006,0.07602637186367388,0.05393143969169471,0.0,168,6144,0.944065125
calibration,sha256:90aa63b12eac364c5902a86d81a618eb00b04df92c7b201515d7cf5dea544a7c,sha256:90aa63b12eac364c5902a86d81a618eb00b04df92c7b201515d7cf5dea544a7c-failure,3203,lih_vqe,noisy_sim,paper,cross_backend,cross_backend_context,,,B5,ibm_kyiv,ibm_brisbane,ibm_kyiv->ibm_brisbane,migrate:ibm_brisbane,migrate,1,1,1,0.0,1,1,0.007,0.0016,0.0105,0.018,0.0021,0.014,0.024,0.0004999999999999998,0.0034999999999999996,0.006000000000000002,0.010000000000000002,1.0,1.0,0.18166666666666667,0.0,0.08166666666666667,0.1,0.0,0,9,4,4608,4,0,0.5,4,4,-7.819265955208687,0.07853312078771069,0.5578266783522711,0.06354446825745806,0.40790890005799857,20,0.085,1,qubit_wise_commuting,8,11264,1408.0,1408,20,0,40,5,entangling_ry_rz_brickwork,1.588774396741945,0.7691761363636364,0,0,0,0.003391757761127323,0.07307976046056491,0.022627902055197758,6.49483291148556e-05,168,5632,0.928288875
calibration,sha256:90aa63b12eac364c5902a86d81a618eb00b04df92c7b201515d7cf5dea544a7c,sha256:90aa63b12eac364c5902a86d81a618eb00b04df92c7b201515d7cf5dea544a7c-failure,3203,lih_vqe,noisy_sim,paper,cross_backend,cross_backend_context,,,B5,ibm_kyiv,ibm_sherbrooke,ibm_kyiv->ibm_sherbrooke,migrate:ibm_sherbrooke,migrate,1,1,1,0.0,1,1,0.0018999999999999998,0.0016,0.0105,0.018,0.0012,0.0095,0.017,0.0004000000000000002,0.0010000000000000009,0.0009999999999999974,0.0023999999999999985,1.0,1.0,0.12216666666666667,0.0,0.02216666666666666,0.1,0.0,1,9,4,4608,4,0,0.5,4,4,-7.819265955208687,0.07853312078771069,0.5578266783522711,0.06354446825745806,0.40790890005799857,20,0.085,1,qubit_wise_commuting,8,11264,1408.0,1408,20,0,40,5,entangling_ry_rz_brickwork,1.588774396741945,0.7691761363636364,0,0,0,0.001597353604258167,0.057517395239354445,0.010233983626346446,0.0,168,5632,0.937927167
calibration,sha256:917f46616bec62bc8706ce7a1c5fe54533c6c11574f308bfd6168308b1a8bdbb,sha256:917f46616bec62bc8706ce7a1c5fe54533c6c11574f308bfd6168308b1a8bdbb-failure,3207,adapt_vqe,noisy_sim,paper,safe_change,same_backend_changed_context,,,B6,ibm_kyiv,ibm_kyiv,ibm_kyiv->ibm_kyiv,replay:ibm_kyiv,replay,1,1,1,0.1,0,1,0.00020000000000000017,0.0016,0.0105,0.018,0.001616,0.010605000000000002,0.018179999999999998,1.5999999999999955e-05,0.00010500000000000093,0.0001799999999999996,0.0003010000000000005,1.0,1.0,0.013333333333333336,0.011000000000000001,0.0023333333333333353,0.0,0.0,1,15,0,0,8,0,0.0,4,4,-7.453043386124786,0.0008856774614631746,0.06242299281220056,0.018733516966511158,0.05342941911524612,6,0.08,1,qubit_wise_commuting,8,8704,1088.0,1088,6,6,40,5,adapt_pauli_pool,0.7873679675743115,0.890625,1,1,1,5.872748401802852e-05,0.008886172123983583,5.057444149908677e-05,0.0,0,0,0.09661825
calibration,sha256:92120f9fb81ba002a22cf3afc02d3e01aa44a98b55731f0fac50770a6e38195f,sha256:92120f9fb81ba002a22cf3afc02d3e01aa44a98b55731f0fac50770a6e38195f-failure,3206,adapt_vqe,noisy_sim,paper,same_backend_delay,cross_backend_context,,,B6,ibm_kyiv,ibm_sherbrooke,ibm_kyiv->ibm_sherbrooke,migrate:ibm_sherbrooke,migrate,1,1,1,0.0,1,1,0.0018999999999999998,0.0016,0.0105,0.018,0.0012,0.0095,0.017,0.0004000000000000002,0.0010000000000000009,0.0009999999999999974,0.0023999999999999985,1.0,1.0,0.12216666666666667,0.0,0.02216666666666666,0.1,0.0,1,15,0,0,8,0,0.0,4,4,-7.454802991952262,0.0017328805256431323,0.08958551097808479,0.025821453548666884,0.07602590082128478,6,0.08,1,qubit_wise_commuting,8,8704,1088.0,1088,6,6,40,5,adapt_pauli_pool,0.6819574762582196,0.90625,0,0,0,0.0006937699808640119,0.009456329754688353,0.0014949646982976871,0.0006993053156651996,56,4352,0.094028083
calibration,sha256:92120f9fb81ba002a22cf3afc02d3e01aa44a98b55731f0fac50770a6e38195f,sha256:92120f9fb81ba002a22cf3afc02d3e01aa44a98b55731f0fac50770a6e38195f-failure,3206,adapt_vqe,noisy_sim,paper,same_backend_delay,same_backend_changed_context,,,B6,ibm_kyiv,ibm_kyiv,ibm_kyiv->ibm_kyiv,replay:ibm_kyiv,replay,1,1,1,4.0,0,1,0.007999999999999998,0.0016,0.0105,0.018,0.00224,0.0147,0.025199999999999997,0.0006399999999999997,0.004199999999999999,0.007199999999999998,0.012039999999999997,1.0,1.0,0.5333333333333333,0.44000000000000006,0.09333333333333331,0.0,0.0,0,15,0,0,8,0,0.0,4,4,-7.454802991952262,0.0017328805256431323,0.08958551097808479,0.025821453548666884,0.07602590082128478,6,0.08,1,qubit_wise_commuting,8,8704,1088.0,1088,6,6,40,5,adapt_pauli_pool,0.6819574762582196,0.90625,0,0,0,0.002341519499882594,0.08048367960044603,0.002388165562886692,0.0,56,4352,0.094412709
calibration,sha256:92a1f573e8b9c82c6797684cd691875008180065fa4835f2ad6836ed574e9fba,sha256:92a1f573e8b9c82c6797684cd691875008180065fa4835f2ad6836ed574e9fba-failure,3207,h2_vqe,noisy_sim,paper,high_change,cross_backend_context,,,B5,ibm_kyiv,ibm_brisbane,ibm_kyiv->ibm_brisbane,migrate:ibm_brisbane,migrate,1,1,1,6.0,1,1,0.023860000000000006,0.0016,0.0105,0.018,0.00336,0.022400000000000003,0.038400000000000004,0.00176,0.011900000000000003,0.020400000000000005,0.03406000000000001,1.0,1.0,0.9283666666666667,0.55,0.2783666666666667,0.1,0.0,0,9,3,2976,4,0,0.42857142857142855,4,4,-1.9621570999641458,0.06374967188126046,0.35588426269511964,0.06949420903304539,0.23825478883452927,12,0.105,1,qubit_wise_commuting,7,8736,1248.0,1248,12,0,24,4,entangling_ry_rz_brickwork,1.0852529303149812,0.8341346153846154,0,0,0,0.034320059670872816,0.09682862678494548,0.03345449190108197,0.0320795414625723,104,4992,0.270071833
calibration,sha256:92a1f573e8b9c82c6797684cd691875008180065fa4835f2ad6836ed574e9fba,sha256:92a1f573e8b9c82c6797684cd691875008180065fa4835f2ad6836ed574e9fba-failure,3207,h2_vqe,noisy_sim,paper,high_change,same_backend_changed_context,,,B5,ibm_kyiv,ibm_kyiv,ibm_kyiv->ibm_kyiv,replay:ibm_kyiv,replay,1,1,1,8.0,0,1,0.016,0.0016,0.0105,0.018,0.00288,0.0189,0.0324,0.00128,0.0084,0.0144,0.024079999999999997,1.0,1.0,0.7366666666666667,0.55,0.18666666666666665,0.0,0.0,0,9,3,2976,4,0,0.42857142857142855,4,4,-1.9621570999641458,0.06374967188126046,0.35588426269511964,0.06949420903304539,0.23825478883452927,12,0.105,1,qubit_wise_commuting,7,8736,1248.0,1248,12,0,24,4,entangling_ry_rz_brickwork,1.0852529303149812,0.8341346153846154,0,0,0,0.024672920943651366,0.0746388994960001,0.023891224386242978,0.023060447296459508,104,4992,0.259813042
calibration,sha256:9531954297247f42511b7e32554d2f30988ff8fa7abe9ca6db14bb97af0674d5,sha256:9531954297247f42511b7e32554d2f30988ff8fa7abe9ca6db14bb97af0674d5-failure,3202,qaoa_maxcut,noisy_sim,paper,safe_change,same_backend_changed_context,,,B5,ibm_kyiv,ibm_kyiv,ibm_kyiv->ibm_kyiv,replay:ibm_kyiv,replay,1,1,1,0.1,0,1,0.00020000000000000017,0.0016,0.0105,0.018,0.001616,0.010605000000000002,0.018179999999999998,1.5999999999999955e-05,0.00010500000000000093,0.0001799999999999996,0.0003010000000000005,1.0,1.0,0.013333333333333336,0.011000000000000001,0.0023333333333333353,0.0,0.0,1,9,1,4032,0,0,1.0,4,4,-5.3167494888206095,1.3226390242737498,5.933182071298674,2.845374735559826,3.7284657297019232,4,0.12,1,qubit_wise_commuting,1,4032,4032.0,4032,4,0,10,6,qaoa_maxcut,5.612587539937337,0.10044642857142858,1,1,1,0.00133735689488379,0.005990900915202489,0.05264795354792391,0.002219234689638583,0,0,1.630475709
calibration,sha256:977dd5801dcd4e09872ab542091433f97e30f380dd8f603174e1f87b647300b7,sha256:977dd5801dcd4e09872ab542091433f97e30f380dd8f603174e1f87b647300b7-failure,3205,adapt_vqe,noisy_sim,paper,cross_backend,cross_backend_context,,,B6,ibm_kyiv,ibm_brisbane,ibm_kyiv->ibm_brisbane,migrate:ibm_brisbane,migrate,1,1,1,0.0,1,1,0.007,0.0016,0.0105,0.018,0.0021,0.014,0.024,0.0004999999999999998,0.0034999999999999996,0.006000000000000002,0.010000000000000002,1.0,1.0,0.18166666666666667,0.0,0.08166666666666667,0.1,0.0,0,15,0,0,8,0,0.0,4,4,-7.4734243857819695,0.004644212893648358,0.16090488553445034,0.04682939668804547,0.1332737222981686,6,0.08,1,qubit_wise_commuting,8,8704,1088.0,1088,6,6,40,5,adapt_pauli_pool,0.8838815601789535,0.8704044117647058,0,0,0,0.0018676791137588467,0.06149206150208267,0.0017026648372717426,0.0,56,4352,0.094763167
calibration,sha256:977dd5801dcd4e09872ab542091433f97e30f380dd8f603174e1f87b647300b7,sha256:977dd5801dcd4e09872ab542091433f97e30f380dd8f603174e1f87b647300b7-failure,3205,adapt_vqe,noisy_sim,paper,cross_backend,cross_backend_context,,,B6,ibm_kyiv,ibm_sherbrooke,ibm_kyiv->ibm_sherbrooke,migrate:ibm_sherbrooke,migrate,1,1,1,0.0,1,1,0.0018999999999999998,0.0016,0.0105,0.018,0.0012,0.0095,0.017,0.0004000000000000002,0.0010000000000000009,0.0009999999999999974,0.0023999999999999985,1.0,1.0,0.12216666666666667,0.0,0.02216666666666666,0.1,0.0,1,15,0,0,8,0,0.0,4,4,-7.4734243857819695,0.004644212893648358,0.16090488553445034,0.04682939668804547,0.1332737222981686,6,0.08,1,qubit_wise_commuting,8,8704,1088.0,1088,6,6,40,5,adapt_pauli_pool,0.8838815601789535,0.8704044117647058,0,0,0,0.0006583832600313144,0.022831822795890584,0.0013636525465075973,0.0006749059299044902,56,4352,0.09442425
calibration,sha256:97c302eb298cbff7b9fb43b024123cb8847201f0a59a08b2794e872e24b91473,sha256:97c302eb298cbff7b9fb43b024123cb8847201f0a59a08b2794e872e24b91473-failure,3206,qaoa_maxcut,noisy_sim,paper,same_backend_delay,cross_backend_context,,,B5,ibm_kyiv,ibm_sherbrooke,ibm_kyiv->ibm_sherbrooke,migrate:ibm_sherbrooke,migrate,1,1,1,0.0,1,1,0.0018999999999999998,0.0016,0.0105,0.018,0.0012,0.0095,0.017,0.0004000000000000002,0.0010000000000000009,0.0009999999999999974,0.0023999999999999985,1.0,1.0,0.12216666666666667,0.0,0.02216666666666666,0.1,0.0,1,9,1,4128,0,0,1.0,4,4,-6.320445700672203,2.542464911220978,8.082579638887832,3.6323456151097853,6.295761213828399,4,0.12,1,qubit_wise_commuting,1,4128,4128.0,4128,4,0,10,6,qaoa_maxcut,5.7535453202464515,0.07146317829457365,0,0,0,0.16258169180946602,0.056653394699478735,0.3513321094642928,0.025485277579551102,40,16512,1.613614292
calibration,sha256:97c302eb298cbff7b9fb43b024123cb8847201f0a59a08b2794e872e24b91473,sha256:97c302eb298cbff7b9fb43b024123cb8847201f0a59a08b2794e872e24b91473-failure,3206,qaoa_maxcut,noisy_sim,paper,same_backend_delay,same_backend_changed_context,,,B5,ibm_kyiv,ibm_kyiv,ibm_kyiv->ibm_kyiv,replay:ibm_kyiv,replay,1,1,1,4.0,0,1,0.007999999999999998,0.0016,0.0105,0.018,0.00224,0.0147,0.025199999999999997,0.0006399999999999997,0.004199999999999999,0.007199999999999998,0.012039999999999997,1.0,1.0,0.5333333333333333,0.44000000000000006,0.09333333333333331,0.0,0.0,0,9,1,4128,0,0,1.0,4,4,-6.320445700672203,2.542464911220978,8.082579638887832,3.6323456151097853,6.295761213828399,4,0.12,1,qubit_wise_commuting,1,4128,4128.0,4128,4,0,10,6,qaoa_maxcut,5.7535453202464515,0.07146317829457365,0,0,0,0.09416293004575405,0.05638994483671191,1.0163639572029228,0.0,40,16512,1.631423
calibration,sha256:9813fd5b566c91b52c528ce56a42e81db7065874731c63abb2d685c3d5588985,sha256:9813fd5b566c91b52c528ce56a42e81db7065874731c63abb2d685c3d5588985-failure,3205,adapt_vqe,noisy_sim,paper,no_change,same_backend_no_change,,,B6,ibm_kyiv,ibm_kyiv,ibm_kyiv->ibm_kyiv,replay:ibm_kyiv,replay,1,1,1,0.0,0,1,0.0,0.0016,0.0105,0.018,0.0016,0.0105,0.018,0.0,0.0,0.0,0.0,1.0,1.0,0.0,0.0,0.0,0.0,0.0,1,15,0,0,8,0,0.0,4,4,-7.4734243857819695,0.004644212893648358,0.16090488553445034,0.04682939668804547,0.1332737222981686,6,0.08,1,qubit_wise_commuting,8,8704,1088.0,1088,6,6,40,5,adapt_pauli_pool,0.8838815601789535,0.8704044117647058,1,1,1,0.0,0.0,0.0,0.0,0,0,0.094577583
calibration,sha256:9c39d94594b51eba214b1e27cb7f1b8742ec88a281be7a129cd2c80baea62c39,sha256:9c39d94594b51eba214b1e27cb7f1b8742ec88a281be7a129cd2c80baea62c39-failure,3206,adapt_vqe,noisy_sim,paper,safe_change,same_backend_changed_context,,,B6,ibm_kyiv,ibm_kyiv,ibm_kyiv->ibm_kyiv,replay:ibm_kyiv,replay,1,1,1,0.1,0,1,0.00020000000000000017,0.0016,0.0105,0.018,0.001616,0.010605000000000002,0.018179999999999998,1.5999999999999955e-05,0.00010500000000000093,0.0001799999999999996,0.0003010000000000005,1.0,1.0,0.013333333333333336,0.011000000000000001,0.0023333333333333353,0.0,0.0,1,15,0,0,8,0,0.0,4,4,-7.454802991952262,0.0017328805256431323,0.08958551097808479,0.025821453548666884,0.07602590082128478,6,0.08,1,qubit_wise_commuting,8,8704,1088.0,1088,6,6,40,5,adapt_pauli_pool,0.6819574762582196,0.90625,1,1,1,5.85456757642433e-05,0.002451369099608232,5.976078617719568e-05,0.0,0,0,0.09412825
calibration,sha256:9cb4fe50c347adbd700ac2870c23f8bbd1bc08f3ef7f78fce780d13633d1c249,sha256:9cb4fe50c347adbd700ac2870c23f8bbd1bc08f3ef7f78fce780d13633d1c249-failure,3207,qaoa_maxcut,noisy_sim,paper,no_change,same_backend_no_change,,,B5,ibm_kyiv,ibm_kyiv,ibm_kyiv->ibm_kyiv,replay:ibm_kyiv,replay,1,1,1,0.0,0,1,0.0,0.0016,0.0105,0.018,0.0016,0.0105,0.018,0.0,0.0,0.0,0.0,1.0,1.0,0.0,0.0,0.0,0.0,0.0,1,9,1,4064,0,0,1.0,4,4,-4.210457441858018,0.5212537367528052,1.2786687097713467,0.6162722422033751,0.8202870714662068,4,0.12,1,qubit_wise_commuting,1,4064,4064.0,4064,4,0,10,6,qaoa_maxcut,4.914975903624279,0.13213582677165353,1,1,1,0.0,0.0,0.0,0.0,0,0,1.614151333
calibration,sha256:9dc898ece215ae146e3aae51425413ab45ac5738d9a21d75cd4a2e023c4698ee,sha256:9dc898ece215ae146e3aae51425413ab45ac5738d9a21d75cd4a2e023c4698ee-failure,3203,adapt_vqe,noisy_sim,paper,no_change,same_backend_no_change,,,B6,ibm_kyiv,ibm_kyiv,ibm_kyiv->ibm_kyiv,replay:ibm_kyiv,replay,1,1,1,0.0,0,1,0.0,0.0016,0.0105,0.018,0.0016,0.0105,0.018,0.0,0.0,0.0,0.0,1.0,1.0,0.0,0.0,0.0,0.0,0.0,1,15,0,0,8,0,0.0,4,4,-7.466283280767735,0.003957456788344693,0.150697732345674,0.04416878247154351,0.12498168775043124,6,0.08,1,qubit_wise_commuting,8,8704,1088.0,1088,6,6,40,5,adapt_pauli_pool,0.8241250997137269,0.8841911764705882,1,1,1,0.0,0.0,0.0,0.0,0,0,0.0941175
calibration,sha256:9e3e193ba9d851c0d8c4b9cae572426511b759712967e91e72559088ccabeee5,sha256:9e3e193ba9d851c0d8c4b9cae572426511b759712967e91e72559088ccabeee5-failure,3204,h2_vqe,noisy_sim,paper,no_change,same_backend_no_change,,,B5,ibm_kyiv,ibm_kyiv,ibm_kyiv->ibm_kyiv,replay:ibm_kyiv,replay,1,1,1,0.0,0,1,0.0,0.0016,0.0105,0.018,0.0016,0.0105,0.018,0.0,0.0,0.0,0.0,1.0,1.0,0.0,0.0,0.0,0.0,0.0,1,9,3,2976,4,0,0.42857142857142855,4,4,-2.0236640897723452,0.03515487376985882,0.27035026865584005,0.050240963326342314,0.1865673757997202,12,0.105,1,qubit_wise_commuting,7,8736,1248.0,1248,12,0,24,4,entangling_ry_rz_brickwork,0.9913416874340611,0.8565705128205128,1,1,1,0.0,0.0,0.0,0.0,0,0,0.265284458
calibration,sha256:9e9cd5bae0e0643de44792ce81d8962a51fd0b62a6a857ef50e065a80eb1bb00,sha256:9e9cd5bae0e0643de44792ce81d8962a51fd0b62a6a857ef50e065a80eb1bb00-failure,3206,adapt_vqe,noisy_sim,paper,no_change,same_backend_no_change,,,B6,ibm_kyiv,ibm_kyiv,ibm_kyiv->ibm_kyiv,replay:ibm_kyiv,replay,1,1,1,0.0,0,1,0.0,0.0016,0.0105,0.018,0.0016,0.0105,0.018,0.0,0.0,0.0,0.0,1.0,1.0,0.0,0.0,0.0,0.0,0.0,1,15,0,0,8,0,0.0,4,4,-7.454802991952262,0.0017328805256431323,0.08958551097808479,0.025821453548666884,0.07602590082128478,6,0.08,1,qubit_wise_commuting,8,8704,1088.0,1088,6,6,40,5,adapt_pauli_pool,0.6819574762582196,0.90625,1,1,1,0.0,0.0,0.0,0.0,0,0,0.094603416
calibration,sha256:9fcdcd7f07c27433d8b3fb27722f6a260762be8b165b9f9edbbcdddd612c618e,sha256:9fcdcd7f07c27433d8b3fb27722f6a260762be8b165b9f9edbbcdddd612c618e-failure,3205,qaoa_maxcut,noisy_sim,paper,safe_change,same_backend_changed_context,,,B5,ibm_kyiv,ibm_kyiv,ibm_kyiv->ibm_kyiv,replay:ibm_kyiv,replay,1,1,1,0.1,0,1,0.00020000000000000017,0.0016,0.0105,0.018,0.001616,0.010605000000000002,0.018179999999999998,1.5999999999999955e-05,0.00010500000000000093,0.0001799999999999996,0.0003010000000000005,1.0,1.0,0.013333333333333336,0.011000000000000001,0.0023333333333333353,0.0,0.0,1,9,1,4064,0,0,1.0,4,4,-5.406916926606379,2.435385061672233,6.149834208055388,2.685811974339774,4.1569263589522425,4,0.12,1,qubit_wise_commuting,1,4064,4064.0,4064,4,0,10,6,qaoa_maxcut,5.3936324076978135,0.10359251968503937,1,1,1,0.05879772968954011,0.05701069635665855,0.03169158516071698,0.00033543300089888817,0,0,1.61044025
calibration,sha256:a08325006d49de8def4517d8ff5f01575e280b4f3998875e0ec8ef3bc6266671,sha256:a08325006d49de8def4517d8ff5f01575e280b4f3998875e0ec8ef3bc6266671-failure,3208,qaoa_maxcut,noisy_sim,paper,high_change,cross_backend_context,,,B5,ibm_kyiv,ibm_brisbane,ibm_kyiv->ibm_brisbane,migrate:ibm_brisbane,migrate,1,1,1,6.0,1,1,0.023860000000000006,0.0016,0.0105,0.018,0.00336,0.022400000000000003,0.038400000000000004,0.00176,0.011900000000000003,0.020400000000000005,0.03406000000000001,1.0,1.0,0.9283666666666667,0.55,0.2783666666666667,0.1,0.0,0,9,1,4096,0,0,1.0,4,4,-5.414142727604113,2.553021421987263,6.42548841412416,3.0233798251886324,4.414778706439412,4,0.12,1,qubit_wise_commuting,1,4096,4096.0,4096,4,0,10,6,qaoa_maxcut,5.317311044248581,0.14111328125,0,0,0,0.8996717479995224,0.20016187869411367,1.3275798334638842,0.2652994034448861,40,16384,1.632887708
calibration,sha256:a08325006d49de8def4517d8ff5f01575e280b4f3998875e0ec8ef3bc6266671,sha256:a08325006d49de8def4517d8ff5f01575e280b4f3998875e0ec8ef3bc6266671-failure,3208,qaoa_maxcut,noisy_sim,paper,high_change,same_backend_changed_context,,,B5,ibm_kyiv,ibm_kyiv,ibm_kyiv->ibm_kyiv,replay:ibm_kyiv,replay,1,1,1,8.0,0,1,0.016,0.0016,0.0105,0.018,0.00288,0.0189,0.0324,0.00128,0.0084,0.0144,0.024079999999999997,1.0,1.0,0.7366666666666667,0.55,0.18666666666666665,0.0,0.0,0,9,1,4096,0,0,1.0,4,4,-5.414142727604113,2.553021421987263,6.42548841412416,3.0233798251886324,4.414778706439412,4,0.12,1,qubit_wise_commuting,1,4096,4096.0,4096,4,0,10,6,qaoa_maxcut,5.317311044248581,0.14111328125,0,0,0,0.7769743978399513,0.18385992643439447,1.2500655667168576,0.1956182695542834,40,16384,1.626420959
calibration,sha256:a0b8c1ceed9b7269d2bc8a5451ba6a313ef0ce1693d46a8adbdac85ea9912e63,sha256:a0b8c1ceed9b7269d2bc8a5451ba6a313ef0ce1693d46a8adbdac85ea9912e63-failure,3208,lih_vqe,noisy_sim,paper,high_change,cross_backend_context,,,B5,ibm_kyiv,ibm_brisbane,ibm_kyiv->ibm_brisbane,migrate:ibm_brisbane,migrate,1,1,1,6.0,1,1,0.023860000000000006,0.0016,0.0105,0.018,0.00336,0.022400000000000003,0.038400000000000004,0.00176,0.011900000000000003,0.020400000000000005,0.03406000000000001,1.0,1.0,0.9283666666666667,0.55,0.2783666666666667,0.1,0.0,0,9,4,5120,4,0,0.5,4,4,-7.748589501966552,0.08882639129214098,0.6107391663059288,0.06608345735153985,0.4201181202869818,20,0.085,1,qubit_wise_commuting,8,12288,1536.0,1536,20,0,40,5,entangling_ry_rz_brickwork,1.3937094986767222,0.810546875,0,0,0,0.004793963923718003,0.14471889624974046,0.07357544089323086,0.0,168,6144,0.936381833
calibration,sha256:a0b8c1ceed9b7269d2bc8a5451ba6a313ef0ce1693d46a8adbdac85ea9912e63,sha256:a0b8c1ceed9b7269d2bc8a5451ba6a313ef0ce1693d46a8adbdac85ea9912e63-failure,3208,lih_vqe,noisy_sim,paper,high_change,same_backend_changed_context,,,B5,ibm_kyiv,ibm_kyiv,ibm_kyiv->ibm_kyiv,replay:ibm_kyiv,replay,1,1,1,8.0,0,1,0.016,0.0016,0.0105,0.018,0.00288,0.0189,0.0324,0.00128,0.0084,0.0144,0.024079999999999997,1.0,1.0,0.7366666666666667,0.55,0.18666666666666665,0.0,0.0,0,9,4,5120,4,0,0.5,4,4,-7.748589501966552,0.08882639129214098,0.6107391663059288,0.06608345735153985,0.4201181202869818,20,0.085,1,qubit_wise_commuting,8,12288,1536.0,1536,20,0,40,5,entangling_ry_rz_brickwork,1.3937094986767222,0.810546875,0,0,0,0.0035674812261383693,0.09305202421190573,0.05296959198290254,0.0,168,6144,0.932377583
calibration,sha256:aa07407cd067e2968276553d8d9cfa5b3928ff7191de0a1e6538844807cc8b60,sha256:aa07407cd067e2968276553d8d9cfa5b3928ff7191de0a1e6538844807cc8b60-failure,3203,h2_vqe,noisy_sim,paper,cross_backend,cross_backend_context,,,B5,ibm_kyiv,ibm_brisbane,ibm_kyiv->ibm_brisbane,migrate:ibm_brisbane,migrate,1,1,1,0.0,1,1,0.007,0.0016,0.0105,0.018,0.0021,0.014,0.024,0.0004999999999999998,0.0034999999999999996,0.006000000000000002,0.010000000000000002,1.0,1.0,0.18166666666666667,0.0,0.08166666666666667,0.1,0.0,0,9,3,2976,4,0,0.42857142857142855,4,4,-1.7992831574026287,0.06911634802839095,0.43997478302889087,0.07412382582966578,0.37981874393460374,12,0.105,1,qubit_wise_commuting,7,8736,1248.0,1248,12,0,24,4,entangling_ry_rz_brickwork,1.6650917155927296,0.7267628205128205,0,0,0,0.008295135390674169,0.07561120537837729,0.013914604525718771,0.006754236638474298,104,4992,0.264227917
calibration,sha256:aa07407cd067e2968276553d8d9cfa5b3928ff7191de0a1e6538844807cc8b60,sha256:aa07407cd067e2968276553d8d9cfa5b3928ff7191de0a1e6538844807cc8b60-failure,3203,h2_vqe,noisy_sim,paper,cross_backend,cross_backend_context,,,B5,ibm_kyiv,ibm_sherbrooke,ibm_kyiv->ibm_sherbrooke,migrate:ibm_sherbrooke,migrate,1,1,1,0.0,1,1,0.0018999999999999998,0.0016,0.0105,0.018,0.0012,0.0095,0.017,0.0004000000000000002,0.0010000000000000009,0.0009999999999999974,0.0023999999999999985,1.0,1.0,0.12216666666666667,0.0,0.02216666666666666,0.1,0.0,1,9,3,2976,4,0,0.42857142857142855,4,4,-1.7992831574026287,0.06911634802839095,0.43997478302889087,0.07412382582966578,0.37981874393460374,12,0.105,1,qubit_wise_commuting,7,8736,1248.0,1248,12,0,24,4,entangling_ry_rz_brickwork,1.6650917155927296,0.7267628205128205,0,0,0,0.004292025676162714,0.008439052019879056,0.006223307434166153,0.0,104,4992,0.286889708
calibration,sha256:aa95a9505197aad26fab727226dcc030bbd8c16bd5cc4a7f2ea03e9d8c67e655,sha256:aa95a9505197aad26fab727226dcc030bbd8c16bd5cc4a7f2ea03e9d8c67e655-failure,3201,qaoa_maxcut,noisy_sim,paper,safe_change,same_backend_changed_context,,,B5,ibm_kyiv,ibm_kyiv,ibm_kyiv->ibm_kyiv,replay:ibm_kyiv,replay,1,1,1,0.1,0,1,0.00020000000000000017,0.0016,0.0105,0.018,0.001616,0.010605000000000002,0.018179999999999998,1.5999999999999955e-05,0.00010500000000000093,0.0001799999999999996,0.0003010000000000005,1.0,1.0,0.013333333333333336,0.011000000000000001,0.0023333333333333353,0.0,0.0,1,9,1,4128,0,0,1.0,4,4,-4.48299702177153,0.6591191852401184,2.4159980954954077,0.9376920025590751,1.9519481341791651,4,0.12,1,qubit_wise_commuting,1,4128,4128.0,4128,4,0,10,6,qaoa_maxcut,5.106102522777241,0.11652131782945736,1,1,1,0.008975628398290247,0.05203659102278083,0.07322903591427275,0.0,0,0,1.609029833
calibration,sha256:aaa254794641e68409582b58810d2e1533eededd5a496c69d53937fe3c80ee36,sha256:aaa254794641e68409582b58810d2e1533eededd5a496c69d53937fe3c80ee36-failure,3203,lih_vqe,noisy_sim,paper,safe_change,same_backend_changed_context,,,B5,ibm_kyiv,ibm_kyiv,ibm_kyiv->ibm_kyiv,replay:ibm_kyiv,replay,1,1,1,0.1,0,1,0.00020000000000000017,0.0016,0.0105,0.018,0.001616,0.010605000000000002,0.018179999999999998,1.5999999999999955e-05,0.00010500000000000093,0.0001799999999999996,0.0003010000000000005,1.0,1.0,0.013333333333333336,0.011000000000000001,0.0023333333333333353,0.0,0.0,1,9,4,4608,4,0,0.5,4,4,-7.819265955208687,0.07853312078771069,0.5578266783522711,0.06354446825745806,0.40790890005799857,20,0.085,1,qubit_wise_commuting,8,11264,1408.0,1408,20,0,40,5,entangling_ry_rz_brickwork,1.588774396741945,0.7691761363636364,1,1,1,0.0001061589787205719,0.026786651263598037,0.0006998298823895842,2.146413017989346e-06,0,0,0.930614875
calibration,sha256:abbeac848f06d8e54f587cd8610d005b05f9e39f3b41b995f20a2d0a506aceee,sha256:abbeac848f06d8e54f587cd8610d005b05f9e39f3b41b995f20a2d0a506aceee-failure,3205,h2_vqe,noisy_sim,paper,cross_backend,cross_backend_context,,,B5,ibm_kyiv,ibm_brisbane,ibm_kyiv->ibm_brisbane,migrate:ibm_brisbane,migrate,1,1,1,0.0,1,1,0.007,0.0016,0.0105,0.018,0.0021,0.014,0.024,0.0004999999999999998,0.0034999999999999996,0.006000000000000002,0.010000000000000002,1.0,1.0,0.18166666666666667,0.0,0.08166666666666667,0.1,0.0,0,9,3,2976,4,0,0.42857142857142855,4,4,-1.934479869263147,0.05718663583871364,0.36271255454705154,0.07397019557239506,0.25046852980843415,12,0.105,1,qubit_wise_commuting,7,8736,1248.0,1248,12,0,24,4,entangling_ry_rz_brickwork,1.0554526220034204,0.8461538461538461,0,0,0,0.009605469896863728,0.048525430238983765,0.01243300858199364,0.008680883682705032,104,4992,0.267802208
calibration,sha256:abbeac848f06d8e54f587cd8610d005b05f9e39f3b41b995f20a2d0a506aceee,sha256:abbeac848f06d8e54f587cd8610d005b05f9e39f3b41b995f20a2d0a506aceee-failure,3205,h2_vqe,noisy_sim,paper,cross_backend,cross_backend_context,,,B5,ibm_kyiv,ibm_sherbrooke,ibm_kyiv->ibm_sherbrooke,migrate:ibm_sherbrooke,migrate,1,1,1,0.0,1,1,0.0018999999999999998,0.0016,0.0105,0.018,0.0012,0.0095,0.017,0.0004000000000000002,0.0010000000000000009,0.0009999999999999974,0.0023999999999999985,1.0,1.0,0.12216666666666667,0.0,0.02216666666666666,0.1,0.0,1,9,3,2976,4,0,0.42857142857142855,4,4,-1.934479869263147,0.05718663583871364,0.36271255454705154,0.07397019557239506,0.25046852980843415,12,0.105,1,qubit_wise_commuting,7,8736,1248.0,1248,12,0,24,4,entangling_ry_rz_brickwork,1.0554526220034204,0.8461538461538461,0,0,0,0.0048836851398681436,0.02137674547110551,0.005573097999694755,0.0,104,4992,0.274387791
calibration,sha256:abf3e48f305cc19734bae5b44dde7504549a19e7f8ed022a004c32cb21788a48,sha256:abf3e48f305cc19734bae5b44dde7504549a19e7f8ed022a004c32cb21788a48-failure,3201,lih_vqe,noisy_sim,paper,safe_change,same_backend_changed_context,,,B5,ibm_kyiv,ibm_kyiv,ibm_kyiv->ibm_kyiv,replay:ibm_kyiv,replay,1,1,1,0.1,0,1,0.00020000000000000017,0.0016,0.0105,0.018,0.001616,0.010605000000000002,0.018179999999999998,1.5999999999999955e-05,0.00010500000000000093,0.0001799999999999996,0.0003010000000000005,1.0,1.0,0.013333333333333336,0.011000000000000001,0.0023333333333333353,0.0,0.0,1,9,4,5120,4,0,0.5,4,4,-7.772875343454853,0.08970018258591406,0.6318671924439961,0.08191544501966291,0.38306584394877974,20,0.085,1,qubit_wise_commuting,8,12288,1536.0,1536,20,0,40,5,entangling_ry_rz_brickwork,1.6727864599321207,0.755859375,1,1,1,0.00010418873751927293,0.022172109950381873,0.0006924876421377089,0.0,0,0,0.927541875
calibration,sha256:aed1c1023b4421e41b22fe9f809997a0d0fca8bfab90cf8ccbd9de5ba8c1ff27,sha256:aed1c1023b4421e41b22fe9f809997a0d0fca8bfab90cf8ccbd9de5ba8c1ff27-failure,3202,adapt_vqe,noisy_sim,paper,no_change,same_backend_no_change,,,B6,ibm_kyiv,ibm_kyiv,ibm_kyiv->ibm_kyiv,replay:ibm_kyiv,replay,1,1,1,0.0,0,1,0.0,0.0016,0.0105,0.018,0.0016,0.0105,0.018,0.0,0.0,0.0,0.0,1.0,1.0,0.0,0.0,0.0,0.0,0.0,1,15,0,0,8,0,0.0,4,4,-7.455507380414461,0.004140304883911483,0.14751543397508504,0.04480115796491776,0.10633948080277142,6,0.08,1,qubit_wise_commuting,8,8704,1088.0,1088,6,6,40,5,adapt_pauli_pool,0.7629243331199778,0.8961397058823529,1,1,1,0.0,0.0,0.0,0.0,0,0,0.09579375
calibration,sha256:af0ea096691281e373c453fd36dbee833e3915555834e67cbd4532dc14fd9444,sha256:af0ea096691281e373c453fd36dbee833e3915555834e67cbd4532dc14fd9444-failure,3203,h2_vqe,noisy_sim,paper,same_backend_delay,cross_backend_context,,,B5,ibm_kyiv,ibm_sherbrooke,ibm_kyiv->ibm_sherbrooke,migrate:ibm_sherbrooke,migrate,1,1,1,0.0,1,1,0.0018999999999999998,0.0016,0.0105,0.018,0.0012,0.0095,0.017,0.0004000000000000002,0.0010000000000000009,0.0009999999999999974,0.0023999999999999985,1.0,1.0,0.12216666666666667,0.0,0.02216666666666666,0.1,0.0,1,9,3,2976,4,0,0.42857142857142855,4,4,-1.7992831574026287,0.06911634802839095,0.43997478302889087,0.07412382582966578,0.37981874393460374,12,0.105,1,qubit_wise_commuting,7,8736,1248.0,1248,12,0,24,4,entangling_ry_rz_brickwork,1.6650917155927296,0.7267628205128205,0,0,0,0.004292025676162714,0.008439052019879056,0.006223307434166153,0.0,104,4992,0.261231875
calibration,sha256:af0ea096691281e373c453fd36dbee833e3915555834e67cbd4532dc14fd9444,sha256:af0ea096691281e373c453fd36dbee833e3915555834e67cbd4532dc14fd9444-failure,3203,h2_vqe,noisy_sim,paper,same_backend_delay,same_backend_changed_context,,,B5,ibm_kyiv,ibm_kyiv,ibm_kyiv->ibm_kyiv,replay:ibm_kyiv,replay,1,1,1,4.0,0,1,0.007999999999999998,0.0016,0.0105,0.018,0.00224,0.0147,0.025199999999999997,0.0006399999999999997,0.004199999999999999,0.007199999999999998,0.012039999999999997,1.0,1.0,0.5333333333333333,0.44000000000000006,0.09333333333333331,0.0,0.0,0,9,3,2976,4,0,0.42857142857142855,4,4,-1.7992831574026287,0.06911634802839095,0.43997478302889087,0.07412382582966578,0.37981874393460374,12,0.105,1,qubit_wise_commuting,7,8736,1248.0,1248,12,0,24,4,entangling_ry_rz_brickwork,1.6650917155927296,0.7267628205128205,0,0,0,0.010204845785029892,0.07820714627307405,0.01701948560475437,0.00832404548941823,104,4992,0.271411542
calibration,sha256:b486fe5c75d4eb3634340491cecf0e9218557f5d77ed6186b9c70216b4ff3bf0,sha256:b486fe5c75d4eb3634340491cecf0e9218557f5d77ed6186b9c70216b4ff3bf0-failure,3206,lih_vqe,noisy_sim,paper,no_change,same_backend_no_change,,,B5,ibm_kyiv,ibm_kyiv,ibm_kyiv->ibm_kyiv,replay:ibm_kyiv,replay,1,1,1,0.0,0,1,0.0,0.0016,0.0105,0.018,0.0016,0.0105,0.018,0.0,0.0,0.0,0.0,1.0,1.0,0.0,0.0,0.0,0.0,0.0,1,9,4,5120,4,0,0.5,4,4,-7.926923329428529,0.09803869690081335,0.6264946008411444,0.0692858631715381,0.4378132424175717,20,0.085,1,qubit_wise_commuting,8,12288,1536.0,1536,20,0,40,5,entangling_ry_rz_brickwork,1.785366245952716,0.7317708333333334,1,1,1,0.0,0.0,0.0,0.0,0,0,0.995548459
calibration,sha256:b4a807cbf2fcf8cb53f1f56ba26bd1256eb5a554ee8b010327c13c9063269f63,sha256:b4a807cbf2fcf8cb53f1f56ba26bd1256eb5a554ee8b010327c13c9063269f63-failure,3201,lih_vqe,noisy_sim,paper,same_backend_delay,cross_backend_context,,,B5,ibm_kyiv,ibm_sherbrooke,ibm_kyiv->ibm_sherbrooke,migrate:ibm_sherbrooke,migrate,1,1,1,0.0,1,1,0.0018999999999999998,0.0016,0.0105,0.018,0.0012,0.0095,0.017,0.0004000000000000002,0.0010000000000000009,0.0009999999999999974,0.0023999999999999985,1.0,1.0,0.12216666666666667,0.0,0.02216666666666666,0.1,0.0,1,9,4,5120,4,0,0.5,4,4,-7.772875343454853,0.08970018258591406,0.6318671924439961,0.08191544501966291,0.38306584394877974,20,0.085,1,qubit_wise_commuting,8,12288,1536.0,1536,20,0,40,5,entangling_ry_rz_brickwork,1.6727864599321207,0.755859375,0,0,0,0.001645628009283584,0.02753628446882506,0.010275823518963135,0.00037908267429997977,168,6144,0.931859209
calibration,sha256:b4a807cbf2fcf8cb53f1f56ba26bd1256eb5a554ee8b010327c13c9063269f63,sha256:b4a807cbf2fcf8cb53f1f56ba26bd1256eb5a554ee8b010327c13c9063269f63-failure,3201,lih_vqe,noisy_sim,paper,same_backend_delay,same_backend_changed_context,,,B5,ibm_kyiv,ibm_kyiv,ibm_kyiv->ibm_kyiv,replay:ibm_kyiv,replay,1,1,1,4.0,0,1,0.007999999999999998,0.0016,0.0105,0.018,0.00224,0.0147,0.025199999999999997,0.0006399999999999997,0.004199999999999999,0.007199999999999998,0.012039999999999997,1.0,1.0,0.5333333333333333,0.44000000000000006,0.09333333333333331,0.0,0.0,0,9,4,5120,4,0,0.5,4,4,-7.772875343454853,0.08970018258591406,0.6318671924439961,0.08191544501966291,0.38306584394877974,20,0.085,1,qubit_wise_commuting,8,12288,1536.0,1536,20,0,40,5,entangling_ry_rz_brickwork,1.6727864599321207,0.755859375,0,0,0,0.004016944617539764,0.04805183155089711,0.027334324037787565,0.0,168,6144,0.934493708
calibration,sha256:b4eb7656a0fdeb11b3d250b5ec9ea8cbcea7d808c100e8aaea48627d11317dfe,sha256:b4eb7656a0fdeb11b3d250b5ec9ea8cbcea7d808c100e8aaea48627d11317dfe-failure,3208,h2_vqe,noisy_sim,paper,safe_change,same_backend_changed_context,,,B5,ibm_kyiv,ibm_kyiv,ibm_kyiv->ibm_kyiv,replay:ibm_kyiv,replay,1,1,1,0.1,0,1,0.00020000000000000017,0.0016,0.0105,0.018,0.001616,0.010605000000000002,0.018179999999999998,1.5999999999999955e-05,0.00010500000000000093,0.0001799999999999996,0.0003010000000000005,1.0,1.0,0.013333333333333336,0.011000000000000001,0.0023333333333333353,0.0,0.0,1,9,3,2976,4,0,0.42857142857142855,4,4,-1.9676115360241655,0.046455170287248215,0.3264084925345467,0.06000286114979669,0.27696583613285125,12,0.105,1,qubit_wise_commuting,7,8736,1248.0,1248,12,0,24,4,entangling_ry_rz_brickwork,1.0616927521540047,0.8461538461538461,1,1,1,0.0003098683041669048,0.0018378594882169277,0.00032801232642734666,0.00028969336701312187,0,0,0.303817125
calibration,sha256:b7bb0b9f6afc2637ceb255534be005401b379b5b398725eb64672af3553f903d,sha256:b7bb0b9f6afc2637ceb255534be005401b379b5b398725eb64672af3553f903d-failure,3202,adapt_vqe,noisy_sim,paper,high_change,cross_backend_context,,,B6,ibm_kyiv,ibm_brisbane,ibm_kyiv->ibm_brisbane,migrate:ibm_brisbane,migrate,1,1,1,6.0,1,1,0.023860000000000006,0.0016,0.0105,0.018,0.00336,0.022400000000000003,0.038400000000000004,0.00176,0.011900000000000003,0.020400000000000005,0.03406000000000001,1.0,1.0,0.9283666666666667,0.55,0.2783666666666667,0.1,0.0,0,15,0,0,8,0,0.0,4,4,-7.455507380414461,0.004140304883911483,0.14751543397508504,0.04480115796491776,0.10633948080277142,6,0.08,1,qubit_wise_commuting,8,8704,1088.0,1088,6,6,40,5,adapt_pauli_pool,0.7629243331199778,0.8961397058823529,0,0,0,0.006519778443061064,0.1135137302390449,0.005906272260183981,0.0,56,4352,0.095282666
calibration,sha256:b7bb0b9f6afc2637ceb255534be005401b379b5b398725eb64672af3553f903d,sha256:b7bb0b9f6afc2637ceb255534be005401b379b5b398725eb64672af3553f903d-failure,3202,adapt_vqe,noisy_sim,paper,high_change,same_backend_changed_context,,,B6,ibm_kyiv,ibm_kyiv,ibm_kyiv->ibm_kyiv,replay:ibm_kyiv,replay,1,1,1,8.0,0,1,0.016,0.0016,0.0105,0.018,0.00288,0.0189,0.0324,0.00128,0.0084,0.0144,0.024079999999999997,1.0,1.0,0.7366666666666667,0.55,0.18666666666666665,0.0,0.0,0,15,0,0,8,0,0.0,4,4,-7.455507380414461,0.004140304883911483,0.14751543397508504,0.04480115796491776,0.10633948080277142,6,0.08,1,qubit_wise_commuting,8,8704,1088.0,1088,6,6,40,5,adapt_pauli_pool,0.7629243331199778,0.8961397058823529,0,0,0,0.004646093325326284,0.09243743364973245,0.004298238649880884,0.0,56,4352,0.095447833
calibration,sha256:b8c31be0e07f4f9ad927372aa9690b8387126ebb0bebcd2566afd7f1986fb054,sha256:b8c31be0e07f4f9ad927372aa9690b8387126ebb0bebcd2566afd7f1986fb054-failure,3205,lih_vqe,noisy_sim,paper,safe_change,same_backend_changed_context,,,B5,ibm_kyiv,ibm_kyiv,ibm_kyiv->ibm_kyiv,replay:ibm_kyiv,replay,1,1,1,0.1,0,1,0.00020000000000000017,0.0016,0.0105,0.018,0.001616,0.010605000000000002,0.018179999999999998,1.5999999999999955e-05,0.00010500000000000093,0.0001799999999999996,0.0003010000000000005,1.0,1.0,0.013333333333333336,0.011000000000000001,0.0023333333333333353,0.0,0.0,1,9,4,5120,4,0,0.5,4,4,-7.745214518143432,0.09610568275234588,0.6356132619782277,0.07833923028080145,0.4339084564768984,20,0.085,1,qubit_wise_commuting,8,12288,1536.0,1536,20,0,40,5,entangling_ry_rz_brickwork,2.0232081214900655,0.669921875,1,1,1,8.242324805518564e-05,0.0021748363789379278,0.0007310395196640974,0.0,0,0,0.93419925
calibration,sha256:b9700743fce90fe53f90c827218ffe5bf556b798de52d26cc97d920a6c0798c8,sha256:b9700743fce90fe53f90c827218ffe5bf556b798de52d26cc97d920a6c0798c8-failure,3207,qaoa_maxcut,noisy_sim,paper,high_change,cross_backend_context,,,B5,ibm_kyiv,ibm_brisbane,ibm_kyiv->ibm_brisbane,migrate:ibm_brisbane,migrate,1,1,1,6.0,1,1,0.023860000000000006,0.0016,0.0105,0.018,0.00336,0.022400000000000003,0.038400000000000004,0.00176,0.011900000000000003,0.020400000000000005,0.03406000000000001,1.0,1.0,0.9283666666666667,0.55,0.2783666666666667,0.1,0.0,0,9,1,4064,0,0,1.0,4,4,-4.210457441858018,0.5212537367528052,1.2786687097713467,0.6162722422033751,0.8202870714662068,4,0.12,1,qubit_wise_commuting,1,4064,4064.0,4064,4,0,10,6,qaoa_maxcut,4.914975903624279,0.13213582677165353,0,0,0,0.13764462893151386,0.09309141435851544,1.1055819978364791,0.0025642947709583197,40,16256,1.634457083
calibration,sha256:b9700743fce90fe53f90c827218ffe5bf556b798de52d26cc97d920a6c0798c8,sha256:b9700743fce90fe53f90c827218ffe5bf556b798de52d26cc97d920a6c0798c8-failure,3207,qaoa_maxcut,noisy_sim,paper,high_change,same_backend_changed_context,,,B5,ibm_kyiv,ibm_kyiv,ibm_kyiv->ibm_kyiv,replay:ibm_kyiv,replay,1,1,1,8.0,0,1,0.016,0.0016,0.0105,0.018,0.00288,0.0189,0.0324,0.00128,0.0084,0.0144,0.024079999999999997,1.0,1.0,0.7366666666666667,0.55,0.18666666666666665,0.0,0.0,0,9,1,4064,0,0,1.0,4,4,-4.210457441858018,0.5212537367528052,1.2786687097713467,0.6162722422033751,0.8202870714662068,4,0.12,1,qubit_wise_commuting,1,4064,4064.0,4064,4,0,10,6,qaoa_maxcut,4.914975903624279,0.13213582677165353,0,0,0,0.12254392507709344,0.082939580764669,0.9454470070074018,0.001860640614134823,40,16256,1.650245042
calibration,sha256:b9d043bfead5e21e4f155d921870c4ad1634bc5f084db46168fd698fb23cfc74,sha256:b9d043bfead5e21e4f155d921870c4ad1634bc5f084db46168fd698fb23cfc74-failure,3206,qaoa_maxcut,noisy_sim,paper,high_change,cross_backend_context,,,B5,ibm_kyiv,ibm_brisbane,ibm_kyiv->ibm_brisbane,migrate:ibm_brisbane,migrate,1,1,1,6.0,1,1,0.023860000000000006,0.0016,0.0105,0.018,0.00336,0.022400000000000003,0.038400000000000004,0.00176,0.011900000000000003,0.020400000000000005,0.03406000000000001,1.0,1.0,0.9283666666666667,0.55,0.2783666666666667,0.1,0.0,0,9,1,4128,0,0,1.0,4,4,-6.320445700672203,2.542464911220978,8.082579638887832,3.6323456151097853,6.295761213828399,4,0.12,1,qubit_wise_commuting,1,4128,4128.0,4128,4,0,10,6,qaoa_maxcut,5.7535453202464515,0.07146317829457365,0,0,0,0.32724183489452496,0.1452572840746912,1.232364691806196,0.0,40,16512,1.650021541
calibration,sha256:b9d043bfead5e21e4f155d921870c4ad1634bc5f084db46168fd698fb23cfc74,sha256:b9d043bfead5e21e4f155d921870c4ad1634bc5f084db46168fd698fb23cfc74-failure,3206,qaoa_maxcut,noisy_sim,paper,high_change,same_backend_changed_context,,,B5,ibm_kyiv,ibm_kyiv,ibm_kyiv->ibm_kyiv,replay:ibm_kyiv,replay,1,1,1,8.0,0,1,0.016,0.0016,0.0105,0.018,0.00288,0.0189,0.0324,0.00128,0.0084,0.0144,0.024079999999999997,1.0,1.0,0.7366666666666667,0.55,0.18666666666666665,0.0,0.0,0,9,1,4128,0,0,1.0,4,4,-6.320445700672203,2.542464911220978,8.082579638887832,3.6323456151097853,6.295761213828399,4,0.12,1,qubit_wise_commuting,1,4128,4128.0,4128,4,0,10,6,qaoa_maxcut,5.7535453202464515,0.07146317829457365,0,0,0,0.18547182959485387,0.13200191656529373,1.240675400012757,0.0,40,16512,1.686023917
calibration,sha256:b9f2da21ff501bd56c47ef0a98f8293e73b7258863a631e67916a8d64e26c312,sha256:b9f2da21ff501bd56c47ef0a98f8293e73b7258863a631e67916a8d64e26c312-failure,3208,h2_vqe,noisy_sim,paper,cross_backend,cross_backend_context,,,B5,ibm_kyiv,ibm_brisbane,ibm_kyiv->ibm_brisbane,migrate:ibm_brisbane,migrate,1,1,1,0.0,1,1,0.007,0.0016,0.0105,0.018,0.0021,0.014,0.024,0.0004999999999999998,0.0034999999999999996,0.006000000000000002,0.010000000000000002,1.0,1.0,0.18166666666666667,0.0,0.08166666666666667,0.1,0.0,0,9,3,2976,4,0,0.42857142857142855,4,4,-1.9676115360241655,0.046455170287248215,0.3264084925345467,0.06000286114979669,0.27696583613285125,12,0.105,1,qubit_wise_commuting,7,8736,1248.0,1248,12,0,24,4,entangling_ry_rz_brickwork,1.0616927521540047,0.8461538461538461,0,0,0,0.010005219016329114,0.08409387399663021,0.0106941777547166,0.009352202285657585,104,4992,0.258958583
calibration,sha256:b9f2da21ff501bd56c47ef0a98f8293e73b7258863a631e67916a8d64e26c312,sha256:b9f2da21ff501bd56c47ef0a98f8293e73b7258863a631e67916a8d64e26c312-failure,3208,h2_vqe,noisy_sim,paper,cross_backend,cross_backend_context,,,B5,ibm_kyiv,ibm_sherbrooke,ibm_kyiv->ibm_sherbrooke,migrate:ibm_sherbrooke,migrate,1,1,1,0.0,1,1,0.0018999999999999998,0.0016,0.0105,0.018,0.0012,0.0095,0.017,0.0004000000000000002,0.0010000000000000009,0.0009999999999999974,0.0023999999999999985,1.0,1.0,0.12216666666666667,0.0,0.02216666666666666,0.1,0.0,1,9,3,2976,4,0,0.42857142857142855,4,4,-1.9676115360241655,0.046455170287248215,0.3264084925345467,0.06000286114979669,0.27696583613285125,12,0.105,1,qubit_wise_commuting,7,8736,1248.0,1248,12,0,24,4,entangling_ry_rz_brickwork,1.0616927521540047,0.8461538461538461,0,0,0,0.005063339556703905,0.00963167001072776,0.004695597365978158,0.0,104,4992,0.259207625
calibration,sha256:ba59273746a239f170af8b29bc5828c955ff65040cc3429d17ef57832c23a229,sha256:ba59273746a239f170af8b29bc5828c955ff65040cc3429d17ef57832c23a229-failure,3202,qaoa_maxcut,noisy_sim,paper,no_change,same_backend_no_change,,,B5,ibm_kyiv,ibm_kyiv,ibm_kyiv->ibm_kyiv,replay:ibm_kyiv,replay,1,1,1,0.0,0,1,0.0,0.0016,0.0105,0.018,0.0016,0.0105,0.018,0.0,0.0,0.0,0.0,1.0,1.0,0.0,0.0,0.0,0.0,0.0,1,9,1,4032,0,0,1.0,4,4,-5.3167494888206095,1.3226390242737498,5.933182071298674,2.845374735559826,3.7284657297019232,4,0.12,1,qubit_wise_commuting,1,4032,4032.0,4032,4,0,10,6,qaoa_maxcut,5.612587539937337,0.10044642857142858,1,1,1,0.0,0.0,0.0,0.0,0,0,1.664296458
calibration,sha256:baa3853128d4c160204bc52cff7770292358743dccff51859c4ef8c9e8e07283,sha256:baa3853128d4c160204bc52cff7770292358743dccff51859c4ef8c9e8e07283-failure,3203,adapt_vqe,noisy_sim,paper,cross_backend,cross_backend_context,,,B6,ibm_kyiv,ibm_brisbane,ibm_kyiv->ibm_brisbane,migrate:ibm_brisbane,migrate,1,1,1,0.0,1,1,0.007,0.0016,0.0105,0.018,0.0021,0.014,0.024,0.0004999999999999998,0.0034999999999999996,0.006000000000000002,0.010000000000000002,1.0,1.0,0.18166666666666667,0.0,0.08166666666666667,0.1,0.0,0,15,0,0,8,0,0.0,4,4,-7.466283280767735,0.003957456788344693,0.150697732345674,0.04416878247154351,0.12498168775043124,6,0.08,1,qubit_wise_commuting,8,8704,1088.0,1088,6,6,40,5,adapt_pauli_pool,0.8241250997137269,0.8841911764705882,0,0,0,0.0018755579529203814,0.058009564222823766,0.0018222413375694722,0.0,56,4352,0.094566208
calibration,sha256:baa3853128d4c160204bc52cff7770292358743dccff51859c4ef8c9e8e07283,sha256:baa3853128d4c160204bc52cff7770292358743dccff51859c4ef8c9e8e07283-failure,3203,adapt_vqe,noisy_sim,paper,cross_backend,cross_backend_context,,,B6,ibm_kyiv,ibm_sherbrooke,ibm_kyiv->ibm_sherbrooke,migrate:ibm_sherbrooke,migrate,1,1,1,0.0,1,1,0.0018999999999999998,0.0016,0.0105,0.018,0.0012,0.0095,0.017,0.0004000000000000002,0.0010000000000000009,0.0009999999999999974,0.0023999999999999985,1.0,1.0,0.12216666666666667,0.0,0.02216666666666666,0.1,0.0,1,15,0,0,8,0,0.0,4,4,-7.466283280767735,0.003957456788344693,0.150697732345674,0.04416878247154351,0.12498168775043124,6,0.08,1,qubit_wise_commuting,8,8704,1088.0,1088,6,6,40,5,adapt_pauli_pool,0.8241250997137269,0.8841911764705882,0,0,0,0.0006646827441825209,0.011316216771821003,0.00145954154310698,0.0006806791975870752,56,4352,0.09428525
calibration,sha256:bb12b346aa0dda33cdb339df8b78e137363cc18ce70daf3ce282de370c15075f,sha256:bb12b346aa0dda33cdb339df8b78e137363cc18ce70daf3ce282de370c15075f-failure,3201,h2_vqe,noisy_sim,paper,high_change,cross_backend_context,,,B5,ibm_kyiv,ibm_brisbane,ibm_kyiv->ibm_brisbane,migrate:ibm_brisbane,migrate,1,1,1,6.0,1,1,0.023860000000000006,0.0016,0.0105,0.018,0.00336,0.022400000000000003,0.038400000000000004,0.00176,0.011900000000000003,0.020400000000000005,0.03406000000000001,1.0,1.0,0.9283666666666667,0.55,0.2783666666666667,0.1,0.0,0,9,3,2976,4,0,0.42857142857142855,4,4,-1.9601021373667995,0.059197631063356626,0.35693250504074686,0.05943082158193482,0.3062226255313864,12,0.105,1,qubit_wise_commuting,7,8736,1248.0,1248,12,0,24,4,entangling_ry_rz_brickwork,1.1893771203948211,0.8197115384615384,0,0,0,0.033635897890468947,0.11229713879834786,0.03941380477326031,0.03090992342583565,104,4992,0.261988292
calibration,sha256:bb12b346aa0dda33cdb339df8b78e137363cc18ce70daf3ce282de370c15075f,sha256:bb12b346aa0dda33cdb339df8b78e137363cc18ce70daf3ce282de370c15075f-failure,3201,h2_vqe,noisy_sim,paper,high_change,same_backend_changed_context,,,B5,ibm_kyiv,ibm_kyiv,ibm_kyiv->ibm_kyiv,replay:ibm_kyiv,replay,1,1,1,8.0,0,1,0.016,0.0016,0.0105,0.018,0.00288,0.0189,0.0324,0.00128,0.0084,0.0144,0.024079999999999997,1.0,1.0,0.7366666666666667,0.55,0.18666666666666665,0.0,0.0,0,9,3,2976,4,0,0.42857142857142855,4,4,-1.9601021373667995,0.059197631063356626,0.35693250504074686,0.05943082158193482,0.3062226255313864,12,0.105,1,qubit_wise_commuting,7,8736,1248.0,1248,12,0,24,4,entangling_ry_rz_brickwork,1.1893771203948211,0.8197115384615384,0,0,0,0.024180660528271725,0.09081928775401495,0.02821074898580097,0.02221359748390883,104,4992,0.265581791
calibration,sha256:bbccf24ae7cfbf1463e09dabbb7f077d73c3e87dea23746ae792d2a08ee52721,sha256:bbccf24ae7cfbf1463e09dabbb7f077d73c3e87dea23746ae792d2a08ee52721-failure,3205,adapt_vqe,noisy_sim,paper,high_change,cross_backend_context,,,B6,ibm_kyiv,ibm_brisbane,ibm_kyiv->ibm_brisbane,migrate:ibm_brisbane,migrate,1,1,1,6.0,1,1,0.023860000000000006,0.0016,0.0105,0.018,0.00336,0.022400000000000003,0.038400000000000004,0.00176,0.011900000000000003,0.020400000000000005,0.03406000000000001,1.0,1.0,0.9283666666666667,0.55,0.2783666666666667,0.1,0.0,0,15,0,0,8,0,0.0,4,4,-7.4734243857819695,0.004644212893648358,0.16090488553445034,0.04682939668804547,0.1332737222981686,6,0.08,1,qubit_wise_commuting,8,8704,1088.0,1088,6,6,40,5,adapt_pauli_pool,0.8838815601789535,0.8704044117647058,0,0,0,0.006414350607042429,0.10176404943282527,0.005984027567893957,0.0,56,4352,0.094453708
calibration,sha256:bbccf24ae7cfbf1463e09dabbb7f077d73c3e87dea23746ae792d2a08ee52721,sha256:bbccf24ae7cfbf1463e09dabbb7f077d73c3e87dea23746ae792d2a08ee52721-failure,3205,adapt_vqe,noisy_sim,paper,high_change,same_backend_changed_context,,,B6,ibm_kyiv,ibm_kyiv,ibm_kyiv->ibm_kyiv,replay:ibm_kyiv,replay,1,1,1,8.0,0,1,0.016,0.0016,0.0105,0.018,0.00288,0.0189,0.0324,0.00128,0.0084,0.0144,0.024079999999999997,1.0,1.0,0.7366666666666667,0.55,0.18666666666666665,0.0,0.0,0,15,0,0,8,0,0.0,4,4,-7.4734243857819695,0.004644212893648358,0.16090488553445034,0.04682939668804547,0.1332737222981686,6,0.08,1,qubit_wise_commuting,8,8704,1088.0,1088,6,6,40,5,adapt_pauli_pool,0.8838815601789535,0.8704044117647058,0,0,0,0.004569392434150998,0.09635838210983007,0.0043546097923973974,0.0,56,4352,0.094614042
calibration,sha256:bbe1ffa7bc46f89142bdaf9a3273381712735a1cb4de44e9cc4635675f8e6248,sha256:bbe1ffa7bc46f89142bdaf9a3273381712735a1cb4de44e9cc4635675f8e6248-failure,3208,h2_vqe,noisy_sim,paper,same_backend_delay,cross_backend_context,,,B5,ibm_kyiv,ibm_sherbrooke,ibm_kyiv->ibm_sherbrooke,migrate:ibm_sherbrooke,migrate,1,1,1,0.0,1,1,0.0018999999999999998,0.0016,0.0105,0.018,0.0012,0.0095,0.017,0.0004000000000000002,0.0010000000000000009,0.0009999999999999974,0.0023999999999999985,1.0,1.0,0.12216666666666667,0.0,0.02216666666666666,0.1,0.0,1,9,3,2976,4,0,0.42857142857142855,4,4,-1.9676115360241655,0.046455170287248215,0.3264084925345467,0.06000286114979669,0.27696583613285125,12,0.105,1,qubit_wise_commuting,7,8736,1248.0,1248,12,0,24,4,entangling_ry_rz_brickwork,1.0616927521540047,0.8461538461538461,0,0,0,0.005063339556703905,0.00963167001072776,0.004695597365978158,0.0,104,4992,0.25981475
calibration,sha256:bbe1ffa7bc46f89142bdaf9a3273381712735a1cb4de44e9cc4635675f8e6248,sha256:bbe1ffa7bc46f89142bdaf9a3273381712735a1cb4de44e9cc4635675f8e6248-failure,3208,h2_vqe,noisy_sim,paper,same_backend_delay,same_backend_changed_context,,,B5,ibm_kyiv,ibm_kyiv,ibm_kyiv->ibm_kyiv,replay:ibm_kyiv,replay,1,1,1,4.0,0,1,0.007999999999999998,0.0016,0.0105,0.018,0.00224,0.0147,0.025199999999999997,0.0006399999999999997,0.004199999999999999,0.007199999999999998,0.012039999999999997,1.0,1.0,0.5333333333333333,0.44000000000000006,0.09333333333333331,0.0,0.0,0,9,3,2976,4,0,0.42857142857142855,4,4,-1.9676115360241655,0.046455170287248215,0.3264084925345467,0.06000286114979669,0.27696583613285125,12,0.105,1,qubit_wise_commuting,7,8736,1248.0,1248,12,0,24,4,entangling_ry_rz_brickwork,1.0616927521540047,0.8461538461538461,0,0,0,0.012299248739807034,0.0868949652022943,0.013074741370512719,0.011502088901461427,104,4992,0.262616375
calibration,sha256:beb8764b024be431444d0ada2d16f64067f3b0b380668964ea6825d743733d8c,sha256:beb8764b024be431444d0ada2d16f64067f3b0b380668964ea6825d743733d8c-failure,3202,h2_vqe,noisy_sim,paper,no_change,same_backend_no_change,,,B5,ibm_kyiv,ibm_kyiv,ibm_kyiv->ibm_kyiv,replay:ibm_kyiv,replay,1,1,1,0.0,0,1,0.0,0.0016,0.0105,0.018,0.0016,0.0105,0.018,0.0,0.0,0.0,0.0,1.0,1.0,0.0,0.0,0.0,0.0,0.0,1,9,3,2976,4,0,0.42857142857142855,4,4,-1.8833100298534353,0.09478762198656088,0.45584298395901934,0.07876767850603342,0.33181023888040095,12,0.105,1,qubit_wise_commuting,7,8736,1248.0,1248,12,0,24,4,entangling_ry_rz_brickwork,0.9407904513471905,0.8653846153846154,1,1,1,0.0,0.0,0.0,0.0,0,0,0.260419125
calibration,sha256:c023972b86c6441ee024741edb3fe5c16e14eca5af724e976fdf8eb26c4f0a73,sha256:c023972b86c6441ee024741edb3fe5c16e14eca5af724e976fdf8eb26c4f0a73-failure,3204,qaoa_maxcut,noisy_sim,paper,high_change,cross_backend_context,,,B5,ibm_kyiv,ibm_brisbane,ibm_kyiv->ibm_brisbane,migrate:ibm_brisbane,migrate,1,1,1,6.0,1,1,0.023860000000000006,0.0016,0.0105,0.018,0.00336,0.022400000000000003,0.038400000000000004,0.00176,0.011900000000000003,0.020400000000000005,0.03406000000000001,1.0,1.0,0.9283666666666667,0.55,0.2783666666666667,0.1,0.0,0,9,1,4128,0,0,1.0,4,4,-6.33407638187398,3.493113654880361,13.408464414219573,4.5106097785406245,12.985167602880354,4,0.12,1,qubit_wise_commuting,1,4128,4128.0,4128,4,0,10,6,qaoa_maxcut,5.782781976964548,0.06346899224806202,0,0,0,0.89840691874298,0.22946599340508797,1.1007839410548568,0.010412154324805911,40,16512,1.614194083
calibration,sha256:c023972b86c6441ee024741edb3fe5c16e14eca5af724e976fdf8eb26c4f0a73,sha256:c023972b86c6441ee024741edb3fe5c16e14eca5af724e976fdf8eb26c4f0a73-failure,3204,qaoa_maxcut,noisy_sim,paper,high_change,same_backend_changed_context,,,B5,ibm_kyiv,ibm_kyiv,ibm_kyiv->ibm_kyiv,replay:ibm_kyiv,replay,1,1,1,8.0,0,1,0.016,0.0016,0.0105,0.018,0.00288,0.0189,0.0324,0.00128,0.0084,0.0144,0.024079999999999997,1.0,1.0,0.7366666666666667,0.55,0.18666666666666665,0.0,0.0,0,9,1,4128,0,0,1.0,4,4,-6.33407638187398,3.493113654880361,13.408464414219573,4.5106097785406245,12.985167602880354,4,0.12,1,qubit_wise_commuting,1,4128,4128.0,4128,4,0,10,6,qaoa_maxcut,5.782781976964548,0.06346899224806202,0,0,0,0.6616995410463291,0.16589353891288022,0.4046836115613276,0.00990117820812575,40,16512,1.667526958
calibration,sha256:c11c7e258c24e87acbd9d7e4e664fc79c37e811fd1c37e8a0011bc24df22325f,sha256:c11c7e258c24e87acbd9d7e4e664fc79c37e811fd1c37e8a0011bc24df22325f-failure,3208,qaoa_maxcut,noisy_sim,paper,cross_backend,cross_backend_context,,,B5,ibm_kyiv,ibm_brisbane,ibm_kyiv->ibm_brisbane,migrate:ibm_brisbane,migrate,1,1,1,0.0,1,1,0.007,0.0016,0.0105,0.018,0.0021,0.014,0.024,0.0004999999999999998,0.0034999999999999996,0.006000000000000002,0.010000000000000002,1.0,1.0,0.18166666666666667,0.0,0.08166666666666667,0.1,0.0,0,9,1,4096,0,0,1.0,4,4,-5.414142727604113,2.553021421987263,6.42548841412416,3.0233798251886324,4.414778706439412,4,0.12,1,qubit_wise_commuting,1,4096,4096.0,4096,4,0,10,6,qaoa_maxcut,5.317311044248581,0.14111328125,0,0,0,0.35992060315353314,0.11574176406131514,1.1178308637424816,0.08582093733838736,40,16384,1.6049345
calibration,sha256:c11c7e258c24e87acbd9d7e4e664fc79c37e811fd1c37e8a0011bc24df22325f,sha256:c11c7e258c24e87acbd9d7e4e664fc79c37e811fd1c37e8a0011bc24df22325f-failure,3208,qaoa_maxcut,noisy_sim,paper,cross_backend,cross_backend_context,,,B5,ibm_kyiv,ibm_sherbrooke,ibm_kyiv->ibm_sherbrooke,migrate:ibm_sherbrooke,migrate,1,1,1,0.0,1,1,0.0018999999999999998,0.0016,0.0105,0.018,0.0012,0.0095,0.017,0.0004000000000000002,0.0010000000000000009,0.0009999999999999974,0.0023999999999999985,1.0,1.0,0.12216666666666667,0.0,0.02216666666666666,0.1,0.0,1,9,1,4096,0,0,1.0,4,4,-5.414142727604113,2.553021421987263,6.42548841412416,3.0233798251886324,4.414778706439412,4,0.12,1,qubit_wise_commuting,1,4096,4096.0,4096,4,0,10,6,qaoa_maxcut,5.317311044248581,0.14111328125,0,0,1,0.08056493469190684,0.07246213270241969,0.7332336022361483,0.0,40,16384,1.612037625
calibration,sha256:c2adfa9b55df99d6f79edda76493eaad2707a4eb854020cbc11d4fc98b586859,sha256:c2adfa9b55df99d6f79edda76493eaad2707a4eb854020cbc11d4fc98b586859-failure,3208,lih_vqe,noisy_sim,paper,cross_backend,cross_backend_context,,,B5,ibm_kyiv,ibm_brisbane,ibm_kyiv->ibm_brisbane,migrate:ibm_brisbane,migrate,1,1,1,0.0,1,1,0.007,0.0016,0.0105,0.018,0.0021,0.014,0.024,0.0004999999999999998,0.0034999999999999996,0.006000000000000002,0.010000000000000002,1.0,1.0,0.18166666666666667,0.0,0.08166666666666667,0.1,0.0,0,9,4,5120,4,0,0.5,4,4,-7.748589501966552,0.08882639129214098,0.6107391663059288,0.06608345735153985,0.4201181202869818,20,0.085,1,qubit_wise_commuting,8,12288,1536.0,1536,20,0,40,5,entangling_ry_rz_brickwork,1.3937094986767222,0.810546875,0,0,0,0.001563592272330716,0.053819709834650016,0.021968510711117568,0.0,168,6144,0.947285709
calibration,sha256:c2adfa9b55df99d6f79edda76493eaad2707a4eb854020cbc11d4fc98b586859,sha256:c2adfa9b55df99d6f79edda76493eaad2707a4eb854020cbc11d4fc98b586859-failure,3208,lih_vqe,noisy_sim,paper,cross_backend,cross_backend_context,,,B5,ibm_kyiv,ibm_sherbrooke,ibm_kyiv->ibm_sherbrooke,migrate:ibm_sherbrooke,migrate,1,1,1,0.0,1,1,0.0018999999999999998,0.0016,0.0105,0.018,0.0012,0.0095,0.017,0.0004000000000000002,0.0010000000000000009,0.0009999999999999974,0.0023999999999999985,1.0,1.0,0.12216666666666667,0.0,0.02216666666666666,0.1,0.0,1,9,4,5120,4,0,0.5,4,4,-7.748589501966552,0.08882639129214098,0.6107391663059288,0.06608345735153985,0.4201181202869818,20,0.085,1,qubit_wise_commuting,8,12288,1536.0,1536,20,0,40,5,entangling_ry_rz_brickwork,1.3937094986767222,0.810546875,0,0,0,0.0008260242823130426,0.04745329886658681,0.009856479253633156,0.0009266200700945859,168,6144,0.937574
calibration,sha256:c7b3c33cfc224c9a0b3399e33001d5ab98b87470402764547144c2079aee0286,sha256:c7b3c33cfc224c9a0b3399e33001d5ab98b87470402764547144c2079aee0286-failure,3206,lih_vqe,noisy_sim,paper,high_change,cross_backend_context,,,B5,ibm_kyiv,ibm_brisbane,ibm_kyiv->ibm_brisbane,migrate:ibm_brisbane,migrate,1,1,1,6.0,1,1,0.023860000000000006,0.0016,0.0105,0.018,0.00336,0.022400000000000003,0.038400000000000004,0.00176,0.011900000000000003,0.020400000000000005,0.03406000000000001,1.0,1.0,0.9283666666666667,0.55,0.2783666666666667,0.1,0.0,0,9,4,5120,4,0,0.5,4,4,-7.926923329428529,0.09803869690081335,0.6264946008411444,0.0692858631715381,0.4378132424175717,20,0.085,1,qubit_wise_commuting,8,12288,1536.0,1536,20,0,40,5,entangling_ry_rz_brickwork,1.785366245952716,0.7317708333333334,0,0,0,0.017914784359966518,0.12303192317227386,0.07496948338882983,0.004495719482243032,168,6144,0.954597375
calibration,sha256:c7b3c33cfc224c9a0b3399e33001d5ab98b87470402764547144c2079aee0286,sha256:c7b3c33cfc224c9a0b3399e33001d5ab98b87470402764547144c2079aee0286-failure,3206,lih_vqe,noisy_sim,paper,high_change,same_backend_changed_context,,,B5,ibm_kyiv,ibm_kyiv,ibm_kyiv->ibm_kyiv,replay:ibm_kyiv,replay,1,1,1,8.0,0,1,0.016,0.0016,0.0105,0.018,0.00288,0.0189,0.0324,0.00128,0.0084,0.0144,0.024079999999999997,1.0,1.0,0.7366666666666667,0.55,0.18666666666666665,0.0,0.0,0,9,4,5120,4,0,0.5,4,4,-7.926923329428529,0.09803869690081335,0.6264946008411444,0.0692858631715381,0.4378132424175717,20,0.085,1,qubit_wise_commuting,8,12288,1536.0,1536,20,0,40,5,entangling_ry_rz_brickwork,1.785366245952716,0.7317708333333334,0,0,0,0.013006371714745057,0.10907721965874471,0.053980158875103594,0.003240835845339518,168,6144,0.932717125
calibration,sha256:cb24ae019f1af91b0d84bd187cf26be6a642fb4940c86ba73dc4414c24bd3db9,sha256:cb24ae019f1af91b0d84bd187cf26be6a642fb4940c86ba73dc4414c24bd3db9-failure,3203,h2_vqe,noisy_sim,paper,high_change,cross_backend_context,,,B5,ibm_kyiv,ibm_brisbane,ibm_kyiv->ibm_brisbane,migrate:ibm_brisbane,migrate,1,1,1,6.0,1,1,0.023860000000000006,0.0016,0.0105,0.018,0.00336,0.022400000000000003,0.038400000000000004,0.00176,0.011900000000000003,0.020400000000000005,0.03406000000000001,1.0,1.0,0.9283666666666667,0.55,0.2783666666666667,0.1,0.0,0,9,3,2976,4,0,0.42857142857142855,4,4,-1.7992831574026287,0.06911634802839095,0.43997478302889087,0.07412382582966578,0.37981874393460374,12,0.105,1,qubit_wise_commuting,7,8736,1248.0,1248,12,0,24,4,entangling_ry_rz_brickwork,1.6650917155927296,0.7267628205128205,0,0,0,0.028101507062435527,0.11116813946724474,0.047250527153418445,0.02296910498410676,104,4992,0.260304833
calibration,sha256:cb24ae019f1af91b0d84bd187cf26be6a642fb4940c86ba73dc4414c24bd3db9,sha256:cb24ae019f1af91b0d84bd187cf26be6a642fb4940c86ba73dc4414c24bd3db9-failure,3203,h2_vqe,noisy_sim,paper,high_change,same_backend_changed_context,,,B5,ibm_kyiv,ibm_kyiv,ibm_kyiv->ibm_kyiv,replay:ibm_kyiv,replay,1,1,1,8.0,0,1,0.016,0.0016,0.0105,0.018,0.00288,0.0189,0.0324,0.00128,0.0084,0.0144,0.024079999999999997,1.0,1.0,0.7366666666666667,0.55,0.18666666666666665,0.0,0.0,0,9,3,2976,4,0,0.42857142857142855,4,4,-1.7992831574026287,0.06911634802839095,0.43997478302889087,0.07412382582966578,0.37981874393460374,12,0.105,1,qubit_wise_commuting,7,8736,1248.0,1248,12,0,24,4,entangling_ry_rz_brickwork,1.6650917155927296,0.7267628205128205,0,0,0,0.020228072088344318,0.08919803921251268,0.033833664823828324,0.016525057638451246,104,4992,0.266737542
calibration,sha256:cea1c295f9d223eee2268fcdf18981bb942f6863e2492676f89a6d129f16b6fe,sha256:cea1c295f9d223eee2268fcdf18981bb942f6863e2492676f89a6d129f16b6fe-failure,3203,qaoa_maxcut,noisy_sim,paper,same_backend_delay,cross_backend_context,,,B5,ibm_kyiv,ibm_sherbrooke,ibm_kyiv->ibm_sherbrooke,migrate:ibm_sherbrooke,migrate,1,1,1,0.0,1,1,0.0018999999999999998,0.0016,0.0105,0.018,0.0012,0.0095,0.017,0.0004000000000000002,0.0010000000000000009,0.0009999999999999974,0.0023999999999999985,1.0,1.0,0.12216666666666667,0.0,0.02216666666666666,0.1,0.0,1,9,1,4128,0,0,1.0,4,4,-5.051629722006996,1.8081763486851266,9.038881090601759,3.4600443825110014,7.393692996354743,4,0.12,1,qubit_wise_commuting,1,4128,4128.0,4128,4,0,10,6,qaoa_maxcut,5.4523471208138155,0.12257751937984496,0,0,1,0.7743191478293552,0.15219742031627376,0.4791221117205985,0.0,40,16512,1.616807583
calibration,sha256:cea1c295f9d223eee2268fcdf18981bb942f6863e2492676f89a6d129f16b6fe,sha256:cea1c295f9d223eee2268fcdf18981bb942f6863e2492676f89a6d129f16b6fe-failure,3203,qaoa_maxcut,noisy_sim,paper,same_backend_delay,same_backend_changed_context,,,B5,ibm_kyiv,ibm_kyiv,ibm_kyiv->ibm_kyiv,replay:ibm_kyiv,replay,1,1,1,4.0,0,1,0.007999999999999998,0.0016,0.0105,0.018,0.00224,0.0147,0.025199999999999997,0.0006399999999999997,0.004199999999999999,0.007199999999999998,0.012039999999999997,1.0,1.0,0.5333333333333333,0.44000000000000006,0.09333333333333331,0.0,0.0,0,9,1,4128,0,0,1.0,4,4,-5.051629722006996,1.8081763486851266,9.038881090601759,3.4600443825110014,7.393692996354743,4,0.12,1,qubit_wise_commuting,1,4128,4128.0,4128,4,0,10,6,qaoa_maxcut,5.4523471208138155,0.12257751937984496,0,0,0,1.1202348276678054,0.197379916669013,1.562971627940901,0.06431389211209915,40,16512,1.619691208
calibration,sha256:cea39c4857330a72cf088881e7b94a8be891d8c4d41ba1162c1bf2dfacab4f3b,sha256:cea39c4857330a72cf088881e7b94a8be891d8c4d41ba1162c1bf2dfacab4f3b-failure,3205,qaoa_maxcut,noisy_sim,paper,same_backend_delay,cross_backend_context,,,B5,ibm_kyiv,ibm_sherbrooke,ibm_kyiv->ibm_sherbrooke,migrate:ibm_sherbrooke,migrate,1,1,1,0.0,1,1,0.0018999999999999998,0.0016,0.0105,0.018,0.0012,0.0095,0.017,0.0004000000000000002,0.0010000000000000009,0.0009999999999999974,0.0023999999999999985,1.0,1.0,0.12216666666666667,0.0,0.02216666666666666,0.1,0.0,1,9,1,4064,0,0,1.0,4,4,-5.406916926606379,2.435385061672233,6.149834208055388,2.685811974339774,4.1569263589522425,4,0.12,1,qubit_wise_commuting,1,4064,4064.0,4064,4,0,10,6,qaoa_maxcut,5.3936324076978135,0.10359251968503937,0,0,1,0.6131913012337202,0.16163013314201624,0.44831285460768594,0.0,40,16256,1.648247541
calibration,sha256:cea39c4857330a72cf088881e7b94a8be891d8c4d41ba1162c1bf2dfacab4f3b,sha256:cea39c4857330a72cf088881e7b94a8be891d8c4d41ba1162c1bf2dfacab4f3b-failure,3205,qaoa_maxcut,noisy_sim,paper,same_backend_delay,same_backend_changed_context,,,B5,ibm_kyiv,ibm_kyiv,ibm_kyiv->ibm_kyiv,replay:ibm_kyiv,replay,1,1,1,4.0,0,1,0.007999999999999998,0.0016,0.0105,0.018,0.00224,0.0147,0.025199999999999997,0.0006399999999999997,0.004199999999999999,0.007199999999999998,0.012039999999999997,1.0,1.0,0.5333333333333333,0.44000000000000006,0.09333333333333331,0.0,0.0,0,9,1,4064,0,0,1.0,4,4,-5.406916926606379,2.435385061672233,6.149834208055388,2.685811974339774,4.1569263589522425,4,0.12,1,qubit_wise_commuting,1,4064,4064.0,4064,4,0,10,6,qaoa_maxcut,5.3936324076978135,0.10359251968503937,0,0,0,0.9753449609738762,0.18370146983843955,0.7800523810721403,0.013600220082145675,40,16256,1.606214625
calibration,sha256:ced9475412931580711300b20ab83ae28a696f952cb6bac52d508c0b7b4e39f5,sha256:ced9475412931580711300b20ab83ae28a696f952cb6bac52d508c0b7b4e39f5-failure,3207,adapt_vqe,noisy_sim,paper,cross_backend,cross_backend_context,,,B6,ibm_kyiv,ibm_brisbane,ibm_kyiv->ibm_brisbane,migrate:ibm_brisbane,migrate,1,1,1,0.0,1,1,0.007,0.0016,0.0105,0.018,0.0021,0.014,0.024,0.0004999999999999998,0.0034999999999999996,0.006000000000000002,0.010000000000000002,1.0,1.0,0.18166666666666667,0.0,0.08166666666666667,0.1,0.0,0,15,0,0,8,0,0.0,4,4,-7.453043386124786,0.0008856774614631746,0.06242299281220056,0.018733516966511158,0.05342941911524612,6,0.08,1,qubit_wise_commuting,8,8704,1088.0,1088,6,6,40,5,adapt_pauli_pool,0.7873679675743115,0.890625,0,0,0,0.0019175404084288417,0.06026447332254304,0.0015797355414250193,0.0,56,4352,0.094732625
calibration,sha256:ced9475412931580711300b20ab83ae28a696f952cb6bac52d508c0b7b4e39f5,sha256:ced9475412931580711300b20ab83ae28a696f952cb6bac52d508c0b7b4e39f5-failure,3207,adapt_vqe,noisy_sim,paper,cross_backend,cross_backend_context,,,B6,ibm_kyiv,ibm_sherbrooke,ibm_kyiv->ibm_sherbrooke,migrate:ibm_sherbrooke,migrate,1,1,1,0.0,1,1,0.0018999999999999998,0.0016,0.0105,0.018,0.0012,0.0095,0.017,0.0004000000000000002,0.0010000000000000009,0.0009999999999999974,0.0023999999999999985,1.0,1.0,0.12216666666666667,0.0,0.02216666666666666,0.1,0.0,1,15,0,0,8,0,0.0,4,4,-7.453043386124786,0.0008856774614631746,0.06242299281220056,0.018733516966511158,0.05342941911524612,6,0.08,1,qubit_wise_commuting,8,8704,1088.0,1088,6,6,40,5,adapt_pauli_pool,0.7873679675743115,0.890625,0,0,0,0.0006983200951617974,0.0075930917264305006,0.001264853540342739,0.0007004730434791995,56,4352,0.09477875
calibration,sha256:d0a2bf93735f765eda190bf7974679a7643ee17aae2fa7c1db0510c5f27b386d,sha256:d0a2bf93735f765eda190bf7974679a7643ee17aae2fa7c1db0510c5f27b386d-failure,3203,adapt_vqe,noisy_sim,paper,high_change,cross_backend_context,,,B6,ibm_kyiv,ibm_brisbane,ibm_kyiv->ibm_brisbane,migrate:ibm_brisbane,migrate,1,1,1,6.0,1,1,0.023860000000000006,0.0016,0.0105,0.018,0.00336,0.022400000000000003,0.038400000000000004,0.00176,0.011900000000000003,0.020400000000000005,0.03406000000000001,1.0,1.0,0.9283666666666667,0.55,0.2783666666666667,0.1,0.0,0,15,0,0,8,0,0.0,4,4,-7.466283280767735,0.003957456788344693,0.150697732345674,0.04416878247154351,0.12498168775043124,6,0.08,1,qubit_wise_commuting,8,8704,1088.0,1088,6,6,40,5,adapt_pauli_pool,0.8241250997137269,0.8841911764705882,0,0,0,0.006442106009231452,0.12055394110422653,0.006403536806318568,0.0,56,4352,0.094839041
calibration,sha256:d0a2bf93735f765eda190bf7974679a7643ee17aae2fa7c1db0510c5f27b386d,sha256:d0a2bf93735f765eda190bf7974679a7643ee17aae2fa7c1db0510c5f27b386d-failure,3203,adapt_vqe,noisy_sim,paper,high_change,same_backend_changed_context,,,B6,ibm_kyiv,ibm_kyiv,ibm_kyiv->ibm_kyiv,replay:ibm_kyiv,replay,1,1,1,8.0,0,1,0.016,0.0016,0.0105,0.018,0.00288,0.0189,0.0324,0.00128,0.0084,0.0144,0.024079999999999997,1.0,1.0,0.7366666666666667,0.55,0.18666666666666665,0.0,0.0,0,15,0,0,8,0,0.0,4,4,-7.466283280767735,0.003957456788344693,0.150697732345674,0.04416878247154351,0.12498168775043124,6,0.08,1,qubit_wise_commuting,8,8704,1088.0,1088,6,6,40,5,adapt_pauli_pool,0.8241250997137269,0.8841911764705882,0,0,0,0.004589572137745357,0.10185378476791783,0.004660094993657867,0.0,56,4352,0.094969833
calibration,sha256:d1ce6c2218d229ebb44baa7efbb5f4f5370daee2bb86c3fd3eaaeaef1b841821,sha256:d1ce6c2218d229ebb44baa7efbb5f4f5370daee2bb86c3fd3eaaeaef1b841821-failure,3201,lih_vqe,noisy_sim,paper,no_change,same_backend_no_change,,,B5,ibm_kyiv,ibm_kyiv,ibm_kyiv->ibm_kyiv,replay:ibm_kyiv,replay,1,1,1,0.0,0,1,0.0,0.0016,0.0105,0.018,0.0016,0.0105,0.018,0.0,0.0,0.0,0.0,1.0,1.0,0.0,0.0,0.0,0.0,0.0,1,9,4,5120,4,0,0.5,4,4,-7.772875343454853,0.08970018258591406,0.6318671924439961,0.08191544501966291,0.38306584394877974,20,0.085,1,qubit_wise_commuting,8,12288,1536.0,1536,20,0,40,5,entangling_ry_rz_brickwork,1.6727864599321207,0.755859375,1,1,1,0.0,0.0,0.0,0.0,0,0,0.9415415
calibration,sha256:d3ced7e5b33f02df785dff990b45fe391ab8791043c2d0833684f821512a7ec5,sha256:d3ced7e5b33f02df785dff990b45fe391ab8791043c2d0833684f821512a7ec5-failure,3207,adapt_vqe,noisy_sim,paper,no_change,same_backend_no_change,,,B6,ibm_kyiv,ibm_kyiv,ibm_kyiv->ibm_kyiv,replay:ibm_kyiv,replay,1,1,1,0.0,0,1,0.0,0.0016,0.0105,0.018,0.0016,0.0105,0.018,0.0,0.0,0.0,0.0,1.0,1.0,0.0,0.0,0.0,0.0,0.0,1,15,0,0,8,0,0.0,4,4,-7.453043386124786,0.0008856774614631746,0.06242299281220056,0.018733516966511158,0.05342941911524612,6,0.08,1,qubit_wise_commuting,8,8704,1088.0,1088,6,6,40,5,adapt_pauli_pool,0.7873679675743115,0.890625,1,1,1,0.0,0.0,0.0,0.0,0,0,0.094156417
calibration,sha256:d4bc36ca4680db44d8000d06459cdf49daa8f757be989082970dbcccc08a4f4e,sha256:d4bc36ca4680db44d8000d06459cdf49daa8f757be989082970dbcccc08a4f4e-failure,3207,lih_vqe,noisy_sim,paper,cross_backend,cross_backend_context,,,B5,ibm_kyiv,ibm_brisbane,ibm_kyiv->ibm_brisbane,migrate:ibm_brisbane,migrate,1,1,1,0.0,1,1,0.007,0.0016,0.0105,0.018,0.0021,0.014,0.024,0.0004999999999999998,0.0034999999999999996,0.006000000000000002,0.010000000000000002,1.0,1.0,0.18166666666666667,0.0,0.08166666666666667,0.1,0.0,0,9,4,5120,4,0,0.5,4,4,-7.549577733268277,0.07945046398903077,0.6023106832048946,0.07254746524202499,0.3889754678576354,20,0.085,1,qubit_wise_commuting,8,12288,1536.0,1536,20,0,40,5,entangling_ry_rz_brickwork,1.6065989214985639,0.7630208333333334,0,0,0,0.002710464354545472,0.07471291692319175,0.023268920783483107,0.0,168,6144,0.938578416
calibration,sha256:d4bc36ca4680db44d8000d06459cdf49daa8f757be989082970dbcccc08a4f4e,sha256:d4bc36ca4680db44d8000d06459cdf49daa8f757be989082970dbcccc08a4f4e-failure,3207,lih_vqe,noisy_sim,paper,cross_backend,cross_backend_context,,,B5,ibm_kyiv,ibm_sherbrooke,ibm_kyiv->ibm_sherbrooke,migrate:ibm_sherbrooke,migrate,1,1,1,0.0,1,1,0.0018999999999999998,0.0016,0.0105,0.018,0.0012,0.0095,0.017,0.0004000000000000002,0.0010000000000000009,0.0009999999999999974,0.0023999999999999985,1.0,1.0,0.12216666666666667,0.0,0.02216666666666666,0.1,0.0,1,9,4,5120,4,0,0.5,4,4,-7.549577733268277,0.07945046398903077,0.6023106832048946,0.07254746524202499,0.3889754678576354,20,0.085,1,qubit_wise_commuting,8,12288,1536.0,1536,20,0,40,5,entangling_ry_rz_brickwork,1.6065989214985639,0.7630208333333334,0,0,0,0.0011635659872331061,0.04811402741247498,0.01041581895144658,0.0029839237119801965,168,6144,0.931025042
calibration,sha256:da1e071bb79dc276b64095981285e9ec8bf05c41ed537eea33c68e897f8333d1,sha256:da1e071bb79dc276b64095981285e9ec8bf05c41ed537eea33c68e897f8333d1-failure,3202,h2_vqe,noisy_sim,paper,same_backend_delay,cross_backend_context,,,B5,ibm_kyiv,ibm_sherbrooke,ibm_kyiv->ibm_sherbrooke,migrate:ibm_sherbrooke,migrate,1,1,1,0.0,1,1,0.0018999999999999998,0.0016,0.0105,0.018,0.0012,0.0095,0.017,0.0004000000000000002,0.0010000000000000009,0.0009999999999999974,0.0023999999999999985,1.0,1.0,0.12216666666666667,0.0,0.02216666666666666,0.1,0.0,1,9,3,2976,4,0,0.42857142857142855,4,4,-1.8833100298534353,0.09478762198656088,0.45584298395901934,0.07876767850603342,0.33181023888040095,12,0.105,1,qubit_wise_commuting,7,8736,1248.0,1248,12,0,24,4,entangling_ry_rz_brickwork,0.9407904513471905,0.8653846153846154,0,0,0,0.0048205640001484085,0.010602378968087299,0.005250550684267126,0.0,104,4992,0.261586417
calibration,sha256:da1e071bb79dc276b64095981285e9ec8bf05c41ed537eea33c68e897f8333d1,sha256:da1e071bb79dc276b64095981285e9ec8bf05c41ed537eea33c68e897f8333d1-failure,3202,h2_vqe,noisy_sim,paper,same_backend_delay,same_backend_changed_context,,,B5,ibm_kyiv,ibm_kyiv,ibm_kyiv->ibm_kyiv,replay:ibm_kyiv,replay,1,1,1,4.0,0,1,0.007999999999999998,0.0016,0.0105,0.018,0.00224,0.0147,0.025199999999999997,0.0006399999999999997,0.004199999999999999,0.007199999999999998,0.012039999999999997,1.0,1.0,0.5333333333333333,0.44000000000000006,0.09333333333333331,0.0,0.0,0,9,3,2976,4,0,0.42857142857142855,4,4,-1.8833100298534353,0.09478762198656088,0.45584298395901934,0.07876767850603342,0.33181023888040095,12,0.105,1,qubit_wise_commuting,7,8736,1248.0,1248,12,0,24,4,entangling_ry_rz_brickwork,0.9407904513471905,0.8653846153846154,0,0,0,0.011655353346603725,0.07519735315580418,0.014045283815107102,0.009990365431759907,104,4992,0.261690667
calibration,sha256:dcce0f2d7e1df0def5c593d1e96133c1172d8c93d462f0b54c4830f642cfae90,sha256:dcce0f2d7e1df0def5c593d1e96133c1172d8c93d462f0b54c4830f642cfae90-failure,3202,lih_vqe,noisy_sim,paper,safe_change,same_backend_changed_context,,,B5,ibm_kyiv,ibm_kyiv,ibm_kyiv->ibm_kyiv,replay:ibm_kyiv,replay,1,1,1,0.1,0,1,0.00020000000000000017,0.0016,0.0105,0.018,0.001616,0.010605000000000002,0.018179999999999998,1.5999999999999955e-05,0.00010500000000000093,0.0001799999999999996,0.0003010000000000005,1.0,1.0,0.013333333333333336,0.011000000000000001,0.0023333333333333353,0.0,0.0,1,9,4,5120,4,0,0.5,4,4,-7.664444378694417,0.08425072438902514,0.6282929598752568,0.07507462799275672,0.40606582382208206,20,0.085,1,qubit_wise_commuting,8,12288,1536.0,1536,20,0,40,5,entangling_ry_rz_brickwork,1.637598244017144,0.7623697916666666,1,1,1,1.4803711461119917e-05,0.0016298327472129837,0.0007183378247797089,0.0,0,0,0.927567958
calibration,sha256:dd993ae47279ba03f83d89e27f7521bc1957839c6c63c91eebeee6a68b8c50f7,sha256:dd993ae47279ba03f83d89e27f7521bc1957839c6c63c91eebeee6a68b8c50f7-failure,3203,qaoa_maxcut,noisy_sim,paper,cross_backend,cross_backend_context,,,B5,ibm_kyiv,ibm_brisbane,ibm_kyiv->ibm_brisbane,migrate:ibm_brisbane,migrate,1,1,1,0.0,1,1,0.007,0.0016,0.0105,0.018,0.0021,0.014,0.024,0.0004999999999999998,0.0034999999999999996,0.006000000000000002,0.010000000000000002,1.0,1.0,0.18166666666666667,0.0,0.08166666666666667,0.1,0.0,0,9,1,4128,0,0,1.0,4,4,-5.051629722006996,1.8081763486851266,9.038881090601759,3.4600443825110014,7.393692996354743,4,0.12,1,qubit_wise_commuting,1,4128,4128.0,4128,4,0,10,6,qaoa_maxcut,5.4523471208138155,0.12257751937984496,0,0,0,0.8973285933880444,0.18459493555981668,1.4874060763501933,0.05359818715419529,40,16512,1.609355375
calibration,sha256:dd993ae47279ba03f83d89e27f7521bc1957839c6c63c91eebeee6a68b8c50f7,sha256:dd993ae47279ba03f83d89e27f7521bc1957839c6c63c91eebeee6a68b8c50f7-failure,3203,qaoa_maxcut,noisy_sim,paper,cross_backend,cross_backend_context,,,B5,ibm_kyiv,ibm_sherbrooke,ibm_kyiv->ibm_sherbrooke,migrate:ibm_sherbrooke,migrate,1,1,1,0.0,1,1,0.0018999999999999998,0.0016,0.0105,0.018,0.0012,0.0095,0.017,0.0004000000000000002,0.0010000000000000009,0.0009999999999999974,0.0023999999999999985,1.0,1.0,0.12216666666666667,0.0,0.02216666666666666,0.1,0.0,1,9,1,4128,0,0,1.0,4,4,-5.051629722006996,1.8081763486851266,9.038881090601759,3.4600443825110014,7.393692996354743,4,0.12,1,qubit_wise_commuting,1,4128,4128.0,4128,4,0,10,6,qaoa_maxcut,5.4523471208138155,0.12257751937984496,0,0,1,0.7743191478293552,0.15219742031627376,0.4791221117205985,0.0,40,16512,1.606480666
calibration,sha256:e2af3a2605c73ca2336a1b69daff81f14fc1aaf0f67b10ab240e1c331c7b6658,sha256:e2af3a2605c73ca2336a1b69daff81f14fc1aaf0f67b10ab240e1c331c7b6658-failure,3207,h2_vqe,noisy_sim,paper,cross_backend,cross_backend_context,,,B5,ibm_kyiv,ibm_brisbane,ibm_kyiv->ibm_brisbane,migrate:ibm_brisbane,migrate,1,1,1,0.0,1,1,0.007,0.0016,0.0105,0.018,0.0021,0.014,0.024,0.0004999999999999998,0.0034999999999999996,0.006000000000000002,0.010000000000000002,1.0,1.0,0.18166666666666667,0.0,0.08166666666666667,0.1,0.0,0,9,3,2976,4,0,0.42857142857142855,4,4,-1.9621570999641458,0.06374967188126046,0.35588426269511964,0.06949420903304539,0.23825478883452927,12,0.105,1,qubit_wise_commuting,7,8736,1248.0,1248,12,0,24,4,entangling_ry_rz_brickwork,1.0852529303149812,0.8341346153846154,0,0,0,0.010116025341851298,0.037234419881080866,0.009792041241325506,0.009448561338225803,104,4992,0.258918333
calibration,sha256:e2af3a2605c73ca2336a1b69daff81f14fc1aaf0f67b10ab240e1c331c7b6658,sha256:e2af3a2605c73ca2336a1b69daff81f14fc1aaf0f67b10ab240e1c331c7b6658-failure,3207,h2_vqe,noisy_sim,paper,cross_backend,cross_backend_context,,,B5,ibm_kyiv,ibm_sherbrooke,ibm_kyiv->ibm_sherbrooke,migrate:ibm_sherbrooke,migrate,1,1,1,0.0,1,1,0.0018999999999999998,0.0016,0.0105,0.018,0.0012,0.0095,0.017,0.0004000000000000002,0.0010000000000000009,0.0009999999999999974,0.0023999999999999985,1.0,1.0,0.12216666666666667,0.0,0.02216666666666666,0.1,0.0,1,9,3,2976,4,0,0.42857142857142855,4,4,-1.9621570999641458,0.06374967188126046,0.35588426269511964,0.06949420903304539,0.23825478883452927,12,0.105,1,qubit_wise_commuting,7,8736,1248.0,1248,12,0,24,4,entangling_ry_rz_brickwork,1.0852529303149812,0.8341346153846154,0,0,0,0.005113331115756292,0.02881932767479843,0.004340270844209882,0.0,104,4992,0.25974975
calibration,sha256:e6add1e31c3a50cfcc9b82c5eb9c97bd82f02a7860c825c3cafb236d65896ba6,sha256:e6add1e31c3a50cfcc9b82c5eb9c97bd82f02a7860c825c3cafb236d65896ba6-failure,3206,qaoa_maxcut,noisy_sim,paper,cross_backend,cross_backend_context,,,B5,ibm_kyiv,ibm_brisbane,ibm_kyiv->ibm_brisbane,migrate:ibm_brisbane,migrate,1,1,1,0.0,1,1,0.007,0.0016,0.0105,0.018,0.0021,0.014,0.024,0.0004999999999999998,0.0034999999999999996,0.006000000000000002,0.010000000000000002,1.0,1.0,0.18166666666666667,0.0,0.08166666666666667,0.1,0.0,0,9,1,4128,0,0,1.0,4,4,-6.320445700672203,2.542464911220978,8.082579638887832,3.6323456151097853,6.295761213828399,4,0.12,1,qubit_wise_commuting,1,4128,4128.0,4128,4,0,10,6,qaoa_maxcut,5.7535453202464515,0.07146317829457365,0,0,0,0.12782092807085732,0.04583702356160215,0.9066526477215563,0.0,40,16512,1.607424958
calibration,sha256:e6add1e31c3a50cfcc9b82c5eb9c97bd82f02a7860c825c3cafb236d65896ba6,sha256:e6add1e31c3a50cfcc9b82c5eb9c97bd82f02a7860c825c3cafb236d65896ba6-failure,3206,qaoa_maxcut,noisy_sim,paper,cross_backend,cross_backend_context,,,B5,ibm_kyiv,ibm_sherbrooke,ibm_kyiv->ibm_sherbrooke,migrate:ibm_sherbrooke,migrate,1,1,1,0.0,1,1,0.0018999999999999998,0.0016,0.0105,0.018,0.0012,0.0095,0.017,0.0004000000000000002,0.0010000000000000009,0.0009999999999999974,0.0023999999999999985,1.0,1.0,0.12216666666666667,0.0,0.02216666666666666,0.1,0.0,1,9,1,4128,0,0,1.0,4,4,-6.320445700672203,2.542464911220978,8.082579638887832,3.6323456151097853,6.295761213828399,4,0.12,1,qubit_wise_commuting,1,4128,4128.0,4128,4,0,10,6,qaoa_maxcut,5.7535453202464515,0.07146317829457365,0,0,0,0.16258169180946602,0.056653394699478735,0.3513321094642928,0.025485277579551102,40,16512,1.607489834
calibration,sha256:e94653522b3e3dbc312725121d0b90d1662e35804d9b823941704819a9ebe192,sha256:e94653522b3e3dbc312725121d0b90d1662e35804d9b823941704819a9ebe192-failure,3202,h2_vqe,noisy_sim,paper,safe_change,same_backend_changed_context,,,B5,ibm_kyiv,ibm_kyiv,ibm_kyiv->ibm_kyiv,replay:ibm_kyiv,replay,1,1,1,0.1,0,1,0.00020000000000000017,0.0016,0.0105,0.018,0.001616,0.010605000000000002,0.018179999999999998,1.5999999999999955e-05,0.00010500000000000093,0.0001799999999999996,0.0003010000000000005,1.0,1.0,0.013333333333333336,0.011000000000000001,0.0023333333333333353,0.0,0.0,1,9,3,2976,4,0,0.42857142857142855,4,4,-1.8833100298534353,0.09478762198656088,0.45584298395901934,0.07876767850603342,0.33181023888040095,12,0.105,1,qubit_wise_commuting,7,8736,1248.0,1248,12,0,24,4,entangling_ry_rz_brickwork,0.9407904513471905,0.8653846153846154,1,1,1,0.0002937653113455063,0.0038128750311667093,0.00035255748139823966,0.00025156407627702215,0,0,0.259391709
calibration,sha256:ea4b2879ff3d0778683e7665ce0378894acbc71d8762d371ad626b2e6ffbc957,sha256:ea4b2879ff3d0778683e7665ce0378894acbc71d8762d371ad626b2e6ffbc957-failure,3208,lih_vqe,noisy_sim,paper,safe_change,same_backend_changed_context,,,B5,ibm_kyiv,ibm_kyiv,ibm_kyiv->ibm_kyiv,replay:ibm_kyiv,replay,1,1,1,0.1,0,1,0.00020000000000000017,0.0016,0.0105,0.018,0.001616,0.010605000000000002,0.018179999999999998,1.5999999999999955e-05,0.00010500000000000093,0.0001799999999999996,0.0003010000000000005,1.0,1.0,0.013333333333333336,0.011000000000000001,0.0023333333333333353,0.0,0.0,1,9,4,5120,4,0,0.5,4,4,-7.748589501966552,0.08882639129214098,0.6107391663059288,0.06608345735153985,0.4201181202869818,20,0.085,1,qubit_wise_commuting,8,12288,1536.0,1536,20,0,40,5,entangling_ry_rz_brickwork,1.3937094986767222,0.810546875,1,1,1,4.9713625939418193e-05,0.0012954772133232165,0.0006792839282795803,0.0,0,0,0.9375095
calibration,sha256:ecef916df62fb183914a2a9182338bfd8076268f09b9adcffbb43f402833241d,sha256:ecef916df62fb183914a2a9182338bfd8076268f09b9adcffbb43f402833241d-failure,3207,lih_vqe,noisy_sim,paper,high_change,cross_backend_context,,,B5,ibm_kyiv,ibm_brisbane,ibm_kyiv->ibm_brisbane,migrate:ibm_brisbane,migrate,1,1,1,6.0,1,1,0.023860000000000006,0.0016,0.0105,0.018,0.00336,0.022400000000000003,0.038400000000000004,0.00176,0.011900000000000003,0.020400000000000005,0.03406000000000001,1.0,1.0,0.9283666666666667,0.55,0.2783666666666667,0.1,0.0,0,9,4,5120,4,0,0.5,4,4,-7.549577733268277,0.07945046398903077,0.6023106832048946,0.07254746524202499,0.3889754678576354,20,0.085,1,qubit_wise_commuting,8,12288,1536.0,1536,20,0,40,5,entangling_ry_rz_brickwork,1.6065989214985639,0.7630208333333334,0,0,0,0.009573221119945075,0.14387943820584867,0.07773990910195,0.0,168,6144,1.141304167
calibration,sha256:ecef916df62fb183914a2a9182338bfd8076268f09b9adcffbb43f402833241d,sha256:ecef916df62fb183914a2a9182338bfd8076268f09b9adcffbb43f402833241d-failure,3207,lih_vqe,noisy_sim,paper,high_change,same_backend_changed_context,,,B5,ibm_kyiv,ibm_kyiv,ibm_kyiv->ibm_kyiv,replay:ibm_kyiv,replay,1,1,1,8.0,0,1,0.016,0.0016,0.0105,0.018,0.00288,0.0189,0.0324,0.00128,0.0084,0.0144,0.024079999999999997,1.0,1.0,0.7366666666666667,0.55,0.18666666666666665,0.0,0.0,0,9,4,5120,4,0,0.5,4,4,-7.549577733268277,0.07945046398903077,0.6023106832048946,0.07254746524202499,0.3889754678576354,20,0.085,1,qubit_wise_commuting,8,12288,1536.0,1536,20,0,40,5,entangling_ry_rz_brickwork,1.6065989214985639,0.7630208333333334,0,0,0,0.0067759989727651515,0.12570707021618271,0.056015440492940105,0.0,168,6144,1.159569167
calibration,sha256:efb5db973567d5fb4ee1ebc4d67338b839348270c29c3423e1aa0955cecf450e,sha256:efb5db973567d5fb4ee1ebc4d67338b839348270c29c3423e1aa0955cecf450e-failure,3202,lih_vqe,noisy_sim,paper,cross_backend,cross_backend_context,,,B5,ibm_kyiv,ibm_brisbane,ibm_kyiv->ibm_brisbane,migrate:ibm_brisbane,migrate,1,1,1,0.0,1,1,0.007,0.0016,0.0105,0.018,0.0021,0.014,0.024,0.0004999999999999998,0.0034999999999999996,0.006000000000000002,0.010000000000000002,1.0,1.0,0.18166666666666667,0.0,0.08166666666666667,0.1,0.0,0,9,4,5120,4,0,0.5,4,4,-7.664444378694417,0.08425072438902514,0.6282929598752568,0.07507462799275672,0.40606582382208206,20,0.085,1,qubit_wise_commuting,8,12288,1536.0,1536,20,0,40,5,entangling_ry_rz_brickwork,1.637598244017144,0.7623697916666666,0,0,0,0.0004211654270305232,0.07793802723720489,0.023181466929475755,0.0,168,6144,0.930330375
calibration,sha256:efb5db973567d5fb4ee1ebc4d67338b839348270c29c3423e1aa0955cecf450e,sha256:efb5db973567d5fb4ee1ebc4d67338b839348270c29c3423e1aa0955cecf450e-failure,3202,lih_vqe,noisy_sim,paper,cross_backend,cross_backend_context,,,B5,ibm_kyiv,ibm_sherbrooke,ibm_kyiv->ibm_sherbrooke,migrate:ibm_sherbrooke,migrate,1,1,1,0.0,1,1,0.0018999999999999998,0.0016,0.0105,0.018,0.0012,0.0095,0.017,0.0004000000000000002,0.0010000000000000009,0.0009999999999999974,0.0023999999999999985,1.0,1.0,0.12216666666666667,0.0,0.02216666666666666,0.1,0.0,1,9,4,5120,4,0,0.5,4,4,-7.664444378694417,0.08425072438902514,0.6282929598752568,0.07507462799275672,0.40606582382208206,20,0.085,1,qubit_wise_commuting,8,12288,1536.0,1536,20,0,40,5,entangling_ry_rz_brickwork,1.637598244017144,0.7623697916666666,0,0,0,0.0003192942393601683,0.045620739555145624,0.010618677197128322,0.0017621263864997516,168,6144,0.929525375
calibration,sha256:f0bd500b72a8c7e82d988fb9a5d27dcd090d73fcdea32af2563b0b048649e6b1,sha256:f0bd500b72a8c7e82d988fb9a5d27dcd090d73fcdea32af2563b0b048649e6b1-failure,3202,qaoa_maxcut,noisy_sim,paper,cross_backend,cross_backend_context,,,B5,ibm_kyiv,ibm_brisbane,ibm_kyiv->ibm_brisbane,migrate:ibm_brisbane,migrate,1,1,1,0.0,1,1,0.007,0.0016,0.0105,0.018,0.0021,0.014,0.024,0.0004999999999999998,0.0034999999999999996,0.006000000000000002,0.010000000000000002,1.0,1.0,0.18166666666666667,0.0,0.08166666666666667,0.1,0.0,0,9,1,4032,0,0,1.0,4,4,-5.3167494888206095,1.3226390242737498,5.933182071298674,2.845374735559826,3.7284657297019232,4,0.12,1,qubit_wise_commuting,1,4032,4032.0,4032,4,0,10,6,qaoa_maxcut,5.612587539937337,0.10044642857142858,0,0,0,0.12854911220779996,0.11649068276592874,1.5662594676256465,0.07034770300280524,40,16128,1.611410709
calibration,sha256:f0bd500b72a8c7e82d988fb9a5d27dcd090d73fcdea32af2563b0b048649e6b1,sha256:f0bd500b72a8c7e82d988fb9a5d27dcd090d73fcdea32af2563b0b048649e6b1-failure,3202,qaoa_maxcut,noisy_sim,paper,cross_backend,cross_backend_context,,,B5,ibm_kyiv,ibm_sherbrooke,ibm_kyiv->ibm_sherbrooke,migrate:ibm_sherbrooke,migrate,1,1,1,0.0,1,1,0.0018999999999999998,0.0016,0.0105,0.018,0.0012,0.0095,0.017,0.0004000000000000002,0.0010000000000000009,0.0009999999999999974,0.0023999999999999985,1.0,1.0,0.12216666666666667,0.0,0.02216666666666666,0.1,0.0,1,9,1,4032,0,0,1.0,4,4,-5.3167494888206095,1.3226390242737498,5.933182071298674,2.845374735559826,3.7284657297019232,4,0.12,1,qubit_wise_commuting,1,4032,4032.0,4032,4,0,10,6,qaoa_maxcut,5.612587539937337,0.10044642857142858,0,0,1,0.0032030364283315294,0.0657374489230701,0.5767363042032614,0.0,40,16128,1.611264334
calibration,sha256:f0e07e955886890be46b86c2dfbb25c3d50949ed4f57b87fd0c085326b4efe75,sha256:f0e07e955886890be46b86c2dfbb25c3d50949ed4f57b87fd0c085326b4efe75-failure,3206,adapt_vqe,noisy_sim,paper,cross_backend,cross_backend_context,,,B6,ibm_kyiv,ibm_brisbane,ibm_kyiv->ibm_brisbane,migrate:ibm_brisbane,migrate,1,1,1,0.0,1,1,0.007,0.0016,0.0105,0.018,0.0021,0.014,0.024,0.0004999999999999998,0.0034999999999999996,0.006000000000000002,0.010000000000000002,1.0,1.0,0.18166666666666667,0.0,0.08166666666666667,0.1,0.0,0,15,0,0,8,0,0.0,4,4,-7.454802991952262,0.0017328805256431323,0.08958551097808479,0.025821453548666884,0.07602590082128478,6,0.08,1,qubit_wise_commuting,8,8704,1088.0,1088,6,6,40,5,adapt_pauli_pool,0.6819574762582196,0.90625,0,0,0,0.0019118660233523599,0.0737665213941845,0.00186615132386842,0.0,56,4352,0.094597833
calibration,sha256:f0e07e955886890be46b86c2dfbb25c3d50949ed4f57b87fd0c085326b4efe75,sha256:f0e07e955886890be46b86c2dfbb25c3d50949ed4f57b87fd0c085326b4efe75-failure,3206,adapt_vqe,noisy_sim,paper,cross_backend,cross_backend_context,,,B6,ibm_kyiv,ibm_sherbrooke,ibm_kyiv->ibm_sherbrooke,migrate:ibm_sherbrooke,migrate,1,1,1,0.0,1,1,0.0018999999999999998,0.0016,0.0105,0.018,0.0012,0.0095,0.017,0.0004000000000000002,0.0010000000000000009,0.0009999999999999974,0.0023999999999999985,1.0,1.0,0.12216666666666667,0.0,0.02216666666666666,0.1,0.0,1,15,0,0,8,0,0.0,4,4,-7.454802991952262,0.0017328805256431323,0.08958551097808479,0.025821453548666884,0.07602590082128478,6,0.08,1,qubit_wise_commuting,8,8704,1088.0,1088,6,6,40,5,adapt_pauli_pool,0.6819574762582196,0.90625,0,0,0,0.0006937699808640119,0.009456329754688353,0.0014949646982976871,0.0006993053156651996,56,4352,0.094868959
calibration,sha256:f2f89e2e50961064b78214fc8b983137912330055f43a32a18079f3e49bf454c,sha256:f2f89e2e50961064b78214fc8b983137912330055f43a32a18079f3e49bf454c-failure,3208,h2_vqe,noisy_sim,paper,high_change,cross_backend_context,,,B5,ibm_kyiv,ibm_brisbane,ibm_kyiv->ibm_brisbane,migrate:ibm_brisbane,migrate,1,1,1,6.0,1,1,0.023860000000000006,0.0016,0.0105,0.018,0.00336,0.022400000000000003,0.038400000000000004,0.00176,0.011900000000000003,0.020400000000000005,0.03406000000000001,1.0,1.0,0.9283666666666667,0.55,0.2783666666666667,0.1,0.0,0,9,3,2976,4,0,0.42857142857142855,4,4,-1.9676115360241655,0.046455170287248215,0.3264084925345467,0.06000286114979669,0.27696583613285125,12,0.105,1,qubit_wise_commuting,7,8736,1248.0,1248,12,0,24,4,entangling_ry_rz_brickwork,1.0616927521540047,0.8461538461538461,0,0,0,0.03394583537141127,0.1287329407240535,0.03647236241456473,0.0317577431197984,104,4992,0.260428791
calibration,sha256:f2f89e2e50961064b78214fc8b983137912330055f43a32a18079f3e49bf454c,sha256:f2f89e2e50961064b78214fc8b983137912330055f43a32a18079f3e49bf454c-failure,3208,h2_vqe,noisy_sim,paper,high_change,same_backend_changed_context,,,B5,ibm_kyiv,ibm_kyiv,ibm_kyiv->ibm_kyiv,replay:ibm_kyiv,replay,1,1,1,8.0,0,1,0.016,0.0016,0.0105,0.018,0.00288,0.0189,0.0324,0.00128,0.0084,0.0144,0.024079999999999997,1.0,1.0,0.7366666666666667,0.55,0.18666666666666665,0.0,0.0,0,9,3,2976,4,0,0.42857142857142855,4,4,-1.9676115360241655,0.046455170287248215,0.3264084925345467,0.06000286114979669,0.27696583613285125,12,0.105,1,qubit_wise_commuting,7,8736,1248.0,1248,12,0,24,4,entangling_ry_rz_brickwork,1.0616927521540047,0.8461538461538461,0,0,0,0.02440429403152211,0.10838903634031902,0.026054862809152358,0.022829862073295848,104,4992,0.258991459
calibration,sha256:f3530547d62bab1c49cbf91f97b92071ed718424e22bbea44e15ab0de3a15207,sha256:f3530547d62bab1c49cbf91f97b92071ed718424e22bbea44e15ab0de3a15207-failure,3201,adapt_vqe,noisy_sim,paper,same_backend_delay,cross_backend_context,,,B6,ibm_kyiv,ibm_sherbrooke,ibm_kyiv->ibm_sherbrooke,migrate:ibm_sherbrooke,migrate,1,1,1,0.0,1,1,0.0018999999999999998,0.0016,0.0105,0.018,0.0012,0.0095,0.017,0.0004000000000000002,0.0010000000000000009,0.0009999999999999974,0.0023999999999999985,1.0,1.0,0.12216666666666667,0.0,0.02216666666666666,0.1,0.0,1,15,0,0,8,0,0.0,4,4,-7.450857792134499,0.001310937038716986,0.07510355018238321,0.02454394749353581,0.04750439008695848,6,0.08,1,qubit_wise_commuting,8,8704,1088.0,1088,6,6,40,5,adapt_pauli_pool,0.6468211968321697,0.9136029411764706,0,0,0,0.0007022764689210703,0.007614566627398346,0.0010027726014076256,0.0007048061687404683,56,4352,0.094457958
calibration,sha256:f3530547d62bab1c49cbf91f97b92071ed718424e22bbea44e15ab0de3a15207,sha256:f3530547d62bab1c49cbf91f97b92071ed718424e22bbea44e15ab0de3a15207-failure,3201,adapt_vqe,noisy_sim,paper,same_backend_delay,same_backend_changed_context,,,B6,ibm_kyiv,ibm_kyiv,ibm_kyiv->ibm_kyiv,replay:ibm_kyiv,replay,1,1,1,4.0,0,1,0.007999999999999998,0.0016,0.0105,0.018,0.00224,0.0147,0.025199999999999997,0.0006399999999999997,0.004199999999999999,0.007199999999999998,0.012039999999999997,1.0,1.0,0.5333333333333333,0.44000000000000006,0.09333333333333331,0.0,0.0,0,15,0,0,8,0,0.0,4,4,-7.450857792134499,0.001310937038716986,0.07510355018238321,0.02454394749353581,0.04750439008695848,6,0.08,1,qubit_wise_commuting,8,8704,1088.0,1088,6,6,40,5,adapt_pauli_pool,0.6468211968321697,0.9136029411764706,0,0,0,0.002355097927495109,0.06305334482017054,0.001603532920010841,0.0,56,4352,0.094283709
calibration,sha256:f4971230384a1eeec274ce963e6edf0da8a2c695a2becbab0cd84ef73c857eab,sha256:f4971230384a1eeec274ce963e6edf0da8a2c695a2becbab0cd84ef73c857eab-failure,3203,qaoa_maxcut,noisy_sim,paper,high_change,cross_backend_context,,,B5,ibm_kyiv,ibm_brisbane,ibm_kyiv->ibm_brisbane,migrate:ibm_brisbane,migrate,1,1,1,6.0,1,1,0.023860000000000006,0.0016,0.0105,0.018,0.00336,0.022400000000000003,0.038400000000000004,0.00176,0.011900000000000003,0.020400000000000005,0.03406000000000001,1.0,1.0,0.9283666666666667,0.55,0.2783666666666667,0.1,0.0,0,9,1,4128,0,0,1.0,4,4,-5.051629722006996,1.8081763486851266,9.038881090601759,3.4600443825110014,7.393692996354743,4,0.12,1,qubit_wise_commuting,1,4128,4128.0,4128,4,0,10,6,qaoa_maxcut,5.4523471208138155,0.12257751937984496,0,0,0,1.3626522539822998,0.19040625865059052,1.1281709236091964,0.16795892157624515,40,16512,1.616927125
calibration,sha256:f4971230384a1eeec274ce963e6edf0da8a2c695a2becbab0cd84ef73c857eab,sha256:f4971230384a1eeec274ce963e6edf0da8a2c695a2becbab0cd84ef73c857eab-failure,3203,qaoa_maxcut,noisy_sim,paper,high_change,same_backend_changed_context,,,B5,ibm_kyiv,ibm_kyiv,ibm_kyiv->ibm_kyiv,replay:ibm_kyiv,replay,1,1,1,8.0,0,1,0.016,0.0016,0.0105,0.018,0.00288,0.0189,0.0324,0.00128,0.0084,0.0144,0.024079999999999997,1.0,1.0,0.7366666666666667,0.55,0.18666666666666665,0.0,0.0,0,9,1,4128,0,0,1.0,4,4,-5.051629722006996,1.8081763486851266,9.038881090601759,3.4600443825110014,7.393692996354743,4,0.12,1,qubit_wise_commuting,1,4128,4128.0,4128,4,0,10,6,qaoa_maxcut,5.4523471208138155,0.12257751937984496,0,0,0,1.2374080210896086,0.1625145809236876,0.8920094449916043,0.12320641260083143,40,16512,1.680590292
calibration,sha256:f8c63376a39d487a9ffbd34137191c43866a462f8788ab76e949a07bd267bc5a,sha256:f8c63376a39d487a9ffbd34137191c43866a462f8788ab76e949a07bd267bc5a-failure,3208,adapt_vqe,noisy_sim,paper,safe_change,same_backend_changed_context,,,B6,ibm_kyiv,ibm_kyiv,ibm_kyiv->ibm_kyiv,replay:ibm_kyiv,replay,1,1,1,0.1,0,1,0.00020000000000000017,0.0016,0.0105,0.018,0.001616,0.010605000000000002,0.018179999999999998,1.5999999999999955e-05,0.00010500000000000093,0.0001799999999999996,0.0003010000000000005,1.0,1.0,0.013333333333333336,0.011000000000000001,0.0023333333333333353,0.0,0.0,1,15,0,0,8,0,0.0,4,4,-7.461365703211236,0.0059893674777455885,0.17901115003067836,0.05389884841905185,0.13138230575925214,6,0.08,1,qubit_wise_commuting,8,8704,1088.0,1088,6,6,40,5,adapt_pauli_pool,0.8146388283903975,0.8851102941176471,1,1,1,5.763729821328667e-05,0.0030578991042981936,5.3163983805543405e-05,0.0,0,0,0.094520375
calibration,sha256:f9fd9cbaa415c265a27c6cfd0d837f2e351cd9b6ac877ce82d9ccc10bc9ddf25,sha256:f9fd9cbaa415c265a27c6cfd0d837f2e351cd9b6ac877ce82d9ccc10bc9ddf25-failure,3202,adapt_vqe,noisy_sim,paper,cross_backend,cross_backend_context,,,B6,ibm_kyiv,ibm_brisbane,ibm_kyiv->ibm_brisbane,migrate:ibm_brisbane,migrate,1,1,1,0.0,1,1,0.007,0.0016,0.0105,0.018,0.0021,0.014,0.024,0.0004999999999999998,0.0034999999999999996,0.006000000000000002,0.010000000000000002,1.0,1.0,0.18166666666666667,0.0,0.08166666666666667,0.1,0.0,0,15,0,0,8,0,0.0,4,4,-7.455507380414461,0.004140304883911483,0.14751543397508504,0.04480115796491776,0.10633948080277142,6,0.08,1,qubit_wise_commuting,8,8704,1088.0,1088,6,6,40,5,adapt_pauli_pool,0.7629243331199778,0.8961397058823529,0,0,0,0.0018976569618116557,0.06527084345472207,0.0016807584807155534,0.0,56,4352,0.094067333
calibration,sha256:f9fd9cbaa415c265a27c6cfd0d837f2e351cd9b6ac877ce82d9ccc10bc9ddf25,sha256:f9fd9cbaa415c265a27c6cfd0d837f2e351cd9b6ac877ce82d9ccc10bc9ddf25-failure,3202,adapt_vqe,noisy_sim,paper,cross_backend,cross_backend_context,,,B6,ibm_kyiv,ibm_sherbrooke,ibm_kyiv->ibm_sherbrooke,migrate:ibm_sherbrooke,migrate,1,1,1,0.0,1,1,0.0018999999999999998,0.0016,0.0105,0.018,0.0012,0.0095,0.017,0.0004000000000000002,0.0010000000000000009,0.0009999999999999974,0.0023999999999999985,1.0,1.0,0.12216666666666667,0.0,0.02216666666666666,0.1,0.0,1,15,0,0,8,0,0.0,4,4,-7.455507380414461,0.004140304883911483,0.14751543397508504,0.04480115796491776,0.10633948080277142,6,0.08,1,qubit_wise_commuting,8,8704,1088.0,1088,6,6,40,5,adapt_pauli_pool,0.7629243331199778,0.8961397058823529,0,0,0,0.0006823808196907422,0.008216704055385292,0.0013462329881524472,0.0006958512340693446,56,4352,0.093992667
calibration,sha256:fa49e2907fcb37b0be6a4acced94fb226909129e6c88800e673617203a18780e,sha256:fa49e2907fcb37b0be6a4acced94fb226909129e6c88800e673617203a18780e-failure,3205,h2_vqe,noisy_sim,paper,same_backend_delay,cross_backend_context,,,B5,ibm_kyiv,ibm_sherbrooke,ibm_kyiv->ibm_sherbrooke,migrate:ibm_sherbrooke,migrate,1,1,1,0.0,1,1,0.0018999999999999998,0.0016,0.0105,0.018,0.0012,0.0095,0.017,0.0004000000000000002,0.0010000000000000009,0.0009999999999999974,0.0023999999999999985,1.0,1.0,0.12216666666666667,0.0,0.02216666666666666,0.1,0.0,1,9,3,2976,4,0,0.42857142857142855,4,4,-1.934479869263147,0.05718663583871364,0.36271255454705154,0.07397019557239506,0.25046852980843415,12,0.105,1,qubit_wise_commuting,7,8736,1248.0,1248,12,0,24,4,entangling_ry_rz_brickwork,1.0554526220034204,0.8461538461538461,0,0,0,0.0048836851398681436,0.02137674547110551,0.005573097999694755,0.0,104,4992,0.271038917
calibration,sha256:fa49e2907fcb37b0be6a4acced94fb226909129e6c88800e673617203a18780e,sha256:fa49e2907fcb37b0be6a4acced94fb226909129e6c88800e673617203a18780e-failure,3205,h2_vqe,noisy_sim,paper,same_backend_delay,same_backend_changed_context,,,B5,ibm_kyiv,ibm_kyiv,ibm_kyiv->ibm_kyiv,replay:ibm_kyiv,replay,1,1,1,4.0,0,1,0.007999999999999998,0.0016,0.0105,0.018,0.00224,0.0147,0.025199999999999997,0.0006399999999999997,0.004199999999999999,0.007199999999999998,0.012039999999999997,1.0,1.0,0.5333333333333333,0.44000000000000006,0.09333333333333331,0.0,0.0,0,9,3,2976,4,0,0.42857142857142855,4,4,-1.934479869263147,0.05718663583871364,0.36271255454705154,0.07397019557239506,0.25046852980843415,12,0.105,1,qubit_wise_commuting,7,8736,1248.0,1248,12,0,24,4,entangling_ry_rz_brickwork,1.0554526220034204,0.8461538461538461,0,0,0,0.01180981559709604,0.06418802546930426,0.015214308903159847,0.010680339335341849,104,4992,0.321723042
calibration,sha256:fb7c2a5b2713ee2cc979da438ae3f7c3d02883406d904b66180c189ff742604b,sha256:fb7c2a5b2713ee2cc979da438ae3f7c3d02883406d904b66180c189ff742604b-failure,3202,qaoa_maxcut,noisy_sim,paper,high_change,cross_backend_context,,,B5,ibm_kyiv,ibm_brisbane,ibm_kyiv->ibm_brisbane,migrate:ibm_brisbane,migrate,1,1,1,6.0,1,1,0.023860000000000006,0.0016,0.0105,0.018,0.00336,0.022400000000000003,0.038400000000000004,0.00176,0.011900000000000003,0.020400000000000005,0.03406000000000001,1.0,1.0,0.9283666666666667,0.55,0.2783666666666667,0.1,0.0,0,9,1,4032,0,0,1.0,4,4,-5.3167494888206095,1.3226390242737498,5.933182071298674,2.845374735559826,3.7284657297019232,4,0.12,1,qubit_wise_commuting,1,4032,4032.0,4032,4,0,10,6,qaoa_maxcut,5.612587539937337,0.10044642857142858,0,0,0,0.6406491267574106,0.2827139187774454,3.492077762447069,0.21658441434305864,40,16128,1.6402505
calibration,sha256:fb7c2a5b2713ee2cc979da438ae3f7c3d02883406d904b66180c189ff742604b,sha256:fb7c2a5b2713ee2cc979da438ae3f7c3d02883406d904b66180c189ff742604b-failure,3202,qaoa_maxcut,noisy_sim,paper,high_change,same_backend_changed_context,,,B5,ibm_kyiv,ibm_kyiv,ibm_kyiv->ibm_kyiv,replay:ibm_kyiv,replay,1,1,1,8.0,0,1,0.016,0.0016,0.0105,0.018,0.00288,0.0189,0.0324,0.00128,0.0084,0.0144,0.024079999999999997,1.0,1.0,0.7366666666666667,0.55,0.18666666666666665,0.0,0.0,0,9,1,4032,0,0,1.0,4,4,-5.3167494888206095,1.3226390242737498,5.933182071298674,2.845374735559826,3.7284657297019232,4,0.12,1,qubit_wise_commuting,1,4032,4032.0,4032,4,0,10,6,qaoa_maxcut,5.612587539937337,0.10044642857142858,0,0,0,0.4421969207339078,0.24360519121439622,2.9742415274632665,0.1599711725937354,40,16128,1.652421208
calibration,sha256:fdc140118a249a66024d00c1d8e07558e375103b8581483a68b5e99a7d9c8439,sha256:fdc140118a249a66024d00c1d8e07558e375103b8581483a68b5e99a7d9c8439-failure,3206,adapt_vqe,noisy_sim,paper,high_change,cross_backend_context,,,B6,ibm_kyiv,ibm_brisbane,ibm_kyiv->ibm_brisbane,migrate:ibm_brisbane,migrate,1,1,1,6.0,1,1,0.023860000000000006,0.0016,0.0105,0.018,0.00336,0.022400000000000003,0.038400000000000004,0.00176,0.011900000000000003,0.020400000000000005,0.03406000000000001,1.0,1.0,0.9283666666666667,0.55,0.2783666666666667,0.1,0.0,0,15,0,0,8,0,0.0,4,4,-7.454802991952262,0.0017328805256431323,0.08958551097808479,0.025821453548666884,0.07602590082128478,6,0.08,1,qubit_wise_commuting,8,8704,1088.0,1088,6,6,40,5,adapt_pauli_pool,0.6819574762582196,0.90625,0,0,0,0.006569659675419004,0.12884293248007178,0.0065562899389968446,0.0,56,4352,0.094657875
calibration,sha256:fdc140118a249a66024d00c1d8e07558e375103b8581483a68b5e99a7d9c8439,sha256:fdc140118a249a66024d00c1d8e07558e375103b8581483a68b5e99a7d9c8439-failure,3206,adapt_vqe,noisy_sim,paper,high_change,same_backend_changed_context,,,B6,ibm_kyiv,ibm_kyiv,ibm_kyiv->ibm_kyiv,replay:ibm_kyiv,replay,1,1,1,8.0,0,1,0.016,0.0016,0.0105,0.018,0.00288,0.0189,0.0324,0.00128,0.0084,0.0144,0.024079999999999997,1.0,1.0,0.7366666666666667,0.55,0.18666666666666665,0.0,0.0,0,15,0,0,8,0,0.0,4,4,-7.454802991952262,0.0017328805256431323,0.08958551097808479,0.025821453548666884,0.07602590082128478,6,0.08,1,qubit_wise_commuting,8,8704,1088.0,1088,6,6,40,5,adapt_pauli_pool,0.6819574762582196,0.90625,0,0,0,0.004682407863511706,0.11078308473505545,0.004771688837366027,0.0,56,4352,0.094566416
evaluation,sha256:013eff599cdfd264688a94adcbc301925de250edb03d128b4742da347febecf7,sha256:013eff599cdfd264688a94adcbc301925de250edb03d128b4742da347febecf7-failure,1305,h2_vqe,noisy_sim,paper,high_change,cross_backend_context,,,B5,ibm_kyiv,ibm_brisbane,ibm_kyiv->ibm_brisbane,migrate:ibm_brisbane,migrate,1,1,1,6.0,1,1,0.023860000000000006,0.0016,0.0105,0.018,0.00336,0.022400000000000003,0.038400000000000004,0.00176,0.011900000000000003,0.020400000000000005,0.03406000000000001,1.0,1.0,0.9283666666666667,0.55,0.2783666666666667,0.1,0.0,0,9,3,2976,4,0,0.42857142857142855,4,4,-1.9389832356474626,0.05326419659542614,0.3535458581319045,0.05556417303137002,0.3158419978161353,12,0.105,1,qubit_wise_commuting,7,8736,1248.0,1248,12,0,24,4,entangling_ry_rz_brickwork,0.9868764035210424,0.8605769230769231,0,0,0,0.03304456116403731,0.1285225526610646,0.041464430178890815,0.03013949548925665,104,4992,0.263123375
evaluation,sha256:013eff599cdfd264688a94adcbc301925de250edb03d128b4742da347febecf7,sha256:013eff599cdfd264688a94adcbc301925de250edb03d128b4742da347febecf7-failure,1305,h2_vqe,noisy_sim,paper,high_change,same_backend_changed_context,,,B5,ibm_kyiv,ibm_kyiv,ibm_kyiv->ibm_kyiv,replay:ibm_kyiv,replay,1,1,1,8.0,0,1,0.016,0.0016,0.0105,0.018,0.00288,0.0189,0.0324,0.00128,0.0084,0.0144,0.024079999999999997,1.0,1.0,0.7366666666666667,0.55,0.18666666666666665,0.0,0.0,0,9,3,2976,4,0,0.42857142857142855,4,4,-1.9389832356474626,0.05326419659542614,0.3535458581319045,0.05556417303137002,0.3158419978161353,12,0.105,1,qubit_wise_commuting,7,8736,1248.0,1248,12,0,24,4,entangling_ry_rz_brickwork,0.9868764035210424,0.8605769230769231,0,0,0,0.0237633891191793,0.09394147174780014,0.029638701911774284,0.021670227834019062,104,4992,0.261896459
evaluation,sha256:0167649167c2752aa96be0e3a93f7de228d2021e5509cbeb4bb7b56d04c12b7d,sha256:0167649167c2752aa96be0e3a93f7de228d2021e5509cbeb4bb7b56d04c12b7d-failure,1303,qaoa_maxcut,noisy_sim,paper,no_change,same_backend_no_change,,,B5,ibm_kyiv,ibm_kyiv,ibm_kyiv->ibm_kyiv,replay:ibm_kyiv,replay,1,1,1,0.0,0,1,0.0,0.0016,0.0105,0.018,0.0016,0.0105,0.018,0.0,0.0,0.0,0.0,1.0,1.0,0.0,0.0,0.0,0.0,0.0,1,9,1,4064,0,0,1.0,4,4,-4.279650049875489,0.4958021241988546,2.4839272058188193,1.0942757162422694,1.6079957732679242,4,0.12,1,qubit_wise_commuting,1,4064,4064.0,4064,4,0,10,6,qaoa_maxcut,5.3892860359487855,0.1375492125984252,1,1,1,0.0,0.0,0.0,0.0,0,0,1.611457167
evaluation,sha256:0272a9fc1870accef1f4efd42e2a9219d78495f143d886da3be34ec7fac66ffd,sha256:0272a9fc1870accef1f4efd42e2a9219d78495f143d886da3be34ec7fac66ffd-failure,1308,qaoa_maxcut,noisy_sim,paper,safe_change,same_backend_changed_context,,,B5,ibm_kyiv,ibm_kyiv,ibm_kyiv->ibm_kyiv,replay:ibm_kyiv,replay,1,1,1,0.1,0,1,0.00020000000000000017,0.0016,0.0105,0.018,0.001616,0.010605000000000002,0.018179999999999998,1.5999999999999955e-05,0.00010500000000000093,0.0001799999999999996,0.0003010000000000005,1.0,1.0,0.013333333333333336,0.011000000000000001,0.0023333333333333353,0.0,0.0,1,9,1,4096,0,0,1.0,4,4,-5.679790933656586,2.453092893359724,3.9121446714525323,1.3426342100261117,3.7636764769676923,4,0.12,1,qubit_wise_commuting,1,4096,4096.0,4096,4,0,10,6,qaoa_maxcut,5.711133319465052,0.08837890625,1,1,1,0.0016219898139064881,0.05130939329693592,0.003314085562100488,0.0019023299978311314,0,0,1.627482166
evaluation,sha256:04cce4f2fa358a238144bf08de30afaeaae5b7260247341837fee905ed63e5ab,sha256:04cce4f2fa358a238144bf08de30afaeaae5b7260247341837fee905ed63e5ab-failure,1302,qaoa_maxcut,noisy_sim,paper,high_change,cross_backend_context,,,B5,ibm_kyiv,ibm_brisbane,ibm_kyiv->ibm_brisbane,migrate:ibm_brisbane,migrate,1,1,1,6.0,1,1,0.023860000000000006,0.0016,0.0105,0.018,0.00336,0.022400000000000003,0.038400000000000004,0.00176,0.011900000000000003,0.020400000000000005,0.03406000000000001,1.0,1.0,0.9283666666666667,0.55,0.2783666666666667,0.1,0.0,0,9,1,4160,0,0,1.0,4,4,-5.345812495223006,2.36633350877245,2.280462151186871,0.9650396390350949,1.7035246798517634,4,0.12,1,qubit_wise_commuting,1,4160,4160.0,4160,4,0,10,6,qaoa_maxcut,5.4856044249201545,0.11490384615384615,0,0,0,1.6110522235730311,0.30992615201291585,0.9409321942853736,0.2950096761829899,40,16640,1.627239625
evaluation,sha256:04cce4f2fa358a238144bf08de30afaeaae5b7260247341837fee905ed63e5ab,sha256:04cce4f2fa358a238144bf08de30afaeaae5b7260247341837fee905ed63e5ab-failure,1302,qaoa_maxcut,noisy_sim,paper,high_change,same_backend_changed_context,,,B5,ibm_kyiv,ibm_kyiv,ibm_kyiv->ibm_kyiv,replay:ibm_kyiv,replay,1,1,1,8.0,0,1,0.016,0.0016,0.0105,0.018,0.00288,0.0189,0.0324,0.00128,0.0084,0.0144,0.024079999999999997,1.0,1.0,0.7366666666666667,0.55,0.18666666666666665,0.0,0.0,0,9,1,4160,0,0,1.0,4,4,-5.345812495223006,2.36633350877245,2.280462151186871,0.9650396390350949,1.7035246798517634,4,0.12,1,qubit_wise_commuting,1,4160,4160.0,4160,4,0,10,6,qaoa_maxcut,5.4856044249201545,0.11490384615384615,0,0,0,1.3559159804796002,0.2616880897984342,0.8602394083086744,0.21632569482386899,40,16640,1.930973792
evaluation,sha256:056f19148f332583335593a64625a0b03e89c1924a532f7b041f800682acb5c2,sha256:056f19148f332583335593a64625a0b03e89c1924a532f7b041f800682acb5c2-failure,1302,qaoa_maxcut,noisy_sim,paper,safe_change,same_backend_changed_context,,,B5,ibm_kyiv,ibm_kyiv,ibm_kyiv->ibm_kyiv,replay:ibm_kyiv,replay,1,1,1,0.1,0,1,0.00020000000000000017,0.0016,0.0105,0.018,0.001616,0.010605000000000002,0.018179999999999998,1.5999999999999955e-05,0.00010500000000000093,0.0001799999999999996,0.0003010000000000005,1.0,1.0,0.013333333333333336,0.011000000000000001,0.0023333333333333353,0.0,0.0,1,9,1,4160,0,0,1.0,4,4,-5.345812495223006,2.36633350877245,2.280462151186871,0.9650396390350949,1.7035246798517634,4,0.12,1,qubit_wise_commuting,1,4160,4160.0,4160,4,0,10,6,qaoa_maxcut,5.4856044249201545,0.11490384615384615,1,1,1,0.01424863450193925,0.01665813284911067,0.01265013349433013,0.002943755851171126,0,0,1.7072655
evaluation,sha256:0b1aabf18bf5a53f55ef177bbea1b28a05077475b9616b69150222d547af6953,sha256:0b1aabf18bf5a53f55ef177bbea1b28a05077475b9616b69150222d547af6953-failure,1302,h2_vqe,noisy_sim,paper,high_change,cross_backend_context,,,B5,ibm_kyiv,ibm_brisbane,ibm_kyiv->ibm_brisbane,migrate:ibm_brisbane,migrate,1,1,1,6.0,1,1,0.023860000000000006,0.0016,0.0105,0.018,0.00336,0.022400000000000003,0.038400000000000004,0.00176,0.011900000000000003,0.020400000000000005,0.03406000000000001,1.0,1.0,0.9283666666666667,0.55,0.2783666666666667,0.1,0.0,0,9,3,2976,4,0,0.42857142857142855,4,4,-2.0077954374337104,0.03722314626164325,0.2824404379980061,0.05406847515327488,0.2158358289939106,12,0.105,1,qubit_wise_commuting,7,8736,1248.0,1248,12,0,24,4,entangling_ry_rz_brickwork,0.8470896727335048,0.8798076923076923,0,0,0,0.03479291575389443,0.10657686755758174,0.03899124912596545,0.03302606664902319,104,4992,0.313122166
evaluation,sha256:0b1aabf18bf5a53f55ef177bbea1b28a05077475b9616b69150222d547af6953,sha256:0b1aabf18bf5a53f55ef177bbea1b28a05077475b9616b69150222d547af6953-failure,1302,h2_vqe,noisy_sim,paper,high_change,same_backend_changed_context,,,B5,ibm_kyiv,ibm_kyiv,ibm_kyiv->ibm_kyiv,replay:ibm_kyiv,replay,1,1,1,8.0,0,1,0.016,0.0016,0.0105,0.018,0.00288,0.0189,0.0324,0.00128,0.0084,0.0144,0.024079999999999997,1.0,1.0,0.7366666666666667,0.55,0.18666666666666665,0.0,0.0,0,9,3,2976,4,0,0.42857142857142855,4,4,-2.0077954374337104,0.03722314626164325,0.2824404379980061,0.05406847515327488,0.2158358289939106,12,0.105,1,qubit_wise_commuting,7,8736,1248.0,1248,12,0,24,4,entangling_ry_rz_brickwork,0.8470896727335048,0.8798076923076923,0,0,0,0.02500913801100113,0.08274062508923667,0.027862919268411262,0.023736298109488407,104,4992,0.271364083
evaluation,sha256:0c117fbc99f94b19d4c82ec3e6b1e02cf72aa0ce9c0639fae69eddd4b973b406,sha256:0c117fbc99f94b19d4c82ec3e6b1e02cf72aa0ce9c0639fae69eddd4b973b406-failure,1307,lih_vqe,noisy_sim,paper,safe_change,same_backend_changed_context,,,B5,ibm_kyiv,ibm_kyiv,ibm_kyiv->ibm_kyiv,replay:ibm_kyiv,replay,1,1,1,0.1,0,1,0.00020000000000000017,0.0016,0.0105,0.018,0.001616,0.010605000000000002,0.018179999999999998,1.5999999999999955e-05,0.00010500000000000093,0.0001799999999999996,0.0003010000000000005,1.0,1.0,0.013333333333333336,0.011000000000000001,0.0023333333333333353,0.0,0.0,1,9,4,4608,4,0,0.5,4,4,-7.647434454815396,0.06759590627979684,0.5483237819142738,0.06654797910696589,0.40366908508789756,20,0.085,1,qubit_wise_commuting,8,11264,1408.0,1408,20,0,40,5,entangling_ry_rz_brickwork,1.524117404633344,0.7890625,1,1,1,2.6725250762638098e-05,0.0028697773376825243,0.0007536304914237294,0.0,0,0,0.930710709
evaluation,sha256:0d0801d0ccad7ae371d02cae744e858b72384ad5f7c58d9ba0070a39e900fddb,sha256:0d0801d0ccad7ae371d02cae744e858b72384ad5f7c58d9ba0070a39e900fddb-failure,1308,lih_vqe,noisy_sim,paper,safe_change,same_backend_changed_context,,,B5,ibm_kyiv,ibm_kyiv,ibm_kyiv->ibm_kyiv,replay:ibm_kyiv,replay,1,1,1,0.1,0,1,0.00020000000000000017,0.0016,0.0105,0.018,0.001616,0.010605000000000002,0.018179999999999998,1.5999999999999955e-05,0.00010500000000000093,0.0001799999999999996,0.0003010000000000005,1.0,1.0,0.013333333333333336,0.011000000000000001,0.0023333333333333353,0.0,0.0,1,9,4,4608,4,0,0.5,4,4,-7.599339955817491,0.06462582327131283,0.5356149820937302,0.07327178019527351,0.3122317036720427,20,0.085,1,qubit_wise_commuting,8,11264,1408.0,1408,20,0,40,5,entangling_ry_rz_brickwork,1.666961707680178,0.7556818181818182,1,1,1,5.133972177873147e-05,0.06246919437900293,0.0007259330173820094,0.0,0,0,0.995254125
evaluation,sha256:0e1b9cd528acb445a225dc2360e124744d02a67035e94a8991d89c64dfc1bccf,sha256:0e1b9cd528acb445a225dc2360e124744d02a67035e94a8991d89c64dfc1bccf-failure,1305,lih_vqe,noisy_sim,paper,no_change,same_backend_no_change,,,B5,ibm_kyiv,ibm_kyiv,ibm_kyiv->ibm_kyiv,replay:ibm_kyiv,replay,1,1,1,0.0,0,1,0.0,0.0016,0.0105,0.018,0.0016,0.0105,0.018,0.0,0.0,0.0,0.0,1.0,1.0,0.0,0.0,0.0,0.0,0.0,1,9,4,5120,4,0,0.5,4,4,-7.6958934356481565,0.07598453363386781,0.5740134756452974,0.07175633335998613,0.4213288309127705,20,0.085,1,qubit_wise_commuting,8,12288,1536.0,1536,20,0,40,5,entangling_ry_rz_brickwork,1.6248589539928069,0.7630208333333334,1,1,1,0.0,0.0,0.0,0.0,0,0,0.95069925
evaluation,sha256:101d9627b67c94fc2ac7a68bc008a2eaaeaf7029f5e5f0b2e9c355c6130f65be,sha256:101d9627b67c94fc2ac7a68bc008a2eaaeaf7029f5e5f0b2e9c355c6130f65be-failure,1308,adapt_vqe,noisy_sim,paper,safe_change,same_backend_changed_context,,,B5,ibm_kyiv,ibm_kyiv,ibm_kyiv->ibm_kyiv,replay:ibm_kyiv,replay,1,1,1,0.1,0,1,0.00020000000000000017,0.0016,0.0105,0.018,0.001616,0.010605000000000002,0.018179999999999998,1.5999999999999955e-05,0.00010500000000000093,0.0001799999999999996,0.0003010000000000005,1.0,1.0,0.013333333333333336,0.011000000000000001,0.0023333333333333353,0.0,0.0,1,9,4,3328,4,0,0.5,4,4,-7.4516390790574745,0.0012306003919544395,0.0743980580626465,0.03576841703432581,0.04972070893694496,4,0.08,1,qubit_wise_commuting,8,8704,1088.0,1088,4,4,40,5,adapt_pauli_pool,0.638392964152954,0.9136029411764706,1,1,1,5.753219438719981e-05,0.0025156636282933267,4.654127022834063e-05,0.0,0,0,0.058908584
evaluation,sha256:1116f1b82d10f86b5f5f9ee39a1736586bec4ce3eff558a45aea55fbac86b6f6,sha256:1116f1b82d10f86b5f5f9ee39a1736586bec4ce3eff558a45aea55fbac86b6f6-failure,1305,lih_vqe,noisy_sim,paper,cross_backend,cross_backend_context,,,B5,ibm_kyiv,ibm_brisbane,ibm_kyiv->ibm_brisbane,migrate:ibm_brisbane,migrate,1,1,1,0.0,1,1,0.007,0.0016,0.0105,0.018,0.0021,0.014,0.024,0.0004999999999999998,0.0034999999999999996,0.006000000000000002,0.010000000000000002,1.0,1.0,0.18166666666666667,0.0,0.08166666666666667,0.1,0.0,0,9,4,5120,4,0,0.5,4,4,-7.6958934356481565,0.07598453363386781,0.5740134756452974,0.07175633335998613,0.4213288309127705,20,0.085,1,qubit_wise_commuting,8,12288,1536.0,1536,20,0,40,5,entangling_ry_rz_brickwork,1.6248589539928069,0.7630208333333334,0,0,0,0.0013954776672902014,0.04651861025690421,0.02281217241045115,0.0,168,6144,0.942998542
evaluation,sha256:1116f1b82d10f86b5f5f9ee39a1736586bec4ce3eff558a45aea55fbac86b6f6,sha256:1116f1b82d10f86b5f5f9ee39a1736586bec4ce3eff558a45aea55fbac86b6f6-failure,1305,lih_vqe,noisy_sim,paper,cross_backend,cross_backend_context,,,B5,ibm_kyiv,ibm_sherbrooke,ibm_kyiv->ibm_sherbrooke,migrate:ibm_sherbrooke,migrate,1,1,1,0.0,1,1,0.0018999999999999998,0.0016,0.0105,0.018,0.0012,0.0095,0.017,0.0004000000000000002,0.0010000000000000009,0.0009999999999999974,0.0023999999999999985,1.0,1.0,0.12216666666666667,0.0,0.02216666666666666,0.1,0.0,1,9,4,5120,4,0,0.5,4,4,-7.6958934356481565,0.07598453363386781,0.5740134756452974,0.07175633335998613,0.4213288309127705,20,0.085,1,qubit_wise_commuting,8,12288,1536.0,1536,20,0,40,5,entangling_ry_rz_brickwork,1.6248589539928069,0.7630208333333334,0,0,0,0.0007638069126816305,0.01401202807402021,0.01032219037544091,0.0009100831206980686,168,6144,0.927184458
evaluation,sha256:114319ecf4f2e197034fe2fd6ae16d49ef92bcf55c699eac6f5654b1d1e1e0b8,sha256:114319ecf4f2e197034fe2fd6ae16d49ef92bcf55c699eac6f5654b1d1e1e0b8-failure,1307,lih_vqe,noisy_sim,paper,cross_backend,cross_backend_context,,,B5,ibm_kyiv,ibm_brisbane,ibm_kyiv->ibm_brisbane,migrate:ibm_brisbane,migrate,1,1,1,0.0,1,1,0.007,0.0016,0.0105,0.018,0.0021,0.014,0.024,0.0004999999999999998,0.0034999999999999996,0.006000000000000002,0.010000000000000002,1.0,1.0,0.18166666666666667,0.0,0.08166666666666667,0.1,0.0,0,9,4,4608,4,0,0.5,4,4,-7.647434454815396,0.06759590627979684,0.5483237819142738,0.06654797910696589,0.40366908508789756,20,0.085,1,qubit_wise_commuting,8,11264,1408.0,1408,20,0,40,5,entangling_ry_rz_brickwork,1.524117404633344,0.7890625,0,0,0,0.0009043474465810775,0.043589937910791576,0.02433279930623161,0.0,168,5632,0.988014
evaluation,sha256:114319ecf4f2e197034fe2fd6ae16d49ef92bcf55c699eac6f5654b1d1e1e0b8,sha256:114319ecf4f2e197034fe2fd6ae16d49ef92bcf55c699eac6f5654b1d1e1e0b8-failure,1307,lih_vqe,noisy_sim,paper,cross_backend,cross_backend_context,,,B5,ibm_kyiv,ibm_sherbrooke,ibm_kyiv->ibm_sherbrooke,migrate:ibm_sherbrooke,migrate,1,1,1,0.0,1,1,0.0018999999999999998,0.0016,0.0105,0.018,0.0012,0.0095,0.017,0.0004000000000000002,0.0010000000000000009,0.0009999999999999974,0.0023999999999999985,1.0,1.0,0.12216666666666667,0.0,0.02216666666666666,0.1,0.0,1,9,4,4608,4,0,0.5,4,4,-7.647434454815396,0.06759590627979684,0.5483237819142738,0.06654797910696589,0.40366908508789756,20,0.085,1,qubit_wise_commuting,8,11264,1408.0,1408,20,0,40,5,entangling_ry_rz_brickwork,1.524117404633344,0.7890625,0,0,0,0.0003383311830544855,0.05394107046325678,0.011003549829698893,0.001936434266927023,168,5632,0.94002775
evaluation,sha256:13ff5074db5db9e288f696467a1526ea5ffb099bc3a9c525e2a1c0f41ce9a1cd,sha256:13ff5074db5db9e288f696467a1526ea5ffb099bc3a9c525e2a1c0f41ce9a1cd-failure,1304,h2_vqe,noisy_sim,paper,no_change,same_backend_no_change,,,B5,ibm_kyiv,ibm_kyiv,ibm_kyiv->ibm_kyiv,replay:ibm_kyiv,replay,1,1,1,0.0,0,1,0.0,0.0016,0.0105,0.018,0.0016,0.0105,0.018,0.0,0.0,0.0,0.0,1.0,1.0,0.0,0.0,0.0,0.0,0.0,1,9,3,2976,4,0,0.42857142857142855,4,4,-1.9687862211213425,0.04273409714050991,0.31549194751143816,0.049075458919626246,0.27654709079669715,12,0.105,1,qubit_wise_commuting,7,8736,1248.0,1248,12,0,24,4,entangling_ry_rz_brickwork,1.1026511670591925,0.8389423076923077,1,1,1,0.0,0.0,0.0,0.0,0,0,0.258695875
evaluation,sha256:15eeede987aa0d57066dd18a39d8970a3dbfa6ecfb57c838c97837a7f8738ef2,sha256:15eeede987aa0d57066dd18a39d8970a3dbfa6ecfb57c838c97837a7f8738ef2-failure,1306,qaoa_maxcut,noisy_sim,paper,no_change,same_backend_no_change,,,B5,ibm_kyiv,ibm_kyiv,ibm_kyiv->ibm_kyiv,replay:ibm_kyiv,replay,1,1,1,0.0,0,1,0.0,0.0016,0.0105,0.018,0.0016,0.0105,0.018,0.0,0.0,0.0,0.0,1.0,1.0,0.0,0.0,0.0,0.0,0.0,1,9,1,4160,0,0,1.0,4,4,-5.928142888081208,2.544203874086161,5.913345921750141,2.610995737591621,4.082548118781412,4,0.12,1,qubit_wise_commuting,1,4160,4160.0,4160,4,0,10,6,qaoa_maxcut,5.512625221458563,0.07067307692307692,1,1,1,0.0,0.0,0.0,0.0,0,0,1.672367708
evaluation,sha256:165293c4962cb2bf7b2130196de73f23725a1ea89d4fffacdca8aa3b7504df05,sha256:165293c4962cb2bf7b2130196de73f23725a1ea89d4fffacdca8aa3b7504df05-failure,1302,adapt_vqe,noisy_sim,paper,cross_backend,cross_backend_context,,,B5,ibm_kyiv,ibm_brisbane,ibm_kyiv->ibm_brisbane,migrate:ibm_brisbane,migrate,1,1,1,0.0,1,1,0.007,0.0016,0.0105,0.018,0.0021,0.014,0.024,0.0004999999999999998,0.0034999999999999996,0.006000000000000002,0.010000000000000002,1.0,1.0,0.18166666666666667,0.0,0.08166666666666667,0.1,0.0,0,9,4,3328,4,0,0.5,4,4,-7.4821613707887,0.00964099703012522,0.23492493094688183,0.11121919432981957,0.17415047862094665,4,0.08,1,qubit_wise_commuting,8,8704,1088.0,1088,4,4,40,5,adapt_pauli_pool,0.8685446080858279,0.8740808823529411,0,0,0,0.0017917883960834047,0.03552616639289058,0.0016351430447326763,0.0,40,4352,0.061778167
evaluation,sha256:165293c4962cb2bf7b2130196de73f23725a1ea89d4fffacdca8aa3b7504df05,sha256:165293c4962cb2bf7b2130196de73f23725a1ea89d4fffacdca8aa3b7504df05-failure,1302,adapt_vqe,noisy_sim,paper,cross_backend,cross_backend_context,,,B5,ibm_kyiv,ibm_sherbrooke,ibm_kyiv->ibm_sherbrooke,migrate:ibm_sherbrooke,migrate,1,1,1,0.0,1,1,0.0018999999999999998,0.0016,0.0105,0.018,0.0012,0.0095,0.017,0.0004000000000000002,0.0010000000000000009,0.0009999999999999974,0.0023999999999999985,1.0,1.0,0.12216666666666667,0.0,0.02216666666666666,0.1,0.0,1,9,4,3328,4,0,0.5,4,4,-7.4821613707887,0.00964099703012522,0.23492493094688183,0.11121919432981957,0.17415047862094665,4,0.08,1,qubit_wise_commuting,8,8704,1088.0,1088,4,4,40,5,adapt_pauli_pool,0.8685446080858279,0.8740808823529411,0,0,0,0.000597617519396465,0.02204982342195971,0.0013094582474260646,0.0006323111645949453,40,4352,0.060422084
evaluation,sha256:165be9d4d59d2624e68a18ef952fe9a4c9260e5ba79c1ec6458cafcc5267e295,sha256:165be9d4d59d2624e68a18ef952fe9a4c9260e5ba79c1ec6458cafcc5267e295-failure,1304,adapt_vqe,noisy_sim,paper,no_change,same_backend_no_change,,,B5,ibm_kyiv,ibm_kyiv,ibm_kyiv->ibm_kyiv,replay:ibm_kyiv,replay,1,1,1,0.0,0,1,0.0,0.0016,0.0105,0.018,0.0016,0.0105,0.018,0.0,0.0,0.0,0.0,1.0,1.0,0.0,0.0,0.0,0.0,0.0,1,9,4,3328,4,0,0.5,4,4,-7.447058395127221,0.001243528180109088,0.07173272585443916,0.02518051845571042,0.06770797497989516,4,0.08,1,qubit_wise_commuting,8,8704,1088.0,1088,4,4,40,5,adapt_pauli_pool,0.6047423667382925,0.9200367647058824,1,1,1,0.0,0.0,0.0,0.0,0,0,0.058120167
evaluation,sha256:1819d875eea7a3db14a83e14392931ac40838c980c871c2f087a325a9e5177a3,sha256:1819d875eea7a3db14a83e14392931ac40838c980c871c2f087a325a9e5177a3-failure,1308,adapt_vqe,noisy_sim,paper,no_change,same_backend_no_change,,,B5,ibm_kyiv,ibm_kyiv,ibm_kyiv->ibm_kyiv,replay:ibm_kyiv,replay,1,1,1,0.0,0,1,0.0,0.0016,0.0105,0.018,0.0016,0.0105,0.018,0.0,0.0,0.0,0.0,1.0,1.0,0.0,0.0,0.0,0.0,0.0,1,9,4,3328,4,0,0.5,4,4,-7.4516390790574745,0.0012306003919544395,0.0743980580626465,0.03576841703432581,0.04972070893694496,4,0.08,1,qubit_wise_commuting,8,8704,1088.0,1088,4,4,40,5,adapt_pauli_pool,0.638392964152954,0.9136029411764706,1,1,1,0.0,0.0,0.0,0.0,0,0,0.05859175
evaluation,sha256:1e15a0c42edc77e7a77ebdabe0dbdc9ae81fc8acd495e007a48ecf9d68f670a0,sha256:1e15a0c42edc77e7a77ebdabe0dbdc9ae81fc8acd495e007a48ecf9d68f670a0-failure,1304,lih_vqe,noisy_sim,paper,no_change,same_backend_no_change,,,B5,ibm_kyiv,ibm_kyiv,ibm_kyiv->ibm_kyiv,replay:ibm_kyiv,replay,1,1,1,0.0,0,1,0.0,0.0016,0.0105,0.018,0.0016,0.0105,0.018,0.0,0.0,0.0,0.0,1.0,1.0,0.0,0.0,0.0,0.0,0.0,1,9,4,4480,4,0,0.5,4,4,-7.743039730654524,0.0933411023300188,0.645971054546884,0.07640187692911896,0.44739437490562356,20,0.085,1,qubit_wise_commuting,8,11008,1376.0,1376,20,0,40,5,entangling_ry_rz_brickwork,1.5191021331446422,0.7776162790697675,1,1,1,0.0,0.0,0.0,0.0,0,0,0.935343958
evaluation,sha256:1edef97de233685a463dda3d683b9cab35ffdad99d3105d4b42e75e21eb14053,sha256:1edef97de233685a463dda3d683b9cab35ffdad99d3105d4b42e75e21eb14053-failure,1301,h2_vqe,noisy_sim,paper,no_change,same_backend_no_change,,,B5,ibm_kyiv,ibm_kyiv,ibm_kyiv->ibm_kyiv,replay:ibm_kyiv,replay,1,1,1,0.0,0,1,0.0,0.0016,0.0105,0.018,0.0016,0.0105,0.018,0.0,0.0,0.0,0.0,1.0,1.0,0.0,0.0,0.0,0.0,0.0,1,9,3,2976,4,0,0.42857142857142855,4,4,-2.022018378809608,0.028751831583225806,0.24750014780991553,0.047243351157137216,0.18593620724648555,12,0.105,1,qubit_wise_commuting,7,8736,1248.0,1248,12,0,24,4,entangling_ry_rz_brickwork,1.0362079836341518,0.8469551282051282,1,1,1,0.0,0.0,0.0,0.0,0,0,0.259376875
evaluation,sha256:216228d39c8fb9c0fb6f1d20c6cc5cc1419b0c4313a2ec4ba10ed9f26db433a7,sha256:216228d39c8fb9c0fb6f1d20c6cc5cc1419b0c4313a2ec4ba10ed9f26db433a7-failure,1306,h2_vqe,noisy_sim,paper,same_backend_delay,cross_backend_context,,,B5,ibm_kyiv,ibm_sherbrooke,ibm_kyiv->ibm_sherbrooke,migrate:ibm_sherbrooke,migrate,1,1,1,0.0,1,1,0.0018999999999999998,0.0016,0.0105,0.018,0.0012,0.0095,0.017,0.0004000000000000002,0.0010000000000000009,0.0009999999999999974,0.0023999999999999985,1.0,1.0,0.12216666666666667,0.0,0.02216666666666666,0.1,0.0,1,9,3,2976,4,0,0.42857142857142855,4,4,-2.006964474572243,0.047379098732959646,0.3212557229081393,0.06452164230357092,0.2390018517460519,12,0.105,1,qubit_wise_commuting,7,8736,1248.0,1248,12,0,24,4,entangling_ry_rz_brickwork,0.9545011429921322,0.8549679487179487,0,0,0,0.005160537194692338,0.011171727166196601,0.005109836522713957,0.0,104,4992,0.260682709
evaluation,sha256:216228d39c8fb9c0fb6f1d20c6cc5cc1419b0c4313a2ec4ba10ed9f26db433a7,sha256:216228d39c8fb9c0fb6f1d20c6cc5cc1419b0c4313a2ec4ba10ed9f26db433a7-failure,1306,h2_vqe,noisy_sim,paper,same_backend_delay,same_backend_changed_context,,,B5,ibm_kyiv,ibm_kyiv,ibm_kyiv->ibm_kyiv,replay:ibm_kyiv,replay,1,1,1,4.0,0,1,0.007999999999999998,0.0016,0.0105,0.018,0.00224,0.0147,0.025199999999999997,0.0006399999999999997,0.004199999999999999,0.007199999999999998,0.012039999999999997,1.0,1.0,0.5333333333333333,0.44000000000000006,0.09333333333333331,0.0,0.0,0,9,3,2976,4,0,0.42857142857142855,4,4,-2.006964474572243,0.047379098732959646,0.3212557229081393,0.06452164230357092,0.2390018517460519,12,0.105,1,qubit_wise_commuting,7,8736,1248.0,1248,12,0,24,4,entangling_ry_rz_brickwork,0.9545011429921322,0.8549679487179487,0,0,0,0.012599793152743288,0.06658132387469619,0.013800248686826716,0.011781595779335685,104,4992,0.259970417
evaluation,sha256:2488bf70f932db81f9b6cb995f4a24c750a9ca3f40be66d5b5a252f739088b11,sha256:2488bf70f932db81f9b6cb995f4a24c750a9ca3f40be66d5b5a252f739088b11-failure,1305,adapt_vqe,noisy_sim,paper,no_change,same_backend_no_change,,,B5,ibm_kyiv,ibm_kyiv,ibm_kyiv->ibm_kyiv,replay:ibm_kyiv,replay,1,1,1,0.0,0,1,0.0,0.0016,0.0105,0.018,0.0016,0.0105,0.018,0.0,0.0,0.0,0.0,1.0,1.0,0.0,0.0,0.0,0.0,0.0,1,9,4,3328,4,0,0.5,4,4,-7.488096170134539,0.014072310731919835,0.2807873134790643,0.1218794643937334,0.21498354785672982,4,0.08,1,qubit_wise_commuting,8,8704,1088.0,1088,4,4,40,5,adapt_pauli_pool,0.9519353200054611,0.8566176470588235,1,1,1,0.0,0.0,0.0,0.0,0,0,0.059995125
evaluation,sha256:256b30491e287778ccbe3680230e6ba271ee668b1441db642afa4fb8afe7c9d2,sha256:256b30491e287778ccbe3680230e6ba271ee668b1441db642afa4fb8afe7c9d2-failure,1303,h2_vqe,noisy_sim,paper,same_backend_delay,cross_backend_context,,,B5,ibm_kyiv,ibm_sherbrooke,ibm_kyiv->ibm_sherbrooke,migrate:ibm_sherbrooke,migrate,1,1,1,0.0,1,1,0.0018999999999999998,0.0016,0.0105,0.018,0.0012,0.0095,0.017,0.0004000000000000002,0.0010000000000000009,0.0009999999999999974,0.0023999999999999985,1.0,1.0,0.12216666666666667,0.0,0.02216666666666666,0.1,0.0,1,9,3,2976,4,0,0.42857142857142855,4,4,-2.018755288573649,0.017246632024518593,0.20124753879675802,0.036071952967378744,0.1704046082322503,12,0.105,1,qubit_wise_commuting,7,8736,1248.0,1248,12,0,24,4,entangling_ry_rz_brickwork,1.1295813754291744,0.8277243589743589,0,0,0,0.005154995753579694,0.04301405087541627,0.004861922055345792,0.0,104,4992,0.273771084
evaluation,sha256:256b30491e287778ccbe3680230e6ba271ee668b1441db642afa4fb8afe7c9d2,sha256:256b30491e287778ccbe3680230e6ba271ee668b1441db642afa4fb8afe7c9d2-failure,1303,h2_vqe,noisy_sim,paper,same_backend_delay,same_backend_changed_context,,,B5,ibm_kyiv,ibm_kyiv,ibm_kyiv->ibm_kyiv,replay:ibm_kyiv,replay,1,1,1,4.0,0,1,0.007999999999999998,0.0016,0.0105,0.018,0.00224,0.0147,0.025199999999999997,0.0006399999999999997,0.004199999999999999,0.007199999999999998,0.012039999999999997,1.0,1.0,0.5333333333333333,0.44000000000000006,0.09333333333333331,0.0,0.0,0,9,3,2976,4,0,0.42857142857142855,4,4,-2.018755288573649,0.017246632024518593,0.20124753879675802,0.036071952967378744,0.1704046082322503,12,0.105,1,qubit_wise_commuting,7,8736,1248.0,1248,12,0,24,4,entangling_ry_rz_brickwork,1.1295813754291744,0.8277243589743589,0,0,0,0.012540739084259123,0.03073432862788968,0.013533997056811919,0.012255314230027903,104,4992,0.28808575
evaluation,sha256:278c9402e559001be2a1ba4ea567d02480761476752621ba2cd9b46ba37d6559,sha256:278c9402e559001be2a1ba4ea567d02480761476752621ba2cd9b46ba37d6559-failure,1303,h2_vqe,noisy_sim,paper,no_change,same_backend_no_change,,,B5,ibm_kyiv,ibm_kyiv,ibm_kyiv->ibm_kyiv,replay:ibm_kyiv,replay,1,1,1,0.0,0,1,0.0,0.0016,0.0105,0.018,0.0016,0.0105,0.018,0.0,0.0,0.0,0.0,1.0,1.0,0.0,0.0,0.0,0.0,0.0,1,9,3,2976,4,0,0.42857142857142855,4,4,-2.018755288573649,0.017246632024518593,0.20124753879675802,0.036071952967378744,0.1704046082322503,12,0.105,1,qubit_wise_commuting,7,8736,1248.0,1248,12,0,24,4,entangling_ry_rz_brickwork,1.1295813754291744,0.8277243589743589,1,1,1,0.0,0.0,0.0,0.0,0,0,0.259775291
evaluation,sha256:2802c5030f17ecefb2a3f5fc67155c49fc2352e543be0f8deb6d6b3b3f046bc2,sha256:2802c5030f17ecefb2a3f5fc67155c49fc2352e543be0f8deb6d6b3b3f046bc2-failure,1305,qaoa_maxcut,noisy_sim,paper,no_change,same_backend_no_change,,,B5,ibm_kyiv,ibm_kyiv,ibm_kyiv->ibm_kyiv,replay:ibm_kyiv,replay,1,1,1,0.0,0,1,0.0,0.0016,0.0105,0.018,0.0016,0.0105,0.018,0.0,0.0,0.0,0.0,1.0,1.0,0.0,0.0,0.0,0.0,0.0,1,9,1,4096,0,0,1.0,4,4,-6.865963036703643,3.3265847376036497,8.033356459551316,3.051364340927222,6.627292141289567,4,0.12,1,qubit_wise_commuting,1,4096,4096.0,4096,4,0,10,6,qaoa_maxcut,5.570054055497644,0.09423828125,1,1,1,0.0,0.0,0.0,0.0,0,0,1.633946167
evaluation,sha256:29b435497db94b2fe1e59d0507dceb0c6765f1ae03c120913f48aa8af590ccec,sha256:29b435497db94b2fe1e59d0507dceb0c6765f1ae03c120913f48aa8af590ccec-failure,1302,qaoa_maxcut,noisy_sim,paper,no_change,same_backend_no_change,,,B5,ibm_kyiv,ibm_kyiv,ibm_kyiv->ibm_kyiv,replay:ibm_kyiv,replay,1,1,1,0.0,0,1,0.0,0.0016,0.0105,0.018,0.0016,0.0105,0.018,0.0,0.0,0.0,0.0,1.0,1.0,0.0,0.0,0.0,0.0,0.0,1,9,1,4160,0,0,1.0,4,4,-5.345812495223006,2.36633350877245,2.280462151186871,0.9650396390350949,1.7035246798517634,4,0.12,1,qubit_wise_commuting,1,4160,4160.0,4160,4,0,10,6,qaoa_maxcut,5.4856044249201545,0.11490384615384615,1,1,1,0.0,0.0,0.0,0.0,0,0,1.610456792
evaluation,sha256:2a44db608a919b3e77f41d1534b7fe15017081345c023823cd10e24d1c2753e1,sha256:2a44db608a919b3e77f41d1534b7fe15017081345c023823cd10e24d1c2753e1-failure,1308,h2_vqe,noisy_sim,paper,high_change,cross_backend_context,,,B5,ibm_kyiv,ibm_brisbane,ibm_kyiv->ibm_brisbane,migrate:ibm_brisbane,migrate,1,1,1,6.0,1,1,0.023860000000000006,0.0016,0.0105,0.018,0.00336,0.022400000000000003,0.038400000000000004,0.00176,0.011900000000000003,0.020400000000000005,0.03406000000000001,1.0,1.0,0.9283666666666667,0.55,0.2783666666666667,0.1,0.0,0,9,3,2976,4,0,0.42857142857142855,4,4,-1.9827032662176511,0.02867834068431141,0.25729677692926733,0.04684902865676507,0.2082072907828852,12,0.105,1,qubit_wise_commuting,7,8736,1248.0,1248,12,0,24,4,entangling_ry_rz_brickwork,1.1806431316883081,0.8149038461538461,0,0,0,0.033963449917632005,0.08921577116919832,0.03968602420938269,0.032616000189537475,104,4992,0.261514292
evaluation,sha256:2a44db608a919b3e77f41d1534b7fe15017081345c023823cd10e24d1c2753e1,sha256:2a44db608a919b3e77f41d1534b7fe15017081345c023823cd10e24d1c2753e1-failure,1308,h2_vqe,noisy_sim,paper,high_change,same_backend_changed_context,,,B5,ibm_kyiv,ibm_kyiv,ibm_kyiv->ibm_kyiv,replay:ibm_kyiv,replay,1,1,1,8.0,0,1,0.016,0.0016,0.0105,0.018,0.00288,0.0189,0.0324,0.00128,0.0084,0.0144,0.024079999999999997,1.0,1.0,0.7366666666666667,0.55,0.18666666666666665,0.0,0.0,0,9,3,2976,4,0,0.42857142857142855,4,4,-1.9827032662176511,0.02867834068431141,0.25729677692926733,0.04684902865676507,0.2082072907828852,12,0.105,1,qubit_wise_commuting,7,8736,1248.0,1248,12,0,24,4,entangling_ry_rz_brickwork,1.1806431316883081,0.8149038461538461,0,0,0,0.024417546275212976,0.06786374176482726,0.028367909377223693,0.023447475872834245,104,4992,0.259594125
evaluation,sha256:2e3c7a1c36b10e94b09628f4ee8ac15532ac4b20e0838cc459f154f47e5dbc57,sha256:2e3c7a1c36b10e94b09628f4ee8ac15532ac4b20e0838cc459f154f47e5dbc57-failure,1307,lih_vqe,noisy_sim,paper,high_change,cross_backend_context,,,B5,ibm_kyiv,ibm_brisbane,ibm_kyiv->ibm_brisbane,migrate:ibm_brisbane,migrate,1,1,1,6.0,1,1,0.023860000000000006,0.0016,0.0105,0.018,0.00336,0.022400000000000003,0.038400000000000004,0.00176,0.011900000000000003,0.020400000000000005,0.03406000000000001,1.0,1.0,0.9283666666666667,0.55,0.2783666666666667,0.1,0.0,0,9,4,4608,4,0,0.5,4,4,-7.647434454815396,0.06759590627979684,0.5483237819142738,0.06654797910696589,0.40366908508789756,20,0.085,1,qubit_wise_commuting,8,11264,1408.0,1408,20,0,40,5,entangling_ry_rz_brickwork,1.524117404633344,0.7890625,0,0,0,0.0035109438316638375,0.1362961182040459,0.08124512614428928,0.0,168,5632,0.95119625
evaluation,sha256:2e3c7a1c36b10e94b09628f4ee8ac15532ac4b20e0838cc459f154f47e5dbc57,sha256:2e3c7a1c36b10e94b09628f4ee8ac15532ac4b20e0838cc459f154f47e5dbc57-failure,1307,lih_vqe,noisy_sim,paper,high_change,same_backend_changed_context,,,B5,ibm_kyiv,ibm_kyiv,ibm_kyiv->ibm_kyiv,replay:ibm_kyiv,replay,1,1,1,8.0,0,1,0.016,0.0016,0.0105,0.018,0.00288,0.0189,0.0324,0.00128,0.0084,0.0144,0.024079999999999997,1.0,1.0,0.7366666666666667,0.55,0.18666666666666665,0.0,0.0,0,9,4,4608,4,0,0.5,4,4,-7.647434454815396,0.06759590627979684,0.5483237819142738,0.06654797910696589,0.40366908508789756,20,0.085,1,qubit_wise_commuting,8,11264,1408.0,1408,20,0,40,5,entangling_ry_rz_brickwork,1.524117404633344,0.7890625,0,0,0,0.0024123552521473357,0.10227823136340115,0.05857620332849521,0.0,168,5632,0.939613417
evaluation,sha256:2f27de67ae51f5c16e7dc097bcf469b77b408362eb03016d2b70cf66541a0edc,sha256:2f27de67ae51f5c16e7dc097bcf469b77b408362eb03016d2b70cf66541a0edc-failure,1303,h2_vqe,noisy_sim,paper,safe_change,same_backend_changed_context,,,B5,ibm_kyiv,ibm_kyiv,ibm_kyiv->ibm_kyiv,replay:ibm_kyiv,replay,1,1,1,0.1,0,1,0.00020000000000000017,0.0016,0.0105,0.018,0.001616,0.010605000000000002,0.018179999999999998,1.5999999999999955e-05,0.00010500000000000093,0.0001799999999999996,0.0003010000000000005,1.0,1.0,0.013333333333333336,0.011000000000000001,0.0023333333333333353,0.0,0.0,1,9,3,2976,4,0,0.42857142857142855,4,4,-2.018755288573649,0.017246632024518593,0.20124753879675802,0.036071952967378744,0.1704046082322503,12,0.105,1,qubit_wise_commuting,7,8736,1248.0,1248,12,0,24,4,entangling_ry_rz_brickwork,1.1295813754291744,0.8277243589743589,1,1,1,0.0003158936148657254,0.0021677359287568827,0.0003398529596884182,0.00030866784680627646,0,0,0.259833333
evaluation,sha256:311bfffb7a676254866dc128c7db034ce444932f13242bd8a57ee3c06ddcb126,sha256:311bfffb7a676254866dc128c7db034ce444932f13242bd8a57ee3c06ddcb126-failure,1302,lih_vqe,noisy_sim,paper,high_change,cross_backend_context,,,B5,ibm_kyiv,ibm_brisbane,ibm_kyiv->ibm_brisbane,migrate:ibm_brisbane,migrate,1,1,1,6.0,1,1,0.023860000000000006,0.0016,0.0105,0.018,0.00336,0.022400000000000003,0.038400000000000004,0.00176,0.011900000000000003,0.020400000000000005,0.03406000000000001,1.0,1.0,0.9283666666666667,0.55,0.2783666666666667,0.1,0.0,0,9,4,4480,4,0,0.5,4,4,-7.636379931705408,0.057675003767389654,0.5122793641359737,0.06686400041367137,0.3685427717615634,20,0.085,1,qubit_wise_commuting,8,11008,1376.0,1376,20,0,40,5,entangling_ry_rz_brickwork,1.8099224490038899,0.7354651162790697,0,0,0,0.006713331185878246,0.12800618393504176,0.07802281995377697,0.0,168,5504,0.960687209
evaluation,sha256:311bfffb7a676254866dc128c7db034ce444932f13242bd8a57ee3c06ddcb126,sha256:311bfffb7a676254866dc128c7db034ce444932f13242bd8a57ee3c06ddcb126-failure,1302,lih_vqe,noisy_sim,paper,high_change,same_backend_changed_context,,,B5,ibm_kyiv,ibm_kyiv,ibm_kyiv->ibm_kyiv,replay:ibm_kyiv,replay,1,1,1,8.0,0,1,0.016,0.0016,0.0105,0.018,0.00288,0.0189,0.0324,0.00128,0.0084,0.0144,0.024079999999999997,1.0,1.0,0.7366666666666667,0.55,0.18666666666666665,0.0,0.0,0,9,4,4480,4,0,0.5,4,4,-7.636379931705408,0.057675003767389654,0.5122793641359737,0.06686400041367137,0.3685427717615634,20,0.085,1,qubit_wise_commuting,8,11008,1376.0,1376,20,0,40,5,entangling_ry_rz_brickwork,1.8099224490038899,0.7354651162790697,0,0,0,0.004730920693519991,0.08490045618960604,0.05623771703638174,0.0,168,5504,1.050148167
evaluation,sha256:32e58e3d7cb3d15bb084363dd7dc1c19b92fba2ec94c7b2f16ef5486b88b6d0a,sha256:32e58e3d7cb3d15bb084363dd7dc1c19b92fba2ec94c7b2f16ef5486b88b6d0a-failure,1301,adapt_vqe,noisy_sim,paper,safe_change,same_backend_changed_context,,,B5,ibm_kyiv,ibm_kyiv,ibm_kyiv->ibm_kyiv,replay:ibm_kyiv,replay,1,1,1,0.1,0,1,0.00020000000000000017,0.0016,0.0105,0.018,0.001616,0.010605000000000002,0.018179999999999998,1.5999999999999955e-05,0.00010500000000000093,0.0001799999999999996,0.0003010000000000005,1.0,1.0,0.013333333333333336,0.011000000000000001,0.0023333333333333353,0.0,0.0,1,9,4,3328,4,0,0.5,4,4,-7.455666326214058,0.001466252130540191,0.0803899033653419,0.033902570237476226,0.062221330509358734,4,0.08,1,qubit_wise_commuting,8,8704,1088.0,1088,4,4,40,5,adapt_pauli_pool,0.7072665368026616,0.9016544117647058,1,1,1,5.732705985472819e-05,0.0024512970789237793,4.6532608993421055e-05,0.0,0,0,0.058192541
evaluation,sha256:3a58341a14ecd096f9c085654c4628caddd5541997c823cf796c9e2151f1aa8e,sha256:3a58341a14ecd096f9c085654c4628caddd5541997c823cf796c9e2151f1aa8e-failure,1303,lih_vqe,noisy_sim,paper,safe_change,same_backend_changed_context,,,B5,ibm_kyiv,ibm_kyiv,ibm_kyiv->ibm_kyiv,replay:ibm_kyiv,replay,1,1,1,0.1,0,1,0.00020000000000000017,0.0016,0.0105,0.018,0.001616,0.010605000000000002,0.018179999999999998,1.5999999999999955e-05,0.00010500000000000093,0.0001799999999999996,0.0003010000000000005,1.0,1.0,0.013333333333333336,0.011000000000000001,0.0023333333333333353,0.0,0.0,1,9,4,4480,4,0,0.5,4,4,-7.617926519454549,0.0702913266397589,0.5530268528175069,0.05933090064776268,0.40307915677673856,20,0.085,1,qubit_wise_commuting,8,11008,1376.0,1376,20,0,40,5,entangling_ry_rz_brickwork,1.2856105711413355,0.8241279069767442,1,1,1,4.696185080632631e-05,0.0367452003031128,0.00070858786027114,0.0,0,0,0.944507333
evaluation,sha256:3b231a3d9345790710fc35b3846c9c99e9c8501e7606c4baf093fb2dbac5ef72,sha256:3b231a3d9345790710fc35b3846c9c99e9c8501e7606c4baf093fb2dbac5ef72-failure,1302,h2_vqe,noisy_sim,paper,safe_change,same_backend_changed_context,,,B5,ibm_kyiv,ibm_kyiv,ibm_kyiv->ibm_kyiv,replay:ibm_kyiv,replay,1,1,1,0.1,0,1,0.00020000000000000017,0.0016,0.0105,0.018,0.001616,0.010605000000000002,0.018179999999999998,1.5999999999999955e-05,0.00010500000000000093,0.0001799999999999996,0.0003010000000000005,1.0,1.0,0.013333333333333336,0.011000000000000001,0.0023333333333333353,0.0,0.0,1,9,3,2976,4,0,0.42857142857142855,4,4,-2.0077954374337104,0.03722314626164325,0.2824404379980061,0.05406847515327488,0.2158358289939106,12,0.105,1,qubit_wise_commuting,7,8736,1248.0,1248,12,0,24,4,entangling_ry_rz_brickwork,0.8470896727335048,0.8798076923076923,1,1,1,0.0003174704417787666,0.0,0.0003507328721262873,0.00030112004924998104,0,0,0.261199583
evaluation,sha256:3c18fa3b7ecf2be5f3af4d228d1eff4ffb0676ba3c4e9f034db0bec60d9aa3b9,sha256:3c18fa3b7ecf2be5f3af4d228d1eff4ffb0676ba3c4e9f034db0bec60d9aa3b9-failure,1305,adapt_vqe,noisy_sim,paper,same_backend_delay,cross_backend_context,,,B5,ibm_kyiv,ibm_sherbrooke,ibm_kyiv->ibm_sherbrooke,migrate:ibm_sherbrooke,migrate,1,1,1,0.0,1,1,0.0018999999999999998,0.0016,0.0105,0.018,0.0012,0.0095,0.017,0.0004000000000000002,0.0010000000000000009,0.0009999999999999974,0.0023999999999999985,1.0,1.0,0.12216666666666667,0.0,0.02216666666666666,0.1,0.0,1,9,4,3328,4,0,0.5,4,4,-7.488096170134539,0.014072310731919835,0.2807873134790643,0.1218794643937334,0.21498354785672982,4,0.08,1,qubit_wise_commuting,8,8704,1088.0,1088,4,4,40,5,adapt_pauli_pool,0.9519353200054611,0.8566176470588235,0,0,0,0.000579750492147646,0.022485498640426108,0.0012462621412609885,0.0006266216150878634,40,4352,0.058010667
evaluation,sha256:3c18fa3b7ecf2be5f3af4d228d1eff4ffb0676ba3c4e9f034db0bec60d9aa3b9,sha256:3c18fa3b7ecf2be5f3af4d228d1eff4ffb0676ba3c4e9f034db0bec60d9aa3b9-failure,1305,adapt_vqe,noisy_sim,paper,same_backend_delay,same_backend_changed_context,,,B5,ibm_kyiv,ibm_kyiv,ibm_kyiv->ibm_kyiv,replay:ibm_kyiv,replay,1,1,1,4.0,0,1,0.007999999999999998,0.0016,0.0105,0.018,0.00224,0.0147,0.025199999999999997,0.0006399999999999997,0.004199999999999999,0.007199999999999998,0.012039999999999997,1.0,1.0,0.5333333333333333,0.44000000000000006,0.09333333333333331,0.0,0.0,0,9,4,3328,4,0,0.5,4,4,-7.488096170134539,0.014072310731919835,0.2807873134790643,0.1218794643937334,0.21498354785672982,4,0.08,1,qubit_wise_commuting,8,8704,1088.0,1088,4,4,40,5,adapt_pauli_pool,0.9519353200054611,0.8566176470588235,0,0,0,0.0021593014384420073,0.06244681035845505,0.0019917501063535983,0.0,40,4352,0.058385958
evaluation,sha256:3eacb1bd962b852b732d290ffc9c702377232be95daccd25a709321d660e43be,sha256:3eacb1bd962b852b732d290ffc9c702377232be95daccd25a709321d660e43be-failure,1307,qaoa_maxcut,noisy_sim,paper,no_change,same_backend_no_change,,,B5,ibm_kyiv,ibm_kyiv,ibm_kyiv->ibm_kyiv,replay:ibm_kyiv,replay,1,1,1,0.0,0,1,0.0,0.0016,0.0105,0.018,0.0016,0.0105,0.018,0.0,0.0,0.0,0.0,1.0,1.0,0.0,0.0,0.0,0.0,0.0,1,9,1,4160,0,0,1.0,4,4,-5.702642332240706,1.8415611902863156,6.50120243139268,1.941581832825813,6.441596207478502,4,0.12,1,qubit_wise_commuting,1,4160,4160.0,4160,4,0,10,6,qaoa_maxcut,5.966226568790981,0.028365384615384615,1,1,1,0.0,0.0,0.0,0.0,0,0,1.622692167
evaluation,sha256:40a5136faf04a23c353ca52767b428144f2a824e6d30bee59ca866f1241fea8f,sha256:40a5136faf04a23c353ca52767b428144f2a824e6d30bee59ca866f1241fea8f-failure,1307,qaoa_maxcut,noisy_sim,paper,high_change,cross_backend_context,,,B5,ibm_kyiv,ibm_brisbane,ibm_kyiv->ibm_brisbane,migrate:ibm_brisbane,migrate,1,1,1,6.0,1,1,0.023860000000000006,0.0016,0.0105,0.018,0.00336,0.022400000000000003,0.038400000000000004,0.00176,0.011900000000000003,0.020400000000000005,0.03406000000000001,1.0,1.0,0.9283666666666667,0.55,0.2783666666666667,0.1,0.0,0,9,1,4160,0,0,1.0,4,4,-5.702642332240706,1.8415611902863156,6.50120243139268,1.941581832825813,6.441596207478502,4,0.12,1,qubit_wise_commuting,1,4160,4160.0,4160,4,0,10,6,qaoa_maxcut,5.966226568790981,0.028365384615384615,0,0,0,2.320680192251448,0.3570026449789206,1.1538621419237887,0.05183328140758192,40,16640,1.61543525
evaluation,sha256:40a5136faf04a23c353ca52767b428144f2a824e6d30bee59ca866f1241fea8f,sha256:40a5136faf04a23c353ca52767b428144f2a824e6d30bee59ca866f1241fea8f-failure,1307,qaoa_maxcut,noisy_sim,paper,high_change,same_backend_changed_context,,,B5,ibm_kyiv,ibm_kyiv,ibm_kyiv->ibm_kyiv,replay:ibm_kyiv,replay,1,1,1,8.0,0,1,0.016,0.0016,0.0105,0.018,0.00288,0.0189,0.0324,0.00128,0.0084,0.0144,0.024079999999999997,1.0,1.0,0.7366666666666667,0.55,0.18666666666666665,0.0,0.0,0,9,1,4160,0,0,1.0,4,4,-5.702642332240706,1.8415611902863156,6.50120243139268,1.941581832825813,6.441596207478502,4,0.12,1,qubit_wise_commuting,1,4160,4160.0,4160,4,0,10,6,qaoa_maxcut,5.966226568790981,0.028365384615384615,0,0,0,2.0867128416393523,0.3415955732903679,2.04146617798409,0.03785657540100651,40,16640,1.611991542
evaluation,sha256:420803d1c95b076c2b5768241682a4e5a061db08f67ede5c86b222b2a9c4a213,sha256:420803d1c95b076c2b5768241682a4e5a061db08f67ede5c86b222b2a9c4a213-failure,1303,adapt_vqe,noisy_sim,paper,cross_backend,cross_backend_context,,,B5,ibm_kyiv,ibm_brisbane,ibm_kyiv->ibm_brisbane,migrate:ibm_brisbane,migrate,1,1,1,0.0,1,1,0.007,0.0016,0.0105,0.018,0.0021,0.014,0.024,0.0004999999999999998,0.0034999999999999996,0.006000000000000002,0.010000000000000002,1.0,1.0,0.18166666666666667,0.0,0.08166666666666667,0.1,0.0,0,9,4,3328,4,0,0.5,4,4,-7.469178085787579,0.0053157059487354275,0.17595056250831412,0.07989659416789666,0.14022946548062107,4,0.08,1,qubit_wise_commuting,8,8704,1088.0,1088,4,4,40,5,adapt_pauli_pool,0.8408114563379445,0.875,0,0,0,0.001827013402854405,0.041894214744550864,0.0017279461057815636,0.0,40,4352,0.058402125
evaluation,sha256:420803d1c95b076c2b5768241682a4e5a061db08f67ede5c86b222b2a9c4a213,sha256:420803d1c95b076c2b5768241682a4e5a061db08f67ede5c86b222b2a9c4a213-failure,1303,adapt_vqe,noisy_sim,paper,cross_backend,cross_backend_context,,,B5,ibm_kyiv,ibm_sherbrooke,ibm_kyiv->ibm_sherbrooke,migrate:ibm_sherbrooke,migrate,1,1,1,0.0,1,1,0.0018999999999999998,0.0016,0.0105,0.018,0.0012,0.0095,0.017,0.0004000000000000002,0.0010000000000000009,0.0009999999999999974,0.0023999999999999985,1.0,1.0,0.12216666666666667,0.0,0.02216666666666666,0.1,0.0,1,9,4,3328,4,0,0.5,4,4,-7.469178085787579,0.0053157059487354275,0.17595056250831412,0.07989659416789666,0.14022946548062107,4,0.08,1,qubit_wise_commuting,8,8704,1088.0,1088,4,4,40,5,adapt_pauli_pool,0.8408114563379445,0.875,0,0,0,0.0006258335737907572,0.05715731003782427,0.0013838544267762124,0.0006465745603305706,40,4352,0.059045625
evaluation,sha256:43c863e01ca7b7e0809128fa584e5c00824ba7e72bbc476f80b231884245c2af,sha256:43c863e01ca7b7e0809128fa584e5c00824ba7e72bbc476f80b231884245c2af-failure,1303,h2_vqe,noisy_sim,paper,cross_backend,cross_backend_context,,,B5,ibm_kyiv,ibm_brisbane,ibm_kyiv->ibm_brisbane,migrate:ibm_brisbane,migrate,1,1,1,0.0,1,1,0.007,0.0016,0.0105,0.018,0.0021,0.014,0.024,0.0004999999999999998,0.0034999999999999996,0.006000000000000002,0.010000000000000002,1.0,1.0,0.18166666666666667,0.0,0.08166666666666667,0.1,0.0,0,9,3,2976,4,0,0.42857142857142855,4,4,-2.018755288573649,0.017246632024518593,0.20124753879675802,0.036071952967378744,0.1704046082322503,12,0.105,1,qubit_wise_commuting,7,8736,1248.0,1248,12,0,24,4,entangling_ry_rz_brickwork,1.1295813754291744,0.8277243589743589,0,0,0,0.010201782366673573,0.041281521081416556,0.011073341674310695,0.009967622347464733,104,4992,0.258829083
evaluation,sha256:43c863e01ca7b7e0809128fa584e5c00824ba7e72bbc476f80b231884245c2af,sha256:43c863e01ca7b7e0809128fa584e5c00824ba7e72bbc476f80b231884245c2af-failure,1303,h2_vqe,noisy_sim,paper,cross_backend,cross_backend_context,,,B5,ibm_kyiv,ibm_sherbrooke,ibm_kyiv->ibm_sherbrooke,migrate:ibm_sherbrooke,migrate,1,1,1,0.0,1,1,0.0018999999999999998,0.0016,0.0105,0.018,0.0012,0.0095,0.017,0.0004000000000000002,0.0010000000000000009,0.0009999999999999974,0.0023999999999999985,1.0,1.0,0.12216666666666667,0.0,0.02216666666666666,0.1,0.0,1,9,3,2976,4,0,0.42857142857142855,4,4,-2.018755288573649,0.017246632024518593,0.20124753879675802,0.036071952967378744,0.1704046082322503,12,0.105,1,qubit_wise_commuting,7,8736,1248.0,1248,12,0,24,4,entangling_ry_rz_brickwork,1.1295813754291744,0.8277243589743589,0,0,0,0.005154995753579694,0.04301405087541627,0.004861922055345792,0.0,104,4992,0.258503792
evaluation,sha256:463362497d22bff65bfd1a61e53a0679a8012450d742089ce3a7563c2be80aaa,sha256:463362497d22bff65bfd1a61e53a0679a8012450d742089ce3a7563c2be80aaa-failure,1304,qaoa_maxcut,noisy_sim,paper,cross_backend,cross_backend_context,,,B5,ibm_kyiv,ibm_brisbane,ibm_kyiv->ibm_brisbane,migrate:ibm_brisbane,migrate,1,1,1,0.0,1,1,0.007,0.0016,0.0105,0.018,0.0021,0.014,0.024,0.0004999999999999998,0.0034999999999999996,0.006000000000000002,0.010000000000000002,1.0,1.0,0.18166666666666667,0.0,0.08166666666666667,0.1,0.0,0,9,1,4128,0,0,1.0,4,4,-5.448328449800175,1.1980961709031988,2.9007832718447655,1.1806879380719066,2.596205561970461,4,0.12,1,qubit_wise_commuting,1,4128,4128.0,4128,4,0,10,6,qaoa_maxcut,5.343017814816369,0.12911821705426357,0,0,1,0.1863998852253843,0.09671066351471355,0.6100663331590422,0.11327898232918088,40,16512,1.618568666
evaluation,sha256:463362497d22bff65bfd1a61e53a0679a8012450d742089ce3a7563c2be80aaa,sha256:463362497d22bff65bfd1a61e53a0679a8012450d742089ce3a7563c2be80aaa-failure,1304,qaoa_maxcut,noisy_sim,paper,cross_backend,cross_backend_context,,,B5,ibm_kyiv,ibm_sherbrooke,ibm_kyiv->ibm_sherbrooke,migrate:ibm_sherbrooke,migrate,1,1,1,0.0,1,1,0.0018999999999999998,0.0016,0.0105,0.018,0.0012,0.0095,0.017,0.0004000000000000002,0.0010000000000000009,0.0009999999999999974,0.0023999999999999985,1.0,1.0,0.12216666666666667,0.0,0.02216666666666666,0.1,0.0,1,9,1,4128,0,0,1.0,4,4,-5.448328449800175,1.1980961709031988,2.9007832718447655,1.1806879380719066,2.596205561970461,4,0.12,1,qubit_wise_commuting,1,4128,4128.0,4128,4,0,10,6,qaoa_maxcut,5.343017814816369,0.12911821705426357,0,0,1,0.2560147810832696,0.07674605203260326,0.2719131058387712,0.0,40,16512,1.629608083
evaluation,sha256:489ef99c532bb2a3d14453fed919d0594466f778e8852ecf72589a10815dfe76,sha256:489ef99c532bb2a3d14453fed919d0594466f778e8852ecf72589a10815dfe76-failure,1306,adapt_vqe,noisy_sim,paper,same_backend_delay,cross_backend_context,,,B5,ibm_kyiv,ibm_sherbrooke,ibm_kyiv->ibm_sherbrooke,migrate:ibm_sherbrooke,migrate,1,1,1,0.0,1,1,0.0018999999999999998,0.0016,0.0105,0.018,0.0012,0.0095,0.017,0.0004000000000000002,0.0010000000000000009,0.0009999999999999974,0.0023999999999999985,1.0,1.0,0.12216666666666667,0.0,0.02216666666666666,0.1,0.0,1,9,4,3328,4,0,0.5,4,4,-7.451706020888363,0.002846527748676664,0.11576600519947387,0.050798214959312124,0.09361887664133385,4,0.08,1,qubit_wise_commuting,8,8704,1088.0,1088,4,4,40,5,adapt_pauli_pool,0.6510608935386798,0.9117647058823529,0,0,0,0.0006643338654388486,0.0671887119193382,0.001175059538657479,0.0006715501984118077,40,4352,0.058302708
evaluation,sha256:489ef99c532bb2a3d14453fed919d0594466f778e8852ecf72589a10815dfe76,sha256:489ef99c532bb2a3d14453fed919d0594466f778e8852ecf72589a10815dfe76-failure,1306,adapt_vqe,noisy_sim,paper,same_backend_delay,same_backend_changed_context,,,B5,ibm_kyiv,ibm_kyiv,ibm_kyiv->ibm_kyiv,replay:ibm_kyiv,replay,1,1,1,4.0,0,1,0.007999999999999998,0.0016,0.0105,0.018,0.00224,0.0147,0.025199999999999997,0.0006399999999999997,0.004199999999999999,0.007199999999999998,0.012039999999999997,1.0,1.0,0.5333333333333333,0.44000000000000006,0.09333333333333331,0.0,0.0,0,9,4,3328,4,0,0.5,4,4,-7.451706020888363,0.002846527748676664,0.11576600519947387,0.050798214959312124,0.09361887664133385,4,0.08,1,qubit_wise_commuting,8,8704,1088.0,1088,4,4,40,5,adapt_pauli_pool,0.6510608935386798,0.9117647058823529,0,0,0,0.002294425833795799,0.06170233337458428,0.001878193430647428,0.0,40,4352,0.0581865
evaluation,sha256:497e6ea522102b1b71a9955ccf8f3d0746340eb7106bd6a46caa7598b052c484,sha256:497e6ea522102b1b71a9955ccf8f3d0746340eb7106bd6a46caa7598b052c484-failure,1304,h2_vqe,noisy_sim,paper,safe_change,same_backend_changed_context,,,B5,ibm_kyiv,ibm_kyiv,ibm_kyiv->ibm_kyiv,replay:ibm_kyiv,replay,1,1,1,0.1,0,1,0.00020000000000000017,0.0016,0.0105,0.018,0.001616,0.010605000000000002,0.018179999999999998,1.5999999999999955e-05,0.00010500000000000093,0.0001799999999999996,0.0003010000000000005,1.0,1.0,0.013333333333333336,0.011000000000000001,0.0023333333333333353,0.0,0.0,1,9,3,2976,4,0,0.42857142857142855,4,4,-1.9687862211213425,0.04273409714050991,0.31549194751143816,0.049075458919626246,0.27654709079669715,12,0.105,1,qubit_wise_commuting,7,8736,1248.0,1248,12,0,24,4,entangling_ry_rz_brickwork,1.1026511670591925,0.8389423076923077,1,1,1,0.0003072357188762531,0.0017820459890153335,0.0003769803925521907,0.0002858169741752903,0,0,0.25994475
evaluation,sha256:4b9d895d8e18353a1754926c348ead04674681973a288954427a970c77f5ffe1,sha256:4b9d895d8e18353a1754926c348ead04674681973a288954427a970c77f5ffe1-failure,1302,qaoa_maxcut,noisy_sim,paper,same_backend_delay,cross_backend_context,,,B5,ibm_kyiv,ibm_sherbrooke,ibm_kyiv->ibm_sherbrooke,migrate:ibm_sherbrooke,migrate,1,1,1,0.0,1,1,0.0018999999999999998,0.0016,0.0105,0.018,0.0012,0.0095,0.017,0.0004000000000000002,0.0010000000000000009,0.0009999999999999974,0.0023999999999999985,1.0,1.0,0.12216666666666667,0.0,0.02216666666666666,0.1,0.0,1,9,1,4160,0,0,1.0,4,4,-5.345812495223006,2.36633350877245,2.280462151186871,0.9650396390350949,1.7035246798517634,4,0.12,1,qubit_wise_commuting,1,4160,4160.0,4160,4,0,10,6,qaoa_maxcut,5.4856044249201545,0.11490384615384615,0,0,1,0.1603654186637602,0.08050859648944303,0.1301250719667548,0.0,40,16640,1.60983425
evaluation,sha256:4b9d895d8e18353a1754926c348ead04674681973a288954427a970c77f5ffe1,sha256:4b9d895d8e18353a1754926c348ead04674681973a288954427a970c77f5ffe1-failure,1302,qaoa_maxcut,noisy_sim,paper,same_backend_delay,same_backend_changed_context,,,B5,ibm_kyiv,ibm_kyiv,ibm_kyiv->ibm_kyiv,replay:ibm_kyiv,replay,1,1,1,4.0,0,1,0.007999999999999998,0.0016,0.0105,0.018,0.00224,0.0147,0.025199999999999997,0.0006399999999999997,0.004199999999999999,0.007199999999999998,0.012039999999999997,1.0,1.0,0.5333333333333333,0.44000000000000006,0.09333333333333331,0.0,0.0,0,9,1,4160,0,0,1.0,4,4,-5.345812495223006,2.36633350877245,2.280462151186871,0.9650396390350949,1.7035246798517634,4,0.12,1,qubit_wise_commuting,1,4160,4160.0,4160,4,0,10,6,qaoa_maxcut,5.4856044249201545,0.11490384615384615,0,0,0,0.6392498712428027,0.1572324742070326,0.5648377139837761,0.11289015794416724,40,16640,1.670566917
evaluation,sha256:4bd89cce39537e2f380de9e4f69f6ef4efce2a6475d84aab2a1f99180022d815,sha256:4bd89cce39537e2f380de9e4f69f6ef4efce2a6475d84aab2a1f99180022d815-failure,1306,h2_vqe,noisy_sim,paper,safe_change,same_backend_changed_context,,,B5,ibm_kyiv,ibm_kyiv,ibm_kyiv->ibm_kyiv,replay:ibm_kyiv,replay,1,1,1,0.1,0,1,0.00020000000000000017,0.0016,0.0105,0.018,0.001616,0.010605000000000002,0.018179999999999998,1.5999999999999955e-05,0.00010500000000000093,0.0001799999999999996,0.0003010000000000005,1.0,1.0,0.013333333333333336,0.011000000000000001,0.0023333333333333353,0.0,0.0,1,9,3,2976,4,0,0.42857142857142855,4,4,-2.006964474572243,0.047379098732959646,0.3212557229081393,0.06452164230357092,0.2390018517460519,12,0.105,1,qubit_wise_commuting,7,8736,1248.0,1248,12,0,24,4,entangling_ry_rz_brickwork,0.9545011429921322,0.8549679487179487,1,1,1,0.000317398831984228,0.014556003561193145,0.00034636654647738133,0.0002966655815783703,0,0,0.392142583
evaluation,sha256:4c89fc2b8df9007017ce5f31921750baf9eb83ec98b9602e5a5da10e7e4f4102,sha256:4c89fc2b8df9007017ce5f31921750baf9eb83ec98b9602e5a5da10e7e4f4102-failure,1302,adapt_vqe,noisy_sim,paper,no_change,same_backend_no_change,,,B5,ibm_kyiv,ibm_kyiv,ibm_kyiv->ibm_kyiv,replay:ibm_kyiv,replay,1,1,1,0.0,0,1,0.0,0.0016,0.0105,0.018,0.0016,0.0105,0.018,0.0,0.0,0.0,0.0,1.0,1.0,0.0,0.0,0.0,0.0,0.0,1,9,4,3328,4,0,0.5,4,4,-7.4821613707887,0.00964099703012522,0.23492493094688183,0.11121919432981957,0.17415047862094665,4,0.08,1,qubit_wise_commuting,8,8704,1088.0,1088,4,4,40,5,adapt_pauli_pool,0.8685446080858279,0.8740808823529411,1,1,1,0.0,0.0,0.0,0.0,0,0,0.058191375
evaluation,sha256:4e6cfb3a692ba5aa4c865aa1234e50c018a3c165e4b5ec331ae4c90978305173,sha256:4e6cfb3a692ba5aa4c865aa1234e50c018a3c165e4b5ec331ae4c90978305173-failure,1305,qaoa_maxcut,noisy_sim,paper,safe_change,same_backend_changed_context,,,B5,ibm_kyiv,ibm_kyiv,ibm_kyiv->ibm_kyiv,replay:ibm_kyiv,replay,1,1,1,0.1,0,1,0.00020000000000000017,0.0016,0.0105,0.018,0.001616,0.010605000000000002,0.018179999999999998,1.5999999999999955e-05,0.00010500000000000093,0.0001799999999999996,0.0003010000000000005,1.0,1.0,0.013333333333333336,0.011000000000000001,0.0023333333333333353,0.0,0.0,1,9,1,4096,0,0,1.0,4,4,-6.865963036703643,3.3265847376036497,8.033356459551316,3.051364340927222,6.627292141289567,4,0.12,1,qubit_wise_commuting,1,4096,4096.0,4096,4,0,10,6,qaoa_maxcut,5.570054055497644,0.09423828125,1,1,1,0.020460891601404185,0.013827590509301688,0.021133093321900928,0.0027156323721788667,0,0,1.614697333
evaluation,sha256:51c730b335b86c7d34c118ec5899dcc161584720c551f9e3eff319cbba9c7454,sha256:51c730b335b86c7d34c118ec5899dcc161584720c551f9e3eff319cbba9c7454-failure,1301,adapt_vqe,noisy_sim,paper,cross_backend,cross_backend_context,,,B5,ibm_kyiv,ibm_brisbane,ibm_kyiv->ibm_brisbane,migrate:ibm_brisbane,migrate,1,1,1,0.0,1,1,0.007,0.0016,0.0105,0.018,0.0021,0.014,0.024,0.0004999999999999998,0.0034999999999999996,0.006000000000000002,0.010000000000000002,1.0,1.0,0.18166666666666667,0.0,0.08166666666666667,0.1,0.0,0,9,4,3328,4,0,0.5,4,4,-7.455666326214058,0.001466252130540191,0.0803899033653419,0.033902570237476226,0.062221330509358734,4,0.08,1,qubit_wise_commuting,8,8704,1088.0,1088,4,4,40,5,adapt_pauli_pool,0.7072665368026616,0.9016544117647058,0,0,0,0.0018737831913266945,0.04420647789329078,0.0014535897968159224,0.0,40,4352,0.059156167
evaluation,sha256:51c730b335b86c7d34c118ec5899dcc161584720c551f9e3eff319cbba9c7454,sha256:51c730b335b86c7d34c118ec5899dcc161584720c551f9e3eff319cbba9c7454-failure,1301,adapt_vqe,noisy_sim,paper,cross_backend,cross_backend_context,,,B5,ibm_kyiv,ibm_sherbrooke,ibm_kyiv->ibm_sherbrooke,migrate:ibm_sherbrooke,migrate,1,1,1,0.0,1,1,0.0018999999999999998,0.0016,0.0105,0.018,0.0012,0.0095,0.017,0.0004000000000000002,0.0010000000000000009,0.0009999999999999974,0.0023999999999999985,1.0,1.0,0.12216666666666667,0.0,0.02216666666666666,0.1,0.0,1,9,4,3328,4,0,0.5,4,4,-7.455666326214058,0.001466252130540191,0.0803899033653419,0.033902570237476226,0.062221330509358734,4,0.08,1,qubit_wise_commuting,8,8704,1088.0,1088,4,4,40,5,adapt_pauli_pool,0.7072665368026616,0.9016544117647058,0,0,0,0.0006633053703914982,0.007467723452055282,0.0011636963789817831,0.0006667357066518775,40,4352,0.059198542
evaluation,sha256:5387e20b298bdd446243df7dc40ab45150fcc45833caca17c11be53e503254d5,sha256:5387e20b298bdd446243df7dc40ab45150fcc45833caca17c11be53e503254d5-failure,1305,lih_vqe,noisy_sim,paper,high_change,cross_backend_context,,,B5,ibm_kyiv,ibm_brisbane,ibm_kyiv->ibm_brisbane,migrate:ibm_brisbane,migrate,1,1,1,6.0,1,1,0.023860000000000006,0.0016,0.0105,0.018,0.00336,0.022400000000000003,0.038400000000000004,0.00176,0.011900000000000003,0.020400000000000005,0.03406000000000001,1.0,1.0,0.9283666666666667,0.55,0.2783666666666667,0.1,0.0,0,9,4,5120,4,0,0.5,4,4,-7.6958934356481565,0.07598453363386781,0.5740134756452974,0.07175633335998613,0.4213288309127705,20,0.085,1,qubit_wise_commuting,8,12288,1536.0,1536,20,0,40,5,entangling_ry_rz_brickwork,1.6248589539928069,0.7630208333333334,0,0,0,0.004129495539660688,0.10190159858833002,0.07632852762800625,0.0,168,6144,0.935948791
evaluation,sha256:5387e20b298bdd446243df7dc40ab45150fcc45833caca17c11be53e503254d5,sha256:5387e20b298bdd446243df7dc40ab45150fcc45833caca17c11be53e503254d5-failure,1305,lih_vqe,noisy_sim,paper,high_change,same_backend_changed_context,,,B5,ibm_kyiv,ibm_kyiv,ibm_kyiv->ibm_kyiv,replay:ibm_kyiv,replay,1,1,1,8.0,0,1,0.016,0.0016,0.0105,0.018,0.00288,0.0189,0.0324,0.00128,0.0084,0.0144,0.024079999999999997,1.0,1.0,0.7366666666666667,0.55,0.18666666666666665,0.0,0.0,0,9,4,5120,4,0,0.5,4,4,-7.6958934356481565,0.07598453363386781,0.5740134756452974,0.07175633335998613,0.4213288309127705,20,0.085,1,qubit_wise_commuting,8,12288,1536.0,1536,20,0,40,5,entangling_ry_rz_brickwork,1.6248589539928069,0.7630208333333334,0,0,0,0.003119489248230245,0.08123247597482684,0.05498839204695109,0.0,168,6144,0.928603959
evaluation,sha256:54a6dbdbaa13e44145fad4f52c4b1216bceef24f819db19aa5c019e20f1e4d30,sha256:54a6dbdbaa13e44145fad4f52c4b1216bceef24f819db19aa5c019e20f1e4d30-failure,1308,h2_vqe,noisy_sim,paper,no_change,same_backend_no_change,,,B5,ibm_kyiv,ibm_kyiv,ibm_kyiv->ibm_kyiv,replay:ibm_kyiv,replay,1,1,1,0.0,0,1,0.0,0.0016,0.0105,0.018,0.0016,0.0105,0.018,0.0,0.0,0.0,0.0,1.0,1.0,0.0,0.0,0.0,0.0,0.0,1,9,3,2976,4,0,0.42857142857142855,4,4,-1.9827032662176511,0.02867834068431141,0.25729677692926733,0.04684902865676507,0.2082072907828852,12,0.105,1,qubit_wise_commuting,7,8736,1248.0,1248,12,0,24,4,entangling_ry_rz_brickwork,1.1806431316883081,0.8149038461538461,1,1,1,0.0,0.0,0.0,0.0,0,0,0.261168625
evaluation,sha256:54ee8c1cab33a288a614e975ff2a690e79024b557b964cffee5634887a41e30a,sha256:54ee8c1cab33a288a614e975ff2a690e79024b557b964cffee5634887a41e30a-failure,1303,qaoa_maxcut,noisy_sim,paper,cross_backend,cross_backend_context,,,B5,ibm_kyiv,ibm_brisbane,ibm_kyiv->ibm_brisbane,migrate:ibm_brisbane,migrate,1,1,1,0.0,1,1,0.007,0.0016,0.0105,0.018,0.0021,0.014,0.024,0.0004999999999999998,0.0034999999999999996,0.006000000000000002,0.010000000000000002,1.0,1.0,0.18166666666666667,0.0,0.08166666666666667,0.1,0.0,0,9,1,4064,0,0,1.0,4,4,-4.279650049875489,0.4958021241988546,2.4839272058188193,1.0942757162422694,1.6079957732679242,4,0.12,1,qubit_wise_commuting,1,4064,4064.0,4064,4,0,10,6,qaoa_maxcut,5.3892860359487855,0.1375492125984252,0,0,1,0.20371887274009026,0.06615837333826895,0.4484820540110006,0.09483092108905389,40,16256,1.604742375
evaluation,sha256:54ee8c1cab33a288a614e975ff2a690e79024b557b964cffee5634887a41e30a,sha256:54ee8c1cab33a288a614e975ff2a690e79024b557b964cffee5634887a41e30a-failure,1303,qaoa_maxcut,noisy_sim,paper,cross_backend,cross_backend_context,,,B5,ibm_kyiv,ibm_sherbrooke,ibm_kyiv->ibm_sherbrooke,migrate:ibm_sherbrooke,migrate,1,1,1,0.0,1,1,0.0018999999999999998,0.0016,0.0105,0.018,0.0012,0.0095,0.017,0.0004000000000000002,0.0010000000000000009,0.0009999999999999974,0.0023999999999999985,1.0,1.0,0.12216666666666667,0.0,0.02216666666666666,0.1,0.0,1,9,1,4064,0,0,1.0,4,4,-4.279650049875489,0.4958021241988546,2.4839272058188193,1.0942757162422694,1.6079957732679242,4,0.12,1,qubit_wise_commuting,1,4064,4064.0,4064,4,0,10,6,qaoa_maxcut,5.3892860359487855,0.1375492125984252,0,0,1,0.07330339975058386,0.051474234988423746,0.16034795456544618,0.0,40,16256,1.603491375
evaluation,sha256:58afa55da0f203ee2fa76d7cbfb3943fef93e05fe2e64335e4642147bba64d6a,sha256:58afa55da0f203ee2fa76d7cbfb3943fef93e05fe2e64335e4642147bba64d6a-failure,1305,lih_vqe,noisy_sim,paper,same_backend_delay,cross_backend_context,,,B5,ibm_kyiv,ibm_sherbrooke,ibm_kyiv->ibm_sherbrooke,migrate:ibm_sherbrooke,migrate,1,1,1,0.0,1,1,0.0018999999999999998,0.0016,0.0105,0.018,0.0012,0.0095,0.017,0.0004000000000000002,0.0010000000000000009,0.0009999999999999974,0.0023999999999999985,1.0,1.0,0.12216666666666667,0.0,0.02216666666666666,0.1,0.0,1,9,4,5120,4,0,0.5,4,4,-7.6958934356481565,0.07598453363386781,0.5740134756452974,0.07175633335998613,0.4213288309127705,20,0.085,1,qubit_wise_commuting,8,12288,1536.0,1536,20,0,40,5,entangling_ry_rz_brickwork,1.6248589539928069,0.7630208333333334,0,0,0,0.0007638069126816305,0.01401202807402021,0.01032219037544091,0.0009100831206980686,168,6144,0.931510166
evaluation,sha256:58afa55da0f203ee2fa76d7cbfb3943fef93e05fe2e64335e4642147bba64d6a,sha256:58afa55da0f203ee2fa76d7cbfb3943fef93e05fe2e64335e4642147bba64d6a-failure,1305,lih_vqe,noisy_sim,paper,same_backend_delay,same_backend_changed_context,,,B5,ibm_kyiv,ibm_kyiv,ibm_kyiv->ibm_kyiv,replay:ibm_kyiv,replay,1,1,1,4.0,0,1,0.007999999999999998,0.0016,0.0105,0.018,0.00224,0.0147,0.025199999999999997,0.0006399999999999997,0.004199999999999999,0.007199999999999998,0.012039999999999997,1.0,1.0,0.5333333333333333,0.44000000000000006,0.09333333333333331,0.0,0.0,0,9,4,5120,4,0,0.5,4,4,-7.6958934356481565,0.07598453363386781,0.5740134756452974,0.07175633335998613,0.4213288309127705,20,0.085,1,qubit_wise_commuting,8,12288,1536.0,1536,20,0,40,5,entangling_ry_rz_brickwork,1.6248589539928069,0.7630208333333334,0,0,0,0.0016775346867330398,0.051841179047737725,0.02786885403175843,0.0,168,6144,0.976272583
evaluation,sha256:5a23330ef092a2d35aa6d6c44d97cda8e00651a50db07a9cf721a6f21a570ce4,sha256:5a23330ef092a2d35aa6d6c44d97cda8e00651a50db07a9cf721a6f21a570ce4-failure,1303,adapt_vqe,noisy_sim,paper,no_change,same_backend_no_change,,,B5,ibm_kyiv,ibm_kyiv,ibm_kyiv->ibm_kyiv,replay:ibm_kyiv,replay,1,1,1,0.0,0,1,0.0,0.0016,0.0105,0.018,0.0016,0.0105,0.018,0.0,0.0,0.0,0.0,1.0,1.0,0.0,0.0,0.0,0.0,0.0,1,9,4,3328,4,0,0.5,4,4,-7.469178085787579,0.0053157059487354275,0.17595056250831412,0.07989659416789666,0.14022946548062107,4,0.08,1,qubit_wise_commuting,8,8704,1088.0,1088,4,4,40,5,adapt_pauli_pool,0.8408114563379445,0.875,1,1,1,0.0,0.0,0.0,0.0,0,0,0.058368042
evaluation,sha256:5b6f8bdef7f95effdc5d3cf6d92b96333e77dfce998ce02aa369ef137e4af18e,sha256:5b6f8bdef7f95effdc5d3cf6d92b96333e77dfce998ce02aa369ef137e4af18e-failure,1304,h2_vqe,noisy_sim,paper,high_change,cross_backend_context,,,B5,ibm_kyiv,ibm_brisbane,ibm_kyiv->ibm_brisbane,migrate:ibm_brisbane,migrate,1,1,1,6.0,1,1,0.023860000000000006,0.0016,0.0105,0.018,0.00336,0.022400000000000003,0.038400000000000004,0.00176,0.011900000000000003,0.020400000000000005,0.03406000000000001,1.0,1.0,0.9283666666666667,0.55,0.2783666666666667,0.1,0.0,0,9,3,2976,4,0,0.42857142857142855,4,4,-1.9687862211213425,0.04273409714050991,0.31549194751143816,0.049075458919626246,0.27654709079669715,12,0.105,1,qubit_wise_commuting,7,8736,1248.0,1248,12,0,24,4,entangling_ry_rz_brickwork,1.1026511670591925,0.8389423076923077,0,0,0,0.033651066903184645,0.11977206208888838,0.04181409728506112,0.031341344188049236,104,4992,0.275700334
evaluation,sha256:5b6f8bdef7f95effdc5d3cf6d92b96333e77dfce998ce02aa369ef137e4af18e,sha256:5b6f8bdef7f95effdc5d3cf6d92b96333e77dfce998ce02aa369ef137e4af18e-failure,1304,h2_vqe,noisy_sim,paper,high_change,same_backend_changed_context,,,B5,ibm_kyiv,ibm_kyiv,ibm_kyiv->ibm_kyiv,replay:ibm_kyiv,replay,1,1,1,8.0,0,1,0.016,0.0016,0.0105,0.018,0.00288,0.0189,0.0324,0.00128,0.0084,0.0144,0.024079999999999997,1.0,1.0,0.7366666666666667,0.55,0.18666666666666665,0.0,0.0,0,9,3,2976,4,0,0.42857142857142855,4,4,-1.9687862211213425,0.04273409714050991,0.31549194751143816,0.049075458919626246,0.27654709079669715,12,0.105,1,qubit_wise_commuting,7,8736,1248.0,1248,12,0,24,4,entangling_ry_rz_brickwork,1.1026511670591925,0.8389423076923077,0,0,0,0.024193448162675768,0.09027130812869699,0.029898739135866402,0.022528764289571956,104,4992,0.260701625
evaluation,sha256:5bb634e88cbce1fa97bb75f31f76625747ebb0babf5361b1720c1639578141ac,sha256:5bb634e88cbce1fa97bb75f31f76625747ebb0babf5361b1720c1639578141ac-failure,1303,lih_vqe,noisy_sim,paper,high_change,cross_backend_context,,,B5,ibm_kyiv,ibm_brisbane,ibm_kyiv->ibm_brisbane,migrate:ibm_brisbane,migrate,1,1,1,6.0,1,1,0.023860000000000006,0.0016,0.0105,0.018,0.00336,0.022400000000000003,0.038400000000000004,0.00176,0.011900000000000003,0.020400000000000005,0.03406000000000001,1.0,1.0,0.9283666666666667,0.55,0.2783666666666667,0.1,0.0,0,9,4,4480,4,0,0.5,4,4,-7.617926519454549,0.0702913266397589,0.5530268528175069,0.05933090064776268,0.40307915677673856,20,0.085,1,qubit_wise_commuting,8,11008,1376.0,1376,20,0,40,5,entangling_ry_rz_brickwork,1.2856105711413355,0.8241279069767442,0,0,0,0.005684299795547965,0.13952366442570713,0.07659560155612531,0.0,168,5504,1.037620042
evaluation,sha256:5bb634e88cbce1fa97bb75f31f76625747ebb0babf5361b1720c1639578141ac,sha256:5bb634e88cbce1fa97bb75f31f76625747ebb0babf5361b1720c1639578141ac-failure,1303,lih_vqe,noisy_sim,paper,high_change,same_backend_changed_context,,,B5,ibm_kyiv,ibm_kyiv,ibm_kyiv->ibm_kyiv,replay:ibm_kyiv,replay,1,1,1,8.0,0,1,0.016,0.0016,0.0105,0.018,0.00288,0.0189,0.0324,0.00128,0.0084,0.0144,0.024079999999999997,1.0,1.0,0.7366666666666667,0.55,0.18666666666666665,0.0,0.0,0,9,4,4480,4,0,0.5,4,4,-7.617926519454549,0.0702913266397589,0.5530268528175069,0.05933090064776268,0.40307915677673856,20,0.085,1,qubit_wise_commuting,8,11008,1376.0,1376,20,0,40,5,entangling_ry_rz_brickwork,1.2856105711413355,0.8241279069767442,0,0,0,0.003975899653887893,0.1115377932190272,0.05517167033330612,0.0,168,5504,1.07330675
evaluation,sha256:5e3ede44800e6081b4e6c4f1e27781817c68a194dd252d454d807c157b2b0a11,sha256:5e3ede44800e6081b4e6c4f1e27781817c68a194dd252d454d807c157b2b0a11-failure,1307,adapt_vqe,noisy_sim,paper,cross_backend,cross_backend_context,,,B5,ibm_kyiv,ibm_brisbane,ibm_kyiv->ibm_brisbane,migrate:ibm_brisbane,migrate,1,1,1,0.0,1,1,0.007,0.0016,0.0105,0.018,0.0021,0.014,0.024,0.0004999999999999998,0.0034999999999999996,0.006000000000000002,0.010000000000000002,1.0,1.0,0.18166666666666667,0.0,0.08166666666666667,0.1,0.0,0,9,4,3328,4,0,0.5,4,4,-7.445144435287034,0.0030077898218747734,0.11559787129798031,0.0562509841574811,0.06445981602742161,4,0.08,1,qubit_wise_commuting,8,8704,1088.0,1088,4,4,40,5,adapt_pauli_pool,0.7944453866166293,0.8887867647058824,0,0,0,0.0018826466829446886,0.05445270902418164,0.0014362341042480123,0.0,40,4352,0.058935292
evaluation,sha256:5e3ede44800e6081b4e6c4f1e27781817c68a194dd252d454d807c157b2b0a11,sha256:5e3ede44800e6081b4e6c4f1e27781817c68a194dd252d454d807c157b2b0a11-failure,1307,adapt_vqe,noisy_sim,paper,cross_backend,cross_backend_context,,,B5,ibm_kyiv,ibm_sherbrooke,ibm_kyiv->ibm_sherbrooke,migrate:ibm_sherbrooke,migrate,1,1,1,0.0,1,1,0.0018999999999999998,0.0016,0.0105,0.018,0.0012,0.0095,0.017,0.0004000000000000002,0.0010000000000000009,0.0009999999999999974,0.0023999999999999985,1.0,1.0,0.12216666666666667,0.0,0.02216666666666666,0.1,0.0,1,9,4,3328,4,0,0.5,4,4,-7.445144435287034,0.0030077898218747734,0.11559787129798031,0.0562509841574811,0.06445981602742161,4,0.08,1,qubit_wise_commuting,8,8704,1088.0,1088,4,4,40,5,adapt_pauli_pool,0.7944453866166293,0.8887867647058824,0,0,0,0.0006703963272487456,0.031197433066527256,0.0011499453124007883,0.0006771770160565183,40,4352,0.058327791
evaluation,sha256:5e859658cdaf4a798b0db43a8a24fa7feb2769a4d60d5a22f65032039648b752,sha256:5e859658cdaf4a798b0db43a8a24fa7feb2769a4d60d5a22f65032039648b752-failure,1308,h2_vqe,noisy_sim,paper,safe_change,same_backend_changed_context,,,B5,ibm_kyiv,ibm_kyiv,ibm_kyiv->ibm_kyiv,replay:ibm_kyiv,replay,1,1,1,0.1,0,1,0.00020000000000000017,0.0016,0.0105,0.018,0.001616,0.010605000000000002,0.018179999999999998,1.5999999999999955e-05,0.00010500000000000093,0.0001799999999999996,0.0003010000000000005,1.0,1.0,0.013333333333333336,0.011000000000000001,0.0023333333333333353,0.0,0.0,1,9,3,2976,4,0,0.42857142857142855,4,4,-1.9827032662176511,0.02867834068431141,0.25729677692926733,0.04684902865676507,0.2082072907828852,12,0.105,1,qubit_wise_commuting,7,8736,1248.0,1248,12,0,24,4,entangling_ry_rz_brickwork,1.1806431316883081,0.8149038461538461,1,1,1,0.000310032841074559,0.0030042297628022534,0.00035767498650598225,0.00029757400697816294,0,0,0.260775
evaluation,sha256:60cbacb358f106c8309949b632d69a5d599a142effe41c98283f37b92227dcae,sha256:60cbacb358f106c8309949b632d69a5d599a142effe41c98283f37b92227dcae-failure,1306,adapt_vqe,noisy_sim,paper,cross_backend,cross_backend_context,,,B5,ibm_kyiv,ibm_brisbane,ibm_kyiv->ibm_brisbane,migrate:ibm_brisbane,migrate,1,1,1,0.0,1,1,0.007,0.0016,0.0105,0.018,0.0021,0.014,0.024,0.0004999999999999998,0.0034999999999999996,0.006000000000000002,0.010000000000000002,1.0,1.0,0.18166666666666667,0.0,0.08166666666666667,0.1,0.0,0,9,4,3328,4,0,0.5,4,4,-7.451706020888363,0.002846527748676664,0.11576600519947387,0.050798214959312124,0.09361887664133385,4,0.08,1,qubit_wise_commuting,8,8704,1088.0,1088,4,4,40,5,adapt_pauli_pool,0.6510608935386798,0.9117647058823529,0,0,0,0.0018750736477777252,0.03919034206884211,0.0014675385400142915,0.0,40,4352,0.058268166
evaluation,sha256:60cbacb358f106c8309949b632d69a5d599a142effe41c98283f37b92227dcae,sha256:60cbacb358f106c8309949b632d69a5d599a142effe41c98283f37b92227dcae-failure,1306,adapt_vqe,noisy_sim,paper,cross_backend,cross_backend_context,,,B5,ibm_kyiv,ibm_sherbrooke,ibm_kyiv->ibm_sherbrooke,migrate:ibm_sherbrooke,migrate,1,1,1,0.0,1,1,0.0018999999999999998,0.0016,0.0105,0.018,0.0012,0.0095,0.017,0.0004000000000000002,0.0010000000000000009,0.0009999999999999974,0.0023999999999999985,1.0,1.0,0.12216666666666667,0.0,0.02216666666666666,0.1,0.0,1,9,4,3328,4,0,0.5,4,4,-7.451706020888363,0.002846527748676664,0.11576600519947387,0.050798214959312124,0.09361887664133385,4,0.08,1,qubit_wise_commuting,8,8704,1088.0,1088,4,4,40,5,adapt_pauli_pool,0.6510608935386798,0.9117647058823529,0,0,0,0.0006643338654388486,0.0671887119193382,0.001175059538657479,0.0006715501984118077,40,4352,0.058817791
evaluation,sha256:60ccf06a252fb9873bfcb9aebc66307a5670acddd1e7a1d8aaa4be87ee735a2c,sha256:60ccf06a252fb9873bfcb9aebc66307a5670acddd1e7a1d8aaa4be87ee735a2c-failure,1302,h2_vqe,noisy_sim,paper,no_change,same_backend_no_change,,,B5,ibm_kyiv,ibm_kyiv,ibm_kyiv->ibm_kyiv,replay:ibm_kyiv,replay,1,1,1,0.0,0,1,0.0,0.0016,0.0105,0.018,0.0016,0.0105,0.018,0.0,0.0,0.0,0.0,1.0,1.0,0.0,0.0,0.0,0.0,0.0,1,9,3,2976,4,0,0.42857142857142855,4,4,-2.0077954374337104,0.03722314626164325,0.2824404379980061,0.05406847515327488,0.2158358289939106,12,0.105,1,qubit_wise_commuting,7,8736,1248.0,1248,12,0,24,4,entangling_ry_rz_brickwork,0.8470896727335048,0.8798076923076923,1,1,1,0.0,0.0,0.0,0.0,0,0,0.259837541
evaluation,sha256:634c2e58f8bf2696ca6ba0e8475b0be5d79f8016ddc4549a2fc35c7fb81bfdb4,sha256:634c2e58f8bf2696ca6ba0e8475b0be5d79f8016ddc4549a2fc35c7fb81bfdb4-failure,1308,lih_vqe,noisy_sim,paper,cross_backend,cross_backend_context,,,B5,ibm_kyiv,ibm_brisbane,ibm_kyiv->ibm_brisbane,migrate:ibm_brisbane,migrate,1,1,1,0.0,1,1,0.007,0.0016,0.0105,0.018,0.0021,0.014,0.024,0.0004999999999999998,0.0034999999999999996,0.006000000000000002,0.010000000000000002,1.0,1.0,0.18166666666666667,0.0,0.08166666666666667,0.1,0.0,0,9,4,4608,4,0,0.5,4,4,-7.599339955817491,0.06462582327131283,0.5356149820937302,0.07327178019527351,0.3122317036720427,20,0.085,1,qubit_wise_commuting,8,11264,1408.0,1408,20,0,40,5,entangling_ry_rz_brickwork,1.666961707680178,0.7556818181818182,0,0,0,0.0017105113366504554,0.06283702043033464,0.023434587455132914,0.0,168,5632,0.978248458
evaluation,sha256:634c2e58f8bf2696ca6ba0e8475b0be5d79f8016ddc4549a2fc35c7fb81bfdb4,sha256:634c2e58f8bf2696ca6ba0e8475b0be5d79f8016ddc4549a2fc35c7fb81bfdb4-failure,1308,lih_vqe,noisy_sim,paper,cross_backend,cross_backend_context,,,B5,ibm_kyiv,ibm_sherbrooke,ibm_kyiv->ibm_sherbrooke,migrate:ibm_sherbrooke,migrate,1,1,1,0.0,1,1,0.0018999999999999998,0.0016,0.0105,0.018,0.0012,0.0095,0.017,0.0004000000000000002,0.0010000000000000009,0.0009999999999999974,0.0023999999999999985,1.0,1.0,0.12216666666666667,0.0,0.02216666666666666,0.1,0.0,1,9,4,4608,4,0,0.5,4,4,-7.599339955817491,0.06462582327131283,0.5356149820937302,0.07327178019527351,0.3122317036720427,20,0.085,1,qubit_wise_commuting,8,11264,1408.0,1408,20,0,40,5,entangling_ry_rz_brickwork,1.666961707680178,0.7556818181818182,0,0,0,0.0006301303176474704,0.07429135583010375,0.010667978991603566,0.0020925218592804384,168,5632,0.927904291
evaluation,sha256:63a197937c51791cefc4ea18b468c4776221562fb2f43b936b8e4d721698c13b,sha256:63a197937c51791cefc4ea18b468c4776221562fb2f43b936b8e4d721698c13b-failure,1306,h2_vqe,noisy_sim,paper,high_change,cross_backend_context,,,B5,ibm_kyiv,ibm_brisbane,ibm_kyiv->ibm_brisbane,migrate:ibm_brisbane,migrate,1,1,1,6.0,1,1,0.023860000000000006,0.0016,0.0105,0.018,0.00336,0.022400000000000003,0.038400000000000004,0.00176,0.011900000000000003,0.020400000000000005,0.03406000000000001,1.0,1.0,0.9283666666666667,0.55,0.2783666666666667,0.1,0.0,0,9,3,2976,4,0,0.42857142857142855,4,4,-2.006964474572243,0.047379098732959646,0.3212557229081393,0.06452164230357092,0.2390018517460519,12,0.105,1,qubit_wise_commuting,7,8736,1248.0,1248,12,0,24,4,entangling_ry_rz_brickwork,0.9545011429921322,0.8549679487179487,0,0,0,0.03478844777891554,0.10692554177199012,0.03843509459743568,0.03254900297601715,104,4992,0.260540958
evaluation,sha256:63a197937c51791cefc4ea18b468c4776221562fb2f43b936b8e4d721698c13b,sha256:63a197937c51791cefc4ea18b468c4776221562fb2f43b936b8e4d721698c13b-failure,1306,h2_vqe,noisy_sim,paper,high_change,same_backend_changed_context,,,B5,ibm_kyiv,ibm_kyiv,ibm_kyiv->ibm_kyiv,replay:ibm_kyiv,replay,1,1,1,8.0,0,1,0.016,0.0016,0.0105,0.018,0.00288,0.0189,0.0324,0.00128,0.0084,0.0144,0.024079999999999997,1.0,1.0,0.7366666666666667,0.55,0.18666666666666665,0.0,0.0,0,9,3,2976,4,0,0.42857142857142855,4,4,-2.006964474572243,0.047379098732959646,0.3212557229081393,0.06452164230357092,0.2390018517460519,12,0.105,1,qubit_wise_commuting,7,8736,1248.0,1248,12,0,24,4,entangling_ry_rz_brickwork,0.9545011429921322,0.8549679487179487,0,0,0,0.02500402107570654,0.0883785804503688,0.027488080369033854,0.023390087158120965,104,4992,0.260208917
evaluation,sha256:64dccd8d9c0d1d8219459cfc7c0c8d012c49d74247f386f7041d29a5d26efe07,sha256:64dccd8d9c0d1d8219459cfc7c0c8d012c49d74247f386f7041d29a5d26efe07-failure,1304,lih_vqe,noisy_sim,paper,high_change,cross_backend_context,,,B5,ibm_kyiv,ibm_brisbane,ibm_kyiv->ibm_brisbane,migrate:ibm_brisbane,migrate,1,1,1,6.0,1,1,0.023860000000000006,0.0016,0.0105,0.018,0.00336,0.022400000000000003,0.038400000000000004,0.00176,0.011900000000000003,0.020400000000000005,0.03406000000000001,1.0,1.0,0.9283666666666667,0.55,0.2783666666666667,0.1,0.0,0,9,4,4480,4,0,0.5,4,4,-7.743039730654524,0.0933411023300188,0.645971054546884,0.07640187692911896,0.44739437490562356,20,0.085,1,qubit_wise_commuting,8,11008,1376.0,1376,20,0,40,5,entangling_ry_rz_brickwork,1.5191021331446422,0.7776162790697675,0,0,0,0.0054867414397952174,0.1336015570958752,0.07604746615612377,0.0,168,5504,0.957441791
evaluation,sha256:64dccd8d9c0d1d8219459cfc7c0c8d012c49d74247f386f7041d29a5d26efe07,sha256:64dccd8d9c0d1d8219459cfc7c0c8d012c49d74247f386f7041d29a5d26efe07-failure,1304,lih_vqe,noisy_sim,paper,high_change,same_backend_changed_context,,,B5,ibm_kyiv,ibm_kyiv,ibm_kyiv->ibm_kyiv,replay:ibm_kyiv,replay,1,1,1,8.0,0,1,0.016,0.0016,0.0105,0.018,0.00288,0.0189,0.0324,0.00128,0.0084,0.0144,0.024079999999999997,1.0,1.0,0.7366666666666667,0.55,0.18666666666666665,0.0,0.0,0,9,4,4480,4,0,0.5,4,4,-7.743039730654524,0.0933411023300188,0.645971054546884,0.07640187692911896,0.44739437490562356,20,0.085,1,qubit_wise_commuting,8,11008,1376.0,1376,20,0,40,5,entangling_ry_rz_brickwork,1.5191021331446422,0.7776162790697675,0,0,0,0.004083601946432758,0.1117183460200519,0.05480994775618498,0.0,168,5504,1.007571584
evaluation,sha256:66af58fa7eb75701a7a7f0a2b2945d9961850b493f47c52e9766039ec54b7612,sha256:66af58fa7eb75701a7a7f0a2b2945d9961850b493f47c52e9766039ec54b7612-failure,1305,h2_vqe,noisy_sim,paper,same_backend_delay,cross_backend_context,,,B5,ibm_kyiv,ibm_sherbrooke,ibm_kyiv->ibm_sherbrooke,migrate:ibm_sherbrooke,migrate,1,1,1,0.0,1,1,0.0018999999999999998,0.0016,0.0105,0.018,0.0012,0.0095,0.017,0.0004000000000000002,0.0010000000000000009,0.0009999999999999974,0.0023999999999999985,1.0,1.0,0.12216666666666667,0.0,0.02216666666666666,0.1,0.0,1,9,3,2976,4,0,0.42857142857142855,4,4,-1.9389832356474626,0.05326419659542614,0.3535458581319045,0.05556417303137002,0.3158419978161353,12,0.105,1,qubit_wise_commuting,7,8736,1248.0,1248,12,0,24,4,entangling_ry_rz_brickwork,0.9868764035210424,0.8605769230769231,0,0,0,0.004955456879750297,0.012548812783241192,0.005368500877880027,0.0,104,4992,0.262549417
evaluation,sha256:66af58fa7eb75701a7a7f0a2b2945d9961850b493f47c52e9766039ec54b7612,sha256:66af58fa7eb75701a7a7f0a2b2945d9961850b493f47c52e9766039ec54b7612-failure,1305,h2_vqe,noisy_sim,paper,same_backend_delay,same_backend_changed_context,,,B5,ibm_kyiv,ibm_kyiv,ibm_kyiv->ibm_kyiv,replay:ibm_kyiv,replay,1,1,1,4.0,0,1,0.007999999999999998,0.0016,0.0105,0.018,0.00224,0.0147,0.025199999999999997,0.0006399999999999997,0.004199999999999999,0.007199999999999998,0.012039999999999997,1.0,1.0,0.5333333333333333,0.44000000000000006,0.09333333333333331,0.0,0.0,0,9,3,2976,4,0,0.42857142857142855,4,4,-1.9389832356474626,0.05326419659542614,0.3535458581319045,0.05556417303137002,0.3158419978161353,12,0.105,1,qubit_wise_commuting,7,8736,1248.0,1248,12,0,24,4,entangling_ry_rz_brickwork,0.9868764035210424,0.8605769230769231,0,0,0,0.011978902801997648,0.08226149018294371,0.014881899144385952,0.010917315685547324,104,4992,0.264803916
evaluation,sha256:6abd383adfd429912ecaf519a26795dc3638a4e29a3c62ffa1002a5c5ab5cd24,sha256:6abd383adfd429912ecaf519a26795dc3638a4e29a3c62ffa1002a5c5ab5cd24-failure,1304,qaoa_maxcut,noisy_sim,paper,no_change,same_backend_no_change,,,B5,ibm_kyiv,ibm_kyiv,ibm_kyiv->ibm_kyiv,replay:ibm_kyiv,replay,1,1,1,0.0,0,1,0.0,0.0016,0.0105,0.018,0.0016,0.0105,0.018,0.0,0.0,0.0,0.0,1.0,1.0,0.0,0.0,0.0,0.0,0.0,1,9,1,4128,0,0,1.0,4,4,-5.448328449800175,1.1980961709031988,2.9007832718447655,1.1806879380719066,2.596205561970461,4,0.12,1,qubit_wise_commuting,1,4128,4128.0,4128,4,0,10,6,qaoa_maxcut,5.343017814816369,0.12911821705426357,1,1,1,0.0,0.0,0.0,0.0,0,0,1.607107666
evaluation,sha256:6b19cf697b46df40293dbe1e8a130be1a41e4bbbd7e3e825de7abb1fc481bdb3,sha256:6b19cf697b46df40293dbe1e8a130be1a41e4bbbd7e3e825de7abb1fc481bdb3-failure,1307,lih_vqe,noisy_sim,paper,same_backend_delay,cross_backend_context,,,B5,ibm_kyiv,ibm_sherbrooke,ibm_kyiv->ibm_sherbrooke,migrate:ibm_sherbrooke,migrate,1,1,1,0.0,1,1,0.0018999999999999998,0.0016,0.0105,0.018,0.0012,0.0095,0.017,0.0004000000000000002,0.0010000000000000009,0.0009999999999999974,0.0023999999999999985,1.0,1.0,0.12216666666666667,0.0,0.02216666666666666,0.1,0.0,1,9,4,4608,4,0,0.5,4,4,-7.647434454815396,0.06759590627979684,0.5483237819142738,0.06654797910696589,0.40366908508789756,20,0.085,1,qubit_wise_commuting,8,11264,1408.0,1408,20,0,40,5,entangling_ry_rz_brickwork,1.524117404633344,0.7890625,0,0,0,0.0003383311830544855,0.05394107046325678,0.011003549829698893,0.001936434266927023,168,5632,1.048237875
evaluation,sha256:6b19cf697b46df40293dbe1e8a130be1a41e4bbbd7e3e825de7abb1fc481bdb3,sha256:6b19cf697b46df40293dbe1e8a130be1a41e4bbbd7e3e825de7abb1fc481bdb3-failure,1307,lih_vqe,noisy_sim,paper,same_backend_delay,same_backend_changed_context,,,B5,ibm_kyiv,ibm_kyiv,ibm_kyiv->ibm_kyiv,replay:ibm_kyiv,replay,1,1,1,4.0,0,1,0.007999999999999998,0.0016,0.0105,0.018,0.00224,0.0147,0.025199999999999997,0.0006399999999999997,0.004199999999999999,0.007199999999999998,0.012039999999999997,1.0,1.0,0.5333333333333333,0.44000000000000006,0.09333333333333331,0.0,0.0,0,9,4,4608,4,0,0.5,4,4,-7.647434454815396,0.06759590627979684,0.5483237819142738,0.06654797910696589,0.40366908508789756,20,0.085,1,qubit_wise_commuting,8,11264,1408.0,1408,20,0,40,5,entangling_ry_rz_brickwork,1.524117404633344,0.7890625,0,0,0,0.0011384227128639068,0.05448336212134301,0.029718184776137597,0.0,168,5632,0.939983625
evaluation,sha256:6c9ae3e350242aa823f3f395634b5205732ae06226c7b93443a98162c0c05f4f,sha256:6c9ae3e350242aa823f3f395634b5205732ae06226c7b93443a98162c0c05f4f-failure,1307,adapt_vqe,noisy_sim,paper,high_change,cross_backend_context,,,B5,ibm_kyiv,ibm_brisbane,ibm_kyiv->ibm_brisbane,migrate:ibm_brisbane,migrate,1,1,1,6.0,1,1,0.023860000000000006,0.0016,0.0105,0.018,0.00336,0.022400000000000003,0.038400000000000004,0.00176,0.011900000000000003,0.020400000000000005,0.03406000000000001,1.0,1.0,0.9283666666666667,0.55,0.2783666666666667,0.1,0.0,0,9,4,3328,4,0,0.5,4,4,-7.445144435287034,0.0030077898218747734,0.11559787129798031,0.0562509841574811,0.06445981602742161,4,0.08,1,qubit_wise_commuting,8,8704,1088.0,1088,4,4,40,5,adapt_pauli_pool,0.7944453866166293,0.8887867647058824,0,0,0,0.006466797626042187,0.11069878446051679,0.00504964822867503,0.0,40,4352,0.058878666
evaluation,sha256:6c9ae3e350242aa823f3f395634b5205732ae06226c7b93443a98162c0c05f4f,sha256:6c9ae3e350242aa823f3f395634b5205732ae06226c7b93443a98162c0c05f4f-failure,1307,adapt_vqe,noisy_sim,paper,high_change,same_backend_changed_context,,,B5,ibm_kyiv,ibm_kyiv,ibm_kyiv->ibm_kyiv,replay:ibm_kyiv,replay,1,1,1,8.0,0,1,0.016,0.0016,0.0105,0.018,0.00288,0.0189,0.0324,0.00128,0.0084,0.0144,0.024079999999999997,1.0,1.0,0.7366666666666667,0.55,0.18666666666666665,0.0,0.0,0,9,4,3328,4,0,0.5,4,4,-7.445144435287034,0.0030077898218747734,0.11559787129798031,0.0562509841574811,0.06445981602742161,4,0.08,1,qubit_wise_commuting,8,8704,1088.0,1088,4,4,40,5,adapt_pauli_pool,0.7944453866166293,0.8887867647058824,0,0,0,0.004607601739802014,0.0853627777039857,0.0036741043485824915,0.0,40,4352,0.059121875
evaluation,sha256:6e021c00900353f8e896b2118810678294b60017dad9b1eb86eda42c93e0ed91,sha256:6e021c00900353f8e896b2118810678294b60017dad9b1eb86eda42c93e0ed91-failure,1301,qaoa_maxcut,noisy_sim,paper,cross_backend,cross_backend_context,,,B5,ibm_kyiv,ibm_brisbane,ibm_kyiv->ibm_brisbane,migrate:ibm_brisbane,migrate,1,1,1,0.0,1,1,0.007,0.0016,0.0105,0.018,0.0021,0.014,0.024,0.0004999999999999998,0.0034999999999999996,0.006000000000000002,0.010000000000000002,1.0,1.0,0.18166666666666667,0.0,0.08166666666666667,0.1,0.0,0,9,1,4064,0,0,1.0,4,4,-5.584706427045681,2.0571556422240453,5.689848155953331,2.056565272619161,5.411340861778749,4,0.12,1,qubit_wise_commuting,1,4064,4064.0,4064,4,0,10,6,qaoa_maxcut,5.175864284177521,0.13705708661417323,0,0,0,0.8187748005831992,0.18684723831048136,2.898076439324116,0.03899099143043472,40,16256,1.631262667
evaluation,sha256:6e021c00900353f8e896b2118810678294b60017dad9b1eb86eda42c93e0ed91,sha256:6e021c00900353f8e896b2118810678294b60017dad9b1eb86eda42c93e0ed91-failure,1301,qaoa_maxcut,noisy_sim,paper,cross_backend,cross_backend_context,,,B5,ibm_kyiv,ibm_sherbrooke,ibm_kyiv->ibm_sherbrooke,migrate:ibm_sherbrooke,migrate,1,1,1,0.0,1,1,0.0018999999999999998,0.0016,0.0105,0.018,0.0012,0.0095,0.017,0.0004000000000000002,0.0010000000000000009,0.0009999999999999974,0.0023999999999999985,1.0,1.0,0.12216666666666667,0.0,0.02216666666666666,0.1,0.0,1,9,1,4064,0,0,1.0,4,4,-5.584706427045681,2.0571556422240453,5.689848155953331,2.056565272619161,5.411340861778749,4,0.12,1,qubit_wise_commuting,1,4064,4064.0,4064,4,0,10,6,qaoa_maxcut,5.175864284177521,0.13705708661417323,0,0,0,0.4135694242672665,0.15743255218650923,1.1331332453194507,0.0,40,16256,1.628917459
evaluation,sha256:6ec136725a712126f892a4520400b5674ad931841329e3eddf6c8c7ab5930872,sha256:6ec136725a712126f892a4520400b5674ad931841329e3eddf6c8c7ab5930872-failure,1306,lih_vqe,noisy_sim,paper,same_backend_delay,cross_backend_context,,,B5,ibm_kyiv,ibm_sherbrooke,ibm_kyiv->ibm_sherbrooke,migrate:ibm_sherbrooke,migrate,1,1,1,0.0,1,1,0.0018999999999999998,0.0016,0.0105,0.018,0.0012,0.0095,0.017,0.0004000000000000002,0.0010000000000000009,0.0009999999999999974,0.0023999999999999985,1.0,1.0,0.12216666666666667,0.0,0.02216666666666666,0.1,0.0,1,9,4,5120,4,0,0.5,4,4,-7.82487787302106,0.07438782657475507,0.5659173379455464,0.07510902574728098,0.3836056843132596,20,0.085,1,qubit_wise_commuting,8,12288,1536.0,1536,20,0,40,5,entangling_ry_rz_brickwork,1.746248797391397,0.7434895833333334,0,0,0,0.001408792244579793,0.02087284087165624,0.01026641760009396,0.00018570083626556766,168,6144,0.932061208
evaluation,sha256:6ec136725a712126f892a4520400b5674ad931841329e3eddf6c8c7ab5930872,sha256:6ec136725a712126f892a4520400b5674ad931841329e3eddf6c8c7ab5930872-failure,1306,lih_vqe,noisy_sim,paper,same_backend_delay,same_backend_changed_context,,,B5,ibm_kyiv,ibm_kyiv,ibm_kyiv->ibm_kyiv,replay:ibm_kyiv,replay,1,1,1,4.0,0,1,0.007999999999999998,0.0016,0.0105,0.018,0.00224,0.0147,0.025199999999999997,0.0006399999999999997,0.004199999999999999,0.007199999999999998,0.012039999999999997,1.0,1.0,0.5333333333333333,0.44000000000000006,0.09333333333333331,0.0,0.0,0,9,4,5120,4,0,0.5,4,4,-7.82487787302106,0.07438782657475507,0.5659173379455464,0.07510902574728098,0.3836056843132596,20,0.085,1,qubit_wise_commuting,8,12288,1536.0,1536,20,0,40,5,entangling_ry_rz_brickwork,1.746248797391397,0.7434895833333334,0,0,0,0.003493714615229848,0.05069205966466326,0.02748690583721174,0.0,168,6144,0.930995333
evaluation,sha256:707d3e6d17526fb3d6ce14f383be791076cdbb7729c3fb9fb61dbf9d8d7bce1b,sha256:707d3e6d17526fb3d6ce14f383be791076cdbb7729c3fb9fb61dbf9d8d7bce1b-failure,1304,qaoa_maxcut,noisy_sim,paper,same_backend_delay,cross_backend_context,,,B5,ibm_kyiv,ibm_sherbrooke,ibm_kyiv->ibm_sherbrooke,migrate:ibm_sherbrooke,migrate,1,1,1,0.0,1,1,0.0018999999999999998,0.0016,0.0105,0.018,0.0012,0.0095,0.017,0.0004000000000000002,0.0010000000000000009,0.0009999999999999974,0.0023999999999999985,1.0,1.0,0.12216666666666667,0.0,0.02216666666666666,0.1,0.0,1,9,1,4128,0,0,1.0,4,4,-5.448328449800175,1.1980961709031988,2.9007832718447655,1.1806879380719066,2.596205561970461,4,0.12,1,qubit_wise_commuting,1,4128,4128.0,4128,4,0,10,6,qaoa_maxcut,5.343017814816369,0.12911821705426357,0,0,1,0.2560147810832696,0.07674605203260326,0.2719131058387712,0.0,40,16512,1.612058542
evaluation,sha256:707d3e6d17526fb3d6ce14f383be791076cdbb7729c3fb9fb61dbf9d8d7bce1b,sha256:707d3e6d17526fb3d6ce14f383be791076cdbb7729c3fb9fb61dbf9d8d7bce1b-failure,1304,qaoa_maxcut,noisy_sim,paper,same_backend_delay,same_backend_changed_context,,,B5,ibm_kyiv,ibm_kyiv,ibm_kyiv->ibm_kyiv,replay:ibm_kyiv,replay,1,1,1,4.0,0,1,0.007999999999999998,0.0016,0.0105,0.018,0.00224,0.0147,0.025199999999999997,0.0006399999999999997,0.004199999999999999,0.007199999999999998,0.012039999999999997,1.0,1.0,0.5333333333333333,0.44000000000000006,0.09333333333333331,0.0,0.0,0,9,1,4128,0,0,1.0,4,4,-5.448328449800175,1.1980961709031988,2.9007832718447655,1.1806879380719066,2.596205561970461,4,0.12,1,qubit_wise_commuting,1,4128,4128.0,4128,4,0,10,6,qaoa_maxcut,5.343017814816369,0.12911821705426357,0,0,0,0.1637325477511684,0.10215893505285707,0.6928085135348182,0.13585552734991957,40,16512,1.657891083
evaluation,sha256:70bd4bbc13085e61a0c128df5a22f4fc1849dea7be49be6925aa3e2dd893e6ba,sha256:70bd4bbc13085e61a0c128df5a22f4fc1849dea7be49be6925aa3e2dd893e6ba-failure,1306,adapt_vqe,noisy_sim,paper,no_change,same_backend_no_change,,,B5,ibm_kyiv,ibm_kyiv,ibm_kyiv->ibm_kyiv,replay:ibm_kyiv,replay,1,1,1,0.0,0,1,0.0,0.0016,0.0105,0.018,0.0016,0.0105,0.018,0.0,0.0,0.0,0.0,1.0,1.0,0.0,0.0,0.0,0.0,0.0,1,9,4,3328,4,0,0.5,4,4,-7.451706020888363,0.002846527748676664,0.11576600519947387,0.050798214959312124,0.09361887664133385,4,0.08,1,qubit_wise_commuting,8,8704,1088.0,1088,4,4,40,5,adapt_pauli_pool,0.6510608935386798,0.9117647058823529,1,1,1,0.0,0.0,0.0,0.0,0,0,0.065000334
evaluation,sha256:70d7d0d52ed57826bbb1c1a200ec5f3150419f5205ba224845fed371aa8609db,sha256:70d7d0d52ed57826bbb1c1a200ec5f3150419f5205ba224845fed371aa8609db-failure,1304,h2_vqe,noisy_sim,paper,same_backend_delay,cross_backend_context,,,B5,ibm_kyiv,ibm_sherbrooke,ibm_kyiv->ibm_sherbrooke,migrate:ibm_sherbrooke,migrate,1,1,1,0.0,1,1,0.0018999999999999998,0.0016,0.0105,0.018,0.0012,0.0095,0.017,0.0004000000000000002,0.0010000000000000009,0.0009999999999999974,0.0023999999999999985,1.0,1.0,0.12216666666666667,0.0,0.02216666666666666,0.1,0.0,1,9,3,2976,4,0,0.42857142857142855,4,4,-1.9687862211213425,0.04273409714050991,0.31549194751143816,0.049075458919626246,0.27654709079669715,12,0.105,1,qubit_wise_commuting,7,8736,1248.0,1248,12,0,24,4,entangling_ry_rz_brickwork,1.1026511670591925,0.8389423076923077,0,0,0,0.0050196867424996405,0.011818843137112086,0.005462802863911526,0.0,104,4992,0.25997725
evaluation,sha256:70d7d0d52ed57826bbb1c1a200ec5f3150419f5205ba224845fed371aa8609db,sha256:70d7d0d52ed57826bbb1c1a200ec5f3150419f5205ba224845fed371aa8609db-failure,1304,h2_vqe,noisy_sim,paper,same_backend_delay,same_backend_changed_context,,,B5,ibm_kyiv,ibm_kyiv,ibm_kyiv->ibm_kyiv,replay:ibm_kyiv,replay,1,1,1,4.0,0,1,0.007999999999999998,0.0016,0.0105,0.018,0.00224,0.0147,0.025199999999999997,0.0006399999999999997,0.004199999999999999,0.007199999999999998,0.012039999999999997,1.0,1.0,0.5333333333333333,0.44000000000000006,0.09333333333333331,0.0,0.0,0,9,3,2976,4,0,0.42857142857142855,4,4,-1.9687862211213425,0.04273409714050991,0.31549194751143816,0.049075458919626246,0.27654709079669715,12,0.105,1,qubit_wise_commuting,7,8736,1248.0,1248,12,0,24,4,entangling_ry_rz_brickwork,1.1026511670591925,0.8389423076923077,0,0,0,0.012193865629263723,0.06641188997702303,0.015015356562292904,0.01134927265262875,104,4992,0.260851792
evaluation,sha256:7b508bfb9f73665c076026e50e739075c6d8bff54b635ddf7eb5d1485f9f487f,sha256:7b508bfb9f73665c076026e50e739075c6d8bff54b635ddf7eb5d1485f9f487f-failure,1307,qaoa_maxcut,noisy_sim,paper,same_backend_delay,cross_backend_context,,,B5,ibm_kyiv,ibm_sherbrooke,ibm_kyiv->ibm_sherbrooke,migrate:ibm_sherbrooke,migrate,1,1,1,0.0,1,1,0.0018999999999999998,0.0016,0.0105,0.018,0.0012,0.0095,0.017,0.0004000000000000002,0.0010000000000000009,0.0009999999999999974,0.0023999999999999985,1.0,1.0,0.12216666666666667,0.0,0.02216666666666666,0.1,0.0,1,9,1,4160,0,0,1.0,4,4,-5.702642332240706,1.8415611902863156,6.50120243139268,1.941581832825813,6.441596207478502,4,0.12,1,qubit_wise_commuting,1,4160,4160.0,4160,4,0,10,6,qaoa_maxcut,5.966226568790981,0.028365384615384615,0,0,1,0.05877569792183168,0.07524202236346901,0.34534481515534915,0.0,40,16640,1.611461167
evaluation,sha256:7b508bfb9f73665c076026e50e739075c6d8bff54b635ddf7eb5d1485f9f487f,sha256:7b508bfb9f73665c076026e50e739075c6d8bff54b635ddf7eb5d1485f9f487f-failure,1307,qaoa_maxcut,noisy_sim,paper,same_backend_delay,same_backend_changed_context,,,B5,ibm_kyiv,ibm_kyiv,ibm_kyiv->ibm_kyiv,replay:ibm_kyiv,replay,1,1,1,4.0,0,1,0.007999999999999998,0.0016,0.0105,0.018,0.00224,0.0147,0.025199999999999997,0.0006399999999999997,0.004199999999999999,0.007199999999999998,0.012039999999999997,1.0,1.0,0.5333333333333333,0.44000000000000006,0.09333333333333331,0.0,0.0,0,9,1,4160,0,0,1.0,4,4,-5.702642332240706,1.8415611902863156,6.50120243139268,1.941581832825813,6.441596207478502,4,0.12,1,qubit_wise_commuting,1,4160,4160.0,4160,4,0,10,6,qaoa_maxcut,5.966226568790981,0.028365384615384615,0,0,0,0.08667144618610578,0.11153299719642128,1.154859357397908,0.019638835247851816,40,16640,1.631680375
evaluation,sha256:7cf7c61f85ab26b8a46054e8de386b71884cd6a7e20e2b49792224bee1b4f1b9,sha256:7cf7c61f85ab26b8a46054e8de386b71884cd6a7e20e2b49792224bee1b4f1b9-failure,1301,adapt_vqe,noisy_sim,paper,no_change,same_backend_no_change,,,B5,ibm_kyiv,ibm_kyiv,ibm_kyiv->ibm_kyiv,replay:ibm_kyiv,replay,1,1,1,0.0,0,1,0.0,0.0016,0.0105,0.018,0.0016,0.0105,0.018,0.0,0.0,0.0,0.0,1.0,1.0,0.0,0.0,0.0,0.0,0.0,1,9,4,3328,4,0,0.5,4,4,-7.455666326214058,0.001466252130540191,0.0803899033653419,0.033902570237476226,0.062221330509358734,4,0.08,1,qubit_wise_commuting,8,8704,1088.0,1088,4,4,40,5,adapt_pauli_pool,0.7072665368026616,0.9016544117647058,1,1,1,0.0,0.0,0.0,0.0,0,0,0.05837175
evaluation,sha256:7dedbf734b083567574764d0918a05bae2c3fe2ea4ca5936b603d24fb801eb9a,sha256:7dedbf734b083567574764d0918a05bae2c3fe2ea4ca5936b603d24fb801eb9a-failure,1302,lih_vqe,noisy_sim,paper,no_change,same_backend_no_change,,,B5,ibm_kyiv,ibm_kyiv,ibm_kyiv->ibm_kyiv,replay:ibm_kyiv,replay,1,1,1,0.0,0,1,0.0,0.0016,0.0105,0.018,0.0016,0.0105,0.018,0.0,0.0,0.0,0.0,1.0,1.0,0.0,0.0,0.0,0.0,0.0,1,9,4,4480,4,0,0.5,4,4,-7.636379931705408,0.057675003767389654,0.5122793641359737,0.06686400041367137,0.3685427717615634,20,0.085,1,qubit_wise_commuting,8,11008,1376.0,1376,20,0,40,5,entangling_ry_rz_brickwork,1.8099224490038899,0.7354651162790697,1,1,1,0.0,0.0,0.0,0.0,0,0,0.930443125
evaluation,sha256:7fba988ce1b6800cd2dbf0d4578146eed2203d5281db0ca4cc480cbefdbfae37,sha256:7fba988ce1b6800cd2dbf0d4578146eed2203d5281db0ca4cc480cbefdbfae37-failure,1306,lih_vqe,noisy_sim,paper,high_change,cross_backend_context,,,B5,ibm_kyiv,ibm_brisbane,ibm_kyiv->ibm_brisbane,migrate:ibm_brisbane,migrate,1,1,1,6.0,1,1,0.023860000000000006,0.0016,0.0105,0.018,0.00336,0.022400000000000003,0.038400000000000004,0.00176,0.011900000000000003,0.020400000000000005,0.03406000000000001,1.0,1.0,0.9283666666666667,0.55,0.2783666666666667,0.1,0.0,0,9,4,5120,4,0,0.5,4,4,-7.82487787302106,0.07438782657475507,0.5659173379455464,0.07510902574728098,0.3836056843132596,20,0.085,1,qubit_wise_commuting,8,12288,1536.0,1536,20,0,40,5,entangling_ry_rz_brickwork,1.746248797391397,0.7434895833333334,0,0,0,0.009210599889261317,0.12697330400018939,0.07527951739311199,0.0,168,6144,0.930481417
evaluation,sha256:7fba988ce1b6800cd2dbf0d4578146eed2203d5281db0ca4cc480cbefdbfae37,sha256:7fba988ce1b6800cd2dbf0d4578146eed2203d5281db0ca4cc480cbefdbfae37-failure,1306,lih_vqe,noisy_sim,paper,high_change,same_backend_changed_context,,,B5,ibm_kyiv,ibm_kyiv,ibm_kyiv->ibm_kyiv,replay:ibm_kyiv,replay,1,1,1,8.0,0,1,0.016,0.0016,0.0105,0.018,0.00288,0.0189,0.0324,0.00128,0.0084,0.0144,0.024079999999999997,1.0,1.0,0.7366666666666667,0.55,0.18666666666666665,0.0,0.0,0,9,4,5120,4,0,0.5,4,4,-7.82487787302106,0.07438782657475507,0.5659173379455464,0.07510902574728098,0.3836056843132596,20,0.085,1,qubit_wise_commuting,8,12288,1536.0,1536,20,0,40,5,entangling_ry_rz_brickwork,1.746248797391397,0.7434895833333334,0,0,0,0.00674433849840117,0.09330136933233471,0.05424066408215405,0.0,168,6144,0.934165458
evaluation,sha256:80a934b7e2f4697e87d2d88dd36d329f02e9c4166e0a5931e4d3bb3d5abc6a65,sha256:80a934b7e2f4697e87d2d88dd36d329f02e9c4166e0a5931e4d3bb3d5abc6a65-failure,1304,adapt_vqe,noisy_sim,paper,high_change,cross_backend_context,,,B5,ibm_kyiv,ibm_brisbane,ibm_kyiv->ibm_brisbane,migrate:ibm_brisbane,migrate,1,1,1,6.0,1,1,0.023860000000000006,0.0016,0.0105,0.018,0.00336,0.022400000000000003,0.038400000000000004,0.00176,0.011900000000000003,0.020400000000000005,0.03406000000000001,1.0,1.0,0.9283666666666667,0.55,0.2783666666666667,0.1,0.0,0,9,4,3328,4,0,0.5,4,4,-7.447058395127221,0.001243528180109088,0.07173272585443916,0.02518051845571042,0.06770797497989516,4,0.08,1,qubit_wise_commuting,8,8704,1088.0,1088,4,4,40,5,adapt_pauli_pool,0.6047423667382925,0.9200367647058824,0,0,0,0.0064805350854877375,0.12459807030851218,0.0050502719783209445,0.0,40,4352,0.058529333
evaluation,sha256:80a934b7e2f4697e87d2d88dd36d329f02e9c4166e0a5931e4d3bb3d5abc6a65,sha256:80a934b7e2f4697e87d2d88dd36d329f02e9c4166e0a5931e4d3bb3d5abc6a65-failure,1304,adapt_vqe,noisy_sim,paper,high_change,same_backend_changed_context,,,B5,ibm_kyiv,ibm_kyiv,ibm_kyiv->ibm_kyiv,replay:ibm_kyiv,replay,1,1,1,8.0,0,1,0.016,0.0016,0.0105,0.018,0.00288,0.0189,0.0324,0.00128,0.0084,0.0144,0.024079999999999997,1.0,1.0,0.7366666666666667,0.55,0.18666666666666665,0.0,0.0,0,9,4,3328,4,0,0.5,4,4,-7.447058395127221,0.001243528180109088,0.07173272585443916,0.02518051845571042,0.06770797497989516,4,0.08,1,qubit_wise_commuting,8,8704,1088.0,1088,4,4,40,5,adapt_pauli_pool,0.6047423667382925,0.9200367647058824,0,0,0,0.0046176049270636454,0.10497343322199026,0.0036745024159798596,0.0,40,4352,0.060148417
evaluation,sha256:8114846fa46d480566deb360f92a9429b9932a5e0a51dcc71ad40681464dd8db,sha256:8114846fa46d480566deb360f92a9429b9932a5e0a51dcc71ad40681464dd8db-failure,1304,qaoa_maxcut,noisy_sim,paper,high_change,cross_backend_context,,,B5,ibm_kyiv,ibm_brisbane,ibm_kyiv->ibm_brisbane,migrate:ibm_brisbane,migrate,1,1,1,6.0,1,1,0.023860000000000006,0.0016,0.0105,0.018,0.00336,0.022400000000000003,0.038400000000000004,0.00176,0.011900000000000003,0.020400000000000005,0.03406000000000001,1.0,1.0,0.9283666666666667,0.55,0.2783666666666667,0.1,0.0,0,9,1,4128,0,0,1.0,4,4,-5.448328449800175,1.1980961709031988,2.9007832718447655,1.1806879380719066,2.596205561970461,4,0.12,1,qubit_wise_commuting,1,4128,4128.0,4128,4,0,10,6,qaoa_maxcut,5.343017814816369,0.12911821705426357,0,0,0,0.2350014407391896,0.14480602166880488,1.007729579948775,0.3545989448047404,40,16512,1.616439833
evaluation,sha256:8114846fa46d480566deb360f92a9429b9932a5e0a51dcc71ad40681464dd8db,sha256:8114846fa46d480566deb360f92a9429b9932a5e0a51dcc71ad40681464dd8db-failure,1304,qaoa_maxcut,noisy_sim,paper,high_change,same_backend_changed_context,,,B5,ibm_kyiv,ibm_kyiv,ibm_kyiv->ibm_kyiv,replay:ibm_kyiv,replay,1,1,1,8.0,0,1,0.016,0.0016,0.0105,0.018,0.00288,0.0189,0.0324,0.00128,0.0084,0.0144,0.024079999999999997,1.0,1.0,0.7366666666666667,0.55,0.18666666666666665,0.0,0.0,0,9,1,4128,0,0,1.0,4,4,-5.448328449800175,1.1980961709031988,2.9007832718447655,1.1806879380719066,2.596205561970461,4,0.12,1,qubit_wise_commuting,1,4128,4128.0,4128,4,0,10,6,qaoa_maxcut,5.343017814816369,0.12911821705426357,0,0,0,0.09628235879701386,0.133065853252722,0.9591996943363434,0.2601600122154064,40,16512,1.758965458
evaluation,sha256:825f2295f5171b8ea2618acc23a91df3891d97ad9e9ba970875b141da1af659b,sha256:825f2295f5171b8ea2618acc23a91df3891d97ad9e9ba970875b141da1af659b-failure,1306,qaoa_maxcut,noisy_sim,paper,safe_change,same_backend_changed_context,,,B5,ibm_kyiv,ibm_kyiv,ibm_kyiv->ibm_kyiv,replay:ibm_kyiv,replay,1,1,1,0.1,0,1,0.00020000000000000017,0.0016,0.0105,0.018,0.001616,0.010605000000000002,0.018179999999999998,1.5999999999999955e-05,0.00010500000000000093,0.0001799999999999996,0.0003010000000000005,1.0,1.0,0.013333333333333336,0.011000000000000001,0.0023333333333333353,0.0,0.0,1,9,1,4160,0,0,1.0,4,4,-5.928142888081208,2.544203874086161,5.913345921750141,2.610995737591621,4.082548118781412,4,0.12,1,qubit_wise_commuting,1,4160,4160.0,4160,4,0,10,6,qaoa_maxcut,5.512625221458563,0.07067307692307692,1,1,1,0.05917389426486919,0.04958245859537315,0.03629636388502521,0.0026543387953630315,0,0,1.60732275
evaluation,sha256:8284d752936c36766c0089257a42558dacb5407771eeaefbbd7c6b8484d91109,sha256:8284d752936c36766c0089257a42558dacb5407771eeaefbbd7c6b8484d91109-failure,1305,qaoa_maxcut,noisy_sim,paper,cross_backend,cross_backend_context,,,B5,ibm_kyiv,ibm_brisbane,ibm_kyiv->ibm_brisbane,migrate:ibm_brisbane,migrate,1,1,1,0.0,1,1,0.007,0.0016,0.0105,0.018,0.0021,0.014,0.024,0.0004999999999999998,0.0034999999999999996,0.006000000000000002,0.010000000000000002,1.0,1.0,0.18166666666666667,0.0,0.08166666666666667,0.1,0.0,0,9,1,4096,0,0,1.0,4,4,-6.865963036703643,3.3265847376036497,8.033356459551316,3.051364340927222,6.627292141289567,4,0.12,1,qubit_wise_commuting,1,4096,4096.0,4096,4,0,10,6,qaoa_maxcut,5.570054055497644,0.09423828125,0,0,0,0.3584774071903132,0.13139859975121596,0.7450235086474313,0.08678844258850305,40,16384,1.656104583
evaluation,sha256:8284d752936c36766c0089257a42558dacb5407771eeaefbbd7c6b8484d91109,sha256:8284d752936c36766c0089257a42558dacb5407771eeaefbbd7c6b8484d91109-failure,1305,qaoa_maxcut,noisy_sim,paper,cross_backend,cross_backend_context,,,B5,ibm_kyiv,ibm_sherbrooke,ibm_kyiv->ibm_sherbrooke,migrate:ibm_sherbrooke,migrate,1,1,1,0.0,1,1,0.0018999999999999998,0.0016,0.0105,0.018,0.0012,0.0095,0.017,0.0004000000000000002,0.0010000000000000009,0.0009999999999999974,0.0023999999999999985,1.0,1.0,0.12216666666666667,0.0,0.02216666666666666,0.1,0.0,1,9,1,4096,0,0,1.0,4,4,-6.865963036703643,3.3265847376036497,8.033356459551316,3.051364340927222,6.627292141289567,4,0.12,1,qubit_wise_commuting,1,4096,4096.0,4096,4,0,10,6,qaoa_maxcut,5.570054055497644,0.09423828125,0,0,0,0.36219521405135957,0.10500269082784304,0.22234091261157854,0.0,40,16384,1.677516792
evaluation,sha256:82ed8af4078ef0441b449cb47700d9f0ba4484dba3caba56e387642e7d3d64a3,sha256:82ed8af4078ef0441b449cb47700d9f0ba4484dba3caba56e387642e7d3d64a3-failure,1307,h2_vqe,noisy_sim,paper,cross_backend,cross_backend_context,,,B5,ibm_kyiv,ibm_brisbane,ibm_kyiv->ibm_brisbane,migrate:ibm_brisbane,migrate,1,1,1,0.0,1,1,0.007,0.0016,0.0105,0.018,0.0021,0.014,0.024,0.0004999999999999998,0.0034999999999999996,0.006000000000000002,0.010000000000000002,1.0,1.0,0.18166666666666667,0.0,0.08166666666666667,0.1,0.0,0,9,3,2976,4,0,0.42857142857142855,4,4,-2.016183347055062,0.021896685129227933,0.22266894950893712,0.04373685915532588,0.17745908243377173,12,0.105,1,qubit_wise_commuting,7,8736,1248.0,1248,12,0,24,4,entangling_ry_rz_brickwork,1.0148205316560235,0.8573717948717948,0,0,0,0.010124339968154317,0.06970791127025439,0.011796089400248113,0.009795938099196544,104,4992,0.265096208
evaluation,sha256:82ed8af4078ef0441b449cb47700d9f0ba4484dba3caba56e387642e7d3d64a3,sha256:82ed8af4078ef0441b449cb47700d9f0ba4484dba3caba56e387642e7d3d64a3-failure,1307,h2_vqe,noisy_sim,paper,cross_backend,cross_backend_context,,,B5,ibm_kyiv,ibm_sherbrooke,ibm_kyiv->ibm_sherbrooke,migrate:ibm_sherbrooke,migrate,1,1,1,0.0,1,1,0.0018999999999999998,0.0016,0.0105,0.018,0.0012,0.0095,0.017,0.0004000000000000002,0.0010000000000000009,0.0009999999999999974,0.0023999999999999985,1.0,1.0,0.12216666666666667,0.0,0.02216666666666666,0.1,0.0,1,9,3,2976,4,0,0.42857142857142855,4,4,-2.016183347055062,0.021896685129227933,0.22266894950893712,0.04373685915532588,0.17745908243377173,12,0.105,1,qubit_wise_commuting,7,8736,1248.0,1248,12,0,24,4,entangling_ry_rz_brickwork,1.0148205316560235,0.8573717948717948,0,0,0,0.005111531823775994,0.03876341298506187,0.005187039975231444,0.0,104,4992,0.263623167
evaluation,sha256:844d348ff9356bf142aec99dd906380cf78020d61835be07f7760f92ecb036a0,sha256:844d348ff9356bf142aec99dd906380cf78020d61835be07f7760f92ecb036a0-failure,1306,adapt_vqe,noisy_sim,paper,high_change,cross_backend_context,,,B5,ibm_kyiv,ibm_brisbane,ibm_kyiv->ibm_brisbane,migrate:ibm_brisbane,migrate,1,1,1,6.0,1,1,0.023860000000000006,0.0016,0.0105,0.018,0.00336,0.022400000000000003,0.038400000000000004,0.00176,0.011900000000000003,0.020400000000000005,0.03406000000000001,1.0,1.0,0.9283666666666667,0.55,0.2783666666666667,0.1,0.0,0,9,4,3328,4,0,0.5,4,4,-7.451706020888363,0.002846527748676664,0.11576600519947387,0.050798214959312124,0.09361887664133385,4,0.08,1,qubit_wise_commuting,8,8704,1088.0,1088,4,4,40,5,adapt_pauli_pool,0.6510608935386798,0.9117647058823529,0,0,0,0.006440165357872729,0.12418713172321859,0.005159405661056509,0.0,40,4352,0.058409666
evaluation,sha256:844d348ff9356bf142aec99dd906380cf78020d61835be07f7760f92ecb036a0,sha256:844d348ff9356bf142aec99dd906380cf78020d61835be07f7760f92ecb036a0-failure,1306,adapt_vqe,noisy_sim,paper,high_change,same_backend_changed_context,,,B5,ibm_kyiv,ibm_kyiv,ibm_kyiv->ibm_kyiv,replay:ibm_kyiv,replay,1,1,1,8.0,0,1,0.016,0.0016,0.0105,0.018,0.00288,0.0189,0.0324,0.00128,0.0084,0.0144,0.024079999999999997,1.0,1.0,0.7366666666666667,0.55,0.18666666666666665,0.0,0.0,0,9,4,3328,4,0,0.5,4,4,-7.451706020888363,0.002846527748676664,0.11576600519947387,0.050798214959312124,0.09361887664133385,4,0.08,1,qubit_wise_commuting,8,8704,1088.0,1088,4,4,40,5,adapt_pauli_pool,0.6510608935386798,0.9117647058823529,0,0,0,0.004588225945349578,0.10092506044811703,0.003754048109824796,0.0,40,4352,0.0590315
evaluation,sha256:84d885464d637fe4a10bd99d8e6aa8f849a206e28d9123fe87540703655c8058,sha256:84d885464d637fe4a10bd99d8e6aa8f849a206e28d9123fe87540703655c8058-failure,1303,lih_vqe,noisy_sim,paper,no_change,same_backend_no_change,,,B5,ibm_kyiv,ibm_kyiv,ibm_kyiv->ibm_kyiv,replay:ibm_kyiv,replay,1,1,1,0.0,0,1,0.0,0.0016,0.0105,0.018,0.0016,0.0105,0.018,0.0,0.0,0.0,0.0,1.0,1.0,0.0,0.0,0.0,0.0,0.0,1,9,4,4480,4,0,0.5,4,4,-7.617926519454549,0.0702913266397589,0.5530268528175069,0.05933090064776268,0.40307915677673856,20,0.085,1,qubit_wise_commuting,8,11008,1376.0,1376,20,0,40,5,entangling_ry_rz_brickwork,1.2856105711413355,0.8241279069767442,1,1,1,0.0,0.0,0.0,0.0,0,0,0.930708958
evaluation,sha256:8579004bbe628f5aa2d6ed1e494494bec75ad047c94f7c80b8f0441e52299d08,sha256:8579004bbe628f5aa2d6ed1e494494bec75ad047c94f7c80b8f0441e52299d08-failure,1307,h2_vqe,noisy_sim,paper,same_backend_delay,cross_backend_context,,,B5,ibm_kyiv,ibm_sherbrooke,ibm_kyiv->ibm_sherbrooke,migrate:ibm_sherbrooke,migrate,1,1,1,0.0,1,1,0.0018999999999999998,0.0016,0.0105,0.018,0.0012,0.0095,0.017,0.0004000000000000002,0.0010000000000000009,0.0009999999999999974,0.0023999999999999985,1.0,1.0,0.12216666666666667,0.0,0.02216666666666666,0.1,0.0,1,9,3,2976,4,0,0.42857142857142855,4,4,-2.016183347055062,0.021896685129227933,0.22266894950893712,0.04373685915532588,0.17745908243377173,12,0.105,1,qubit_wise_commuting,7,8736,1248.0,1248,12,0,24,4,entangling_ry_rz_brickwork,1.0148205316560235,0.8573717948717948,0,0,0,0.005111531823775994,0.03876341298506187,0.005187039975231444,0.0,104,4992,0.269419125
evaluation,sha256:8579004bbe628f5aa2d6ed1e494494bec75ad047c94f7c80b8f0441e52299d08,sha256:8579004bbe628f5aa2d6ed1e494494bec75ad047c94f7c80b8f0441e52299d08-failure,1307,h2_vqe,noisy_sim,paper,same_backend_delay,same_backend_changed_context,,,B5,ibm_kyiv,ibm_kyiv,ibm_kyiv->ibm_kyiv,replay:ibm_kyiv,replay,1,1,1,4.0,0,1,0.007999999999999998,0.0016,0.0105,0.018,0.00224,0.0147,0.025199999999999997,0.0006399999999999997,0.004199999999999999,0.007199999999999998,0.012039999999999997,1.0,1.0,0.5333333333333333,0.44000000000000006,0.09333333333333331,0.0,0.0,0,9,3,2976,4,0,0.42857142857142855,4,4,-2.016183347055062,0.021896685129227933,0.22266894950893712,0.04373685915532588,0.17745908243377173,12,0.105,1,qubit_wise_commuting,7,8736,1248.0,1248,12,0,24,4,entangling_ry_rz_brickwork,1.0148205316560235,0.8573717948717948,0,0,0,0.012444862955088176,0.07538088009799558,0.01442016704423524,0.012044293070436307,104,4992,0.259449667
evaluation,sha256:858fd789a0b21d1d570704cd0ed7711b0b71513c6031581c8218a5684fcc9756,sha256:858fd789a0b21d1d570704cd0ed7711b0b71513c6031581c8218a5684fcc9756-failure,1301,h2_vqe,noisy_sim,paper,safe_change,same_backend_changed_context,,,B5,ibm_kyiv,ibm_kyiv,ibm_kyiv->ibm_kyiv,replay:ibm_kyiv,replay,1,1,1,0.1,0,1,0.00020000000000000017,0.0016,0.0105,0.018,0.001616,0.010605000000000002,0.018179999999999998,1.5999999999999955e-05,0.00010500000000000093,0.0001799999999999996,0.0003010000000000005,1.0,1.0,0.013333333333333336,0.011000000000000001,0.0023333333333333353,0.0,0.0,1,9,3,2976,4,0,0.42857142857142855,4,4,-2.022018378809608,0.028751831583225806,0.24750014780991553,0.047243351157137216,0.18593620724648555,12,0.105,1,qubit_wise_commuting,7,8736,1248.0,1248,12,0,24,4,entangling_ry_rz_brickwork,1.0362079836341518,0.8469551282051282,1,1,1,0.00032192942212327935,0.04586641096583188,0.00029182936079589285,0.000311952512920044,0,0,0.279418625
evaluation,sha256:85929f3b8c25a8f1636b93d24239167149699f90793c6b33886d5d4dd9c53086,sha256:85929f3b8c25a8f1636b93d24239167149699f90793c6b33886d5d4dd9c53086-failure,1305,h2_vqe,noisy_sim,paper,safe_change,same_backend_changed_context,,,B5,ibm_kyiv,ibm_kyiv,ibm_kyiv->ibm_kyiv,replay:ibm_kyiv,replay,1,1,1,0.1,0,1,0.00020000000000000017,0.0016,0.0105,0.018,0.001616,0.010605000000000002,0.018179999999999998,1.5999999999999955e-05,0.00010500000000000093,0.0001799999999999996,0.0003010000000000005,1.0,1.0,0.013333333333333336,0.011000000000000001,0.0023333333333333353,0.0,0.0,1,9,3,2976,4,0,0.42857142857142855,4,4,-1.9389832356474626,0.05326419659542614,0.3535458581319045,0.05556417303137002,0.3158419978161353,12,0.105,1,qubit_wise_commuting,7,8736,1248.0,1248,12,0,24,4,entangling_ry_rz_brickwork,0.9868764035210424,0.8605769230769231,1,1,1,0.0003018637129212909,0.002411629568965809,0.00037355989744421625,0.0002749521162390689,0,0,0.262866959
evaluation,sha256:878056b134abc9445f5d0d71cbcd09c46e28ef3864176b05957581308bbdb632,sha256:878056b134abc9445f5d0d71cbcd09c46e28ef3864176b05957581308bbdb632-failure,1304,lih_vqe,noisy_sim,paper,same_backend_delay,cross_backend_context,,,B5,ibm_kyiv,ibm_sherbrooke,ibm_kyiv->ibm_sherbrooke,migrate:ibm_sherbrooke,migrate,1,1,1,0.0,1,1,0.0018999999999999998,0.0016,0.0105,0.018,0.0012,0.0095,0.017,0.0004000000000000002,0.0010000000000000009,0.0009999999999999974,0.0023999999999999985,1.0,1.0,0.12216666666666667,0.0,0.02216666666666666,0.1,0.0,1,9,4,4480,4,0,0.5,4,4,-7.743039730654524,0.0933411023300188,0.645971054546884,0.07640187692911896,0.44739437490562356,20,0.085,1,qubit_wise_commuting,8,11008,1376.0,1376,20,0,40,5,entangling_ry_rz_brickwork,1.5191021331446422,0.7776162790697675,0,0,0,0.0009260149162360065,0.02287106161748058,0.01037395791987352,0.0011822903192237888,168,5504,0.928090625
evaluation,sha256:878056b134abc9445f5d0d71cbcd09c46e28ef3864176b05957581308bbdb632,sha256:878056b134abc9445f5d0d71cbcd09c46e28ef3864176b05957581308bbdb632-failure,1304,lih_vqe,noisy_sim,paper,same_backend_delay,same_backend_changed_context,,,B5,ibm_kyiv,ibm_kyiv,ibm_kyiv->ibm_kyiv,replay:ibm_kyiv,replay,1,1,1,4.0,0,1,0.007999999999999998,0.0016,0.0105,0.018,0.00224,0.0147,0.025199999999999997,0.0006399999999999997,0.004199999999999999,0.007199999999999998,0.012039999999999997,1.0,1.0,0.5333333333333333,0.44000000000000006,0.09333333333333331,0.0,0.0,0,9,4,4480,4,0,0.5,4,4,-7.743039730654524,0.0933411023300188,0.645971054546884,0.07640187692911896,0.44739437490562356,20,0.085,1,qubit_wise_commuting,8,11008,1376.0,1376,20,0,40,5,entangling_ry_rz_brickwork,1.5191021331446422,0.7776162790697675,0,0,0,0.0021591586146989528,0.05424634235917754,0.02778660472495859,0.0,168,5504,0.927767042
evaluation,sha256:8a350eb1fc0df5a13ec66a428e0b759c607415115b8a904c4778b2466bf410b2,sha256:8a350eb1fc0df5a13ec66a428e0b759c607415115b8a904c4778b2466bf410b2-failure,1304,adapt_vqe,noisy_sim,paper,cross_backend,cross_backend_context,,,B5,ibm_kyiv,ibm_brisbane,ibm_kyiv->ibm_brisbane,migrate:ibm_brisbane,migrate,1,1,1,0.0,1,1,0.007,0.0016,0.0105,0.018,0.0021,0.014,0.024,0.0004999999999999998,0.0034999999999999996,0.006000000000000002,0.010000000000000002,1.0,1.0,0.18166666666666667,0.0,0.08166666666666667,0.1,0.0,0,9,4,3328,4,0,0.5,4,4,-7.447058395127221,0.001243528180109088,0.07173272585443916,0.02518051845571042,0.06770797497989516,4,0.08,1,qubit_wise_commuting,8,8704,1088.0,1088,4,4,40,5,adapt_pauli_pool,0.6047423667382925,0.9200367647058824,0,0,0,0.0018865620018706508,0.03462864861588062,0.0014363543358287833,0.0,40,4352,0.058424541
evaluation,sha256:8a350eb1fc0df5a13ec66a428e0b759c607415115b8a904c4778b2466bf410b2,sha256:8a350eb1fc0df5a13ec66a428e0b759c607415115b8a904c4778b2466bf410b2-failure,1304,adapt_vqe,noisy_sim,paper,cross_backend,cross_backend_context,,,B5,ibm_kyiv,ibm_sherbrooke,ibm_kyiv->ibm_sherbrooke,migrate:ibm_sherbrooke,migrate,1,1,1,0.0,1,1,0.0018999999999999998,0.0016,0.0105,0.018,0.0012,0.0095,0.017,0.0004000000000000002,0.0010000000000000009,0.0009999999999999974,0.0023999999999999985,1.0,1.0,0.12216666666666667,0.0,0.02216666666666666,0.1,0.0,1,9,4,3328,4,0,0.5,4,4,-7.447058395127221,0.001243528180109088,0.07173272585443916,0.02518051845571042,0.06770797497989516,4,0.08,1,qubit_wise_commuting,8,8704,1088.0,1088,4,4,40,5,adapt_pauli_pool,0.6047423667382925,0.9200367647058824,0,0,0,0.0006735358185192553,0.01125740804807864,0.0011500089611593532,0.0006761013696703344,40,4352,0.058975375
evaluation,sha256:8a6645a197c13e52e72b70e8b7ca24edf54d0c2ee0581b2429d2468949fc89a0,sha256:8a6645a197c13e52e72b70e8b7ca24edf54d0c2ee0581b2429d2468949fc89a0-failure,1301,qaoa_maxcut,noisy_sim,paper,no_change,same_backend_no_change,,,B5,ibm_kyiv,ibm_kyiv,ibm_kyiv->ibm_kyiv,replay:ibm_kyiv,replay,1,1,1,0.0,0,1,0.0,0.0016,0.0105,0.018,0.0016,0.0105,0.018,0.0,0.0,0.0,0.0,1.0,1.0,0.0,0.0,0.0,0.0,0.0,1,9,1,4064,0,0,1.0,4,4,-5.584706427045681,2.0571556422240453,5.689848155953331,2.056565272619161,5.411340861778749,4,0.12,1,qubit_wise_commuting,1,4064,4064.0,4064,4,0,10,6,qaoa_maxcut,5.175864284177521,0.13705708661417323,1,1,1,0.0,0.0,0.0,0.0,0,0,1.608434375
evaluation,sha256:8bacc90521ce11f3ce3f63aeca38377f951aaeafa0cd47fac96fc6904cb6f85f,sha256:8bacc90521ce11f3ce3f63aeca38377f951aaeafa0cd47fac96fc6904cb6f85f-failure,1301,qaoa_maxcut,noisy_sim,paper,same_backend_delay,cross_backend_context,,,B5,ibm_kyiv,ibm_sherbrooke,ibm_kyiv->ibm_sherbrooke,migrate:ibm_sherbrooke,migrate,1,1,1,0.0,1,1,0.0018999999999999998,0.0016,0.0105,0.018,0.0012,0.0095,0.017,0.0004000000000000002,0.0010000000000000009,0.0009999999999999974,0.0023999999999999985,1.0,1.0,0.12216666666666667,0.0,0.02216666666666666,0.1,0.0,1,9,1,4064,0,0,1.0,4,4,-5.584706427045681,2.0571556422240453,5.689848155953331,2.056565272619161,5.411340861778749,4,0.12,1,qubit_wise_commuting,1,4064,4064.0,4064,4,0,10,6,qaoa_maxcut,5.175864284177521,0.13705708661417323,0,0,0,0.4135694242672665,0.15743255218650923,1.1331332453194507,0.0,40,16256,1.607982166
evaluation,sha256:8bacc90521ce11f3ce3f63aeca38377f951aaeafa0cd47fac96fc6904cb6f85f,sha256:8bacc90521ce11f3ce3f63aeca38377f951aaeafa0cd47fac96fc6904cb6f85f-failure,1301,qaoa_maxcut,noisy_sim,paper,same_backend_delay,same_backend_changed_context,,,B5,ibm_kyiv,ibm_kyiv,ibm_kyiv->ibm_kyiv,replay:ibm_kyiv,replay,1,1,1,4.0,0,1,0.007999999999999998,0.0016,0.0105,0.018,0.00224,0.0147,0.025199999999999997,0.0006399999999999997,0.004199999999999999,0.007199999999999998,0.012039999999999997,1.0,1.0,0.5333333333333333,0.44000000000000006,0.09333333333333331,0.0,0.0,0,9,1,4064,0,0,1.0,4,4,-5.584706427045681,2.0571556422240453,5.689848155953331,2.056565272619161,5.411340861778749,4,0.12,1,qubit_wise_commuting,1,4064,4064.0,4064,4,0,10,6,qaoa_maxcut,5.175864284177521,0.13705708661417323,0,0,0,0.5791594207352455,0.16415148282053388,2.7062373477587194,0.046651762731472424,40,16256,1.609638375
evaluation,sha256:8d9538b73510dafbe07a89c0577324518e24defa7b2607475da3a550c9237281,sha256:8d9538b73510dafbe07a89c0577324518e24defa7b2607475da3a550c9237281-failure,1301,adapt_vqe,noisy_sim,paper,high_change,cross_backend_context,,,B5,ibm_kyiv,ibm_brisbane,ibm_kyiv->ibm_brisbane,migrate:ibm_brisbane,migrate,1,1,1,6.0,1,1,0.023860000000000006,0.0016,0.0105,0.018,0.00336,0.022400000000000003,0.038400000000000004,0.00176,0.011900000000000003,0.020400000000000005,0.03406000000000001,1.0,1.0,0.9283666666666667,0.55,0.2783666666666667,0.1,0.0,0,9,4,3328,4,0,0.5,4,4,-7.455666326214058,0.001466252130540191,0.0803899033653419,0.033902570237476226,0.062221330509358734,4,0.08,1,qubit_wise_commuting,8,8704,1088.0,1088,4,4,40,5,adapt_pauli_pool,0.7072665368026616,0.9016544117647058,0,0,0,0.006435599234762002,0.14661200473638783,0.005111558615821465,0.0,40,4352,0.059021042
evaluation,sha256:8d9538b73510dafbe07a89c0577324518e24defa7b2607475da3a550c9237281,sha256:8d9538b73510dafbe07a89c0577324518e24defa7b2607475da3a550c9237281-failure,1301,adapt_vqe,noisy_sim,paper,high_change,same_backend_changed_context,,,B5,ibm_kyiv,ibm_kyiv,ibm_kyiv->ibm_kyiv,replay:ibm_kyiv,replay,1,1,1,8.0,0,1,0.016,0.0016,0.0105,0.018,0.00288,0.0189,0.0324,0.00128,0.0084,0.0144,0.024079999999999997,1.0,1.0,0.7366666666666667,0.55,0.18666666666666665,0.0,0.0,0,9,4,3328,4,0,0.5,4,4,-7.455666326214058,0.001466252130540191,0.0803899033653419,0.033902570237476226,0.062221330509358734,4,0.08,1,qubit_wise_commuting,8,8704,1088.0,1088,4,4,40,5,adapt_pauli_pool,0.7072665368026616,0.9016544117647058,0,0,0,0.00458491168698405,0.07966461248748466,0.003718903749128554,0.0,40,4352,0.060360458
evaluation,sha256:8dbb44f914db8699f3ea76c33f104fa83d5d368fdc364d798b5643db83eb1d88,sha256:8dbb44f914db8699f3ea76c33f104fa83d5d368fdc364d798b5643db83eb1d88-failure,1301,h2_vqe,noisy_sim,paper,same_backend_delay,cross_backend_context,,,B5,ibm_kyiv,ibm_sherbrooke,ibm_kyiv->ibm_sherbrooke,migrate:ibm_sherbrooke,migrate,1,1,1,0.0,1,1,0.0018999999999999998,0.0016,0.0105,0.018,0.0012,0.0095,0.017,0.0004000000000000002,0.0010000000000000009,0.0009999999999999974,0.0023999999999999985,1.0,1.0,0.12216666666666667,0.0,0.02216666666666666,0.1,0.0,1,9,3,2976,4,0,0.42857142857142855,4,4,-2.022018378809608,0.028751831583225806,0.24750014780991553,0.047243351157137216,0.18593620724648555,12,0.105,1,qubit_wise_commuting,7,8736,1248.0,1248,12,0,24,4,entangling_ry_rz_brickwork,1.0362079836341518,0.8469551282051282,0,0,0,0.005239669066674946,0.01503343732590737,0.004124380389349021,0.0,104,4992,0.26170475
evaluation,sha256:8dbb44f914db8699f3ea76c33f104fa83d5d368fdc364d798b5643db83eb1d88,sha256:8dbb44f914db8699f3ea76c33f104fa83d5d368fdc364d798b5643db83eb1d88-failure,1301,h2_vqe,noisy_sim,paper,same_backend_delay,same_backend_changed_context,,,B5,ibm_kyiv,ibm_kyiv,ibm_kyiv->ibm_kyiv,replay:ibm_kyiv,replay,1,1,1,4.0,0,1,0.007999999999999998,0.0016,0.0105,0.018,0.00224,0.0147,0.025199999999999997,0.0006399999999999997,0.004199999999999999,0.007199999999999998,0.012039999999999997,1.0,1.0,0.5333333333333333,0.44000000000000006,0.09333333333333331,0.0,0.0,0,9,3,2976,4,0,0.42857142857142855,4,4,-2.022018378809608,0.028751831583225806,0.24750014780991553,0.047243351157137216,0.18593620724648555,12,0.105,1,qubit_wise_commuting,7,8736,1248.0,1248,12,0,24,4,entangling_ry_rz_brickwork,1.0362079836341518,0.8469551282051282,0,0,0,0.012780874310803103,0.07140638581313767,0.011641314812083359,0.012386128129150631,104,4992,0.261899333
evaluation,sha256:90326288324c10772ef8ba39828b531324164d5329300f9944be43d0043bc814,sha256:90326288324c10772ef8ba39828b531324164d5329300f9944be43d0043bc814-failure,1304,h2_vqe,noisy_sim,paper,cross_backend,cross_backend_context,,,B5,ibm_kyiv,ibm_brisbane,ibm_kyiv->ibm_brisbane,migrate:ibm_brisbane,migrate,1,1,1,0.0,1,1,0.007,0.0016,0.0105,0.018,0.0021,0.014,0.024,0.0004999999999999998,0.0034999999999999996,0.006000000000000002,0.010000000000000002,1.0,1.0,0.18166666666666667,0.0,0.08166666666666667,0.1,0.0,0,9,3,2976,4,0,0.42857142857142855,4,4,-1.9687862211213425,0.04273409714050991,0.31549194751143816,0.049075458919626246,0.27654709079669715,12,0.105,1,qubit_wise_commuting,7,8736,1248.0,1248,12,0,24,4,entangling_ry_rz_brickwork,1.1026511670591925,0.8389423076923077,0,0,0,0.009919897770461539,0.07002647664187049,0.012274971543146308,0.009227787053211589,104,4992,0.2787725
evaluation,sha256:90326288324c10772ef8ba39828b531324164d5329300f9944be43d0043bc814,sha256:90326288324c10772ef8ba39828b531324164d5329300f9944be43d0043bc814-failure,1304,h2_vqe,noisy_sim,paper,cross_backend,cross_backend_context,,,B5,ibm_kyiv,ibm_sherbrooke,ibm_kyiv->ibm_sherbrooke,migrate:ibm_sherbrooke,migrate,1,1,1,0.0,1,1,0.0018999999999999998,0.0016,0.0105,0.018,0.0012,0.0095,0.017,0.0004000000000000002,0.0010000000000000009,0.0009999999999999974,0.0023999999999999985,1.0,1.0,0.12216666666666667,0.0,0.02216666666666666,0.1,0.0,1,9,3,2976,4,0,0.42857142857142855,4,4,-1.9687862211213425,0.04273409714050991,0.31549194751143816,0.049075458919626246,0.27654709079669715,12,0.105,1,qubit_wise_commuting,7,8736,1248.0,1248,12,0,24,4,entangling_ry_rz_brickwork,1.1026511670591925,0.8389423076923077,0,0,0,0.0050196867424996405,0.011818843137112086,0.005462802863911526,0.0,104,4992,0.335372459
evaluation,sha256:9164f4cd514ddba80be697c21d32858c1ce8139af6990ab961c5ec9c986d411a,sha256:9164f4cd514ddba80be697c21d32858c1ce8139af6990ab961c5ec9c986d411a-failure,1301,lih_vqe,noisy_sim,paper,safe_change,same_backend_changed_context,,,B5,ibm_kyiv,ibm_kyiv,ibm_kyiv->ibm_kyiv,replay:ibm_kyiv,replay,1,1,1,0.1,0,1,0.00020000000000000017,0.0016,0.0105,0.018,0.001616,0.010605000000000002,0.018179999999999998,1.5999999999999955e-05,0.00010500000000000093,0.0001799999999999996,0.0003010000000000005,1.0,1.0,0.013333333333333336,0.011000000000000001,0.0023333333333333353,0.0,0.0,1,9,4,4608,4,0,0.5,4,4,-7.694726776531192,0.07115735448332039,0.5375144472527172,0.06347692292717255,0.40315966783239787,20,0.085,1,qubit_wise_commuting,8,11264,1408.0,1408,20,0,40,5,entangling_ry_rz_brickwork,1.637155735318919,0.7613636363636364,1,1,1,1.2580552719576588e-05,0.0025257285694441174,0.0007142565939978475,0.0,0,0,0.968609166
evaluation,sha256:92792a237a514a14f3f91c8c6813c0bb60ec1134e56baa8823b58aca82962fdd,sha256:92792a237a514a14f3f91c8c6813c0bb60ec1134e56baa8823b58aca82962fdd-failure,1307,h2_vqe,noisy_sim,paper,high_change,cross_backend_context,,,B5,ibm_kyiv,ibm_brisbane,ibm_kyiv->ibm_brisbane,migrate:ibm_brisbane,migrate,1,1,1,6.0,1,1,0.023860000000000006,0.0016,0.0105,0.018,0.00336,0.022400000000000003,0.038400000000000004,0.00176,0.011900000000000003,0.020400000000000005,0.03406000000000001,1.0,1.0,0.9283666666666667,0.55,0.2783666666666667,0.1,0.0,0,9,3,2976,4,0,0.42857142857142855,4,4,-2.016183347055062,0.021896685129227933,0.22266894950893712,0.04373685915532588,0.17745908243377173,12,0.105,1,qubit_wise_commuting,7,8736,1248.0,1248,12,0,24,4,entangling_ry_rz_brickwork,1.0148205316560235,0.8573717948717948,0,0,0,0.034364206173584044,0.11653666149335049,0.04017337946921655,0.03326658880894051,104,4992,0.260168459
evaluation,sha256:92792a237a514a14f3f91c8c6813c0bb60ec1134e56baa8823b58aca82962fdd,sha256:92792a237a514a14f3f91c8c6813c0bb60ec1134e56baa8823b58aca82962fdd-failure,1307,h2_vqe,noisy_sim,paper,high_change,same_backend_changed_context,,,B5,ibm_kyiv,ibm_kyiv,ibm_kyiv->ibm_kyiv,replay:ibm_kyiv,replay,1,1,1,8.0,0,1,0.016,0.0016,0.0105,0.018,0.00288,0.0189,0.0324,0.00128,0.0084,0.0144,0.024079999999999997,1.0,1.0,0.7366666666666667,0.55,0.18666666666666665,0.0,0.0,0,9,3,2976,4,0,0.42857142857142855,4,4,-2.016183347055062,0.021896685129227933,0.22266894950893712,0.04373685915532588,0.17745908243377173,12,0.105,1,qubit_wise_commuting,7,8736,1248.0,1248,12,0,24,4,entangling_ry_rz_brickwork,1.0148205316560235,0.8573717948717948,0,0,0,0.024699088456287654,0.09892075297524154,0.028715111979213545,0.023908824832621134,104,4992,0.260209042
evaluation,sha256:9484375c6f88d949cb77edc5cc0d239c78d08aca78572be4ae4716c245c22af7,sha256:9484375c6f88d949cb77edc5cc0d239c78d08aca78572be4ae4716c245c22af7-failure,1301,qaoa_maxcut,noisy_sim,paper,safe_change,same_backend_changed_context,,,B5,ibm_kyiv,ibm_kyiv,ibm_kyiv->ibm_kyiv,replay:ibm_kyiv,replay,1,1,1,0.1,0,1,0.00020000000000000017,0.0016,0.0105,0.018,0.001616,0.010605000000000002,0.018179999999999998,1.5999999999999955e-05,0.00010500000000000093,0.0001799999999999996,0.0003010000000000005,1.0,1.0,0.013333333333333336,0.011000000000000001,0.0023333333333333353,0.0,0.0,1,9,1,4064,0,0,1.0,4,4,-5.584706427045681,2.0571556422240453,5.689848155953331,2.056565272619161,5.411340861778749,4,0.12,1,qubit_wise_commuting,1,4064,4064.0,4064,4,0,10,6,qaoa_maxcut,5.175864284177521,0.13705708661417323,1,1,1,0.04503850309689117,0.06201593720597992,0.0898576112203455,0.0012357302505758838,0,0,1.699177292
evaluation,sha256:97010fd2790951b2151afcb5d2365e929b436de0f1ef19de58d04b8a27765104,sha256:97010fd2790951b2151afcb5d2365e929b436de0f1ef19de58d04b8a27765104-failure,1305,adapt_vqe,noisy_sim,paper,high_change,cross_backend_context,,,B5,ibm_kyiv,ibm_brisbane,ibm_kyiv->ibm_brisbane,migrate:ibm_brisbane,migrate,1,1,1,6.0,1,1,0.023860000000000006,0.0016,0.0105,0.018,0.00336,0.022400000000000003,0.038400000000000004,0.00176,0.011900000000000003,0.020400000000000005,0.03406000000000001,1.0,1.0,0.9283666666666667,0.55,0.2783666666666667,0.1,0.0,0,9,4,3328,4,0,0.5,4,4,-7.488096170134539,0.014072310731919835,0.2807873134790643,0.1218794643937334,0.21498354785672982,4,0.08,1,qubit_wise_commuting,8,8704,1088.0,1088,4,4,40,5,adapt_pauli_pool,0.9519353200054611,0.8566176470588235,0,0,0,0.006069190962429083,0.10795919561637975,0.005470600393834342,0.0,40,4352,0.058554666
evaluation,sha256:97010fd2790951b2151afcb5d2365e929b436de0f1ef19de58d04b8a27765104,sha256:97010fd2790951b2151afcb5d2365e929b436de0f1ef19de58d04b8a27765104-failure,1305,adapt_vqe,noisy_sim,paper,high_change,same_backend_changed_context,,,B5,ibm_kyiv,ibm_kyiv,ibm_kyiv->ibm_kyiv,replay:ibm_kyiv,replay,1,1,1,8.0,0,1,0.016,0.0016,0.0105,0.018,0.00288,0.0189,0.0324,0.00128,0.0084,0.0144,0.024079999999999997,1.0,1.0,0.7366666666666667,0.55,0.18666666666666665,0.0,0.0,0,9,4,3328,4,0,0.5,4,4,-7.488096170134539,0.014072310731919835,0.2807873134790643,0.1218794643937334,0.21498354785672982,4,0.08,1,qubit_wise_commuting,8,8704,1088.0,1088,4,4,40,5,adapt_pauli_pool,0.9519353200054611,0.8566176470588235,0,0,0,0.004318233975358687,0.09704343919424356,0.003980709880117364,0.0,40,4352,0.058613833
evaluation,sha256:97214c2cc8eeaf6dca521ad7bb89d461e47e6872a02fb5caed767fa248a71459,sha256:97214c2cc8eeaf6dca521ad7bb89d461e47e6872a02fb5caed767fa248a71459-failure,1308,lih_vqe,noisy_sim,paper,same_backend_delay,cross_backend_context,,,B5,ibm_kyiv,ibm_sherbrooke,ibm_kyiv->ibm_sherbrooke,migrate:ibm_sherbrooke,migrate,1,1,1,0.0,1,1,0.0018999999999999998,0.0016,0.0105,0.018,0.0012,0.0095,0.017,0.0004000000000000002,0.0010000000000000009,0.0009999999999999974,0.0023999999999999985,1.0,1.0,0.12216666666666667,0.0,0.02216666666666666,0.1,0.0,1,9,4,4608,4,0,0.5,4,4,-7.599339955817491,0.06462582327131283,0.5356149820937302,0.07327178019527351,0.3122317036720427,20,0.085,1,qubit_wise_commuting,8,11264,1408.0,1408,20,0,40,5,entangling_ry_rz_brickwork,1.666961707680178,0.7556818181818182,0,0,0,0.0006301303176474704,0.07429135583010375,0.010667978991603566,0.0020925218592804384,168,5632,0.928806
evaluation,sha256:97214c2cc8eeaf6dca521ad7bb89d461e47e6872a02fb5caed767fa248a71459,sha256:97214c2cc8eeaf6dca521ad7bb89d461e47e6872a02fb5caed767fa248a71459-failure,1308,lih_vqe,noisy_sim,paper,same_backend_delay,same_backend_changed_context,,,B5,ibm_kyiv,ibm_kyiv,ibm_kyiv->ibm_kyiv,replay:ibm_kyiv,replay,1,1,1,4.0,0,1,0.007999999999999998,0.0016,0.0105,0.018,0.00224,0.0147,0.025199999999999997,0.0006399999999999997,0.004199999999999999,0.007199999999999998,0.012039999999999997,1.0,1.0,0.5333333333333333,0.44000000000000006,0.09333333333333331,0.0,0.0,0,9,4,4608,4,0,0.5,4,4,-7.599339955817491,0.06462582327131283,0.5356149820937302,0.07327178019527351,0.3122317036720427,20,0.085,1,qubit_wise_commuting,8,11264,1408.0,1408,20,0,40,5,entangling_ry_rz_brickwork,1.666961707680178,0.7556818181818182,0,0,0,0.002113190414295474,0.06788383656793844,0.028632042428402865,0.0,168,5632,0.930623708
evaluation,sha256:9c7a9dc26568e9453e8bb365378db2d60697fc9e3447b8b08957e2413d61183e,sha256:9c7a9dc26568e9453e8bb365378db2d60697fc9e3447b8b08957e2413d61183e-failure,1304,adapt_vqe,noisy_sim,paper,same_backend_delay,cross_backend_context,,,B5,ibm_kyiv,ibm_sherbrooke,ibm_kyiv->ibm_sherbrooke,migrate:ibm_sherbrooke,migrate,1,1,1,0.0,1,1,0.0018999999999999998,0.0016,0.0105,0.018,0.0012,0.0095,0.017,0.0004000000000000002,0.0010000000000000009,0.0009999999999999974,0.0023999999999999985,1.0,1.0,0.12216666666666667,0.0,0.02216666666666666,0.1,0.0,1,9,4,3328,4,0,0.5,4,4,-7.447058395127221,0.001243528180109088,0.07173272585443916,0.02518051845571042,0.06770797497989516,4,0.08,1,qubit_wise_commuting,8,8704,1088.0,1088,4,4,40,5,adapt_pauli_pool,0.6047423667382925,0.9200367647058824,0,0,0,0.0006735358185192553,0.01125740804807864,0.0011500089611593532,0.0006761013696703344,40,4352,0.057905666
evaluation,sha256:9c7a9dc26568e9453e8bb365378db2d60697fc9e3447b8b08957e2413d61183e,sha256:9c7a9dc26568e9453e8bb365378db2d60697fc9e3447b8b08957e2413d61183e-failure,1304,adapt_vqe,noisy_sim,paper,same_backend_delay,same_backend_changed_context,,,B5,ibm_kyiv,ibm_kyiv,ibm_kyiv->ibm_kyiv,replay:ibm_kyiv,replay,1,1,1,4.0,0,1,0.007999999999999998,0.0016,0.0105,0.018,0.00224,0.0147,0.025199999999999997,0.0006399999999999997,0.004199999999999999,0.007199999999999998,0.012039999999999997,1.0,1.0,0.5333333333333333,0.44000000000000006,0.09333333333333331,0.0,0.0,0,9,4,3328,4,0,0.5,4,4,-7.447058395127221,0.001243528180109088,0.07173272585443916,0.02518051845571042,0.06770797497989516,4,0.08,1,qubit_wise_commuting,8,8704,1088.0,1088,4,4,40,5,adapt_pauli_pool,0.6047423667382925,0.9200367647058824,0,0,0,0.002309128124898585,0.045054610914997476,0.001838303317137495,0.0,40,4352,0.058221708
evaluation,sha256:9fdefb6ee591358bf507d8ffdd8d3681f9ba45ce6e447da4213d2c632f12a361,sha256:9fdefb6ee591358bf507d8ffdd8d3681f9ba45ce6e447da4213d2c632f12a361-failure,1301,qaoa_maxcut,noisy_sim,paper,high_change,cross_backend_context,,,B5,ibm_kyiv,ibm_brisbane,ibm_kyiv->ibm_brisbane,migrate:ibm_brisbane,migrate,1,1,1,6.0,1,1,0.023860000000000006,0.0016,0.0105,0.018,0.00336,0.022400000000000003,0.038400000000000004,0.00176,0.011900000000000003,0.020400000000000005,0.03406000000000001,1.0,1.0,0.9283666666666667,0.55,0.2783666666666667,0.1,0.0,0,9,1,4064,0,0,1.0,4,4,-5.584706427045681,2.0571556422240453,5.689848155953331,2.056565272619161,5.411340861778749,4,0.12,1,qubit_wise_commuting,1,4064,4064.0,4064,4,0,10,6,qaoa_maxcut,5.175864284177521,0.13705708661417323,0,0,0,0.1476336811212997,0.15643059306672139,1.290924519797929,0.1185543163895133,40,16256,1.710506916
evaluation,sha256:9fdefb6ee591358bf507d8ffdd8d3681f9ba45ce6e447da4213d2c632f12a361,sha256:9fdefb6ee591358bf507d8ffdd8d3681f9ba45ce6e447da4213d2c632f12a361-failure,1301,qaoa_maxcut,noisy_sim,paper,high_change,same_backend_changed_context,,,B5,ibm_kyiv,ibm_kyiv,ibm_kyiv->ibm_kyiv,replay:ibm_kyiv,replay,1,1,1,8.0,0,1,0.016,0.0016,0.0105,0.018,0.00288,0.0189,0.0324,0.00128,0.0084,0.0144,0.024079999999999997,1.0,1.0,0.7366666666666667,0.55,0.18666666666666665,0.0,0.0,0,9,1,4064,0,0,1.0,4,4,-5.584706427045681,2.0571556422240453,5.689848155953331,2.056565272619161,5.411340861778749,4,0.12,1,qubit_wise_commuting,1,4064,4064.0,4064,4,0,10,6,qaoa_maxcut,5.175864284177521,0.13705708661417323,0,0,0,0.2612255710342364,0.17953128626546688,1.8548641070764367,0.08802506633035367,40,16256,1.658436959
evaluation,sha256:a0bf355ddd239ade8f941d05172dded53d1147b5ba795576f07efed509efa9a4,sha256:a0bf355ddd239ade8f941d05172dded53d1147b5ba795576f07efed509efa9a4-failure,1305,h2_vqe,noisy_sim,paper,cross_backend,cross_backend_context,,,B5,ibm_kyiv,ibm_brisbane,ibm_kyiv->ibm_brisbane,migrate:ibm_brisbane,migrate,1,1,1,0.0,1,1,0.007,0.0016,0.0105,0.018,0.0021,0.014,0.024,0.0004999999999999998,0.0034999999999999996,0.006000000000000002,0.010000000000000002,1.0,1.0,0.18166666666666667,0.0,0.08166666666666667,0.1,0.0,0,9,3,2976,4,0,0.42857142857142855,4,4,-1.9389832356474626,0.05326419659542614,0.3535458581319045,0.05556417303137002,0.3158419978161353,12,0.105,1,qubit_wise_commuting,7,8736,1248.0,1248,12,0,24,4,entangling_ry_rz_brickwork,0.9868764035210424,0.8605769230769231,0,0,0,0.009742545400717617,0.08342104211583806,0.012170354566176895,0.008872677002022211,104,4992,0.261544958
evaluation,sha256:a0bf355ddd239ade8f941d05172dded53d1147b5ba795576f07efed509efa9a4,sha256:a0bf355ddd239ade8f941d05172dded53d1147b5ba795576f07efed509efa9a4-failure,1305,h2_vqe,noisy_sim,paper,cross_backend,cross_backend_context,,,B5,ibm_kyiv,ibm_sherbrooke,ibm_kyiv->ibm_sherbrooke,migrate:ibm_sherbrooke,migrate,1,1,1,0.0,1,1,0.0018999999999999998,0.0016,0.0105,0.018,0.0012,0.0095,0.017,0.0004000000000000002,0.0010000000000000009,0.0009999999999999974,0.0023999999999999985,1.0,1.0,0.12216666666666667,0.0,0.02216666666666666,0.1,0.0,1,9,3,2976,4,0,0.42857142857142855,4,4,-1.9389832356474626,0.05326419659542614,0.3535458581319045,0.05556417303137002,0.3158419978161353,12,0.105,1,qubit_wise_commuting,7,8736,1248.0,1248,12,0,24,4,entangling_ry_rz_brickwork,0.9868764035210424,0.8605769230769231,0,0,0,0.004955456879750297,0.012548812783241192,0.005368500877880027,0.0,104,4992,0.264562083
evaluation,sha256:a117864e4e3f0bdd7ee9d44264c7467ad4e6dd0ec238da238f13ed7f70bbdf77,sha256:a117864e4e3f0bdd7ee9d44264c7467ad4e6dd0ec238da238f13ed7f70bbdf77-failure,1304,adapt_vqe,noisy_sim,paper,safe_change,same_backend_changed_context,,,B5,ibm_kyiv,ibm_kyiv,ibm_kyiv->ibm_kyiv,replay:ibm_kyiv,replay,1,1,1,0.1,0,1,0.00020000000000000017,0.0016,0.0105,0.018,0.001616,0.010605000000000002,0.018179999999999998,1.5999999999999955e-05,0.00010500000000000093,0.0001799999999999996,0.0003010000000000005,1.0,1.0,0.013333333333333336,0.011000000000000001,0.0023333333333333353,0.0,0.0,1,9,4,3328,4,0,0.5,4,4,-7.447058395127221,0.001243528180109088,0.07173272585443916,0.02518051845571042,0.06770797497989516,4,0.08,1,qubit_wise_commuting,8,8704,1088.0,1088,4,4,40,5,adapt_pauli_pool,0.6047423667382925,0.9200367647058824,1,1,1,5.773614095616608e-05,0.002336779582062203,4.5983242795003276e-05,0.0,0,0,0.058357125
evaluation,sha256:a3c97fa872c485b69cdf8b807346919dc7a53f84280a24c14836a3bd7cdb2ed0,sha256:a3c97fa872c485b69cdf8b807346919dc7a53f84280a24c14836a3bd7cdb2ed0-failure,1305,h2_vqe,noisy_sim,paper,no_change,same_backend_no_change,,,B5,ibm_kyiv,ibm_kyiv,ibm_kyiv->ibm_kyiv,replay:ibm_kyiv,replay,1,1,1,0.0,0,1,0.0,0.0016,0.0105,0.018,0.0016,0.0105,0.018,0.0,0.0,0.0,0.0,1.0,1.0,0.0,0.0,0.0,0.0,0.0,1,9,3,2976,4,0,0.42857142857142855,4,4,-1.9389832356474626,0.05326419659542614,0.3535458581319045,0.05556417303137002,0.3158419978161353,12,0.105,1,qubit_wise_commuting,7,8736,1248.0,1248,12,0,24,4,entangling_ry_rz_brickwork,0.9868764035210424,0.8605769230769231,1,1,1,0.0,0.0,0.0,0.0,0,0,0.260419167
evaluation,sha256:a5acb6282751934977201e225f0a16cfcf0124360adf27139e25280ae8afa59a,sha256:a5acb6282751934977201e225f0a16cfcf0124360adf27139e25280ae8afa59a-failure,1303,adapt_vqe,noisy_sim,paper,high_change,cross_backend_context,,,B5,ibm_kyiv,ibm_brisbane,ibm_kyiv->ibm_brisbane,migrate:ibm_brisbane,migrate,1,1,1,6.0,1,1,0.023860000000000006,0.0016,0.0105,0.018,0.00336,0.022400000000000003,0.038400000000000004,0.00176,0.011900000000000003,0.020400000000000005,0.03406000000000001,1.0,1.0,0.9283666666666667,0.55,0.2783666666666667,0.1,0.0,0,9,4,3328,4,0,0.5,4,4,-7.469178085787579,0.0053157059487354275,0.17595056250831412,0.07989659416789666,0.14022946548062107,4,0.08,1,qubit_wise_commuting,8,8704,1088.0,1088,4,4,40,5,adapt_pauli_pool,0.8408114563379445,0.875,0,0,0,0.006271313543567025,0.12535207205684562,0.006073157682756173,0.0,40,4352,0.060410375
evaluation,sha256:a5acb6282751934977201e225f0a16cfcf0124360adf27139e25280ae8afa59a,sha256:a5acb6282751934977201e225f0a16cfcf0124360adf27139e25280ae8afa59a-failure,1303,adapt_vqe,noisy_sim,paper,high_change,same_backend_changed_context,,,B5,ibm_kyiv,ibm_kyiv,ibm_kyiv->ibm_kyiv,replay:ibm_kyiv,replay,1,1,1,8.0,0,1,0.016,0.0016,0.0105,0.018,0.00288,0.0189,0.0324,0.00128,0.0084,0.0144,0.024079999999999997,1.0,1.0,0.7366666666666667,0.55,0.18666666666666665,0.0,0.0,0,9,4,3328,4,0,0.5,4,4,-7.469178085787579,0.0053157059487354275,0.17595056250831412,0.07989659416789666,0.14022946548062107,4,0.08,1,qubit_wise_commuting,8,8704,1088.0,1088,4,4,40,5,adapt_pauli_pool,0.8408114563379445,0.875,0,0,0,0.00446533596529175,0.10344090271828037,0.0044193931380142595,0.0,40,4352,0.060069125
evaluation,sha256:a6312f13f13c4743cb2a564c9835013cc9d8a2e562eb8be196d7edc6590ecde6,sha256:a6312f13f13c4743cb2a564c9835013cc9d8a2e562eb8be196d7edc6590ecde6-failure,1302,lih_vqe,noisy_sim,paper,same_backend_delay,cross_backend_context,,,B5,ibm_kyiv,ibm_sherbrooke,ibm_kyiv->ibm_sherbrooke,migrate:ibm_sherbrooke,migrate,1,1,1,0.0,1,1,0.0018999999999999998,0.0016,0.0105,0.018,0.0012,0.0095,0.017,0.0004000000000000002,0.0010000000000000009,0.0009999999999999974,0.0023999999999999985,1.0,1.0,0.12216666666666667,0.0,0.02216666666666666,0.1,0.0,1,9,4,4480,4,0,0.5,4,4,-7.636379931705408,0.057675003767389654,0.5122793641359737,0.06686400041367137,0.3685427717615634,20,0.085,1,qubit_wise_commuting,8,11008,1376.0,1376,20,0,40,5,entangling_ry_rz_brickwork,1.8099224490038899,0.7354651162790697,0,0,0,0.0007572504138373404,0.021951848060351116,0.010533241587444118,0.002102839170640358,168,5504,0.934304958
evaluation,sha256:a6312f13f13c4743cb2a564c9835013cc9d8a2e562eb8be196d7edc6590ecde6,sha256:a6312f13f13c4743cb2a564c9835013cc9d8a2e562eb8be196d7edc6590ecde6-failure,1302,lih_vqe,noisy_sim,paper,same_backend_delay,same_backend_changed_context,,,B5,ibm_kyiv,ibm_kyiv,ibm_kyiv->ibm_kyiv,replay:ibm_kyiv,replay,1,1,1,4.0,0,1,0.007999999999999998,0.0016,0.0105,0.018,0.00224,0.0147,0.025199999999999997,0.0006399999999999997,0.004199999999999999,0.007199999999999998,0.012039999999999997,1.0,1.0,0.5333333333333333,0.44000000000000006,0.09333333333333331,0.0,0.0,0,9,4,4480,4,0,0.5,4,4,-7.636379931705408,0.057675003767389654,0.5122793641359737,0.06686400041367137,0.3685427717615634,20,0.085,1,qubit_wise_commuting,8,11008,1376.0,1376,20,0,40,5,entangling_ry_rz_brickwork,1.8099224490038899,0.7354651162790697,0,0,0,0.00232341858350793,0.05885600976077383,0.028524647211625585,0.0,168,5504,0.929160125
evaluation,sha256:a67e7f949a7d508bedce8782bd6e9744a479de0c9fdd74b952d470cc11784c52,sha256:a67e7f949a7d508bedce8782bd6e9744a479de0c9fdd74b952d470cc11784c52-failure,1308,h2_vqe,noisy_sim,paper,cross_backend,cross_backend_context,,,B5,ibm_kyiv,ibm_brisbane,ibm_kyiv->ibm_brisbane,migrate:ibm_brisbane,migrate,1,1,1,0.0,1,1,0.007,0.0016,0.0105,0.018,0.0021,0.014,0.024,0.0004999999999999998,0.0034999999999999996,0.006000000000000002,0.010000000000000002,1.0,1.0,0.18166666666666667,0.0,0.08166666666666667,0.1,0.0,0,9,3,2976,4,0,0.42857142857142855,4,4,-1.9827032662176511,0.02867834068431141,0.25729677692926733,0.04684902865676507,0.2082072907828852,12,0.105,1,qubit_wise_commuting,7,8736,1248.0,1248,12,0,24,4,entangling_ry_rz_brickwork,1.1806431316883081,0.8149038461538461,0,0,0,0.010009919609684559,0.0383833876407734,0.011654205007032402,0.009606721385012396,104,4992,0.265439042
evaluation,sha256:a67e7f949a7d508bedce8782bd6e9744a479de0c9fdd74b952d470cc11784c52,sha256:a67e7f949a7d508bedce8782bd6e9744a479de0c9fdd74b952d470cc11784c52-failure,1308,h2_vqe,noisy_sim,paper,cross_backend,cross_backend_context,,,B5,ibm_kyiv,ibm_sherbrooke,ibm_kyiv->ibm_sherbrooke,migrate:ibm_sherbrooke,migrate,1,1,1,0.0,1,1,0.0018999999999999998,0.0016,0.0105,0.018,0.0012,0.0095,0.017,0.0004000000000000002,0.0010000000000000009,0.0009999999999999974,0.0023999999999999985,1.0,1.0,0.12216666666666667,0.0,0.02216666666666666,0.1,0.0,1,9,3,2976,4,0,0.42857142857142855,4,4,-1.9827032662176511,0.02867834068431141,0.25729677692926733,0.04684902865676507,0.2082072907828852,12,0.105,1,qubit_wise_commuting,7,8736,1248.0,1248,12,0,24,4,entangling_ry_rz_brickwork,1.1806431316883081,0.8149038461538461,0,0,0,0.005070933985547921,0.00995151521642253,0.005122260825333355,0.0,104,4992,0.294950792
evaluation,sha256:a90abfd810b35390b3003dbfc553f3d75f62c1bcc4f17295cc9baa54b8b68aed,sha256:a90abfd810b35390b3003dbfc553f3d75f62c1bcc4f17295cc9baa54b8b68aed-failure,1301,lih_vqe,noisy_sim,paper,no_change,same_backend_no_change,,,B5,ibm_kyiv,ibm_kyiv,ibm_kyiv->ibm_kyiv,replay:ibm_kyiv,replay,1,1,1,0.0,0,1,0.0,0.0016,0.0105,0.018,0.0016,0.0105,0.018,0.0,0.0,0.0,0.0,1.0,1.0,0.0,0.0,0.0,0.0,0.0,1,9,4,4608,4,0,0.5,4,4,-7.694726776531192,0.07115735448332039,0.5375144472527172,0.06347692292717255,0.40315966783239787,20,0.085,1,qubit_wise_commuting,8,11264,1408.0,1408,20,0,40,5,entangling_ry_rz_brickwork,1.637155735318919,0.7613636363636364,1,1,1,0.0,0.0,0.0,0.0,0,0,0.930905083
evaluation,sha256:a949036db09c6c4b1ec24e1853290ab21a3853ad7bfa9166bec93c3ef5d61257,sha256:a949036db09c6c4b1ec24e1853290ab21a3853ad7bfa9166bec93c3ef5d61257-failure,1301,lih_vqe,noisy_sim,paper,same_backend_delay,cross_backend_context,,,B5,ibm_kyiv,ibm_sherbrooke,ibm_kyiv->ibm_sherbrooke,migrate:ibm_sherbrooke,migrate,1,1,1,0.0,1,1,0.0018999999999999998,0.0016,0.0105,0.018,0.0012,0.0095,0.017,0.0004000000000000002,0.0010000000000000009,0.0009999999999999974,0.0023999999999999985,1.0,1.0,0.12216666666666667,0.0,0.02216666666666666,0.1,0.0,1,9,4,4608,4,0,0.5,4,4,-7.694726776531192,0.07115735448332039,0.5375144472527172,0.06347692292717255,0.40315966783239787,20,0.085,1,qubit_wise_commuting,8,11264,1408.0,1408,20,0,40,5,entangling_ry_rz_brickwork,1.637155735318919,0.7613636363636364,0,0,0,0.0002512643419372296,0.07393179515883623,0.010384612841216197,0.0011840453576450471,168,5632,0.933587041
evaluation,sha256:a949036db09c6c4b1ec24e1853290ab21a3853ad7bfa9166bec93c3ef5d61257,sha256:a949036db09c6c4b1ec24e1853290ab21a3853ad7bfa9166bec93c3ef5d61257-failure,1301,lih_vqe,noisy_sim,paper,same_backend_delay,same_backend_changed_context,,,B5,ibm_kyiv,ibm_kyiv,ibm_kyiv->ibm_kyiv,replay:ibm_kyiv,replay,1,1,1,4.0,0,1,0.007999999999999998,0.0016,0.0105,0.018,0.00224,0.0147,0.025199999999999997,0.0006399999999999997,0.004199999999999999,0.007199999999999998,0.012039999999999997,1.0,1.0,0.5333333333333333,0.44000000000000006,0.09333333333333331,0.0,0.0,0,9,4,4608,4,0,0.5,4,4,-7.694726776531192,0.07115735448332039,0.5375144472527172,0.06347692292717255,0.40315966783239787,20,0.085,1,qubit_wise_commuting,8,11264,1408.0,1408,20,0,40,5,entangling_ry_rz_brickwork,1.637155735318919,0.7613636363636364,0,0,0,0.00041452628658156243,0.07739032946347986,0.028205716472375575,0.0,168,5632,0.935303917
evaluation,sha256:ae1c826888b49414e960833f9c564cc7e164293a267c7e4b2a8e4accbf6e3473,sha256:ae1c826888b49414e960833f9c564cc7e164293a267c7e4b2a8e4accbf6e3473-failure,1304,lih_vqe,noisy_sim,paper,safe_change,same_backend_changed_context,,,B5,ibm_kyiv,ibm_kyiv,ibm_kyiv->ibm_kyiv,replay:ibm_kyiv,replay,1,1,1,0.1,0,1,0.00020000000000000017,0.0016,0.0105,0.018,0.001616,0.010605000000000002,0.018179999999999998,1.5999999999999955e-05,0.00010500000000000093,0.0001799999999999996,0.0003010000000000005,1.0,1.0,0.013333333333333336,0.011000000000000001,0.0023333333333333353,0.0,0.0,1,9,4,4480,4,0,0.5,4,4,-7.743039730654524,0.0933411023300188,0.645971054546884,0.07640187692911896,0.44739437490562356,20,0.085,1,qubit_wise_commuting,8,11008,1376.0,1376,20,0,40,5,entangling_ry_rz_brickwork,1.5191021331446422,0.7776162790697675,1,1,1,5.6952423046041645e-05,0.002539893248707017,0.0007041243472381083,0.0,0,0,0.9256665
evaluation,sha256:b0f197780232b716fe3f3bfb9425b113c58b22a6172988a3425dcb736b512b4b,sha256:b0f197780232b716fe3f3bfb9425b113c58b22a6172988a3425dcb736b512b4b-failure,1308,lih_vqe,noisy_sim,paper,high_change,cross_backend_context,,,B5,ibm_kyiv,ibm_brisbane,ibm_kyiv->ibm_brisbane,migrate:ibm_brisbane,migrate,1,1,1,6.0,1,1,0.023860000000000006,0.0016,0.0105,0.018,0.00336,0.022400000000000003,0.038400000000000004,0.00176,0.011900000000000003,0.020400000000000005,0.03406000000000001,1.0,1.0,0.9283666666666667,0.55,0.2783666666666667,0.1,0.0,0,9,4,4608,4,0,0.5,4,4,-7.599339955817491,0.06462582327131283,0.5356149820937302,0.07327178019527351,0.3122317036720427,20,0.085,1,qubit_wise_commuting,8,11264,1408.0,1408,20,0,40,5,entangling_ry_rz_brickwork,1.666961707680178,0.7556818181818182,0,0,0,0.006211253739232703,0.12495152931189088,0.07829525697904438,0.0,168,5632,0.932448125
evaluation,sha256:b0f197780232b716fe3f3bfb9425b113c58b22a6172988a3425dcb736b512b4b,sha256:b0f197780232b716fe3f3bfb9425b113c58b22a6172988a3425dcb736b512b4b-failure,1308,lih_vqe,noisy_sim,paper,high_change,same_backend_changed_context,,,B5,ibm_kyiv,ibm_kyiv,ibm_kyiv->ibm_kyiv,replay:ibm_kyiv,replay,1,1,1,8.0,0,1,0.016,0.0016,0.0105,0.018,0.00288,0.0189,0.0324,0.00128,0.0084,0.0144,0.024079999999999997,1.0,1.0,0.7366666666666667,0.55,0.18666666666666665,0.0,0.0,0,9,4,4608,4,0,0.5,4,4,-7.599339955817491,0.06462582327131283,0.5356149820937302,0.07327178019527351,0.3122317036720427,20,0.085,1,qubit_wise_commuting,8,11264,1408.0,1408,20,0,40,5,entangling_ry_rz_brickwork,1.666961707680178,0.7556818181818182,0,0,0,0.004342437321669834,0.09754403738764458,0.05644786370526008,0.0,168,5632,0.958533667
evaluation,sha256:b12cf2f9031fc0229a3dc5b82d7c92768908025a2fbfecd7770efb012f2b0e1f,sha256:b12cf2f9031fc0229a3dc5b82d7c92768908025a2fbfecd7770efb012f2b0e1f-failure,1307,adapt_vqe,noisy_sim,paper,safe_change,same_backend_changed_context,,,B5,ibm_kyiv,ibm_kyiv,ibm_kyiv->ibm_kyiv,replay:ibm_kyiv,replay,1,1,1,0.1,0,1,0.00020000000000000017,0.0016,0.0105,0.018,0.001616,0.010605000000000002,0.018179999999999998,1.5999999999999955e-05,0.00010500000000000093,0.0001799999999999996,0.0003010000000000005,1.0,1.0,0.013333333333333336,0.011000000000000001,0.0023333333333333353,0.0,0.0,1,9,4,3328,4,0,0.5,4,4,-7.445144435287034,0.0030077898218747734,0.11559787129798031,0.0562509841574811,0.06445981602742161,4,0.08,1,qubit_wise_commuting,8,8704,1088.0,1088,4,4,40,5,adapt_pauli_pool,0.7944453866166293,0.8887867647058824,1,1,1,5.761069516996287e-05,0.002073196101241249,4.598009634800087e-05,0.0,0,0,0.059035667
evaluation,sha256:b18edd573209c7da00113db270df0b9ce97fe5171bc72ca204416222bffcf2ff,sha256:b18edd573209c7da00113db270df0b9ce97fe5171bc72ca204416222bffcf2ff-failure,1308,qaoa_maxcut,noisy_sim,paper,same_backend_delay,cross_backend_context,,,B5,ibm_kyiv,ibm_sherbrooke,ibm_kyiv->ibm_sherbrooke,migrate:ibm_sherbrooke,migrate,1,1,1,0.0,1,1,0.0018999999999999998,0.0016,0.0105,0.018,0.0012,0.0095,0.017,0.0004000000000000002,0.0010000000000000009,0.0009999999999999974,0.0023999999999999985,1.0,1.0,0.12216666666666667,0.0,0.02216666666666666,0.1,0.0,1,9,1,4096,0,0,1.0,4,4,-5.679790933656586,2.453092893359724,3.9121446714525323,1.3426342100261117,3.7636764769676923,4,0.12,1,qubit_wise_commuting,1,4096,4096.0,4096,4,0,10,6,qaoa_maxcut,5.711133319465052,0.08837890625,1,1,1,0.01972293918323409,0.05516550854104322,0.037411184994095716,0.0,0,0,1.639923708
evaluation,sha256:b18edd573209c7da00113db270df0b9ce97fe5171bc72ca204416222bffcf2ff,sha256:b18edd573209c7da00113db270df0b9ce97fe5171bc72ca204416222bffcf2ff-failure,1308,qaoa_maxcut,noisy_sim,paper,same_backend_delay,same_backend_changed_context,,,B5,ibm_kyiv,ibm_kyiv,ibm_kyiv->ibm_kyiv,replay:ibm_kyiv,replay,1,1,1,4.0,0,1,0.007999999999999998,0.0016,0.0105,0.018,0.00224,0.0147,0.025199999999999997,0.0006399999999999997,0.004199999999999999,0.007199999999999998,0.012039999999999997,1.0,1.0,0.5333333333333333,0.44000000000000006,0.09333333333333331,0.0,0.0,0,9,1,4096,0,0,1.0,4,4,-5.679790933656586,2.453092893359724,3.9121446714525323,1.3426342100261117,3.7636764769676923,4,0.12,1,qubit_wise_commuting,1,4096,4096.0,4096,4,0,10,6,qaoa_maxcut,5.711133319465052,0.08837890625,0,0,0,0.05152568988965811,0.07922922561618935,0.12713109003585116,0.07297802932700748,40,16384,1.615221125
evaluation,sha256:b302ef3a9d60efcbf6ca1424f0308462fe07b9b831061aa88dec4132b216ae6c,sha256:b302ef3a9d60efcbf6ca1424f0308462fe07b9b831061aa88dec4132b216ae6c-failure,1306,adapt_vqe,noisy_sim,paper,safe_change,same_backend_changed_context,,,B5,ibm_kyiv,ibm_kyiv,ibm_kyiv->ibm_kyiv,replay:ibm_kyiv,replay,1,1,1,0.1,0,1,0.00020000000000000017,0.0016,0.0105,0.018,0.001616,0.010605000000000002,0.018179999999999998,1.5999999999999955e-05,0.00010500000000000093,0.0001799999999999996,0.0003010000000000005,1.0,1.0,0.013333333333333336,0.011000000000000001,0.0023333333333333353,0.0,0.0,1,9,4,3328,4,0,0.5,4,4,-7.451706020888363,0.002846527748676664,0.11576600519947387,0.050798214959312124,0.09361887664133385,4,0.08,1,qubit_wise_commuting,8,8704,1088.0,1088,4,4,40,5,adapt_pauli_pool,0.6510608935386798,0.9117647058823529,1,1,1,5.7368271295210604e-05,0.00239192777677286,4.698335717786987e-05,0.0,0,0,0.05862925
evaluation,sha256:b358ca560fcfc34e94abe69e26e018996acb3428e7b6d1a7bdcd1a437bf86245,sha256:b358ca560fcfc34e94abe69e26e018996acb3428e7b6d1a7bdcd1a437bf86245-failure,1301,lih_vqe,noisy_sim,paper,cross_backend,cross_backend_context,,,B5,ibm_kyiv,ibm_brisbane,ibm_kyiv->ibm_brisbane,migrate:ibm_brisbane,migrate,1,1,1,0.0,1,1,0.007,0.0016,0.0105,0.018,0.0021,0.014,0.024,0.0004999999999999998,0.0034999999999999996,0.006000000000000002,0.010000000000000002,1.0,1.0,0.18166666666666667,0.0,0.08166666666666667,0.1,0.0,0,9,4,4608,4,0,0.5,4,4,-7.694726776531192,0.07115735448332039,0.5375144472527172,0.06347692292717255,0.40315966783239787,20,0.085,1,qubit_wise_commuting,8,11264,1408.0,1408,20,0,40,5,entangling_ry_rz_brickwork,1.637155735318919,0.7613636363636364,0,0,0,0.000364593175016914,0.07459637045992501,0.02309360712824032,0.0,168,5632,0.952594333
evaluation,sha256:b358ca560fcfc34e94abe69e26e018996acb3428e7b6d1a7bdcd1a437bf86245,sha256:b358ca560fcfc34e94abe69e26e018996acb3428e7b6d1a7bdcd1a437bf86245-failure,1301,lih_vqe,noisy_sim,paper,cross_backend,cross_backend_context,,,B5,ibm_kyiv,ibm_sherbrooke,ibm_kyiv->ibm_sherbrooke,migrate:ibm_sherbrooke,migrate,1,1,1,0.0,1,1,0.0018999999999999998,0.0016,0.0105,0.018,0.0012,0.0095,0.017,0.0004000000000000002,0.0010000000000000009,0.0009999999999999974,0.0023999999999999985,1.0,1.0,0.12216666666666667,0.0,0.02216666666666666,0.1,0.0,1,9,4,4608,4,0,0.5,4,4,-7.694726776531192,0.07115735448332039,0.5375144472527172,0.06347692292717255,0.40315966783239787,20,0.085,1,qubit_wise_commuting,8,11264,1408.0,1408,20,0,40,5,entangling_ry_rz_brickwork,1.637155735318919,0.7613636363636364,0,0,0,0.0002512643419372296,0.07393179515883623,0.010384612841216197,0.0011840453576450471,168,5632,0.937550916
evaluation,sha256:b466c6c1f9e816b5e3aa3455be23204b602c9769b375cc09a7eff0d2c7e2367a,sha256:b466c6c1f9e816b5e3aa3455be23204b602c9769b375cc09a7eff0d2c7e2367a-failure,1304,lih_vqe,noisy_sim,paper,cross_backend,cross_backend_context,,,B5,ibm_kyiv,ibm_brisbane,ibm_kyiv->ibm_brisbane,migrate:ibm_brisbane,migrate,1,1,1,0.0,1,1,0.007,0.0016,0.0105,0.018,0.0021,0.014,0.024,0.0004999999999999998,0.0034999999999999996,0.006000000000000002,0.010000000000000002,1.0,1.0,0.18166666666666667,0.0,0.08166666666666667,0.1,0.0,0,9,4,4480,4,0,0.5,4,4,-7.743039730654524,0.0933411023300188,0.645971054546884,0.07640187692911896,0.44739437490562356,20,0.085,1,qubit_wise_commuting,8,11008,1376.0,1376,20,0,40,5,entangling_ry_rz_brickwork,1.5191021331446422,0.7776162790697675,0,0,0,0.001790392596850765,0.0465619750038308,0.022735745648348616,0.0,168,5504,0.955788166
evaluation,sha256:b466c6c1f9e816b5e3aa3455be23204b602c9769b375cc09a7eff0d2c7e2367a,sha256:b466c6c1f9e816b5e3aa3455be23204b602c9769b375cc09a7eff0d2c7e2367a-failure,1304,lih_vqe,noisy_sim,paper,cross_backend,cross_backend_context,,,B5,ibm_kyiv,ibm_sherbrooke,ibm_kyiv->ibm_sherbrooke,migrate:ibm_sherbrooke,migrate,1,1,1,0.0,1,1,0.0018999999999999998,0.0016,0.0105,0.018,0.0012,0.0095,0.017,0.0004000000000000002,0.0010000000000000009,0.0009999999999999974,0.0023999999999999985,1.0,1.0,0.12216666666666667,0.0,0.02216666666666666,0.1,0.0,1,9,4,4480,4,0,0.5,4,4,-7.743039730654524,0.0933411023300188,0.645971054546884,0.07640187692911896,0.44739437490562356,20,0.085,1,qubit_wise_commuting,8,11008,1376.0,1376,20,0,40,5,entangling_ry_rz_brickwork,1.5191021331446422,0.7776162790697675,0,0,0,0.0009260149162360065,0.02287106161748058,0.01037395791987352,0.0011822903192237888,168,5504,0.941272042
evaluation,sha256:b515a9248ed056d930f48fa98cad0b49d509e9f8a687b431a7740ccc29865090,sha256:b515a9248ed056d930f48fa98cad0b49d509e9f8a687b431a7740ccc29865090-failure,1304,qaoa_maxcut,noisy_sim,paper,safe_change,same_backend_changed_context,,,B5,ibm_kyiv,ibm_kyiv,ibm_kyiv->ibm_kyiv,replay:ibm_kyiv,replay,1,1,1,0.1,0,1,0.00020000000000000017,0.0016,0.0105,0.018,0.001616,0.010605000000000002,0.018179999999999998,1.5999999999999955e-05,0.00010500000000000093,0.0001799999999999996,0.0003010000000000005,1.0,1.0,0.013333333333333336,0.011000000000000001,0.0023333333333333353,0.0,0.0,1,9,1,4128,0,0,1.0,4,4,-5.448328449800175,1.1980961709031988,2.9007832718447655,1.1806879380719066,2.596205561970461,4,0.12,1,qubit_wise_commuting,1,4128,4128.0,4128,4,0,10,6,qaoa_maxcut,5.343017814816369,0.12911821705426357,1,1,1,0.016329077868529218,0.03048303689731367,0.02360283371805291,0.0035453718102012033,0,0,1.607812084
evaluation,sha256:b5e1bafd5b751c1fcfab20e96292852caa552d2f0a0c502637676731a498f700,sha256:b5e1bafd5b751c1fcfab20e96292852caa552d2f0a0c502637676731a498f700-failure,1307,h2_vqe,noisy_sim,paper,no_change,same_backend_no_change,,,B5,ibm_kyiv,ibm_kyiv,ibm_kyiv->ibm_kyiv,replay:ibm_kyiv,replay,1,1,1,0.0,0,1,0.0,0.0016,0.0105,0.018,0.0016,0.0105,0.018,0.0,0.0,0.0,0.0,1.0,1.0,0.0,0.0,0.0,0.0,0.0,1,9,3,2976,4,0,0.42857142857142855,4,4,-2.016183347055062,0.021896685129227933,0.22266894950893712,0.04373685915532588,0.17745908243377173,12,0.105,1,qubit_wise_commuting,7,8736,1248.0,1248,12,0,24,4,entangling_ry_rz_brickwork,1.0148205316560235,0.8573717948717948,1,1,1,0.0,0.0,0.0,0.0,0,0,0.262945167
evaluation,sha256:baaee7a27416a8359e9fba8708928069421b85721f554e66057a6b5dd3cc004d,sha256:baaee7a27416a8359e9fba8708928069421b85721f554e66057a6b5dd3cc004d-failure,1306,qaoa_maxcut,noisy_sim,paper,cross_backend,cross_backend_context,,,B5,ibm_kyiv,ibm_brisbane,ibm_kyiv->ibm_brisbane,migrate:ibm_brisbane,migrate,1,1,1,0.0,1,1,0.007,0.0016,0.0105,0.018,0.0021,0.014,0.024,0.0004999999999999998,0.0034999999999999996,0.006000000000000002,0.010000000000000002,1.0,1.0,0.18166666666666667,0.0,0.08166666666666667,0.1,0.0,0,9,1,4160,0,0,1.0,4,4,-5.928142888081208,2.544203874086161,5.913345921750141,2.610995737591621,4.082548118781412,4,0.12,1,qubit_wise_commuting,1,4160,4160.0,4160,4,0,10,6,qaoa_maxcut,5.512625221458563,0.07067307692307692,0,0,0,1.5143487544644345,0.2895765591782381,0.9333856776314015,0.08483231717966166,40,16640,1.700670291
evaluation,sha256:baaee7a27416a8359e9fba8708928069421b85721f554e66057a6b5dd3cc004d,sha256:baaee7a27416a8359e9fba8708928069421b85721f554e66057a6b5dd3cc004d-failure,1306,qaoa_maxcut,noisy_sim,paper,cross_backend,cross_backend_context,,,B5,ibm_kyiv,ibm_sherbrooke,ibm_kyiv->ibm_sherbrooke,migrate:ibm_sherbrooke,migrate,1,1,1,0.0,1,1,0.0018999999999999998,0.0016,0.0105,0.018,0.0012,0.0095,0.017,0.0004000000000000002,0.0010000000000000009,0.0009999999999999974,0.0023999999999999985,1.0,1.0,0.12216666666666667,0.0,0.02216666666666666,0.1,0.0,1,9,1,4160,0,0,1.0,4,4,-5.928142888081208,2.544203874086161,5.913345921750141,2.610995737591621,4.082548118781412,4,0.12,1,qubit_wise_commuting,1,4160,4160.0,4160,4,0,10,6,qaoa_maxcut,5.512625221458563,0.07067307692307692,0,0,1,0.6660634273268733,0.13912360811415123,0.3127819865773347,0.0,40,16640,1.621075625
evaluation,sha256:bb198b3b0851911807d4e7e5a7d5a02a6cf8493349554ec9804f1649ecf8b429,sha256:bb198b3b0851911807d4e7e5a7d5a02a6cf8493349554ec9804f1649ecf8b429-failure,1305,adapt_vqe,noisy_sim,paper,safe_change,same_backend_changed_context,,,B5,ibm_kyiv,ibm_kyiv,ibm_kyiv->ibm_kyiv,replay:ibm_kyiv,replay,1,1,1,0.1,0,1,0.00020000000000000017,0.0016,0.0105,0.018,0.001616,0.010605000000000002,0.018179999999999998,1.5999999999999955e-05,0.00010500000000000093,0.0001799999999999996,0.0003010000000000005,1.0,1.0,0.013333333333333336,0.011000000000000001,0.0023333333333333353,0.0,0.0,1,9,4,3328,4,0,0.5,4,4,-7.488096170134539,0.014072310731919835,0.2807873134790643,0.1218794643937334,0.21498354785672982,4,0.08,1,qubit_wise_commuting,8,8704,1088.0,1088,4,4,40,5,adapt_pauli_pool,0.9519353200054611,0.8566176470588235,1,1,1,5.3987027624380346e-05,0.0022867002043327218,4.9827784324881046e-05,0.0,0,0,0.058964583
evaluation,sha256:bb564e1e76894cbb4a008e2e435f6ef91e79e3fcf26c5db5da6d0e1320c1290c,sha256:bb564e1e76894cbb4a008e2e435f6ef91e79e3fcf26c5db5da6d0e1320c1290c-failure,1305,adapt_vqe,noisy_sim,paper,cross_backend,cross_backend_context,,,B5,ibm_kyiv,ibm_brisbane,ibm_kyiv->ibm_brisbane,migrate:ibm_brisbane,migrate,1,1,1,0.0,1,1,0.007,0.0016,0.0105,0.018,0.0021,0.014,0.024,0.0004999999999999998,0.0034999999999999996,0.006000000000000002,0.010000000000000002,1.0,1.0,0.18166666666666667,0.0,0.08166666666666667,0.1,0.0,0,9,4,3328,4,0,0.5,4,4,-7.488096170134539,0.014072310731919835,0.2807873134790643,0.1218794643937334,0.21498354785672982,4,0.08,1,qubit_wise_commuting,8,8704,1088.0,1088,4,4,40,5,adapt_pauli_pool,0.9519353200054611,0.8566176470588235,0,0,0,0.0017694857524199747,0.05860010726644936,0.001556293308313498,0.0,40,4352,0.058417833
evaluation,sha256:bb564e1e76894cbb4a008e2e435f6ef91e79e3fcf26c5db5da6d0e1320c1290c,sha256:bb564e1e76894cbb4a008e2e435f6ef91e79e3fcf26c5db5da6d0e1320c1290c-failure,1305,adapt_vqe,noisy_sim,paper,cross_backend,cross_backend_context,,,B5,ibm_kyiv,ibm_sherbrooke,ibm_kyiv->ibm_sherbrooke,migrate:ibm_sherbrooke,migrate,1,1,1,0.0,1,1,0.0018999999999999998,0.0016,0.0105,0.018,0.0012,0.0095,0.017,0.0004000000000000002,0.0010000000000000009,0.0009999999999999974,0.0023999999999999985,1.0,1.0,0.12216666666666667,0.0,0.02216666666666666,0.1,0.0,1,9,4,3328,4,0,0.5,4,4,-7.488096170134539,0.014072310731919835,0.2807873134790643,0.1218794643937334,0.21498354785672982,4,0.08,1,qubit_wise_commuting,8,8704,1088.0,1088,4,4,40,5,adapt_pauli_pool,0.9519353200054611,0.8566176470588235,0,0,0,0.000579750492147646,0.022485498640426108,0.0012462621412609885,0.0006266216150878634,40,4352,0.058599
evaluation,sha256:bb7b004a8b520e7027942f02c6bde5518026cff714b1f6dd27362f34105610a5,sha256:bb7b004a8b520e7027942f02c6bde5518026cff714b1f6dd27362f34105610a5-failure,1303,h2_vqe,noisy_sim,paper,high_change,cross_backend_context,,,B5,ibm_kyiv,ibm_brisbane,ibm_kyiv->ibm_brisbane,migrate:ibm_brisbane,migrate,1,1,1,6.0,1,1,0.023860000000000006,0.0016,0.0105,0.018,0.00336,0.022400000000000003,0.038400000000000004,0.00176,0.011900000000000003,0.020400000000000005,0.03406000000000001,1.0,1.0,0.9283666666666667,0.55,0.2783666666666667,0.1,0.0,0,9,3,2976,4,0,0.42857142857142855,4,4,-2.018755288573649,0.017246632024518593,0.20124753879675802,0.036071952967378744,0.1704046082322503,12,0.105,1,qubit_wise_commuting,7,8736,1248.0,1248,12,0,24,4,entangling_ry_rz_brickwork,1.1295813754291744,0.8277243589743589,0,0,0,0.034625020709507126,0.10000510148316787,0.03769263474430454,0.03384142123419953,104,4992,0.265265042
evaluation,sha256:bb7b004a8b520e7027942f02c6bde5518026cff714b1f6dd27362f34105610a5,sha256:bb7b004a8b520e7027942f02c6bde5518026cff714b1f6dd27362f34105610a5-failure,1303,h2_vqe,noisy_sim,paper,high_change,same_backend_changed_context,,,B5,ibm_kyiv,ibm_kyiv,ibm_kyiv->ibm_kyiv,replay:ibm_kyiv,replay,1,1,1,8.0,0,1,0.016,0.0016,0.0105,0.018,0.00288,0.0189,0.0324,0.00128,0.0084,0.0144,0.024079999999999997,1.0,1.0,0.7366666666666667,0.55,0.18666666666666665,0.0,0.0,0,9,3,2976,4,0,0.42857142857142855,4,4,-2.018755288573649,0.017246632024518593,0.20124753879675802,0.036071952967378744,0.1704046082322503,12,0.105,1,qubit_wise_commuting,7,8736,1248.0,1248,12,0,24,4,entangling_ry_rz_brickwork,1.1295813754291744,0.8277243589743589,0,0,0,0.024888194196003077,0.06106636677755078,0.026944533057695147,0.024324616713519598,104,4992,0.270232208
evaluation,sha256:c08eb7adadb2d2928db2cdd865c9c65d6333ca603bbdc6d0cbecdea84a0b284f,sha256:c08eb7adadb2d2928db2cdd865c9c65d6333ca603bbdc6d0cbecdea84a0b284f-failure,1306,qaoa_maxcut,noisy_sim,paper,same_backend_delay,cross_backend_context,,,B5,ibm_kyiv,ibm_sherbrooke,ibm_kyiv->ibm_sherbrooke,migrate:ibm_sherbrooke,migrate,1,1,1,0.0,1,1,0.0018999999999999998,0.0016,0.0105,0.018,0.0012,0.0095,0.017,0.0004000000000000002,0.0010000000000000009,0.0009999999999999974,0.0023999999999999985,1.0,1.0,0.12216666666666667,0.0,0.02216666666666666,0.1,0.0,1,9,1,4160,0,0,1.0,4,4,-5.928142888081208,2.544203874086161,5.913345921750141,2.610995737591621,4.082548118781412,4,0.12,1,qubit_wise_commuting,1,4160,4160.0,4160,4,0,10,6,qaoa_maxcut,5.512625221458563,0.07067307692307692,0,0,1,0.6660634273268733,0.13912360811415123,0.3127819865773347,0.0,40,16640,1.608227541
evaluation,sha256:c08eb7adadb2d2928db2cdd865c9c65d6333ca603bbdc6d0cbecdea84a0b284f,sha256:c08eb7adadb2d2928db2cdd865c9c65d6333ca603bbdc6d0cbecdea84a0b284f-failure,1306,qaoa_maxcut,noisy_sim,paper,same_backend_delay,same_backend_changed_context,,,B5,ibm_kyiv,ibm_kyiv,ibm_kyiv->ibm_kyiv,replay:ibm_kyiv,replay,1,1,1,4.0,0,1,0.007999999999999998,0.0016,0.0105,0.018,0.00224,0.0147,0.025199999999999997,0.0006399999999999997,0.004199999999999999,0.007199999999999998,0.012039999999999997,1.0,1.0,0.5333333333333333,0.44000000000000006,0.09333333333333331,0.0,0.0,0,9,1,4160,0,0,1.0,4,4,-5.928142888081208,2.544203874086161,5.913345921750141,2.610995737591621,4.082548118781412,4,0.12,1,qubit_wise_commuting,1,4160,4160.0,4160,4,0,10,6,qaoa_maxcut,5.512625221458563,0.07067307692307692,0,0,0,1.2152750892763513,0.24635676151160554,1.2047415444767882,0.10174077165474049,40,16640,1.607183459
evaluation,sha256:c0d29fb90adcd048089a827f52eced3a8f07d37e43608de3190d88b35e9524f7,sha256:c0d29fb90adcd048089a827f52eced3a8f07d37e43608de3190d88b35e9524f7-failure,1302,lih_vqe,noisy_sim,paper,cross_backend,cross_backend_context,,,B5,ibm_kyiv,ibm_brisbane,ibm_kyiv->ibm_brisbane,migrate:ibm_brisbane,migrate,1,1,1,0.0,1,1,0.007,0.0016,0.0105,0.018,0.0021,0.014,0.024,0.0004999999999999998,0.0034999999999999996,0.006000000000000002,0.010000000000000002,1.0,1.0,0.18166666666666667,0.0,0.08166666666666667,0.1,0.0,0,9,4,4480,4,0,0.5,4,4,-7.636379931705408,0.057675003767389654,0.5122793641359737,0.06686400041367137,0.3685427717615634,20,0.085,1,qubit_wise_commuting,8,11008,1376.0,1376,20,0,40,5,entangling_ry_rz_brickwork,1.8099224490038899,0.7354651162790697,0,0,0,0.0018791665672894808,0.07102490951765972,0.02335818579350964,0.0,168,5504,1.015624666
evaluation,sha256:c0d29fb90adcd048089a827f52eced3a8f07d37e43608de3190d88b35e9524f7,sha256:c0d29fb90adcd048089a827f52eced3a8f07d37e43608de3190d88b35e9524f7-failure,1302,lih_vqe,noisy_sim,paper,cross_backend,cross_backend_context,,,B5,ibm_kyiv,ibm_sherbrooke,ibm_kyiv->ibm_sherbrooke,migrate:ibm_sherbrooke,migrate,1,1,1,0.0,1,1,0.0018999999999999998,0.0016,0.0105,0.018,0.0012,0.0095,0.017,0.0004000000000000002,0.0010000000000000009,0.0009999999999999974,0.0023999999999999985,1.0,1.0,0.12216666666666667,0.0,0.02216666666666666,0.1,0.0,1,9,4,4480,4,0,0.5,4,4,-7.636379931705408,0.057675003767389654,0.5122793641359737,0.06686400041367137,0.3685427717615634,20,0.085,1,qubit_wise_commuting,8,11008,1376.0,1376,20,0,40,5,entangling_ry_rz_brickwork,1.8099224490038899,0.7354651162790697,0,0,0,0.0007572504138373404,0.021951848060351116,0.010533241587444118,0.002102839170640358,168,5504,0.98873525
evaluation,sha256:c361afa07cc4591a63236abb1999d0e1f66ff0128b3a653f706e07e135fa9bce,sha256:c361afa07cc4591a63236abb1999d0e1f66ff0128b3a653f706e07e135fa9bce-failure,1302,qaoa_maxcut,noisy_sim,paper,cross_backend,cross_backend_context,,,B5,ibm_kyiv,ibm_brisbane,ibm_kyiv->ibm_brisbane,migrate:ibm_brisbane,migrate,1,1,1,0.0,1,1,0.007,0.0016,0.0105,0.018,0.0021,0.014,0.024,0.0004999999999999998,0.0034999999999999996,0.006000000000000002,0.010000000000000002,1.0,1.0,0.18166666666666667,0.0,0.08166666666666667,0.1,0.0,0,9,1,4160,0,0,1.0,4,4,-5.345812495223006,2.36633350877245,2.280462151186871,0.9650396390350949,1.7035246798517634,4,0.12,1,qubit_wise_commuting,1,4160,4160.0,4160,4,0,10,6,qaoa_maxcut,5.4856044249201545,0.11490384615384615,0,0,1,0.5137689835084664,0.1405905536381813,0.4679982493653176,0.09413592139452831,40,16640,1.604030542
evaluation,sha256:c361afa07cc4591a63236abb1999d0e1f66ff0128b3a653f706e07e135fa9bce,sha256:c361afa07cc4591a63236abb1999d0e1f66ff0128b3a653f706e07e135fa9bce-failure,1302,qaoa_maxcut,noisy_sim,paper,cross_backend,cross_backend_context,,,B5,ibm_kyiv,ibm_sherbrooke,ibm_kyiv->ibm_sherbrooke,migrate:ibm_sherbrooke,migrate,1,1,1,0.0,1,1,0.0018999999999999998,0.0016,0.0105,0.018,0.0012,0.0095,0.017,0.0004000000000000002,0.0010000000000000009,0.0009999999999999974,0.0023999999999999985,1.0,1.0,0.12216666666666667,0.0,0.02216666666666666,0.1,0.0,1,9,1,4160,0,0,1.0,4,4,-5.345812495223006,2.36633350877245,2.280462151186871,0.9650396390350949,1.7035246798517634,4,0.12,1,qubit_wise_commuting,1,4160,4160.0,4160,4,0,10,6,qaoa_maxcut,5.4856044249201545,0.11490384615384615,0,0,1,0.1603654186637602,0.08050859648944303,0.1301250719667548,0.0,40,16640,1.622716666
evaluation,sha256:c3f6790394ebdf6af93ddaeba4a69f63b1900191f27a3ab6f69d09598bb72a23,sha256:c3f6790394ebdf6af93ddaeba4a69f63b1900191f27a3ab6f69d09598bb72a23-failure,1303,lih_vqe,noisy_sim,paper,same_backend_delay,cross_backend_context,,,B5,ibm_kyiv,ibm_sherbrooke,ibm_kyiv->ibm_sherbrooke,migrate:ibm_sherbrooke,migrate,1,1,1,0.0,1,1,0.0018999999999999998,0.0016,0.0105,0.018,0.0012,0.0095,0.017,0.0004000000000000002,0.0010000000000000009,0.0009999999999999974,0.0023999999999999985,1.0,1.0,0.12216666666666667,0.0,0.02216666666666666,0.1,0.0,1,9,4,4480,4,0,0.5,4,4,-7.617926519454549,0.0702913266397589,0.5530268528175069,0.05933090064776268,0.40307915677673856,20,0.085,1,qubit_wise_commuting,8,11008,1376.0,1376,20,0,40,5,entangling_ry_rz_brickwork,1.2856105711413355,0.8241279069767442,0,0,0,0.0005887520836713733,0.051490466396178415,0.010250398326111637,0.0020930053077883315,168,5504,0.931933459
evaluation,sha256:c3f6790394ebdf6af93ddaeba4a69f63b1900191f27a3ab6f69d09598bb72a23,sha256:c3f6790394ebdf6af93ddaeba4a69f63b1900191f27a3ab6f69d09598bb72a23-failure,1303,lih_vqe,noisy_sim,paper,same_backend_delay,same_backend_changed_context,,,B5,ibm_kyiv,ibm_kyiv,ibm_kyiv->ibm_kyiv,replay:ibm_kyiv,replay,1,1,1,4.0,0,1,0.007999999999999998,0.0016,0.0105,0.018,0.00224,0.0147,0.025199999999999997,0.0006399999999999997,0.004199999999999999,0.007199999999999998,0.012039999999999997,1.0,1.0,0.5333333333333333,0.44000000000000006,0.09333333333333331,0.0,0.0,0,9,4,4480,4,0,0.5,4,4,-7.617926519454549,0.0702913266397589,0.5530268528175069,0.05933090064776268,0.40307915677673856,20,0.085,1,qubit_wise_commuting,8,11008,1376.0,1376,20,0,40,5,entangling_ry_rz_brickwork,1.2856105711413355,0.8241279069767442,0,0,0,0.001933928747932967,0.0751867541816853,0.027966228830310556,0.0,168,5504,0.9316195
evaluation,sha256:c5f1c453c18c8cb0d7454972ebf66d2da38f7918a31195d944d7584299f5219e,sha256:c5f1c453c18c8cb0d7454972ebf66d2da38f7918a31195d944d7584299f5219e-failure,1308,qaoa_maxcut,noisy_sim,paper,no_change,same_backend_no_change,,,B5,ibm_kyiv,ibm_kyiv,ibm_kyiv->ibm_kyiv,replay:ibm_kyiv,replay,1,1,1,0.0,0,1,0.0,0.0016,0.0105,0.018,0.0016,0.0105,0.018,0.0,0.0,0.0,0.0,1.0,1.0,0.0,0.0,0.0,0.0,0.0,1,9,1,4096,0,0,1.0,4,4,-5.679790933656586,2.453092893359724,3.9121446714525323,1.3426342100261117,3.7636764769676923,4,0.12,1,qubit_wise_commuting,1,4096,4096.0,4096,4,0,10,6,qaoa_maxcut,5.711133319465052,0.08837890625,1,1,1,0.0,0.0,0.0,0.0,0,0,1.61054825
evaluation,sha256:c6d7ff85eecb3a00756f95be31c72e1e1bc3912702ab2289e818a836c2db5a8e,sha256:c6d7ff85eecb3a00756f95be31c72e1e1bc3912702ab2289e818a836c2db5a8e-failure,1301,h2_vqe,noisy_sim,paper,high_change,cross_backend_context,,,B5,ibm_kyiv,ibm_brisbane,ibm_kyiv->ibm_brisbane,migrate:ibm_brisbane,migrate,1,1,1,6.0,1,1,0.023860000000000006,0.0016,0.0105,0.018,0.00336,0.022400000000000003,0.038400000000000004,0.00176,0.011900000000000003,0.020400000000000005,0.03406000000000001,1.0,1.0,0.9283666666666667,0.55,0.2783666666666667,0.1,0.0,0,9,3,2976,4,0,0.42857142857142855,4,4,-2.022018378809608,0.028751831583225806,0.24750014780991553,0.047243351157137216,0.18593620724648555,12,0.105,1,qubit_wise_commuting,7,8736,1248.0,1248,12,0,24,4,entangling_ry_rz_brickwork,1.0362079836341518,0.8469551282051282,0,0,0,0.035292908821638935,0.12270122449144835,0.03252934908989651,0.03420663308860661,104,4992,0.260440292
evaluation,sha256:c6d7ff85eecb3a00756f95be31c72e1e1bc3912702ab2289e818a836c2db5a8e,sha256:c6d7ff85eecb3a00756f95be31c72e1e1bc3912702ab2289e818a836c2db5a8e-failure,1301,h2_vqe,noisy_sim,paper,high_change,same_backend_changed_context,,,B5,ibm_kyiv,ibm_kyiv,ibm_kyiv->ibm_kyiv,replay:ibm_kyiv,replay,1,1,1,8.0,0,1,0.016,0.0016,0.0105,0.018,0.00288,0.0189,0.0324,0.00128,0.0084,0.0144,0.024079999999999997,1.0,1.0,0.7366666666666667,0.55,0.18666666666666665,0.0,0.0,0,9,3,2976,4,0,0.42857142857142855,4,4,-2.022018378809608,0.028751831583225806,0.24750014780991553,0.047243351157137216,0.18593620724648555,12,0.105,1,qubit_wise_commuting,7,8736,1248.0,1248,12,0,24,4,entangling_ry_rz_brickwork,1.0362079836341518,0.8469551282051282,0,0,0,0.025365795519292966,0.09811436433977258,0.023216349100597916,0.02458507187914538,104,4992,0.260713584
evaluation,sha256:c7303e3421975430b956af12cbb713db1515710b6ff36653f56eed6b64ab78b8,sha256:c7303e3421975430b956af12cbb713db1515710b6ff36653f56eed6b64ab78b8-failure,1303,adapt_vqe,noisy_sim,paper,same_backend_delay,cross_backend_context,,,B5,ibm_kyiv,ibm_sherbrooke,ibm_kyiv->ibm_sherbrooke,migrate:ibm_sherbrooke,migrate,1,1,1,0.0,1,1,0.0018999999999999998,0.0016,0.0105,0.018,0.0012,0.0095,0.017,0.0004000000000000002,0.0010000000000000009,0.0009999999999999974,0.0023999999999999985,1.0,1.0,0.12216666666666667,0.0,0.02216666666666666,0.1,0.0,1,9,4,3328,4,0,0.5,4,4,-7.469178085787579,0.0053157059487354275,0.17595056250831412,0.07989659416789666,0.14022946548062107,4,0.08,1,qubit_wise_commuting,8,8704,1088.0,1088,4,4,40,5,adapt_pauli_pool,0.8408114563379445,0.875,0,0,0,0.0006258335737907572,0.05715731003782427,0.0013838544267762124,0.0006465745603305706,40,4352,0.058225833
evaluation,sha256:c7303e3421975430b956af12cbb713db1515710b6ff36653f56eed6b64ab78b8,sha256:c7303e3421975430b956af12cbb713db1515710b6ff36653f56eed6b64ab78b8-failure,1303,adapt_vqe,noisy_sim,paper,same_backend_delay,same_backend_changed_context,,,B5,ibm_kyiv,ibm_kyiv,ibm_kyiv->ibm_kyiv,replay:ibm_kyiv,replay,1,1,1,4.0,0,1,0.007999999999999998,0.0016,0.0105,0.018,0.00224,0.0147,0.025199999999999997,0.0006399999999999997,0.004199999999999999,0.007199999999999998,0.012039999999999997,1.0,1.0,0.5333333333333333,0.44000000000000006,0.09333333333333331,0.0,0.0,0,9,4,3328,4,0,0.5,4,4,-7.469178085787579,0.0053157059487354275,0.17595056250831412,0.07989659416789666,0.14022946548062107,4,0.08,1,qubit_wise_commuting,8,8704,1088.0,1088,4,4,40,5,adapt_pauli_pool,0.8408114563379445,0.875,0,0,0,0.002232921673455124,0.04597634315240491,0.002211398532490314,0.0,40,4352,0.058246208
evaluation,sha256:cbf18675c9337e842d4d4810ac7d61cc18109d429111546cbb6a09268fd24e51,sha256:cbf18675c9337e842d4d4810ac7d61cc18109d429111546cbb6a09268fd24e51-failure,1308,adapt_vqe,noisy_sim,paper,high_change,cross_backend_context,,,B5,ibm_kyiv,ibm_brisbane,ibm_kyiv->ibm_brisbane,migrate:ibm_brisbane,migrate,1,1,1,6.0,1,1,0.023860000000000006,0.0016,0.0105,0.018,0.00336,0.022400000000000003,0.038400000000000004,0.00176,0.011900000000000003,0.020400000000000005,0.03406000000000001,1.0,1.0,0.9283666666666667,0.55,0.2783666666666667,0.1,0.0,0,9,4,3328,4,0,0.5,4,4,-7.4516390790574745,0.0012306003919544395,0.0743980580626465,0.03576841703432581,0.04972070893694496,4,0.08,1,qubit_wise_commuting,8,8704,1088.0,1088,4,4,40,5,adapt_pauli_pool,0.638392964152954,0.9136029411764706,0,0,0,0.0064581306411337636,0.11952816118562652,0.005112158412539614,0.0,40,4352,0.058839625
evaluation,sha256:cbf18675c9337e842d4d4810ac7d61cc18109d429111546cbb6a09268fd24e51,sha256:cbf18675c9337e842d4d4810ac7d61cc18109d429111546cbb6a09268fd24e51-failure,1308,adapt_vqe,noisy_sim,paper,high_change,same_backend_changed_context,,,B5,ibm_kyiv,ibm_kyiv,ibm_kyiv->ibm_kyiv,replay:ibm_kyiv,replay,1,1,1,8.0,0,1,0.016,0.0016,0.0105,0.018,0.00288,0.0189,0.0324,0.00128,0.0084,0.0144,0.024079999999999997,1.0,1.0,0.7366666666666667,0.55,0.18666666666666665,0.0,0.0,0,9,4,3328,4,0,0.5,4,4,-7.4516390790574745,0.0012306003919544395,0.0743980580626465,0.03576841703432581,0.04972070893694496,4,0.08,1,qubit_wise_commuting,8,8704,1088.0,1088,4,4,40,5,adapt_pauli_pool,0.638392964152954,0.9136029411764706,0,0,0,0.004601304846285181,0.09409339038650204,0.0037194103904515984,0.0,40,4352,0.059531209
evaluation,sha256:ccc2b22278e620aed10ae078ac026390b1288e0430ee0c5f68aec8d7a3e35885,sha256:ccc2b22278e620aed10ae078ac026390b1288e0430ee0c5f68aec8d7a3e35885-failure,1302,lih_vqe,noisy_sim,paper,safe_change,same_backend_changed_context,,,B5,ibm_kyiv,ibm_kyiv,ibm_kyiv->ibm_kyiv,replay:ibm_kyiv,replay,1,1,1,0.1,0,1,0.00020000000000000017,0.0016,0.0105,0.018,0.001616,0.010605000000000002,0.018179999999999998,1.5999999999999955e-05,0.00010500000000000093,0.0001799999999999996,0.0003010000000000005,1.0,1.0,0.013333333333333336,0.011000000000000001,0.0023333333333333353,0.0,0.0,1,9,4,4480,4,0,0.5,4,4,-7.636379931705408,0.057675003767389654,0.5122793641359737,0.06686400041367137,0.3685427717615634,20,0.085,1,qubit_wise_commuting,8,11008,1376.0,1376,20,0,40,5,entangling_ry_rz_brickwork,1.8099224490038899,0.7354651162790697,1,1,1,5.699885782650682e-05,0.02869783517526869,0.0007231894570675652,0.0,0,0,0.928731
evaluation,sha256:cdc6d176181e687c0b2d3dc092c8bcccc9f04c3e26734d8937b6a042ea14bfee,sha256:cdc6d176181e687c0b2d3dc092c8bcccc9f04c3e26734d8937b6a042ea14bfee-failure,1307,adapt_vqe,noisy_sim,paper,no_change,same_backend_no_change,,,B5,ibm_kyiv,ibm_kyiv,ibm_kyiv->ibm_kyiv,replay:ibm_kyiv,replay,1,1,1,0.0,0,1,0.0,0.0016,0.0105,0.018,0.0016,0.0105,0.018,0.0,0.0,0.0,0.0,1.0,1.0,0.0,0.0,0.0,0.0,0.0,1,9,4,3328,4,0,0.5,4,4,-7.445144435287034,0.0030077898218747734,0.11559787129798031,0.0562509841574811,0.06445981602742161,4,0.08,1,qubit_wise_commuting,8,8704,1088.0,1088,4,4,40,5,adapt_pauli_pool,0.7944453866166293,0.8887867647058824,1,1,1,0.0,0.0,0.0,0.0,0,0,0.060158042
evaluation,sha256:cde2d365371e92b6ddda07f2320f07179fb88d448fe439a9bed4aa057e3c9e5b,sha256:cde2d365371e92b6ddda07f2320f07179fb88d448fe439a9bed4aa057e3c9e5b-failure,1307,lih_vqe,noisy_sim,paper,no_change,same_backend_no_change,,,B5,ibm_kyiv,ibm_kyiv,ibm_kyiv->ibm_kyiv,replay:ibm_kyiv,replay,1,1,1,0.0,0,1,0.0,0.0016,0.0105,0.018,0.0016,0.0105,0.018,0.0,0.0,0.0,0.0,1.0,1.0,0.0,0.0,0.0,0.0,0.0,1,9,4,4608,4,0,0.5,4,4,-7.647434454815396,0.06759590627979684,0.5483237819142738,0.06654797910696589,0.40366908508789756,20,0.085,1,qubit_wise_commuting,8,11264,1408.0,1408,20,0,40,5,entangling_ry_rz_brickwork,1.524117404633344,0.7890625,1,1,1,0.0,0.0,0.0,0.0,0,0,0.946487791
evaluation,sha256:cfc849dae6745ec56532b44d475de29f85431d6effaf755edada8eff6e312290,sha256:cfc849dae6745ec56532b44d475de29f85431d6effaf755edada8eff6e312290-failure,1307,qaoa_maxcut,noisy_sim,paper,cross_backend,cross_backend_context,,,B5,ibm_kyiv,ibm_brisbane,ibm_kyiv->ibm_brisbane,migrate:ibm_brisbane,migrate,1,1,1,0.0,1,1,0.007,0.0016,0.0105,0.018,0.0021,0.014,0.024,0.0004999999999999998,0.0034999999999999996,0.006000000000000002,0.010000000000000002,1.0,1.0,0.18166666666666667,0.0,0.08166666666666667,0.1,0.0,0,9,1,4160,0,0,1.0,4,4,-5.702642332240706,1.8415611902863156,6.50120243139268,1.941581832825813,6.441596207478502,4,0.12,1,qubit_wise_commuting,1,4160,4160.0,4160,4,0,10,6,qaoa_maxcut,5.966226568790981,0.028365384615384615,0,0,0,0.17366435706370176,0.09327276224211462,0.7422178165815778,0.016333376218391926,40,16640,1.610796
evaluation,sha256:cfc849dae6745ec56532b44d475de29f85431d6effaf755edada8eff6e312290,sha256:cfc849dae6745ec56532b44d475de29f85431d6effaf755edada8eff6e312290-failure,1307,qaoa_maxcut,noisy_sim,paper,cross_backend,cross_backend_context,,,B5,ibm_kyiv,ibm_sherbrooke,ibm_kyiv->ibm_sherbrooke,migrate:ibm_sherbrooke,migrate,1,1,1,0.0,1,1,0.0018999999999999998,0.0016,0.0105,0.018,0.0012,0.0095,0.017,0.0004000000000000002,0.0010000000000000009,0.0009999999999999974,0.0023999999999999985,1.0,1.0,0.12216666666666667,0.0,0.02216666666666666,0.1,0.0,1,9,1,4160,0,0,1.0,4,4,-5.702642332240706,1.8415611902863156,6.50120243139268,1.941581832825813,6.441596207478502,4,0.12,1,qubit_wise_commuting,1,4160,4160.0,4160,4,0,10,6,qaoa_maxcut,5.966226568790981,0.028365384615384615,0,0,1,0.05877569792183168,0.07524202236346901,0.34534481515534915,0.0,40,16640,1.61329125
evaluation,sha256:d0671a999c0e40f4492b4d38048702340a25e2373e8ba4dd20019fd8b51ebcec,sha256:d0671a999c0e40f4492b4d38048702340a25e2373e8ba4dd20019fd8b51ebcec-failure,1302,adapt_vqe,noisy_sim,paper,safe_change,same_backend_changed_context,,,B5,ibm_kyiv,ibm_kyiv,ibm_kyiv->ibm_kyiv,replay:ibm_kyiv,replay,1,1,1,0.1,0,1,0.00020000000000000017,0.0016,0.0105,0.018,0.001616,0.010605000000000002,0.018179999999999998,1.5999999999999955e-05,0.00010500000000000093,0.0001799999999999996,0.0003010000000000005,1.0,1.0,0.013333333333333336,0.011000000000000001,0.0023333333333333353,0.0,0.0,1,9,4,3328,4,0,0.5,4,4,-7.4821613707887,0.00964099703012522,0.23492493094688183,0.11121919432981957,0.17415047862094665,4,0.08,1,qubit_wise_commuting,8,8704,1088.0,1088,4,4,40,5,adapt_pauli_pool,0.8685446080858279,0.8740808823529411,1,1,1,5.470124788864439e-05,0.0,5.2353477205895844e-05,0.0,0,0,0.058374167
evaluation,sha256:d07e516e5273d6b1a9dc95041e0e2f41811032ab32d20881a5130cd0730d723a,sha256:d07e516e5273d6b1a9dc95041e0e2f41811032ab32d20881a5130cd0730d723a-failure,1302,h2_vqe,noisy_sim,paper,cross_backend,cross_backend_context,,,B5,ibm_kyiv,ibm_brisbane,ibm_kyiv->ibm_brisbane,migrate:ibm_brisbane,migrate,1,1,1,0.0,1,1,0.007,0.0016,0.0105,0.018,0.0021,0.014,0.024,0.0004999999999999998,0.0034999999999999996,0.006000000000000002,0.010000000000000002,1.0,1.0,0.18166666666666667,0.0,0.08166666666666667,0.1,0.0,0,9,3,2976,4,0,0.42857142857142855,4,4,-2.0077954374337104,0.03722314626164325,0.2824404379980061,0.05406847515327488,0.2158358289939106,12,0.105,1,qubit_wise_commuting,7,8736,1248.0,1248,12,0,24,4,entangling_ry_rz_brickwork,0.8470896727335048,0.8798076923076923,0,0,0,0.010253118845687581,0.056104649204169584,0.011426748399552673,0.009724665023992607,104,4992,0.295786
evaluation,sha256:d07e516e5273d6b1a9dc95041e0e2f41811032ab32d20881a5130cd0730d723a,sha256:d07e516e5273d6b1a9dc95041e0e2f41811032ab32d20881a5130cd0730d723a-failure,1302,h2_vqe,noisy_sim,paper,cross_backend,cross_backend_context,,,B5,ibm_kyiv,ibm_sherbrooke,ibm_kyiv->ibm_sherbrooke,migrate:ibm_sherbrooke,migrate,1,1,1,0.0,1,1,0.0018999999999999998,0.0016,0.0105,0.018,0.0012,0.0095,0.017,0.0004000000000000002,0.0010000000000000009,0.0009999999999999974,0.0023999999999999985,1.0,1.0,0.12216666666666667,0.0,0.02216666666666666,0.1,0.0,1,9,3,2976,4,0,0.42857142857142855,4,4,-2.0077954374337104,0.03722314626164325,0.2824404379980061,0.05406847515327488,0.2158358289939106,12,0.105,1,qubit_wise_commuting,7,8736,1248.0,1248,12,0,24,4,entangling_ry_rz_brickwork,0.8470896727335048,0.8798076923076923,0,0,0,0.005172749872020432,0.011726826669030414,0.005088709024493259,0.0,104,4992,0.27878725
evaluation,sha256:d128ba13a34e30fad1322fdf6d5f3605b9702b1a9d057aac7ff8e43fc260446c,sha256:d128ba13a34e30fad1322fdf6d5f3605b9702b1a9d057aac7ff8e43fc260446c-failure,1307,qaoa_maxcut,noisy_sim,paper,safe_change,same_backend_changed_context,,,B5,ibm_kyiv,ibm_kyiv,ibm_kyiv->ibm_kyiv,replay:ibm_kyiv,replay,1,1,1,0.1,0,1,0.00020000000000000017,0.0016,0.0105,0.018,0.001616,0.010605000000000002,0.018179999999999998,1.5999999999999955e-05,0.00010500000000000093,0.0001799999999999996,0.0003010000000000005,1.0,1.0,0.013333333333333336,0.011000000000000001,0.0023333333333333353,0.0,0.0,1,9,1,4160,0,0,1.0,4,4,-5.702642332240706,1.8415611902863156,6.50120243139268,1.941581832825813,6.441596207478502,4,0.12,1,qubit_wise_commuting,1,4160,4160.0,4160,4,0,10,6,qaoa_maxcut,5.966226568790981,0.028365384615384615,1,1,1,0.004980631900906918,0.022122507181980767,0.01586915422067766,0.0005090543140768844,0,0,1.63604375
evaluation,sha256:d2e857857df1e9dfac185c54fc4f5af9a101f0966b7bdbd74e59471ae99d03ae,sha256:d2e857857df1e9dfac185c54fc4f5af9a101f0966b7bdbd74e59471ae99d03ae-failure,1308,adapt_vqe,noisy_sim,paper,same_backend_delay,cross_backend_context,,,B5,ibm_kyiv,ibm_sherbrooke,ibm_kyiv->ibm_sherbrooke,migrate:ibm_sherbrooke,migrate,1,1,1,0.0,1,1,0.0018999999999999998,0.0016,0.0105,0.018,0.0012,0.0095,0.017,0.0004000000000000002,0.0010000000000000009,0.0009999999999999974,0.0023999999999999985,1.0,1.0,0.12216666666666667,0.0,0.02216666666666666,0.1,0.0,1,9,4,3328,4,0,0.5,4,4,-7.4516390790574745,0.0012306003919544395,0.0743980580626465,0.03576841703432581,0.04972070893694496,4,0.08,1,qubit_wise_commuting,8,8704,1088.0,1088,4,4,40,5,adapt_pauli_pool,0.638392964152954,0.9136029411764706,0,0,0,0.0006684355448456358,0.0656367987495003,0.0011639321149530897,0.0006713831064688591,40,4352,0.058258416
evaluation,sha256:d2e857857df1e9dfac185c54fc4f5af9a101f0966b7bdbd74e59471ae99d03ae,sha256:d2e857857df1e9dfac185c54fc4f5af9a101f0966b7bdbd74e59471ae99d03ae-failure,1308,adapt_vqe,noisy_sim,paper,same_backend_delay,same_backend_changed_context,,,B5,ibm_kyiv,ibm_kyiv,ibm_kyiv->ibm_kyiv,replay:ibm_kyiv,replay,1,1,1,4.0,0,1,0.007999999999999998,0.0016,0.0105,0.018,0.00224,0.0147,0.025199999999999997,0.0006399999999999997,0.004199999999999999,0.007199999999999998,0.012039999999999997,1.0,1.0,0.5333333333333333,0.44000000000000006,0.09333333333333331,0.0,0.0,0,9,4,3328,4,0,0.5,4,4,-7.4516390790574745,0.0012306003919544395,0.0743980580626465,0.03576841703432581,0.04972070893694496,4,0.08,1,qubit_wise_commuting,8,8704,1088.0,1088,4,4,40,5,adapt_pauli_pool,0.638392964152954,0.9136029411764706,0,0,0,0.0023009741241963866,0.04293831925531883,0.0018606901463841929,0.0,40,4352,0.058020792
evaluation,sha256:d5415382dfe5c9840b6717d683f991c5bc7fcf6068589af4fd6a57e0428c42a8,sha256:d5415382dfe5c9840b6717d683f991c5bc7fcf6068589af4fd6a57e0428c42a8-failure,1302,adapt_vqe,noisy_sim,paper,same_backend_delay,cross_backend_context,,,B5,ibm_kyiv,ibm_sherbrooke,ibm_kyiv->ibm_sherbrooke,migrate:ibm_sherbrooke,migrate,1,1,1,0.0,1,1,0.0018999999999999998,0.0016,0.0105,0.018,0.0012,0.0095,0.017,0.0004000000000000002,0.0010000000000000009,0.0009999999999999974,0.0023999999999999985,1.0,1.0,0.12216666666666667,0.0,0.02216666666666666,0.1,0.0,1,9,4,3328,4,0,0.5,4,4,-7.4821613707887,0.00964099703012522,0.23492493094688183,0.11121919432981957,0.17415047862094665,4,0.08,1,qubit_wise_commuting,8,8704,1088.0,1088,4,4,40,5,adapt_pauli_pool,0.8685446080858279,0.8740808823529411,0,0,0,0.000597617519396465,0.02204982342195971,0.0013094582474260646,0.0006323111645949453,40,4352,0.05796725
evaluation,sha256:d5415382dfe5c9840b6717d683f991c5bc7fcf6068589af4fd6a57e0428c42a8,sha256:d5415382dfe5c9840b6717d683f991c5bc7fcf6068589af4fd6a57e0428c42a8-failure,1302,adapt_vqe,noisy_sim,paper,same_backend_delay,same_backend_changed_context,,,B5,ibm_kyiv,ibm_kyiv,ibm_kyiv->ibm_kyiv,replay:ibm_kyiv,replay,1,1,1,4.0,0,1,0.007999999999999998,0.0016,0.0105,0.018,0.00224,0.0147,0.025199999999999997,0.0006399999999999997,0.004199999999999999,0.007199999999999998,0.012039999999999997,1.0,1.0,0.5333333333333333,0.44000000000000006,0.09333333333333331,0.0,0.0,0,9,4,3328,4,0,0.5,4,4,-7.4821613707887,0.00964099703012522,0.23492493094688183,0.11121919432981957,0.17415047862094665,4,0.08,1,qubit_wise_commuting,8,8704,1088.0,1088,4,4,40,5,adapt_pauli_pool,0.8685446080858279,0.8740808823529411,0,0,0,0.0021878426284427377,0.04451044649260446,0.0020926488414802656,0.0,40,4352,0.058284792
evaluation,sha256:d647dbe3ab8edb8dc956c9fe53a7d583e906a826052e76cce0d8c0e1d08a772a,sha256:d647dbe3ab8edb8dc956c9fe53a7d583e906a826052e76cce0d8c0e1d08a772a-failure,1308,h2_vqe,noisy_sim,paper,same_backend_delay,cross_backend_context,,,B5,ibm_kyiv,ibm_sherbrooke,ibm_kyiv->ibm_sherbrooke,migrate:ibm_sherbrooke,migrate,1,1,1,0.0,1,1,0.0018999999999999998,0.0016,0.0105,0.018,0.0012,0.0095,0.017,0.0004000000000000002,0.0010000000000000009,0.0009999999999999974,0.0023999999999999985,1.0,1.0,0.12216666666666667,0.0,0.02216666666666666,0.1,0.0,1,9,3,2976,4,0,0.42857142857142855,4,4,-1.9827032662176511,0.02867834068431141,0.25729677692926733,0.04684902865676507,0.2082072907828852,12,0.105,1,qubit_wise_commuting,7,8736,1248.0,1248,12,0,24,4,entangling_ry_rz_brickwork,1.1806431316883081,0.8149038461538461,0,0,0,0.005070933985547921,0.00995151521642253,0.005122260825333355,0.0,104,4992,0.258281792
evaluation,sha256:d647dbe3ab8edb8dc956c9fe53a7d583e906a826052e76cce0d8c0e1d08a772a,sha256:d647dbe3ab8edb8dc956c9fe53a7d583e906a826052e76cce0d8c0e1d08a772a-failure,1308,h2_vqe,noisy_sim,paper,same_backend_delay,same_backend_changed_context,,,B5,ibm_kyiv,ibm_kyiv,ibm_kyiv->ibm_kyiv,replay:ibm_kyiv,replay,1,1,1,4.0,0,1,0.007999999999999998,0.0016,0.0105,0.018,0.00224,0.0147,0.025199999999999997,0.0006399999999999997,0.004199999999999999,0.007199999999999998,0.012039999999999997,1.0,1.0,0.5333333333333333,0.44000000000000006,0.09333333333333331,0.0,0.0,0,9,3,2976,4,0,0.42857142857142855,4,4,-1.9827032662176511,0.02867834068431141,0.25729677692926733,0.04684902865676507,0.2082072907828852,12,0.105,1,qubit_wise_commuting,7,8736,1248.0,1248,12,0,24,4,entangling_ry_rz_brickwork,1.1806431316883081,0.8149038461538461,0,0,0,0.012305848399253083,0.035808702570514106,0.014246438549567798,0.011814128830446524,104,4992,0.259242083
evaluation,sha256:d99728122b42d12aca1873729ffc77b8a79d0ec42b7c739895087b4b7de52a78,sha256:d99728122b42d12aca1873729ffc77b8a79d0ec42b7c739895087b4b7de52a78-failure,1308,qaoa_maxcut,noisy_sim,paper,cross_backend,cross_backend_context,,,B5,ibm_kyiv,ibm_brisbane,ibm_kyiv->ibm_brisbane,migrate:ibm_brisbane,migrate,1,1,1,0.0,1,1,0.007,0.0016,0.0105,0.018,0.0021,0.014,0.024,0.0004999999999999998,0.0034999999999999996,0.006000000000000002,0.010000000000000002,1.0,1.0,0.18166666666666667,0.0,0.08166666666666667,0.1,0.0,0,9,1,4096,0,0,1.0,4,4,-5.679790933656586,2.453092893359724,3.9121446714525323,1.3426342100261117,3.7636764769676923,4,0.12,1,qubit_wise_commuting,1,4096,4096.0,4096,4,0,10,6,qaoa_maxcut,5.711133319465052,0.08837890625,0,0,1,0.04429322978649086,0.0876546840430202,0.1063386298758132,0.060848385432400676,40,16384,1.729825167
evaluation,sha256:d99728122b42d12aca1873729ffc77b8a79d0ec42b7c739895087b4b7de52a78,sha256:d99728122b42d12aca1873729ffc77b8a79d0ec42b7c739895087b4b7de52a78-failure,1308,qaoa_maxcut,noisy_sim,paper,cross_backend,cross_backend_context,,,B5,ibm_kyiv,ibm_sherbrooke,ibm_kyiv->ibm_sherbrooke,migrate:ibm_sherbrooke,migrate,1,1,1,0.0,1,1,0.0018999999999999998,0.0016,0.0105,0.018,0.0012,0.0095,0.017,0.0004000000000000002,0.0010000000000000009,0.0009999999999999974,0.0023999999999999985,1.0,1.0,0.12216666666666667,0.0,0.02216666666666666,0.1,0.0,1,9,1,4096,0,0,1.0,4,4,-5.679790933656586,2.453092893359724,3.9121446714525323,1.3426342100261117,3.7636764769676923,4,0.12,1,qubit_wise_commuting,1,4096,4096.0,4096,4,0,10,6,qaoa_maxcut,5.711133319465052,0.08837890625,1,1,1,0.01972293918323409,0.05516550854104322,0.037411184994095716,0.0,0,0,1.654025833
evaluation,sha256:da9b9cd5d1063a46b689917d718d46e0603e7e7ce6a15c62e827e7fc2b217e94,sha256:da9b9cd5d1063a46b689917d718d46e0603e7e7ce6a15c62e827e7fc2b217e94-failure,1301,adapt_vqe,noisy_sim,paper,same_backend_delay,cross_backend_context,,,B5,ibm_kyiv,ibm_sherbrooke,ibm_kyiv->ibm_sherbrooke,migrate:ibm_sherbrooke,migrate,1,1,1,0.0,1,1,0.0018999999999999998,0.0016,0.0105,0.018,0.0012,0.0095,0.017,0.0004000000000000002,0.0010000000000000009,0.0009999999999999974,0.0023999999999999985,1.0,1.0,0.12216666666666667,0.0,0.02216666666666666,0.1,0.0,1,9,4,3328,4,0,0.5,4,4,-7.455666326214058,0.001466252130540191,0.0803899033653419,0.033902570237476226,0.062221330509358734,4,0.08,1,qubit_wise_commuting,8,8704,1088.0,1088,4,4,40,5,adapt_pauli_pool,0.7072665368026616,0.9016544117647058,0,0,0,0.0006633053703914982,0.007467723452055282,0.0011636963789817831,0.0006667357066518775,40,4352,0.05820775
evaluation,sha256:da9b9cd5d1063a46b689917d718d46e0603e7e7ce6a15c62e827e7fc2b217e94,sha256:da9b9cd5d1063a46b689917d718d46e0603e7e7ce6a15c62e827e7fc2b217e94-failure,1301,adapt_vqe,noisy_sim,paper,same_backend_delay,same_backend_changed_context,,,B5,ibm_kyiv,ibm_kyiv,ibm_kyiv->ibm_kyiv,replay:ibm_kyiv,replay,1,1,1,4.0,0,1,0.007999999999999998,0.0016,0.0105,0.018,0.00224,0.0147,0.025199999999999997,0.0006399999999999997,0.004199999999999999,0.007199999999999998,0.012039999999999997,1.0,1.0,0.5333333333333333,0.44000000000000006,0.09333333333333331,0.0,0.0,0,9,4,3328,4,0,0.5,4,4,-7.455666326214058,0.001466252130540191,0.0803899033653419,0.033902570237476226,0.062221330509358734,4,0.08,1,qubit_wise_commuting,8,8704,1088.0,1088,4,4,40,5,adapt_pauli_pool,0.7072665368026616,0.9016544117647058,0,0,0,0.002292773088718114,0.04892155243389294,0.0018603897539234417,0.0,40,4352,0.058320666
evaluation,sha256:ddf8ccaed2093a1e33ed470fba20b7e41db66e6c4336067ed8175d2f2c6328ef,sha256:ddf8ccaed2093a1e33ed470fba20b7e41db66e6c4336067ed8175d2f2c6328ef-failure,1306,h2_vqe,noisy_sim,paper,cross_backend,cross_backend_context,,,B5,ibm_kyiv,ibm_brisbane,ibm_kyiv->ibm_brisbane,migrate:ibm_brisbane,migrate,1,1,1,0.0,1,1,0.007,0.0016,0.0105,0.018,0.0021,0.014,0.024,0.0004999999999999998,0.0034999999999999996,0.006000000000000002,0.010000000000000002,1.0,1.0,0.18166666666666667,0.0,0.08166666666666667,0.1,0.0,0,9,3,2976,4,0,0.42857142857142855,4,4,-2.006964474572243,0.047379098732959646,0.3212557229081393,0.06452164230357092,0.2390018517460519,12,0.105,1,qubit_wise_commuting,7,8736,1248.0,1248,12,0,24,4,entangling_ry_rz_brickwork,0.9545011429921322,0.8549679487179487,0,0,0,0.01025235701305327,0.061412349857446,0.011269578657352897,0.00958281890756485,104,4992,0.261255
evaluation,sha256:ddf8ccaed2093a1e33ed470fba20b7e41db66e6c4336067ed8175d2f2c6328ef,sha256:ddf8ccaed2093a1e33ed470fba20b7e41db66e6c4336067ed8175d2f2c6328ef-failure,1306,h2_vqe,noisy_sim,paper,cross_backend,cross_backend_context,,,B5,ibm_kyiv,ibm_sherbrooke,ibm_kyiv->ibm_sherbrooke,migrate:ibm_sherbrooke,migrate,1,1,1,0.0,1,1,0.0018999999999999998,0.0016,0.0105,0.018,0.0012,0.0095,0.017,0.0004000000000000002,0.0010000000000000009,0.0009999999999999974,0.0023999999999999985,1.0,1.0,0.12216666666666667,0.0,0.02216666666666666,0.1,0.0,1,9,3,2976,4,0,0.42857142857142855,4,4,-2.006964474572243,0.047379098732959646,0.3212557229081393,0.06452164230357092,0.2390018517460519,12,0.105,1,qubit_wise_commuting,7,8736,1248.0,1248,12,0,24,4,entangling_ry_rz_brickwork,0.9545011429921322,0.8549679487179487,0,0,0,0.005160537194692338,0.011171727166196601,0.005109836522713957,0.0,104,4992,0.26066075
evaluation,sha256:df36417c731e776622b279cb6e2257f71e8846e9272b9eaa4d73a60ae066e12b,sha256:df36417c731e776622b279cb6e2257f71e8846e9272b9eaa4d73a60ae066e12b-failure,1303,qaoa_maxcut,noisy_sim,paper,safe_change,same_backend_changed_context,,,B5,ibm_kyiv,ibm_kyiv,ibm_kyiv->ibm_kyiv,replay:ibm_kyiv,replay,1,1,1,0.1,0,1,0.00020000000000000017,0.0016,0.0105,0.018,0.001616,0.010605000000000002,0.018179999999999998,1.5999999999999955e-05,0.00010500000000000093,0.0001799999999999996,0.0003010000000000005,1.0,1.0,0.013333333333333336,0.011000000000000001,0.0023333333333333353,0.0,0.0,1,9,1,4064,0,0,1.0,4,4,-4.279650049875489,0.4958021241988546,2.4839272058188193,1.0942757162422694,1.6079957732679242,4,0.12,1,qubit_wise_commuting,1,4064,4064.0,4064,4,0,10,6,qaoa_maxcut,5.3892860359487855,0.1375492125984252,1,1,1,0.007177484490114239,0.0032587767179978184,0.013190901367151541,0.0029605440203654965,0,0,1.6047675
evaluation,sha256:e202168e2560406f9ec8704cb3381daa03e92ff349dbf5b5539f0be095c34499,sha256:e202168e2560406f9ec8704cb3381daa03e92ff349dbf5b5539f0be095c34499-failure,1307,h2_vqe,noisy_sim,paper,safe_change,same_backend_changed_context,,,B5,ibm_kyiv,ibm_kyiv,ibm_kyiv->ibm_kyiv,replay:ibm_kyiv,replay,1,1,1,0.1,0,1,0.00020000000000000017,0.0016,0.0105,0.018,0.001616,0.010605000000000002,0.018179999999999998,1.5999999999999955e-05,0.00010500000000000093,0.0001799999999999996,0.0003010000000000005,1.0,1.0,0.013333333333333336,0.011000000000000001,0.0023333333333333353,0.0,0.0,1,9,3,2976,4,0,0.42857142857142855,4,4,-2.016183347055062,0.021896685129227933,0.22266894950893712,0.04373685915532588,0.17745908243377173,12,0.105,1,qubit_wise_commuting,7,8736,1248.0,1248,12,0,24,4,entangling_ry_rz_brickwork,1.0148205316560235,0.8573717948717948,1,1,1,0.0003134641098454516,0.003472451697607685,0.00036202427445281753,0.0003033151339910667,0,0,0.26028375
evaluation,sha256:e230232fa0eb87ccf83036a10c647e452e7a853d134f88ea91dffa5b21dbd128,sha256:e230232fa0eb87ccf83036a10c647e452e7a853d134f88ea91dffa5b21dbd128-failure,1302,adapt_vqe,noisy_sim,paper,high_change,cross_backend_context,,,B5,ibm_kyiv,ibm_brisbane,ibm_kyiv->ibm_brisbane,migrate:ibm_brisbane,migrate,1,1,1,6.0,1,1,0.023860000000000006,0.0016,0.0105,0.018,0.00336,0.022400000000000003,0.038400000000000004,0.00176,0.011900000000000003,0.020400000000000005,0.03406000000000001,1.0,1.0,0.9283666666666667,0.55,0.2783666666666667,0.1,0.0,0,9,4,3328,4,0,0.5,4,4,-7.4821613707887,0.00964099703012522,0.23492493094688183,0.11121919432981957,0.17415047862094665,4,0.08,1,qubit_wise_commuting,8,8704,1088.0,1088,4,4,40,5,adapt_pauli_pool,0.8685446080858279,0.8740808823529411,0,0,0,0.006147543143068646,0.10491522067712752,0.00574743610802096,0.0,40,4352,0.058758209
evaluation,sha256:e230232fa0eb87ccf83036a10c647e452e7a853d134f88ea91dffa5b21dbd128,sha256:e230232fa0eb87ccf83036a10c647e452e7a853d134f88ea91dffa5b21dbd128-failure,1302,adapt_vqe,noisy_sim,paper,high_change,same_backend_changed_context,,,B5,ibm_kyiv,ibm_kyiv,ibm_kyiv->ibm_kyiv,replay:ibm_kyiv,replay,1,1,1,8.0,0,1,0.016,0.0016,0.0105,0.018,0.00288,0.0189,0.0324,0.00128,0.0084,0.0144,0.024079999999999997,1.0,1.0,0.7366666666666667,0.55,0.18666666666666665,0.0,0.0,0,9,4,3328,4,0,0.5,4,4,-7.4821613707887,0.00964099703012522,0.23492493094688183,0.11121919432981957,0.17415047862094665,4,0.08,1,qubit_wise_commuting,8,8704,1088.0,1088,4,4,40,5,adapt_pauli_pool,0.8685446080858279,0.8740808823529411,0,0,0,0.004375259770252882,0.08418409746035661,0.004182243024280452,0.0,40,4352,0.05886
evaluation,sha256:e2592f56aad7f213f43d1c8f08f89e150d6b0eceb37e9bc8aebae0711d7976e7,sha256:e2592f56aad7f213f43d1c8f08f89e150d6b0eceb37e9bc8aebae0711d7976e7-failure,1306,lih_vqe,noisy_sim,paper,no_change,same_backend_no_change,,,B5,ibm_kyiv,ibm_kyiv,ibm_kyiv->ibm_kyiv,replay:ibm_kyiv,replay,1,1,1,0.0,0,1,0.0,0.0016,0.0105,0.018,0.0016,0.0105,0.018,0.0,0.0,0.0,0.0,1.0,1.0,0.0,0.0,0.0,0.0,0.0,1,9,4,5120,4,0,0.5,4,4,-7.82487787302106,0.07438782657475507,0.5659173379455464,0.07510902574728098,0.3836056843132596,20,0.085,1,qubit_wise_commuting,8,12288,1536.0,1536,20,0,40,5,entangling_ry_rz_brickwork,1.746248797391397,0.7434895833333334,1,1,1,0.0,0.0,0.0,0.0,0,0,0.931443625
evaluation,sha256:e2be314db4ac7d3eb008ab4192d22b9c6482b30511ea2caa2069535535a4f2fe,sha256:e2be314db4ac7d3eb008ab4192d22b9c6482b30511ea2caa2069535535a4f2fe-failure,1308,adapt_vqe,noisy_sim,paper,cross_backend,cross_backend_context,,,B5,ibm_kyiv,ibm_brisbane,ibm_kyiv->ibm_brisbane,migrate:ibm_brisbane,migrate,1,1,1,0.0,1,1,0.007,0.0016,0.0105,0.018,0.0021,0.014,0.024,0.0004999999999999998,0.0034999999999999996,0.006000000000000002,0.010000000000000002,1.0,1.0,0.18166666666666667,0.0,0.08166666666666667,0.1,0.0,0,9,4,3328,4,0,0.5,4,4,-7.4516390790574745,0.0012306003919544395,0.0743980580626465,0.03576841703432581,0.04972070893694496,4,0.08,1,qubit_wise_commuting,8,8704,1088.0,1088,4,4,40,5,adapt_pauli_pool,0.638392964152954,0.9136029411764706,0,0,0,0.0018801910119305987,0.03837196387977613,0.0014538325383954033,0.0,40,4352,0.058309875
evaluation,sha256:e2be314db4ac7d3eb008ab4192d22b9c6482b30511ea2caa2069535535a4f2fe,sha256:e2be314db4ac7d3eb008ab4192d22b9c6482b30511ea2caa2069535535a4f2fe-failure,1308,adapt_vqe,noisy_sim,paper,cross_backend,cross_backend_context,,,B5,ibm_kyiv,ibm_sherbrooke,ibm_kyiv->ibm_sherbrooke,migrate:ibm_sherbrooke,migrate,1,1,1,0.0,1,1,0.0018999999999999998,0.0016,0.0105,0.018,0.0012,0.0095,0.017,0.0004000000000000002,0.0010000000000000009,0.0009999999999999974,0.0023999999999999985,1.0,1.0,0.12216666666666667,0.0,0.02216666666666666,0.1,0.0,1,9,4,3328,4,0,0.5,4,4,-7.4516390790574745,0.0012306003919544395,0.0743980580626465,0.03576841703432581,0.04972070893694496,4,0.08,1,qubit_wise_commuting,8,8704,1088.0,1088,4,4,40,5,adapt_pauli_pool,0.638392964152954,0.9136029411764706,0,0,0,0.0006684355448456358,0.0656367987495003,0.0011639321149530897,0.0006713831064688591,40,4352,0.058401083
evaluation,sha256:e41fbbd027be16f21df0b45afd028b02e37646c76de72c1fd0cc5d80cebde280,sha256:e41fbbd027be16f21df0b45afd028b02e37646c76de72c1fd0cc5d80cebde280-failure,1302,h2_vqe,noisy_sim,paper,same_backend_delay,cross_backend_context,,,B5,ibm_kyiv,ibm_sherbrooke,ibm_kyiv->ibm_sherbrooke,migrate:ibm_sherbrooke,migrate,1,1,1,0.0,1,1,0.0018999999999999998,0.0016,0.0105,0.018,0.0012,0.0095,0.017,0.0004000000000000002,0.0010000000000000009,0.0009999999999999974,0.0023999999999999985,1.0,1.0,0.12216666666666667,0.0,0.02216666666666666,0.1,0.0,1,9,3,2976,4,0,0.42857142857142855,4,4,-2.0077954374337104,0.03722314626164325,0.2824404379980061,0.05406847515327488,0.2158358289939106,12,0.105,1,qubit_wise_commuting,7,8736,1248.0,1248,12,0,24,4,entangling_ry_rz_brickwork,0.8470896727335048,0.8798076923076923,0,0,0,0.005172749872020432,0.011726826669030414,0.005088709024493259,0.0,104,4992,0.259516875
evaluation,sha256:e41fbbd027be16f21df0b45afd028b02e37646c76de72c1fd0cc5d80cebde280,sha256:e41fbbd027be16f21df0b45afd028b02e37646c76de72c1fd0cc5d80cebde280-failure,1302,h2_vqe,noisy_sim,paper,same_backend_delay,same_backend_changed_context,,,B5,ibm_kyiv,ibm_kyiv,ibm_kyiv->ibm_kyiv,replay:ibm_kyiv,replay,1,1,1,4.0,0,1,0.007999999999999998,0.0016,0.0105,0.018,0.00224,0.0147,0.025199999999999997,0.0006399999999999997,0.004199999999999999,0.007199999999999998,0.012039999999999997,1.0,1.0,0.5333333333333333,0.44000000000000006,0.09333333333333331,0.0,0.0,0,9,3,2976,4,0,0.42857142857142855,4,4,-2.0077954374337104,0.03722314626164325,0.2824404379980061,0.05406847515327488,0.2158358289939106,12,0.105,1,qubit_wise_commuting,7,8736,1248.0,1248,12,0,24,4,entangling_ry_rz_brickwork,0.8470896727335048,0.8798076923076923,0,0,0,0.012602513036951368,0.05911562519287293,0.013981307922872714,0.011957254525678973,104,4992,0.260040125
evaluation,sha256:e563efdfb04b42620f9bd0788c4da5106b94984dcaa3655c5f9c959293c23ab7,sha256:e563efdfb04b42620f9bd0788c4da5106b94984dcaa3655c5f9c959293c23ab7-failure,1308,qaoa_maxcut,noisy_sim,paper,high_change,cross_backend_context,,,B5,ibm_kyiv,ibm_brisbane,ibm_kyiv->ibm_brisbane,migrate:ibm_brisbane,migrate,1,1,1,6.0,1,1,0.023860000000000006,0.0016,0.0105,0.018,0.00336,0.022400000000000003,0.038400000000000004,0.00176,0.011900000000000003,0.020400000000000005,0.03406000000000001,1.0,1.0,0.9283666666666667,0.55,0.2783666666666667,0.1,0.0,0,9,1,4096,0,0,1.0,4,4,-5.679790933656586,2.453092893359724,3.9121446714525323,1.3426342100261117,3.7636764769676923,4,0.12,1,qubit_wise_commuting,1,4096,4096.0,4096,4,0,10,6,qaoa_maxcut,5.711133319465052,0.08837890625,0,0,0,0.09913659193951663,0.1171813323010489,0.32378617263146797,0.19079084841066507,40,16384,1.679517916
evaluation,sha256:e563efdfb04b42620f9bd0788c4da5106b94984dcaa3655c5f9c959293c23ab7,sha256:e563efdfb04b42620f9bd0788c4da5106b94984dcaa3655c5f9c959293c23ab7-failure,1308,qaoa_maxcut,noisy_sim,paper,high_change,same_backend_changed_context,,,B5,ibm_kyiv,ibm_kyiv,ibm_kyiv->ibm_kyiv,replay:ibm_kyiv,replay,1,1,1,8.0,0,1,0.016,0.0016,0.0105,0.018,0.00288,0.0189,0.0324,0.00128,0.0084,0.0144,0.024079999999999997,1.0,1.0,0.7366666666666667,0.55,0.18666666666666665,0.0,0.0,0,9,1,4096,0,0,1.0,4,4,-5.679790933656586,2.453092893359724,3.9121446714525323,1.3426342100261117,3.7636764769676923,4,0.12,1,qubit_wise_commuting,1,4096,4096.0,4096,4,0,10,6,qaoa_maxcut,5.711133319465052,0.08837890625,0,0,0,0.08325900766936023,0.10785478699044881,0.23868187277553068,0.1398829198356566,40,16384,1.679751792
evaluation,sha256:e5c40171ec62fb170a12c2aaec2de0f2ef5c2f7546a7d5854ca4008488f10722,sha256:e5c40171ec62fb170a12c2aaec2de0f2ef5c2f7546a7d5854ca4008488f10722-failure,1306,qaoa_maxcut,noisy_sim,paper,high_change,cross_backend_context,,,B5,ibm_kyiv,ibm_brisbane,ibm_kyiv->ibm_brisbane,migrate:ibm_brisbane,migrate,1,1,1,6.0,1,1,0.023860000000000006,0.0016,0.0105,0.018,0.00336,0.022400000000000003,0.038400000000000004,0.00176,0.011900000000000003,0.020400000000000005,0.03406000000000001,1.0,1.0,0.9283666666666667,0.55,0.2783666666666667,0.1,0.0,0,9,1,4160,0,0,1.0,4,4,-5.928142888081208,2.544203874086161,5.913345921750141,2.610995737591621,4.082548118781412,4,0.12,1,qubit_wise_commuting,1,4160,4160.0,4160,4,0,10,6,qaoa_maxcut,5.512625221458563,0.07067307692307692,0,0,0,0.6606971348046744,0.13724823367575678,0.7128457002840461,0.2656367646991624,40,16640,1.606080208
evaluation,sha256:e5c40171ec62fb170a12c2aaec2de0f2ef5c2f7546a7d5854ca4008488f10722,sha256:e5c40171ec62fb170a12c2aaec2de0f2ef5c2f7546a7d5854ca4008488f10722-failure,1306,qaoa_maxcut,noisy_sim,paper,high_change,same_backend_changed_context,,,B5,ibm_kyiv,ibm_kyiv,ibm_kyiv->ibm_kyiv,replay:ibm_kyiv,replay,1,1,1,8.0,0,1,0.016,0.0016,0.0105,0.018,0.00288,0.0189,0.0324,0.00128,0.0084,0.0144,0.024079999999999997,1.0,1.0,0.7366666666666667,0.55,0.18666666666666665,0.0,0.0,0,9,1,4160,0,0,1.0,4,4,-5.928142888081208,2.544203874086161,5.913345921750141,2.610995737591621,4.082548118781412,4,0.12,1,qubit_wise_commuting,1,4160,4160.0,4160,4,0,10,6,qaoa_maxcut,5.512625221458563,0.07067307692307692,0,0,0,1.1977284189816664,0.2323385021400164,0.7115611861951581,0.19486969687223699,40,16640,1.605665125
evaluation,sha256:e944f7bd5f536e6d70e66e89a77aa65672be2511483243ac1a521ddceb559dfb,sha256:e944f7bd5f536e6d70e66e89a77aa65672be2511483243ac1a521ddceb559dfb-failure,1307,adapt_vqe,noisy_sim,paper,same_backend_delay,cross_backend_context,,,B5,ibm_kyiv,ibm_sherbrooke,ibm_kyiv->ibm_sherbrooke,migrate:ibm_sherbrooke,migrate,1,1,1,0.0,1,1,0.0018999999999999998,0.0016,0.0105,0.018,0.0012,0.0095,0.017,0.0004000000000000002,0.0010000000000000009,0.0009999999999999974,0.0023999999999999985,1.0,1.0,0.12216666666666667,0.0,0.02216666666666666,0.1,0.0,1,9,4,3328,4,0,0.5,4,4,-7.445144435287034,0.0030077898218747734,0.11559787129798031,0.0562509841574811,0.06445981602742161,4,0.08,1,qubit_wise_commuting,8,8704,1088.0,1088,4,4,40,5,adapt_pauli_pool,0.7944453866166293,0.8887867647058824,0,0,0,0.0006703963272487456,0.031197433066527256,0.0011499453124007883,0.0006771770160565183,40,4352,0.059161458
evaluation,sha256:e944f7bd5f536e6d70e66e89a77aa65672be2511483243ac1a521ddceb559dfb,sha256:e944f7bd5f536e6d70e66e89a77aa65672be2511483243ac1a521ddceb559dfb-failure,1307,adapt_vqe,noisy_sim,paper,same_backend_delay,same_backend_changed_context,,,B5,ibm_kyiv,ibm_kyiv,ibm_kyiv->ibm_kyiv,replay:ibm_kyiv,replay,1,1,1,4.0,0,1,0.007999999999999998,0.0016,0.0105,0.018,0.00224,0.0147,0.025199999999999997,0.0006399999999999997,0.004199999999999999,0.007199999999999998,0.012039999999999997,1.0,1.0,0.5333333333333333,0.44000000000000006,0.09333333333333331,0.0,0.0,0,9,4,3328,4,0,0.5,4,4,-7.445144435287034,0.0030077898218747734,0.11559787129798031,0.0562509841574811,0.06445981602742161,4,0.08,1,qubit_wise_commuting,8,8704,1088.0,1088,4,4,40,5,adapt_pauli_pool,0.7944453866166293,0.8887867647058824,0,0,0,0.002304118315497483,0.06174046294987062,0.0018381413202791142,0.0,40,4352,0.059182458
evaluation,sha256:e9b77bc216c406016fefc50abf8da4266a0dff01cc66a0a66b1231a5d5f2a1bc,sha256:e9b77bc216c406016fefc50abf8da4266a0dff01cc66a0a66b1231a5d5f2a1bc-failure,1306,lih_vqe,noisy_sim,paper,safe_change,same_backend_changed_context,,,B5,ibm_kyiv,ibm_kyiv,ibm_kyiv->ibm_kyiv,replay:ibm_kyiv,replay,1,1,1,0.1,0,1,0.00020000000000000017,0.0016,0.0105,0.018,0.001616,0.010605000000000002,0.018179999999999998,1.5999999999999955e-05,0.00010500000000000093,0.0001799999999999996,0.0003010000000000005,1.0,1.0,0.013333333333333336,0.011000000000000001,0.0023333333333333353,0.0,0.0,1,9,4,5120,4,0,0.5,4,4,-7.82487787302106,0.07438782657475507,0.5659173379455464,0.07510902574728098,0.3836056843132596,20,0.085,1,qubit_wise_commuting,8,12288,1536.0,1536,20,0,40,5,entangling_ry_rz_brickwork,1.746248797391397,0.7434895833333334,1,1,1,9.040226136214358e-05,0.018126639888032647,0.0006962499809219009,0.0,0,0,0.928939833
evaluation,sha256:e9fdf059f90273d112fc3561d250121978d95d9dd73d9f823e66079fc9b55314,sha256:e9fdf059f90273d112fc3561d250121978d95d9dd73d9f823e66079fc9b55314-failure,1303,qaoa_maxcut,noisy_sim,paper,high_change,cross_backend_context,,,B5,ibm_kyiv,ibm_brisbane,ibm_kyiv->ibm_brisbane,migrate:ibm_brisbane,migrate,1,1,1,6.0,1,1,0.023860000000000006,0.0016,0.0105,0.018,0.00336,0.022400000000000003,0.038400000000000004,0.00176,0.011900000000000003,0.020400000000000005,0.03406000000000001,1.0,1.0,0.9283666666666667,0.55,0.2783666666666667,0.1,0.0,0,9,1,4064,0,0,1.0,4,4,-4.279650049875489,0.4958021241988546,2.4839272058188193,1.0942757162422694,1.6079957732679242,4,0.12,1,qubit_wise_commuting,1,4064,4064.0,4064,4,0,10,6,qaoa_maxcut,5.3892860359487855,0.1375492125984252,0,0,0,0.17158178771523946,0.1305221814470997,1.1949636801178884,0.2993604895283264,40,16256,1.63721525
evaluation,sha256:e9fdf059f90273d112fc3561d250121978d95d9dd73d9f823e66079fc9b55314,sha256:e9fdf059f90273d112fc3561d250121978d95d9dd73d9f823e66079fc9b55314-failure,1303,qaoa_maxcut,noisy_sim,paper,high_change,same_backend_changed_context,,,B5,ibm_kyiv,ibm_kyiv,ibm_kyiv->ibm_kyiv,replay:ibm_kyiv,replay,1,1,1,8.0,0,1,0.016,0.0016,0.0105,0.018,0.00288,0.0189,0.0324,0.00128,0.0084,0.0144,0.024079999999999997,1.0,1.0,0.7366666666666667,0.55,0.18666666666666665,0.0,0.0,0,9,1,4064,0,0,1.0,4,4,-4.279650049875489,0.4958021241988546,2.4839272058188193,1.0942757162422694,1.6079957732679242,4,0.12,1,qubit_wise_commuting,1,4064,4064.0,4064,4,0,10,6,qaoa_maxcut,5.3892860359487855,0.1375492125984252,0,0,0,0.08822733437634422,0.09053697148192115,1.0830251574639649,0.21897326400710426,40,16256,1.642788
evaluation,sha256:eb58d2d94bf02f84f03d4e220063604d5846134a419389e631d88d237a5ae520,sha256:eb58d2d94bf02f84f03d4e220063604d5846134a419389e631d88d237a5ae520-failure,1303,lih_vqe,noisy_sim,paper,cross_backend,cross_backend_context,,,B5,ibm_kyiv,ibm_brisbane,ibm_kyiv->ibm_brisbane,migrate:ibm_brisbane,migrate,1,1,1,0.0,1,1,0.007,0.0016,0.0105,0.018,0.0021,0.014,0.024,0.0004999999999999998,0.0034999999999999996,0.006000000000000002,0.010000000000000002,1.0,1.0,0.18166666666666667,0.0,0.08166666666666667,0.1,0.0,0,9,4,4480,4,0,0.5,4,4,-7.617926519454549,0.0702913266397589,0.5530268528175069,0.05933090064776268,0.40307915677673856,20,0.085,1,qubit_wise_commuting,8,11008,1376.0,1376,20,0,40,5,entangling_ry_rz_brickwork,1.2856105711413355,0.8241279069767442,0,0,0,0.0015620092847976608,0.06662460913246974,0.022907014511430145,0.0,168,5504,0.969066583
evaluation,sha256:eb58d2d94bf02f84f03d4e220063604d5846134a419389e631d88d237a5ae520,sha256:eb58d2d94bf02f84f03d4e220063604d5846134a419389e631d88d237a5ae520-failure,1303,lih_vqe,noisy_sim,paper,cross_backend,cross_backend_context,,,B5,ibm_kyiv,ibm_sherbrooke,ibm_kyiv->ibm_sherbrooke,migrate:ibm_sherbrooke,migrate,1,1,1,0.0,1,1,0.0018999999999999998,0.0016,0.0105,0.018,0.0012,0.0095,0.017,0.0004000000000000002,0.0010000000000000009,0.0009999999999999974,0.0023999999999999985,1.0,1.0,0.12216666666666667,0.0,0.02216666666666666,0.1,0.0,1,9,4,4480,4,0,0.5,4,4,-7.617926519454549,0.0702913266397589,0.5530268528175069,0.05933090064776268,0.40307915677673856,20,0.085,1,qubit_wise_commuting,8,11008,1376.0,1376,20,0,40,5,entangling_ry_rz_brickwork,1.2856105711413355,0.8241279069767442,0,0,0,0.0005887520836713733,0.051490466396178415,0.010250398326111637,0.0020930053077883315,168,5504,0.961119625
evaluation,sha256:ec50da0347b6510a82d3867a55e97175ebca15f508c1c20e31737168e5556513,sha256:ec50da0347b6510a82d3867a55e97175ebca15f508c1c20e31737168e5556513-failure,1303,adapt_vqe,noisy_sim,paper,safe_change,same_backend_changed_context,,,B5,ibm_kyiv,ibm_kyiv,ibm_kyiv->ibm_kyiv,replay:ibm_kyiv,replay,1,1,1,0.1,0,1,0.00020000000000000017,0.0016,0.0105,0.018,0.001616,0.010605000000000002,0.018179999999999998,1.5999999999999955e-05,0.00010500000000000093,0.0001799999999999996,0.0003010000000000005,1.0,1.0,0.013333333333333336,0.011000000000000001,0.0023333333333333353,0.0,0.0,1,9,4,3328,4,0,0.5,4,4,-7.469178085787579,0.0053157059487354275,0.17595056250831412,0.07989659416789666,0.14022946548062107,4,0.08,1,qubit_wise_commuting,8,8704,1088.0,1088,4,4,40,5,adapt_pauli_pool,0.8408114563379445,0.875,1,1,1,5.582922326308193e-05,0.0032580646110446435,5.532648085169776e-05,0.0,0,0,0.059897375
evaluation,sha256:ecb784ee24c7a89a84aeae377eb58d754ab403321c2d6ca338aeb15c7daf6b1b,sha256:ecb784ee24c7a89a84aeae377eb58d754ab403321c2d6ca338aeb15c7daf6b1b-failure,1305,qaoa_maxcut,noisy_sim,paper,high_change,cross_backend_context,,,B5,ibm_kyiv,ibm_brisbane,ibm_kyiv->ibm_brisbane,migrate:ibm_brisbane,migrate,1,1,1,6.0,1,1,0.023860000000000006,0.0016,0.0105,0.018,0.00336,0.022400000000000003,0.038400000000000004,0.00176,0.011900000000000003,0.020400000000000005,0.03406000000000001,1.0,1.0,0.9283666666666667,0.55,0.2783666666666667,0.1,0.0,0,9,1,4096,0,0,1.0,4,4,-6.865963036703643,3.3265847376036497,8.033356459551316,3.051364340927222,6.627292141289567,4,0.12,1,qubit_wise_commuting,1,4096,4096.0,4096,4,0,10,6,qaoa_maxcut,5.570054055497644,0.09423828125,0,0,0,0.5839161132099981,0.15110135186583606,1.0180840879365944,0.2722476780201184,40,16384,1.660056958
evaluation,sha256:ecb784ee24c7a89a84aeae377eb58d754ab403321c2d6ca338aeb15c7daf6b1b,sha256:ecb784ee24c7a89a84aeae377eb58d754ab403321c2d6ca338aeb15c7daf6b1b-failure,1305,qaoa_maxcut,noisy_sim,paper,high_change,same_backend_changed_context,,,B5,ibm_kyiv,ibm_kyiv,ibm_kyiv->ibm_kyiv,replay:ibm_kyiv,replay,1,1,1,8.0,0,1,0.016,0.0016,0.0105,0.018,0.00288,0.0189,0.0324,0.00128,0.0084,0.0144,0.024079999999999997,1.0,1.0,0.7366666666666667,0.55,0.18666666666666665,0.0,0.0,0,9,1,4096,0,0,1.0,4,4,-6.865963036703643,3.3265847376036497,8.033356459551316,3.051364340927222,6.627292141289567,4,0.12,1,qubit_wise_commuting,1,4096,4096.0,4096,4,0,10,6,qaoa_maxcut,5.570054055497644,0.09423828125,0,0,0,0.705604229625644,0.17146994430533055,0.8723173355731579,0.1996255857697964,40,16384,1.607996333
evaluation,sha256:edaf7e134dd5987f0f5a63f0c12ef13b48b32e02ae5608433d8438996ed37b89,sha256:edaf7e134dd5987f0f5a63f0c12ef13b48b32e02ae5608433d8438996ed37b89-failure,1303,qaoa_maxcut,noisy_sim,paper,same_backend_delay,cross_backend_context,,,B5,ibm_kyiv,ibm_sherbrooke,ibm_kyiv->ibm_sherbrooke,migrate:ibm_sherbrooke,migrate,1,1,1,0.0,1,1,0.0018999999999999998,0.0016,0.0105,0.018,0.0012,0.0095,0.017,0.0004000000000000002,0.0010000000000000009,0.0009999999999999974,0.0023999999999999985,1.0,1.0,0.12216666666666667,0.0,0.02216666666666666,0.1,0.0,1,9,1,4064,0,0,1.0,4,4,-4.279650049875489,0.4958021241988546,2.4839272058188193,1.0942757162422694,1.6079957732679242,4,0.12,1,qubit_wise_commuting,1,4064,4064.0,4064,4,0,10,6,qaoa_maxcut,5.3892860359487855,0.1375492125984252,0,0,1,0.07330339975058386,0.051474234988423746,0.16034795456544618,0.0,40,16256,1.621127083
evaluation,sha256:edaf7e134dd5987f0f5a63f0c12ef13b48b32e02ae5608433d8438996ed37b89,sha256:edaf7e134dd5987f0f5a63f0c12ef13b48b32e02ae5608433d8438996ed37b89-failure,1303,qaoa_maxcut,noisy_sim,paper,same_backend_delay,same_backend_changed_context,,,B5,ibm_kyiv,ibm_kyiv,ibm_kyiv->ibm_kyiv,replay:ibm_kyiv,replay,1,1,1,4.0,0,1,0.007999999999999998,0.0016,0.0105,0.018,0.00224,0.0147,0.025199999999999997,0.0006399999999999997,0.004199999999999999,0.007199999999999998,0.012039999999999997,1.0,1.0,0.5333333333333333,0.44000000000000006,0.09333333333333331,0.0,0.0,0,9,1,4064,0,0,1.0,4,4,-4.279650049875489,0.4958021241988546,2.4839272058188193,1.0942757162422694,1.6079957732679242,4,0.12,1,qubit_wise_commuting,1,4064,4064.0,4064,4,0,10,6,qaoa_maxcut,5.3892860359487855,0.1375492125984252,0,0,0,0.22177088466280104,0.0765275975527432,0.5518658427948564,0.11388929964094352,40,16256,1.60842725
evaluation,sha256:ef9528a2212083eba2625ed91e4b26903a53e2fa7027d34237b4443be88b2cbe,sha256:ef9528a2212083eba2625ed91e4b26903a53e2fa7027d34237b4443be88b2cbe-failure,1301,h2_vqe,noisy_sim,paper,cross_backend,cross_backend_context,,,B5,ibm_kyiv,ibm_brisbane,ibm_kyiv->ibm_brisbane,migrate:ibm_brisbane,migrate,1,1,1,0.0,1,1,0.007,0.0016,0.0105,0.018,0.0021,0.014,0.024,0.0004999999999999998,0.0034999999999999996,0.006000000000000002,0.010000000000000002,1.0,1.0,0.18166666666666667,0.0,0.08166666666666667,0.1,0.0,0,9,3,2976,4,0,0.42857142857142855,4,4,-2.022018378809608,0.028751831583225806,0.24750014780991553,0.047243351157137216,0.18593620724648555,12,0.105,1,qubit_wise_commuting,7,8736,1248.0,1248,12,0,24,4,entangling_ry_rz_brickwork,1.0362079836341518,0.8469551282051282,0,0,0,0.010398494693239613,0.06511034303912766,0.009527205625618996,0.010075160959758467,104,4992,0.263079458
evaluation,sha256:ef9528a2212083eba2625ed91e4b26903a53e2fa7027d34237b4443be88b2cbe,sha256:ef9528a2212083eba2625ed91e4b26903a53e2fa7027d34237b4443be88b2cbe-failure,1301,h2_vqe,noisy_sim,paper,cross_backend,cross_backend_context,,,B5,ibm_kyiv,ibm_sherbrooke,ibm_kyiv->ibm_sherbrooke,migrate:ibm_sherbrooke,migrate,1,1,1,0.0,1,1,0.0018999999999999998,0.0016,0.0105,0.018,0.0012,0.0095,0.017,0.0004000000000000002,0.0010000000000000009,0.0009999999999999974,0.0023999999999999985,1.0,1.0,0.12216666666666667,0.0,0.02216666666666666,0.1,0.0,1,9,3,2976,4,0,0.42857142857142855,4,4,-2.022018378809608,0.028751831583225806,0.24750014780991553,0.047243351157137216,0.18593620724648555,12,0.105,1,qubit_wise_commuting,7,8736,1248.0,1248,12,0,24,4,entangling_ry_rz_brickwork,1.0362079836341518,0.8469551282051282,0,0,0,0.005239669066674946,0.01503343732590737,0.004124380389349021,0.0,104,4992,0.264842584
evaluation,sha256:f183be38a44a2d223ba7c33a90bb778612ab37b3ac60a82716a08925435e0ae3,sha256:f183be38a44a2d223ba7c33a90bb778612ab37b3ac60a82716a08925435e0ae3-failure,1306,h2_vqe,noisy_sim,paper,no_change,same_backend_no_change,,,B5,ibm_kyiv,ibm_kyiv,ibm_kyiv->ibm_kyiv,replay:ibm_kyiv,replay,1,1,1,0.0,0,1,0.0,0.0016,0.0105,0.018,0.0016,0.0105,0.018,0.0,0.0,0.0,0.0,1.0,1.0,0.0,0.0,0.0,0.0,0.0,1,9,3,2976,4,0,0.42857142857142855,4,4,-2.006964474572243,0.047379098732959646,0.3212557229081393,0.06452164230357092,0.2390018517460519,12,0.105,1,qubit_wise_commuting,7,8736,1248.0,1248,12,0,24,4,entangling_ry_rz_brickwork,0.9545011429921322,0.8549679487179487,1,1,1,0.0,0.0,0.0,0.0,0,0,0.260663291
evaluation,sha256:f1f42e4dc9e3fe74db2511e85d66369378c746f98444675712a455848fa867fb,sha256:f1f42e4dc9e3fe74db2511e85d66369378c746f98444675712a455848fa867fb-failure,1305,qaoa_maxcut,noisy_sim,paper,same_backend_delay,cross_backend_context,,,B5,ibm_kyiv,ibm_sherbrooke,ibm_kyiv->ibm_sherbrooke,migrate:ibm_sherbrooke,migrate,1,1,1,0.0,1,1,0.0018999999999999998,0.0016,0.0105,0.018,0.0012,0.0095,0.017,0.0004000000000000002,0.0010000000000000009,0.0009999999999999974,0.0023999999999999985,1.0,1.0,0.12216666666666667,0.0,0.02216666666666666,0.1,0.0,1,9,1,4096,0,0,1.0,4,4,-6.865963036703643,3.3265847376036497,8.033356459551316,3.051364340927222,6.627292141289567,4,0.12,1,qubit_wise_commuting,1,4096,4096.0,4096,4,0,10,6,qaoa_maxcut,5.570054055497644,0.09423828125,0,0,0,0.36219521405135957,0.10500269082784304,0.22234091261157854,0.0,40,16384,1.611704083
evaluation,sha256:f1f42e4dc9e3fe74db2511e85d66369378c746f98444675712a455848fa867fb,sha256:f1f42e4dc9e3fe74db2511e85d66369378c746f98444675712a455848fa867fb-failure,1305,qaoa_maxcut,noisy_sim,paper,same_backend_delay,same_backend_changed_context,,,B5,ibm_kyiv,ibm_kyiv,ibm_kyiv->ibm_kyiv,replay:ibm_kyiv,replay,1,1,1,4.0,0,1,0.007999999999999998,0.0016,0.0105,0.018,0.00224,0.0147,0.025199999999999997,0.0006399999999999997,0.004199999999999999,0.007199999999999998,0.012039999999999997,1.0,1.0,0.5333333333333333,0.44000000000000006,0.09333333333333331,0.0,0.0,0,9,1,4096,0,0,1.0,4,4,-6.865963036703643,3.3265847376036497,8.033356459551316,3.051364340927222,6.627292141289567,4,0.12,1,qubit_wise_commuting,1,4096,4096.0,4096,4,0,10,6,qaoa_maxcut,5.570054055497644,0.09423828125,0,0,0,0.49981800654590813,0.16081565059571445,0.7866822506248109,0.10414989062092062,40,16384,1.611894375
evaluation,sha256:f2ab32b4669f49c2adb49a964bfb7de7f12964431e8b66178e82567b629abe66,sha256:f2ab32b4669f49c2adb49a964bfb7de7f12964431e8b66178e82567b629abe66-failure,1305,lih_vqe,noisy_sim,paper,safe_change,same_backend_changed_context,,,B5,ibm_kyiv,ibm_kyiv,ibm_kyiv->ibm_kyiv,replay:ibm_kyiv,replay,1,1,1,0.1,0,1,0.00020000000000000017,0.0016,0.0105,0.018,0.001616,0.010605000000000002,0.018179999999999998,1.5999999999999955e-05,0.00010500000000000093,0.0001799999999999996,0.0003010000000000005,1.0,1.0,0.013333333333333336,0.011000000000000001,0.0023333333333333353,0.0,0.0,1,9,4,5120,4,0,0.5,4,4,-7.6958934356481565,0.07598453363386781,0.5740134756452974,0.07175633335998613,0.4213288309127705,20,0.085,1,qubit_wise_commuting,8,12288,1536.0,1536,20,0,40,5,entangling_ry_rz_brickwork,1.6248589539928069,0.7630208333333334,1,1,1,4.4913036796323524e-05,0.03305859472797288,0.0007060012871440301,0.0,0,0,0.9537895
evaluation,sha256:fbd8d361634b6dbd48b0cb363bf64f6c6304412dfb0d035dd820cbe4279671f7,sha256:fbd8d361634b6dbd48b0cb363bf64f6c6304412dfb0d035dd820cbe4279671f7-failure,1306,lih_vqe,noisy_sim,paper,cross_backend,cross_backend_context,,,B5,ibm_kyiv,ibm_brisbane,ibm_kyiv->ibm_brisbane,migrate:ibm_brisbane,migrate,1,1,1,0.0,1,1,0.007,0.0016,0.0105,0.018,0.0021,0.014,0.024,0.0004999999999999998,0.0034999999999999996,0.006000000000000002,0.010000000000000002,1.0,1.0,0.18166666666666667,0.0,0.08166666666666667,0.1,0.0,0,9,4,5120,4,0,0.5,4,4,-7.82487787302106,0.07438782657475507,0.5659173379455464,0.07510902574728098,0.3836056843132596,20,0.085,1,qubit_wise_commuting,8,12288,1536.0,1536,20,0,40,5,entangling_ry_rz_brickwork,1.746248797391397,0.7434895833333334,0,0,0,0.0028811735694818097,0.05304086593868609,0.022487517245620876,0.0,168,6144,0.938354292
evaluation,sha256:fbd8d361634b6dbd48b0cb363bf64f6c6304412dfb0d035dd820cbe4279671f7,sha256:fbd8d361634b6dbd48b0cb363bf64f6c6304412dfb0d035dd820cbe4279671f7-failure,1306,lih_vqe,noisy_sim,paper,cross_backend,cross_backend_context,,,B5,ibm_kyiv,ibm_sherbrooke,ibm_kyiv->ibm_sherbrooke,migrate:ibm_sherbrooke,migrate,1,1,1,0.0,1,1,0.0018999999999999998,0.0016,0.0105,0.018,0.0012,0.0095,0.017,0.0004000000000000002,0.0010000000000000009,0.0009999999999999974,0.0023999999999999985,1.0,1.0,0.12216666666666667,0.0,0.02216666666666666,0.1,0.0,1,9,4,5120,4,0,0.5,4,4,-7.82487787302106,0.07438782657475507,0.5659173379455464,0.07510902574728098,0.3836056843132596,20,0.085,1,qubit_wise_commuting,8,12288,1536.0,1536,20,0,40,5,entangling_ry_rz_brickwork,1.746248797391397,0.7434895833333334,0,0,0,0.001408792244579793,0.02087284087165624,0.01026641760009396,0.00018570083626556766,168,6144,1.151354708
evaluation,sha256:fc293d6fda430bfb31cf25253cc710dfd6f6234eb2f90eb92c1e5e54d3897521,sha256:fc293d6fda430bfb31cf25253cc710dfd6f6234eb2f90eb92c1e5e54d3897521-failure,1301,lih_vqe,noisy_sim,paper,high_change,cross_backend_context,,,B5,ibm_kyiv,ibm_brisbane,ibm_kyiv->ibm_brisbane,migrate:ibm_brisbane,migrate,1,1,1,6.0,1,1,0.023860000000000006,0.0016,0.0105,0.018,0.00336,0.022400000000000003,0.038400000000000004,0.00176,0.011900000000000003,0.020400000000000005,0.03406000000000001,1.0,1.0,0.9283666666666667,0.55,0.2783666666666667,0.1,0.0,0,9,4,4608,4,0,0.5,4,4,-7.694726776531192,0.07115735448332039,0.5375144472527172,0.06347692292717255,0.40315966783239787,20,0.085,1,qubit_wise_commuting,8,11264,1408.0,1408,20,0,40,5,entangling_ry_rz_brickwork,1.637155735318919,0.7613636363636364,0,0,0,0.0007436320138811681,0.1444991377605166,0.07731498600685897,0.0,168,5632,0.935385833
evaluation,sha256:fc293d6fda430bfb31cf25253cc710dfd6f6234eb2f90eb92c1e5e54d3897521,sha256:fc293d6fda430bfb31cf25253cc710dfd6f6234eb2f90eb92c1e5e54d3897521-failure,1301,lih_vqe,noisy_sim,paper,high_change,same_backend_changed_context,,,B5,ibm_kyiv,ibm_kyiv,ibm_kyiv->ibm_kyiv,replay:ibm_kyiv,replay,1,1,1,8.0,0,1,0.016,0.0016,0.0105,0.018,0.00288,0.0189,0.0324,0.00128,0.0084,0.0144,0.024079999999999997,1.0,1.0,0.7366666666666667,0.55,0.18666666666666665,0.0,0.0,0,9,4,4608,4,0,0.5,4,4,-7.694726776531192,0.07115735448332039,0.5375144472527172,0.06347692292717255,0.40315966783239787,20,0.085,1,qubit_wise_commuting,8,11264,1408.0,1408,20,0,40,5,entangling_ry_rz_brickwork,1.637155735318919,0.7613636363636364,0,0,0,0.0006538383583238883,0.11423216388847467,0.05567435697190281,0.0,168,5632,0.932498125
evaluation,sha256:fdb27967b0d2ed9853adce435b06f3ccbc2c1aa4f09fab76797208587ee9f870,sha256:fdb27967b0d2ed9853adce435b06f3ccbc2c1aa4f09fab76797208587ee9f870-failure,1308,lih_vqe,noisy_sim,paper,no_change,same_backend_no_change,,,B5,ibm_kyiv,ibm_kyiv,ibm_kyiv->ibm_kyiv,replay:ibm_kyiv,replay,1,1,1,0.0,0,1,0.0,0.0016,0.0105,0.018,0.0016,0.0105,0.018,0.0,0.0,0.0,0.0,1.0,1.0,0.0,0.0,0.0,0.0,0.0,1,9,4,4608,4,0,0.5,4,4,-7.599339955817491,0.06462582327131283,0.5356149820937302,0.07327178019527351,0.3122317036720427,20,0.085,1,qubit_wise_commuting,8,11264,1408.0,1408,20,0,40,5,entangling_ry_rz_brickwork,1.666961707680178,0.7556818181818182,1,1,1,0.0,0.0,0.0,0.0,0,0,0.935508459
