scenario_id,population_id,split,campaign_id,config_hash,run_id,seed,workload,workload_profile,execution_mode,checkpoint_boundary,continuation_horizon_B,stable_window_steps,changed_context_class,failure_scenario_id,checkpoint_contract_hash,restore_environment_hash,observable_feature_hash,counterfactual_outcomes_hash,saved_backend,current_backend,candidate_action,candidate_action_id,candidate_target,backend_pair,feasible,feasibility_failure_reason,semantic_identity_matches,executable_compatible,delay,delay_normalized,delay_provenance,portability_shock,portability_normalized,portability_provenance,backend_change,backend_change_provenance,queue_or_session_available,availability_provenance,delay_risk_component,portability_risk_component,backend_change_risk_component,availability_risk_component,current_risk_score,action_executed,counterfactual_result_available,counterfactual_id,objective_deviation,hellinger_deviation,normalized_gradient_disagreement,C,S,C_AND_S,continuation_success,stable_continuation,safe_continuation,continuation_failure,requested_shots_or_samples,circuit_evaluations,trajectory_execution,completed_classical_stages,completed_measurement_groups,completed_shots_or_samples,pending_measurement_groups,retry_count,partial_progress_fraction,optimizer_iteration,optimizer_history_length,optimizer_objective_improvement,optimizer_gradient_norm,optimizer_gradient_mean_abs,optimizer_gradient_max_abs,optimizer_gradient_dimension,optimizer_step_size,mitigation_enabled,grouping_method,shot_plan_group_count,shot_plan_total,shot_plan_mean,distribution_shots,parameter_count,selected_ops_count,hamiltonian_term_count,num_qubits,ansatz_family,distribution_entropy,distribution_max_probability,saved_one_qubit_error,saved_two_qubit_error,saved_readout_error,target_one_qubit_error,target_two_qubit_error,target_readout_error,one_qubit_error_delta,two_qubit_error_delta,readout_error_delta,basis_gate_jaccard,coupling_map_jaccard,action,target_backend,total_error_delta
sha256:0326c0292fecbd1443476d2297e66139eba8b8a7311bd5fb4dccdfb1e4fa701c,planner_calibration_3201_3208,planner_calibration,sigmetrics-planner-calibration-final-v1,sha256:e6a06faed51f4ea9d810727b1ea3911d1b8a4fb2958afda0cd601ccaed306d7a,sigmetrics-planner-calibration-final-v1--f3b3917910a905f7,3201,qaoa_maxcut,paper,noisy_sim,B5,4,2,cross_backend,sha256:0326c0292fecbd1443476d2297e66139eba8b8a7311bd5fb4dccdfb1e4fa701c-failure,sha256:8f1614fc3b36ea92b087bfe771ba156fb3eb737840a48e534aa60667637ab1f2,sha256:3e961724e06d6d711a9338896a03f47484a702bab4903cdf8ef8771396da980d,sha256:b8c94dadcfefd358a0915470a4fcf21397130942d687be7c1144ae9b7636f1c6,sha256:a81e97504963b177a9084dd391638696d4b0ca8dc9e450322fc789bf553d3c67,ibm_kyiv,ibm_brisbane,migrate,migrate:ibm_brisbane,ibm_brisbane,ibm_kyiv->ibm_brisbane,True,,1,1,0.0,0.0,controlled scenario descriptor,0.007,0.23333333333333334,derived recovery-time saved/current backend evidence,1,derived recovery-time saved/current backend identity,1,controlled scenario environment,0.0,0.08166666666666667,0.1,0.0,0.18166666666666667,True,True,cf-b66eae5329f82fb6e1ff,0.02170639630274085,0.08324122449337486,1.6423605265137622,False,False,False,0,0,0,1,16512,40,noisy_sim,9,1,4128,0,0,1.0,4,4,0.6591191852401184,2.4159980954954077,0.9376920025590751,1.9519481341791651,4,0.12,1,qubit_wise_commuting,1,4128,4128.0,4128,4,0,10,6,qaoa_maxcut,5.106102522777241,0.11652131782945736,0.0016,0.0105,0.018,0.0021,0.014,0.024,0.0004999999999999998,0.0034999999999999996,0.006000000000000002,1.0,1.0,migrate,ibm_brisbane,0.010000000000000002
sha256:0326c0292fecbd1443476d2297e66139eba8b8a7311bd5fb4dccdfb1e4fa701c,planner_calibration_3201_3208,planner_calibration,sigmetrics-planner-calibration-final-v1,sha256:e6a06faed51f4ea9d810727b1ea3911d1b8a4fb2958afda0cd601ccaed306d7a,sigmetrics-planner-calibration-final-v1--f3b3917910a905f7,3201,qaoa_maxcut,paper,noisy_sim,B5,4,2,cross_backend,sha256:0326c0292fecbd1443476d2297e66139eba8b8a7311bd5fb4dccdfb1e4fa701c-failure,sha256:8f1614fc3b36ea92b087bfe771ba156fb3eb737840a48e534aa60667637ab1f2,sha256:3e961724e06d6d711a9338896a03f47484a702bab4903cdf8ef8771396da980d,sha256:b8c94dadcfefd358a0915470a4fcf21397130942d687be7c1144ae9b7636f1c6,sha256:a81e97504963b177a9084dd391638696d4b0ca8dc9e450322fc789bf553d3c67,ibm_kyiv,ibm_sherbrooke,migrate,migrate:ibm_sherbrooke,ibm_sherbrooke,ibm_kyiv->ibm_sherbrooke,True,,1,1,0.0,0.0,controlled scenario descriptor,0.0018999999999999998,0.06333333333333332,derived recovery-time saved/current backend evidence,1,derived recovery-time saved/current backend identity,1,controlled scenario environment,0.0,0.02216666666666666,0.1,0.0,0.12216666666666667,True,True,cf-8c7a611a24d54e355cb9,0.1647831655557166,0.05782049965067823,0.8199904531925118,False,False,False,0,0,0,1,16512,40,noisy_sim,9,1,4128,0,0,1.0,4,4,0.6591191852401184,2.4159980954954077,0.9376920025590751,1.9519481341791651,4,0.12,1,qubit_wise_commuting,1,4128,4128.0,4128,4,0,10,6,qaoa_maxcut,5.106102522777241,0.11652131782945736,0.0016,0.0105,0.018,0.0012,0.0095,0.017,0.0004000000000000002,0.0010000000000000009,0.0009999999999999974,1.0,1.0,migrate,ibm_sherbrooke,0.0023999999999999985
sha256:07350d31ff246b7bd76c09ede8c3555b32c136f56546f7e53f0a654e6b632a65,planner_calibration_3201_3208,planner_calibration,sigmetrics-planner-calibration-final-v1,sha256:e6a06faed51f4ea9d810727b1ea3911d1b8a4fb2958afda0cd601ccaed306d7a,sigmetrics-planner-calibration-final-v1--6fd70ca3b92460f6,3201,qaoa_maxcut,paper,noisy_sim,B5,4,2,high_change,sha256:07350d31ff246b7bd76c09ede8c3555b32c136f56546f7e53f0a654e6b632a65-failure,sha256:8f1614fc3b36ea92b087bfe771ba156fb3eb737840a48e534aa60667637ab1f2,sha256:2b6db34aacbffdb427c6a86493c0c97d7fa901154c9c190f56705a55a8d2a0ee,sha256:56ebe2ae23f982821e5cb20c223cf12264e80a93b5807dcea8a8ddb40107f761,sha256:d0fbfa4806a76c9a94cc9eb299d9db823f62086ea8a31da60020ea04659a30d7,ibm_kyiv,ibm_brisbane,migrate,migrate:ibm_brisbane,ibm_brisbane,ibm_kyiv->ibm_brisbane,True,,1,1,6.0,1.0,controlled scenario descriptor,0.023860000000000006,0.7953333333333336,derived recovery-time saved/current backend evidence,1,derived recovery-time saved/current backend identity,1,controlled scenario environment,0.55,0.2783666666666667,0.1,0.0,0.9283666666666667,True,True,cf-b6edc7b33084810ed70f,0.14110376624606236,0.18712914291436267,1.941720484740261,False,False,False,0,0,0,1,16512,40,noisy_sim,9,1,4128,0,0,1.0,4,4,0.6591191852401184,2.4159980954954077,0.9376920025590751,1.9519481341791651,4,0.12,1,qubit_wise_commuting,1,4128,4128.0,4128,4,0,10,6,qaoa_maxcut,5.106102522777241,0.11652131782945736,0.0016,0.0105,0.018,0.00336,0.022400000000000003,0.038400000000000004,0.00176,0.011900000000000003,0.020400000000000005,1.0,1.0,migrate,ibm_brisbane,0.03406000000000001
sha256:07350d31ff246b7bd76c09ede8c3555b32c136f56546f7e53f0a654e6b632a65,planner_calibration_3201_3208,planner_calibration,sigmetrics-planner-calibration-final-v1,sha256:e6a06faed51f4ea9d810727b1ea3911d1b8a4fb2958afda0cd601ccaed306d7a,sigmetrics-planner-calibration-final-v1--6fd70ca3b92460f6,3201,qaoa_maxcut,paper,noisy_sim,B5,4,2,high_change,sha256:07350d31ff246b7bd76c09ede8c3555b32c136f56546f7e53f0a654e6b632a65-failure,sha256:8f1614fc3b36ea92b087bfe771ba156fb3eb737840a48e534aa60667637ab1f2,sha256:2b6db34aacbffdb427c6a86493c0c97d7fa901154c9c190f56705a55a8d2a0ee,sha256:56ebe2ae23f982821e5cb20c223cf12264e80a93b5807dcea8a8ddb40107f761,sha256:d0fbfa4806a76c9a94cc9eb299d9db823f62086ea8a31da60020ea04659a30d7,ibm_kyiv,ibm_kyiv,replay,replay:ibm_kyiv,ibm_kyiv,ibm_kyiv->ibm_kyiv,True,,1,1,8.0,1.0,controlled scenario descriptor,0.016,0.5333333333333333,derived recovery-time saved/current backend evidence,0,derived recovery-time saved/current backend identity,1,controlled scenario environment,0.55,0.18666666666666665,0.0,0.0,0.7366666666666667,True,True,cf-8621889f879562e8d4db,0.11298215549898938,0.15886563015579297,1.9948214061704872,False,False,False,0,0,0,1,16512,40,noisy_sim,9,1,4128,0,0,1.0,4,4,0.6591191852401184,2.4159980954954077,0.9376920025590751,1.9519481341791651,4,0.12,1,qubit_wise_commuting,1,4128,4128.0,4128,4,0,10,6,qaoa_maxcut,5.106102522777241,0.11652131782945736,0.0016,0.0105,0.018,0.00288,0.0189,0.0324,0.00128,0.0084,0.0144,1.0,1.0,replay,ibm_kyiv,0.024079999999999997
sha256:081a265c962fde57d43f1ce25b38481bfde950b44de4984fd7f8b0f08b202e3b,planner_calibration_3201_3208,planner_calibration,sigmetrics-planner-calibration-final-v1,sha256:e6a06faed51f4ea9d810727b1ea3911d1b8a4fb2958afda0cd601ccaed306d7a,sigmetrics-planner-calibration-final-v1--62cb9efbef3ebfe7,3205,qaoa_maxcut,paper,noisy_sim,B5,4,2,no_change,sha256:081a265c962fde57d43f1ce25b38481bfde950b44de4984fd7f8b0f08b202e3b-failure,sha256:59eb3ca528a2d288d2f5a234359096c6c2bf86033fc7bf5396a861e1152071ff,sha256:0e7343b47d003afe2860e33d67399c12f7ed84b7f18c3a5e0d48aae47fda9990,sha256:beaa270a390816fadd39bf6e4cf2cb1d92f7bf84678ac415bf7f191142ad2044,sha256:37b23405ebfb27041df9e675f875f9365cfd44e44366704f631c30ef911fbb79,ibm_kyiv,ibm_kyiv,replay,replay:ibm_kyiv,ibm_kyiv,ibm_kyiv->ibm_kyiv,True,,1,1,0.0,0.0,controlled scenario descriptor,0.0,0.0,derived recovery-time saved/current backend evidence,0,derived recovery-time saved/current backend identity,1,controlled scenario environment,0.0,0.0,0.0,0.0,0.0,True,True,cf-2a36bb4317ab79797516,0.0,0.0,0.0,True,True,True,1,1,1,0,16256,40,noisy_sim,9,1,4064,0,0,1.0,4,4,2.435385061672233,6.149834208055388,2.685811974339774,4.1569263589522425,4,0.12,1,qubit_wise_commuting,1,4064,4064.0,4064,4,0,10,6,qaoa_maxcut,5.3936324076978135,0.10359251968503937,0.0016,0.0105,0.018,0.0016,0.0105,0.018,0.0,0.0,0.0,1.0,1.0,replay,ibm_kyiv,0.0
sha256:0a5e74826bba426df6e3768866d09c446974edbd12baefe7a01bb8937f7d2b8f,planner_calibration_3201_3208,planner_calibration,sigmetrics-planner-calibration-final-v1,sha256:e6a06faed51f4ea9d810727b1ea3911d1b8a4fb2958afda0cd601ccaed306d7a,sigmetrics-planner-calibration-final-v1--145df8c3ea5fad77,3205,qaoa_maxcut,paper,noisy_sim,B5,4,2,cross_backend,sha256:0a5e74826bba426df6e3768866d09c446974edbd12baefe7a01bb8937f7d2b8f-failure,sha256:59eb3ca528a2d288d2f5a234359096c6c2bf86033fc7bf5396a861e1152071ff,sha256:3e961724e06d6d711a9338896a03f47484a702bab4903cdf8ef8771396da980d,sha256:b8c94dadcfefd358a0915470a4fcf21397130942d687be7c1144ae9b7636f1c6,sha256:801143828be1884bfe0a75572d2423d8b918b35ef06bd34c734887d5584d1d16,ibm_kyiv,ibm_brisbane,migrate,migrate:ibm_brisbane,ibm_brisbane,ibm_kyiv->ibm_brisbane,True,,1,1,0.0,0.0,controlled scenario descriptor,0.007,0.23333333333333334,derived recovery-time saved/current backend evidence,1,derived recovery-time saved/current backend identity,1,controlled scenario environment,0.0,0.08166666666666667,0.1,0.0,0.18166666666666667,True,True,cf-986617500ca594ca2dc1,1.0890600579407117,0.19472659827596273,0.5758796185001779,False,False,False,0,0,0,1,16256,40,noisy_sim,9,1,4064,0,0,1.0,4,4,2.435385061672233,6.149834208055388,2.685811974339774,4.1569263589522425,4,0.12,1,qubit_wise_commuting,1,4064,4064.0,4064,4,0,10,6,qaoa_maxcut,5.3936324076978135,0.10359251968503937,0.0016,0.0105,0.018,0.0021,0.014,0.024,0.0004999999999999998,0.0034999999999999996,0.006000000000000002,1.0,1.0,migrate,ibm_brisbane,0.010000000000000002
sha256:0a5e74826bba426df6e3768866d09c446974edbd12baefe7a01bb8937f7d2b8f,planner_calibration_3201_3208,planner_calibration,sigmetrics-planner-calibration-final-v1,sha256:e6a06faed51f4ea9d810727b1ea3911d1b8a4fb2958afda0cd601ccaed306d7a,sigmetrics-planner-calibration-final-v1--145df8c3ea5fad77,3205,qaoa_maxcut,paper,noisy_sim,B5,4,2,cross_backend,sha256:0a5e74826bba426df6e3768866d09c446974edbd12baefe7a01bb8937f7d2b8f-failure,sha256:59eb3ca528a2d288d2f5a234359096c6c2bf86033fc7bf5396a861e1152071ff,sha256:3e961724e06d6d711a9338896a03f47484a702bab4903cdf8ef8771396da980d,sha256:b8c94dadcfefd358a0915470a4fcf21397130942d687be7c1144ae9b7636f1c6,sha256:801143828be1884bfe0a75572d2423d8b918b35ef06bd34c734887d5584d1d16,ibm_kyiv,ibm_sherbrooke,migrate,migrate:ibm_sherbrooke,ibm_sherbrooke,ibm_kyiv->ibm_sherbrooke,True,,1,1,0.0,0.0,controlled scenario descriptor,0.0018999999999999998,0.06333333333333332,derived recovery-time saved/current backend evidence,1,derived recovery-time saved/current backend identity,1,controlled scenario environment,0.0,0.02216666666666666,0.1,0.0,0.12216666666666667,True,True,cf-d787213666ca00a2cf5e,0.6131913012337202,0.16163013314201624,0.44831285460768594,False,True,False,0,1,0,1,16256,40,noisy_sim,9,1,4064,0,0,1.0,4,4,2.435385061672233,6.149834208055388,2.685811974339774,4.1569263589522425,4,0.12,1,qubit_wise_commuting,1,4064,4064.0,4064,4,0,10,6,qaoa_maxcut,5.3936324076978135,0.10359251968503937,0.0016,0.0105,0.018,0.0012,0.0095,0.017,0.0004000000000000002,0.0010000000000000009,0.0009999999999999974,1.0,1.0,migrate,ibm_sherbrooke,0.0023999999999999985
sha256:0cbc445fea55282f70247b47933d34cfdd4d53a67dc713ac1dbe81582891b05d,planner_calibration_3201_3208,planner_calibration,sigmetrics-planner-calibration-final-v1,sha256:e6a06faed51f4ea9d810727b1ea3911d1b8a4fb2958afda0cd601ccaed306d7a,sigmetrics-planner-calibration-final-v1--bbcec405575681c4,3205,lih_vqe,paper,noisy_sim,B5,4,2,same_backend_delay,sha256:0cbc445fea55282f70247b47933d34cfdd4d53a67dc713ac1dbe81582891b05d-failure,sha256:43149e9319941429ed71f30d637310f755ae98c8df06138d0b60b02f72938da1,sha256:2b5d5606b48121c83beae64c1c7cabbafc8d4853980e515ebdce93987de444de,sha256:a34acccbf511b108775b8e967e3b18427ed7ef8b4253f5317c30df5592c85ab5,sha256:a879df3c3e7bd648c28ff696ef37175271416d4496a848727a0c4390906669ac,ibm_kyiv,ibm_sherbrooke,migrate,migrate:ibm_sherbrooke,ibm_sherbrooke,ibm_kyiv->ibm_sherbrooke,True,,1,1,0.0,0.0,controlled scenario descriptor,0.0018999999999999998,0.06333333333333332,derived recovery-time saved/current backend evidence,1,derived recovery-time saved/current backend identity,1,controlled scenario environment,0.0,0.02216666666666666,0.1,0.0,0.12216666666666667,True,True,cf-772ea09cd6547d073740,0.00124102756405442,0.06325041810154493,0.01072060770585287,False,False,False,0,0,0,1,6144,168,noisy_sim,9,4,5120,4,0,0.5,4,4,0.09610568275234588,0.6356132619782277,0.07833923028080145,0.4339084564768984,20,0.085,1,qubit_wise_commuting,8,12288,1536.0,1536,20,0,40,5,entangling_ry_rz_brickwork,2.0232081214900655,0.669921875,0.0016,0.0105,0.018,0.0012,0.0095,0.017,0.0004000000000000002,0.0010000000000000009,0.0009999999999999974,1.0,1.0,migrate,ibm_sherbrooke,0.0023999999999999985
sha256:0cbc445fea55282f70247b47933d34cfdd4d53a67dc713ac1dbe81582891b05d,planner_calibration_3201_3208,planner_calibration,sigmetrics-planner-calibration-final-v1,sha256:e6a06faed51f4ea9d810727b1ea3911d1b8a4fb2958afda0cd601ccaed306d7a,sigmetrics-planner-calibration-final-v1--bbcec405575681c4,3205,lih_vqe,paper,noisy_sim,B5,4,2,same_backend_delay,sha256:0cbc445fea55282f70247b47933d34cfdd4d53a67dc713ac1dbe81582891b05d-failure,sha256:43149e9319941429ed71f30d637310f755ae98c8df06138d0b60b02f72938da1,sha256:2b5d5606b48121c83beae64c1c7cabbafc8d4853980e515ebdce93987de444de,sha256:a34acccbf511b108775b8e967e3b18427ed7ef8b4253f5317c30df5592c85ab5,sha256:a879df3c3e7bd648c28ff696ef37175271416d4496a848727a0c4390906669ac,ibm_kyiv,ibm_kyiv,replay,replay:ibm_kyiv,ibm_kyiv,ibm_kyiv->ibm_kyiv,True,,1,1,4.0,0.8,controlled scenario descriptor,0.007999999999999998,0.2666666666666666,derived recovery-time saved/current backend evidence,0,derived recovery-time saved/current backend identity,1,controlled scenario environment,0.44000000000000006,0.09333333333333331,0.0,0.0,0.5333333333333333,True,True,cf-82ad01a5659de20ef585,0.0031535582899859804,0.06301047014975598,0.02886408850715151,False,False,False,0,0,0,1,6144,168,noisy_sim,9,4,5120,4,0,0.5,4,4,0.09610568275234588,0.6356132619782277,0.07833923028080145,0.4339084564768984,20,0.085,1,qubit_wise_commuting,8,12288,1536.0,1536,20,0,40,5,entangling_ry_rz_brickwork,2.0232081214900655,0.669921875,0.0016,0.0105,0.018,0.00224,0.0147,0.025199999999999997,0.0006399999999999997,0.004199999999999999,0.007199999999999998,1.0,1.0,replay,ibm_kyiv,0.012039999999999997
sha256:0e745729861a7aa773d90008837206c2096580535712d355f67ca6c106a1748c,planner_calibration_3201_3208,planner_calibration,sigmetrics-planner-calibration-final-v1,sha256:e6a06faed51f4ea9d810727b1ea3911d1b8a4fb2958afda0cd601ccaed306d7a,sigmetrics-planner-calibration-final-v1--d8d86f883a24e159,3203,adapt_vqe,paper,noisy_sim,B6,4,2,same_backend_delay,sha256:0e745729861a7aa773d90008837206c2096580535712d355f67ca6c106a1748c-failure,sha256:9cca70a1207b66c49f4c42bf8b9de08e7c0f27aa7532cd02046c7b55cbcb56d0,sha256:2b5d5606b48121c83beae64c1c7cabbafc8d4853980e515ebdce93987de444de,sha256:4192599e00839095ce28acc7a17164bae699a252dfbf7ea081f422a6f6b84515,sha256:d7312c4913c1b10c453c32d05ac69d2d12c51bfb40315e0703469fee732549e6,ibm_kyiv,ibm_sherbrooke,migrate,migrate:ibm_sherbrooke,ibm_sherbrooke,ibm_kyiv->ibm_sherbrooke,True,,1,1,0.0,0.0,controlled scenario descriptor,0.0018999999999999998,0.06333333333333332,derived recovery-time saved/current backend evidence,1,derived recovery-time saved/current backend identity,1,controlled scenario environment,0.0,0.02216666666666666,0.1,0.0,0.12216666666666667,True,True,cf-002aa9c47df462efe285,0.0006646827441825209,0.011316216771821003,0.00145954154310698,False,False,False,0,0,0,1,4352,56,noisy_sim,15,0,0,8,0,0.0,4,4,0.003957456788344693,0.150697732345674,0.04416878247154351,0.12498168775043124,6,0.08,1,qubit_wise_commuting,8,8704,1088.0,1088,6,6,40,5,adapt_pauli_pool,0.8241250997137269,0.8841911764705882,0.0016,0.0105,0.018,0.0012,0.0095,0.017,0.0004000000000000002,0.0010000000000000009,0.0009999999999999974,1.0,1.0,migrate,ibm_sherbrooke,0.0023999999999999985
sha256:0e745729861a7aa773d90008837206c2096580535712d355f67ca6c106a1748c,planner_calibration_3201_3208,planner_calibration,sigmetrics-planner-calibration-final-v1,sha256:e6a06faed51f4ea9d810727b1ea3911d1b8a4fb2958afda0cd601ccaed306d7a,sigmetrics-planner-calibration-final-v1--d8d86f883a24e159,3203,adapt_vqe,paper,noisy_sim,B6,4,2,same_backend_delay,sha256:0e745729861a7aa773d90008837206c2096580535712d355f67ca6c106a1748c-failure,sha256:9cca70a1207b66c49f4c42bf8b9de08e7c0f27aa7532cd02046c7b55cbcb56d0,sha256:2b5d5606b48121c83beae64c1c7cabbafc8d4853980e515ebdce93987de444de,sha256:4192599e00839095ce28acc7a17164bae699a252dfbf7ea081f422a6f6b84515,sha256:d7312c4913c1b10c453c32d05ac69d2d12c51bfb40315e0703469fee732549e6,ibm_kyiv,ibm_kyiv,replay,replay:ibm_kyiv,ibm_kyiv,ibm_kyiv->ibm_kyiv,True,,1,1,4.0,0.8,controlled scenario descriptor,0.007999999999999998,0.2666666666666666,derived recovery-time saved/current backend evidence,0,derived recovery-time saved/current backend identity,1,controlled scenario environment,0.44000000000000006,0.09333333333333331,0.0,0.0,0.5333333333333333,True,True,cf-cbe7130289e807c6b2fa,0.0022950553104497118,0.0578007342439869,0.002332034085156702,False,False,False,0,0,0,1,4352,56,noisy_sim,15,0,0,8,0,0.0,4,4,0.003957456788344693,0.150697732345674,0.04416878247154351,0.12498168775043124,6,0.08,1,qubit_wise_commuting,8,8704,1088.0,1088,6,6,40,5,adapt_pauli_pool,0.8241250997137269,0.8841911764705882,0.0016,0.0105,0.018,0.00224,0.0147,0.025199999999999997,0.0006399999999999997,0.004199999999999999,0.007199999999999998,1.0,1.0,replay,ibm_kyiv,0.012039999999999997
sha256:0e9089aacf21dfd21659ef8798d980066f6bd45ca6f32fbea1f38521cce13e7a,planner_calibration_3201_3208,planner_calibration,sigmetrics-planner-calibration-final-v1,sha256:e6a06faed51f4ea9d810727b1ea3911d1b8a4fb2958afda0cd601ccaed306d7a,sigmetrics-planner-calibration-final-v1--dc83c1b18eaf76dd,3207,h2_vqe,paper,noisy_sim,B5,4,2,safe_change,sha256:0e9089aacf21dfd21659ef8798d980066f6bd45ca6f32fbea1f38521cce13e7a-failure,sha256:3ac6d55d876f270871513157dcbc7e9a3aa9efd9ac8e8870687145bcc8c49c96,sha256:8aa9fd73acdbefb930184631c530ac1ad4750da95e7359345a133016be010a68,sha256:9c8d84160a37684a330c5e86489f096e08f5be515d75b7d3faace12218e4c75a,sha256:72135cedc0fa1d8a1063a32140a7669424ff7d65b601776f7306d9366251a0c7,ibm_kyiv,ibm_kyiv,replay,replay:ibm_kyiv,ibm_kyiv,ibm_kyiv->ibm_kyiv,True,,1,1,0.1,0.02,controlled scenario descriptor,0.00020000000000000017,0.006666666666666672,derived recovery-time saved/current backend evidence,0,derived recovery-time saved/current backend identity,1,controlled scenario environment,0.011000000000000001,0.0023333333333333353,0.0,0.0,0.013333333333333336,True,True,cf-0ab2ed20664097631c98,0.0003132855427141479,0.004241948879791952,0.0003003322302336867,True,True,True,1,1,1,0,4992,104,noisy_sim,9,3,2976,4,0,0.42857142857142855,4,4,0.06374967188126046,0.35588426269511964,0.06949420903304539,0.23825478883452927,12,0.105,1,qubit_wise_commuting,7,8736,1248.0,1248,12,0,24,4,entangling_ry_rz_brickwork,1.0852529303149812,0.8341346153846154,0.0016,0.0105,0.018,0.001616,0.010605000000000002,0.018179999999999998,1.5999999999999955e-05,0.00010500000000000093,0.0001799999999999996,1.0,1.0,replay,ibm_kyiv,0.0003010000000000005
sha256:1153b2e9417759cda513121af1c4cecd9972b1e9fc28233ab3d37b090034ead5,planner_calibration_3201_3208,planner_calibration,sigmetrics-planner-calibration-final-v1,sha256:e6a06faed51f4ea9d810727b1ea3911d1b8a4fb2958afda0cd601ccaed306d7a,sigmetrics-planner-calibration-final-v1--74ca3e80f715d109,3204,h2_vqe,paper,noisy_sim,B5,4,2,high_change,sha256:1153b2e9417759cda513121af1c4cecd9972b1e9fc28233ab3d37b090034ead5-failure,sha256:75e068f88cbde4db3eccad5de2a9145fb98a909f39ccaa587711f4f79a2c1aaf,sha256:2b6db34aacbffdb427c6a86493c0c97d7fa901154c9c190f56705a55a8d2a0ee,sha256:94e11cf4ea4c74d973b64129cefe2805f81a297533fc0020c3c844df147749e1,sha256:72733a05ee459a846a465e72b9063371c7b0aa531727a33324dd683236ad1582,ibm_kyiv,ibm_brisbane,migrate,migrate:ibm_brisbane,ibm_brisbane,ibm_kyiv->ibm_brisbane,True,,1,1,6.0,1.0,controlled scenario descriptor,0.023860000000000006,0.7953333333333336,derived recovery-time saved/current backend evidence,1,derived recovery-time saved/current backend identity,1,controlled scenario environment,0.55,0.2783666666666667,0.1,0.0,0.9283666666666667,True,True,cf-8fef137c13955cc47e30,0.03511382781715433,0.11396675244529325,0.037563467746718884,False,False,False,0,0,0,1,4992,104,noisy_sim,9,3,2976,4,0,0.42857142857142855,4,4,0.03515487376985882,0.27035026865584005,0.050240963326342314,0.1865673757997202,12,0.105,1,qubit_wise_commuting,7,8736,1248.0,1248,12,0,24,4,entangling_ry_rz_brickwork,0.9913416874340611,0.8565705128205128,0.0016,0.0105,0.018,0.00336,0.022400000000000003,0.038400000000000004,0.00176,0.011900000000000003,0.020400000000000005,1.0,1.0,migrate,ibm_brisbane,0.03406000000000001
sha256:1153b2e9417759cda513121af1c4cecd9972b1e9fc28233ab3d37b090034ead5,planner_calibration_3201_3208,planner_calibration,sigmetrics-planner-calibration-final-v1,sha256:e6a06faed51f4ea9d810727b1ea3911d1b8a4fb2958afda0cd601ccaed306d7a,sigmetrics-planner-calibration-final-v1--74ca3e80f715d109,3204,h2_vqe,paper,noisy_sim,B5,4,2,high_change,sha256:1153b2e9417759cda513121af1c4cecd9972b1e9fc28233ab3d37b090034ead5-failure,sha256:75e068f88cbde4db3eccad5de2a9145fb98a909f39ccaa587711f4f79a2c1aaf,sha256:2b6db34aacbffdb427c6a86493c0c97d7fa901154c9c190f56705a55a8d2a0ee,sha256:94e11cf4ea4c74d973b64129cefe2805f81a297533fc0020c3c844df147749e1,sha256:72733a05ee459a846a465e72b9063371c7b0aa531727a33324dd683236ad1582,ibm_kyiv,ibm_kyiv,replay,replay:ibm_kyiv,ibm_kyiv,ibm_kyiv->ibm_kyiv,True,,1,1,8.0,1.0,controlled scenario descriptor,0.016,0.5333333333333333,derived recovery-time saved/current backend evidence,0,derived recovery-time saved/current backend identity,1,controlled scenario environment,0.55,0.18666666666666665,0.0,0.0,0.7366666666666667,True,True,cf-9659d233b4d16a5a11cd,0.02523600655045799,0.09121560312057181,0.026857245843656504,False,False,False,0,0,0,1,4992,104,noisy_sim,9,3,2976,4,0,0.42857142857142855,4,4,0.03515487376985882,0.27035026865584005,0.050240963326342314,0.1865673757997202,12,0.105,1,qubit_wise_commuting,7,8736,1248.0,1248,12,0,24,4,entangling_ry_rz_brickwork,0.9913416874340611,0.8565705128205128,0.0016,0.0105,0.018,0.00288,0.0189,0.0324,0.00128,0.0084,0.0144,1.0,1.0,replay,ibm_kyiv,0.024079999999999997
sha256:11baab3ab065a12a34dad0a74cb13cc37eb3b0ae58dae510a7888e06929b32c3,planner_calibration_3201_3208,planner_calibration,sigmetrics-planner-calibration-final-v1,sha256:e6a06faed51f4ea9d810727b1ea3911d1b8a4fb2958afda0cd601ccaed306d7a,sigmetrics-planner-calibration-final-v1--ef1d1c33030c870c,3207,qaoa_maxcut,paper,noisy_sim,B5,4,2,same_backend_delay,sha256:11baab3ab065a12a34dad0a74cb13cc37eb3b0ae58dae510a7888e06929b32c3-failure,sha256:8d6bbc14d4fe962db85891ace7fec66f4f4146d3fed8f0442eb37f3cafc1015a,sha256:2b5d5606b48121c83beae64c1c7cabbafc8d4853980e515ebdce93987de444de,sha256:7c1d6d3b92b74eb9793f2e3d7476b13650919c35e6be30736522cf63625ecb00,sha256:c97f0dc35030420e130fa4486474162c7bd5cec5fef4203e2e477a128139fc46,ibm_kyiv,ibm_sherbrooke,migrate,migrate:ibm_sherbrooke,ibm_sherbrooke,ibm_kyiv->ibm_sherbrooke,True,,1,1,0.0,0.0,controlled scenario descriptor,0.0018999999999999998,0.06333333333333332,derived recovery-time saved/current backend evidence,1,derived recovery-time saved/current backend identity,1,controlled scenario environment,0.0,0.02216666666666666,0.1,0.0,0.12216666666666667,True,True,cf-1daa00ba8267f58c2ddd,0.053835393256762565,0.06429167877001045,0.2146381798378702,False,True,False,0,1,0,1,16256,40,noisy_sim,9,1,4064,0,0,1.0,4,4,0.5212537367528052,1.2786687097713467,0.6162722422033751,0.8202870714662068,4,0.12,1,qubit_wise_commuting,1,4064,4064.0,4064,4,0,10,6,qaoa_maxcut,4.914975903624279,0.13213582677165353,0.0016,0.0105,0.018,0.0012,0.0095,0.017,0.0004000000000000002,0.0010000000000000009,0.0009999999999999974,1.0,1.0,migrate,ibm_sherbrooke,0.0023999999999999985
sha256:11baab3ab065a12a34dad0a74cb13cc37eb3b0ae58dae510a7888e06929b32c3,planner_calibration_3201_3208,planner_calibration,sigmetrics-planner-calibration-final-v1,sha256:e6a06faed51f4ea9d810727b1ea3911d1b8a4fb2958afda0cd601ccaed306d7a,sigmetrics-planner-calibration-final-v1--ef1d1c33030c870c,3207,qaoa_maxcut,paper,noisy_sim,B5,4,2,same_backend_delay,sha256:11baab3ab065a12a34dad0a74cb13cc37eb3b0ae58dae510a7888e06929b32c3-failure,sha256:8d6bbc14d4fe962db85891ace7fec66f4f4146d3fed8f0442eb37f3cafc1015a,sha256:2b5d5606b48121c83beae64c1c7cabbafc8d4853980e515ebdce93987de444de,sha256:7c1d6d3b92b74eb9793f2e3d7476b13650919c35e6be30736522cf63625ecb00,sha256:c97f0dc35030420e130fa4486474162c7bd5cec5fef4203e2e477a128139fc46,ibm_kyiv,ibm_kyiv,replay,replay:ibm_kyiv,ibm_kyiv,ibm_kyiv->ibm_kyiv,True,,1,1,4.0,0.8,controlled scenario descriptor,0.007999999999999998,0.2666666666666666,derived recovery-time saved/current backend evidence,0,derived recovery-time saved/current backend identity,1,controlled scenario environment,0.44000000000000006,0.09333333333333331,0.0,0.0,0.5333333333333333,True,True,cf-91920629a7c319686680,0.09133378953424387,0.07461035701125786,0.5853221348582339,False,False,False,0,0,0,1,16256,40,noisy_sim,9,1,4064,0,0,1.0,4,4,0.5212537367528052,1.2786687097713467,0.6162722422033751,0.8202870714662068,4,0.12,1,qubit_wise_commuting,1,4064,4064.0,4064,4,0,10,6,qaoa_maxcut,4.914975903624279,0.13213582677165353,0.0016,0.0105,0.018,0.00224,0.0147,0.025199999999999997,0.0006399999999999997,0.004199999999999999,0.007199999999999998,1.0,1.0,replay,ibm_kyiv,0.012039999999999997
sha256:11bf109dc436519b9e0b8ec067a21a9b8c8e64ee9448effeccb7c3c5f3bad745,planner_calibration_3201_3208,planner_calibration,sigmetrics-planner-calibration-final-v1,sha256:e6a06faed51f4ea9d810727b1ea3911d1b8a4fb2958afda0cd601ccaed306d7a,sigmetrics-planner-calibration-final-v1--3ce4f21da92f0297,3202,qaoa_maxcut,paper,noisy_sim,B5,4,2,same_backend_delay,sha256:11bf109dc436519b9e0b8ec067a21a9b8c8e64ee9448effeccb7c3c5f3bad745-failure,sha256:462103aa9c00b90c1cfad5c4b7381b3ffd86adaf022f3c5ef08430a0c033bc7c,sha256:2b5d5606b48121c83beae64c1c7cabbafc8d4853980e515ebdce93987de444de,sha256:7c1d6d3b92b74eb9793f2e3d7476b13650919c35e6be30736522cf63625ecb00,sha256:a2f635ea664d3c84c6f2a354c6798451c6cd6f7fa71a24aaef3e2667c210ba20,ibm_kyiv,ibm_sherbrooke,migrate,migrate:ibm_sherbrooke,ibm_sherbrooke,ibm_kyiv->ibm_sherbrooke,True,,1,1,0.0,0.0,controlled scenario descriptor,0.0018999999999999998,0.06333333333333332,derived recovery-time saved/current backend evidence,1,derived recovery-time saved/current backend identity,1,controlled scenario environment,0.0,0.02216666666666666,0.1,0.0,0.12216666666666667,True,True,cf-1a00d64e9de873da36b2,0.0032030364283315294,0.0657374489230701,0.5767363042032614,False,True,False,0,1,0,1,16128,40,noisy_sim,9,1,4032,0,0,1.0,4,4,1.3226390242737498,5.933182071298674,2.845374735559826,3.7284657297019232,4,0.12,1,qubit_wise_commuting,1,4032,4032.0,4032,4,0,10,6,qaoa_maxcut,5.612587539937337,0.10044642857142858,0.0016,0.0105,0.018,0.0012,0.0095,0.017,0.0004000000000000002,0.0010000000000000009,0.0009999999999999974,1.0,1.0,migrate,ibm_sherbrooke,0.0023999999999999985
sha256:11bf109dc436519b9e0b8ec067a21a9b8c8e64ee9448effeccb7c3c5f3bad745,planner_calibration_3201_3208,planner_calibration,sigmetrics-planner-calibration-final-v1,sha256:e6a06faed51f4ea9d810727b1ea3911d1b8a4fb2958afda0cd601ccaed306d7a,sigmetrics-planner-calibration-final-v1--3ce4f21da92f0297,3202,qaoa_maxcut,paper,noisy_sim,B5,4,2,same_backend_delay,sha256:11bf109dc436519b9e0b8ec067a21a9b8c8e64ee9448effeccb7c3c5f3bad745-failure,sha256:462103aa9c00b90c1cfad5c4b7381b3ffd86adaf022f3c5ef08430a0c033bc7c,sha256:2b5d5606b48121c83beae64c1c7cabbafc8d4853980e515ebdce93987de444de,sha256:7c1d6d3b92b74eb9793f2e3d7476b13650919c35e6be30736522cf63625ecb00,sha256:a2f635ea664d3c84c6f2a354c6798451c6cd6f7fa71a24aaef3e2667c210ba20,ibm_kyiv,ibm_kyiv,replay,replay:ibm_kyiv,ibm_kyiv,ibm_kyiv->ibm_kyiv,True,,1,1,4.0,0.8,controlled scenario descriptor,0.007999999999999998,0.2666666666666666,derived recovery-time saved/current backend evidence,0,derived recovery-time saved/current backend identity,1,controlled scenario environment,0.44000000000000006,0.09333333333333331,0.0,0.0,0.5333333333333333,True,True,cf-b7e767b8927257289929,0.17012715269226764,0.14402504370691083,1.8061990927624423,False,False,False,0,0,0,1,16128,40,noisy_sim,9,1,4032,0,0,1.0,4,4,1.3226390242737498,5.933182071298674,2.845374735559826,3.7284657297019232,4,0.12,1,qubit_wise_commuting,1,4032,4032.0,4032,4,0,10,6,qaoa_maxcut,5.612587539937337,0.10044642857142858,0.0016,0.0105,0.018,0.00224,0.0147,0.025199999999999997,0.0006399999999999997,0.004199999999999999,0.007199999999999998,1.0,1.0,replay,ibm_kyiv,0.012039999999999997
sha256:1392163d8c447941b7b1fa8a4f1a40b5b1f8ce614714cc4b3de389d472c77130,planner_calibration_3201_3208,planner_calibration,sigmetrics-planner-calibration-final-v1,sha256:e6a06faed51f4ea9d810727b1ea3911d1b8a4fb2958afda0cd601ccaed306d7a,sigmetrics-planner-calibration-final-v1--3e48d11121900db7,3204,qaoa_maxcut,paper,noisy_sim,B5,4,2,no_change,sha256:1392163d8c447941b7b1fa8a4f1a40b5b1f8ce614714cc4b3de389d472c77130-failure,sha256:d89ce02ab41113bb9ed4e8c05cfa2030f64b954ffb17b20e4a24a670ee0bd93f,sha256:0e7343b47d003afe2860e33d67399c12f7ed84b7f18c3a5e0d48aae47fda9990,sha256:beaa270a390816fadd39bf6e4cf2cb1d92f7bf84678ac415bf7f191142ad2044,sha256:7f297b417d7092f468df8fa54c11c30795e5f123519174c975fa7efbe7eb6102,ibm_kyiv,ibm_kyiv,replay,replay:ibm_kyiv,ibm_kyiv,ibm_kyiv->ibm_kyiv,True,,1,1,0.0,0.0,controlled scenario descriptor,0.0,0.0,derived recovery-time saved/current backend evidence,0,derived recovery-time saved/current backend identity,1,controlled scenario environment,0.0,0.0,0.0,0.0,0.0,True,True,cf-17d1e661383af1ea78c5,0.0,0.0,0.0,True,True,True,1,1,1,0,16512,40,noisy_sim,9,1,4128,0,0,1.0,4,4,3.493113654880361,13.408464414219573,4.5106097785406245,12.985167602880354,4,0.12,1,qubit_wise_commuting,1,4128,4128.0,4128,4,0,10,6,qaoa_maxcut,5.782781976964548,0.06346899224806202,0.0016,0.0105,0.018,0.0016,0.0105,0.018,0.0,0.0,0.0,1.0,1.0,replay,ibm_kyiv,0.0
sha256:14a41ffd194e72b8892bbf6a177952aa54f773f42a0f4aa343a9caecc45cb941,planner_calibration_3201_3208,planner_calibration,sigmetrics-planner-calibration-final-v1,sha256:e6a06faed51f4ea9d810727b1ea3911d1b8a4fb2958afda0cd601ccaed306d7a,sigmetrics-planner-calibration-final-v1--f12946d7936dd926,3206,h2_vqe,paper,noisy_sim,B5,4,2,safe_change,sha256:14a41ffd194e72b8892bbf6a177952aa54f773f42a0f4aa343a9caecc45cb941-failure,sha256:7c8927e2904bd085bfcfc57ac037bd77ddfecff4d4aa3d3ddf6649b40937c9da,sha256:8aa9fd73acdbefb930184631c530ac1ad4750da95e7359345a133016be010a68,sha256:9c8d84160a37684a330c5e86489f096e08f5be515d75b7d3faace12218e4c75a,sha256:24e5b08d034b720ff4ac3992c489c07ace3c5c128610eefd8e17c417fec1e892,ibm_kyiv,ibm_kyiv,replay,replay:ibm_kyiv,ibm_kyiv,ibm_kyiv->ibm_kyiv,True,,1,1,0.1,0.02,controlled scenario descriptor,0.00020000000000000017,0.006666666666666672,derived recovery-time saved/current backend evidence,0,derived recovery-time saved/current backend identity,1,controlled scenario environment,0.011000000000000001,0.0023333333333333353,0.0,0.0,0.013333333333333336,True,True,cf-48e1edc6a9291200e00d,0.0003133861560971063,0.0024827371685190998,0.00038688848698945375,True,True,True,1,1,1,0,4992,104,noisy_sim,9,3,2976,4,0,0.42857142857142855,4,4,0.027460155600799174,0.24638122786619204,0.043459222725931536,0.17536963560202462,12,0.105,1,qubit_wise_commuting,7,8736,1248.0,1248,12,0,24,4,entangling_ry_rz_brickwork,0.929523612042819,0.8693910256410257,0.0016,0.0105,0.018,0.001616,0.010605000000000002,0.018179999999999998,1.5999999999999955e-05,0.00010500000000000093,0.0001799999999999996,1.0,1.0,replay,ibm_kyiv,0.0003010000000000005
sha256:14e2d7d4787aea9090dd573113a4774ebd74600ecfbf134be2a54d649fa61577,planner_calibration_3201_3208,planner_calibration,sigmetrics-planner-calibration-final-v1,sha256:e6a06faed51f4ea9d810727b1ea3911d1b8a4fb2958afda0cd601ccaed306d7a,sigmetrics-planner-calibration-final-v1--e32b5ebdff635aa4,3205,qaoa_maxcut,paper,noisy_sim,B5,4,2,high_change,sha256:14e2d7d4787aea9090dd573113a4774ebd74600ecfbf134be2a54d649fa61577-failure,sha256:59eb3ca528a2d288d2f5a234359096c6c2bf86033fc7bf5396a861e1152071ff,sha256:2b6db34aacbffdb427c6a86493c0c97d7fa901154c9c190f56705a55a8d2a0ee,sha256:56ebe2ae23f982821e5cb20c223cf12264e80a93b5807dcea8a8ddb40107f761,sha256:4636efb0e2cd4a0c40bed50eacd11df1f8b7990a53623d2d524d89fa95a9e81a,ibm_kyiv,ibm_brisbane,migrate,migrate:ibm_brisbane,ibm_brisbane,ibm_kyiv->ibm_brisbane,True,,1,1,6.0,1.0,controlled scenario descriptor,0.023860000000000006,0.7953333333333336,derived recovery-time saved/current backend evidence,1,derived recovery-time saved/current backend identity,1,controlled scenario environment,0.55,0.2783666666666667,0.1,0.0,0.9283666666666667,True,True,cf-08bd0c03990a48cd08b4,0.3822557144172265,0.1424502178877352,0.9585246430151807,False,False,False,0,0,0,1,16256,40,noisy_sim,9,1,4064,0,0,1.0,4,4,2.435385061672233,6.149834208055388,2.685811974339774,4.1569263589522425,4,0.12,1,qubit_wise_commuting,1,4064,4064.0,4064,4,0,10,6,qaoa_maxcut,5.3936324076978135,0.10359251968503937,0.0016,0.0105,0.018,0.00336,0.022400000000000003,0.038400000000000004,0.00176,0.011900000000000003,0.020400000000000005,1.0,1.0,migrate,ibm_brisbane,0.03406000000000001
sha256:14e2d7d4787aea9090dd573113a4774ebd74600ecfbf134be2a54d649fa61577,planner_calibration_3201_3208,planner_calibration,sigmetrics-planner-calibration-final-v1,sha256:e6a06faed51f4ea9d810727b1ea3911d1b8a4fb2958afda0cd601ccaed306d7a,sigmetrics-planner-calibration-final-v1--e32b5ebdff635aa4,3205,qaoa_maxcut,paper,noisy_sim,B5,4,2,high_change,sha256:14e2d7d4787aea9090dd573113a4774ebd74600ecfbf134be2a54d649fa61577-failure,sha256:59eb3ca528a2d288d2f5a234359096c6c2bf86033fc7bf5396a861e1152071ff,sha256:2b6db34aacbffdb427c6a86493c0c97d7fa901154c9c190f56705a55a8d2a0ee,sha256:56ebe2ae23f982821e5cb20c223cf12264e80a93b5807dcea8a8ddb40107f761,sha256:4636efb0e2cd4a0c40bed50eacd11df1f8b7990a53623d2d524d89fa95a9e81a,ibm_kyiv,ibm_kyiv,replay,replay:ibm_kyiv,ibm_kyiv,ibm_kyiv->ibm_kyiv,True,,1,1,8.0,1.0,controlled scenario descriptor,0.016,0.5333333333333333,derived recovery-time saved/current backend evidence,0,derived recovery-time saved/current backend identity,1,controlled scenario environment,0.55,0.18666666666666665,0.0,0.0,0.7366666666666667,True,True,cf-bd8240c27a96330fb815,0.045586037278323666,0.11801457469093138,1.0302677021142825,False,False,False,0,0,0,1,16256,40,noisy_sim,9,1,4064,0,0,1.0,4,4,2.435385061672233,6.149834208055388,2.685811974339774,4.1569263589522425,4,0.12,1,qubit_wise_commuting,1,4064,4064.0,4064,4,0,10,6,qaoa_maxcut,5.3936324076978135,0.10359251968503937,0.0016,0.0105,0.018,0.00288,0.0189,0.0324,0.00128,0.0084,0.0144,1.0,1.0,replay,ibm_kyiv,0.024079999999999997
sha256:17fd1ec6006c85256e75eb09c623b2aa3111602d42a5a1b912522982c08c6934,planner_calibration_3201_3208,planner_calibration,sigmetrics-planner-calibration-final-v1,sha256:e6a06faed51f4ea9d810727b1ea3911d1b8a4fb2958afda0cd601ccaed306d7a,sigmetrics-planner-calibration-final-v1--d7d3fd25986d99cf,3203,lih_vqe,paper,noisy_sim,B5,4,2,high_change,sha256:17fd1ec6006c85256e75eb09c623b2aa3111602d42a5a1b912522982c08c6934-failure,sha256:94634ab07d9ad0da53a4da33633c9acdacdb66ad3eb3d3380b1f6d46cf210751,sha256:2b6db34aacbffdb427c6a86493c0c97d7fa901154c9c190f56705a55a8d2a0ee,sha256:5d8943b74edf54b19c3d0d4493eca8c11e5671bf89d76b8f3b4c56d6f9edfee2,sha256:7c893d4a626098e829828bc674cdfcfb2d3167b53a285d63eca6932bdc205701,ibm_kyiv,ibm_brisbane,migrate,migrate:ibm_brisbane,ibm_brisbane,ibm_kyiv->ibm_brisbane,True,,1,1,6.0,1.0,controlled scenario descriptor,0.023860000000000006,0.7953333333333336,derived recovery-time saved/current backend evidence,1,derived recovery-time saved/current backend identity,1,controlled scenario environment,0.55,0.2783666666666667,0.1,0.0,0.9283666666666667,True,True,cf-a4588dff43115728b9cd,0.0108737943037438,0.1376634830080464,0.07584526942209655,False,False,False,0,0,0,1,5632,168,noisy_sim,9,4,4608,4,0,0.5,4,4,0.07853312078771069,0.5578266783522711,0.06354446825745806,0.40790890005799857,20,0.085,1,qubit_wise_commuting,8,11264,1408.0,1408,20,0,40,5,entangling_ry_rz_brickwork,1.588774396741945,0.7691761363636364,0.0016,0.0105,0.018,0.00336,0.022400000000000003,0.038400000000000004,0.00176,0.011900000000000003,0.020400000000000005,1.0,1.0,migrate,ibm_brisbane,0.03406000000000001
sha256:17fd1ec6006c85256e75eb09c623b2aa3111602d42a5a1b912522982c08c6934,planner_calibration_3201_3208,planner_calibration,sigmetrics-planner-calibration-final-v1,sha256:e6a06faed51f4ea9d810727b1ea3911d1b8a4fb2958afda0cd601ccaed306d7a,sigmetrics-planner-calibration-final-v1--d7d3fd25986d99cf,3203,lih_vqe,paper,noisy_sim,B5,4,2,high_change,sha256:17fd1ec6006c85256e75eb09c623b2aa3111602d42a5a1b912522982c08c6934-failure,sha256:94634ab07d9ad0da53a4da33633c9acdacdb66ad3eb3d3380b1f6d46cf210751,sha256:2b6db34aacbffdb427c6a86493c0c97d7fa901154c9c190f56705a55a8d2a0ee,sha256:5d8943b74edf54b19c3d0d4493eca8c11e5671bf89d76b8f3b4c56d6f9edfee2,sha256:7c893d4a626098e829828bc674cdfcfb2d3167b53a285d63eca6932bdc205701,ibm_kyiv,ibm_kyiv,replay,replay:ibm_kyiv,ibm_kyiv,ibm_kyiv->ibm_kyiv,True,,1,1,8.0,1.0,controlled scenario descriptor,0.016,0.5333333333333333,derived recovery-time saved/current backend evidence,0,derived recovery-time saved/current backend identity,1,controlled scenario environment,0.55,0.18666666666666665,0.0,0.0,0.7366666666666667,True,True,cf-15b342d0a35ad1d9c486,0.00794687939648231,0.11200816625339152,0.05460355291542883,False,False,False,0,0,0,1,5632,168,noisy_sim,9,4,4608,4,0,0.5,4,4,0.07853312078771069,0.5578266783522711,0.06354446825745806,0.40790890005799857,20,0.085,1,qubit_wise_commuting,8,11264,1408.0,1408,20,0,40,5,entangling_ry_rz_brickwork,1.588774396741945,0.7691761363636364,0.0016,0.0105,0.018,0.00288,0.0189,0.0324,0.00128,0.0084,0.0144,1.0,1.0,replay,ibm_kyiv,0.024079999999999997
sha256:180fed63b847832f72a1947263c7a679019d465d8ba5ea3d0b2c8648dadc163f,planner_calibration_3201_3208,planner_calibration,sigmetrics-planner-calibration-final-v1,sha256:e6a06faed51f4ea9d810727b1ea3911d1b8a4fb2958afda0cd601ccaed306d7a,sigmetrics-planner-calibration-final-v1--b8cbcfac4f81da67,3204,lih_vqe,paper,noisy_sim,B5,4,2,safe_change,sha256:180fed63b847832f72a1947263c7a679019d465d8ba5ea3d0b2c8648dadc163f-failure,sha256:488fb0c7a7581e16c295db15859e2e4a4749e28e2fcf257141ce765724459159,sha256:8aa9fd73acdbefb930184631c530ac1ad4750da95e7359345a133016be010a68,sha256:f153a653cabcc0d3e38fb1af8137fb44b49a89a01ef79eb6e01d15143d6b4d75,sha256:579c1a346201b0b5dfc3d04c976c1f73b1329831e6a2b62a8552b8f16c14124b,ibm_kyiv,ibm_kyiv,replay,replay:ibm_kyiv,ibm_kyiv,ibm_kyiv->ibm_kyiv,True,,1,1,0.1,0.02,controlled scenario descriptor,0.00020000000000000017,0.006666666666666672,derived recovery-time saved/current backend evidence,0,derived recovery-time saved/current backend identity,1,controlled scenario environment,0.011000000000000001,0.0023333333333333353,0.0,0.0,0.013333333333333336,True,True,cf-26a97e56ed45d6c7bb1a,7.737873791580085e-05,0.0028084597212891162,0.0006771447202467844,True,True,True,1,1,1,0,5632,168,noisy_sim,9,4,4608,4,0,0.5,4,4,0.05596008991093093,0.49532302444160364,0.06003637581711087,0.33313320795337453,20,0.085,1,qubit_wise_commuting,8,11264,1408.0,1408,20,0,40,5,entangling_ry_rz_brickwork,1.510603338534905,0.7862215909090909,0.0016,0.0105,0.018,0.001616,0.010605000000000002,0.018179999999999998,1.5999999999999955e-05,0.00010500000000000093,0.0001799999999999996,1.0,1.0,replay,ibm_kyiv,0.0003010000000000005
sha256:1d49ed950abba9e67a718ea49e0fc7055b88323104a984c0c69812c06c7d79ef,planner_calibration_3201_3208,planner_calibration,sigmetrics-planner-calibration-final-v1,sha256:e6a06faed51f4ea9d810727b1ea3911d1b8a4fb2958afda0cd601ccaed306d7a,sigmetrics-planner-calibration-final-v1--4441ea142f60509d,3202,lih_vqe,paper,noisy_sim,B5,4,2,same_backend_delay,sha256:1d49ed950abba9e67a718ea49e0fc7055b88323104a984c0c69812c06c7d79ef-failure,sha256:41a317b9d14b2548207e056c9f4f8cd5f7ef31e23fc97d03b717084ec21659e4,sha256:2b5d5606b48121c83beae64c1c7cabbafc8d4853980e515ebdce93987de444de,sha256:a34acccbf511b108775b8e967e3b18427ed7ef8b4253f5317c30df5592c85ab5,sha256:eea210b62d61765f27224cc8fa2e37d7e72bf82fa598ce0f46695cac4457ce6c,ibm_kyiv,ibm_sherbrooke,migrate,migrate:ibm_sherbrooke,ibm_sherbrooke,ibm_kyiv->ibm_sherbrooke,True,,1,1,0.0,0.0,controlled scenario descriptor,0.0018999999999999998,0.06333333333333332,derived recovery-time saved/current backend evidence,1,derived recovery-time saved/current backend identity,1,controlled scenario environment,0.0,0.02216666666666666,0.1,0.0,0.12216666666666667,True,True,cf-53c09760ffeae4263e0e,0.0003192942393601683,0.045620739555145624,0.010618677197128322,False,False,False,0,0,0,1,6144,168,noisy_sim,9,4,5120,4,0,0.5,4,4,0.08425072438902514,0.6282929598752568,0.07507462799275672,0.40606582382208206,20,0.085,1,qubit_wise_commuting,8,12288,1536.0,1536,20,0,40,5,entangling_ry_rz_brickwork,1.637598244017144,0.7623697916666666,0.0016,0.0105,0.018,0.0012,0.0095,0.017,0.0004000000000000002,0.0010000000000000009,0.0009999999999999974,1.0,1.0,migrate,ibm_sherbrooke,0.0023999999999999985
sha256:1d49ed950abba9e67a718ea49e0fc7055b88323104a984c0c69812c06c7d79ef,planner_calibration_3201_3208,planner_calibration,sigmetrics-planner-calibration-final-v1,sha256:e6a06faed51f4ea9d810727b1ea3911d1b8a4fb2958afda0cd601ccaed306d7a,sigmetrics-planner-calibration-final-v1--4441ea142f60509d,3202,lih_vqe,paper,noisy_sim,B5,4,2,same_backend_delay,sha256:1d49ed950abba9e67a718ea49e0fc7055b88323104a984c0c69812c06c7d79ef-failure,sha256:41a317b9d14b2548207e056c9f4f8cd5f7ef31e23fc97d03b717084ec21659e4,sha256:2b5d5606b48121c83beae64c1c7cabbafc8d4853980e515ebdce93987de444de,sha256:a34acccbf511b108775b8e967e3b18427ed7ef8b4253f5317c30df5592c85ab5,sha256:eea210b62d61765f27224cc8fa2e37d7e72bf82fa598ce0f46695cac4457ce6c,ibm_kyiv,ibm_kyiv,replay,replay:ibm_kyiv,ibm_kyiv,ibm_kyiv->ibm_kyiv,True,,1,1,4.0,0.8,controlled scenario descriptor,0.007999999999999998,0.2666666666666666,derived recovery-time saved/current backend evidence,0,derived recovery-time saved/current backend identity,1,controlled scenario environment,0.44000000000000006,0.09333333333333331,0.0,0.0,0.5333333333333333,True,True,cf-278c23a0948fc7860977,0.00048579208643317884,0.08079560008850842,0.028334190946353505,False,False,False,0,0,0,1,6144,168,noisy_sim,9,4,5120,4,0,0.5,4,4,0.08425072438902514,0.6282929598752568,0.07507462799275672,0.40606582382208206,20,0.085,1,qubit_wise_commuting,8,12288,1536.0,1536,20,0,40,5,entangling_ry_rz_brickwork,1.637598244017144,0.7623697916666666,0.0016,0.0105,0.018,0.00224,0.0147,0.025199999999999997,0.0006399999999999997,0.004199999999999999,0.007199999999999998,1.0,1.0,replay,ibm_kyiv,0.012039999999999997
sha256:1dca54398ad3e918c467fe1bf1764499a1b587bf13933fae41fa8fcd980188b5,planner_calibration_3201_3208,planner_calibration,sigmetrics-planner-calibration-final-v1,sha256:e6a06faed51f4ea9d810727b1ea3911d1b8a4fb2958afda0cd601ccaed306d7a,sigmetrics-planner-calibration-final-v1--d5223a84e6a71ec8,3204,h2_vqe,paper,noisy_sim,B5,4,2,safe_change,sha256:1dca54398ad3e918c467fe1bf1764499a1b587bf13933fae41fa8fcd980188b5-failure,sha256:75e068f88cbde4db3eccad5de2a9145fb98a909f39ccaa587711f4f79a2c1aaf,sha256:8aa9fd73acdbefb930184631c530ac1ad4750da95e7359345a133016be010a68,sha256:9c8d84160a37684a330c5e86489f096e08f5be515d75b7d3faace12218e4c75a,sha256:00ffecf9d4bd7b3c02ee0aa133cbdc54f2026f74aa17522046e3805fbe7160dc,ibm_kyiv,ibm_kyiv,replay,replay:ibm_kyiv,ibm_kyiv,ibm_kyiv->ibm_kyiv,True,,1,1,0.1,0.02,controlled scenario descriptor,0.00020000000000000017,0.006666666666666672,derived recovery-time saved/current backend evidence,0,derived recovery-time saved/current backend identity,1,controlled scenario environment,0.011000000000000001,0.0023333333333333353,0.0,0.0,0.013333333333333336,True,True,cf-869bfcaa249368e504dd,0.0003202958428900615,0.029847443083943288,0.0003382606348288471,True,True,True,1,1,1,0,4992,104,noisy_sim,9,3,2976,4,0,0.42857142857142855,4,4,0.03515487376985882,0.27035026865584005,0.050240963326342314,0.1865673757997202,12,0.105,1,qubit_wise_commuting,7,8736,1248.0,1248,12,0,24,4,entangling_ry_rz_brickwork,0.9913416874340611,0.8565705128205128,0.0016,0.0105,0.018,0.001616,0.010605000000000002,0.018179999999999998,1.5999999999999955e-05,0.00010500000000000093,0.0001799999999999996,1.0,1.0,replay,ibm_kyiv,0.0003010000000000005
sha256:1f693072c1047bf9ad6b05bfd2ce6551a1ef1d05e2b0df0f63546567e8019b29,planner_calibration_3201_3208,planner_calibration,sigmetrics-planner-calibration-final-v1,sha256:e6a06faed51f4ea9d810727b1ea3911d1b8a4fb2958afda0cd601ccaed306d7a,sigmetrics-planner-calibration-final-v1--7d7d44b6d2c6bda0,3208,lih_vqe,paper,noisy_sim,B5,4,2,same_backend_delay,sha256:1f693072c1047bf9ad6b05bfd2ce6551a1ef1d05e2b0df0f63546567e8019b29-failure,sha256:3a1d5db8272d9f6fbad49deb94e58fb052608c352e84d85a8656e517face80c9,sha256:2b5d5606b48121c83beae64c1c7cabbafc8d4853980e515ebdce93987de444de,sha256:a34acccbf511b108775b8e967e3b18427ed7ef8b4253f5317c30df5592c85ab5,sha256:8b77656df18bff2968b1e099ddc3c06726494a9b196e16c733e4e5450805b9b0,ibm_kyiv,ibm_sherbrooke,migrate,migrate:ibm_sherbrooke,ibm_sherbrooke,ibm_kyiv->ibm_sherbrooke,True,,1,1,0.0,0.0,controlled scenario descriptor,0.0018999999999999998,0.06333333333333332,derived recovery-time saved/current backend evidence,1,derived recovery-time saved/current backend identity,1,controlled scenario environment,0.0,0.02216666666666666,0.1,0.0,0.12216666666666667,True,True,cf-edbb048eb65743de2c27,0.0008260242823130426,0.04745329886658681,0.009856479253633156,False,False,False,0,0,0,1,6144,168,noisy_sim,9,4,5120,4,0,0.5,4,4,0.08882639129214098,0.6107391663059288,0.06608345735153985,0.4201181202869818,20,0.085,1,qubit_wise_commuting,8,12288,1536.0,1536,20,0,40,5,entangling_ry_rz_brickwork,1.3937094986767222,0.810546875,0.0016,0.0105,0.018,0.0012,0.0095,0.017,0.0004000000000000002,0.0010000000000000009,0.0009999999999999974,1.0,1.0,migrate,ibm_sherbrooke,0.0023999999999999985
sha256:1f693072c1047bf9ad6b05bfd2ce6551a1ef1d05e2b0df0f63546567e8019b29,planner_calibration_3201_3208,planner_calibration,sigmetrics-planner-calibration-final-v1,sha256:e6a06faed51f4ea9d810727b1ea3911d1b8a4fb2958afda0cd601ccaed306d7a,sigmetrics-planner-calibration-final-v1--7d7d44b6d2c6bda0,3208,lih_vqe,paper,noisy_sim,B5,4,2,same_backend_delay,sha256:1f693072c1047bf9ad6b05bfd2ce6551a1ef1d05e2b0df0f63546567e8019b29-failure,sha256:3a1d5db8272d9f6fbad49deb94e58fb052608c352e84d85a8656e517face80c9,sha256:2b5d5606b48121c83beae64c1c7cabbafc8d4853980e515ebdce93987de444de,sha256:a34acccbf511b108775b8e967e3b18427ed7ef8b4253f5317c30df5592c85ab5,sha256:8b77656df18bff2968b1e099ddc3c06726494a9b196e16c733e4e5450805b9b0,ibm_kyiv,ibm_kyiv,replay,replay:ibm_kyiv,ibm_kyiv,ibm_kyiv->ibm_kyiv,True,,1,1,4.0,0.8,controlled scenario descriptor,0.007999999999999998,0.2666666666666666,derived recovery-time saved/current backend evidence,0,derived recovery-time saved/current backend identity,1,controlled scenario environment,0.44000000000000006,0.09333333333333331,0.0,0.0,0.5333333333333333,True,True,cf-670960467b20297af54c,0.0018856171434098457,0.0578714986073982,0.026829773742137405,False,False,False,0,0,0,1,6144,168,noisy_sim,9,4,5120,4,0,0.5,4,4,0.08882639129214098,0.6107391663059288,0.06608345735153985,0.4201181202869818,20,0.085,1,qubit_wise_commuting,8,12288,1536.0,1536,20,0,40,5,entangling_ry_rz_brickwork,1.3937094986767222,0.810546875,0.0016,0.0105,0.018,0.00224,0.0147,0.025199999999999997,0.0006399999999999997,0.004199999999999999,0.007199999999999998,1.0,1.0,replay,ibm_kyiv,0.012039999999999997
sha256:1f90de65023b0338d4dd818316dce2219e076e0186fdb5613d5634403a586ca1,planner_calibration_3201_3208,planner_calibration,sigmetrics-planner-calibration-final-v1,sha256:e6a06faed51f4ea9d810727b1ea3911d1b8a4fb2958afda0cd601ccaed306d7a,sigmetrics-planner-calibration-final-v1--6f0b9215f68535e1,3201,h2_vqe,paper,noisy_sim,B5,4,2,cross_backend,sha256:1f90de65023b0338d4dd818316dce2219e076e0186fdb5613d5634403a586ca1-failure,sha256:c588eab4201e9d33de492485fac85d26be58122f99821ec35b5efffe8f300a9d,sha256:3e961724e06d6d711a9338896a03f47484a702bab4903cdf8ef8771396da980d,sha256:465cf8190aa72910b114108c272f86151fcf7f7906fe7d9023fc8db000a97506,sha256:106a8aac62f0e2234ab762762543a1394f5c2e1794696647322587d635a4aec6,ibm_kyiv,ibm_brisbane,migrate,migrate:ibm_brisbane,ibm_brisbane,ibm_kyiv->ibm_brisbane,True,,1,1,0.0,0.0,controlled scenario descriptor,0.007,0.23333333333333334,derived recovery-time saved/current backend evidence,1,derived recovery-time saved/current backend identity,1,controlled scenario environment,0.0,0.08166666666666667,0.1,0.0,0.18166666666666667,True,True,cf-8942dcb7357a33dd0132,0.0099157497237643,0.07252643890878266,0.011556066527604405,False,False,False,0,0,0,1,4992,104,noisy_sim,9,3,2976,4,0,0.42857142857142855,4,4,0.059197631063356626,0.35693250504074686,0.05943082158193482,0.3062226255313864,12,0.105,1,qubit_wise_commuting,7,8736,1248.0,1248,12,0,24,4,entangling_ry_rz_brickwork,1.1893771203948211,0.8197115384615384,0.0016,0.0105,0.018,0.0021,0.014,0.024,0.0004999999999999998,0.0034999999999999996,0.006000000000000002,1.0,1.0,migrate,ibm_brisbane,0.010000000000000002
sha256:1f90de65023b0338d4dd818316dce2219e076e0186fdb5613d5634403a586ca1,planner_calibration_3201_3208,planner_calibration,sigmetrics-planner-calibration-final-v1,sha256:e6a06faed51f4ea9d810727b1ea3911d1b8a4fb2958afda0cd601ccaed306d7a,sigmetrics-planner-calibration-final-v1--6f0b9215f68535e1,3201,h2_vqe,paper,noisy_sim,B5,4,2,cross_backend,sha256:1f90de65023b0338d4dd818316dce2219e076e0186fdb5613d5634403a586ca1-failure,sha256:c588eab4201e9d33de492485fac85d26be58122f99821ec35b5efffe8f300a9d,sha256:3e961724e06d6d711a9338896a03f47484a702bab4903cdf8ef8771396da980d,sha256:465cf8190aa72910b114108c272f86151fcf7f7906fe7d9023fc8db000a97506,sha256:106a8aac62f0e2234ab762762543a1394f5c2e1794696647322587d635a4aec6,ibm_kyiv,ibm_sherbrooke,migrate,migrate:ibm_sherbrooke,ibm_sherbrooke,ibm_kyiv->ibm_sherbrooke,True,,1,1,0.0,0.0,controlled scenario descriptor,0.0018999999999999998,0.06333333333333332,derived recovery-time saved/current backend evidence,1,derived recovery-time saved/current backend identity,1,controlled scenario environment,0.0,0.02216666666666666,0.1,0.0,0.12216666666666667,True,True,cf-a03d0e7b8ae4a2dfcb28,0.0050070132146493584,0.03356500381578809,0.00534275058017376,False,False,False,0,0,0,1,4992,104,noisy_sim,9,3,2976,4,0,0.42857142857142855,4,4,0.059197631063356626,0.35693250504074686,0.05943082158193482,0.3062226255313864,12,0.105,1,qubit_wise_commuting,7,8736,1248.0,1248,12,0,24,4,entangling_ry_rz_brickwork,1.1893771203948211,0.8197115384615384,0.0016,0.0105,0.018,0.0012,0.0095,0.017,0.0004000000000000002,0.0010000000000000009,0.0009999999999999974,1.0,1.0,migrate,ibm_sherbrooke,0.0023999999999999985
sha256:209348f04360dd7aff250db72da2d34dbb86ab6e50dfde8e9472b3a47fdc0e1c,planner_calibration_3201_3208,planner_calibration,sigmetrics-planner-calibration-final-v1,sha256:e6a06faed51f4ea9d810727b1ea3911d1b8a4fb2958afda0cd601ccaed306d7a,sigmetrics-planner-calibration-final-v1--a5775dacc63fcd78,3206,h2_vqe,paper,noisy_sim,B5,4,2,same_backend_delay,sha256:209348f04360dd7aff250db72da2d34dbb86ab6e50dfde8e9472b3a47fdc0e1c-failure,sha256:7c8927e2904bd085bfcfc57ac037bd77ddfecff4d4aa3d3ddf6649b40937c9da,sha256:2b5d5606b48121c83beae64c1c7cabbafc8d4853980e515ebdce93987de444de,sha256:6b97ad82624cbf5bb09be560aa6bb9d630db90477bce3a53713c959f84ab3cbb,sha256:3aab9c106070b7b353638cf88523e9e289b42336d68964a7d5d81f9eb23f06fc,ibm_kyiv,ibm_sherbrooke,migrate,migrate:ibm_sherbrooke,ibm_sherbrooke,ibm_kyiv->ibm_sherbrooke,True,,1,1,0.0,0.0,controlled scenario descriptor,0.0018999999999999998,0.06333333333333332,derived recovery-time saved/current backend evidence,1,derived recovery-time saved/current backend identity,1,controlled scenario environment,0.0,0.02216666666666666,0.1,0.0,0.12216666666666667,True,True,cf-af5b75010c8ce54f5b57,0.005109512516242809,0.009436497899517277,0.005651888630753,False,False,False,0,0,0,1,4992,104,noisy_sim,9,3,2976,4,0,0.42857142857142855,4,4,0.027460155600799174,0.24638122786619204,0.043459222725931536,0.17536963560202462,12,0.105,1,qubit_wise_commuting,7,8736,1248.0,1248,12,0,24,4,entangling_ry_rz_brickwork,0.929523612042819,0.8693910256410257,0.0016,0.0105,0.018,0.0012,0.0095,0.017,0.0004000000000000002,0.0010000000000000009,0.0009999999999999974,1.0,1.0,migrate,ibm_sherbrooke,0.0023999999999999985
sha256:209348f04360dd7aff250db72da2d34dbb86ab6e50dfde8e9472b3a47fdc0e1c,planner_calibration_3201_3208,planner_calibration,sigmetrics-planner-calibration-final-v1,sha256:e6a06faed51f4ea9d810727b1ea3911d1b8a4fb2958afda0cd601ccaed306d7a,sigmetrics-planner-calibration-final-v1--a5775dacc63fcd78,3206,h2_vqe,paper,noisy_sim,B5,4,2,same_backend_delay,sha256:209348f04360dd7aff250db72da2d34dbb86ab6e50dfde8e9472b3a47fdc0e1c-failure,sha256:7c8927e2904bd085bfcfc57ac037bd77ddfecff4d4aa3d3ddf6649b40937c9da,sha256:2b5d5606b48121c83beae64c1c7cabbafc8d4853980e515ebdce93987de444de,sha256:6b97ad82624cbf5bb09be560aa6bb9d630db90477bce3a53713c959f84ab3cbb,sha256:3aab9c106070b7b353638cf88523e9e289b42336d68964a7d5d81f9eb23f06fc,ibm_kyiv,ibm_kyiv,replay,replay:ibm_kyiv,ibm_kyiv,ibm_kyiv->ibm_kyiv,True,,1,1,4.0,0.8,controlled scenario descriptor,0.007999999999999998,0.2666666666666666,derived recovery-time saved/current backend evidence,0,derived recovery-time saved/current backend identity,1,controlled scenario environment,0.44000000000000006,0.09333333333333331,0.0,0.0,0.5333333333333333,True,True,cf-23f38d9fe2474b8e952b,0.012440693985104279,0.0647912048364691,0.015407358781902233,False,False,False,0,0,0,1,4992,104,noisy_sim,9,3,2976,4,0,0.42857142857142855,4,4,0.027460155600799174,0.24638122786619204,0.043459222725931536,0.17536963560202462,12,0.105,1,qubit_wise_commuting,7,8736,1248.0,1248,12,0,24,4,entangling_ry_rz_brickwork,0.929523612042819,0.8693910256410257,0.0016,0.0105,0.018,0.00224,0.0147,0.025199999999999997,0.0006399999999999997,0.004199999999999999,0.007199999999999998,1.0,1.0,replay,ibm_kyiv,0.012039999999999997
sha256:21c440f9e5c3a3c6d161e6a54e2239004b149cf8902be1704150f4ba4c93b257,planner_calibration_3201_3208,planner_calibration,sigmetrics-planner-calibration-final-v1,sha256:e6a06faed51f4ea9d810727b1ea3911d1b8a4fb2958afda0cd601ccaed306d7a,sigmetrics-planner-calibration-final-v1--0388a8ef241e24cb,3207,h2_vqe,paper,noisy_sim,B5,4,2,no_change,sha256:21c440f9e5c3a3c6d161e6a54e2239004b149cf8902be1704150f4ba4c93b257-failure,sha256:3ac6d55d876f270871513157dcbc7e9a3aa9efd9ac8e8870687145bcc8c49c96,sha256:0e7343b47d003afe2860e33d67399c12f7ed84b7f18c3a5e0d48aae47fda9990,sha256:baa92c31b0f189ce526289e61ce9d7b1d153d2320fb0caa5de4cb9d39f4d0b0e,sha256:04fb04706cb8a49c75be53f82ea547b4a49d8993a2cf0b05bb5e2433de88b647,ibm_kyiv,ibm_kyiv,replay,replay:ibm_kyiv,ibm_kyiv,ibm_kyiv->ibm_kyiv,True,,1,1,0.0,0.0,controlled scenario descriptor,0.0,0.0,derived recovery-time saved/current backend evidence,0,derived recovery-time saved/current backend identity,1,controlled scenario environment,0.0,0.0,0.0,0.0,0.0,True,True,cf-ba7eb50cb7e2df9e8eb2,0.0,0.0,0.0,True,True,True,1,1,1,0,4992,104,noisy_sim,9,3,2976,4,0,0.42857142857142855,4,4,0.06374967188126046,0.35588426269511964,0.06949420903304539,0.23825478883452927,12,0.105,1,qubit_wise_commuting,7,8736,1248.0,1248,12,0,24,4,entangling_ry_rz_brickwork,1.0852529303149812,0.8341346153846154,0.0016,0.0105,0.018,0.0016,0.0105,0.018,0.0,0.0,0.0,1.0,1.0,replay,ibm_kyiv,0.0
sha256:248f6fae0e875b00ac227423b2c1e1ff1db92c0d53c1d32c4e02ac99e84e0f2d,planner_calibration_3201_3208,planner_calibration,sigmetrics-planner-calibration-final-v1,sha256:e6a06faed51f4ea9d810727b1ea3911d1b8a4fb2958afda0cd601ccaed306d7a,sigmetrics-planner-calibration-final-v1--2f59fc44802a700e,3207,lih_vqe,paper,noisy_sim,B5,4,2,no_change,sha256:248f6fae0e875b00ac227423b2c1e1ff1db92c0d53c1d32c4e02ac99e84e0f2d-failure,sha256:28c8ea428fea21f1b41530db56f8e043597dfd61c230af798406433aca22a331,sha256:0e7343b47d003afe2860e33d67399c12f7ed84b7f18c3a5e0d48aae47fda9990,sha256:c47932d509f62acb75888b4e18d00ff3fb54f3468768cff7bf362cbd2dcdb2a5,sha256:8ed21f11c3a71e92a8e2a2f6af23897a6788a16883d5801719482e2cc23307a0,ibm_kyiv,ibm_kyiv,replay,replay:ibm_kyiv,ibm_kyiv,ibm_kyiv->ibm_kyiv,True,,1,1,0.0,0.0,controlled scenario descriptor,0.0,0.0,derived recovery-time saved/current backend evidence,0,derived recovery-time saved/current backend identity,1,controlled scenario environment,0.0,0.0,0.0,0.0,0.0,True,True,cf-877bc17ed6366ffb138b,0.0,0.0,0.0,True,True,True,1,1,1,0,6144,168,noisy_sim,9,4,5120,4,0,0.5,4,4,0.07945046398903077,0.6023106832048946,0.07254746524202499,0.3889754678576354,20,0.085,1,qubit_wise_commuting,8,12288,1536.0,1536,20,0,40,5,entangling_ry_rz_brickwork,1.6065989214985639,0.7630208333333334,0.0016,0.0105,0.018,0.0016,0.0105,0.018,0.0,0.0,0.0,1.0,1.0,replay,ibm_kyiv,0.0
sha256:251792c9ffcf4653c0380b5ff5b0f8f91af9a8a71801fd6e64a7cd3d3f7092f2,planner_calibration_3201_3208,planner_calibration,sigmetrics-planner-calibration-final-v1,sha256:e6a06faed51f4ea9d810727b1ea3911d1b8a4fb2958afda0cd601ccaed306d7a,sigmetrics-planner-calibration-final-v1--d2fc9c0e4f273544,3206,qaoa_maxcut,paper,noisy_sim,B5,4,2,safe_change,sha256:251792c9ffcf4653c0380b5ff5b0f8f91af9a8a71801fd6e64a7cd3d3f7092f2-failure,sha256:3e81e1d6c8de361668e36bd56b4d7e31b1016224ed55861afa53c5f98700c70e,sha256:8aa9fd73acdbefb930184631c530ac1ad4750da95e7359345a133016be010a68,sha256:a9aa49d0abe0c0e8c2ca3406cdae5818d28f0e352c4a812e712215e808676f00,sha256:70e1b19d1b6d1b622fd12436a9a0ed96e53172bda8e1b76c63878ac0f426cf7a,ibm_kyiv,ibm_kyiv,replay,replay:ibm_kyiv,ibm_kyiv,ibm_kyiv->ibm_kyiv,True,,1,1,0.1,0.02,controlled scenario descriptor,0.00020000000000000017,0.006666666666666672,derived recovery-time saved/current backend evidence,0,derived recovery-time saved/current backend identity,1,controlled scenario environment,0.011000000000000001,0.0023333333333333353,0.0,0.0,0.013333333333333336,True,True,cf-e3b04506f2fa562cfcbb,0.01202422586719809,0.0042749636936353745,0.0321967119547825,True,True,True,1,1,1,0,16512,40,noisy_sim,9,1,4128,0,0,1.0,4,4,2.542464911220978,8.082579638887832,3.6323456151097853,6.295761213828399,4,0.12,1,qubit_wise_commuting,1,4128,4128.0,4128,4,0,10,6,qaoa_maxcut,5.7535453202464515,0.07146317829457365,0.0016,0.0105,0.018,0.001616,0.010605000000000002,0.018179999999999998,1.5999999999999955e-05,0.00010500000000000093,0.0001799999999999996,1.0,1.0,replay,ibm_kyiv,0.0003010000000000005
sha256:268c5a7e92531784abae34f5cdb233c4b206151dd55a5e75d24d1c45a79686c0,planner_calibration_3201_3208,planner_calibration,sigmetrics-planner-calibration-final-v1,sha256:e6a06faed51f4ea9d810727b1ea3911d1b8a4fb2958afda0cd601ccaed306d7a,sigmetrics-planner-calibration-final-v1--212bfba29cd2b19f,3202,lih_vqe,paper,noisy_sim,B5,4,2,no_change,sha256:268c5a7e92531784abae34f5cdb233c4b206151dd55a5e75d24d1c45a79686c0-failure,sha256:41a317b9d14b2548207e056c9f4f8cd5f7ef31e23fc97d03b717084ec21659e4,sha256:0e7343b47d003afe2860e33d67399c12f7ed84b7f18c3a5e0d48aae47fda9990,sha256:c47932d509f62acb75888b4e18d00ff3fb54f3468768cff7bf362cbd2dcdb2a5,sha256:7d943d4e3badfa4aa913ce1351ebbd383c8902fbbe1ab9507a476f0b040b2247,ibm_kyiv,ibm_kyiv,replay,replay:ibm_kyiv,ibm_kyiv,ibm_kyiv->ibm_kyiv,True,,1,1,0.0,0.0,controlled scenario descriptor,0.0,0.0,derived recovery-time saved/current backend evidence,0,derived recovery-time saved/current backend identity,1,controlled scenario environment,0.0,0.0,0.0,0.0,0.0,True,True,cf-27645e900221192f1897,0.0,0.0,0.0,True,True,True,1,1,1,0,6144,168,noisy_sim,9,4,5120,4,0,0.5,4,4,0.08425072438902514,0.6282929598752568,0.07507462799275672,0.40606582382208206,20,0.085,1,qubit_wise_commuting,8,12288,1536.0,1536,20,0,40,5,entangling_ry_rz_brickwork,1.637598244017144,0.7623697916666666,0.0016,0.0105,0.018,0.0016,0.0105,0.018,0.0,0.0,0.0,1.0,1.0,replay,ibm_kyiv,0.0
sha256:282a40d3ad14fb60e3dda0d6b3f0f055c7effeeb81b8c3747caa384d5d9328f0,planner_calibration_3201_3208,planner_calibration,sigmetrics-planner-calibration-final-v1,sha256:e6a06faed51f4ea9d810727b1ea3911d1b8a4fb2958afda0cd601ccaed306d7a,sigmetrics-planner-calibration-final-v1--587f01eef4d9e77d,3204,qaoa_maxcut,paper,noisy_sim,B5,4,2,cross_backend,sha256:282a40d3ad14fb60e3dda0d6b3f0f055c7effeeb81b8c3747caa384d5d9328f0-failure,sha256:d89ce02ab41113bb9ed4e8c05cfa2030f64b954ffb17b20e4a24a670ee0bd93f,sha256:3e961724e06d6d711a9338896a03f47484a702bab4903cdf8ef8771396da980d,sha256:b8c94dadcfefd358a0915470a4fcf21397130942d687be7c1144ae9b7636f1c6,sha256:b96362d6880dc55c892617b9e5efca0d6c0825456bf8ecf4bfc76950a05a80f4,ibm_kyiv,ibm_brisbane,migrate,migrate:ibm_brisbane,ibm_brisbane,ibm_kyiv->ibm_brisbane,True,,1,1,0.0,0.0,controlled scenario descriptor,0.007,0.23333333333333334,derived recovery-time saved/current backend evidence,1,derived recovery-time saved/current backend identity,1,controlled scenario environment,0.0,0.08166666666666667,0.1,0.0,0.18166666666666667,True,True,cf-d6ffb72bfc91ea3f4920,0.11168498175811159,0.16004047624531723,1.3234685353979927,False,False,False,0,0,0,1,16512,40,noisy_sim,9,1,4128,0,0,1.0,4,4,3.493113654880361,13.408464414219573,4.5106097785406245,12.985167602880354,4,0.12,1,qubit_wise_commuting,1,4128,4128.0,4128,4,0,10,6,qaoa_maxcut,5.782781976964548,0.06346899224806202,0.0016,0.0105,0.018,0.0021,0.014,0.024,0.0004999999999999998,0.0034999999999999996,0.006000000000000002,1.0,1.0,migrate,ibm_brisbane,0.010000000000000002
sha256:282a40d3ad14fb60e3dda0d6b3f0f055c7effeeb81b8c3747caa384d5d9328f0,planner_calibration_3201_3208,planner_calibration,sigmetrics-planner-calibration-final-v1,sha256:e6a06faed51f4ea9d810727b1ea3911d1b8a4fb2958afda0cd601ccaed306d7a,sigmetrics-planner-calibration-final-v1--587f01eef4d9e77d,3204,qaoa_maxcut,paper,noisy_sim,B5,4,2,cross_backend,sha256:282a40d3ad14fb60e3dda0d6b3f0f055c7effeeb81b8c3747caa384d5d9328f0-failure,sha256:d89ce02ab41113bb9ed4e8c05cfa2030f64b954ffb17b20e4a24a670ee0bd93f,sha256:3e961724e06d6d711a9338896a03f47484a702bab4903cdf8ef8771396da980d,sha256:b8c94dadcfefd358a0915470a4fcf21397130942d687be7c1144ae9b7636f1c6,sha256:b96362d6880dc55c892617b9e5efca0d6c0825456bf8ecf4bfc76950a05a80f4,ibm_kyiv,ibm_sherbrooke,migrate,migrate:ibm_sherbrooke,ibm_sherbrooke,ibm_kyiv->ibm_sherbrooke,True,,1,1,0.0,0.0,controlled scenario descriptor,0.0018999999999999998,0.06333333333333332,derived recovery-time saved/current backend evidence,1,derived recovery-time saved/current backend identity,1,controlled scenario environment,0.0,0.02216666666666666,0.1,0.0,0.12216666666666667,True,True,cf-dd951b7d6db18f358e79,0.462536860613727,0.1296452875432795,1.3156471358171378,False,False,False,0,0,0,1,16512,40,noisy_sim,9,1,4128,0,0,1.0,4,4,3.493113654880361,13.408464414219573,4.5106097785406245,12.985167602880354,4,0.12,1,qubit_wise_commuting,1,4128,4128.0,4128,4,0,10,6,qaoa_maxcut,5.782781976964548,0.06346899224806202,0.0016,0.0105,0.018,0.0012,0.0095,0.017,0.0004000000000000002,0.0010000000000000009,0.0009999999999999974,1.0,1.0,migrate,ibm_sherbrooke,0.0023999999999999985
sha256:2a46843b9532a5d0e037bf1d80e760c5a68fe65139406b4fd4e017339b014e81,planner_calibration_3201_3208,planner_calibration,sigmetrics-planner-calibration-final-v1,sha256:e6a06faed51f4ea9d810727b1ea3911d1b8a4fb2958afda0cd601ccaed306d7a,sigmetrics-planner-calibration-final-v1--3d12f982e239b972,3204,lih_vqe,paper,noisy_sim,B5,4,2,same_backend_delay,sha256:2a46843b9532a5d0e037bf1d80e760c5a68fe65139406b4fd4e017339b014e81-failure,sha256:488fb0c7a7581e16c295db15859e2e4a4749e28e2fcf257141ce765724459159,sha256:2b5d5606b48121c83beae64c1c7cabbafc8d4853980e515ebdce93987de444de,sha256:a34acccbf511b108775b8e967e3b18427ed7ef8b4253f5317c30df5592c85ab5,sha256:5793d22cf06ad288c31e6428c7c2ccacac98ef1d816f517be6f2ba59e7b1a779,ibm_kyiv,ibm_sherbrooke,migrate,migrate:ibm_sherbrooke,ibm_sherbrooke,ibm_kyiv->ibm_sherbrooke,True,,1,1,0.0,0.0,controlled scenario descriptor,0.0018999999999999998,0.06333333333333332,derived recovery-time saved/current backend evidence,1,derived recovery-time saved/current backend identity,1,controlled scenario environment,0.0,0.02216666666666666,0.1,0.0,0.12216666666666667,True,True,cf-8458cce01c34f8d53b30,0.001027861173199085,0.024860136379133962,0.009882599326064535,False,False,False,0,0,0,1,5632,168,noisy_sim,9,4,4608,4,0,0.5,4,4,0.05596008991093093,0.49532302444160364,0.06003637581711087,0.33313320795337453,20,0.085,1,qubit_wise_commuting,8,11264,1408.0,1408,20,0,40,5,entangling_ry_rz_brickwork,1.510603338534905,0.7862215909090909,0.0016,0.0105,0.018,0.0012,0.0095,0.017,0.0004000000000000002,0.0010000000000000009,0.0009999999999999974,1.0,1.0,migrate,ibm_sherbrooke,0.0023999999999999985
sha256:2a46843b9532a5d0e037bf1d80e760c5a68fe65139406b4fd4e017339b014e81,planner_calibration_3201_3208,planner_calibration,sigmetrics-planner-calibration-final-v1,sha256:e6a06faed51f4ea9d810727b1ea3911d1b8a4fb2958afda0cd601ccaed306d7a,sigmetrics-planner-calibration-final-v1--3d12f982e239b972,3204,lih_vqe,paper,noisy_sim,B5,4,2,same_backend_delay,sha256:2a46843b9532a5d0e037bf1d80e760c5a68fe65139406b4fd4e017339b014e81-failure,sha256:488fb0c7a7581e16c295db15859e2e4a4749e28e2fcf257141ce765724459159,sha256:2b5d5606b48121c83beae64c1c7cabbafc8d4853980e515ebdce93987de444de,sha256:a34acccbf511b108775b8e967e3b18427ed7ef8b4253f5317c30df5592c85ab5,sha256:5793d22cf06ad288c31e6428c7c2ccacac98ef1d816f517be6f2ba59e7b1a779,ibm_kyiv,ibm_kyiv,replay,replay:ibm_kyiv,ibm_kyiv,ibm_kyiv->ibm_kyiv,True,,1,1,4.0,0.8,controlled scenario descriptor,0.007999999999999998,0.2666666666666666,derived recovery-time saved/current backend evidence,0,derived recovery-time saved/current backend identity,1,controlled scenario environment,0.44000000000000006,0.09333333333333331,0.0,0.0,0.5333333333333333,True,True,cf-c79b538e930d62f583a7,0.0031146813575801957,0.05651322354563492,0.02672364074548484,False,False,False,0,0,0,1,5632,168,noisy_sim,9,4,4608,4,0,0.5,4,4,0.05596008991093093,0.49532302444160364,0.06003637581711087,0.33313320795337453,20,0.085,1,qubit_wise_commuting,8,11264,1408.0,1408,20,0,40,5,entangling_ry_rz_brickwork,1.510603338534905,0.7862215909090909,0.0016,0.0105,0.018,0.00224,0.0147,0.025199999999999997,0.0006399999999999997,0.004199999999999999,0.007199999999999998,1.0,1.0,replay,ibm_kyiv,0.012039999999999997
sha256:2b432e9f777024f8b530df190990efb5e87dc88c76118aff98cc24d064c6b5bf,planner_calibration_3201_3208,planner_calibration,sigmetrics-planner-calibration-final-v1,sha256:e6a06faed51f4ea9d810727b1ea3911d1b8a4fb2958afda0cd601ccaed306d7a,sigmetrics-planner-calibration-final-v1--46625cda3fe79c3e,3204,lih_vqe,paper,noisy_sim,B5,4,2,no_change,sha256:2b432e9f777024f8b530df190990efb5e87dc88c76118aff98cc24d064c6b5bf-failure,sha256:488fb0c7a7581e16c295db15859e2e4a4749e28e2fcf257141ce765724459159,sha256:0e7343b47d003afe2860e33d67399c12f7ed84b7f18c3a5e0d48aae47fda9990,sha256:c47932d509f62acb75888b4e18d00ff3fb54f3468768cff7bf362cbd2dcdb2a5,sha256:7d431ca5f68b8a14d3b7ec05b9d11866a7a16f229d9b5df6106a432d3ebbce40,ibm_kyiv,ibm_kyiv,replay,replay:ibm_kyiv,ibm_kyiv,ibm_kyiv->ibm_kyiv,True,,1,1,0.0,0.0,controlled scenario descriptor,0.0,0.0,derived recovery-time saved/current backend evidence,0,derived recovery-time saved/current backend identity,1,controlled scenario environment,0.0,0.0,0.0,0.0,0.0,True,True,cf-7fda98d1ccf1d994fa36,0.0,0.0,0.0,True,True,True,1,1,1,0,5632,168,noisy_sim,9,4,4608,4,0,0.5,4,4,0.05596008991093093,0.49532302444160364,0.06003637581711087,0.33313320795337453,20,0.085,1,qubit_wise_commuting,8,11264,1408.0,1408,20,0,40,5,entangling_ry_rz_brickwork,1.510603338534905,0.7862215909090909,0.0016,0.0105,0.018,0.0016,0.0105,0.018,0.0,0.0,0.0,1.0,1.0,replay,ibm_kyiv,0.0
sha256:2c9fc9e2518fc2607654fa37037f6f9591c802363f14f29e2136cf3fc6b44550,planner_calibration_3201_3208,planner_calibration,sigmetrics-planner-calibration-final-v1,sha256:e6a06faed51f4ea9d810727b1ea3911d1b8a4fb2958afda0cd601ccaed306d7a,sigmetrics-planner-calibration-final-v1--fe1c73f6e7d6e78c,3203,lih_vqe,paper,noisy_sim,B5,4,2,no_change,sha256:2c9fc9e2518fc2607654fa37037f6f9591c802363f14f29e2136cf3fc6b44550-failure,sha256:94634ab07d9ad0da53a4da33633c9acdacdb66ad3eb3d3380b1f6d46cf210751,sha256:0e7343b47d003afe2860e33d67399c12f7ed84b7f18c3a5e0d48aae47fda9990,sha256:c47932d509f62acb75888b4e18d00ff3fb54f3468768cff7bf362cbd2dcdb2a5,sha256:f84d0be5735bd8a9bda872c4618990a5d7ed0c4376a302b0b271ed0eda02532b,ibm_kyiv,ibm_kyiv,replay,replay:ibm_kyiv,ibm_kyiv,ibm_kyiv->ibm_kyiv,True,,1,1,0.0,0.0,controlled scenario descriptor,0.0,0.0,derived recovery-time saved/current backend evidence,0,derived recovery-time saved/current backend identity,1,controlled scenario environment,0.0,0.0,0.0,0.0,0.0,True,True,cf-dc13247549ca729a3b31,0.0,0.0,0.0,True,True,True,1,1,1,0,5632,168,noisy_sim,9,4,4608,4,0,0.5,4,4,0.07853312078771069,0.5578266783522711,0.06354446825745806,0.40790890005799857,20,0.085,1,qubit_wise_commuting,8,11264,1408.0,1408,20,0,40,5,entangling_ry_rz_brickwork,1.588774396741945,0.7691761363636364,0.0016,0.0105,0.018,0.0016,0.0105,0.018,0.0,0.0,0.0,1.0,1.0,replay,ibm_kyiv,0.0
sha256:2d271ea07fd597beab620ca832ca29891f2a20ee97d33f820b9eaa37e760ac44,planner_calibration_3201_3208,planner_calibration,sigmetrics-planner-calibration-final-v1,sha256:e6a06faed51f4ea9d810727b1ea3911d1b8a4fb2958afda0cd601ccaed306d7a,sigmetrics-planner-calibration-final-v1--0d29c601e7228115,3208,h2_vqe,paper,noisy_sim,B5,4,2,no_change,sha256:2d271ea07fd597beab620ca832ca29891f2a20ee97d33f820b9eaa37e760ac44-failure,sha256:cdfed1bc36240c8ae4824b934a519053c28481852c7b9be4f778db6b9d08fa9f,sha256:0e7343b47d003afe2860e33d67399c12f7ed84b7f18c3a5e0d48aae47fda9990,sha256:baa92c31b0f189ce526289e61ce9d7b1d153d2320fb0caa5de4cb9d39f4d0b0e,sha256:1779def232a77e7d1b63634806be17465252afc33402a39ce56f74455dada85a,ibm_kyiv,ibm_kyiv,replay,replay:ibm_kyiv,ibm_kyiv,ibm_kyiv->ibm_kyiv,True,,1,1,0.0,0.0,controlled scenario descriptor,0.0,0.0,derived recovery-time saved/current backend evidence,0,derived recovery-time saved/current backend identity,1,controlled scenario environment,0.0,0.0,0.0,0.0,0.0,True,True,cf-b3940ffa22aa97ab8a5d,0.0,0.0,0.0,True,True,True,1,1,1,0,4992,104,noisy_sim,9,3,2976,4,0,0.42857142857142855,4,4,0.046455170287248215,0.3264084925345467,0.06000286114979669,0.27696583613285125,12,0.105,1,qubit_wise_commuting,7,8736,1248.0,1248,12,0,24,4,entangling_ry_rz_brickwork,1.0616927521540047,0.8461538461538461,0.0016,0.0105,0.018,0.0016,0.0105,0.018,0.0,0.0,0.0,1.0,1.0,replay,ibm_kyiv,0.0
sha256:2e15ce4f3e10f612ea1cac589fb4ca9508edfccd80e700e97673734d9f14bfe1,planner_calibration_3201_3208,planner_calibration,sigmetrics-planner-calibration-final-v1,sha256:e6a06faed51f4ea9d810727b1ea3911d1b8a4fb2958afda0cd601ccaed306d7a,sigmetrics-planner-calibration-final-v1--aab349d02055855f,3205,lih_vqe,paper,noisy_sim,B5,4,2,no_change,sha256:2e15ce4f3e10f612ea1cac589fb4ca9508edfccd80e700e97673734d9f14bfe1-failure,sha256:43149e9319941429ed71f30d637310f755ae98c8df06138d0b60b02f72938da1,sha256:0e7343b47d003afe2860e33d67399c12f7ed84b7f18c3a5e0d48aae47fda9990,sha256:c47932d509f62acb75888b4e18d00ff3fb54f3468768cff7bf362cbd2dcdb2a5,sha256:93645afc11d21a62a3618e4aeb6358acdc4b9cda6d343059d208cb50f401ef83,ibm_kyiv,ibm_kyiv,replay,replay:ibm_kyiv,ibm_kyiv,ibm_kyiv->ibm_kyiv,True,,1,1,0.0,0.0,controlled scenario descriptor,0.0,0.0,derived recovery-time saved/current backend evidence,0,derived recovery-time saved/current backend identity,1,controlled scenario environment,0.0,0.0,0.0,0.0,0.0,True,True,cf-5bc321b077c6f5db7491,0.0,0.0,0.0,True,True,True,1,1,1,0,6144,168,noisy_sim,9,4,5120,4,0,0.5,4,4,0.09610568275234588,0.6356132619782277,0.07833923028080145,0.4339084564768984,20,0.085,1,qubit_wise_commuting,8,12288,1536.0,1536,20,0,40,5,entangling_ry_rz_brickwork,2.0232081214900655,0.669921875,0.0016,0.0105,0.018,0.0016,0.0105,0.018,0.0,0.0,0.0,1.0,1.0,replay,ibm_kyiv,0.0
sha256:30945dd6ebabffb11291f07cb58c638e5e52f3cad0aff0edeba4207d6c557b77,planner_calibration_3201_3208,planner_calibration,sigmetrics-planner-calibration-final-v1,sha256:e6a06faed51f4ea9d810727b1ea3911d1b8a4fb2958afda0cd601ccaed306d7a,sigmetrics-planner-calibration-final-v1--612f54bffa60607b,3205,h2_vqe,paper,noisy_sim,B5,4,2,high_change,sha256:30945dd6ebabffb11291f07cb58c638e5e52f3cad0aff0edeba4207d6c557b77-failure,sha256:df1d48ace5f75a4f8478d854974137f322b5709d4d24855b4636a0d3988a312b,sha256:2b6db34aacbffdb427c6a86493c0c97d7fa901154c9c190f56705a55a8d2a0ee,sha256:94e11cf4ea4c74d973b64129cefe2805f81a297533fc0020c3c844df147749e1,sha256:d2b045512f530228ab52dd23aa95c856bdcee85aa25e5dcd633d32177c5878c9,ibm_kyiv,ibm_brisbane,migrate,migrate:ibm_brisbane,ibm_brisbane,ibm_kyiv->ibm_brisbane,True,,1,1,6.0,1.0,controlled scenario descriptor,0.023860000000000006,0.7953333333333336,derived recovery-time saved/current backend evidence,1,derived recovery-time saved/current backend identity,1,controlled scenario environment,0.55,0.2783666666666667,0.1,0.0,0.9283666666666667,True,True,cf-7f6b7201f2c45c342e6e,0.0325808576913349,0.09589547830141416,0.042336960011258945,False,False,False,0,0,0,1,4992,104,noisy_sim,9,3,2976,4,0,0.42857142857142855,4,4,0.05718663583871364,0.36271255454705154,0.07397019557239506,0.25046852980843415,12,0.105,1,qubit_wise_commuting,7,8736,1248.0,1248,12,0,24,4,entangling_ry_rz_brickwork,1.0554526220034204,0.8461538461538461,0.0016,0.0105,0.018,0.00336,0.022400000000000003,0.038400000000000004,0.00176,0.011900000000000003,0.020400000000000005,1.0,1.0,migrate,ibm_brisbane,0.03406000000000001
sha256:30945dd6ebabffb11291f07cb58c638e5e52f3cad0aff0edeba4207d6c557b77,planner_calibration_3201_3208,planner_calibration,sigmetrics-planner-calibration-final-v1,sha256:e6a06faed51f4ea9d810727b1ea3911d1b8a4fb2958afda0cd601ccaed306d7a,sigmetrics-planner-calibration-final-v1--612f54bffa60607b,3205,h2_vqe,paper,noisy_sim,B5,4,2,high_change,sha256:30945dd6ebabffb11291f07cb58c638e5e52f3cad0aff0edeba4207d6c557b77-failure,sha256:df1d48ace5f75a4f8478d854974137f322b5709d4d24855b4636a0d3988a312b,sha256:2b6db34aacbffdb427c6a86493c0c97d7fa901154c9c190f56705a55a8d2a0ee,sha256:94e11cf4ea4c74d973b64129cefe2805f81a297533fc0020c3c844df147749e1,sha256:d2b045512f530228ab52dd23aa95c856bdcee85aa25e5dcd633d32177c5878c9,ibm_kyiv,ibm_kyiv,replay,replay:ibm_kyiv,ibm_kyiv,ibm_kyiv->ibm_kyiv,True,,1,1,8.0,1.0,controlled scenario descriptor,0.016,0.5333333333333333,derived recovery-time saved/current backend evidence,0,derived recovery-time saved/current backend identity,1,controlled scenario environment,0.55,0.18666666666666665,0.0,0.0,0.7366666666666667,True,True,cf-cd5224914bd6531aaedf,0.02342873348174601,0.06918851689083091,0.030285775375761995,False,False,False,0,0,0,1,4992,104,noisy_sim,9,3,2976,4,0,0.42857142857142855,4,4,0.05718663583871364,0.36271255454705154,0.07397019557239506,0.25046852980843415,12,0.105,1,qubit_wise_commuting,7,8736,1248.0,1248,12,0,24,4,entangling_ry_rz_brickwork,1.0554526220034204,0.8461538461538461,0.0016,0.0105,0.018,0.00288,0.0189,0.0324,0.00128,0.0084,0.0144,1.0,1.0,replay,ibm_kyiv,0.024079999999999997
sha256:3119f0f49aea9ba2875f781f31e1231caa4dca427706778ac027595f7874623b,planner_calibration_3201_3208,planner_calibration,sigmetrics-planner-calibration-final-v1,sha256:e6a06faed51f4ea9d810727b1ea3911d1b8a4fb2958afda0cd601ccaed306d7a,sigmetrics-planner-calibration-final-v1--2c9c91c18812c10a,3206,lih_vqe,paper,noisy_sim,B5,4,2,safe_change,sha256:3119f0f49aea9ba2875f781f31e1231caa4dca427706778ac027595f7874623b-failure,sha256:990ad63de66234fde5807db6229e09e19f82367fdec100d058218fafa46e8846,sha256:8aa9fd73acdbefb930184631c530ac1ad4750da95e7359345a133016be010a68,sha256:f153a653cabcc0d3e38fb1af8137fb44b49a89a01ef79eb6e01d15143d6b4d75,sha256:925769e028612d4c8e97f3b8b7a98af55d1844508756cbc906a580e05fa446d8,ibm_kyiv,ibm_kyiv,replay,replay:ibm_kyiv,ibm_kyiv,ibm_kyiv->ibm_kyiv,True,,1,1,0.1,0.02,controlled scenario descriptor,0.00020000000000000017,0.006666666666666672,derived recovery-time saved/current backend evidence,0,derived recovery-time saved/current backend identity,1,controlled scenario environment,0.011000000000000001,0.0023333333333333353,0.0,0.0,0.013333333333333336,True,True,cf-45a3dd93ee0c176fa8bd,0.00017081514204519976,0.0022557611864106025,0.0006917609440826446,True,True,True,1,1,1,0,6144,168,noisy_sim,9,4,5120,4,0,0.5,4,4,0.09803869690081335,0.6264946008411444,0.0692858631715381,0.4378132424175717,20,0.085,1,qubit_wise_commuting,8,12288,1536.0,1536,20,0,40,5,entangling_ry_rz_brickwork,1.785366245952716,0.7317708333333334,0.0016,0.0105,0.018,0.001616,0.010605000000000002,0.018179999999999998,1.5999999999999955e-05,0.00010500000000000093,0.0001799999999999996,1.0,1.0,replay,ibm_kyiv,0.0003010000000000005
sha256:3266fd00a01ced62bb940fbab9a9fb8f6f1d62628868ced63dabdba88e873afd,planner_calibration_3201_3208,planner_calibration,sigmetrics-planner-calibration-final-v1,sha256:e6a06faed51f4ea9d810727b1ea3911d1b8a4fb2958afda0cd601ccaed306d7a,sigmetrics-planner-calibration-final-v1--102c0d0d765deb30,3206,h2_vqe,paper,noisy_sim,B5,4,2,high_change,sha256:3266fd00a01ced62bb940fbab9a9fb8f6f1d62628868ced63dabdba88e873afd-failure,sha256:7c8927e2904bd085bfcfc57ac037bd77ddfecff4d4aa3d3ddf6649b40937c9da,sha256:2b6db34aacbffdb427c6a86493c0c97d7fa901154c9c190f56705a55a8d2a0ee,sha256:94e11cf4ea4c74d973b64129cefe2805f81a297533fc0020c3c844df147749e1,sha256:7808629ab6f7d10bab852963ecfe63d19575cac228b4c9b6eebb0ac71f8c80b7,ibm_kyiv,ibm_brisbane,migrate,migrate:ibm_brisbane,ibm_brisbane,ibm_kyiv->ibm_brisbane,True,,1,1,6.0,1.0,controlled scenario descriptor,0.023860000000000006,0.7953333333333336,derived recovery-time saved/current backend evidence,1,derived recovery-time saved/current backend identity,1,controlled scenario environment,0.55,0.2783666666666667,0.1,0.0,0.9283666666666667,True,True,cf-37a15bb33f8def0afaa8,0.03434756824009577,0.11773163545544343,0.042883078816198,False,False,False,0,0,0,1,4992,104,noisy_sim,9,3,2976,4,0,0.42857142857142855,4,4,0.027460155600799174,0.24638122786619204,0.043459222725931536,0.17536963560202462,12,0.105,1,qubit_wise_commuting,7,8736,1248.0,1248,12,0,24,4,entangling_ry_rz_brickwork,0.929523612042819,0.8693910256410257,0.0016,0.0105,0.018,0.00336,0.022400000000000003,0.038400000000000004,0.00176,0.011900000000000003,0.020400000000000005,1.0,1.0,migrate,ibm_brisbane,0.03406000000000001
sha256:3266fd00a01ced62bb940fbab9a9fb8f6f1d62628868ced63dabdba88e873afd,planner_calibration_3201_3208,planner_calibration,sigmetrics-planner-calibration-final-v1,sha256:e6a06faed51f4ea9d810727b1ea3911d1b8a4fb2958afda0cd601ccaed306d7a,sigmetrics-planner-calibration-final-v1--102c0d0d765deb30,3206,h2_vqe,paper,noisy_sim,B5,4,2,high_change,sha256:3266fd00a01ced62bb940fbab9a9fb8f6f1d62628868ced63dabdba88e873afd-failure,sha256:7c8927e2904bd085bfcfc57ac037bd77ddfecff4d4aa3d3ddf6649b40937c9da,sha256:2b6db34aacbffdb427c6a86493c0c97d7fa901154c9c190f56705a55a8d2a0ee,sha256:94e11cf4ea4c74d973b64129cefe2805f81a297533fc0020c3c844df147749e1,sha256:7808629ab6f7d10bab852963ecfe63d19575cac228b4c9b6eebb0ac71f8c80b7,ibm_kyiv,ibm_kyiv,replay,replay:ibm_kyiv,ibm_kyiv,ibm_kyiv->ibm_kyiv,True,,1,1,8.0,1.0,controlled scenario descriptor,0.016,0.5333333333333333,derived recovery-time saved/current backend evidence,0,derived recovery-time saved/current backend identity,1,controlled scenario environment,0.55,0.18666666666666665,0.0,0.0,0.7366666666666667,True,True,cf-95267b50a3e4f7bc8cd2,0.02468867100887362,0.09921126774593488,0.03067391865841747,False,False,False,0,0,0,1,4992,104,noisy_sim,9,3,2976,4,0,0.42857142857142855,4,4,0.027460155600799174,0.24638122786619204,0.043459222725931536,0.17536963560202462,12,0.105,1,qubit_wise_commuting,7,8736,1248.0,1248,12,0,24,4,entangling_ry_rz_brickwork,0.929523612042819,0.8693910256410257,0.0016,0.0105,0.018,0.00288,0.0189,0.0324,0.00128,0.0084,0.0144,1.0,1.0,replay,ibm_kyiv,0.024079999999999997
sha256:336a37c57be1be7c59fc497e22b258c6aaa5ccb3c82edfb02626b0fcf0e64b61,planner_calibration_3201_3208,planner_calibration,sigmetrics-planner-calibration-final-v1,sha256:e6a06faed51f4ea9d810727b1ea3911d1b8a4fb2958afda0cd601ccaed306d7a,sigmetrics-planner-calibration-final-v1--c70ecb166db14f3e,3202,adapt_vqe,paper,noisy_sim,B6,4,2,same_backend_delay,sha256:336a37c57be1be7c59fc497e22b258c6aaa5ccb3c82edfb02626b0fcf0e64b61-failure,sha256:dcee1566122899fd29cf5b135407505f5295a5f84623e82b78abbf1a79f8b99f,sha256:2b5d5606b48121c83beae64c1c7cabbafc8d4853980e515ebdce93987de444de,sha256:4192599e00839095ce28acc7a17164bae699a252dfbf7ea081f422a6f6b84515,sha256:47238d4002412b04153bee8faba17c3a04726f40a0841ca1cdd41a0fe01acb6c,ibm_kyiv,ibm_sherbrooke,migrate,migrate:ibm_sherbrooke,ibm_sherbrooke,ibm_kyiv->ibm_sherbrooke,True,,1,1,0.0,0.0,controlled scenario descriptor,0.0018999999999999998,0.06333333333333332,derived recovery-time saved/current backend evidence,1,derived recovery-time saved/current backend identity,1,controlled scenario environment,0.0,0.02216666666666666,0.1,0.0,0.12216666666666667,True,True,cf-097bf78d0b918422cc1c,0.0006823808196907422,0.008216704055385292,0.0013462329881524472,False,False,False,0,0,0,1,4352,56,noisy_sim,15,0,0,8,0,0.0,4,4,0.004140304883911483,0.14751543397508504,0.04480115796491776,0.10633948080277142,6,0.08,1,qubit_wise_commuting,8,8704,1088.0,1088,6,6,40,5,adapt_pauli_pool,0.7629243331199778,0.8961397058823529,0.0016,0.0105,0.018,0.0012,0.0095,0.017,0.0004000000000000002,0.0010000000000000009,0.0009999999999999974,1.0,1.0,migrate,ibm_sherbrooke,0.0023999999999999985
sha256:336a37c57be1be7c59fc497e22b258c6aaa5ccb3c82edfb02626b0fcf0e64b61,planner_calibration_3201_3208,planner_calibration,sigmetrics-planner-calibration-final-v1,sha256:e6a06faed51f4ea9d810727b1ea3911d1b8a4fb2958afda0cd601ccaed306d7a,sigmetrics-planner-calibration-final-v1--c70ecb166db14f3e,3202,adapt_vqe,paper,noisy_sim,B6,4,2,same_backend_delay,sha256:336a37c57be1be7c59fc497e22b258c6aaa5ccb3c82edfb02626b0fcf0e64b61-failure,sha256:dcee1566122899fd29cf5b135407505f5295a5f84623e82b78abbf1a79f8b99f,sha256:2b5d5606b48121c83beae64c1c7cabbafc8d4853980e515ebdce93987de444de,sha256:4192599e00839095ce28acc7a17164bae699a252dfbf7ea081f422a6f6b84515,sha256:47238d4002412b04153bee8faba17c3a04726f40a0841ca1cdd41a0fe01acb6c,ibm_kyiv,ibm_kyiv,replay,replay:ibm_kyiv,ibm_kyiv,ibm_kyiv->ibm_kyiv,True,,1,1,4.0,0.8,controlled scenario descriptor,0.007999999999999998,0.2666666666666666,derived recovery-time saved/current backend evidence,0,derived recovery-time saved/current backend identity,1,controlled scenario environment,0.44000000000000006,0.09333333333333331,0.0,0.0,0.5333333333333333,True,True,cf-f2da1755883a36568201,0.0023233373486384323,0.07299860642848445,0.0021509664977748828,False,False,False,0,0,0,1,4352,56,noisy_sim,15,0,0,8,0,0.0,4,4,0.004140304883911483,0.14751543397508504,0.04480115796491776,0.10633948080277142,6,0.08,1,qubit_wise_commuting,8,8704,1088.0,1088,6,6,40,5,adapt_pauli_pool,0.7629243331199778,0.8961397058823529,0.0016,0.0105,0.018,0.00224,0.0147,0.025199999999999997,0.0006399999999999997,0.004199999999999999,0.007199999999999998,1.0,1.0,replay,ibm_kyiv,0.012039999999999997
sha256:3568f7dca7a5aa8c7f33776c20f634e1bcd75b190aea1363a4d6c28b10e72392,planner_calibration_3201_3208,planner_calibration,sigmetrics-planner-calibration-final-v1,sha256:e6a06faed51f4ea9d810727b1ea3911d1b8a4fb2958afda0cd601ccaed306d7a,sigmetrics-planner-calibration-final-v1--02acabf95b2436ff,3204,qaoa_maxcut,paper,noisy_sim,B5,4,2,same_backend_delay,sha256:3568f7dca7a5aa8c7f33776c20f634e1bcd75b190aea1363a4d6c28b10e72392-failure,sha256:d89ce02ab41113bb9ed4e8c05cfa2030f64b954ffb17b20e4a24a670ee0bd93f,sha256:2b5d5606b48121c83beae64c1c7cabbafc8d4853980e515ebdce93987de444de,sha256:7c1d6d3b92b74eb9793f2e3d7476b13650919c35e6be30736522cf63625ecb00,sha256:56ead19b0b94e59537775f0968af59e2013dd732dd442f7901325517baef58e6,ibm_kyiv,ibm_sherbrooke,migrate,migrate:ibm_sherbrooke,ibm_sherbrooke,ibm_kyiv->ibm_sherbrooke,True,,1,1,0.0,0.0,controlled scenario descriptor,0.0018999999999999998,0.06333333333333332,derived recovery-time saved/current backend evidence,1,derived recovery-time saved/current backend identity,1,controlled scenario environment,0.0,0.02216666666666666,0.1,0.0,0.12216666666666667,True,True,cf-9b1a5c184e9ee14e781d,0.462536860613727,0.1296452875432795,1.3156471358171378,False,False,False,0,0,0,1,16512,40,noisy_sim,9,1,4128,0,0,1.0,4,4,3.493113654880361,13.408464414219573,4.5106097785406245,12.985167602880354,4,0.12,1,qubit_wise_commuting,1,4128,4128.0,4128,4,0,10,6,qaoa_maxcut,5.782781976964548,0.06346899224806202,0.0016,0.0105,0.018,0.0012,0.0095,0.017,0.0004000000000000002,0.0010000000000000009,0.0009999999999999974,1.0,1.0,migrate,ibm_sherbrooke,0.0023999999999999985
sha256:3568f7dca7a5aa8c7f33776c20f634e1bcd75b190aea1363a4d6c28b10e72392,planner_calibration_3201_3208,planner_calibration,sigmetrics-planner-calibration-final-v1,sha256:e6a06faed51f4ea9d810727b1ea3911d1b8a4fb2958afda0cd601ccaed306d7a,sigmetrics-planner-calibration-final-v1--02acabf95b2436ff,3204,qaoa_maxcut,paper,noisy_sim,B5,4,2,same_backend_delay,sha256:3568f7dca7a5aa8c7f33776c20f634e1bcd75b190aea1363a4d6c28b10e72392-failure,sha256:d89ce02ab41113bb9ed4e8c05cfa2030f64b954ffb17b20e4a24a670ee0bd93f,sha256:2b5d5606b48121c83beae64c1c7cabbafc8d4853980e515ebdce93987de444de,sha256:7c1d6d3b92b74eb9793f2e3d7476b13650919c35e6be30736522cf63625ecb00,sha256:56ead19b0b94e59537775f0968af59e2013dd732dd442f7901325517baef58e6,ibm_kyiv,ibm_kyiv,replay,replay:ibm_kyiv,ibm_kyiv,ibm_kyiv->ibm_kyiv,True,,1,1,4.0,0.8,controlled scenario descriptor,0.007999999999999998,0.2666666666666666,derived recovery-time saved/current backend evidence,0,derived recovery-time saved/current backend identity,1,controlled scenario environment,0.44000000000000006,0.09333333333333331,0.0,0.0,0.5333333333333333,True,True,cf-969d7d9a9462001caf7f,0.08406556118671471,0.10598042594454858,1.6432524753716393,False,False,False,0,0,0,1,16512,40,noisy_sim,9,1,4128,0,0,1.0,4,4,3.493113654880361,13.408464414219573,4.5106097785406245,12.985167602880354,4,0.12,1,qubit_wise_commuting,1,4128,4128.0,4128,4,0,10,6,qaoa_maxcut,5.782781976964548,0.06346899224806202,0.0016,0.0105,0.018,0.00224,0.0147,0.025199999999999997,0.0006399999999999997,0.004199999999999999,0.007199999999999998,1.0,1.0,replay,ibm_kyiv,0.012039999999999997
sha256:364f60e42d82ad341e99625c15a2e465952eb513e1b47761eeb39eda85a23617,planner_calibration_3201_3208,planner_calibration,sigmetrics-planner-calibration-final-v1,sha256:e6a06faed51f4ea9d810727b1ea3911d1b8a4fb2958afda0cd601ccaed306d7a,sigmetrics-planner-calibration-final-v1--007dac66dc3d65e3,3201,h2_vqe,paper,noisy_sim,B5,4,2,safe_change,sha256:364f60e42d82ad341e99625c15a2e465952eb513e1b47761eeb39eda85a23617-failure,sha256:c588eab4201e9d33de492485fac85d26be58122f99821ec35b5efffe8f300a9d,sha256:8aa9fd73acdbefb930184631c530ac1ad4750da95e7359345a133016be010a68,sha256:9c8d84160a37684a330c5e86489f096e08f5be515d75b7d3faace12218e4c75a,sha256:45ae93ec187ccc8941bcca700cd5d74131716de090bb00f3eb65008db927a220,ibm_kyiv,ibm_kyiv,replay,replay:ibm_kyiv,ibm_kyiv,ibm_kyiv->ibm_kyiv,True,,1,1,0.1,0.02,controlled scenario descriptor,0.00020000000000000017,0.006666666666666672,derived recovery-time saved/current backend evidence,0,derived recovery-time saved/current backend identity,1,controlled scenario environment,0.011000000000000001,0.0023333333333333353,0.0,0.0,0.013333333333333336,True,True,cf-2e201fc4d497fa92af19,0.0003070618803695524,0.002949203326669598,0.0003556798036323626,True,True,True,1,1,1,0,4992,104,noisy_sim,9,3,2976,4,0,0.42857142857142855,4,4,0.059197631063356626,0.35693250504074686,0.05943082158193482,0.3062226255313864,12,0.105,1,qubit_wise_commuting,7,8736,1248.0,1248,12,0,24,4,entangling_ry_rz_brickwork,1.1893771203948211,0.8197115384615384,0.0016,0.0105,0.018,0.001616,0.010605000000000002,0.018179999999999998,1.5999999999999955e-05,0.00010500000000000093,0.0001799999999999996,1.0,1.0,replay,ibm_kyiv,0.0003010000000000005
sha256:36d0331d9c9b163dca505eb3178f6212a760a43a5d2d7fa17692b414b652576c,planner_calibration_3201_3208,planner_calibration,sigmetrics-planner-calibration-final-v1,sha256:e6a06faed51f4ea9d810727b1ea3911d1b8a4fb2958afda0cd601ccaed306d7a,sigmetrics-planner-calibration-final-v1--f2865f2da344aa3b,3204,adapt_vqe,paper,noisy_sim,B6,4,2,no_change,sha256:36d0331d9c9b163dca505eb3178f6212a760a43a5d2d7fa17692b414b652576c-failure,sha256:847e22432e819d5965594ed805f9254ebd64adba6ebfbf03bddc338e0e516099,sha256:0e7343b47d003afe2860e33d67399c12f7ed84b7f18c3a5e0d48aae47fda9990,sha256:966a7ca5de68231d7aa886c2f276bb727c01663a4e7b6881b3414a2b6ebdaea9,sha256:a2bcce4064e2e80a3775968ee9c6147cc14fedbab7cd8ee451d82c3ef2a7964d,ibm_kyiv,ibm_kyiv,replay,replay:ibm_kyiv,ibm_kyiv,ibm_kyiv->ibm_kyiv,True,,1,1,0.0,0.0,controlled scenario descriptor,0.0,0.0,derived recovery-time saved/current backend evidence,0,derived recovery-time saved/current backend identity,1,controlled scenario environment,0.0,0.0,0.0,0.0,0.0,True,True,cf-1d7e5a0f874359d1d2ed,0.0,0.0,0.0,True,True,True,1,1,1,0,4352,56,noisy_sim,15,0,0,8,0,0.0,4,4,0.00721281844689603,0.20100657412148223,0.05752096359508294,0.15521090297192014,6,0.08,1,qubit_wise_commuting,8,8704,1088.0,1088,6,6,40,5,adapt_pauli_pool,0.6933511506975439,0.9025735294117647,0.0016,0.0105,0.018,0.0016,0.0105,0.018,0.0,0.0,0.0,1.0,1.0,replay,ibm_kyiv,0.0
sha256:37057f783e504a61b0a9a2fae666355609024cf190ba0b8282eba6debbda0347,planner_calibration_3201_3208,planner_calibration,sigmetrics-planner-calibration-final-v1,sha256:e6a06faed51f4ea9d810727b1ea3911d1b8a4fb2958afda0cd601ccaed306d7a,sigmetrics-planner-calibration-final-v1--447d43953a818b37,3204,adapt_vqe,paper,noisy_sim,B6,4,2,same_backend_delay,sha256:37057f783e504a61b0a9a2fae666355609024cf190ba0b8282eba6debbda0347-failure,sha256:847e22432e819d5965594ed805f9254ebd64adba6ebfbf03bddc338e0e516099,sha256:2b5d5606b48121c83beae64c1c7cabbafc8d4853980e515ebdce93987de444de,sha256:4192599e00839095ce28acc7a17164bae699a252dfbf7ea081f422a6f6b84515,sha256:aaddbe84f3ede6a3b03e4d1c59b569b18971c109d8bbf423b179a4b1847c8be6,ibm_kyiv,ibm_sherbrooke,migrate,migrate:ibm_sherbrooke,ibm_sherbrooke,ibm_kyiv->ibm_sherbrooke,True,,1,1,0.0,0.0,controlled scenario descriptor,0.0018999999999999998,0.06333333333333332,derived recovery-time saved/current backend evidence,1,derived recovery-time saved/current backend identity,1,controlled scenario environment,0.0,0.02216666666666666,0.1,0.0,0.12216666666666667,True,True,cf-55ccd75d808e1edd5f7d,0.000648958322410742,0.042873764126801946,0.0013335395498341432,False,False,False,0,0,0,1,4352,56,noisy_sim,15,0,0,8,0,0.0,4,4,0.00721281844689603,0.20100657412148223,0.05752096359508294,0.15521090297192014,6,0.08,1,qubit_wise_commuting,8,8704,1088.0,1088,6,6,40,5,adapt_pauli_pool,0.6933511506975439,0.9025735294117647,0.0016,0.0105,0.018,0.0012,0.0095,0.017,0.0004000000000000002,0.0010000000000000009,0.0009999999999999974,1.0,1.0,migrate,ibm_sherbrooke,0.0023999999999999985
sha256:37057f783e504a61b0a9a2fae666355609024cf190ba0b8282eba6debbda0347,planner_calibration_3201_3208,planner_calibration,sigmetrics-planner-calibration-final-v1,sha256:e6a06faed51f4ea9d810727b1ea3911d1b8a4fb2958afda0cd601ccaed306d7a,sigmetrics-planner-calibration-final-v1--447d43953a818b37,3204,adapt_vqe,paper,noisy_sim,B6,4,2,same_backend_delay,sha256:37057f783e504a61b0a9a2fae666355609024cf190ba0b8282eba6debbda0347-failure,sha256:847e22432e819d5965594ed805f9254ebd64adba6ebfbf03bddc338e0e516099,sha256:2b5d5606b48121c83beae64c1c7cabbafc8d4853980e515ebdce93987de444de,sha256:4192599e00839095ce28acc7a17164bae699a252dfbf7ea081f422a6f6b84515,sha256:aaddbe84f3ede6a3b03e4d1c59b569b18971c109d8bbf423b179a4b1847c8be6,ibm_kyiv,ibm_kyiv,replay,replay:ibm_kyiv,ibm_kyiv,ibm_kyiv->ibm_kyiv,True,,1,1,4.0,0.8,controlled scenario descriptor,0.007999999999999998,0.2666666666666666,derived recovery-time saved/current backend evidence,0,derived recovery-time saved/current backend identity,1,controlled scenario environment,0.44000000000000006,0.09333333333333331,0.0,0.0,0.5333333333333333,True,True,cf-41be74495884a912f2cf,0.0022699351941239954,0.05645455279135656,0.0021309382712653524,False,False,False,0,0,0,1,4352,56,noisy_sim,15,0,0,8,0,0.0,4,4,0.00721281844689603,0.20100657412148223,0.05752096359508294,0.15521090297192014,6,0.08,1,qubit_wise_commuting,8,8704,1088.0,1088,6,6,40,5,adapt_pauli_pool,0.6933511506975439,0.9025735294117647,0.0016,0.0105,0.018,0.00224,0.0147,0.025199999999999997,0.0006399999999999997,0.004199999999999999,0.007199999999999998,1.0,1.0,replay,ibm_kyiv,0.012039999999999997
sha256:3802680cd8bff34d9b135da880cd23e6090b71adb844c1593ea03e1045512883,planner_calibration_3201_3208,planner_calibration,sigmetrics-planner-calibration-final-v1,sha256:e6a06faed51f4ea9d810727b1ea3911d1b8a4fb2958afda0cd601ccaed306d7a,sigmetrics-planner-calibration-final-v1--03d72ce828102ef6,3201,h2_vqe,paper,noisy_sim,B5,4,2,same_backend_delay,sha256:3802680cd8bff34d9b135da880cd23e6090b71adb844c1593ea03e1045512883-failure,sha256:c588eab4201e9d33de492485fac85d26be58122f99821ec35b5efffe8f300a9d,sha256:2b5d5606b48121c83beae64c1c7cabbafc8d4853980e515ebdce93987de444de,sha256:6b97ad82624cbf5bb09be560aa6bb9d630db90477bce3a53713c959f84ab3cbb,sha256:4c6f761139bc40745baf6bece150d30c04292dc7f0c962946592c56a515c8194,ibm_kyiv,ibm_sherbrooke,migrate,migrate:ibm_sherbrooke,ibm_sherbrooke,ibm_kyiv->ibm_sherbrooke,True,,1,1,0.0,0.0,controlled scenario descriptor,0.0018999999999999998,0.06333333333333332,derived recovery-time saved/current backend evidence,1,derived recovery-time saved/current backend identity,1,controlled scenario environment,0.0,0.02216666666666666,0.1,0.0,0.12216666666666667,True,True,cf-eb359395968e4f6ea833,0.0050070132146493584,0.03356500381578809,0.00534275058017376,False,False,False,0,0,0,1,4992,104,noisy_sim,9,3,2976,4,0,0.42857142857142855,4,4,0.059197631063356626,0.35693250504074686,0.05943082158193482,0.3062226255313864,12,0.105,1,qubit_wise_commuting,7,8736,1248.0,1248,12,0,24,4,entangling_ry_rz_brickwork,1.1893771203948211,0.8197115384615384,0.0016,0.0105,0.018,0.0012,0.0095,0.017,0.0004000000000000002,0.0010000000000000009,0.0009999999999999974,1.0,1.0,migrate,ibm_sherbrooke,0.0023999999999999985
sha256:3802680cd8bff34d9b135da880cd23e6090b71adb844c1593ea03e1045512883,planner_calibration_3201_3208,planner_calibration,sigmetrics-planner-calibration-final-v1,sha256:e6a06faed51f4ea9d810727b1ea3911d1b8a4fb2958afda0cd601ccaed306d7a,sigmetrics-planner-calibration-final-v1--03d72ce828102ef6,3201,h2_vqe,paper,noisy_sim,B5,4,2,same_backend_delay,sha256:3802680cd8bff34d9b135da880cd23e6090b71adb844c1593ea03e1045512883-failure,sha256:c588eab4201e9d33de492485fac85d26be58122f99821ec35b5efffe8f300a9d,sha256:2b5d5606b48121c83beae64c1c7cabbafc8d4853980e515ebdce93987de444de,sha256:6b97ad82624cbf5bb09be560aa6bb9d630db90477bce3a53713c959f84ab3cbb,sha256:4c6f761139bc40745baf6bece150d30c04292dc7f0c962946592c56a515c8194,ibm_kyiv,ibm_kyiv,replay,replay:ibm_kyiv,ibm_kyiv,ibm_kyiv->ibm_kyiv,True,,1,1,4.0,0.8,controlled scenario descriptor,0.007999999999999998,0.2666666666666666,derived recovery-time saved/current backend evidence,0,derived recovery-time saved/current backend identity,1,controlled scenario environment,0.44000000000000006,0.09333333333333331,0.0,0.0,0.5333333333333333,True,True,cf-5c9d04a554b577c19138,0.01218718633272009,0.06077959469659953,0.01416727535356415,False,False,False,0,0,0,1,4992,104,noisy_sim,9,3,2976,4,0,0.42857142857142855,4,4,0.059197631063356626,0.35693250504074686,0.05943082158193482,0.3062226255313864,12,0.105,1,qubit_wise_commuting,7,8736,1248.0,1248,12,0,24,4,entangling_ry_rz_brickwork,1.1893771203948211,0.8197115384615384,0.0016,0.0105,0.018,0.00224,0.0147,0.025199999999999997,0.0006399999999999997,0.004199999999999999,0.007199999999999998,1.0,1.0,replay,ibm_kyiv,0.012039999999999997
sha256:3acecf52e6bece4657e53c589494fc7a79f8e94cbe6ffae09b165a0df6c9d97c,planner_calibration_3201_3208,planner_calibration,sigmetrics-planner-calibration-final-v1,sha256:e6a06faed51f4ea9d810727b1ea3911d1b8a4fb2958afda0cd601ccaed306d7a,sigmetrics-planner-calibration-final-v1--b770b9851fc80160,3207,lih_vqe,paper,noisy_sim,B5,4,2,safe_change,sha256:3acecf52e6bece4657e53c589494fc7a79f8e94cbe6ffae09b165a0df6c9d97c-failure,sha256:28c8ea428fea21f1b41530db56f8e043597dfd61c230af798406433aca22a331,sha256:8aa9fd73acdbefb930184631c530ac1ad4750da95e7359345a133016be010a68,sha256:f153a653cabcc0d3e38fb1af8137fb44b49a89a01ef79eb6e01d15143d6b4d75,sha256:9ed7804049e7095a3c29b67896f88b0d42b6d1c432b8005a2b541aa7c9bd5136,ibm_kyiv,ibm_kyiv,replay,replay:ibm_kyiv,ibm_kyiv,ibm_kyiv->ibm_kyiv,True,,1,1,0.1,0.02,controlled scenario descriptor,0.00020000000000000017,0.006666666666666672,derived recovery-time saved/current backend evidence,0,derived recovery-time saved/current backend identity,1,controlled scenario environment,0.011000000000000001,0.0023333333333333353,0.0,0.0,0.013333333333333336,True,True,cf-d5b2ef72eb997170cc79,8.259481908989841e-05,0.0025343058395872137,0.000720047830235502,True,True,True,1,1,1,0,6144,168,noisy_sim,9,4,5120,4,0,0.5,4,4,0.07945046398903077,0.6023106832048946,0.07254746524202499,0.3889754678576354,20,0.085,1,qubit_wise_commuting,8,12288,1536.0,1536,20,0,40,5,entangling_ry_rz_brickwork,1.6065989214985639,0.7630208333333334,0.0016,0.0105,0.018,0.001616,0.010605000000000002,0.018179999999999998,1.5999999999999955e-05,0.00010500000000000093,0.0001799999999999996,1.0,1.0,replay,ibm_kyiv,0.0003010000000000005
sha256:3ee9f23a8090cf9ee2f83654964f3a1a5662b69483bf8ca47ef499f2d9d4b195,planner_calibration_3201_3208,planner_calibration,sigmetrics-planner-calibration-final-v1,sha256:e6a06faed51f4ea9d810727b1ea3911d1b8a4fb2958afda0cd601ccaed306d7a,sigmetrics-planner-calibration-final-v1--cb36362e062db1d0,3201,h2_vqe,paper,noisy_sim,B5,4,2,no_change,sha256:3ee9f23a8090cf9ee2f83654964f3a1a5662b69483bf8ca47ef499f2d9d4b195-failure,sha256:c588eab4201e9d33de492485fac85d26be58122f99821ec35b5efffe8f300a9d,sha256:0e7343b47d003afe2860e33d67399c12f7ed84b7f18c3a5e0d48aae47fda9990,sha256:baa92c31b0f189ce526289e61ce9d7b1d153d2320fb0caa5de4cb9d39f4d0b0e,sha256:4be18504ce8526d21f45e99ecd6f64b3ce36edc4a345141a0f30d7f2082af328,ibm_kyiv,ibm_kyiv,replay,replay:ibm_kyiv,ibm_kyiv,ibm_kyiv->ibm_kyiv,True,,1,1,0.0,0.0,controlled scenario descriptor,0.0,0.0,derived recovery-time saved/current backend evidence,0,derived recovery-time saved/current backend identity,1,controlled scenario environment,0.0,0.0,0.0,0.0,0.0,True,True,cf-827e22762cc767fc2485,0.0,0.0,0.0,True,True,True,1,1,1,0,4992,104,noisy_sim,9,3,2976,4,0,0.42857142857142855,4,4,0.059197631063356626,0.35693250504074686,0.05943082158193482,0.3062226255313864,12,0.105,1,qubit_wise_commuting,7,8736,1248.0,1248,12,0,24,4,entangling_ry_rz_brickwork,1.1893771203948211,0.8197115384615384,0.0016,0.0105,0.018,0.0016,0.0105,0.018,0.0,0.0,0.0,1.0,1.0,replay,ibm_kyiv,0.0
sha256:3f0e32dc4134692624b9ed186041a91ce47002eb48cc67f949fd8ae2edc46918,planner_calibration_3201_3208,planner_calibration,sigmetrics-planner-calibration-final-v1,sha256:e6a06faed51f4ea9d810727b1ea3911d1b8a4fb2958afda0cd601ccaed306d7a,sigmetrics-planner-calibration-final-v1--a89327cd09f12475,3204,adapt_vqe,paper,noisy_sim,B6,4,2,high_change,sha256:3f0e32dc4134692624b9ed186041a91ce47002eb48cc67f949fd8ae2edc46918-failure,sha256:847e22432e819d5965594ed805f9254ebd64adba6ebfbf03bddc338e0e516099,sha256:2b6db34aacbffdb427c6a86493c0c97d7fa901154c9c190f56705a55a8d2a0ee,sha256:5638933935310f53de435b896d93a854a8a1570c3f790dd2bfcb667e0256c9de,sha256:98bdab2ccba3e55352c3abc37468c0f15f110cfb3cb239dee612a620d876ead2,ibm_kyiv,ibm_brisbane,migrate,migrate:ibm_brisbane,ibm_brisbane,ibm_kyiv->ibm_brisbane,True,,1,1,6.0,1.0,controlled scenario descriptor,0.023860000000000006,0.7953333333333336,derived recovery-time saved/current backend evidence,1,derived recovery-time saved/current backend identity,1,controlled scenario environment,0.55,0.2783666666666667,0.1,0.0,0.9283666666666667,True,True,cf-d81ebc6fc89bbf2bee84,0.006373140827188095,0.10822110503335193,0.005852022694511277,False,False,False,0,0,0,1,4352,56,noisy_sim,15,0,0,8,0,0.0,4,4,0.00721281844689603,0.20100657412148223,0.05752096359508294,0.15521090297192014,6,0.08,1,qubit_wise_commuting,8,8704,1088.0,1088,6,6,40,5,adapt_pauli_pool,0.6933511506975439,0.9025735294117647,0.0016,0.0105,0.018,0.00336,0.022400000000000003,0.038400000000000004,0.00176,0.011900000000000003,0.020400000000000005,1.0,1.0,migrate,ibm_brisbane,0.03406000000000001
sha256:3f0e32dc4134692624b9ed186041a91ce47002eb48cc67f949fd8ae2edc46918,planner_calibration_3201_3208,planner_calibration,sigmetrics-planner-calibration-final-v1,sha256:e6a06faed51f4ea9d810727b1ea3911d1b8a4fb2958afda0cd601ccaed306d7a,sigmetrics-planner-calibration-final-v1--a89327cd09f12475,3204,adapt_vqe,paper,noisy_sim,B6,4,2,high_change,sha256:3f0e32dc4134692624b9ed186041a91ce47002eb48cc67f949fd8ae2edc46918-failure,sha256:847e22432e819d5965594ed805f9254ebd64adba6ebfbf03bddc338e0e516099,sha256:2b6db34aacbffdb427c6a86493c0c97d7fa901154c9c190f56705a55a8d2a0ee,sha256:5638933935310f53de435b896d93a854a8a1570c3f790dd2bfcb667e0256c9de,sha256:98bdab2ccba3e55352c3abc37468c0f15f110cfb3cb239dee612a620d876ead2,ibm_kyiv,ibm_kyiv,replay,replay:ibm_kyiv,ibm_kyiv,ibm_kyiv->ibm_kyiv,True,,1,1,8.0,1.0,controlled scenario descriptor,0.016,0.5333333333333333,derived recovery-time saved/current backend evidence,0,derived recovery-time saved/current backend identity,1,controlled scenario environment,0.55,0.18666666666666665,0.0,0.0,0.7366666666666667,True,True,cf-9b564f9f7e4880f10314,0.004539379776666408,0.08579919754840827,0.004258526781397006,False,False,False,0,0,0,1,4352,56,noisy_sim,15,0,0,8,0,0.0,4,4,0.00721281844689603,0.20100657412148223,0.05752096359508294,0.15521090297192014,6,0.08,1,qubit_wise_commuting,8,8704,1088.0,1088,6,6,40,5,adapt_pauli_pool,0.6933511506975439,0.9025735294117647,0.0016,0.0105,0.018,0.00288,0.0189,0.0324,0.00128,0.0084,0.0144,1.0,1.0,replay,ibm_kyiv,0.024079999999999997
sha256:3fb433899aa1faab13b47779f73a88d901c6611069a81708ef373a4e3e10995e,planner_calibration_3201_3208,planner_calibration,sigmetrics-planner-calibration-final-v1,sha256:e6a06faed51f4ea9d810727b1ea3911d1b8a4fb2958afda0cd601ccaed306d7a,sigmetrics-planner-calibration-final-v1--992ac339905f0493,3203,h2_vqe,paper,noisy_sim,B5,4,2,safe_change,sha256:3fb433899aa1faab13b47779f73a88d901c6611069a81708ef373a4e3e10995e-failure,sha256:2b6effc368a2c7de9dda1b9c84f04de3356dc40f9fe35a66e25d1b5d12eb11ec,sha256:8aa9fd73acdbefb930184631c530ac1ad4750da95e7359345a133016be010a68,sha256:9c8d84160a37684a330c5e86489f096e08f5be515d75b7d3faace12218e4c75a,sha256:47180f48e168fea4aed570792149a79f22d1b89456b31ecfe177093bda0b8789,ibm_kyiv,ibm_kyiv,replay,replay:ibm_kyiv,ibm_kyiv,ibm_kyiv->ibm_kyiv,True,,1,1,0.1,0.02,controlled scenario descriptor,0.00020000000000000017,0.006666666666666672,derived recovery-time saved/current backend evidence,0,derived recovery-time saved/current backend identity,1,controlled scenario environment,0.011000000000000001,0.0023333333333333353,0.0,0.0,0.013333333333333336,True,True,cf-5f4d6b988a002846b1d1,0.0002573594139128055,0.020189919944352774,0.0004279927361644902,True,True,True,1,1,1,0,4992,104,noisy_sim,9,3,2976,4,0,0.42857142857142855,4,4,0.06911634802839095,0.43997478302889087,0.07412382582966578,0.37981874393460374,12,0.105,1,qubit_wise_commuting,7,8736,1248.0,1248,12,0,24,4,entangling_ry_rz_brickwork,1.6650917155927296,0.7267628205128205,0.0016,0.0105,0.018,0.001616,0.010605000000000002,0.018179999999999998,1.5999999999999955e-05,0.00010500000000000093,0.0001799999999999996,1.0,1.0,replay,ibm_kyiv,0.0003010000000000005
sha256:3ff131e86e0c588bd56529536e573cfc834b351efd78e4f28c3617b81096063e,planner_calibration_3201_3208,planner_calibration,sigmetrics-planner-calibration-final-v1,sha256:e6a06faed51f4ea9d810727b1ea3911d1b8a4fb2958afda0cd601ccaed306d7a,sigmetrics-planner-calibration-final-v1--70a2ea9f939a15e5,3208,adapt_vqe,paper,noisy_sim,B6,4,2,high_change,sha256:3ff131e86e0c588bd56529536e573cfc834b351efd78e4f28c3617b81096063e-failure,sha256:90426d03c5eb258970bb9640ac37ce07cacb48895e3b09466137721e96ae481f,sha256:2b6db34aacbffdb427c6a86493c0c97d7fa901154c9c190f56705a55a8d2a0ee,sha256:5638933935310f53de435b896d93a854a8a1570c3f790dd2bfcb667e0256c9de,sha256:219357825641f64768c7f23ce4d8636ec773a0ede65e34157f85307a950d862a,ibm_kyiv,ibm_brisbane,migrate,migrate:ibm_brisbane,ibm_brisbane,ibm_kyiv->ibm_brisbane,True,,1,1,6.0,1.0,controlled scenario descriptor,0.023860000000000006,0.7953333333333336,derived recovery-time saved/current backend evidence,1,derived recovery-time saved/current backend identity,1,controlled scenario environment,0.55,0.2783666666666667,0.1,0.0,0.9283666666666667,True,True,cf-a08254e23e58a06b2836,0.006470001529839564,0.12124074483196375,0.005835658158915157,False,False,False,0,0,0,1,4352,56,noisy_sim,15,0,0,8,0,0.0,4,4,0.0059893674777455885,0.17901115003067836,0.05389884841905185,0.13138230575925214,6,0.08,1,qubit_wise_commuting,8,8704,1088.0,1088,6,6,40,5,adapt_pauli_pool,0.8146388283903975,0.8851102941176471,0.0016,0.0105,0.018,0.00336,0.022400000000000003,0.038400000000000004,0.00176,0.011900000000000003,0.020400000000000005,1.0,1.0,migrate,ibm_brisbane,0.03406000000000001
sha256:3ff131e86e0c588bd56529536e573cfc834b351efd78e4f28c3617b81096063e,planner_calibration_3201_3208,planner_calibration,sigmetrics-planner-calibration-final-v1,sha256:e6a06faed51f4ea9d810727b1ea3911d1b8a4fb2958afda0cd601ccaed306d7a,sigmetrics-planner-calibration-final-v1--70a2ea9f939a15e5,3208,adapt_vqe,paper,noisy_sim,B6,4,2,high_change,sha256:3ff131e86e0c588bd56529536e573cfc834b351efd78e4f28c3617b81096063e-failure,sha256:90426d03c5eb258970bb9640ac37ce07cacb48895e3b09466137721e96ae481f,sha256:2b6db34aacbffdb427c6a86493c0c97d7fa901154c9c190f56705a55a8d2a0ee,sha256:5638933935310f53de435b896d93a854a8a1570c3f790dd2bfcb667e0256c9de,sha256:219357825641f64768c7f23ce4d8636ec773a0ede65e34157f85307a950d862a,ibm_kyiv,ibm_kyiv,replay,replay:ibm_kyiv,ibm_kyiv,ibm_kyiv->ibm_kyiv,True,,1,1,8.0,1.0,controlled scenario descriptor,0.016,0.5333333333333333,derived recovery-time saved/current backend evidence,0,derived recovery-time saved/current backend identity,1,controlled scenario environment,0.55,0.18666666666666665,0.0,0.0,0.7366666666666667,True,True,cf-a7cfe9e1cd006c109883,0.004609876555554671,0.0924974507473995,0.004246591043362029,False,False,False,0,0,0,1,4352,56,noisy_sim,15,0,0,8,0,0.0,4,4,0.0059893674777455885,0.17901115003067836,0.05389884841905185,0.13138230575925214,6,0.08,1,qubit_wise_commuting,8,8704,1088.0,1088,6,6,40,5,adapt_pauli_pool,0.8146388283903975,0.8851102941176471,0.0016,0.0105,0.018,0.00288,0.0189,0.0324,0.00128,0.0084,0.0144,1.0,1.0,replay,ibm_kyiv,0.024079999999999997
sha256:438246be617bf7d8503e60d872cb51d91118113646c0290cdd54c91f08438886,planner_calibration_3201_3208,planner_calibration,sigmetrics-planner-calibration-final-v1,sha256:e6a06faed51f4ea9d810727b1ea3911d1b8a4fb2958afda0cd601ccaed306d7a,sigmetrics-planner-calibration-final-v1--62be08274cb9d4da,3203,qaoa_maxcut,paper,noisy_sim,B5,4,2,no_change,sha256:438246be617bf7d8503e60d872cb51d91118113646c0290cdd54c91f08438886-failure,sha256:92df84f421dd69a4cbd7d0b1a61f59b3c2df26506445f3c026dce703e321a424,sha256:0e7343b47d003afe2860e33d67399c12f7ed84b7f18c3a5e0d48aae47fda9990,sha256:beaa270a390816fadd39bf6e4cf2cb1d92f7bf84678ac415bf7f191142ad2044,sha256:5993b543968a34fce3ef1e5d559e73de9e53d049298bdaea7906d50e40c9303e,ibm_kyiv,ibm_kyiv,replay,replay:ibm_kyiv,ibm_kyiv,ibm_kyiv->ibm_kyiv,True,,1,1,0.0,0.0,controlled scenario descriptor,0.0,0.0,derived recovery-time saved/current backend evidence,0,derived recovery-time saved/current backend identity,1,controlled scenario environment,0.0,0.0,0.0,0.0,0.0,True,True,cf-3f6d81c0899a84273937,0.0,0.0,0.0,True,True,True,1,1,1,0,16512,40,noisy_sim,9,1,4128,0,0,1.0,4,4,1.8081763486851266,9.038881090601759,3.4600443825110014,7.393692996354743,4,0.12,1,qubit_wise_commuting,1,4128,4128.0,4128,4,0,10,6,qaoa_maxcut,5.4523471208138155,0.12257751937984496,0.0016,0.0105,0.018,0.0016,0.0105,0.018,0.0,0.0,0.0,1.0,1.0,replay,ibm_kyiv,0.0
sha256:447237049f5fd5035e1bc2d743f9b6dbb31b1d0b966d4cc0514a46ab9ed8d47d,planner_calibration_3201_3208,planner_calibration,sigmetrics-planner-calibration-final-v1,sha256:e6a06faed51f4ea9d810727b1ea3911d1b8a4fb2958afda0cd601ccaed306d7a,sigmetrics-planner-calibration-final-v1--d97de1b6eeb3a546,3205,lih_vqe,paper,noisy_sim,B5,4,2,cross_backend,sha256:447237049f5fd5035e1bc2d743f9b6dbb31b1d0b966d4cc0514a46ab9ed8d47d-failure,sha256:43149e9319941429ed71f30d637310f755ae98c8df06138d0b60b02f72938da1,sha256:3e961724e06d6d711a9338896a03f47484a702bab4903cdf8ef8771396da980d,sha256:90a6fc287341ee3482d2a787f7389b00e56a0ec391204063de2bd98be7b5816e,sha256:906633f495827b477ad21018e4029919556e645d347781d6b44c5541f006e815,ibm_kyiv,ibm_brisbane,migrate,migrate:ibm_brisbane,ibm_brisbane,ibm_kyiv->ibm_brisbane,True,,1,1,0.0,0.0,controlled scenario descriptor,0.007,0.23333333333333334,derived recovery-time saved/current backend evidence,1,derived recovery-time saved/current backend identity,1,controlled scenario environment,0.0,0.08166666666666667,0.1,0.0,0.18166666666666667,True,True,cf-54d15ef2a9510e23cd40,0.002613760459548864,0.05696306952869452,0.02362086560716176,False,False,False,0,0,0,1,6144,168,noisy_sim,9,4,5120,4,0,0.5,4,4,0.09610568275234588,0.6356132619782277,0.07833923028080145,0.4339084564768984,20,0.085,1,qubit_wise_commuting,8,12288,1536.0,1536,20,0,40,5,entangling_ry_rz_brickwork,2.0232081214900655,0.669921875,0.0016,0.0105,0.018,0.0021,0.014,0.024,0.0004999999999999998,0.0034999999999999996,0.006000000000000002,1.0,1.0,migrate,ibm_brisbane,0.010000000000000002
sha256:447237049f5fd5035e1bc2d743f9b6dbb31b1d0b966d4cc0514a46ab9ed8d47d,planner_calibration_3201_3208,planner_calibration,sigmetrics-planner-calibration-final-v1,sha256:e6a06faed51f4ea9d810727b1ea3911d1b8a4fb2958afda0cd601ccaed306d7a,sigmetrics-planner-calibration-final-v1--d97de1b6eeb3a546,3205,lih_vqe,paper,noisy_sim,B5,4,2,cross_backend,sha256:447237049f5fd5035e1bc2d743f9b6dbb31b1d0b966d4cc0514a46ab9ed8d47d-failure,sha256:43149e9319941429ed71f30d637310f755ae98c8df06138d0b60b02f72938da1,sha256:3e961724e06d6d711a9338896a03f47484a702bab4903cdf8ef8771396da980d,sha256:90a6fc287341ee3482d2a787f7389b00e56a0ec391204063de2bd98be7b5816e,sha256:906633f495827b477ad21018e4029919556e645d347781d6b44c5541f006e815,ibm_kyiv,ibm_sherbrooke,migrate,migrate:ibm_sherbrooke,ibm_sherbrooke,ibm_kyiv->ibm_sherbrooke,True,,1,1,0.0,0.0,controlled scenario descriptor,0.0018999999999999998,0.06333333333333332,derived recovery-time saved/current backend evidence,1,derived recovery-time saved/current backend identity,1,controlled scenario environment,0.0,0.02216666666666666,0.1,0.0,0.12216666666666667,True,True,cf-a640ac135bb258fec35f,0.00124102756405442,0.06325041810154493,0.01072060770585287,False,False,False,0,0,0,1,6144,168,noisy_sim,9,4,5120,4,0,0.5,4,4,0.09610568275234588,0.6356132619782277,0.07833923028080145,0.4339084564768984,20,0.085,1,qubit_wise_commuting,8,12288,1536.0,1536,20,0,40,5,entangling_ry_rz_brickwork,2.0232081214900655,0.669921875,0.0016,0.0105,0.018,0.0012,0.0095,0.017,0.0004000000000000002,0.0010000000000000009,0.0009999999999999974,1.0,1.0,migrate,ibm_sherbrooke,0.0023999999999999985
sha256:450659eaf50eb5d45c031db2d39e7995feb8ca235fc60a73b6c6129120cb5228,planner_calibration_3201_3208,planner_calibration,sigmetrics-planner-calibration-final-v1,sha256:e6a06faed51f4ea9d810727b1ea3911d1b8a4fb2958afda0cd601ccaed306d7a,sigmetrics-planner-calibration-final-v1--9b7033f8ca2579a6,3204,lih_vqe,paper,noisy_sim,B5,4,2,high_change,sha256:450659eaf50eb5d45c031db2d39e7995feb8ca235fc60a73b6c6129120cb5228-failure,sha256:488fb0c7a7581e16c295db15859e2e4a4749e28e2fcf257141ce765724459159,sha256:2b6db34aacbffdb427c6a86493c0c97d7fa901154c9c190f56705a55a8d2a0ee,sha256:5d8943b74edf54b19c3d0d4493eca8c11e5671bf89d76b8f3b4c56d6f9edfee2,sha256:e376e9f4bc9a5211f7c0b3eb037924359aefef6fcf7c663768c285c57f94fe32,ibm_kyiv,ibm_brisbane,migrate,migrate:ibm_brisbane,ibm_brisbane,ibm_kyiv->ibm_brisbane,True,,1,1,6.0,1.0,controlled scenario descriptor,0.023860000000000006,0.7953333333333336,derived recovery-time saved/current backend evidence,1,derived recovery-time saved/current backend identity,1,controlled scenario environment,0.55,0.2783666666666667,0.1,0.0,0.9283666666666667,True,True,cf-66391d959bdbbd9ee0a3,0.008821726302839394,0.12200611617789207,0.07317105224209391,False,False,False,0,0,0,1,5632,168,noisy_sim,9,4,4608,4,0,0.5,4,4,0.05596008991093093,0.49532302444160364,0.06003637581711087,0.33313320795337453,20,0.085,1,qubit_wise_commuting,8,11264,1408.0,1408,20,0,40,5,entangling_ry_rz_brickwork,1.510603338534905,0.7862215909090909,0.0016,0.0105,0.018,0.00336,0.022400000000000003,0.038400000000000004,0.00176,0.011900000000000003,0.020400000000000005,1.0,1.0,migrate,ibm_brisbane,0.03406000000000001
sha256:450659eaf50eb5d45c031db2d39e7995feb8ca235fc60a73b6c6129120cb5228,planner_calibration_3201_3208,planner_calibration,sigmetrics-planner-calibration-final-v1,sha256:e6a06faed51f4ea9d810727b1ea3911d1b8a4fb2958afda0cd601ccaed306d7a,sigmetrics-planner-calibration-final-v1--9b7033f8ca2579a6,3204,lih_vqe,paper,noisy_sim,B5,4,2,high_change,sha256:450659eaf50eb5d45c031db2d39e7995feb8ca235fc60a73b6c6129120cb5228-failure,sha256:488fb0c7a7581e16c295db15859e2e4a4749e28e2fcf257141ce765724459159,sha256:2b6db34aacbffdb427c6a86493c0c97d7fa901154c9c190f56705a55a8d2a0ee,sha256:5d8943b74edf54b19c3d0d4493eca8c11e5671bf89d76b8f3b4c56d6f9edfee2,sha256:e376e9f4bc9a5211f7c0b3eb037924359aefef6fcf7c663768c285c57f94fe32,ibm_kyiv,ibm_kyiv,replay,replay:ibm_kyiv,ibm_kyiv,ibm_kyiv->ibm_kyiv,True,,1,1,8.0,1.0,controlled scenario descriptor,0.016,0.5333333333333333,derived recovery-time saved/current backend evidence,0,derived recovery-time saved/current backend identity,1,controlled scenario environment,0.55,0.18666666666666665,0.0,0.0,0.7366666666666667,True,True,cf-51696f2ea54302aa4de8,0.006266197456544553,0.09547972954312384,0.05271805631897008,False,False,False,0,0,0,1,5632,168,noisy_sim,9,4,4608,4,0,0.5,4,4,0.05596008991093093,0.49532302444160364,0.06003637581711087,0.33313320795337453,20,0.085,1,qubit_wise_commuting,8,11264,1408.0,1408,20,0,40,5,entangling_ry_rz_brickwork,1.510603338534905,0.7862215909090909,0.0016,0.0105,0.018,0.00288,0.0189,0.0324,0.00128,0.0084,0.0144,1.0,1.0,replay,ibm_kyiv,0.024079999999999997
sha256:46013f2a6b7b73a37acc4d1d5ff8adedaa75160935d27ebd9ce8f014117940b8,planner_calibration_3201_3208,planner_calibration,sigmetrics-planner-calibration-final-v1,sha256:e6a06faed51f4ea9d810727b1ea3911d1b8a4fb2958afda0cd601ccaed306d7a,sigmetrics-planner-calibration-final-v1--269b1f87af9943fb,3203,lih_vqe,paper,noisy_sim,B5,4,2,same_backend_delay,sha256:46013f2a6b7b73a37acc4d1d5ff8adedaa75160935d27ebd9ce8f014117940b8-failure,sha256:94634ab07d9ad0da53a4da33633c9acdacdb66ad3eb3d3380b1f6d46cf210751,sha256:2b5d5606b48121c83beae64c1c7cabbafc8d4853980e515ebdce93987de444de,sha256:a34acccbf511b108775b8e967e3b18427ed7ef8b4253f5317c30df5592c85ab5,sha256:f2297be706b85fe83dec7fcded6127175f13f1e7f6b1d4d32cc0fbc469693fde,ibm_kyiv,ibm_sherbrooke,migrate,migrate:ibm_sherbrooke,ibm_sherbrooke,ibm_kyiv->ibm_sherbrooke,True,,1,1,0.0,0.0,controlled scenario descriptor,0.0018999999999999998,0.06333333333333332,derived recovery-time saved/current backend evidence,1,derived recovery-time saved/current backend identity,1,controlled scenario environment,0.0,0.02216666666666666,0.1,0.0,0.12216666666666667,True,True,cf-78c197cfd0199526e68c,0.001597353604258167,0.057517395239354445,0.010233983626346446,False,False,False,0,0,0,1,5632,168,noisy_sim,9,4,4608,4,0,0.5,4,4,0.07853312078771069,0.5578266783522711,0.06354446825745806,0.40790890005799857,20,0.085,1,qubit_wise_commuting,8,11264,1408.0,1408,20,0,40,5,entangling_ry_rz_brickwork,1.588774396741945,0.7691761363636364,0.0016,0.0105,0.018,0.0012,0.0095,0.017,0.0004000000000000002,0.0010000000000000009,0.0009999999999999974,1.0,1.0,migrate,ibm_sherbrooke,0.0023999999999999985
sha256:46013f2a6b7b73a37acc4d1d5ff8adedaa75160935d27ebd9ce8f014117940b8,planner_calibration_3201_3208,planner_calibration,sigmetrics-planner-calibration-final-v1,sha256:e6a06faed51f4ea9d810727b1ea3911d1b8a4fb2958afda0cd601ccaed306d7a,sigmetrics-planner-calibration-final-v1--269b1f87af9943fb,3203,lih_vqe,paper,noisy_sim,B5,4,2,same_backend_delay,sha256:46013f2a6b7b73a37acc4d1d5ff8adedaa75160935d27ebd9ce8f014117940b8-failure,sha256:94634ab07d9ad0da53a4da33633c9acdacdb66ad3eb3d3380b1f6d46cf210751,sha256:2b5d5606b48121c83beae64c1c7cabbafc8d4853980e515ebdce93987de444de,sha256:a34acccbf511b108775b8e967e3b18427ed7ef8b4253f5317c30df5592c85ab5,sha256:f2297be706b85fe83dec7fcded6127175f13f1e7f6b1d4d32cc0fbc469693fde,ibm_kyiv,ibm_kyiv,replay,replay:ibm_kyiv,ibm_kyiv,ibm_kyiv->ibm_kyiv,True,,1,1,4.0,0.8,controlled scenario descriptor,0.007999999999999998,0.2666666666666666,derived recovery-time saved/current backend evidence,0,derived recovery-time saved/current backend identity,1,controlled scenario environment,0.44000000000000006,0.09333333333333331,0.0,0.0,0.5333333333333333,True,True,cf-0b109c5a48e510cdaa89,0.004109573603545691,0.0735951996448986,0.027649590749195957,False,False,False,0,0,0,1,5632,168,noisy_sim,9,4,4608,4,0,0.5,4,4,0.07853312078771069,0.5578266783522711,0.06354446825745806,0.40790890005799857,20,0.085,1,qubit_wise_commuting,8,11264,1408.0,1408,20,0,40,5,entangling_ry_rz_brickwork,1.588774396741945,0.7691761363636364,0.0016,0.0105,0.018,0.00224,0.0147,0.025199999999999997,0.0006399999999999997,0.004199999999999999,0.007199999999999998,1.0,1.0,replay,ibm_kyiv,0.012039999999999997
sha256:464bd169410f2ff948d4cc9afa6c3d46594274bec6307d5082535a2985290b29,planner_calibration_3201_3208,planner_calibration,sigmetrics-planner-calibration-final-v1,sha256:e6a06faed51f4ea9d810727b1ea3911d1b8a4fb2958afda0cd601ccaed306d7a,sigmetrics-planner-calibration-final-v1--18df5248884ee15f,3201,adapt_vqe,paper,noisy_sim,B6,4,2,no_change,sha256:464bd169410f2ff948d4cc9afa6c3d46594274bec6307d5082535a2985290b29-failure,sha256:039d2485c374ecc6ba4ef4d9fa8483bd95feab7f92f7b56332040dcb33bb9524,sha256:0e7343b47d003afe2860e33d67399c12f7ed84b7f18c3a5e0d48aae47fda9990,sha256:966a7ca5de68231d7aa886c2f276bb727c01663a4e7b6881b3414a2b6ebdaea9,sha256:f213dce7f28ebf3551c5405b6fb549adfc67d0188c8d77f275ecb77872e88c4a,ibm_kyiv,ibm_kyiv,replay,replay:ibm_kyiv,ibm_kyiv,ibm_kyiv->ibm_kyiv,True,,1,1,0.0,0.0,controlled scenario descriptor,0.0,0.0,derived recovery-time saved/current backend evidence,0,derived recovery-time saved/current backend identity,1,controlled scenario environment,0.0,0.0,0.0,0.0,0.0,True,True,cf-46bb3f3b4c9b46ba2ee3,0.0,0.0,0.0,True,True,True,1,1,1,0,4352,56,noisy_sim,15,0,0,8,0,0.0,4,4,0.001310937038716986,0.07510355018238321,0.02454394749353581,0.04750439008695848,6,0.08,1,qubit_wise_commuting,8,8704,1088.0,1088,6,6,40,5,adapt_pauli_pool,0.6468211968321697,0.9136029411764706,0.0016,0.0105,0.018,0.0016,0.0105,0.018,0.0,0.0,0.0,1.0,1.0,replay,ibm_kyiv,0.0
sha256:46972b096523ff7d3e0240d8862fbcefb63d7a8f58eec4eea6f71f6358fc9f0b,planner_calibration_3201_3208,planner_calibration,sigmetrics-planner-calibration-final-v1,sha256:e6a06faed51f4ea9d810727b1ea3911d1b8a4fb2958afda0cd601ccaed306d7a,sigmetrics-planner-calibration-final-v1--4c3c9217a2b8a6f5,3203,adapt_vqe,paper,noisy_sim,B6,4,2,safe_change,sha256:46972b096523ff7d3e0240d8862fbcefb63d7a8f58eec4eea6f71f6358fc9f0b-failure,sha256:9cca70a1207b66c49f4c42bf8b9de08e7c0f27aa7532cd02046c7b55cbcb56d0,sha256:8aa9fd73acdbefb930184631c530ac1ad4750da95e7359345a133016be010a68,sha256:317388e5b80af87428f1e3602de3fe41a034feeaea8d9419e01d1d16750e21ef,sha256:24f81624a4e5a454327b14540cf1337c16c57e4a1a9f49d70aa4f68c52b04f6a,ibm_kyiv,ibm_kyiv,replay,replay:ibm_kyiv,ibm_kyiv,ibm_kyiv->ibm_kyiv,True,,1,1,0.1,0.02,controlled scenario descriptor,0.00020000000000000017,0.006666666666666672,derived recovery-time saved/current backend evidence,0,derived recovery-time saved/current backend identity,1,controlled scenario environment,0.011000000000000001,0.0023333333333333353,0.0,0.0,0.013333333333333336,True,True,cf-0929ee77994e8b24b649,5.738294059565163e-05,0.0022381557471674706,5.8349322176826294e-05,True,True,True,1,1,1,0,4352,56,noisy_sim,15,0,0,8,0,0.0,4,4,0.003957456788344693,0.150697732345674,0.04416878247154351,0.12498168775043124,6,0.08,1,qubit_wise_commuting,8,8704,1088.0,1088,6,6,40,5,adapt_pauli_pool,0.8241250997137269,0.8841911764705882,0.0016,0.0105,0.018,0.001616,0.010605000000000002,0.018179999999999998,1.5999999999999955e-05,0.00010500000000000093,0.0001799999999999996,1.0,1.0,replay,ibm_kyiv,0.0003010000000000005
sha256:48af3cbe88c0c393e86af18aa7049ef7fd599d66367b068e8c34f45a11194c04,planner_calibration_3201_3208,planner_calibration,sigmetrics-planner-calibration-final-v1,sha256:e6a06faed51f4ea9d810727b1ea3911d1b8a4fb2958afda0cd601ccaed306d7a,sigmetrics-planner-calibration-final-v1--8168c48de9b64cc3,3205,adapt_vqe,paper,noisy_sim,B6,4,2,same_backend_delay,sha256:48af3cbe88c0c393e86af18aa7049ef7fd599d66367b068e8c34f45a11194c04-failure,sha256:8001e7cc0d46b30bcd96a01b71b8b6d2d881a82df4a036566f89de8a2103e3da,sha256:2b5d5606b48121c83beae64c1c7cabbafc8d4853980e515ebdce93987de444de,sha256:4192599e00839095ce28acc7a17164bae699a252dfbf7ea081f422a6f6b84515,sha256:01d6a396f2fcbb60aedf18e4cbfb073a188e57c278150ee328139c390b14116f,ibm_kyiv,ibm_sherbrooke,migrate,migrate:ibm_sherbrooke,ibm_sherbrooke,ibm_kyiv->ibm_sherbrooke,True,,1,1,0.0,0.0,controlled scenario descriptor,0.0018999999999999998,0.06333333333333332,derived recovery-time saved/current backend evidence,1,derived recovery-time saved/current backend identity,1,controlled scenario environment,0.0,0.02216666666666666,0.1,0.0,0.12216666666666667,True,True,cf-7ed28b9287b2cfb1a1ec,0.0006583832600313144,0.022831822795890584,0.0013636525465075973,False,False,False,0,0,0,1,4352,56,noisy_sim,15,0,0,8,0,0.0,4,4,0.004644212893648358,0.16090488553445034,0.04682939668804547,0.1332737222981686,6,0.08,1,qubit_wise_commuting,8,8704,1088.0,1088,6,6,40,5,adapt_pauli_pool,0.8838815601789535,0.8704044117647058,0.0016,0.0105,0.018,0.0012,0.0095,0.017,0.0004000000000000002,0.0010000000000000009,0.0009999999999999974,1.0,1.0,migrate,ibm_sherbrooke,0.0023999999999999985
sha256:48af3cbe88c0c393e86af18aa7049ef7fd599d66367b068e8c34f45a11194c04,planner_calibration_3201_3208,planner_calibration,sigmetrics-planner-calibration-final-v1,sha256:e6a06faed51f4ea9d810727b1ea3911d1b8a4fb2958afda0cd601ccaed306d7a,sigmetrics-planner-calibration-final-v1--8168c48de9b64cc3,3205,adapt_vqe,paper,noisy_sim,B6,4,2,same_backend_delay,sha256:48af3cbe88c0c393e86af18aa7049ef7fd599d66367b068e8c34f45a11194c04-failure,sha256:8001e7cc0d46b30bcd96a01b71b8b6d2d881a82df4a036566f89de8a2103e3da,sha256:2b5d5606b48121c83beae64c1c7cabbafc8d4853980e515ebdce93987de444de,sha256:4192599e00839095ce28acc7a17164bae699a252dfbf7ea081f422a6f6b84515,sha256:01d6a396f2fcbb60aedf18e4cbfb073a188e57c278150ee328139c390b14116f,ibm_kyiv,ibm_kyiv,replay,replay:ibm_kyiv,ibm_kyiv,ibm_kyiv->ibm_kyiv,True,,1,1,4.0,0.8,controlled scenario descriptor,0.007999999999999998,0.2666666666666666,derived recovery-time saved/current backend evidence,0,derived recovery-time saved/current backend identity,1,controlled scenario environment,0.44000000000000006,0.09333333333333331,0.0,0.0,0.5333333333333333,True,True,cf-eeddeb59534070d62a04,0.0022849695075812804,0.06779881710504414,0.0021790327984418704,False,False,False,0,0,0,1,4352,56,noisy_sim,15,0,0,8,0,0.0,4,4,0.004644212893648358,0.16090488553445034,0.04682939668804547,0.1332737222981686,6,0.08,1,qubit_wise_commuting,8,8704,1088.0,1088,6,6,40,5,adapt_pauli_pool,0.8838815601789535,0.8704044117647058,0.0016,0.0105,0.018,0.00224,0.0147,0.025199999999999997,0.0006399999999999997,0.004199999999999999,0.007199999999999998,1.0,1.0,replay,ibm_kyiv,0.012039999999999997
sha256:4f99b688d8a77522f070a99e4d07e758ef58c20cc20505946f85f60960c2a601,planner_calibration_3201_3208,planner_calibration,sigmetrics-planner-calibration-final-v1,sha256:e6a06faed51f4ea9d810727b1ea3911d1b8a4fb2958afda0cd601ccaed306d7a,sigmetrics-planner-calibration-final-v1--e525fadac0babfda,3202,adapt_vqe,paper,noisy_sim,B6,4,2,safe_change,sha256:4f99b688d8a77522f070a99e4d07e758ef58c20cc20505946f85f60960c2a601-failure,sha256:dcee1566122899fd29cf5b135407505f5295a5f84623e82b78abbf1a79f8b99f,sha256:8aa9fd73acdbefb930184631c530ac1ad4750da95e7359345a133016be010a68,sha256:317388e5b80af87428f1e3602de3fe41a034feeaea8d9419e01d1d16750e21ef,sha256:ef18bdb199882e04f4ba41c9ea71b77dbe9de522f1133454259ab4742f694b9a,ibm_kyiv,ibm_kyiv,replay,replay:ibm_kyiv,ibm_kyiv,ibm_kyiv->ibm_kyiv,True,,1,1,0.1,0.02,controlled scenario descriptor,0.00020000000000000017,0.006666666666666672,derived recovery-time saved/current backend evidence,0,derived recovery-time saved/current backend identity,1,controlled scenario environment,0.011000000000000001,0.0023333333333333353,0.0,0.0,0.013333333333333336,True,True,cf-92bb00fafa13c60ed4e0,5.8090514656328196e-05,0.002585530991386615,5.381923984772347e-05,True,True,True,1,1,1,0,4352,56,noisy_sim,15,0,0,8,0,0.0,4,4,0.004140304883911483,0.14751543397508504,0.04480115796491776,0.10633948080277142,6,0.08,1,qubit_wise_commuting,8,8704,1088.0,1088,6,6,40,5,adapt_pauli_pool,0.7629243331199778,0.8961397058823529,0.0016,0.0105,0.018,0.001616,0.010605000000000002,0.018179999999999998,1.5999999999999955e-05,0.00010500000000000093,0.0001799999999999996,1.0,1.0,replay,ibm_kyiv,0.0003010000000000005
sha256:512c613563ef8861f5454abac8cc6ecfa0d3c780bfe5102e0178845cc37439bc,planner_calibration_3201_3208,planner_calibration,sigmetrics-planner-calibration-final-v1,sha256:e6a06faed51f4ea9d810727b1ea3911d1b8a4fb2958afda0cd601ccaed306d7a,sigmetrics-planner-calibration-final-v1--5b1aafcb05e726be,3202,lih_vqe,paper,noisy_sim,B5,4,2,high_change,sha256:512c613563ef8861f5454abac8cc6ecfa0d3c780bfe5102e0178845cc37439bc-failure,sha256:41a317b9d14b2548207e056c9f4f8cd5f7ef31e23fc97d03b717084ec21659e4,sha256:2b6db34aacbffdb427c6a86493c0c97d7fa901154c9c190f56705a55a8d2a0ee,sha256:5d8943b74edf54b19c3d0d4493eca8c11e5671bf89d76b8f3b4c56d6f9edfee2,sha256:ceef3addcd97dea6f4da5ea9a89bc382c6986aba962ac2d445a528964c60b6bf,ibm_kyiv,ibm_brisbane,migrate,migrate:ibm_brisbane,ibm_brisbane,ibm_kyiv->ibm_brisbane,True,,1,1,6.0,1.0,controlled scenario descriptor,0.023860000000000006,0.7953333333333336,derived recovery-time saved/current backend evidence,1,derived recovery-time saved/current backend identity,1,controlled scenario environment,0.55,0.2783666666666667,0.1,0.0,0.9283666666666667,True,True,cf-9f660f7a4eb7b46c11cb,0.0008544209095848743,0.130289661489827,0.07747291046175946,False,False,False,0,0,0,1,6144,168,noisy_sim,9,4,5120,4,0,0.5,4,4,0.08425072438902514,0.6282929598752568,0.07507462799275672,0.40606582382208206,20,0.085,1,qubit_wise_commuting,8,12288,1536.0,1536,20,0,40,5,entangling_ry_rz_brickwork,1.637598244017144,0.7623697916666666,0.0016,0.0105,0.018,0.00336,0.022400000000000003,0.038400000000000004,0.00176,0.011900000000000003,0.020400000000000005,1.0,1.0,migrate,ibm_brisbane,0.03406000000000001
sha256:512c613563ef8861f5454abac8cc6ecfa0d3c780bfe5102e0178845cc37439bc,planner_calibration_3201_3208,planner_calibration,sigmetrics-planner-calibration-final-v1,sha256:e6a06faed51f4ea9d810727b1ea3911d1b8a4fb2958afda0cd601ccaed306d7a,sigmetrics-planner-calibration-final-v1--5b1aafcb05e726be,3202,lih_vqe,paper,noisy_sim,B5,4,2,high_change,sha256:512c613563ef8861f5454abac8cc6ecfa0d3c780bfe5102e0178845cc37439bc-failure,sha256:41a317b9d14b2548207e056c9f4f8cd5f7ef31e23fc97d03b717084ec21659e4,sha256:2b6db34aacbffdb427c6a86493c0c97d7fa901154c9c190f56705a55a8d2a0ee,sha256:5d8943b74edf54b19c3d0d4493eca8c11e5671bf89d76b8f3b4c56d6f9edfee2,sha256:ceef3addcd97dea6f4da5ea9a89bc382c6986aba962ac2d445a528964c60b6bf,ibm_kyiv,ibm_kyiv,replay,replay:ibm_kyiv,ibm_kyiv,ibm_kyiv->ibm_kyiv,True,,1,1,8.0,1.0,controlled scenario descriptor,0.016,0.5333333333333333,derived recovery-time saved/current backend evidence,0,derived recovery-time saved/current backend identity,1,controlled scenario environment,0.55,0.18666666666666665,0.0,0.0,0.7366666666666667,True,True,cf-293ac6c552a0e5f7f688,0.0007626848609962877,0.11230468776660167,0.05586341300095615,False,False,False,0,0,0,1,6144,168,noisy_sim,9,4,5120,4,0,0.5,4,4,0.08425072438902514,0.6282929598752568,0.07507462799275672,0.40606582382208206,20,0.085,1,qubit_wise_commuting,8,12288,1536.0,1536,20,0,40,5,entangling_ry_rz_brickwork,1.637598244017144,0.7623697916666666,0.0016,0.0105,0.018,0.00288,0.0189,0.0324,0.00128,0.0084,0.0144,1.0,1.0,replay,ibm_kyiv,0.024079999999999997
sha256:548e44b0afa272e2502e73d76d7af337f364e1baba6963526da89fa6fc64693e,planner_calibration_3201_3208,planner_calibration,sigmetrics-planner-calibration-final-v1,sha256:e6a06faed51f4ea9d810727b1ea3911d1b8a4fb2958afda0cd601ccaed306d7a,sigmetrics-planner-calibration-final-v1--f444abe73ed1af9e,3208,adapt_vqe,paper,noisy_sim,B6,4,2,cross_backend,sha256:548e44b0afa272e2502e73d76d7af337f364e1baba6963526da89fa6fc64693e-failure,sha256:90426d03c5eb258970bb9640ac37ce07cacb48895e3b09466137721e96ae481f,sha256:3e961724e06d6d711a9338896a03f47484a702bab4903cdf8ef8771396da980d,sha256:d0f32e9d96569c4332b1ff1180ee97229e197978db70d9db9dea249da627b2b0,sha256:9b76d1d576bb4e20967314cd0e4f8225e351f6338f81591fa2c190f9d2dfed10,ibm_kyiv,ibm_brisbane,migrate,migrate:ibm_brisbane,ibm_brisbane,ibm_kyiv->ibm_brisbane,True,,1,1,0.0,0.0,controlled scenario descriptor,0.007,0.23333333333333334,derived recovery-time saved/current backend evidence,1,derived recovery-time saved/current backend identity,1,controlled scenario environment,0.0,0.08166666666666667,0.1,0.0,0.18166666666666667,True,True,cf-4d94ab8a73c1d7897fa1,0.0018835000159036497,0.07789761260913378,0.001660397616010842,False,False,False,0,0,0,1,4352,56,noisy_sim,15,0,0,8,0,0.0,4,4,0.0059893674777455885,0.17901115003067836,0.05389884841905185,0.13138230575925214,6,0.08,1,qubit_wise_commuting,8,8704,1088.0,1088,6,6,40,5,adapt_pauli_pool,0.8146388283903975,0.8851102941176471,0.0016,0.0105,0.018,0.0021,0.014,0.024,0.0004999999999999998,0.0034999999999999996,0.006000000000000002,1.0,1.0,migrate,ibm_brisbane,0.010000000000000002
sha256:548e44b0afa272e2502e73d76d7af337f364e1baba6963526da89fa6fc64693e,planner_calibration_3201_3208,planner_calibration,sigmetrics-planner-calibration-final-v1,sha256:e6a06faed51f4ea9d810727b1ea3911d1b8a4fb2958afda0cd601ccaed306d7a,sigmetrics-planner-calibration-final-v1--f444abe73ed1af9e,3208,adapt_vqe,paper,noisy_sim,B6,4,2,cross_backend,sha256:548e44b0afa272e2502e73d76d7af337f364e1baba6963526da89fa6fc64693e-failure,sha256:90426d03c5eb258970bb9640ac37ce07cacb48895e3b09466137721e96ae481f,sha256:3e961724e06d6d711a9338896a03f47484a702bab4903cdf8ef8771396da980d,sha256:d0f32e9d96569c4332b1ff1180ee97229e197978db70d9db9dea249da627b2b0,sha256:9b76d1d576bb4e20967314cd0e4f8225e351f6338f81591fa2c190f9d2dfed10,ibm_kyiv,ibm_sherbrooke,migrate,migrate:ibm_sherbrooke,ibm_sherbrooke,ibm_kyiv->ibm_sherbrooke,True,,1,1,0.0,0.0,controlled scenario descriptor,0.0018999999999999998,0.06333333333333332,derived recovery-time saved/current backend evidence,1,derived recovery-time saved/current backend identity,1,controlled scenario environment,0.0,0.02216666666666666,0.1,0.0,0.12216666666666667,True,True,cf-e00dc6536ab616c7c640,0.0006710462337267131,0.0065258298504415856,0.0013297716823450151,False,False,False,0,0,0,1,4352,56,noisy_sim,15,0,0,8,0,0.0,4,4,0.0059893674777455885,0.17901115003067836,0.05389884841905185,0.13138230575925214,6,0.08,1,qubit_wise_commuting,8,8704,1088.0,1088,6,6,40,5,adapt_pauli_pool,0.8146388283903975,0.8851102941176471,0.0016,0.0105,0.018,0.0012,0.0095,0.017,0.0004000000000000002,0.0010000000000000009,0.0009999999999999974,1.0,1.0,migrate,ibm_sherbrooke,0.0023999999999999985
sha256:5aaaf347d0280ced73ec1a99739c7566a37ed4d6e9be434a4a74df9dc180ff00,planner_calibration_3201_3208,planner_calibration,sigmetrics-planner-calibration-final-v1,sha256:e6a06faed51f4ea9d810727b1ea3911d1b8a4fb2958afda0cd601ccaed306d7a,sigmetrics-planner-calibration-final-v1--dd3ab7cb8e9cc8f3,3203,qaoa_maxcut,paper,noisy_sim,B5,4,2,safe_change,sha256:5aaaf347d0280ced73ec1a99739c7566a37ed4d6e9be434a4a74df9dc180ff00-failure,sha256:92df84f421dd69a4cbd7d0b1a61f59b3c2df26506445f3c026dce703e321a424,sha256:8aa9fd73acdbefb930184631c530ac1ad4750da95e7359345a133016be010a68,sha256:a9aa49d0abe0c0e8c2ca3406cdae5818d28f0e352c4a812e712215e808676f00,sha256:2a4416e41e5f2147a72d3195b80db46f8938b48cd41e783f7814c67dffe84d3d,ibm_kyiv,ibm_kyiv,replay,replay:ibm_kyiv,ibm_kyiv,ibm_kyiv->ibm_kyiv,True,,1,1,0.1,0.02,controlled scenario descriptor,0.00020000000000000017,0.006666666666666672,derived recovery-time saved/current backend evidence,0,derived recovery-time saved/current backend identity,1,controlled scenario environment,0.011000000000000001,0.0023333333333333353,0.0,0.0,0.013333333333333336,True,True,cf-9e93a30c8e7db4716826,0.029250245293286348,0.05851646779619253,0.07106438092583513,True,True,True,1,1,1,0,16512,40,noisy_sim,9,1,4128,0,0,1.0,4,4,1.8081763486851266,9.038881090601759,3.4600443825110014,7.393692996354743,4,0.12,1,qubit_wise_commuting,1,4128,4128.0,4128,4,0,10,6,qaoa_maxcut,5.4523471208138155,0.12257751937984496,0.0016,0.0105,0.018,0.001616,0.010605000000000002,0.018179999999999998,1.5999999999999955e-05,0.00010500000000000093,0.0001799999999999996,1.0,1.0,replay,ibm_kyiv,0.0003010000000000005
sha256:5bbb9b3b2f2b884006715c9b8715ad39a81c9a64a1d7d5630e189050dbe6508f,planner_calibration_3201_3208,planner_calibration,sigmetrics-planner-calibration-final-v1,sha256:e6a06faed51f4ea9d810727b1ea3911d1b8a4fb2958afda0cd601ccaed306d7a,sigmetrics-planner-calibration-final-v1--55232437afde5e6a,3208,qaoa_maxcut,paper,noisy_sim,B5,4,2,same_backend_delay,sha256:5bbb9b3b2f2b884006715c9b8715ad39a81c9a64a1d7d5630e189050dbe6508f-failure,sha256:b0a662a161de653757528e0e26c05bc246a842ce2db14de08b4d0aad7126bea7,sha256:2b5d5606b48121c83beae64c1c7cabbafc8d4853980e515ebdce93987de444de,sha256:7c1d6d3b92b74eb9793f2e3d7476b13650919c35e6be30736522cf63625ecb00,sha256:eca51bd85cf290f50a86c7e41e6cc468cb2da219423f81170dc24002cee40b43,ibm_kyiv,ibm_sherbrooke,migrate,migrate:ibm_sherbrooke,ibm_sherbrooke,ibm_kyiv->ibm_sherbrooke,True,,1,1,0.0,0.0,controlled scenario descriptor,0.0018999999999999998,0.06333333333333332,derived recovery-time saved/current backend evidence,1,derived recovery-time saved/current backend identity,1,controlled scenario environment,0.0,0.02216666666666666,0.1,0.0,0.12216666666666667,True,True,cf-4e9b9e25dc60486a60b6,0.08056493469190684,0.07246213270241969,0.7332336022361483,False,True,False,0,1,0,1,16384,40,noisy_sim,9,1,4096,0,0,1.0,4,4,2.553021421987263,6.42548841412416,3.0233798251886324,4.414778706439412,4,0.12,1,qubit_wise_commuting,1,4096,4096.0,4096,4,0,10,6,qaoa_maxcut,5.317311044248581,0.14111328125,0.0016,0.0105,0.018,0.0012,0.0095,0.017,0.0004000000000000002,0.0010000000000000009,0.0009999999999999974,1.0,1.0,migrate,ibm_sherbrooke,0.0023999999999999985
sha256:5bbb9b3b2f2b884006715c9b8715ad39a81c9a64a1d7d5630e189050dbe6508f,planner_calibration_3201_3208,planner_calibration,sigmetrics-planner-calibration-final-v1,sha256:e6a06faed51f4ea9d810727b1ea3911d1b8a4fb2958afda0cd601ccaed306d7a,sigmetrics-planner-calibration-final-v1--55232437afde5e6a,3208,qaoa_maxcut,paper,noisy_sim,B5,4,2,same_backend_delay,sha256:5bbb9b3b2f2b884006715c9b8715ad39a81c9a64a1d7d5630e189050dbe6508f-failure,sha256:b0a662a161de653757528e0e26c05bc246a842ce2db14de08b4d0aad7126bea7,sha256:2b5d5606b48121c83beae64c1c7cabbafc8d4853980e515ebdce93987de444de,sha256:7c1d6d3b92b74eb9793f2e3d7476b13650919c35e6be30736522cf63625ecb00,sha256:eca51bd85cf290f50a86c7e41e6cc468cb2da219423f81170dc24002cee40b43,ibm_kyiv,ibm_kyiv,replay,replay:ibm_kyiv,ibm_kyiv,ibm_kyiv->ibm_kyiv,True,,1,1,4.0,0.8,controlled scenario descriptor,0.007999999999999998,0.2666666666666666,derived recovery-time saved/current backend evidence,0,derived recovery-time saved/current backend identity,1,controlled scenario environment,0.44000000000000006,0.09333333333333331,0.0,0.0,0.5333333333333333,True,True,cf-6429267cc4496a01675f,0.44450060972021,0.12568841241403222,1.1787826958255851,False,False,False,0,0,0,1,16384,40,noisy_sim,9,1,4096,0,0,1.0,4,4,2.553021421987263,6.42548841412416,3.0233798251886324,4.414778706439412,4,0.12,1,qubit_wise_commuting,1,4096,4096.0,4096,4,0,10,6,qaoa_maxcut,5.317311044248581,0.14111328125,0.0016,0.0105,0.018,0.00224,0.0147,0.025199999999999997,0.0006399999999999997,0.004199999999999999,0.007199999999999998,1.0,1.0,replay,ibm_kyiv,0.012039999999999997
sha256:61f2541254483c0640aec98026a6445dfed746d410bba05016c7ee8468e54550,planner_calibration_3201_3208,planner_calibration,sigmetrics-planner-calibration-final-v1,sha256:e6a06faed51f4ea9d810727b1ea3911d1b8a4fb2958afda0cd601ccaed306d7a,sigmetrics-planner-calibration-final-v1--70927962db553101,3207,qaoa_maxcut,paper,noisy_sim,B5,4,2,safe_change,sha256:61f2541254483c0640aec98026a6445dfed746d410bba05016c7ee8468e54550-failure,sha256:8d6bbc14d4fe962db85891ace7fec66f4f4146d3fed8f0442eb37f3cafc1015a,sha256:8aa9fd73acdbefb930184631c530ac1ad4750da95e7359345a133016be010a68,sha256:a9aa49d0abe0c0e8c2ca3406cdae5818d28f0e352c4a812e712215e808676f00,sha256:4f9322aa2a023f21da7e382bb17b292aaec6cc3422769ba280c0fa8f0c9b9079,ibm_kyiv,ibm_kyiv,replay,replay:ibm_kyiv,ibm_kyiv,ibm_kyiv->ibm_kyiv,True,,1,1,0.1,0.02,controlled scenario descriptor,0.00020000000000000017,0.006666666666666672,derived recovery-time saved/current backend evidence,0,derived recovery-time saved/current backend identity,1,controlled scenario environment,0.011000000000000001,0.0023333333333333353,0.0,0.0,0.013333333333333336,True,True,cf-f6131c2a8da3d8bf9b5a,0.003988458518032978,0.060601047297489795,0.017782833981085055,True,True,True,1,1,1,0,16256,40,noisy_sim,9,1,4064,0,0,1.0,4,4,0.5212537367528052,1.2786687097713467,0.6162722422033751,0.8202870714662068,4,0.12,1,qubit_wise_commuting,1,4064,4064.0,4064,4,0,10,6,qaoa_maxcut,4.914975903624279,0.13213582677165353,0.0016,0.0105,0.018,0.001616,0.010605000000000002,0.018179999999999998,1.5999999999999955e-05,0.00010500000000000093,0.0001799999999999996,1.0,1.0,replay,ibm_kyiv,0.0003010000000000005
sha256:62238214c03f6ce18da65b35b5050e2d6c253d937060bc4b8557844291952541,planner_calibration_3201_3208,planner_calibration,sigmetrics-planner-calibration-final-v1,sha256:e6a06faed51f4ea9d810727b1ea3911d1b8a4fb2958afda0cd601ccaed306d7a,sigmetrics-planner-calibration-final-v1--dc473f46a546fd49,3201,adapt_vqe,paper,noisy_sim,B6,4,2,safe_change,sha256:62238214c03f6ce18da65b35b5050e2d6c253d937060bc4b8557844291952541-failure,sha256:039d2485c374ecc6ba4ef4d9fa8483bd95feab7f92f7b56332040dcb33bb9524,sha256:8aa9fd73acdbefb930184631c530ac1ad4750da95e7359345a133016be010a68,sha256:317388e5b80af87428f1e3602de3fe41a034feeaea8d9419e01d1d16750e21ef,sha256:961524f107085343765b79acad8a1dddefe1e217b2ba62cd426d9773ca08e3ca,ibm_kyiv,ibm_kyiv,replay,replay:ibm_kyiv,ibm_kyiv,ibm_kyiv->ibm_kyiv,True,,1,1,0.1,0.02,controlled scenario descriptor,0.00020000000000000017,0.006666666666666672,derived recovery-time saved/current backend evidence,0,derived recovery-time saved/current backend identity,1,controlled scenario environment,0.011000000000000001,0.0023333333333333353,0.0,0.0,0.013333333333333336,True,True,cf-5b417d463132aedd2d25,5.888561539801884e-05,0.0025158310835050077,4.010187110043248e-05,True,True,True,1,1,1,0,4352,56,noisy_sim,15,0,0,8,0,0.0,4,4,0.001310937038716986,0.07510355018238321,0.02454394749353581,0.04750439008695848,6,0.08,1,qubit_wise_commuting,8,8704,1088.0,1088,6,6,40,5,adapt_pauli_pool,0.6468211968321697,0.9136029411764706,0.0016,0.0105,0.018,0.001616,0.010605000000000002,0.018179999999999998,1.5999999999999955e-05,0.00010500000000000093,0.0001799999999999996,1.0,1.0,replay,ibm_kyiv,0.0003010000000000005
sha256:62a2fc9fa3a2634f532ed7b8f8be464de4a83a678f53d190b1e96be148f0dc05,planner_calibration_3201_3208,planner_calibration,sigmetrics-planner-calibration-final-v1,sha256:e6a06faed51f4ea9d810727b1ea3911d1b8a4fb2958afda0cd601ccaed306d7a,sigmetrics-planner-calibration-final-v1--463afe51f994b63d,3207,adapt_vqe,paper,noisy_sim,B6,4,2,high_change,sha256:62a2fc9fa3a2634f532ed7b8f8be464de4a83a678f53d190b1e96be148f0dc05-failure,sha256:b3799d6c47cd6dfafc2d8400f90a44f7abc5ac487b60a6f1e4010176e5ecfcb0,sha256:2b6db34aacbffdb427c6a86493c0c97d7fa901154c9c190f56705a55a8d2a0ee,sha256:5638933935310f53de435b896d93a854a8a1570c3f790dd2bfcb667e0256c9de,sha256:54af70c78645e60a0a7ce1b102d26a32ebeeacfce9db8e2dabf7f5c0ff006610,ibm_kyiv,ibm_brisbane,migrate,migrate:ibm_brisbane,ibm_brisbane,ibm_kyiv->ibm_brisbane,True,,1,1,6.0,1.0,controlled scenario descriptor,0.023860000000000006,0.7953333333333336,derived recovery-time saved/current backend evidence,1,derived recovery-time saved/current backend identity,1,controlled scenario environment,0.55,0.2783666666666667,0.1,0.0,0.9283666666666667,True,True,cf-396fb3cc3f7db5d14170,0.006589568498436726,0.12742236344970292,0.0055541178503645825,False,False,False,0,0,0,1,4352,56,noisy_sim,15,0,0,8,0,0.0,4,4,0.0008856774614631746,0.06242299281220056,0.018733516966511158,0.05342941911524612,6,0.08,1,qubit_wise_commuting,8,8704,1088.0,1088,6,6,40,5,adapt_pauli_pool,0.7873679675743115,0.890625,0.0016,0.0105,0.018,0.00336,0.022400000000000003,0.038400000000000004,0.00176,0.011900000000000003,0.020400000000000005,1.0,1.0,migrate,ibm_brisbane,0.03406000000000001
sha256:62a2fc9fa3a2634f532ed7b8f8be464de4a83a678f53d190b1e96be148f0dc05,planner_calibration_3201_3208,planner_calibration,sigmetrics-planner-calibration-final-v1,sha256:e6a06faed51f4ea9d810727b1ea3911d1b8a4fb2958afda0cd601ccaed306d7a,sigmetrics-planner-calibration-final-v1--463afe51f994b63d,3207,adapt_vqe,paper,noisy_sim,B6,4,2,high_change,sha256:62a2fc9fa3a2634f532ed7b8f8be464de4a83a678f53d190b1e96be148f0dc05-failure,sha256:b3799d6c47cd6dfafc2d8400f90a44f7abc5ac487b60a6f1e4010176e5ecfcb0,sha256:2b6db34aacbffdb427c6a86493c0c97d7fa901154c9c190f56705a55a8d2a0ee,sha256:5638933935310f53de435b896d93a854a8a1570c3f790dd2bfcb667e0256c9de,sha256:54af70c78645e60a0a7ce1b102d26a32ebeeacfce9db8e2dabf7f5c0ff006610,ibm_kyiv,ibm_kyiv,replay,replay:ibm_kyiv,ibm_kyiv,ibm_kyiv->ibm_kyiv,True,,1,1,8.0,1.0,controlled scenario descriptor,0.016,0.5333333333333333,derived recovery-time saved/current backend evidence,0,derived recovery-time saved/current backend identity,1,controlled scenario environment,0.55,0.18666666666666665,0.0,0.0,0.7366666666666667,True,True,cf-c5971161e157d5cf05e0,0.00469690498751163,0.13219276424318363,0.004041172527586195,False,False,False,0,0,0,1,4352,56,noisy_sim,15,0,0,8,0,0.0,4,4,0.0008856774614631746,0.06242299281220056,0.018733516966511158,0.05342941911524612,6,0.08,1,qubit_wise_commuting,8,8704,1088.0,1088,6,6,40,5,adapt_pauli_pool,0.7873679675743115,0.890625,0.0016,0.0105,0.018,0.00288,0.0189,0.0324,0.00128,0.0084,0.0144,1.0,1.0,replay,ibm_kyiv,0.024079999999999997
sha256:64e5cb48024df41a2a51c0abcb77278dab0491f79d432e471cd0395dbef5d0c0,planner_calibration_3201_3208,planner_calibration,sigmetrics-planner-calibration-final-v1,sha256:e6a06faed51f4ea9d810727b1ea3911d1b8a4fb2958afda0cd601ccaed306d7a,sigmetrics-planner-calibration-final-v1--48bd301eae824600,3205,adapt_vqe,paper,noisy_sim,B6,4,2,safe_change,sha256:64e5cb48024df41a2a51c0abcb77278dab0491f79d432e471cd0395dbef5d0c0-failure,sha256:8001e7cc0d46b30bcd96a01b71b8b6d2d881a82df4a036566f89de8a2103e3da,sha256:8aa9fd73acdbefb930184631c530ac1ad4750da95e7359345a133016be010a68,sha256:317388e5b80af87428f1e3602de3fe41a034feeaea8d9419e01d1d16750e21ef,sha256:46822a1ff3fd649eb6aa7bc815818034b90a2681f4561101e80fc810232a9e30,ibm_kyiv,ibm_kyiv,replay,replay:ibm_kyiv,ibm_kyiv,ibm_kyiv->ibm_kyiv,True,,1,1,0.1,0.02,controlled scenario descriptor,0.00020000000000000017,0.006666666666666672,derived recovery-time saved/current backend evidence,0,derived recovery-time saved/current backend identity,1,controlled scenario environment,0.011000000000000001,0.0023333333333333353,0.0,0.0,0.013333333333333336,True,True,cf-e9bd53de45d1eb159234,5.713089476877542e-05,0.003517891979391079,5.451797604488015e-05,True,True,True,1,1,1,0,4352,56,noisy_sim,15,0,0,8,0,0.0,4,4,0.004644212893648358,0.16090488553445034,0.04682939668804547,0.1332737222981686,6,0.08,1,qubit_wise_commuting,8,8704,1088.0,1088,6,6,40,5,adapt_pauli_pool,0.8838815601789535,0.8704044117647058,0.0016,0.0105,0.018,0.001616,0.010605000000000002,0.018179999999999998,1.5999999999999955e-05,0.00010500000000000093,0.0001799999999999996,1.0,1.0,replay,ibm_kyiv,0.0003010000000000005
sha256:64f3ea1cf1edd2b44c6a9ad238cfebfb628457b2e95557846f9e1de338bf263d,planner_calibration_3201_3208,planner_calibration,sigmetrics-planner-calibration-final-v1,sha256:e6a06faed51f4ea9d810727b1ea3911d1b8a4fb2958afda0cd601ccaed306d7a,sigmetrics-planner-calibration-final-v1--4bead7b28c0af198,3201,adapt_vqe,paper,noisy_sim,B6,4,2,cross_backend,sha256:64f3ea1cf1edd2b44c6a9ad238cfebfb628457b2e95557846f9e1de338bf263d-failure,sha256:039d2485c374ecc6ba4ef4d9fa8483bd95feab7f92f7b56332040dcb33bb9524,sha256:3e961724e06d6d711a9338896a03f47484a702bab4903cdf8ef8771396da980d,sha256:d0f32e9d96569c4332b1ff1180ee97229e197978db70d9db9dea249da627b2b0,sha256:246e2af55e3b4f0da6444c448956bd2c34d40d688b01ee7c46976732cbf46ccd,ibm_kyiv,ibm_brisbane,migrate,migrate:ibm_brisbane,ibm_brisbane,ibm_kyiv->ibm_brisbane,True,,1,1,0.0,0.0,controlled scenario descriptor,0.007,0.23333333333333334,derived recovery-time saved/current backend evidence,1,derived recovery-time saved/current backend identity,1,controlled scenario environment,0.0,0.08166666666666667,0.1,0.0,0.18166666666666667,True,True,cf-c74b171fb0318f387448,0.001922477524880506,0.05997878748102162,0.001252855082441505,False,False,False,0,0,0,1,4352,56,noisy_sim,15,0,0,8,0,0.0,4,4,0.001310937038716986,0.07510355018238321,0.02454394749353581,0.04750439008695848,6,0.08,1,qubit_wise_commuting,8,8704,1088.0,1088,6,6,40,5,adapt_pauli_pool,0.6468211968321697,0.9136029411764706,0.0016,0.0105,0.018,0.0021,0.014,0.024,0.0004999999999999998,0.0034999999999999996,0.006000000000000002,1.0,1.0,migrate,ibm_brisbane,0.010000000000000002
sha256:64f3ea1cf1edd2b44c6a9ad238cfebfb628457b2e95557846f9e1de338bf263d,planner_calibration_3201_3208,planner_calibration,sigmetrics-planner-calibration-final-v1,sha256:e6a06faed51f4ea9d810727b1ea3911d1b8a4fb2958afda0cd601ccaed306d7a,sigmetrics-planner-calibration-final-v1--4bead7b28c0af198,3201,adapt_vqe,paper,noisy_sim,B6,4,2,cross_backend,sha256:64f3ea1cf1edd2b44c6a9ad238cfebfb628457b2e95557846f9e1de338bf263d-failure,sha256:039d2485c374ecc6ba4ef4d9fa8483bd95feab7f92f7b56332040dcb33bb9524,sha256:3e961724e06d6d711a9338896a03f47484a702bab4903cdf8ef8771396da980d,sha256:d0f32e9d96569c4332b1ff1180ee97229e197978db70d9db9dea249da627b2b0,sha256:246e2af55e3b4f0da6444c448956bd2c34d40d688b01ee7c46976732cbf46ccd,ibm_kyiv,ibm_sherbrooke,migrate,migrate:ibm_sherbrooke,ibm_sherbrooke,ibm_kyiv->ibm_sherbrooke,True,,1,1,0.0,0.0,controlled scenario descriptor,0.0018999999999999998,0.06333333333333332,derived recovery-time saved/current backend evidence,1,derived recovery-time saved/current backend identity,1,controlled scenario environment,0.0,0.02216666666666666,0.1,0.0,0.12216666666666667,True,True,cf-b9bbf5e8c88ee74c3efd,0.0007022764689210703,0.007614566627398346,0.0010027726014076256,False,False,False,0,0,0,1,4352,56,noisy_sim,15,0,0,8,0,0.0,4,4,0.001310937038716986,0.07510355018238321,0.02454394749353581,0.04750439008695848,6,0.08,1,qubit_wise_commuting,8,8704,1088.0,1088,6,6,40,5,adapt_pauli_pool,0.6468211968321697,0.9136029411764706,0.0016,0.0105,0.018,0.0012,0.0095,0.017,0.0004000000000000002,0.0010000000000000009,0.0009999999999999974,1.0,1.0,migrate,ibm_sherbrooke,0.0023999999999999985
sha256:6872446316bac15e21cc15bb7595da77cb4d19edccc049d13a68a50df482cb08,planner_calibration_3201_3208,planner_calibration,sigmetrics-planner-calibration-final-v1,sha256:e6a06faed51f4ea9d810727b1ea3911d1b8a4fb2958afda0cd601ccaed306d7a,sigmetrics-planner-calibration-final-v1--7d15ce359c6bf673,3206,h2_vqe,paper,noisy_sim,B5,4,2,no_change,sha256:6872446316bac15e21cc15bb7595da77cb4d19edccc049d13a68a50df482cb08-failure,sha256:7c8927e2904bd085bfcfc57ac037bd77ddfecff4d4aa3d3ddf6649b40937c9da,sha256:0e7343b47d003afe2860e33d67399c12f7ed84b7f18c3a5e0d48aae47fda9990,sha256:baa92c31b0f189ce526289e61ce9d7b1d153d2320fb0caa5de4cb9d39f4d0b0e,sha256:2f3031200e74daf3d1ecdcb1ba9799632d2a9a4c7f7a89e65b5324a5c9a6102b,ibm_kyiv,ibm_kyiv,replay,replay:ibm_kyiv,ibm_kyiv,ibm_kyiv->ibm_kyiv,True,,1,1,0.0,0.0,controlled scenario descriptor,0.0,0.0,derived recovery-time saved/current backend evidence,0,derived recovery-time saved/current backend identity,1,controlled scenario environment,0.0,0.0,0.0,0.0,0.0,True,True,cf-8704b71b950f7a55dae7,0.0,0.0,0.0,True,True,True,1,1,1,0,4992,104,noisy_sim,9,3,2976,4,0,0.42857142857142855,4,4,0.027460155600799174,0.24638122786619204,0.043459222725931536,0.17536963560202462,12,0.105,1,qubit_wise_commuting,7,8736,1248.0,1248,12,0,24,4,entangling_ry_rz_brickwork,0.929523612042819,0.8693910256410257,0.0016,0.0105,0.018,0.0016,0.0105,0.018,0.0,0.0,0.0,1.0,1.0,replay,ibm_kyiv,0.0
sha256:6985189697c1f4b1b0c1689ba1d072bbf8d3d7674865426b08e5c8856b66a8c0,planner_calibration_3201_3208,planner_calibration,sigmetrics-planner-calibration-final-v1,sha256:e6a06faed51f4ea9d810727b1ea3911d1b8a4fb2958afda0cd601ccaed306d7a,sigmetrics-planner-calibration-final-v1--d359df862db57068,3206,lih_vqe,paper,noisy_sim,B5,4,2,cross_backend,sha256:6985189697c1f4b1b0c1689ba1d072bbf8d3d7674865426b08e5c8856b66a8c0-failure,sha256:990ad63de66234fde5807db6229e09e19f82367fdec100d058218fafa46e8846,sha256:3e961724e06d6d711a9338896a03f47484a702bab4903cdf8ef8771396da980d,sha256:90a6fc287341ee3482d2a787f7389b00e56a0ec391204063de2bd98be7b5816e,sha256:cbbddac709a491779a63c07879d9939f5d9c74b2fd98c41b4fb0e2d59c2e85be,ibm_kyiv,ibm_brisbane,migrate,migrate:ibm_brisbane,ibm_brisbane,ibm_kyiv->ibm_brisbane,True,,1,1,0.0,0.0,controlled scenario descriptor,0.007,0.23333333333333334,derived recovery-time saved/current backend evidence,1,derived recovery-time saved/current backend identity,1,controlled scenario environment,0.0,0.08166666666666667,0.1,0.0,0.18166666666666667,True,True,cf-394ee792847c1da1fa01,0.005487015151354413,0.06418240874345837,0.02235943252929051,False,False,False,0,0,0,1,6144,168,noisy_sim,9,4,5120,4,0,0.5,4,4,0.09803869690081335,0.6264946008411444,0.0692858631715381,0.4378132424175717,20,0.085,1,qubit_wise_commuting,8,12288,1536.0,1536,20,0,40,5,entangling_ry_rz_brickwork,1.785366245952716,0.7317708333333334,0.0016,0.0105,0.018,0.0021,0.014,0.024,0.0004999999999999998,0.0034999999999999996,0.006000000000000002,1.0,1.0,migrate,ibm_brisbane,0.010000000000000002
sha256:6985189697c1f4b1b0c1689ba1d072bbf8d3d7674865426b08e5c8856b66a8c0,planner_calibration_3201_3208,planner_calibration,sigmetrics-planner-calibration-final-v1,sha256:e6a06faed51f4ea9d810727b1ea3911d1b8a4fb2958afda0cd601ccaed306d7a,sigmetrics-planner-calibration-final-v1--d359df862db57068,3206,lih_vqe,paper,noisy_sim,B5,4,2,cross_backend,sha256:6985189697c1f4b1b0c1689ba1d072bbf8d3d7674865426b08e5c8856b66a8c0-failure,sha256:990ad63de66234fde5807db6229e09e19f82367fdec100d058218fafa46e8846,sha256:3e961724e06d6d711a9338896a03f47484a702bab4903cdf8ef8771396da980d,sha256:90a6fc287341ee3482d2a787f7389b00e56a0ec391204063de2bd98be7b5816e,sha256:cbbddac709a491779a63c07879d9939f5d9c74b2fd98c41b4fb0e2d59c2e85be,ibm_kyiv,ibm_sherbrooke,migrate,migrate:ibm_sherbrooke,ibm_sherbrooke,ibm_kyiv->ibm_sherbrooke,True,,1,1,0.0,0.0,controlled scenario descriptor,0.0018999999999999998,0.06333333333333332,derived recovery-time saved/current backend evidence,1,derived recovery-time saved/current backend identity,1,controlled scenario environment,0.0,0.02216666666666666,0.1,0.0,0.12216666666666667,True,True,cf-e9b2461ff69971a731a5,0.002524080839590326,0.03271970398326364,0.010180415463685474,False,False,False,0,0,0,1,6144,168,noisy_sim,9,4,5120,4,0,0.5,4,4,0.09803869690081335,0.6264946008411444,0.0692858631715381,0.4378132424175717,20,0.085,1,qubit_wise_commuting,8,12288,1536.0,1536,20,0,40,5,entangling_ry_rz_brickwork,1.785366245952716,0.7317708333333334,0.0016,0.0105,0.018,0.0012,0.0095,0.017,0.0004000000000000002,0.0010000000000000009,0.0009999999999999974,1.0,1.0,migrate,ibm_sherbrooke,0.0023999999999999985
sha256:6b0ef158b0523c836626383288f271336868b0f9fa4f570e0a2bb7c19a71066b,planner_calibration_3201_3208,planner_calibration,sigmetrics-planner-calibration-final-v1,sha256:e6a06faed51f4ea9d810727b1ea3911d1b8a4fb2958afda0cd601ccaed306d7a,sigmetrics-planner-calibration-final-v1--968b553d9b5bfb5a,3204,adapt_vqe,paper,noisy_sim,B6,4,2,cross_backend,sha256:6b0ef158b0523c836626383288f271336868b0f9fa4f570e0a2bb7c19a71066b-failure,sha256:847e22432e819d5965594ed805f9254ebd64adba6ebfbf03bddc338e0e516099,sha256:3e961724e06d6d711a9338896a03f47484a702bab4903cdf8ef8771396da980d,sha256:d0f32e9d96569c4332b1ff1180ee97229e197978db70d9db9dea249da627b2b0,sha256:4abd21b222c84b6fee84ebba3c63ed6548e788d4559ac60da855fe6874b22dc6,ibm_kyiv,ibm_brisbane,migrate,migrate:ibm_brisbane,ibm_brisbane,ibm_kyiv->ibm_brisbane,True,,1,1,0.0,0.0,controlled scenario descriptor,0.007,0.23333333333333334,derived recovery-time saved/current backend evidence,1,derived recovery-time saved/current backend identity,1,controlled scenario environment,0.0,0.08166666666666667,0.1,0.0,0.18166666666666667,True,True,cf-c4a06eb7c044e04144e0,0.0018559287683919123,0.03982555521031864,0.0016650819213043014,False,False,False,0,0,0,1,4352,56,noisy_sim,15,0,0,8,0,0.0,4,4,0.00721281844689603,0.20100657412148223,0.05752096359508294,0.15521090297192014,6,0.08,1,qubit_wise_commuting,8,8704,1088.0,1088,6,6,40,5,adapt_pauli_pool,0.6933511506975439,0.9025735294117647,0.0016,0.0105,0.018,0.0021,0.014,0.024,0.0004999999999999998,0.0034999999999999996,0.006000000000000002,1.0,1.0,migrate,ibm_brisbane,0.010000000000000002
sha256:6b0ef158b0523c836626383288f271336868b0f9fa4f570e0a2bb7c19a71066b,planner_calibration_3201_3208,planner_calibration,sigmetrics-planner-calibration-final-v1,sha256:e6a06faed51f4ea9d810727b1ea3911d1b8a4fb2958afda0cd601ccaed306d7a,sigmetrics-planner-calibration-final-v1--968b553d9b5bfb5a,3204,adapt_vqe,paper,noisy_sim,B6,4,2,cross_backend,sha256:6b0ef158b0523c836626383288f271336868b0f9fa4f570e0a2bb7c19a71066b-failure,sha256:847e22432e819d5965594ed805f9254ebd64adba6ebfbf03bddc338e0e516099,sha256:3e961724e06d6d711a9338896a03f47484a702bab4903cdf8ef8771396da980d,sha256:d0f32e9d96569c4332b1ff1180ee97229e197978db70d9db9dea249da627b2b0,sha256:4abd21b222c84b6fee84ebba3c63ed6548e788d4559ac60da855fe6874b22dc6,ibm_kyiv,ibm_sherbrooke,migrate,migrate:ibm_sherbrooke,ibm_sherbrooke,ibm_kyiv->ibm_sherbrooke,True,,1,1,0.0,0.0,controlled scenario descriptor,0.0018999999999999998,0.06333333333333332,derived recovery-time saved/current backend evidence,1,derived recovery-time saved/current backend identity,1,controlled scenario environment,0.0,0.02216666666666666,0.1,0.0,0.12216666666666667,True,True,cf-dba1aac770446134be2e,0.000648958322410742,0.042873764126801946,0.0013335395498341432,False,False,False,0,0,0,1,4352,56,noisy_sim,15,0,0,8,0,0.0,4,4,0.00721281844689603,0.20100657412148223,0.05752096359508294,0.15521090297192014,6,0.08,1,qubit_wise_commuting,8,8704,1088.0,1088,6,6,40,5,adapt_pauli_pool,0.6933511506975439,0.9025735294117647,0.0016,0.0105,0.018,0.0012,0.0095,0.017,0.0004000000000000002,0.0010000000000000009,0.0009999999999999974,1.0,1.0,migrate,ibm_sherbrooke,0.0023999999999999985
sha256:6b921344f030054bd823bd4c29198a20f681da96347b2a7933bc2c3de8588ab9,planner_calibration_3201_3208,planner_calibration,sigmetrics-planner-calibration-final-v1,sha256:e6a06faed51f4ea9d810727b1ea3911d1b8a4fb2958afda0cd601ccaed306d7a,sigmetrics-planner-calibration-final-v1--2e5c6740f21e527b,3205,h2_vqe,paper,noisy_sim,B5,4,2,no_change,sha256:6b921344f030054bd823bd4c29198a20f681da96347b2a7933bc2c3de8588ab9-failure,sha256:df1d48ace5f75a4f8478d854974137f322b5709d4d24855b4636a0d3988a312b,sha256:0e7343b47d003afe2860e33d67399c12f7ed84b7f18c3a5e0d48aae47fda9990,sha256:baa92c31b0f189ce526289e61ce9d7b1d153d2320fb0caa5de4cb9d39f4d0b0e,sha256:f4cdf49ad2d591eb58e02bcf00e6ed64f9aee77b688473bd36b1538c85a53a25,ibm_kyiv,ibm_kyiv,replay,replay:ibm_kyiv,ibm_kyiv,ibm_kyiv->ibm_kyiv,True,,1,1,0.0,0.0,controlled scenario descriptor,0.0,0.0,derived recovery-time saved/current backend evidence,0,derived recovery-time saved/current backend identity,1,controlled scenario environment,0.0,0.0,0.0,0.0,0.0,True,True,cf-3b40cdec51fff4ba201d,0.0,0.0,0.0,True,True,True,1,1,1,0,4992,104,noisy_sim,9,3,2976,4,0,0.42857142857142855,4,4,0.05718663583871364,0.36271255454705154,0.07397019557239506,0.25046852980843415,12,0.105,1,qubit_wise_commuting,7,8736,1248.0,1248,12,0,24,4,entangling_ry_rz_brickwork,1.0554526220034204,0.8461538461538461,0.0016,0.0105,0.018,0.0016,0.0105,0.018,0.0,0.0,0.0,1.0,1.0,replay,ibm_kyiv,0.0
sha256:6bce140c975e9703ca2ddf50715196e5c01282ac8a0ebee463876d6ab01a9569,planner_calibration_3201_3208,planner_calibration,sigmetrics-planner-calibration-final-v1,sha256:e6a06faed51f4ea9d810727b1ea3911d1b8a4fb2958afda0cd601ccaed306d7a,sigmetrics-planner-calibration-final-v1--e8102ce820330ee3,3204,h2_vqe,paper,noisy_sim,B5,4,2,same_backend_delay,sha256:6bce140c975e9703ca2ddf50715196e5c01282ac8a0ebee463876d6ab01a9569-failure,sha256:75e068f88cbde4db3eccad5de2a9145fb98a909f39ccaa587711f4f79a2c1aaf,sha256:2b5d5606b48121c83beae64c1c7cabbafc8d4853980e515ebdce93987de444de,sha256:6b97ad82624cbf5bb09be560aa6bb9d630db90477bce3a53713c959f84ab3cbb,sha256:d8099d57a3bd8e9b146d3aac4644621164b76cdf3dd1f623a46e526f9c1947fa,ibm_kyiv,ibm_sherbrooke,migrate,migrate:ibm_sherbrooke,ibm_sherbrooke,ibm_kyiv->ibm_sherbrooke,True,,1,1,0.0,0.0,controlled scenario descriptor,0.0018999999999999998,0.06333333333333332,derived recovery-time saved/current backend evidence,1,derived recovery-time saved/current backend identity,1,controlled scenario environment,0.0,0.02216666666666666,0.1,0.0,0.12216666666666667,True,True,cf-10081ebfaf46d4a481b2,0.005203725469632214,0.04803273248779226,0.0049783777025775725,False,False,False,0,0,0,1,4992,104,noisy_sim,9,3,2976,4,0,0.42857142857142855,4,4,0.03515487376985882,0.27035026865584005,0.050240963326342314,0.1865673757997202,12,0.105,1,qubit_wise_commuting,7,8736,1248.0,1248,12,0,24,4,entangling_ry_rz_brickwork,0.9913416874340611,0.8565705128205128,0.0016,0.0105,0.018,0.0012,0.0095,0.017,0.0004000000000000002,0.0010000000000000009,0.0009999999999999974,1.0,1.0,migrate,ibm_sherbrooke,0.0023999999999999985
sha256:6bce140c975e9703ca2ddf50715196e5c01282ac8a0ebee463876d6ab01a9569,planner_calibration_3201_3208,planner_calibration,sigmetrics-planner-calibration-final-v1,sha256:e6a06faed51f4ea9d810727b1ea3911d1b8a4fb2958afda0cd601ccaed306d7a,sigmetrics-planner-calibration-final-v1--e8102ce820330ee3,3204,h2_vqe,paper,noisy_sim,B5,4,2,same_backend_delay,sha256:6bce140c975e9703ca2ddf50715196e5c01282ac8a0ebee463876d6ab01a9569-failure,sha256:75e068f88cbde4db3eccad5de2a9145fb98a909f39ccaa587711f4f79a2c1aaf,sha256:2b5d5606b48121c83beae64c1c7cabbafc8d4853980e515ebdce93987de444de,sha256:6b97ad82624cbf5bb09be560aa6bb9d630db90477bce3a53713c959f84ab3cbb,sha256:d8099d57a3bd8e9b146d3aac4644621164b76cdf3dd1f623a46e526f9c1947fa,ibm_kyiv,ibm_kyiv,replay,replay:ibm_kyiv,ibm_kyiv,ibm_kyiv->ibm_kyiv,True,,1,1,4.0,0.8,controlled scenario descriptor,0.007999999999999998,0.2666666666666666,derived recovery-time saved/current backend evidence,0,derived recovery-time saved/current backend identity,1,controlled scenario environment,0.44000000000000006,0.09333333333333331,0.0,0.0,0.5333333333333333,True,True,cf-1c006e360ddd6533284b,0.012715742270381636,0.06816262899221037,0.013480369440453254,False,False,False,0,0,0,1,4992,104,noisy_sim,9,3,2976,4,0,0.42857142857142855,4,4,0.03515487376985882,0.27035026865584005,0.050240963326342314,0.1865673757997202,12,0.105,1,qubit_wise_commuting,7,8736,1248.0,1248,12,0,24,4,entangling_ry_rz_brickwork,0.9913416874340611,0.8565705128205128,0.0016,0.0105,0.018,0.00224,0.0147,0.025199999999999997,0.0006399999999999997,0.004199999999999999,0.007199999999999998,1.0,1.0,replay,ibm_kyiv,0.012039999999999997
sha256:6ce308711ff3c17c2828ba16d36e504ea85e6b9ac9265280929ce262a394138b,planner_calibration_3201_3208,planner_calibration,sigmetrics-planner-calibration-final-v1,sha256:e6a06faed51f4ea9d810727b1ea3911d1b8a4fb2958afda0cd601ccaed306d7a,sigmetrics-planner-calibration-final-v1--1aebed40c79fb8f3,3201,lih_vqe,paper,noisy_sim,B5,4,2,cross_backend,sha256:6ce308711ff3c17c2828ba16d36e504ea85e6b9ac9265280929ce262a394138b-failure,sha256:be70f0de5de01672727647b686dd8a454595c5f953bdf3bb53b97180cdadc642,sha256:3e961724e06d6d711a9338896a03f47484a702bab4903cdf8ef8771396da980d,sha256:90a6fc287341ee3482d2a787f7389b00e56a0ec391204063de2bd98be7b5816e,sha256:5eef4ada88cd4793629620246bbe7ec97cdf7a782a019484800aaa2ada7cfb43,ibm_kyiv,ibm_brisbane,migrate,migrate:ibm_brisbane,ibm_brisbane,ibm_kyiv->ibm_brisbane,True,,1,1,0.0,0.0,controlled scenario descriptor,0.007,0.23333333333333334,derived recovery-time saved/current backend evidence,1,derived recovery-time saved/current backend identity,1,controlled scenario environment,0.0,0.08166666666666667,0.1,0.0,0.18166666666666667,True,True,cf-bb9f2f8d36376a43fda9,0.0033084793750157715,0.0407527666057741,0.02235532345841037,False,False,False,0,0,0,1,6144,168,noisy_sim,9,4,5120,4,0,0.5,4,4,0.08970018258591406,0.6318671924439961,0.08191544501966291,0.38306584394877974,20,0.085,1,qubit_wise_commuting,8,12288,1536.0,1536,20,0,40,5,entangling_ry_rz_brickwork,1.6727864599321207,0.755859375,0.0016,0.0105,0.018,0.0021,0.014,0.024,0.0004999999999999998,0.0034999999999999996,0.006000000000000002,1.0,1.0,migrate,ibm_brisbane,0.010000000000000002
sha256:6ce308711ff3c17c2828ba16d36e504ea85e6b9ac9265280929ce262a394138b,planner_calibration_3201_3208,planner_calibration,sigmetrics-planner-calibration-final-v1,sha256:e6a06faed51f4ea9d810727b1ea3911d1b8a4fb2958afda0cd601ccaed306d7a,sigmetrics-planner-calibration-final-v1--1aebed40c79fb8f3,3201,lih_vqe,paper,noisy_sim,B5,4,2,cross_backend,sha256:6ce308711ff3c17c2828ba16d36e504ea85e6b9ac9265280929ce262a394138b-failure,sha256:be70f0de5de01672727647b686dd8a454595c5f953bdf3bb53b97180cdadc642,sha256:3e961724e06d6d711a9338896a03f47484a702bab4903cdf8ef8771396da980d,sha256:90a6fc287341ee3482d2a787f7389b00e56a0ec391204063de2bd98be7b5816e,sha256:5eef4ada88cd4793629620246bbe7ec97cdf7a782a019484800aaa2ada7cfb43,ibm_kyiv,ibm_sherbrooke,migrate,migrate:ibm_sherbrooke,ibm_sherbrooke,ibm_kyiv->ibm_sherbrooke,True,,1,1,0.0,0.0,controlled scenario descriptor,0.0018999999999999998,0.06333333333333332,derived recovery-time saved/current backend evidence,1,derived recovery-time saved/current backend identity,1,controlled scenario environment,0.0,0.02216666666666666,0.1,0.0,0.12216666666666667,True,True,cf-241f0b664426eab018d4,0.001645628009283584,0.02753628446882506,0.010275823518963135,False,False,False,0,0,0,1,6144,168,noisy_sim,9,4,5120,4,0,0.5,4,4,0.08970018258591406,0.6318671924439961,0.08191544501966291,0.38306584394877974,20,0.085,1,qubit_wise_commuting,8,12288,1536.0,1536,20,0,40,5,entangling_ry_rz_brickwork,1.6727864599321207,0.755859375,0.0016,0.0105,0.018,0.0012,0.0095,0.017,0.0004000000000000002,0.0010000000000000009,0.0009999999999999974,1.0,1.0,migrate,ibm_sherbrooke,0.0023999999999999985
sha256:6e569d8207996ef862f1b2c4766997545944587656ec75fe1524d8b4f030c4b4,planner_calibration_3201_3208,planner_calibration,sigmetrics-planner-calibration-final-v1,sha256:e6a06faed51f4ea9d810727b1ea3911d1b8a4fb2958afda0cd601ccaed306d7a,sigmetrics-planner-calibration-final-v1--c706e5a743662fdd,3204,qaoa_maxcut,paper,noisy_sim,B5,4,2,safe_change,sha256:6e569d8207996ef862f1b2c4766997545944587656ec75fe1524d8b4f030c4b4-failure,sha256:d89ce02ab41113bb9ed4e8c05cfa2030f64b954ffb17b20e4a24a670ee0bd93f,sha256:8aa9fd73acdbefb930184631c530ac1ad4750da95e7359345a133016be010a68,sha256:a9aa49d0abe0c0e8c2ca3406cdae5818d28f0e352c4a812e712215e808676f00,sha256:4edd4d95b5caf79bcbc3c51fce25b9e854fbf6b26bd79db2f538d35ed434745f,ibm_kyiv,ibm_kyiv,replay,replay:ibm_kyiv,ibm_kyiv,ibm_kyiv->ibm_kyiv,True,,1,1,0.1,0.02,controlled scenario descriptor,0.00020000000000000017,0.006666666666666672,derived recovery-time saved/current backend evidence,0,derived recovery-time saved/current backend identity,1,controlled scenario environment,0.011000000000000001,0.0023333333333333353,0.0,0.0,0.013333333333333336,True,True,cf-0b60f8c52119b31cf834,0.22911152011912073,0.05100072977040767,0.133517784172806,False,True,False,0,1,0,1,16512,40,noisy_sim,9,1,4128,0,0,1.0,4,4,3.493113654880361,13.408464414219573,4.5106097785406245,12.985167602880354,4,0.12,1,qubit_wise_commuting,1,4128,4128.0,4128,4,0,10,6,qaoa_maxcut,5.782781976964548,0.06346899224806202,0.0016,0.0105,0.018,0.001616,0.010605000000000002,0.018179999999999998,1.5999999999999955e-05,0.00010500000000000093,0.0001799999999999996,1.0,1.0,replay,ibm_kyiv,0.0003010000000000005
sha256:6f005094760433c0ec59dc1c0b78ef08f51e1ec1fb48c4b74aba3d0bd31ce907,planner_calibration_3201_3208,planner_calibration,sigmetrics-planner-calibration-final-v1,sha256:e6a06faed51f4ea9d810727b1ea3911d1b8a4fb2958afda0cd601ccaed306d7a,sigmetrics-planner-calibration-final-v1--f910df790734c91a,3204,h2_vqe,paper,noisy_sim,B5,4,2,cross_backend,sha256:6f005094760433c0ec59dc1c0b78ef08f51e1ec1fb48c4b74aba3d0bd31ce907-failure,sha256:75e068f88cbde4db3eccad5de2a9145fb98a909f39ccaa587711f4f79a2c1aaf,sha256:3e961724e06d6d711a9338896a03f47484a702bab4903cdf8ef8771396da980d,sha256:465cf8190aa72910b114108c272f86151fcf7f7906fe7d9023fc8db000a97506,sha256:f3fdd570307208cd9cd30fb3799e93ee0f25ffac5ad031265bf64ee426f81004,ibm_kyiv,ibm_brisbane,migrate,migrate:ibm_brisbane,ibm_brisbane,ibm_kyiv->ibm_brisbane,True,,1,1,0.0,0.0,controlled scenario descriptor,0.007,0.23333333333333334,derived recovery-time saved/current backend evidence,1,derived recovery-time saved/current backend identity,1,controlled scenario environment,0.0,0.08166666666666667,0.1,0.0,0.18166666666666667,True,True,cf-77b62a69b173a18c26c4,0.010346882283261749,0.0545222768346647,0.011009952867694638,False,False,False,0,0,0,1,4992,104,noisy_sim,9,3,2976,4,0,0.42857142857142855,4,4,0.03515487376985882,0.27035026865584005,0.050240963326342314,0.1865673757997202,12,0.105,1,qubit_wise_commuting,7,8736,1248.0,1248,12,0,24,4,entangling_ry_rz_brickwork,0.9913416874340611,0.8565705128205128,0.0016,0.0105,0.018,0.0021,0.014,0.024,0.0004999999999999998,0.0034999999999999996,0.006000000000000002,1.0,1.0,migrate,ibm_brisbane,0.010000000000000002
sha256:6f005094760433c0ec59dc1c0b78ef08f51e1ec1fb48c4b74aba3d0bd31ce907,planner_calibration_3201_3208,planner_calibration,sigmetrics-planner-calibration-final-v1,sha256:e6a06faed51f4ea9d810727b1ea3911d1b8a4fb2958afda0cd601ccaed306d7a,sigmetrics-planner-calibration-final-v1--f910df790734c91a,3204,h2_vqe,paper,noisy_sim,B5,4,2,cross_backend,sha256:6f005094760433c0ec59dc1c0b78ef08f51e1ec1fb48c4b74aba3d0bd31ce907-failure,sha256:75e068f88cbde4db3eccad5de2a9145fb98a909f39ccaa587711f4f79a2c1aaf,sha256:3e961724e06d6d711a9338896a03f47484a702bab4903cdf8ef8771396da980d,sha256:465cf8190aa72910b114108c272f86151fcf7f7906fe7d9023fc8db000a97506,sha256:f3fdd570307208cd9cd30fb3799e93ee0f25ffac5ad031265bf64ee426f81004,ibm_kyiv,ibm_sherbrooke,migrate,migrate:ibm_sherbrooke,ibm_sherbrooke,ibm_kyiv->ibm_sherbrooke,True,,1,1,0.0,0.0,controlled scenario descriptor,0.0018999999999999998,0.06333333333333332,derived recovery-time saved/current backend evidence,1,derived recovery-time saved/current backend identity,1,controlled scenario environment,0.0,0.02216666666666666,0.1,0.0,0.12216666666666667,True,True,cf-5d723a3e2bd569b3fb26,0.005203725469632214,0.04803273248779226,0.0049783777025775725,False,False,False,0,0,0,1,4992,104,noisy_sim,9,3,2976,4,0,0.42857142857142855,4,4,0.03515487376985882,0.27035026865584005,0.050240963326342314,0.1865673757997202,12,0.105,1,qubit_wise_commuting,7,8736,1248.0,1248,12,0,24,4,entangling_ry_rz_brickwork,0.9913416874340611,0.8565705128205128,0.0016,0.0105,0.018,0.0012,0.0095,0.017,0.0004000000000000002,0.0010000000000000009,0.0009999999999999974,1.0,1.0,migrate,ibm_sherbrooke,0.0023999999999999985
sha256:70a865849d5415e5b19983c4a72ac870a77eed71cda22f71b4f3d0bce19aa952,planner_calibration_3201_3208,planner_calibration,sigmetrics-planner-calibration-final-v1,sha256:e6a06faed51f4ea9d810727b1ea3911d1b8a4fb2958afda0cd601ccaed306d7a,sigmetrics-planner-calibration-final-v1--7286d626c77a82b3,3202,h2_vqe,paper,noisy_sim,B5,4,2,cross_backend,sha256:70a865849d5415e5b19983c4a72ac870a77eed71cda22f71b4f3d0bce19aa952-failure,sha256:9ef26cb9df71a0614ffdd05c1da8ab2a324986c9cea9c271623972b6c2e59790,sha256:3e961724e06d6d711a9338896a03f47484a702bab4903cdf8ef8771396da980d,sha256:465cf8190aa72910b114108c272f86151fcf7f7906fe7d9023fc8db000a97506,sha256:191d0a055eb6a50975a9b48372d0eb0ecb9c7eb64bca9a42b93496ddecb75c75,ibm_kyiv,ibm_brisbane,migrate,migrate:ibm_brisbane,ibm_brisbane,ibm_kyiv->ibm_brisbane,True,,1,1,0.0,0.0,controlled scenario descriptor,0.007,0.23333333333333334,derived recovery-time saved/current backend evidence,1,derived recovery-time saved/current backend identity,1,controlled scenario environment,0.0,0.08166666666666667,0.1,0.0,0.18166666666666667,True,True,cf-2186ad46b1ddb083714d,0.00948058967158838,0.06769391859431194,0.011462027181535543,False,False,False,0,0,0,1,4992,104,noisy_sim,9,3,2976,4,0,0.42857142857142855,4,4,0.09478762198656088,0.45584298395901934,0.07876767850603342,0.33181023888040095,12,0.105,1,qubit_wise_commuting,7,8736,1248.0,1248,12,0,24,4,entangling_ry_rz_brickwork,0.9407904513471905,0.8653846153846154,0.0016,0.0105,0.018,0.0021,0.014,0.024,0.0004999999999999998,0.0034999999999999996,0.006000000000000002,1.0,1.0,migrate,ibm_brisbane,0.010000000000000002
sha256:70a865849d5415e5b19983c4a72ac870a77eed71cda22f71b4f3d0bce19aa952,planner_calibration_3201_3208,planner_calibration,sigmetrics-planner-calibration-final-v1,sha256:e6a06faed51f4ea9d810727b1ea3911d1b8a4fb2958afda0cd601ccaed306d7a,sigmetrics-planner-calibration-final-v1--7286d626c77a82b3,3202,h2_vqe,paper,noisy_sim,B5,4,2,cross_backend,sha256:70a865849d5415e5b19983c4a72ac870a77eed71cda22f71b4f3d0bce19aa952-failure,sha256:9ef26cb9df71a0614ffdd05c1da8ab2a324986c9cea9c271623972b6c2e59790,sha256:3e961724e06d6d711a9338896a03f47484a702bab4903cdf8ef8771396da980d,sha256:465cf8190aa72910b114108c272f86151fcf7f7906fe7d9023fc8db000a97506,sha256:191d0a055eb6a50975a9b48372d0eb0ecb9c7eb64bca9a42b93496ddecb75c75,ibm_kyiv,ibm_sherbrooke,migrate,migrate:ibm_sherbrooke,ibm_sherbrooke,ibm_kyiv->ibm_sherbrooke,True,,1,1,0.0,0.0,controlled scenario descriptor,0.0018999999999999998,0.06333333333333332,derived recovery-time saved/current backend evidence,1,derived recovery-time saved/current backend identity,1,controlled scenario environment,0.0,0.02216666666666666,0.1,0.0,0.12216666666666667,True,True,cf-2a42142e1088b2a2b4fd,0.0048205640001484085,0.010602378968087299,0.005250550684267126,False,False,False,0,0,0,1,4992,104,noisy_sim,9,3,2976,4,0,0.42857142857142855,4,4,0.09478762198656088,0.45584298395901934,0.07876767850603342,0.33181023888040095,12,0.105,1,qubit_wise_commuting,7,8736,1248.0,1248,12,0,24,4,entangling_ry_rz_brickwork,0.9407904513471905,0.8653846153846154,0.0016,0.0105,0.018,0.0012,0.0095,0.017,0.0004000000000000002,0.0010000000000000009,0.0009999999999999974,1.0,1.0,migrate,ibm_sherbrooke,0.0023999999999999985
sha256:70b95574269f67dc1df322803630a41da32265fa6c15a64537f456d7677bca1b,planner_calibration_3201_3208,planner_calibration,sigmetrics-planner-calibration-final-v1,sha256:e6a06faed51f4ea9d810727b1ea3911d1b8a4fb2958afda0cd601ccaed306d7a,sigmetrics-planner-calibration-final-v1--2b7944b7d436df8d,3207,lih_vqe,paper,noisy_sim,B5,4,2,same_backend_delay,sha256:70b95574269f67dc1df322803630a41da32265fa6c15a64537f456d7677bca1b-failure,sha256:28c8ea428fea21f1b41530db56f8e043597dfd61c230af798406433aca22a331,sha256:2b5d5606b48121c83beae64c1c7cabbafc8d4853980e515ebdce93987de444de,sha256:a34acccbf511b108775b8e967e3b18427ed7ef8b4253f5317c30df5592c85ab5,sha256:6099b33d5c31dbb4e71fbd03a1b64789b0f740d6c3a5acc0be06ee940b1b594c,ibm_kyiv,ibm_sherbrooke,migrate,migrate:ibm_sherbrooke,ibm_sherbrooke,ibm_kyiv->ibm_sherbrooke,True,,1,1,0.0,0.0,controlled scenario descriptor,0.0018999999999999998,0.06333333333333332,derived recovery-time saved/current backend evidence,1,derived recovery-time saved/current backend identity,1,controlled scenario environment,0.0,0.02216666666666666,0.1,0.0,0.12216666666666667,True,True,cf-96d8a57ed0df2cf0437f,0.0011635659872331061,0.04811402741247498,0.01041581895144658,False,False,False,0,0,0,1,6144,168,noisy_sim,9,4,5120,4,0,0.5,4,4,0.07945046398903077,0.6023106832048946,0.07254746524202499,0.3889754678576354,20,0.085,1,qubit_wise_commuting,8,12288,1536.0,1536,20,0,40,5,entangling_ry_rz_brickwork,1.6065989214985639,0.7630208333333334,0.0016,0.0105,0.018,0.0012,0.0095,0.017,0.0004000000000000002,0.0010000000000000009,0.0009999999999999974,1.0,1.0,migrate,ibm_sherbrooke,0.0023999999999999985
sha256:70b95574269f67dc1df322803630a41da32265fa6c15a64537f456d7677bca1b,planner_calibration_3201_3208,planner_calibration,sigmetrics-planner-calibration-final-v1,sha256:e6a06faed51f4ea9d810727b1ea3911d1b8a4fb2958afda0cd601ccaed306d7a,sigmetrics-planner-calibration-final-v1--2b7944b7d436df8d,3207,lih_vqe,paper,noisy_sim,B5,4,2,same_backend_delay,sha256:70b95574269f67dc1df322803630a41da32265fa6c15a64537f456d7677bca1b-failure,sha256:28c8ea428fea21f1b41530db56f8e043597dfd61c230af798406433aca22a331,sha256:2b5d5606b48121c83beae64c1c7cabbafc8d4853980e515ebdce93987de444de,sha256:a34acccbf511b108775b8e967e3b18427ed7ef8b4253f5317c30df5592c85ab5,sha256:6099b33d5c31dbb4e71fbd03a1b64789b0f740d6c3a5acc0be06ee940b1b594c,ibm_kyiv,ibm_kyiv,replay,replay:ibm_kyiv,ibm_kyiv,ibm_kyiv->ibm_kyiv,True,,1,1,4.0,0.8,controlled scenario descriptor,0.007999999999999998,0.2666666666666666,derived recovery-time saved/current backend evidence,0,derived recovery-time saved/current backend identity,1,controlled scenario environment,0.44000000000000006,0.09333333333333331,0.0,0.0,0.5333333333333333,True,True,cf-6aa7272d5289dd9b793c,0.0033468828219476165,0.09483404098777429,0.028406279822599887,False,False,False,0,0,0,1,6144,168,noisy_sim,9,4,5120,4,0,0.5,4,4,0.07945046398903077,0.6023106832048946,0.07254746524202499,0.3889754678576354,20,0.085,1,qubit_wise_commuting,8,12288,1536.0,1536,20,0,40,5,entangling_ry_rz_brickwork,1.6065989214985639,0.7630208333333334,0.0016,0.0105,0.018,0.00224,0.0147,0.025199999999999997,0.0006399999999999997,0.004199999999999999,0.007199999999999998,1.0,1.0,replay,ibm_kyiv,0.012039999999999997
sha256:71aa625dbfb463d341f5efcbd332dc0bb6d15318d9c8be61a9aa2fb9fab3eb81,planner_calibration_3201_3208,planner_calibration,sigmetrics-planner-calibration-final-v1,sha256:e6a06faed51f4ea9d810727b1ea3911d1b8a4fb2958afda0cd601ccaed306d7a,sigmetrics-planner-calibration-final-v1--258e0b8d01c1a416,3208,adapt_vqe,paper,noisy_sim,B6,4,2,no_change,sha256:71aa625dbfb463d341f5efcbd332dc0bb6d15318d9c8be61a9aa2fb9fab3eb81-failure,sha256:90426d03c5eb258970bb9640ac37ce07cacb48895e3b09466137721e96ae481f,sha256:0e7343b47d003afe2860e33d67399c12f7ed84b7f18c3a5e0d48aae47fda9990,sha256:966a7ca5de68231d7aa886c2f276bb727c01663a4e7b6881b3414a2b6ebdaea9,sha256:9c947a202747b47e9a6a2d50d67ba3be019bd2c2a87329492e270c96a2736e1a,ibm_kyiv,ibm_kyiv,replay,replay:ibm_kyiv,ibm_kyiv,ibm_kyiv->ibm_kyiv,True,,1,1,0.0,0.0,controlled scenario descriptor,0.0,0.0,derived recovery-time saved/current backend evidence,0,derived recovery-time saved/current backend identity,1,controlled scenario environment,0.0,0.0,0.0,0.0,0.0,True,True,cf-31327bb7add6f6c3f4ac,0.0,0.0,0.0,True,True,True,1,1,1,0,4352,56,noisy_sim,15,0,0,8,0,0.0,4,4,0.0059893674777455885,0.17901115003067836,0.05389884841905185,0.13138230575925214,6,0.08,1,qubit_wise_commuting,8,8704,1088.0,1088,6,6,40,5,adapt_pauli_pool,0.8146388283903975,0.8851102941176471,0.0016,0.0105,0.018,0.0016,0.0105,0.018,0.0,0.0,0.0,1.0,1.0,replay,ibm_kyiv,0.0
sha256:74cec967c4bf170badab13bc0f09d8a69fae42434147e07e4ba12748873aa3a3,planner_calibration_3201_3208,planner_calibration,sigmetrics-planner-calibration-final-v1,sha256:e6a06faed51f4ea9d810727b1ea3911d1b8a4fb2958afda0cd601ccaed306d7a,sigmetrics-planner-calibration-final-v1--579f7c74fafd4d63,3204,adapt_vqe,paper,noisy_sim,B6,4,2,safe_change,sha256:74cec967c4bf170badab13bc0f09d8a69fae42434147e07e4ba12748873aa3a3-failure,sha256:847e22432e819d5965594ed805f9254ebd64adba6ebfbf03bddc338e0e516099,sha256:8aa9fd73acdbefb930184631c530ac1ad4750da95e7359345a133016be010a68,sha256:317388e5b80af87428f1e3602de3fe41a034feeaea8d9419e01d1d16750e21ef,sha256:129f2246e63500d6465380fafc9ccacc83d566b93b648ce340178f98a0cc462b,ibm_kyiv,ibm_kyiv,replay,replay:ibm_kyiv,ibm_kyiv,ibm_kyiv->ibm_kyiv,True,,1,1,0.1,0.02,controlled scenario descriptor,0.00020000000000000017,0.006666666666666672,derived recovery-time saved/current backend evidence,0,derived recovery-time saved/current backend identity,1,controlled scenario environment,0.011000000000000001,0.0023333333333333353,0.0,0.0,0.013333333333333336,True,True,cf-f358ab3be591345f8c18,5.675435354568492e-05,0.0034689379981579695,5.3314319495162285e-05,True,True,True,1,1,1,0,4352,56,noisy_sim,15,0,0,8,0,0.0,4,4,0.00721281844689603,0.20100657412148223,0.05752096359508294,0.15521090297192014,6,0.08,1,qubit_wise_commuting,8,8704,1088.0,1088,6,6,40,5,adapt_pauli_pool,0.6933511506975439,0.9025735294117647,0.0016,0.0105,0.018,0.001616,0.010605000000000002,0.018179999999999998,1.5999999999999955e-05,0.00010500000000000093,0.0001799999999999996,1.0,1.0,replay,ibm_kyiv,0.0003010000000000005
sha256:751f9535a82fc6258a5b2368aa81580fc9c75df3554be3b54291914656dc9088,planner_calibration_3201_3208,planner_calibration,sigmetrics-planner-calibration-final-v1,sha256:e6a06faed51f4ea9d810727b1ea3911d1b8a4fb2958afda0cd601ccaed306d7a,sigmetrics-planner-calibration-final-v1--ed6fdbbf13e8cae1,3208,qaoa_maxcut,paper,noisy_sim,B5,4,2,no_change,sha256:751f9535a82fc6258a5b2368aa81580fc9c75df3554be3b54291914656dc9088-failure,sha256:b0a662a161de653757528e0e26c05bc246a842ce2db14de08b4d0aad7126bea7,sha256:0e7343b47d003afe2860e33d67399c12f7ed84b7f18c3a5e0d48aae47fda9990,sha256:beaa270a390816fadd39bf6e4cf2cb1d92f7bf84678ac415bf7f191142ad2044,sha256:af21b4f8d89146f721a24d55a9e80e8610805ecca920208e70c29c57f2b4c0ed,ibm_kyiv,ibm_kyiv,replay,replay:ibm_kyiv,ibm_kyiv,ibm_kyiv->ibm_kyiv,True,,1,1,0.0,0.0,controlled scenario descriptor,0.0,0.0,derived recovery-time saved/current backend evidence,0,derived recovery-time saved/current backend identity,1,controlled scenario environment,0.0,0.0,0.0,0.0,0.0,True,True,cf-08080f07ebb5057035e6,0.0,0.0,0.0,True,True,True,1,1,1,0,16384,40,noisy_sim,9,1,4096,0,0,1.0,4,4,2.553021421987263,6.42548841412416,3.0233798251886324,4.414778706439412,4,0.12,1,qubit_wise_commuting,1,4096,4096.0,4096,4,0,10,6,qaoa_maxcut,5.317311044248581,0.14111328125,0.0016,0.0105,0.018,0.0016,0.0105,0.018,0.0,0.0,0.0,1.0,1.0,replay,ibm_kyiv,0.0
sha256:75d474b684622794b448a88c83539e38ea92fcc97d621a6a86a452863e532783,planner_calibration_3201_3208,planner_calibration,sigmetrics-planner-calibration-final-v1,sha256:e6a06faed51f4ea9d810727b1ea3911d1b8a4fb2958afda0cd601ccaed306d7a,sigmetrics-planner-calibration-final-v1--965fbec09c6e746b,3208,qaoa_maxcut,paper,noisy_sim,B5,4,2,safe_change,sha256:75d474b684622794b448a88c83539e38ea92fcc97d621a6a86a452863e532783-failure,sha256:b0a662a161de653757528e0e26c05bc246a842ce2db14de08b4d0aad7126bea7,sha256:8aa9fd73acdbefb930184631c530ac1ad4750da95e7359345a133016be010a68,sha256:a9aa49d0abe0c0e8c2ca3406cdae5818d28f0e352c4a812e712215e808676f00,sha256:d4800eb477c8f3c00c9210306d3517e303e674a1c59bde00510c19e3df058649,ibm_kyiv,ibm_kyiv,replay,replay:ibm_kyiv,ibm_kyiv,ibm_kyiv->ibm_kyiv,True,,1,1,0.1,0.02,controlled scenario descriptor,0.00020000000000000017,0.006666666666666672,derived recovery-time saved/current backend evidence,0,derived recovery-time saved/current backend identity,1,controlled scenario environment,0.011000000000000001,0.0023333333333333353,0.0,0.0,0.013333333333333336,True,True,cf-9550133f0b985b1722b9,0.0020068500770591413,0.037439291801521016,0.06006895490021472,True,True,True,1,1,1,0,16384,40,noisy_sim,9,1,4096,0,0,1.0,4,4,2.553021421987263,6.42548841412416,3.0233798251886324,4.414778706439412,4,0.12,1,qubit_wise_commuting,1,4096,4096.0,4096,4,0,10,6,qaoa_maxcut,5.317311044248581,0.14111328125,0.0016,0.0105,0.018,0.001616,0.010605000000000002,0.018179999999999998,1.5999999999999955e-05,0.00010500000000000093,0.0001799999999999996,1.0,1.0,replay,ibm_kyiv,0.0003010000000000005
sha256:767d65353b63d4ef81506e479e3e640e3353d3ea34c2138a9502e43b8c73e852,planner_calibration_3201_3208,planner_calibration,sigmetrics-planner-calibration-final-v1,sha256:e6a06faed51f4ea9d810727b1ea3911d1b8a4fb2958afda0cd601ccaed306d7a,sigmetrics-planner-calibration-final-v1--8d92d9836d2e4941,3207,adapt_vqe,paper,noisy_sim,B6,4,2,same_backend_delay,sha256:767d65353b63d4ef81506e479e3e640e3353d3ea34c2138a9502e43b8c73e852-failure,sha256:b3799d6c47cd6dfafc2d8400f90a44f7abc5ac487b60a6f1e4010176e5ecfcb0,sha256:2b5d5606b48121c83beae64c1c7cabbafc8d4853980e515ebdce93987de444de,sha256:4192599e00839095ce28acc7a17164bae699a252dfbf7ea081f422a6f6b84515,sha256:de003c281c943b77e6e09720576cf61cb355c0a34b045685f688eb5461944c44,ibm_kyiv,ibm_sherbrooke,migrate,migrate:ibm_sherbrooke,ibm_sherbrooke,ibm_kyiv->ibm_sherbrooke,True,,1,1,0.0,0.0,controlled scenario descriptor,0.0018999999999999998,0.06333333333333332,derived recovery-time saved/current backend evidence,1,derived recovery-time saved/current backend identity,1,controlled scenario environment,0.0,0.02216666666666666,0.1,0.0,0.12216666666666667,True,True,cf-017c8b2ffcde791d45aa,0.0006983200951617974,0.0075930917264305006,0.001264853540342739,False,False,False,0,0,0,1,4352,56,noisy_sim,15,0,0,8,0,0.0,4,4,0.0008856774614631746,0.06242299281220056,0.018733516966511158,0.05342941911524612,6,0.08,1,qubit_wise_commuting,8,8704,1088.0,1088,6,6,40,5,adapt_pauli_pool,0.7873679675743115,0.890625,0.0016,0.0105,0.018,0.0012,0.0095,0.017,0.0004000000000000002,0.0010000000000000009,0.0009999999999999974,1.0,1.0,migrate,ibm_sherbrooke,0.0023999999999999985
sha256:767d65353b63d4ef81506e479e3e640e3353d3ea34c2138a9502e43b8c73e852,planner_calibration_3201_3208,planner_calibration,sigmetrics-planner-calibration-final-v1,sha256:e6a06faed51f4ea9d810727b1ea3911d1b8a4fb2958afda0cd601ccaed306d7a,sigmetrics-planner-calibration-final-v1--8d92d9836d2e4941,3207,adapt_vqe,paper,noisy_sim,B6,4,2,same_backend_delay,sha256:767d65353b63d4ef81506e479e3e640e3353d3ea34c2138a9502e43b8c73e852-failure,sha256:b3799d6c47cd6dfafc2d8400f90a44f7abc5ac487b60a6f1e4010176e5ecfcb0,sha256:2b5d5606b48121c83beae64c1c7cabbafc8d4853980e515ebdce93987de444de,sha256:4192599e00839095ce28acc7a17164bae699a252dfbf7ea081f422a6f6b84515,sha256:de003c281c943b77e6e09720576cf61cb355c0a34b045685f688eb5461944c44,ibm_kyiv,ibm_kyiv,replay,replay:ibm_kyiv,ibm_kyiv,ibm_kyiv->ibm_kyiv,True,,1,1,4.0,0.8,controlled scenario descriptor,0.007999999999999998,0.2666666666666666,derived recovery-time saved/current backend evidence,0,derived recovery-time saved/current backend identity,1,controlled scenario environment,0.44000000000000006,0.09333333333333331,0.0,0.0,0.5333333333333333,True,True,cf-c6ce24e9371835cdef06,0.002348780079279855,0.0994960881941456,0.0020217965909360607,False,False,False,0,0,0,1,4352,56,noisy_sim,15,0,0,8,0,0.0,4,4,0.0008856774614631746,0.06242299281220056,0.018733516966511158,0.05342941911524612,6,0.08,1,qubit_wise_commuting,8,8704,1088.0,1088,6,6,40,5,adapt_pauli_pool,0.7873679675743115,0.890625,0.0016,0.0105,0.018,0.00224,0.0147,0.025199999999999997,0.0006399999999999997,0.004199999999999999,0.007199999999999998,1.0,1.0,replay,ibm_kyiv,0.012039999999999997
sha256:7804a55ad7287b1ca51d038ec2f0a83d9c4ff16417cdb4dc6f2cdf54ca7f98c4,planner_calibration_3201_3208,planner_calibration,sigmetrics-planner-calibration-final-v1,sha256:e6a06faed51f4ea9d810727b1ea3911d1b8a4fb2958afda0cd601ccaed306d7a,sigmetrics-planner-calibration-final-v1--9531fceedb41ed66,3206,qaoa_maxcut,paper,noisy_sim,B5,4,2,no_change,sha256:7804a55ad7287b1ca51d038ec2f0a83d9c4ff16417cdb4dc6f2cdf54ca7f98c4-failure,sha256:3e81e1d6c8de361668e36bd56b4d7e31b1016224ed55861afa53c5f98700c70e,sha256:0e7343b47d003afe2860e33d67399c12f7ed84b7f18c3a5e0d48aae47fda9990,sha256:beaa270a390816fadd39bf6e4cf2cb1d92f7bf84678ac415bf7f191142ad2044,sha256:b7826d386a79be48d7b308b047788f6a8e30260e4bb83b245fd7651d0521a86b,ibm_kyiv,ibm_kyiv,replay,replay:ibm_kyiv,ibm_kyiv,ibm_kyiv->ibm_kyiv,True,,1,1,0.0,0.0,controlled scenario descriptor,0.0,0.0,derived recovery-time saved/current backend evidence,0,derived recovery-time saved/current backend identity,1,controlled scenario environment,0.0,0.0,0.0,0.0,0.0,True,True,cf-39c4ec0ce94eef27d517,0.0,0.0,0.0,True,True,True,1,1,1,0,16512,40,noisy_sim,9,1,4128,0,0,1.0,4,4,2.542464911220978,8.082579638887832,3.6323456151097853,6.295761213828399,4,0.12,1,qubit_wise_commuting,1,4128,4128.0,4128,4,0,10,6,qaoa_maxcut,5.7535453202464515,0.07146317829457365,0.0016,0.0105,0.018,0.0016,0.0105,0.018,0.0,0.0,0.0,1.0,1.0,replay,ibm_kyiv,0.0
sha256:79cc5839329d05a3df15b9e396958e0a02e9a442b480071db3492081ce08b2dc,planner_calibration_3201_3208,planner_calibration,sigmetrics-planner-calibration-final-v1,sha256:e6a06faed51f4ea9d810727b1ea3911d1b8a4fb2958afda0cd601ccaed306d7a,sigmetrics-planner-calibration-final-v1--b02f0adbb559c676,3206,h2_vqe,paper,noisy_sim,B5,4,2,cross_backend,sha256:79cc5839329d05a3df15b9e396958e0a02e9a442b480071db3492081ce08b2dc-failure,sha256:7c8927e2904bd085bfcfc57ac037bd77ddfecff4d4aa3d3ddf6649b40937c9da,sha256:3e961724e06d6d711a9338896a03f47484a702bab4903cdf8ef8771396da980d,sha256:465cf8190aa72910b114108c272f86151fcf7f7906fe7d9023fc8db000a97506,sha256:2d3891a1d64e26c4aa66cde26621fa2df7dbd97e147569f1b1bb5b85e1aea8bd,ibm_kyiv,ibm_brisbane,migrate,migrate:ibm_brisbane,ibm_brisbane,ibm_kyiv->ibm_brisbane,True,,1,1,0.0,0.0,controlled scenario descriptor,0.007,0.23333333333333334,derived recovery-time saved/current backend evidence,1,derived recovery-time saved/current backend identity,1,controlled scenario environment,0.0,0.08166666666666667,0.1,0.0,0.18166666666666667,True,True,cf-424fd672aea743ebc141,0.010121243423132142,0.06114542081544373,0.012589969031409054,False,False,False,0,0,0,1,4992,104,noisy_sim,9,3,2976,4,0,0.42857142857142855,4,4,0.027460155600799174,0.24638122786619204,0.043459222725931536,0.17536963560202462,12,0.105,1,qubit_wise_commuting,7,8736,1248.0,1248,12,0,24,4,entangling_ry_rz_brickwork,0.929523612042819,0.8693910256410257,0.0016,0.0105,0.018,0.0021,0.014,0.024,0.0004999999999999998,0.0034999999999999996,0.006000000000000002,1.0,1.0,migrate,ibm_brisbane,0.010000000000000002
sha256:79cc5839329d05a3df15b9e396958e0a02e9a442b480071db3492081ce08b2dc,planner_calibration_3201_3208,planner_calibration,sigmetrics-planner-calibration-final-v1,sha256:e6a06faed51f4ea9d810727b1ea3911d1b8a4fb2958afda0cd601ccaed306d7a,sigmetrics-planner-calibration-final-v1--b02f0adbb559c676,3206,h2_vqe,paper,noisy_sim,B5,4,2,cross_backend,sha256:79cc5839329d05a3df15b9e396958e0a02e9a442b480071db3492081ce08b2dc-failure,sha256:7c8927e2904bd085bfcfc57ac037bd77ddfecff4d4aa3d3ddf6649b40937c9da,sha256:3e961724e06d6d711a9338896a03f47484a702bab4903cdf8ef8771396da980d,sha256:465cf8190aa72910b114108c272f86151fcf7f7906fe7d9023fc8db000a97506,sha256:2d3891a1d64e26c4aa66cde26621fa2df7dbd97e147569f1b1bb5b85e1aea8bd,ibm_kyiv,ibm_sherbrooke,migrate,migrate:ibm_sherbrooke,ibm_sherbrooke,ibm_kyiv->ibm_sherbrooke,True,,1,1,0.0,0.0,controlled scenario descriptor,0.0018999999999999998,0.06333333333333332,derived recovery-time saved/current backend evidence,1,derived recovery-time saved/current backend identity,1,controlled scenario environment,0.0,0.02216666666666666,0.1,0.0,0.12216666666666667,True,True,cf-b80862b737bb1f1c91ea,0.005109512516242809,0.009436497899517277,0.005651888630753,False,False,False,0,0,0,1,4992,104,noisy_sim,9,3,2976,4,0,0.42857142857142855,4,4,0.027460155600799174,0.24638122786619204,0.043459222725931536,0.17536963560202462,12,0.105,1,qubit_wise_commuting,7,8736,1248.0,1248,12,0,24,4,entangling_ry_rz_brickwork,0.929523612042819,0.8693910256410257,0.0016,0.0105,0.018,0.0012,0.0095,0.017,0.0004000000000000002,0.0010000000000000009,0.0009999999999999974,1.0,1.0,migrate,ibm_sherbrooke,0.0023999999999999985
sha256:7a35748e39326cd4ef362cf05106c2adfc6ff14bae9b4b2fd125540d57313de2,planner_calibration_3201_3208,planner_calibration,sigmetrics-planner-calibration-final-v1,sha256:e6a06faed51f4ea9d810727b1ea3911d1b8a4fb2958afda0cd601ccaed306d7a,sigmetrics-planner-calibration-final-v1--450da12330d33081,3204,lih_vqe,paper,noisy_sim,B5,4,2,cross_backend,sha256:7a35748e39326cd4ef362cf05106c2adfc6ff14bae9b4b2fd125540d57313de2-failure,sha256:488fb0c7a7581e16c295db15859e2e4a4749e28e2fcf257141ce765724459159,sha256:3e961724e06d6d711a9338896a03f47484a702bab4903cdf8ef8771396da980d,sha256:90a6fc287341ee3482d2a787f7389b00e56a0ec391204063de2bd98be7b5816e,sha256:bfc970379043e62957a52912dd8ff71eade6aea8d8b3768d4f362c39999de88e,ibm_kyiv,ibm_brisbane,migrate,migrate:ibm_brisbane,ibm_brisbane,ibm_kyiv->ibm_brisbane,True,,1,1,0.0,0.0,controlled scenario descriptor,0.007,0.23333333333333334,derived recovery-time saved/current backend evidence,1,derived recovery-time saved/current backend identity,1,controlled scenario environment,0.0,0.08166666666666667,0.1,0.0,0.18166666666666667,True,True,cf-64a3c818b447b9318b8b,0.002532631328681312,0.0567138384505925,0.02187852218367868,False,False,False,0,0,0,1,5632,168,noisy_sim,9,4,4608,4,0,0.5,4,4,0.05596008991093093,0.49532302444160364,0.06003637581711087,0.33313320795337453,20,0.085,1,qubit_wise_commuting,8,11264,1408.0,1408,20,0,40,5,entangling_ry_rz_brickwork,1.510603338534905,0.7862215909090909,0.0016,0.0105,0.018,0.0021,0.014,0.024,0.0004999999999999998,0.0034999999999999996,0.006000000000000002,1.0,1.0,migrate,ibm_brisbane,0.010000000000000002
sha256:7a35748e39326cd4ef362cf05106c2adfc6ff14bae9b4b2fd125540d57313de2,planner_calibration_3201_3208,planner_calibration,sigmetrics-planner-calibration-final-v1,sha256:e6a06faed51f4ea9d810727b1ea3911d1b8a4fb2958afda0cd601ccaed306d7a,sigmetrics-planner-calibration-final-v1--450da12330d33081,3204,lih_vqe,paper,noisy_sim,B5,4,2,cross_backend,sha256:7a35748e39326cd4ef362cf05106c2adfc6ff14bae9b4b2fd125540d57313de2-failure,sha256:488fb0c7a7581e16c295db15859e2e4a4749e28e2fcf257141ce765724459159,sha256:3e961724e06d6d711a9338896a03f47484a702bab4903cdf8ef8771396da980d,sha256:90a6fc287341ee3482d2a787f7389b00e56a0ec391204063de2bd98be7b5816e,sha256:bfc970379043e62957a52912dd8ff71eade6aea8d8b3768d4f362c39999de88e,ibm_kyiv,ibm_sherbrooke,migrate,migrate:ibm_sherbrooke,ibm_sherbrooke,ibm_kyiv->ibm_sherbrooke,True,,1,1,0.0,0.0,controlled scenario descriptor,0.0018999999999999998,0.06333333333333332,derived recovery-time saved/current backend evidence,1,derived recovery-time saved/current backend identity,1,controlled scenario environment,0.0,0.02216666666666666,0.1,0.0,0.12216666666666667,True,True,cf-ca61ad86731c6aebf549,0.001027861173199085,0.024860136379133962,0.009882599326064535,False,False,False,0,0,0,1,5632,168,noisy_sim,9,4,4608,4,0,0.5,4,4,0.05596008991093093,0.49532302444160364,0.06003637581711087,0.33313320795337453,20,0.085,1,qubit_wise_commuting,8,11264,1408.0,1408,20,0,40,5,entangling_ry_rz_brickwork,1.510603338534905,0.7862215909090909,0.0016,0.0105,0.018,0.0012,0.0095,0.017,0.0004000000000000002,0.0010000000000000009,0.0009999999999999974,1.0,1.0,migrate,ibm_sherbrooke,0.0023999999999999985
sha256:7a7886b235c44496451fc2f374029ecfcf5e312d6f826a99f15883f0e9575427,planner_calibration_3201_3208,planner_calibration,sigmetrics-planner-calibration-final-v1,sha256:e6a06faed51f4ea9d810727b1ea3911d1b8a4fb2958afda0cd601ccaed306d7a,sigmetrics-planner-calibration-final-v1--776eada576304b88,3208,lih_vqe,paper,noisy_sim,B5,4,2,no_change,sha256:7a7886b235c44496451fc2f374029ecfcf5e312d6f826a99f15883f0e9575427-failure,sha256:3a1d5db8272d9f6fbad49deb94e58fb052608c352e84d85a8656e517face80c9,sha256:0e7343b47d003afe2860e33d67399c12f7ed84b7f18c3a5e0d48aae47fda9990,sha256:c47932d509f62acb75888b4e18d00ff3fb54f3468768cff7bf362cbd2dcdb2a5,sha256:59e1b8df7d3bb10571e36e3d3fe43b9d0ca05c551dab41402b2be1ec83843b0e,ibm_kyiv,ibm_kyiv,replay,replay:ibm_kyiv,ibm_kyiv,ibm_kyiv->ibm_kyiv,True,,1,1,0.0,0.0,controlled scenario descriptor,0.0,0.0,derived recovery-time saved/current backend evidence,0,derived recovery-time saved/current backend identity,1,controlled scenario environment,0.0,0.0,0.0,0.0,0.0,True,True,cf-cb543153fbc89dc8a361,0.0,0.0,0.0,True,True,True,1,1,1,0,6144,168,noisy_sim,9,4,5120,4,0,0.5,4,4,0.08882639129214098,0.6107391663059288,0.06608345735153985,0.4201181202869818,20,0.085,1,qubit_wise_commuting,8,12288,1536.0,1536,20,0,40,5,entangling_ry_rz_brickwork,1.3937094986767222,0.810546875,0.0016,0.0105,0.018,0.0016,0.0105,0.018,0.0,0.0,0.0,1.0,1.0,replay,ibm_kyiv,0.0
sha256:7c0974636c9983235c6f13ef9d71fa4554e29f4994ab90ee01faaa21ead26061,planner_calibration_3201_3208,planner_calibration,sigmetrics-planner-calibration-final-v1,sha256:e6a06faed51f4ea9d810727b1ea3911d1b8a4fb2958afda0cd601ccaed306d7a,sigmetrics-planner-calibration-final-v1--a03a8d2164f2c84b,3201,qaoa_maxcut,paper,noisy_sim,B5,4,2,same_backend_delay,sha256:7c0974636c9983235c6f13ef9d71fa4554e29f4994ab90ee01faaa21ead26061-failure,sha256:8f1614fc3b36ea92b087bfe771ba156fb3eb737840a48e534aa60667637ab1f2,sha256:2b5d5606b48121c83beae64c1c7cabbafc8d4853980e515ebdce93987de444de,sha256:7c1d6d3b92b74eb9793f2e3d7476b13650919c35e6be30736522cf63625ecb00,sha256:4850203d6086ca6ca1a89385e77f49474eda6db77f1de7b05a8ff43f79407f7e,ibm_kyiv,ibm_sherbrooke,migrate,migrate:ibm_sherbrooke,ibm_sherbrooke,ibm_kyiv->ibm_sherbrooke,True,,1,1,0.0,0.0,controlled scenario descriptor,0.0018999999999999998,0.06333333333333332,derived recovery-time saved/current backend evidence,1,derived recovery-time saved/current backend identity,1,controlled scenario environment,0.0,0.02216666666666666,0.1,0.0,0.12216666666666667,True,True,cf-6339287fc6fa39709d56,0.1647831655557166,0.05782049965067823,0.8199904531925118,False,False,False,0,0,0,1,16512,40,noisy_sim,9,1,4128,0,0,1.0,4,4,0.6591191852401184,2.4159980954954077,0.9376920025590751,1.9519481341791651,4,0.12,1,qubit_wise_commuting,1,4128,4128.0,4128,4,0,10,6,qaoa_maxcut,5.106102522777241,0.11652131782945736,0.0016,0.0105,0.018,0.0012,0.0095,0.017,0.0004000000000000002,0.0010000000000000009,0.0009999999999999974,1.0,1.0,migrate,ibm_sherbrooke,0.0023999999999999985
sha256:7c0974636c9983235c6f13ef9d71fa4554e29f4994ab90ee01faaa21ead26061,planner_calibration_3201_3208,planner_calibration,sigmetrics-planner-calibration-final-v1,sha256:e6a06faed51f4ea9d810727b1ea3911d1b8a4fb2958afda0cd601ccaed306d7a,sigmetrics-planner-calibration-final-v1--a03a8d2164f2c84b,3201,qaoa_maxcut,paper,noisy_sim,B5,4,2,same_backend_delay,sha256:7c0974636c9983235c6f13ef9d71fa4554e29f4994ab90ee01faaa21ead26061-failure,sha256:8f1614fc3b36ea92b087bfe771ba156fb3eb737840a48e534aa60667637ab1f2,sha256:2b5d5606b48121c83beae64c1c7cabbafc8d4853980e515ebdce93987de444de,sha256:7c1d6d3b92b74eb9793f2e3d7476b13650919c35e6be30736522cf63625ecb00,sha256:4850203d6086ca6ca1a89385e77f49474eda6db77f1de7b05a8ff43f79407f7e,ibm_kyiv,ibm_kyiv,replay,replay:ibm_kyiv,ibm_kyiv,ibm_kyiv->ibm_kyiv,True,,1,1,4.0,0.8,controlled scenario descriptor,0.007999999999999998,0.2666666666666666,derived recovery-time saved/current backend evidence,0,derived recovery-time saved/current backend identity,1,controlled scenario environment,0.44000000000000006,0.09333333333333331,0.0,0.0,0.5333333333333333,True,True,cf-d2766626c73802e16c1a,0.0032711412383301663,0.10066066826292447,1.7803851626103828,False,False,False,0,0,0,1,16512,40,noisy_sim,9,1,4128,0,0,1.0,4,4,0.6591191852401184,2.4159980954954077,0.9376920025590751,1.9519481341791651,4,0.12,1,qubit_wise_commuting,1,4128,4128.0,4128,4,0,10,6,qaoa_maxcut,5.106102522777241,0.11652131782945736,0.0016,0.0105,0.018,0.00224,0.0147,0.025199999999999997,0.0006399999999999997,0.004199999999999999,0.007199999999999998,1.0,1.0,replay,ibm_kyiv,0.012039999999999997
sha256:7c36fbe187f60de0a8465519313cbd7d4c0f5f26dcacd8e139031dc8bddaa6fd,planner_calibration_3201_3208,planner_calibration,sigmetrics-planner-calibration-final-v1,sha256:e6a06faed51f4ea9d810727b1ea3911d1b8a4fb2958afda0cd601ccaed306d7a,sigmetrics-planner-calibration-final-v1--6b6650e3b69bba35,3207,h2_vqe,paper,noisy_sim,B5,4,2,same_backend_delay,sha256:7c36fbe187f60de0a8465519313cbd7d4c0f5f26dcacd8e139031dc8bddaa6fd-failure,sha256:3ac6d55d876f270871513157dcbc7e9a3aa9efd9ac8e8870687145bcc8c49c96,sha256:2b5d5606b48121c83beae64c1c7cabbafc8d4853980e515ebdce93987de444de,sha256:6b97ad82624cbf5bb09be560aa6bb9d630db90477bce3a53713c959f84ab3cbb,sha256:28b473ba814f26b0e5e5015d1494376365f0b6ff59c7ba43dcd1a9ce2da58216,ibm_kyiv,ibm_sherbrooke,migrate,migrate:ibm_sherbrooke,ibm_sherbrooke,ibm_kyiv->ibm_sherbrooke,True,,1,1,0.0,0.0,controlled scenario descriptor,0.0018999999999999998,0.06333333333333332,derived recovery-time saved/current backend evidence,1,derived recovery-time saved/current backend identity,1,controlled scenario environment,0.0,0.02216666666666666,0.1,0.0,0.12216666666666667,True,True,cf-8b94d9270e6869b9ed61,0.005113331115756292,0.02881932767479843,0.004340270844209882,False,False,False,0,0,0,1,4992,104,noisy_sim,9,3,2976,4,0,0.42857142857142855,4,4,0.06374967188126046,0.35588426269511964,0.06949420903304539,0.23825478883452927,12,0.105,1,qubit_wise_commuting,7,8736,1248.0,1248,12,0,24,4,entangling_ry_rz_brickwork,1.0852529303149812,0.8341346153846154,0.0016,0.0105,0.018,0.0012,0.0095,0.017,0.0004000000000000002,0.0010000000000000009,0.0009999999999999974,1.0,1.0,migrate,ibm_sherbrooke,0.0023999999999999985
sha256:7c36fbe187f60de0a8465519313cbd7d4c0f5f26dcacd8e139031dc8bddaa6fd,planner_calibration_3201_3208,planner_calibration,sigmetrics-planner-calibration-final-v1,sha256:e6a06faed51f4ea9d810727b1ea3911d1b8a4fb2958afda0cd601ccaed306d7a,sigmetrics-planner-calibration-final-v1--6b6650e3b69bba35,3207,h2_vqe,paper,noisy_sim,B5,4,2,same_backend_delay,sha256:7c36fbe187f60de0a8465519313cbd7d4c0f5f26dcacd8e139031dc8bddaa6fd-failure,sha256:3ac6d55d876f270871513157dcbc7e9a3aa9efd9ac8e8870687145bcc8c49c96,sha256:2b5d5606b48121c83beae64c1c7cabbafc8d4853980e515ebdce93987de444de,sha256:6b97ad82624cbf5bb09be560aa6bb9d630db90477bce3a53713c959f84ab3cbb,sha256:28b473ba814f26b0e5e5015d1494376365f0b6ff59c7ba43dcd1a9ce2da58216,ibm_kyiv,ibm_kyiv,replay,replay:ibm_kyiv,ibm_kyiv,ibm_kyiv->ibm_kyiv,True,,1,1,4.0,0.8,controlled scenario descriptor,0.007999999999999998,0.2666666666666666,derived recovery-time saved/current backend evidence,0,derived recovery-time saved/current backend identity,1,controlled scenario environment,0.44000000000000006,0.09333333333333331,0.0,0.0,0.5333333333333333,True,True,cf-355bb0c5e87ae480d8be,0.012434760796595556,0.04112984781006299,0.011980171696667955,False,False,False,0,0,0,1,4992,104,noisy_sim,9,3,2976,4,0,0.42857142857142855,4,4,0.06374967188126046,0.35588426269511964,0.06949420903304539,0.23825478883452927,12,0.105,1,qubit_wise_commuting,7,8736,1248.0,1248,12,0,24,4,entangling_ry_rz_brickwork,1.0852529303149812,0.8341346153846154,0.0016,0.0105,0.018,0.00224,0.0147,0.025199999999999997,0.0006399999999999997,0.004199999999999999,0.007199999999999998,1.0,1.0,replay,ibm_kyiv,0.012039999999999997
sha256:7e88b98f344b3529f19ad9856c0e9893d325d9dbae564192ff8af63d403b2316,planner_calibration_3201_3208,planner_calibration,sigmetrics-planner-calibration-final-v1,sha256:e6a06faed51f4ea9d810727b1ea3911d1b8a4fb2958afda0cd601ccaed306d7a,sigmetrics-planner-calibration-final-v1--e92b0400463ca0be,3205,lih_vqe,paper,noisy_sim,B5,4,2,high_change,sha256:7e88b98f344b3529f19ad9856c0e9893d325d9dbae564192ff8af63d403b2316-failure,sha256:43149e9319941429ed71f30d637310f755ae98c8df06138d0b60b02f72938da1,sha256:2b6db34aacbffdb427c6a86493c0c97d7fa901154c9c190f56705a55a8d2a0ee,sha256:5d8943b74edf54b19c3d0d4493eca8c11e5671bf89d76b8f3b4c56d6f9edfee2,sha256:7d424977537d6e7c5f50f865e3905cd97b61e4b05b06139d872f2d9009da1491,ibm_kyiv,ibm_brisbane,migrate,migrate:ibm_brisbane,ibm_brisbane,ibm_kyiv->ibm_brisbane,True,,1,1,6.0,1.0,controlled scenario descriptor,0.023860000000000006,0.7953333333333336,derived recovery-time saved/current backend evidence,1,derived recovery-time saved/current backend identity,1,controlled scenario environment,0.55,0.2783666666666667,0.1,0.0,0.9283666666666667,True,True,cf-85918ed4ba29af89dbba,0.00816626200156989,0.1176735933032668,0.07907725809380661,False,False,False,0,0,0,1,6144,168,noisy_sim,9,4,5120,4,0,0.5,4,4,0.09610568275234588,0.6356132619782277,0.07833923028080145,0.4339084564768984,20,0.085,1,qubit_wise_commuting,8,12288,1536.0,1536,20,0,40,5,entangling_ry_rz_brickwork,2.0232081214900655,0.669921875,0.0016,0.0105,0.018,0.00336,0.022400000000000003,0.038400000000000004,0.00176,0.011900000000000003,0.020400000000000005,1.0,1.0,migrate,ibm_brisbane,0.03406000000000001
sha256:7e88b98f344b3529f19ad9856c0e9893d325d9dbae564192ff8af63d403b2316,planner_calibration_3201_3208,planner_calibration,sigmetrics-planner-calibration-final-v1,sha256:e6a06faed51f4ea9d810727b1ea3911d1b8a4fb2958afda0cd601ccaed306d7a,sigmetrics-planner-calibration-final-v1--e92b0400463ca0be,3205,lih_vqe,paper,noisy_sim,B5,4,2,high_change,sha256:7e88b98f344b3529f19ad9856c0e9893d325d9dbae564192ff8af63d403b2316-failure,sha256:43149e9319941429ed71f30d637310f755ae98c8df06138d0b60b02f72938da1,sha256:2b6db34aacbffdb427c6a86493c0c97d7fa901154c9c190f56705a55a8d2a0ee,sha256:5d8943b74edf54b19c3d0d4493eca8c11e5671bf89d76b8f3b4c56d6f9edfee2,sha256:7d424977537d6e7c5f50f865e3905cd97b61e4b05b06139d872f2d9009da1491,ibm_kyiv,ibm_kyiv,replay,replay:ibm_kyiv,ibm_kyiv,ibm_kyiv->ibm_kyiv,True,,1,1,8.0,1.0,controlled scenario descriptor,0.016,0.5333333333333333,derived recovery-time saved/current backend evidence,0,derived recovery-time saved/current backend identity,1,controlled scenario environment,0.55,0.18666666666666665,0.0,0.0,0.7366666666666667,True,True,cf-7e5b46f533613968a352,0.006023393197367888,0.08642485698981806,0.05696449544586193,False,False,False,0,0,0,1,6144,168,noisy_sim,9,4,5120,4,0,0.5,4,4,0.09610568275234588,0.6356132619782277,0.07833923028080145,0.4339084564768984,20,0.085,1,qubit_wise_commuting,8,12288,1536.0,1536,20,0,40,5,entangling_ry_rz_brickwork,2.0232081214900655,0.669921875,0.0016,0.0105,0.018,0.00288,0.0189,0.0324,0.00128,0.0084,0.0144,1.0,1.0,replay,ibm_kyiv,0.024079999999999997
sha256:7ea2da19148a8265a9c6296d11f50bb66df51a2c4607adc6b0312b3e7ac8c134,planner_calibration_3201_3208,planner_calibration,sigmetrics-planner-calibration-final-v1,sha256:e6a06faed51f4ea9d810727b1ea3911d1b8a4fb2958afda0cd601ccaed306d7a,sigmetrics-planner-calibration-final-v1--70e30c4eb70d04fe,3206,lih_vqe,paper,noisy_sim,B5,4,2,same_backend_delay,sha256:7ea2da19148a8265a9c6296d11f50bb66df51a2c4607adc6b0312b3e7ac8c134-failure,sha256:990ad63de66234fde5807db6229e09e19f82367fdec100d058218fafa46e8846,sha256:2b5d5606b48121c83beae64c1c7cabbafc8d4853980e515ebdce93987de444de,sha256:a34acccbf511b108775b8e967e3b18427ed7ef8b4253f5317c30df5592c85ab5,sha256:6d66eeb3bb98e65ae5192510c398e059b4429a7222cc266bf0094dc400479e0b,ibm_kyiv,ibm_sherbrooke,migrate,migrate:ibm_sherbrooke,ibm_sherbrooke,ibm_kyiv->ibm_sherbrooke,True,,1,1,0.0,0.0,controlled scenario descriptor,0.0018999999999999998,0.06333333333333332,derived recovery-time saved/current backend evidence,1,derived recovery-time saved/current backend identity,1,controlled scenario environment,0.0,0.02216666666666666,0.1,0.0,0.12216666666666667,True,True,cf-e4a40b7997f0018e909e,0.002524080839590326,0.03271970398326364,0.010180415463685474,False,False,False,0,0,0,1,6144,168,noisy_sim,9,4,5120,4,0,0.5,4,4,0.09803869690081335,0.6264946008411444,0.0692858631715381,0.4378132424175717,20,0.085,1,qubit_wise_commuting,8,12288,1536.0,1536,20,0,40,5,entangling_ry_rz_brickwork,1.785366245952716,0.7317708333333334,0.0016,0.0105,0.018,0.0012,0.0095,0.017,0.0004000000000000002,0.0010000000000000009,0.0009999999999999974,1.0,1.0,migrate,ibm_sherbrooke,0.0023999999999999985
sha256:7ea2da19148a8265a9c6296d11f50bb66df51a2c4607adc6b0312b3e7ac8c134,planner_calibration_3201_3208,planner_calibration,sigmetrics-planner-calibration-final-v1,sha256:e6a06faed51f4ea9d810727b1ea3911d1b8a4fb2958afda0cd601ccaed306d7a,sigmetrics-planner-calibration-final-v1--70e30c4eb70d04fe,3206,lih_vqe,paper,noisy_sim,B5,4,2,same_backend_delay,sha256:7ea2da19148a8265a9c6296d11f50bb66df51a2c4607adc6b0312b3e7ac8c134-failure,sha256:990ad63de66234fde5807db6229e09e19f82367fdec100d058218fafa46e8846,sha256:2b5d5606b48121c83beae64c1c7cabbafc8d4853980e515ebdce93987de444de,sha256:a34acccbf511b108775b8e967e3b18427ed7ef8b4253f5317c30df5592c85ab5,sha256:6d66eeb3bb98e65ae5192510c398e059b4429a7222cc266bf0094dc400479e0b,ibm_kyiv,ibm_kyiv,replay,replay:ibm_kyiv,ibm_kyiv,ibm_kyiv->ibm_kyiv,True,,1,1,4.0,0.8,controlled scenario descriptor,0.007999999999999998,0.2666666666666666,derived recovery-time saved/current backend evidence,0,derived recovery-time saved/current backend identity,1,controlled scenario environment,0.44000000000000006,0.09333333333333331,0.0,0.0,0.5333333333333333,True,True,cf-7e77f4933f87c152d0c0,0.006667579684805247,0.07451355311948266,0.027332386793797337,False,False,False,0,0,0,1,6144,168,noisy_sim,9,4,5120,4,0,0.5,4,4,0.09803869690081335,0.6264946008411444,0.0692858631715381,0.4378132424175717,20,0.085,1,qubit_wise_commuting,8,12288,1536.0,1536,20,0,40,5,entangling_ry_rz_brickwork,1.785366245952716,0.7317708333333334,0.0016,0.0105,0.018,0.00224,0.0147,0.025199999999999997,0.0006399999999999997,0.004199999999999999,0.007199999999999998,1.0,1.0,replay,ibm_kyiv,0.012039999999999997
sha256:7f2c76da1e441e90ba9eaa1c5bb549996896d618483772f552d55f5c214aa916,planner_calibration_3201_3208,planner_calibration,sigmetrics-planner-calibration-final-v1,sha256:e6a06faed51f4ea9d810727b1ea3911d1b8a4fb2958afda0cd601ccaed306d7a,sigmetrics-planner-calibration-final-v1--9e5b74898da6c91e,3202,h2_vqe,paper,noisy_sim,B5,4,2,high_change,sha256:7f2c76da1e441e90ba9eaa1c5bb549996896d618483772f552d55f5c214aa916-failure,sha256:9ef26cb9df71a0614ffdd05c1da8ab2a324986c9cea9c271623972b6c2e59790,sha256:2b6db34aacbffdb427c6a86493c0c97d7fa901154c9c190f56705a55a8d2a0ee,sha256:94e11cf4ea4c74d973b64129cefe2805f81a297533fc0020c3c844df147749e1,sha256:ef1db8bf03e2dd8e3e2c95ccaba5501ca95f01fc464e07241280fb02fb1f76f7,ibm_kyiv,ibm_brisbane,migrate,migrate:ibm_brisbane,ibm_brisbane,ibm_kyiv->ibm_brisbane,True,,1,1,6.0,1.0,controlled scenario descriptor,0.023860000000000006,0.7953333333333336,derived recovery-time saved/current backend evidence,1,derived recovery-time saved/current backend identity,1,controlled scenario environment,0.55,0.2783666666666667,0.1,0.0,0.9283666666666667,True,True,cf-2256b3ad8a37ed262dff,0.03214244451095816,0.10869466937498294,0.03909571261960059,False,False,False,0,0,0,1,4992,104,noisy_sim,9,3,2976,4,0,0.42857142857142855,4,4,0.09478762198656088,0.45584298395901934,0.07876767850603342,0.33181023888040095,12,0.105,1,qubit_wise_commuting,7,8736,1248.0,1248,12,0,24,4,entangling_ry_rz_brickwork,0.9407904513471905,0.8653846153846154,0.0016,0.0105,0.018,0.00336,0.022400000000000003,0.038400000000000004,0.00176,0.011900000000000003,0.020400000000000005,1.0,1.0,migrate,ibm_brisbane,0.03406000000000001
sha256:7f2c76da1e441e90ba9eaa1c5bb549996896d618483772f552d55f5c214aa916,planner_calibration_3201_3208,planner_calibration,sigmetrics-planner-calibration-final-v1,sha256:e6a06faed51f4ea9d810727b1ea3911d1b8a4fb2958afda0cd601ccaed306d7a,sigmetrics-planner-calibration-final-v1--9e5b74898da6c91e,3202,h2_vqe,paper,noisy_sim,B5,4,2,high_change,sha256:7f2c76da1e441e90ba9eaa1c5bb549996896d618483772f552d55f5c214aa916-failure,sha256:9ef26cb9df71a0614ffdd05c1da8ab2a324986c9cea9c271623972b6c2e59790,sha256:2b6db34aacbffdb427c6a86493c0c97d7fa901154c9c190f56705a55a8d2a0ee,sha256:94e11cf4ea4c74d973b64129cefe2805f81a297533fc0020c3c844df147749e1,sha256:ef1db8bf03e2dd8e3e2c95ccaba5501ca95f01fc464e07241280fb02fb1f76f7,ibm_kyiv,ibm_kyiv,replay,replay:ibm_kyiv,ibm_kyiv,ibm_kyiv->ibm_kyiv,True,,1,1,8.0,1.0,controlled scenario descriptor,0.016,0.5333333333333333,derived recovery-time saved/current backend evidence,0,derived recovery-time saved/current backend identity,1,controlled scenario environment,0.55,0.18666666666666665,0.0,0.0,0.7366666666666667,True,True,cf-b7c67c146e58425aebb1,0.023117173209307174,0.08493648666904795,0.02797267200561247,False,False,False,0,0,0,1,4992,104,noisy_sim,9,3,2976,4,0,0.42857142857142855,4,4,0.09478762198656088,0.45584298395901934,0.07876767850603342,0.33181023888040095,12,0.105,1,qubit_wise_commuting,7,8736,1248.0,1248,12,0,24,4,entangling_ry_rz_brickwork,0.9407904513471905,0.8653846153846154,0.0016,0.0105,0.018,0.00288,0.0189,0.0324,0.00128,0.0084,0.0144,1.0,1.0,replay,ibm_kyiv,0.024079999999999997
sha256:815c98dd6ddaf51af44fdae923fc3a04854f6d382d196b0e41d2266be9f540c4,planner_calibration_3201_3208,planner_calibration,sigmetrics-planner-calibration-final-v1,sha256:e6a06faed51f4ea9d810727b1ea3911d1b8a4fb2958afda0cd601ccaed306d7a,sigmetrics-planner-calibration-final-v1--e4d969fbc12a7f93,3203,h2_vqe,paper,noisy_sim,B5,4,2,no_change,sha256:815c98dd6ddaf51af44fdae923fc3a04854f6d382d196b0e41d2266be9f540c4-failure,sha256:2b6effc368a2c7de9dda1b9c84f04de3356dc40f9fe35a66e25d1b5d12eb11ec,sha256:0e7343b47d003afe2860e33d67399c12f7ed84b7f18c3a5e0d48aae47fda9990,sha256:baa92c31b0f189ce526289e61ce9d7b1d153d2320fb0caa5de4cb9d39f4d0b0e,sha256:d0647cd48e135d9297ef5c84319ee54246874be1cbd6e44f37a1adb397a881aa,ibm_kyiv,ibm_kyiv,replay,replay:ibm_kyiv,ibm_kyiv,ibm_kyiv->ibm_kyiv,True,,1,1,0.0,0.0,controlled scenario descriptor,0.0,0.0,derived recovery-time saved/current backend evidence,0,derived recovery-time saved/current backend identity,1,controlled scenario environment,0.0,0.0,0.0,0.0,0.0,True,True,cf-8e2d48d8b6aa4762a546,0.0,0.0,0.0,True,True,True,1,1,1,0,4992,104,noisy_sim,9,3,2976,4,0,0.42857142857142855,4,4,0.06911634802839095,0.43997478302889087,0.07412382582966578,0.37981874393460374,12,0.105,1,qubit_wise_commuting,7,8736,1248.0,1248,12,0,24,4,entangling_ry_rz_brickwork,1.6650917155927296,0.7267628205128205,0.0016,0.0105,0.018,0.0016,0.0105,0.018,0.0,0.0,0.0,1.0,1.0,replay,ibm_kyiv,0.0
sha256:845c9a6807acebb06c20de67df3eb220995b7d4f517efbcc208df940450db37f,planner_calibration_3201_3208,planner_calibration,sigmetrics-planner-calibration-final-v1,sha256:e6a06faed51f4ea9d810727b1ea3911d1b8a4fb2958afda0cd601ccaed306d7a,sigmetrics-planner-calibration-final-v1--01559be67fc5b00a,3205,h2_vqe,paper,noisy_sim,B5,4,2,safe_change,sha256:845c9a6807acebb06c20de67df3eb220995b7d4f517efbcc208df940450db37f-failure,sha256:df1d48ace5f75a4f8478d854974137f322b5709d4d24855b4636a0d3988a312b,sha256:8aa9fd73acdbefb930184631c530ac1ad4750da95e7359345a133016be010a68,sha256:9c8d84160a37684a330c5e86489f096e08f5be515d75b7d3faace12218e4c75a,sha256:7d8fafcdf6e8d29d369417faa2e13c28bbb1408b74953d9d9a10a0b83b5d826f,ibm_kyiv,ibm_kyiv,replay,replay:ibm_kyiv,ibm_kyiv,ibm_kyiv->ibm_kyiv,True,,1,1,0.1,0.02,controlled scenario descriptor,0.00020000000000000017,0.006666666666666672,derived recovery-time saved/current backend evidence,0,derived recovery-time saved/current backend identity,1,controlled scenario environment,0.011000000000000001,0.0023333333333333353,0.0,0.0,0.013333333333333336,True,True,cf-04ebee99fe749636a194,0.00029759350683677965,0.003518538558241595,0.00038209056538588375,True,True,True,1,1,1,0,4992,104,noisy_sim,9,3,2976,4,0,0.42857142857142855,4,4,0.05718663583871364,0.36271255454705154,0.07397019557239506,0.25046852980843415,12,0.105,1,qubit_wise_commuting,7,8736,1248.0,1248,12,0,24,4,entangling_ry_rz_brickwork,1.0554526220034204,0.8461538461538461,0.0016,0.0105,0.018,0.001616,0.010605000000000002,0.018179999999999998,1.5999999999999955e-05,0.00010500000000000093,0.0001799999999999996,1.0,1.0,replay,ibm_kyiv,0.0003010000000000005
sha256:872d446e7a1223763699e3861d28adcb031cac54bb6e65dce8416166289219d0,planner_calibration_3201_3208,planner_calibration,sigmetrics-planner-calibration-final-v1,sha256:e6a06faed51f4ea9d810727b1ea3911d1b8a4fb2958afda0cd601ccaed306d7a,sigmetrics-planner-calibration-final-v1--2ec23de80018d4f9,3208,adapt_vqe,paper,noisy_sim,B6,4,2,same_backend_delay,sha256:872d446e7a1223763699e3861d28adcb031cac54bb6e65dce8416166289219d0-failure,sha256:90426d03c5eb258970bb9640ac37ce07cacb48895e3b09466137721e96ae481f,sha256:2b5d5606b48121c83beae64c1c7cabbafc8d4853980e515ebdce93987de444de,sha256:4192599e00839095ce28acc7a17164bae699a252dfbf7ea081f422a6f6b84515,sha256:fa955fbbfc4981a7090e5031b969592905818cd813b72ebb39c922de17bbfcc9,ibm_kyiv,ibm_sherbrooke,migrate,migrate:ibm_sherbrooke,ibm_sherbrooke,ibm_kyiv->ibm_sherbrooke,True,,1,1,0.0,0.0,controlled scenario descriptor,0.0018999999999999998,0.06333333333333332,derived recovery-time saved/current backend evidence,1,derived recovery-time saved/current backend identity,1,controlled scenario environment,0.0,0.02216666666666666,0.1,0.0,0.12216666666666667,True,True,cf-af46accfb6514af3be7d,0.0006710462337267131,0.0065258298504415856,0.0013297716823450151,False,False,False,0,0,0,1,4352,56,noisy_sim,15,0,0,8,0,0.0,4,4,0.0059893674777455885,0.17901115003067836,0.05389884841905185,0.13138230575925214,6,0.08,1,qubit_wise_commuting,8,8704,1088.0,1088,6,6,40,5,adapt_pauli_pool,0.8146388283903975,0.8851102941176471,0.0016,0.0105,0.018,0.0012,0.0095,0.017,0.0004000000000000002,0.0010000000000000009,0.0009999999999999974,1.0,1.0,migrate,ibm_sherbrooke,0.0023999999999999985
sha256:872d446e7a1223763699e3861d28adcb031cac54bb6e65dce8416166289219d0,planner_calibration_3201_3208,planner_calibration,sigmetrics-planner-calibration-final-v1,sha256:e6a06faed51f4ea9d810727b1ea3911d1b8a4fb2958afda0cd601ccaed306d7a,sigmetrics-planner-calibration-final-v1--2ec23de80018d4f9,3208,adapt_vqe,paper,noisy_sim,B6,4,2,same_backend_delay,sha256:872d446e7a1223763699e3861d28adcb031cac54bb6e65dce8416166289219d0-failure,sha256:90426d03c5eb258970bb9640ac37ce07cacb48895e3b09466137721e96ae481f,sha256:2b5d5606b48121c83beae64c1c7cabbafc8d4853980e515ebdce93987de444de,sha256:4192599e00839095ce28acc7a17164bae699a252dfbf7ea081f422a6f6b84515,sha256:fa955fbbfc4981a7090e5031b969592905818cd813b72ebb39c922de17bbfcc9,ibm_kyiv,ibm_kyiv,replay,replay:ibm_kyiv,ibm_kyiv,ibm_kyiv->ibm_kyiv,True,,1,1,4.0,0.8,controlled scenario descriptor,0.007999999999999998,0.2666666666666666,derived recovery-time saved/current backend evidence,0,derived recovery-time saved/current backend identity,1,controlled scenario environment,0.44000000000000006,0.09333333333333331,0.0,0.0,0.5333333333333333,True,True,cf-4e0159aa7912dada62b3,0.002305218703524403,0.07905368401058245,0.002124947412877908,False,False,False,0,0,0,1,4352,56,noisy_sim,15,0,0,8,0,0.0,4,4,0.0059893674777455885,0.17901115003067836,0.05389884841905185,0.13138230575925214,6,0.08,1,qubit_wise_commuting,8,8704,1088.0,1088,6,6,40,5,adapt_pauli_pool,0.8146388283903975,0.8851102941176471,0.0016,0.0105,0.018,0.00224,0.0147,0.025199999999999997,0.0006399999999999997,0.004199999999999999,0.007199999999999998,1.0,1.0,replay,ibm_kyiv,0.012039999999999997
sha256:87f2db886ffa1c27c27774fe5573fe427ea1ec2d097feba919f945e5baeb4c6c,planner_calibration_3201_3208,planner_calibration,sigmetrics-planner-calibration-final-v1,sha256:e6a06faed51f4ea9d810727b1ea3911d1b8a4fb2958afda0cd601ccaed306d7a,sigmetrics-planner-calibration-final-v1--415c8156bfd3c2d4,3201,adapt_vqe,paper,noisy_sim,B6,4,2,high_change,sha256:87f2db886ffa1c27c27774fe5573fe427ea1ec2d097feba919f945e5baeb4c6c-failure,sha256:039d2485c374ecc6ba4ef4d9fa8483bd95feab7f92f7b56332040dcb33bb9524,sha256:2b6db34aacbffdb427c6a86493c0c97d7fa901154c9c190f56705a55a8d2a0ee,sha256:5638933935310f53de435b896d93a854a8a1570c3f790dd2bfcb667e0256c9de,sha256:89d76747573e5934a77a0a6317846b4987886954817321f82514b3405a34792b,ibm_kyiv,ibm_brisbane,migrate,migrate:ibm_brisbane,ibm_brisbane,ibm_kyiv->ibm_brisbane,True,,1,1,6.0,1.0,controlled scenario descriptor,0.023860000000000006,0.7953333333333336,derived recovery-time saved/current backend evidence,1,derived recovery-time saved/current backend identity,1,controlled scenario environment,0.55,0.2783666666666667,0.1,0.0,0.9283666666666667,True,True,cf-5a187803db1ac36be82f,0.006606906092740061,0.11507157935739933,0.004407040799595641,False,False,False,0,0,0,1,4352,56,noisy_sim,15,0,0,8,0,0.0,4,4,0.001310937038716986,0.07510355018238321,0.02454394749353581,0.04750439008695848,6,0.08,1,qubit_wise_commuting,8,8704,1088.0,1088,6,6,40,5,adapt_pauli_pool,0.6468211968321697,0.9136029411764706,0.0016,0.0105,0.018,0.00336,0.022400000000000003,0.038400000000000004,0.00176,0.011900000000000003,0.020400000000000005,1.0,1.0,migrate,ibm_brisbane,0.03406000000000001
sha256:87f2db886ffa1c27c27774fe5573fe427ea1ec2d097feba919f945e5baeb4c6c,planner_calibration_3201_3208,planner_calibration,sigmetrics-planner-calibration-final-v1,sha256:e6a06faed51f4ea9d810727b1ea3911d1b8a4fb2958afda0cd601ccaed306d7a,sigmetrics-planner-calibration-final-v1--415c8156bfd3c2d4,3201,adapt_vqe,paper,noisy_sim,B6,4,2,high_change,sha256:87f2db886ffa1c27c27774fe5573fe427ea1ec2d097feba919f945e5baeb4c6c-failure,sha256:039d2485c374ecc6ba4ef4d9fa8483bd95feab7f92f7b56332040dcb33bb9524,sha256:2b6db34aacbffdb427c6a86493c0c97d7fa901154c9c190f56705a55a8d2a0ee,sha256:5638933935310f53de435b896d93a854a8a1570c3f790dd2bfcb667e0256c9de,sha256:89d76747573e5934a77a0a6317846b4987886954817321f82514b3405a34792b,ibm_kyiv,ibm_kyiv,replay,replay:ibm_kyiv,ibm_kyiv,ibm_kyiv->ibm_kyiv,True,,1,1,8.0,1.0,controlled scenario descriptor,0.016,0.5333333333333333,derived recovery-time saved/current backend evidence,0,derived recovery-time saved/current backend identity,1,controlled scenario environment,0.55,0.18666666666666665,0.0,0.0,0.7366666666666667,True,True,cf-bb4758963414e20e5baa,0.004709525512028634,0.094088920029709,0.0032059542402156373,False,False,False,0,0,0,1,4352,56,noisy_sim,15,0,0,8,0,0.0,4,4,0.001310937038716986,0.07510355018238321,0.02454394749353581,0.04750439008695848,6,0.08,1,qubit_wise_commuting,8,8704,1088.0,1088,6,6,40,5,adapt_pauli_pool,0.6468211968321697,0.9136029411764706,0.0016,0.0105,0.018,0.00288,0.0189,0.0324,0.00128,0.0084,0.0144,1.0,1.0,replay,ibm_kyiv,0.024079999999999997
sha256:8aacf71b854e6152e1705478321e824ec86063b93c893d82ac9701abc1c4a714,planner_calibration_3201_3208,planner_calibration,sigmetrics-planner-calibration-final-v1,sha256:e6a06faed51f4ea9d810727b1ea3911d1b8a4fb2958afda0cd601ccaed306d7a,sigmetrics-planner-calibration-final-v1--045613cb62a79ce8,3207,qaoa_maxcut,paper,noisy_sim,B5,4,2,cross_backend,sha256:8aacf71b854e6152e1705478321e824ec86063b93c893d82ac9701abc1c4a714-failure,sha256:8d6bbc14d4fe962db85891ace7fec66f4f4146d3fed8f0442eb37f3cafc1015a,sha256:3e961724e06d6d711a9338896a03f47484a702bab4903cdf8ef8771396da980d,sha256:b8c94dadcfefd358a0915470a4fcf21397130942d687be7c1144ae9b7636f1c6,sha256:8d936ad6239f45fcc498e6a8be0dab59597b91353de7d194dc767d3356fca772,ibm_kyiv,ibm_brisbane,migrate,migrate:ibm_brisbane,ibm_brisbane,ibm_kyiv->ibm_brisbane,True,,1,1,0.0,0.0,controlled scenario descriptor,0.007,0.23333333333333334,derived recovery-time saved/current backend evidence,1,derived recovery-time saved/current backend identity,1,controlled scenario environment,0.0,0.08166666666666667,0.1,0.0,0.18166666666666667,True,True,cf-ab77882d894d70253ff3,0.0827059673015027,0.07934126339993171,0.5013266703585594,False,True,False,0,1,0,1,16256,40,noisy_sim,9,1,4064,0,0,1.0,4,4,0.5212537367528052,1.2786687097713467,0.6162722422033751,0.8202870714662068,4,0.12,1,qubit_wise_commuting,1,4064,4064.0,4064,4,0,10,6,qaoa_maxcut,4.914975903624279,0.13213582677165353,0.0016,0.0105,0.018,0.0021,0.014,0.024,0.0004999999999999998,0.0034999999999999996,0.006000000000000002,1.0,1.0,migrate,ibm_brisbane,0.010000000000000002
sha256:8aacf71b854e6152e1705478321e824ec86063b93c893d82ac9701abc1c4a714,planner_calibration_3201_3208,planner_calibration,sigmetrics-planner-calibration-final-v1,sha256:e6a06faed51f4ea9d810727b1ea3911d1b8a4fb2958afda0cd601ccaed306d7a,sigmetrics-planner-calibration-final-v1--045613cb62a79ce8,3207,qaoa_maxcut,paper,noisy_sim,B5,4,2,cross_backend,sha256:8aacf71b854e6152e1705478321e824ec86063b93c893d82ac9701abc1c4a714-failure,sha256:8d6bbc14d4fe962db85891ace7fec66f4f4146d3fed8f0442eb37f3cafc1015a,sha256:3e961724e06d6d711a9338896a03f47484a702bab4903cdf8ef8771396da980d,sha256:b8c94dadcfefd358a0915470a4fcf21397130942d687be7c1144ae9b7636f1c6,sha256:8d936ad6239f45fcc498e6a8be0dab59597b91353de7d194dc767d3356fca772,ibm_kyiv,ibm_sherbrooke,migrate,migrate:ibm_sherbrooke,ibm_sherbrooke,ibm_kyiv->ibm_sherbrooke,True,,1,1,0.0,0.0,controlled scenario descriptor,0.0018999999999999998,0.06333333333333332,derived recovery-time saved/current backend evidence,1,derived recovery-time saved/current backend identity,1,controlled scenario environment,0.0,0.02216666666666666,0.1,0.0,0.12216666666666667,True,True,cf-d30c0f9f33db37068465,0.053835393256762565,0.06429167877001045,0.2146381798378702,False,True,False,0,1,0,1,16256,40,noisy_sim,9,1,4064,0,0,1.0,4,4,0.5212537367528052,1.2786687097713467,0.6162722422033751,0.8202870714662068,4,0.12,1,qubit_wise_commuting,1,4064,4064.0,4064,4,0,10,6,qaoa_maxcut,4.914975903624279,0.13213582677165353,0.0016,0.0105,0.018,0.0012,0.0095,0.017,0.0004000000000000002,0.0010000000000000009,0.0009999999999999974,1.0,1.0,migrate,ibm_sherbrooke,0.0023999999999999985
sha256:8e0ef07571fd032fc3a29ca3aff7e04517b3d3a34b47dd7533ab4f2c8a90f5b5,planner_calibration_3201_3208,planner_calibration,sigmetrics-planner-calibration-final-v1,sha256:e6a06faed51f4ea9d810727b1ea3911d1b8a4fb2958afda0cd601ccaed306d7a,sigmetrics-planner-calibration-final-v1--fc788af07f2d3274,3201,qaoa_maxcut,paper,noisy_sim,B5,4,2,no_change,sha256:8e0ef07571fd032fc3a29ca3aff7e04517b3d3a34b47dd7533ab4f2c8a90f5b5-failure,sha256:8f1614fc3b36ea92b087bfe771ba156fb3eb737840a48e534aa60667637ab1f2,sha256:0e7343b47d003afe2860e33d67399c12f7ed84b7f18c3a5e0d48aae47fda9990,sha256:beaa270a390816fadd39bf6e4cf2cb1d92f7bf84678ac415bf7f191142ad2044,sha256:94213c499c84e85f8d00e4b797cfb2b48da02dc83d883eeb0340dc608ca1a6f9,ibm_kyiv,ibm_kyiv,replay,replay:ibm_kyiv,ibm_kyiv,ibm_kyiv->ibm_kyiv,True,,1,1,0.0,0.0,controlled scenario descriptor,0.0,0.0,derived recovery-time saved/current backend evidence,0,derived recovery-time saved/current backend identity,1,controlled scenario environment,0.0,0.0,0.0,0.0,0.0,True,True,cf-c61b4d8ce7fb467bf4a4,0.0,0.0,0.0,True,True,True,1,1,1,0,16512,40,noisy_sim,9,1,4128,0,0,1.0,4,4,0.6591191852401184,2.4159980954954077,0.9376920025590751,1.9519481341791651,4,0.12,1,qubit_wise_commuting,1,4128,4128.0,4128,4,0,10,6,qaoa_maxcut,5.106102522777241,0.11652131782945736,0.0016,0.0105,0.018,0.0016,0.0105,0.018,0.0,0.0,0.0,1.0,1.0,replay,ibm_kyiv,0.0
sha256:8ee6022242e47daa654723553e1147706b7c873b2bbdc6b1f836423b3dda7b31,planner_calibration_3201_3208,planner_calibration,sigmetrics-planner-calibration-final-v1,sha256:e6a06faed51f4ea9d810727b1ea3911d1b8a4fb2958afda0cd601ccaed306d7a,sigmetrics-planner-calibration-final-v1--e076536083584faa,3201,lih_vqe,paper,noisy_sim,B5,4,2,high_change,sha256:8ee6022242e47daa654723553e1147706b7c873b2bbdc6b1f836423b3dda7b31-failure,sha256:be70f0de5de01672727647b686dd8a454595c5f953bdf3bb53b97180cdadc642,sha256:2b6db34aacbffdb427c6a86493c0c97d7fa901154c9c190f56705a55a8d2a0ee,sha256:5d8943b74edf54b19c3d0d4493eca8c11e5671bf89d76b8f3b4c56d6f9edfee2,sha256:8e1b4e0a30f2c50ef6d9e27329b4d95972f02cc3887cd990388aed9d8a9475c6,ibm_kyiv,ibm_brisbane,migrate,migrate:ibm_brisbane,ibm_brisbane,ibm_kyiv->ibm_brisbane,True,,1,1,6.0,1.0,controlled scenario descriptor,0.023860000000000006,0.7953333333333336,derived recovery-time saved/current backend evidence,1,derived recovery-time saved/current backend identity,1,controlled scenario environment,0.55,0.2783666666666667,0.1,0.0,0.9283666666666667,True,True,cf-4b17fda5319e29c81fad,0.010533881576933801,0.10607752991969505,0.07482954567857122,False,False,False,0,0,0,1,6144,168,noisy_sim,9,4,5120,4,0,0.5,4,4,0.08970018258591406,0.6318671924439961,0.08191544501966291,0.38306584394877974,20,0.085,1,qubit_wise_commuting,8,12288,1536.0,1536,20,0,40,5,entangling_ry_rz_brickwork,1.6727864599321207,0.755859375,0.0016,0.0105,0.018,0.00336,0.022400000000000003,0.038400000000000004,0.00176,0.011900000000000003,0.020400000000000005,1.0,1.0,migrate,ibm_brisbane,0.03406000000000001
sha256:8ee6022242e47daa654723553e1147706b7c873b2bbdc6b1f836423b3dda7b31,planner_calibration_3201_3208,planner_calibration,sigmetrics-planner-calibration-final-v1,sha256:e6a06faed51f4ea9d810727b1ea3911d1b8a4fb2958afda0cd601ccaed306d7a,sigmetrics-planner-calibration-final-v1--e076536083584faa,3201,lih_vqe,paper,noisy_sim,B5,4,2,high_change,sha256:8ee6022242e47daa654723553e1147706b7c873b2bbdc6b1f836423b3dda7b31-failure,sha256:be70f0de5de01672727647b686dd8a454595c5f953bdf3bb53b97180cdadc642,sha256:2b6db34aacbffdb427c6a86493c0c97d7fa901154c9c190f56705a55a8d2a0ee,sha256:5d8943b74edf54b19c3d0d4493eca8c11e5671bf89d76b8f3b4c56d6f9edfee2,sha256:8e1b4e0a30f2c50ef6d9e27329b4d95972f02cc3887cd990388aed9d8a9475c6,ibm_kyiv,ibm_kyiv,replay,replay:ibm_kyiv,ibm_kyiv,ibm_kyiv->ibm_kyiv,True,,1,1,8.0,1.0,controlled scenario descriptor,0.016,0.5333333333333333,derived recovery-time saved/current backend evidence,0,derived recovery-time saved/current backend identity,1,controlled scenario environment,0.55,0.18666666666666665,0.0,0.0,0.7366666666666667,True,True,cf-2e2dae76ac23657e7858,0.007735133901412006,0.07602637186367388,0.05393143969169471,False,False,False,0,0,0,1,6144,168,noisy_sim,9,4,5120,4,0,0.5,4,4,0.08970018258591406,0.6318671924439961,0.08191544501966291,0.38306584394877974,20,0.085,1,qubit_wise_commuting,8,12288,1536.0,1536,20,0,40,5,entangling_ry_rz_brickwork,1.6727864599321207,0.755859375,0.0016,0.0105,0.018,0.00288,0.0189,0.0324,0.00128,0.0084,0.0144,1.0,1.0,replay,ibm_kyiv,0.024079999999999997
sha256:90aa63b12eac364c5902a86d81a618eb00b04df92c7b201515d7cf5dea544a7c,planner_calibration_3201_3208,planner_calibration,sigmetrics-planner-calibration-final-v1,sha256:e6a06faed51f4ea9d810727b1ea3911d1b8a4fb2958afda0cd601ccaed306d7a,sigmetrics-planner-calibration-final-v1--9a7057b568febd6f,3203,lih_vqe,paper,noisy_sim,B5,4,2,cross_backend,sha256:90aa63b12eac364c5902a86d81a618eb00b04df92c7b201515d7cf5dea544a7c-failure,sha256:94634ab07d9ad0da53a4da33633c9acdacdb66ad3eb3d3380b1f6d46cf210751,sha256:3e961724e06d6d711a9338896a03f47484a702bab4903cdf8ef8771396da980d,sha256:90a6fc287341ee3482d2a787f7389b00e56a0ec391204063de2bd98be7b5816e,sha256:66946ff70fdd56a73fd125c650db59092218d2aad01cdc45a9499fcaddf05f63,ibm_kyiv,ibm_brisbane,migrate,migrate:ibm_brisbane,ibm_brisbane,ibm_kyiv->ibm_brisbane,True,,1,1,0.0,0.0,controlled scenario descriptor,0.007,0.23333333333333334,derived recovery-time saved/current backend evidence,1,derived recovery-time saved/current backend identity,1,controlled scenario environment,0.0,0.08166666666666667,0.1,0.0,0.18166666666666667,True,True,cf-1ca8d0e2ca3b6ff9e416,0.003391757761127323,0.07307976046056491,0.022627902055197758,False,False,False,0,0,0,1,5632,168,noisy_sim,9,4,4608,4,0,0.5,4,4,0.07853312078771069,0.5578266783522711,0.06354446825745806,0.40790890005799857,20,0.085,1,qubit_wise_commuting,8,11264,1408.0,1408,20,0,40,5,entangling_ry_rz_brickwork,1.588774396741945,0.7691761363636364,0.0016,0.0105,0.018,0.0021,0.014,0.024,0.0004999999999999998,0.0034999999999999996,0.006000000000000002,1.0,1.0,migrate,ibm_brisbane,0.010000000000000002
sha256:90aa63b12eac364c5902a86d81a618eb00b04df92c7b201515d7cf5dea544a7c,planner_calibration_3201_3208,planner_calibration,sigmetrics-planner-calibration-final-v1,sha256:e6a06faed51f4ea9d810727b1ea3911d1b8a4fb2958afda0cd601ccaed306d7a,sigmetrics-planner-calibration-final-v1--9a7057b568febd6f,3203,lih_vqe,paper,noisy_sim,B5,4,2,cross_backend,sha256:90aa63b12eac364c5902a86d81a618eb00b04df92c7b201515d7cf5dea544a7c-failure,sha256:94634ab07d9ad0da53a4da33633c9acdacdb66ad3eb3d3380b1f6d46cf210751,sha256:3e961724e06d6d711a9338896a03f47484a702bab4903cdf8ef8771396da980d,sha256:90a6fc287341ee3482d2a787f7389b00e56a0ec391204063de2bd98be7b5816e,sha256:66946ff70fdd56a73fd125c650db59092218d2aad01cdc45a9499fcaddf05f63,ibm_kyiv,ibm_sherbrooke,migrate,migrate:ibm_sherbrooke,ibm_sherbrooke,ibm_kyiv->ibm_sherbrooke,True,,1,1,0.0,0.0,controlled scenario descriptor,0.0018999999999999998,0.06333333333333332,derived recovery-time saved/current backend evidence,1,derived recovery-time saved/current backend identity,1,controlled scenario environment,0.0,0.02216666666666666,0.1,0.0,0.12216666666666667,True,True,cf-887937457c244ab65b21,0.001597353604258167,0.057517395239354445,0.010233983626346446,False,False,False,0,0,0,1,5632,168,noisy_sim,9,4,4608,4,0,0.5,4,4,0.07853312078771069,0.5578266783522711,0.06354446825745806,0.40790890005799857,20,0.085,1,qubit_wise_commuting,8,11264,1408.0,1408,20,0,40,5,entangling_ry_rz_brickwork,1.588774396741945,0.7691761363636364,0.0016,0.0105,0.018,0.0012,0.0095,0.017,0.0004000000000000002,0.0010000000000000009,0.0009999999999999974,1.0,1.0,migrate,ibm_sherbrooke,0.0023999999999999985
sha256:917f46616bec62bc8706ce7a1c5fe54533c6c11574f308bfd6168308b1a8bdbb,planner_calibration_3201_3208,planner_calibration,sigmetrics-planner-calibration-final-v1,sha256:e6a06faed51f4ea9d810727b1ea3911d1b8a4fb2958afda0cd601ccaed306d7a,sigmetrics-planner-calibration-final-v1--df1b838247ec7c49,3207,adapt_vqe,paper,noisy_sim,B6,4,2,safe_change,sha256:917f46616bec62bc8706ce7a1c5fe54533c6c11574f308bfd6168308b1a8bdbb-failure,sha256:b3799d6c47cd6dfafc2d8400f90a44f7abc5ac487b60a6f1e4010176e5ecfcb0,sha256:8aa9fd73acdbefb930184631c530ac1ad4750da95e7359345a133016be010a68,sha256:317388e5b80af87428f1e3602de3fe41a034feeaea8d9419e01d1d16750e21ef,sha256:60d505f11ad9b7d81aea2c96180e1bae34d66d85c94f0265370f08ffbe767ce3,ibm_kyiv,ibm_kyiv,replay,replay:ibm_kyiv,ibm_kyiv,ibm_kyiv->ibm_kyiv,True,,1,1,0.1,0.02,controlled scenario descriptor,0.00020000000000000017,0.006666666666666672,derived recovery-time saved/current backend evidence,0,derived recovery-time saved/current backend identity,1,controlled scenario environment,0.011000000000000001,0.0023333333333333353,0.0,0.0,0.013333333333333336,True,True,cf-c341fdd2c4f4582fe4f3,5.872748401802852e-05,0.008886172123983583,5.057444149908677e-05,True,True,True,1,1,1,0,4352,56,noisy_sim,15,0,0,8,0,0.0,4,4,0.0008856774614631746,0.06242299281220056,0.018733516966511158,0.05342941911524612,6,0.08,1,qubit_wise_commuting,8,8704,1088.0,1088,6,6,40,5,adapt_pauli_pool,0.7873679675743115,0.890625,0.0016,0.0105,0.018,0.001616,0.010605000000000002,0.018179999999999998,1.5999999999999955e-05,0.00010500000000000093,0.0001799999999999996,1.0,1.0,replay,ibm_kyiv,0.0003010000000000005
sha256:92120f9fb81ba002a22cf3afc02d3e01aa44a98b55731f0fac50770a6e38195f,planner_calibration_3201_3208,planner_calibration,sigmetrics-planner-calibration-final-v1,sha256:e6a06faed51f4ea9d810727b1ea3911d1b8a4fb2958afda0cd601ccaed306d7a,sigmetrics-planner-calibration-final-v1--f9e5bde1c3d7c102,3206,adapt_vqe,paper,noisy_sim,B6,4,2,same_backend_delay,sha256:92120f9fb81ba002a22cf3afc02d3e01aa44a98b55731f0fac50770a6e38195f-failure,sha256:c3de09b7a5a382445908e40a757e13e281af56e292db3e369fb274f96354491a,sha256:2b5d5606b48121c83beae64c1c7cabbafc8d4853980e515ebdce93987de444de,sha256:4192599e00839095ce28acc7a17164bae699a252dfbf7ea081f422a6f6b84515,sha256:e1e07ca6816b3cd5b4fe014f9853698d1146a7655f5e2d5d99629de084262acf,ibm_kyiv,ibm_sherbrooke,migrate,migrate:ibm_sherbrooke,ibm_sherbrooke,ibm_kyiv->ibm_sherbrooke,True,,1,1,0.0,0.0,controlled scenario descriptor,0.0018999999999999998,0.06333333333333332,derived recovery-time saved/current backend evidence,1,derived recovery-time saved/current backend identity,1,controlled scenario environment,0.0,0.02216666666666666,0.1,0.0,0.12216666666666667,True,True,cf-398541d64a9b13003d36,0.0006937699808640119,0.009456329754688353,0.0014949646982976871,False,False,False,0,0,0,1,4352,56,noisy_sim,15,0,0,8,0,0.0,4,4,0.0017328805256431323,0.08958551097808479,0.025821453548666884,0.07602590082128478,6,0.08,1,qubit_wise_commuting,8,8704,1088.0,1088,6,6,40,5,adapt_pauli_pool,0.6819574762582196,0.90625,0.0016,0.0105,0.018,0.0012,0.0095,0.017,0.0004000000000000002,0.0010000000000000009,0.0009999999999999974,1.0,1.0,migrate,ibm_sherbrooke,0.0023999999999999985
sha256:92120f9fb81ba002a22cf3afc02d3e01aa44a98b55731f0fac50770a6e38195f,planner_calibration_3201_3208,planner_calibration,sigmetrics-planner-calibration-final-v1,sha256:e6a06faed51f4ea9d810727b1ea3911d1b8a4fb2958afda0cd601ccaed306d7a,sigmetrics-planner-calibration-final-v1--f9e5bde1c3d7c102,3206,adapt_vqe,paper,noisy_sim,B6,4,2,same_backend_delay,sha256:92120f9fb81ba002a22cf3afc02d3e01aa44a98b55731f0fac50770a6e38195f-failure,sha256:c3de09b7a5a382445908e40a757e13e281af56e292db3e369fb274f96354491a,sha256:2b5d5606b48121c83beae64c1c7cabbafc8d4853980e515ebdce93987de444de,sha256:4192599e00839095ce28acc7a17164bae699a252dfbf7ea081f422a6f6b84515,sha256:e1e07ca6816b3cd5b4fe014f9853698d1146a7655f5e2d5d99629de084262acf,ibm_kyiv,ibm_kyiv,replay,replay:ibm_kyiv,ibm_kyiv,ibm_kyiv->ibm_kyiv,True,,1,1,4.0,0.8,controlled scenario descriptor,0.007999999999999998,0.2666666666666666,derived recovery-time saved/current backend evidence,0,derived recovery-time saved/current backend identity,1,controlled scenario environment,0.44000000000000006,0.09333333333333331,0.0,0.0,0.5333333333333333,True,True,cf-89b51a97ee490893526c,0.002341519499882594,0.08048367960044603,0.002388165562886692,False,False,False,0,0,0,1,4352,56,noisy_sim,15,0,0,8,0,0.0,4,4,0.0017328805256431323,0.08958551097808479,0.025821453548666884,0.07602590082128478,6,0.08,1,qubit_wise_commuting,8,8704,1088.0,1088,6,6,40,5,adapt_pauli_pool,0.6819574762582196,0.90625,0.0016,0.0105,0.018,0.00224,0.0147,0.025199999999999997,0.0006399999999999997,0.004199999999999999,0.007199999999999998,1.0,1.0,replay,ibm_kyiv,0.012039999999999997
sha256:92a1f573e8b9c82c6797684cd691875008180065fa4835f2ad6836ed574e9fba,planner_calibration_3201_3208,planner_calibration,sigmetrics-planner-calibration-final-v1,sha256:e6a06faed51f4ea9d810727b1ea3911d1b8a4fb2958afda0cd601ccaed306d7a,sigmetrics-planner-calibration-final-v1--5c41aba1bcc3df9d,3207,h2_vqe,paper,noisy_sim,B5,4,2,high_change,sha256:92a1f573e8b9c82c6797684cd691875008180065fa4835f2ad6836ed574e9fba-failure,sha256:3ac6d55d876f270871513157dcbc7e9a3aa9efd9ac8e8870687145bcc8c49c96,sha256:2b6db34aacbffdb427c6a86493c0c97d7fa901154c9c190f56705a55a8d2a0ee,sha256:94e11cf4ea4c74d973b64129cefe2805f81a297533fc0020c3c844df147749e1,sha256:399639dfd1a38a756fc0bef5821f5802abafe0b05589cc166927a0645edb5fae,ibm_kyiv,ibm_brisbane,migrate,migrate:ibm_brisbane,ibm_brisbane,ibm_kyiv->ibm_brisbane,True,,1,1,6.0,1.0,controlled scenario descriptor,0.023860000000000006,0.7953333333333336,derived recovery-time saved/current backend evidence,1,derived recovery-time saved/current backend identity,1,controlled scenario environment,0.55,0.2783666666666667,0.1,0.0,0.9283666666666667,True,True,cf-3dbb9426802fc1368116,0.034320059670872816,0.09682862678494548,0.03345449190108197,False,False,False,0,0,0,1,4992,104,noisy_sim,9,3,2976,4,0,0.42857142857142855,4,4,0.06374967188126046,0.35588426269511964,0.06949420903304539,0.23825478883452927,12,0.105,1,qubit_wise_commuting,7,8736,1248.0,1248,12,0,24,4,entangling_ry_rz_brickwork,1.0852529303149812,0.8341346153846154,0.0016,0.0105,0.018,0.00336,0.022400000000000003,0.038400000000000004,0.00176,0.011900000000000003,0.020400000000000005,1.0,1.0,migrate,ibm_brisbane,0.03406000000000001
sha256:92a1f573e8b9c82c6797684cd691875008180065fa4835f2ad6836ed574e9fba,planner_calibration_3201_3208,planner_calibration,sigmetrics-planner-calibration-final-v1,sha256:e6a06faed51f4ea9d810727b1ea3911d1b8a4fb2958afda0cd601ccaed306d7a,sigmetrics-planner-calibration-final-v1--5c41aba1bcc3df9d,3207,h2_vqe,paper,noisy_sim,B5,4,2,high_change,sha256:92a1f573e8b9c82c6797684cd691875008180065fa4835f2ad6836ed574e9fba-failure,sha256:3ac6d55d876f270871513157dcbc7e9a3aa9efd9ac8e8870687145bcc8c49c96,sha256:2b6db34aacbffdb427c6a86493c0c97d7fa901154c9c190f56705a55a8d2a0ee,sha256:94e11cf4ea4c74d973b64129cefe2805f81a297533fc0020c3c844df147749e1,sha256:399639dfd1a38a756fc0bef5821f5802abafe0b05589cc166927a0645edb5fae,ibm_kyiv,ibm_kyiv,replay,replay:ibm_kyiv,ibm_kyiv,ibm_kyiv->ibm_kyiv,True,,1,1,8.0,1.0,controlled scenario descriptor,0.016,0.5333333333333333,derived recovery-time saved/current backend evidence,0,derived recovery-time saved/current backend identity,1,controlled scenario environment,0.55,0.18666666666666665,0.0,0.0,0.7366666666666667,True,True,cf-01f7661f00d11e21d8e5,0.024672920943651366,0.0746388994960001,0.023891224386242978,False,False,False,0,0,0,1,4992,104,noisy_sim,9,3,2976,4,0,0.42857142857142855,4,4,0.06374967188126046,0.35588426269511964,0.06949420903304539,0.23825478883452927,12,0.105,1,qubit_wise_commuting,7,8736,1248.0,1248,12,0,24,4,entangling_ry_rz_brickwork,1.0852529303149812,0.8341346153846154,0.0016,0.0105,0.018,0.00288,0.0189,0.0324,0.00128,0.0084,0.0144,1.0,1.0,replay,ibm_kyiv,0.024079999999999997
sha256:9531954297247f42511b7e32554d2f30988ff8fa7abe9ca6db14bb97af0674d5,planner_calibration_3201_3208,planner_calibration,sigmetrics-planner-calibration-final-v1,sha256:e6a06faed51f4ea9d810727b1ea3911d1b8a4fb2958afda0cd601ccaed306d7a,sigmetrics-planner-calibration-final-v1--9ca4f9c9c3cd4638,3202,qaoa_maxcut,paper,noisy_sim,B5,4,2,safe_change,sha256:9531954297247f42511b7e32554d2f30988ff8fa7abe9ca6db14bb97af0674d5-failure,sha256:462103aa9c00b90c1cfad5c4b7381b3ffd86adaf022f3c5ef08430a0c033bc7c,sha256:8aa9fd73acdbefb930184631c530ac1ad4750da95e7359345a133016be010a68,sha256:a9aa49d0abe0c0e8c2ca3406cdae5818d28f0e352c4a812e712215e808676f00,sha256:58e7991a7dae9cc7c2bf40174adf04b6344b663669ec7c14c875e32e916f76e7,ibm_kyiv,ibm_kyiv,replay,replay:ibm_kyiv,ibm_kyiv,ibm_kyiv->ibm_kyiv,True,,1,1,0.1,0.02,controlled scenario descriptor,0.00020000000000000017,0.006666666666666672,derived recovery-time saved/current backend evidence,0,derived recovery-time saved/current backend identity,1,controlled scenario environment,0.011000000000000001,0.0023333333333333353,0.0,0.0,0.013333333333333336,True,True,cf-68fb30899b212ba96a82,0.00133735689488379,0.005990900915202489,0.05264795354792391,True,True,True,1,1,1,0,16128,40,noisy_sim,9,1,4032,0,0,1.0,4,4,1.3226390242737498,5.933182071298674,2.845374735559826,3.7284657297019232,4,0.12,1,qubit_wise_commuting,1,4032,4032.0,4032,4,0,10,6,qaoa_maxcut,5.612587539937337,0.10044642857142858,0.0016,0.0105,0.018,0.001616,0.010605000000000002,0.018179999999999998,1.5999999999999955e-05,0.00010500000000000093,0.0001799999999999996,1.0,1.0,replay,ibm_kyiv,0.0003010000000000005
sha256:977dd5801dcd4e09872ab542091433f97e30f380dd8f603174e1f87b647300b7,planner_calibration_3201_3208,planner_calibration,sigmetrics-planner-calibration-final-v1,sha256:e6a06faed51f4ea9d810727b1ea3911d1b8a4fb2958afda0cd601ccaed306d7a,sigmetrics-planner-calibration-final-v1--775a7ae6fb45ee09,3205,adapt_vqe,paper,noisy_sim,B6,4,2,cross_backend,sha256:977dd5801dcd4e09872ab542091433f97e30f380dd8f603174e1f87b647300b7-failure,sha256:8001e7cc0d46b30bcd96a01b71b8b6d2d881a82df4a036566f89de8a2103e3da,sha256:3e961724e06d6d711a9338896a03f47484a702bab4903cdf8ef8771396da980d,sha256:d0f32e9d96569c4332b1ff1180ee97229e197978db70d9db9dea249da627b2b0,sha256:84f7608c009da20fadb5b52782eedf2de76590f9a0b09c0f83a3efa07870b620,ibm_kyiv,ibm_brisbane,migrate,migrate:ibm_brisbane,ibm_brisbane,ibm_kyiv->ibm_brisbane,True,,1,1,0.0,0.0,controlled scenario descriptor,0.007,0.23333333333333334,derived recovery-time saved/current backend evidence,1,derived recovery-time saved/current backend identity,1,controlled scenario environment,0.0,0.08166666666666667,0.1,0.0,0.18166666666666667,True,True,cf-06b5ec0250419c2310a1,0.0018676791137588467,0.06149206150208267,0.0017026648372717426,False,False,False,0,0,0,1,4352,56,noisy_sim,15,0,0,8,0,0.0,4,4,0.004644212893648358,0.16090488553445034,0.04682939668804547,0.1332737222981686,6,0.08,1,qubit_wise_commuting,8,8704,1088.0,1088,6,6,40,5,adapt_pauli_pool,0.8838815601789535,0.8704044117647058,0.0016,0.0105,0.018,0.0021,0.014,0.024,0.0004999999999999998,0.0034999999999999996,0.006000000000000002,1.0,1.0,migrate,ibm_brisbane,0.010000000000000002
sha256:977dd5801dcd4e09872ab542091433f97e30f380dd8f603174e1f87b647300b7,planner_calibration_3201_3208,planner_calibration,sigmetrics-planner-calibration-final-v1,sha256:e6a06faed51f4ea9d810727b1ea3911d1b8a4fb2958afda0cd601ccaed306d7a,sigmetrics-planner-calibration-final-v1--775a7ae6fb45ee09,3205,adapt_vqe,paper,noisy_sim,B6,4,2,cross_backend,sha256:977dd5801dcd4e09872ab542091433f97e30f380dd8f603174e1f87b647300b7-failure,sha256:8001e7cc0d46b30bcd96a01b71b8b6d2d881a82df4a036566f89de8a2103e3da,sha256:3e961724e06d6d711a9338896a03f47484a702bab4903cdf8ef8771396da980d,sha256:d0f32e9d96569c4332b1ff1180ee97229e197978db70d9db9dea249da627b2b0,sha256:84f7608c009da20fadb5b52782eedf2de76590f9a0b09c0f83a3efa07870b620,ibm_kyiv,ibm_sherbrooke,migrate,migrate:ibm_sherbrooke,ibm_sherbrooke,ibm_kyiv->ibm_sherbrooke,True,,1,1,0.0,0.0,controlled scenario descriptor,0.0018999999999999998,0.06333333333333332,derived recovery-time saved/current backend evidence,1,derived recovery-time saved/current backend identity,1,controlled scenario environment,0.0,0.02216666666666666,0.1,0.0,0.12216666666666667,True,True,cf-3115ef01853953d0c87f,0.0006583832600313144,0.022831822795890584,0.0013636525465075973,False,False,False,0,0,0,1,4352,56,noisy_sim,15,0,0,8,0,0.0,4,4,0.004644212893648358,0.16090488553445034,0.04682939668804547,0.1332737222981686,6,0.08,1,qubit_wise_commuting,8,8704,1088.0,1088,6,6,40,5,adapt_pauli_pool,0.8838815601789535,0.8704044117647058,0.0016,0.0105,0.018,0.0012,0.0095,0.017,0.0004000000000000002,0.0010000000000000009,0.0009999999999999974,1.0,1.0,migrate,ibm_sherbrooke,0.0023999999999999985
sha256:97c302eb298cbff7b9fb43b024123cb8847201f0a59a08b2794e872e24b91473,planner_calibration_3201_3208,planner_calibration,sigmetrics-planner-calibration-final-v1,sha256:e6a06faed51f4ea9d810727b1ea3911d1b8a4fb2958afda0cd601ccaed306d7a,sigmetrics-planner-calibration-final-v1--36ddda81ea2fd7b0,3206,qaoa_maxcut,paper,noisy_sim,B5,4,2,same_backend_delay,sha256:97c302eb298cbff7b9fb43b024123cb8847201f0a59a08b2794e872e24b91473-failure,sha256:3e81e1d6c8de361668e36bd56b4d7e31b1016224ed55861afa53c5f98700c70e,sha256:2b5d5606b48121c83beae64c1c7cabbafc8d4853980e515ebdce93987de444de,sha256:7c1d6d3b92b74eb9793f2e3d7476b13650919c35e6be30736522cf63625ecb00,sha256:71b301417b89f8cf61457917827873ed765faeeb2f1af2c5adec276515f935da,ibm_kyiv,ibm_sherbrooke,migrate,migrate:ibm_sherbrooke,ibm_sherbrooke,ibm_kyiv->ibm_sherbrooke,True,,1,1,0.0,0.0,controlled scenario descriptor,0.0018999999999999998,0.06333333333333332,derived recovery-time saved/current backend evidence,1,derived recovery-time saved/current backend identity,1,controlled scenario environment,0.0,0.02216666666666666,0.1,0.0,0.12216666666666667,True,True,cf-cf8a536c9745488c1dc3,0.16258169180946602,0.056653394699478735,0.3513321094642928,False,False,False,0,0,0,1,16512,40,noisy_sim,9,1,4128,0,0,1.0,4,4,2.542464911220978,8.082579638887832,3.6323456151097853,6.295761213828399,4,0.12,1,qubit_wise_commuting,1,4128,4128.0,4128,4,0,10,6,qaoa_maxcut,5.7535453202464515,0.07146317829457365,0.0016,0.0105,0.018,0.0012,0.0095,0.017,0.0004000000000000002,0.0010000000000000009,0.0009999999999999974,1.0,1.0,migrate,ibm_sherbrooke,0.0023999999999999985
sha256:97c302eb298cbff7b9fb43b024123cb8847201f0a59a08b2794e872e24b91473,planner_calibration_3201_3208,planner_calibration,sigmetrics-planner-calibration-final-v1,sha256:e6a06faed51f4ea9d810727b1ea3911d1b8a4fb2958afda0cd601ccaed306d7a,sigmetrics-planner-calibration-final-v1--36ddda81ea2fd7b0,3206,qaoa_maxcut,paper,noisy_sim,B5,4,2,same_backend_delay,sha256:97c302eb298cbff7b9fb43b024123cb8847201f0a59a08b2794e872e24b91473-failure,sha256:3e81e1d6c8de361668e36bd56b4d7e31b1016224ed55861afa53c5f98700c70e,sha256:2b5d5606b48121c83beae64c1c7cabbafc8d4853980e515ebdce93987de444de,sha256:7c1d6d3b92b74eb9793f2e3d7476b13650919c35e6be30736522cf63625ecb00,sha256:71b301417b89f8cf61457917827873ed765faeeb2f1af2c5adec276515f935da,ibm_kyiv,ibm_kyiv,replay,replay:ibm_kyiv,ibm_kyiv,ibm_kyiv->ibm_kyiv,True,,1,1,4.0,0.8,controlled scenario descriptor,0.007999999999999998,0.2666666666666666,derived recovery-time saved/current backend evidence,0,derived recovery-time saved/current backend identity,1,controlled scenario environment,0.44000000000000006,0.09333333333333331,0.0,0.0,0.5333333333333333,True,True,cf-a998580749329d338dff,0.09416293004575405,0.05638994483671191,1.0163639572029228,False,False,False,0,0,0,1,16512,40,noisy_sim,9,1,4128,0,0,1.0,4,4,2.542464911220978,8.082579638887832,3.6323456151097853,6.295761213828399,4,0.12,1,qubit_wise_commuting,1,4128,4128.0,4128,4,0,10,6,qaoa_maxcut,5.7535453202464515,0.07146317829457365,0.0016,0.0105,0.018,0.00224,0.0147,0.025199999999999997,0.0006399999999999997,0.004199999999999999,0.007199999999999998,1.0,1.0,replay,ibm_kyiv,0.012039999999999997
sha256:9813fd5b566c91b52c528ce56a42e81db7065874731c63abb2d685c3d5588985,planner_calibration_3201_3208,planner_calibration,sigmetrics-planner-calibration-final-v1,sha256:e6a06faed51f4ea9d810727b1ea3911d1b8a4fb2958afda0cd601ccaed306d7a,sigmetrics-planner-calibration-final-v1--da8187da960ac689,3205,adapt_vqe,paper,noisy_sim,B6,4,2,no_change,sha256:9813fd5b566c91b52c528ce56a42e81db7065874731c63abb2d685c3d5588985-failure,sha256:8001e7cc0d46b30bcd96a01b71b8b6d2d881a82df4a036566f89de8a2103e3da,sha256:0e7343b47d003afe2860e33d67399c12f7ed84b7f18c3a5e0d48aae47fda9990,sha256:966a7ca5de68231d7aa886c2f276bb727c01663a4e7b6881b3414a2b6ebdaea9,sha256:d3d0a3e31dc0e7753df447e16212a255e85bdfbc3746c441240667c09377793c,ibm_kyiv,ibm_kyiv,replay,replay:ibm_kyiv,ibm_kyiv,ibm_kyiv->ibm_kyiv,True,,1,1,0.0,0.0,controlled scenario descriptor,0.0,0.0,derived recovery-time saved/current backend evidence,0,derived recovery-time saved/current backend identity,1,controlled scenario environment,0.0,0.0,0.0,0.0,0.0,True,True,cf-53b853830f7917651ba7,0.0,0.0,0.0,True,True,True,1,1,1,0,4352,56,noisy_sim,15,0,0,8,0,0.0,4,4,0.004644212893648358,0.16090488553445034,0.04682939668804547,0.1332737222981686,6,0.08,1,qubit_wise_commuting,8,8704,1088.0,1088,6,6,40,5,adapt_pauli_pool,0.8838815601789535,0.8704044117647058,0.0016,0.0105,0.018,0.0016,0.0105,0.018,0.0,0.0,0.0,1.0,1.0,replay,ibm_kyiv,0.0
sha256:9c39d94594b51eba214b1e27cb7f1b8742ec88a281be7a129cd2c80baea62c39,planner_calibration_3201_3208,planner_calibration,sigmetrics-planner-calibration-final-v1,sha256:e6a06faed51f4ea9d810727b1ea3911d1b8a4fb2958afda0cd601ccaed306d7a,sigmetrics-planner-calibration-final-v1--45b45ce75bda29ba,3206,adapt_vqe,paper,noisy_sim,B6,4,2,safe_change,sha256:9c39d94594b51eba214b1e27cb7f1b8742ec88a281be7a129cd2c80baea62c39-failure,sha256:c3de09b7a5a382445908e40a757e13e281af56e292db3e369fb274f96354491a,sha256:8aa9fd73acdbefb930184631c530ac1ad4750da95e7359345a133016be010a68,sha256:317388e5b80af87428f1e3602de3fe41a034feeaea8d9419e01d1d16750e21ef,sha256:b0d6896b9c00ff6070c22d43824f49208e29caa28b6929894b1f2d2b7e23345d,ibm_kyiv,ibm_kyiv,replay,replay:ibm_kyiv,ibm_kyiv,ibm_kyiv->ibm_kyiv,True,,1,1,0.1,0.02,controlled scenario descriptor,0.00020000000000000017,0.006666666666666672,derived recovery-time saved/current backend evidence,0,derived recovery-time saved/current backend identity,1,controlled scenario environment,0.011000000000000001,0.0023333333333333353,0.0,0.0,0.013333333333333336,True,True,cf-c20a687c289bea027f07,5.85456757642433e-05,0.002451369099608232,5.976078617719568e-05,True,True,True,1,1,1,0,4352,56,noisy_sim,15,0,0,8,0,0.0,4,4,0.0017328805256431323,0.08958551097808479,0.025821453548666884,0.07602590082128478,6,0.08,1,qubit_wise_commuting,8,8704,1088.0,1088,6,6,40,5,adapt_pauli_pool,0.6819574762582196,0.90625,0.0016,0.0105,0.018,0.001616,0.010605000000000002,0.018179999999999998,1.5999999999999955e-05,0.00010500000000000093,0.0001799999999999996,1.0,1.0,replay,ibm_kyiv,0.0003010000000000005
sha256:9cb4fe50c347adbd700ac2870c23f8bbd1bc08f3ef7f78fce780d13633d1c249,planner_calibration_3201_3208,planner_calibration,sigmetrics-planner-calibration-final-v1,sha256:e6a06faed51f4ea9d810727b1ea3911d1b8a4fb2958afda0cd601ccaed306d7a,sigmetrics-planner-calibration-final-v1--a79d7f9240b7cc8e,3207,qaoa_maxcut,paper,noisy_sim,B5,4,2,no_change,sha256:9cb4fe50c347adbd700ac2870c23f8bbd1bc08f3ef7f78fce780d13633d1c249-failure,sha256:8d6bbc14d4fe962db85891ace7fec66f4f4146d3fed8f0442eb37f3cafc1015a,sha256:0e7343b47d003afe2860e33d67399c12f7ed84b7f18c3a5e0d48aae47fda9990,sha256:beaa270a390816fadd39bf6e4cf2cb1d92f7bf84678ac415bf7f191142ad2044,sha256:f8809c3b0b5f8d28ee7a5fabab5fabe3b8680285ac80f5c5c5e6fb365b22e62f,ibm_kyiv,ibm_kyiv,replay,replay:ibm_kyiv,ibm_kyiv,ibm_kyiv->ibm_kyiv,True,,1,1,0.0,0.0,controlled scenario descriptor,0.0,0.0,derived recovery-time saved/current backend evidence,0,derived recovery-time saved/current backend identity,1,controlled scenario environment,0.0,0.0,0.0,0.0,0.0,True,True,cf-5ee371a71130dc97f596,0.0,0.0,0.0,True,True,True,1,1,1,0,16256,40,noisy_sim,9,1,4064,0,0,1.0,4,4,0.5212537367528052,1.2786687097713467,0.6162722422033751,0.8202870714662068,4,0.12,1,qubit_wise_commuting,1,4064,4064.0,4064,4,0,10,6,qaoa_maxcut,4.914975903624279,0.13213582677165353,0.0016,0.0105,0.018,0.0016,0.0105,0.018,0.0,0.0,0.0,1.0,1.0,replay,ibm_kyiv,0.0
sha256:9dc898ece215ae146e3aae51425413ab45ac5738d9a21d75cd4a2e023c4698ee,planner_calibration_3201_3208,planner_calibration,sigmetrics-planner-calibration-final-v1,sha256:e6a06faed51f4ea9d810727b1ea3911d1b8a4fb2958afda0cd601ccaed306d7a,sigmetrics-planner-calibration-final-v1--469390197b1a74d9,3203,adapt_vqe,paper,noisy_sim,B6,4,2,no_change,sha256:9dc898ece215ae146e3aae51425413ab45ac5738d9a21d75cd4a2e023c4698ee-failure,sha256:9cca70a1207b66c49f4c42bf8b9de08e7c0f27aa7532cd02046c7b55cbcb56d0,sha256:0e7343b47d003afe2860e33d67399c12f7ed84b7f18c3a5e0d48aae47fda9990,sha256:966a7ca5de68231d7aa886c2f276bb727c01663a4e7b6881b3414a2b6ebdaea9,sha256:f1d157f575bb5291df5770c546d8c42f47c16c44a497fd05175e8aaade205c6c,ibm_kyiv,ibm_kyiv,replay,replay:ibm_kyiv,ibm_kyiv,ibm_kyiv->ibm_kyiv,True,,1,1,0.0,0.0,controlled scenario descriptor,0.0,0.0,derived recovery-time saved/current backend evidence,0,derived recovery-time saved/current backend identity,1,controlled scenario environment,0.0,0.0,0.0,0.0,0.0,True,True,cf-069dc5202856064643cd,0.0,0.0,0.0,True,True,True,1,1,1,0,4352,56,noisy_sim,15,0,0,8,0,0.0,4,4,0.003957456788344693,0.150697732345674,0.04416878247154351,0.12498168775043124,6,0.08,1,qubit_wise_commuting,8,8704,1088.0,1088,6,6,40,5,adapt_pauli_pool,0.8241250997137269,0.8841911764705882,0.0016,0.0105,0.018,0.0016,0.0105,0.018,0.0,0.0,0.0,1.0,1.0,replay,ibm_kyiv,0.0
sha256:9e3e193ba9d851c0d8c4b9cae572426511b759712967e91e72559088ccabeee5,planner_calibration_3201_3208,planner_calibration,sigmetrics-planner-calibration-final-v1,sha256:e6a06faed51f4ea9d810727b1ea3911d1b8a4fb2958afda0cd601ccaed306d7a,sigmetrics-planner-calibration-final-v1--bb1d8daebf74a361,3204,h2_vqe,paper,noisy_sim,B5,4,2,no_change,sha256:9e3e193ba9d851c0d8c4b9cae572426511b759712967e91e72559088ccabeee5-failure,sha256:75e068f88cbde4db3eccad5de2a9145fb98a909f39ccaa587711f4f79a2c1aaf,sha256:0e7343b47d003afe2860e33d67399c12f7ed84b7f18c3a5e0d48aae47fda9990,sha256:baa92c31b0f189ce526289e61ce9d7b1d153d2320fb0caa5de4cb9d39f4d0b0e,sha256:d243581cb461df7d44eb05fbd7d49af3121d955d441509f03a6cff1804e5172d,ibm_kyiv,ibm_kyiv,replay,replay:ibm_kyiv,ibm_kyiv,ibm_kyiv->ibm_kyiv,True,,1,1,0.0,0.0,controlled scenario descriptor,0.0,0.0,derived recovery-time saved/current backend evidence,0,derived recovery-time saved/current backend identity,1,controlled scenario environment,0.0,0.0,0.0,0.0,0.0,True,True,cf-09d174f6b88c06848c2d,0.0,0.0,0.0,True,True,True,1,1,1,0,4992,104,noisy_sim,9,3,2976,4,0,0.42857142857142855,4,4,0.03515487376985882,0.27035026865584005,0.050240963326342314,0.1865673757997202,12,0.105,1,qubit_wise_commuting,7,8736,1248.0,1248,12,0,24,4,entangling_ry_rz_brickwork,0.9913416874340611,0.8565705128205128,0.0016,0.0105,0.018,0.0016,0.0105,0.018,0.0,0.0,0.0,1.0,1.0,replay,ibm_kyiv,0.0
sha256:9e9cd5bae0e0643de44792ce81d8962a51fd0b62a6a857ef50e065a80eb1bb00,planner_calibration_3201_3208,planner_calibration,sigmetrics-planner-calibration-final-v1,sha256:e6a06faed51f4ea9d810727b1ea3911d1b8a4fb2958afda0cd601ccaed306d7a,sigmetrics-planner-calibration-final-v1--38ac32f968bb13c3,3206,adapt_vqe,paper,noisy_sim,B6,4,2,no_change,sha256:9e9cd5bae0e0643de44792ce81d8962a51fd0b62a6a857ef50e065a80eb1bb00-failure,sha256:c3de09b7a5a382445908e40a757e13e281af56e292db3e369fb274f96354491a,sha256:0e7343b47d003afe2860e33d67399c12f7ed84b7f18c3a5e0d48aae47fda9990,sha256:966a7ca5de68231d7aa886c2f276bb727c01663a4e7b6881b3414a2b6ebdaea9,sha256:794dbb9b047562192b10685c4721cd1399e0237803e3b3a51a0ee7dd5db0d1ea,ibm_kyiv,ibm_kyiv,replay,replay:ibm_kyiv,ibm_kyiv,ibm_kyiv->ibm_kyiv,True,,1,1,0.0,0.0,controlled scenario descriptor,0.0,0.0,derived recovery-time saved/current backend evidence,0,derived recovery-time saved/current backend identity,1,controlled scenario environment,0.0,0.0,0.0,0.0,0.0,True,True,cf-eb908e9332f66ffae400,0.0,0.0,0.0,True,True,True,1,1,1,0,4352,56,noisy_sim,15,0,0,8,0,0.0,4,4,0.0017328805256431323,0.08958551097808479,0.025821453548666884,0.07602590082128478,6,0.08,1,qubit_wise_commuting,8,8704,1088.0,1088,6,6,40,5,adapt_pauli_pool,0.6819574762582196,0.90625,0.0016,0.0105,0.018,0.0016,0.0105,0.018,0.0,0.0,0.0,1.0,1.0,replay,ibm_kyiv,0.0
sha256:9fcdcd7f07c27433d8b3fb27722f6a260762be8b165b9f9edbbcdddd612c618e,planner_calibration_3201_3208,planner_calibration,sigmetrics-planner-calibration-final-v1,sha256:e6a06faed51f4ea9d810727b1ea3911d1b8a4fb2958afda0cd601ccaed306d7a,sigmetrics-planner-calibration-final-v1--779adc0baf8dda73,3205,qaoa_maxcut,paper,noisy_sim,B5,4,2,safe_change,sha256:9fcdcd7f07c27433d8b3fb27722f6a260762be8b165b9f9edbbcdddd612c618e-failure,sha256:59eb3ca528a2d288d2f5a234359096c6c2bf86033fc7bf5396a861e1152071ff,sha256:8aa9fd73acdbefb930184631c530ac1ad4750da95e7359345a133016be010a68,sha256:a9aa49d0abe0c0e8c2ca3406cdae5818d28f0e352c4a812e712215e808676f00,sha256:64fb0f1dce17e64da8bc4cc417ba8603e91507e55abcf77e6b49aa73f699c342,ibm_kyiv,ibm_kyiv,replay,replay:ibm_kyiv,ibm_kyiv,ibm_kyiv->ibm_kyiv,True,,1,1,0.1,0.02,controlled scenario descriptor,0.00020000000000000017,0.006666666666666672,derived recovery-time saved/current backend evidence,0,derived recovery-time saved/current backend identity,1,controlled scenario environment,0.011000000000000001,0.0023333333333333353,0.0,0.0,0.013333333333333336,True,True,cf-668c74aebed9c908fb61,0.05879772968954011,0.05701069635665855,0.03169158516071698,True,True,True,1,1,1,0,16256,40,noisy_sim,9,1,4064,0,0,1.0,4,4,2.435385061672233,6.149834208055388,2.685811974339774,4.1569263589522425,4,0.12,1,qubit_wise_commuting,1,4064,4064.0,4064,4,0,10,6,qaoa_maxcut,5.3936324076978135,0.10359251968503937,0.0016,0.0105,0.018,0.001616,0.010605000000000002,0.018179999999999998,1.5999999999999955e-05,0.00010500000000000093,0.0001799999999999996,1.0,1.0,replay,ibm_kyiv,0.0003010000000000005
sha256:a08325006d49de8def4517d8ff5f01575e280b4f3998875e0ec8ef3bc6266671,planner_calibration_3201_3208,planner_calibration,sigmetrics-planner-calibration-final-v1,sha256:e6a06faed51f4ea9d810727b1ea3911d1b8a4fb2958afda0cd601ccaed306d7a,sigmetrics-planner-calibration-final-v1--3888ccac81cea465,3208,qaoa_maxcut,paper,noisy_sim,B5,4,2,high_change,sha256:a08325006d49de8def4517d8ff5f01575e280b4f3998875e0ec8ef3bc6266671-failure,sha256:b0a662a161de653757528e0e26c05bc246a842ce2db14de08b4d0aad7126bea7,sha256:2b6db34aacbffdb427c6a86493c0c97d7fa901154c9c190f56705a55a8d2a0ee,sha256:56ebe2ae23f982821e5cb20c223cf12264e80a93b5807dcea8a8ddb40107f761,sha256:54917b7e7b6454c98f9f2c68d42a93502f7eba3f512186cfa4e4a718c087d209,ibm_kyiv,ibm_brisbane,migrate,migrate:ibm_brisbane,ibm_brisbane,ibm_kyiv->ibm_brisbane,True,,1,1,6.0,1.0,controlled scenario descriptor,0.023860000000000006,0.7953333333333336,derived recovery-time saved/current backend evidence,1,derived recovery-time saved/current backend identity,1,controlled scenario environment,0.55,0.2783666666666667,0.1,0.0,0.9283666666666667,True,True,cf-dc51053ae0802d12a16f,0.8996717479995224,0.20016187869411367,1.3275798334638842,False,False,False,0,0,0,1,16384,40,noisy_sim,9,1,4096,0,0,1.0,4,4,2.553021421987263,6.42548841412416,3.0233798251886324,4.414778706439412,4,0.12,1,qubit_wise_commuting,1,4096,4096.0,4096,4,0,10,6,qaoa_maxcut,5.317311044248581,0.14111328125,0.0016,0.0105,0.018,0.00336,0.022400000000000003,0.038400000000000004,0.00176,0.011900000000000003,0.020400000000000005,1.0,1.0,migrate,ibm_brisbane,0.03406000000000001
sha256:a08325006d49de8def4517d8ff5f01575e280b4f3998875e0ec8ef3bc6266671,planner_calibration_3201_3208,planner_calibration,sigmetrics-planner-calibration-final-v1,sha256:e6a06faed51f4ea9d810727b1ea3911d1b8a4fb2958afda0cd601ccaed306d7a,sigmetrics-planner-calibration-final-v1--3888ccac81cea465,3208,qaoa_maxcut,paper,noisy_sim,B5,4,2,high_change,sha256:a08325006d49de8def4517d8ff5f01575e280b4f3998875e0ec8ef3bc6266671-failure,sha256:b0a662a161de653757528e0e26c05bc246a842ce2db14de08b4d0aad7126bea7,sha256:2b6db34aacbffdb427c6a86493c0c97d7fa901154c9c190f56705a55a8d2a0ee,sha256:56ebe2ae23f982821e5cb20c223cf12264e80a93b5807dcea8a8ddb40107f761,sha256:54917b7e7b6454c98f9f2c68d42a93502f7eba3f512186cfa4e4a718c087d209,ibm_kyiv,ibm_kyiv,replay,replay:ibm_kyiv,ibm_kyiv,ibm_kyiv->ibm_kyiv,True,,1,1,8.0,1.0,controlled scenario descriptor,0.016,0.5333333333333333,derived recovery-time saved/current backend evidence,0,derived recovery-time saved/current backend identity,1,controlled scenario environment,0.55,0.18666666666666665,0.0,0.0,0.7366666666666667,True,True,cf-bd904c00787bf902bd22,0.7769743978399513,0.18385992643439447,1.2500655667168576,False,False,False,0,0,0,1,16384,40,noisy_sim,9,1,4096,0,0,1.0,4,4,2.553021421987263,6.42548841412416,3.0233798251886324,4.414778706439412,4,0.12,1,qubit_wise_commuting,1,4096,4096.0,4096,4,0,10,6,qaoa_maxcut,5.317311044248581,0.14111328125,0.0016,0.0105,0.018,0.00288,0.0189,0.0324,0.00128,0.0084,0.0144,1.0,1.0,replay,ibm_kyiv,0.024079999999999997
sha256:a0b8c1ceed9b7269d2bc8a5451ba6a313ef0ce1693d46a8adbdac85ea9912e63,planner_calibration_3201_3208,planner_calibration,sigmetrics-planner-calibration-final-v1,sha256:e6a06faed51f4ea9d810727b1ea3911d1b8a4fb2958afda0cd601ccaed306d7a,sigmetrics-planner-calibration-final-v1--1f2413b770ee32f3,3208,lih_vqe,paper,noisy_sim,B5,4,2,high_change,sha256:a0b8c1ceed9b7269d2bc8a5451ba6a313ef0ce1693d46a8adbdac85ea9912e63-failure,sha256:3a1d5db8272d9f6fbad49deb94e58fb052608c352e84d85a8656e517face80c9,sha256:2b6db34aacbffdb427c6a86493c0c97d7fa901154c9c190f56705a55a8d2a0ee,sha256:5d8943b74edf54b19c3d0d4493eca8c11e5671bf89d76b8f3b4c56d6f9edfee2,sha256:1fc1d968a589cfbe84c039cbabc4a445d4b69185af6e872c35b61a8f7a66b1ed,ibm_kyiv,ibm_brisbane,migrate,migrate:ibm_brisbane,ibm_brisbane,ibm_kyiv->ibm_brisbane,True,,1,1,6.0,1.0,controlled scenario descriptor,0.023860000000000006,0.7953333333333336,derived recovery-time saved/current backend evidence,1,derived recovery-time saved/current backend identity,1,controlled scenario environment,0.55,0.2783666666666667,0.1,0.0,0.9283666666666667,True,True,cf-7ee112a06f7b3c45eb30,0.004793963923718003,0.14471889624974046,0.07357544089323086,False,False,False,0,0,0,1,6144,168,noisy_sim,9,4,5120,4,0,0.5,4,4,0.08882639129214098,0.6107391663059288,0.06608345735153985,0.4201181202869818,20,0.085,1,qubit_wise_commuting,8,12288,1536.0,1536,20,0,40,5,entangling_ry_rz_brickwork,1.3937094986767222,0.810546875,0.0016,0.0105,0.018,0.00336,0.022400000000000003,0.038400000000000004,0.00176,0.011900000000000003,0.020400000000000005,1.0,1.0,migrate,ibm_brisbane,0.03406000000000001
sha256:a0b8c1ceed9b7269d2bc8a5451ba6a313ef0ce1693d46a8adbdac85ea9912e63,planner_calibration_3201_3208,planner_calibration,sigmetrics-planner-calibration-final-v1,sha256:e6a06faed51f4ea9d810727b1ea3911d1b8a4fb2958afda0cd601ccaed306d7a,sigmetrics-planner-calibration-final-v1--1f2413b770ee32f3,3208,lih_vqe,paper,noisy_sim,B5,4,2,high_change,sha256:a0b8c1ceed9b7269d2bc8a5451ba6a313ef0ce1693d46a8adbdac85ea9912e63-failure,sha256:3a1d5db8272d9f6fbad49deb94e58fb052608c352e84d85a8656e517face80c9,sha256:2b6db34aacbffdb427c6a86493c0c97d7fa901154c9c190f56705a55a8d2a0ee,sha256:5d8943b74edf54b19c3d0d4493eca8c11e5671bf89d76b8f3b4c56d6f9edfee2,sha256:1fc1d968a589cfbe84c039cbabc4a445d4b69185af6e872c35b61a8f7a66b1ed,ibm_kyiv,ibm_kyiv,replay,replay:ibm_kyiv,ibm_kyiv,ibm_kyiv->ibm_kyiv,True,,1,1,8.0,1.0,controlled scenario descriptor,0.016,0.5333333333333333,derived recovery-time saved/current backend evidence,0,derived recovery-time saved/current backend identity,1,controlled scenario environment,0.55,0.18666666666666665,0.0,0.0,0.7366666666666667,True,True,cf-497c083eb092851b5f94,0.0035674812261383693,0.09305202421190573,0.05296959198290254,False,False,False,0,0,0,1,6144,168,noisy_sim,9,4,5120,4,0,0.5,4,4,0.08882639129214098,0.6107391663059288,0.06608345735153985,0.4201181202869818,20,0.085,1,qubit_wise_commuting,8,12288,1536.0,1536,20,0,40,5,entangling_ry_rz_brickwork,1.3937094986767222,0.810546875,0.0016,0.0105,0.018,0.00288,0.0189,0.0324,0.00128,0.0084,0.0144,1.0,1.0,replay,ibm_kyiv,0.024079999999999997
sha256:aa07407cd067e2968276553d8d9cfa5b3928ff7191de0a1e6538844807cc8b60,planner_calibration_3201_3208,planner_calibration,sigmetrics-planner-calibration-final-v1,sha256:e6a06faed51f4ea9d810727b1ea3911d1b8a4fb2958afda0cd601ccaed306d7a,sigmetrics-planner-calibration-final-v1--7f7c87cb83db9d67,3203,h2_vqe,paper,noisy_sim,B5,4,2,cross_backend,sha256:aa07407cd067e2968276553d8d9cfa5b3928ff7191de0a1e6538844807cc8b60-failure,sha256:2b6effc368a2c7de9dda1b9c84f04de3356dc40f9fe35a66e25d1b5d12eb11ec,sha256:3e961724e06d6d711a9338896a03f47484a702bab4903cdf8ef8771396da980d,sha256:465cf8190aa72910b114108c272f86151fcf7f7906fe7d9023fc8db000a97506,sha256:62db114fc7e017fcbb6cdeea92946fbca6b3eaaa0f512944b90b9db046febcdb,ibm_kyiv,ibm_brisbane,migrate,migrate:ibm_brisbane,ibm_brisbane,ibm_kyiv->ibm_brisbane,True,,1,1,0.0,0.0,controlled scenario descriptor,0.007,0.23333333333333334,derived recovery-time saved/current backend evidence,1,derived recovery-time saved/current backend identity,1,controlled scenario environment,0.0,0.08166666666666667,0.1,0.0,0.18166666666666667,True,True,cf-f37226a5a1c46f4b6679,0.008295135390674169,0.07561120537837729,0.013914604525718771,False,False,False,0,0,0,1,4992,104,noisy_sim,9,3,2976,4,0,0.42857142857142855,4,4,0.06911634802839095,0.43997478302889087,0.07412382582966578,0.37981874393460374,12,0.105,1,qubit_wise_commuting,7,8736,1248.0,1248,12,0,24,4,entangling_ry_rz_brickwork,1.6650917155927296,0.7267628205128205,0.0016,0.0105,0.018,0.0021,0.014,0.024,0.0004999999999999998,0.0034999999999999996,0.006000000000000002,1.0,1.0,migrate,ibm_brisbane,0.010000000000000002
sha256:aa07407cd067e2968276553d8d9cfa5b3928ff7191de0a1e6538844807cc8b60,planner_calibration_3201_3208,planner_calibration,sigmetrics-planner-calibration-final-v1,sha256:e6a06faed51f4ea9d810727b1ea3911d1b8a4fb2958afda0cd601ccaed306d7a,sigmetrics-planner-calibration-final-v1--7f7c87cb83db9d67,3203,h2_vqe,paper,noisy_sim,B5,4,2,cross_backend,sha256:aa07407cd067e2968276553d8d9cfa5b3928ff7191de0a1e6538844807cc8b60-failure,sha256:2b6effc368a2c7de9dda1b9c84f04de3356dc40f9fe35a66e25d1b5d12eb11ec,sha256:3e961724e06d6d711a9338896a03f47484a702bab4903cdf8ef8771396da980d,sha256:465cf8190aa72910b114108c272f86151fcf7f7906fe7d9023fc8db000a97506,sha256:62db114fc7e017fcbb6cdeea92946fbca6b3eaaa0f512944b90b9db046febcdb,ibm_kyiv,ibm_sherbrooke,migrate,migrate:ibm_sherbrooke,ibm_sherbrooke,ibm_kyiv->ibm_sherbrooke,True,,1,1,0.0,0.0,controlled scenario descriptor,0.0018999999999999998,0.06333333333333332,derived recovery-time saved/current backend evidence,1,derived recovery-time saved/current backend identity,1,controlled scenario environment,0.0,0.02216666666666666,0.1,0.0,0.12216666666666667,True,True,cf-579d2e200be595c3dd29,0.004292025676162714,0.008439052019879056,0.006223307434166153,False,False,False,0,0,0,1,4992,104,noisy_sim,9,3,2976,4,0,0.42857142857142855,4,4,0.06911634802839095,0.43997478302889087,0.07412382582966578,0.37981874393460374,12,0.105,1,qubit_wise_commuting,7,8736,1248.0,1248,12,0,24,4,entangling_ry_rz_brickwork,1.6650917155927296,0.7267628205128205,0.0016,0.0105,0.018,0.0012,0.0095,0.017,0.0004000000000000002,0.0010000000000000009,0.0009999999999999974,1.0,1.0,migrate,ibm_sherbrooke,0.0023999999999999985
sha256:aa95a9505197aad26fab727226dcc030bbd8c16bd5cc4a7f2ea03e9d8c67e655,planner_calibration_3201_3208,planner_calibration,sigmetrics-planner-calibration-final-v1,sha256:e6a06faed51f4ea9d810727b1ea3911d1b8a4fb2958afda0cd601ccaed306d7a,sigmetrics-planner-calibration-final-v1--4b68d22168b0593c,3201,qaoa_maxcut,paper,noisy_sim,B5,4,2,safe_change,sha256:aa95a9505197aad26fab727226dcc030bbd8c16bd5cc4a7f2ea03e9d8c67e655-failure,sha256:8f1614fc3b36ea92b087bfe771ba156fb3eb737840a48e534aa60667637ab1f2,sha256:8aa9fd73acdbefb930184631c530ac1ad4750da95e7359345a133016be010a68,sha256:a9aa49d0abe0c0e8c2ca3406cdae5818d28f0e352c4a812e712215e808676f00,sha256:90c36190d8adb11933b87577e352811f796d298835b210c1a11c402adc306bb3,ibm_kyiv,ibm_kyiv,replay,replay:ibm_kyiv,ibm_kyiv,ibm_kyiv->ibm_kyiv,True,,1,1,0.1,0.02,controlled scenario descriptor,0.00020000000000000017,0.006666666666666672,derived recovery-time saved/current backend evidence,0,derived recovery-time saved/current backend identity,1,controlled scenario environment,0.011000000000000001,0.0023333333333333353,0.0,0.0,0.013333333333333336,True,True,cf-0e15dfc8a1420a4e4789,0.008975628398290247,0.05203659102278083,0.07322903591427275,True,True,True,1,1,1,0,16512,40,noisy_sim,9,1,4128,0,0,1.0,4,4,0.6591191852401184,2.4159980954954077,0.9376920025590751,1.9519481341791651,4,0.12,1,qubit_wise_commuting,1,4128,4128.0,4128,4,0,10,6,qaoa_maxcut,5.106102522777241,0.11652131782945736,0.0016,0.0105,0.018,0.001616,0.010605000000000002,0.018179999999999998,1.5999999999999955e-05,0.00010500000000000093,0.0001799999999999996,1.0,1.0,replay,ibm_kyiv,0.0003010000000000005
sha256:aaa254794641e68409582b58810d2e1533eededd5a496c69d53937fe3c80ee36,planner_calibration_3201_3208,planner_calibration,sigmetrics-planner-calibration-final-v1,sha256:e6a06faed51f4ea9d810727b1ea3911d1b8a4fb2958afda0cd601ccaed306d7a,sigmetrics-planner-calibration-final-v1--ca1d22b513bb4503,3203,lih_vqe,paper,noisy_sim,B5,4,2,safe_change,sha256:aaa254794641e68409582b58810d2e1533eededd5a496c69d53937fe3c80ee36-failure,sha256:94634ab07d9ad0da53a4da33633c9acdacdb66ad3eb3d3380b1f6d46cf210751,sha256:8aa9fd73acdbefb930184631c530ac1ad4750da95e7359345a133016be010a68,sha256:f153a653cabcc0d3e38fb1af8137fb44b49a89a01ef79eb6e01d15143d6b4d75,sha256:9dfbec3ba654c245e05eb7f7118ad02f1b8af31758107de5217bb911a5de138f,ibm_kyiv,ibm_kyiv,replay,replay:ibm_kyiv,ibm_kyiv,ibm_kyiv->ibm_kyiv,True,,1,1,0.1,0.02,controlled scenario descriptor,0.00020000000000000017,0.006666666666666672,derived recovery-time saved/current backend evidence,0,derived recovery-time saved/current backend identity,1,controlled scenario environment,0.011000000000000001,0.0023333333333333353,0.0,0.0,0.013333333333333336,True,True,cf-d0b117ed10ab22417f88,0.0001061589787205719,0.026786651263598037,0.0006998298823895842,True,True,True,1,1,1,0,5632,168,noisy_sim,9,4,4608,4,0,0.5,4,4,0.07853312078771069,0.5578266783522711,0.06354446825745806,0.40790890005799857,20,0.085,1,qubit_wise_commuting,8,11264,1408.0,1408,20,0,40,5,entangling_ry_rz_brickwork,1.588774396741945,0.7691761363636364,0.0016,0.0105,0.018,0.001616,0.010605000000000002,0.018179999999999998,1.5999999999999955e-05,0.00010500000000000093,0.0001799999999999996,1.0,1.0,replay,ibm_kyiv,0.0003010000000000005
sha256:abbeac848f06d8e54f587cd8610d005b05f9e39f3b41b995f20a2d0a506aceee,planner_calibration_3201_3208,planner_calibration,sigmetrics-planner-calibration-final-v1,sha256:e6a06faed51f4ea9d810727b1ea3911d1b8a4fb2958afda0cd601ccaed306d7a,sigmetrics-planner-calibration-final-v1--aa16ac00822eed1c,3205,h2_vqe,paper,noisy_sim,B5,4,2,cross_backend,sha256:abbeac848f06d8e54f587cd8610d005b05f9e39f3b41b995f20a2d0a506aceee-failure,sha256:df1d48ace5f75a4f8478d854974137f322b5709d4d24855b4636a0d3988a312b,sha256:3e961724e06d6d711a9338896a03f47484a702bab4903cdf8ef8771396da980d,sha256:465cf8190aa72910b114108c272f86151fcf7f7906fe7d9023fc8db000a97506,sha256:bbda6b9787416b682a6321d874d7008edc7282e6dc57362c0017c405a5445d3d,ibm_kyiv,ibm_brisbane,migrate,migrate:ibm_brisbane,ibm_brisbane,ibm_kyiv->ibm_brisbane,True,,1,1,0.0,0.0,controlled scenario descriptor,0.007,0.23333333333333334,derived recovery-time saved/current backend evidence,1,derived recovery-time saved/current backend identity,1,controlled scenario environment,0.0,0.08166666666666667,0.1,0.0,0.18166666666666667,True,True,cf-7359e2b9caebcbcb6931,0.009605469896863728,0.048525430238983765,0.01243300858199364,False,False,False,0,0,0,1,4992,104,noisy_sim,9,3,2976,4,0,0.42857142857142855,4,4,0.05718663583871364,0.36271255454705154,0.07397019557239506,0.25046852980843415,12,0.105,1,qubit_wise_commuting,7,8736,1248.0,1248,12,0,24,4,entangling_ry_rz_brickwork,1.0554526220034204,0.8461538461538461,0.0016,0.0105,0.018,0.0021,0.014,0.024,0.0004999999999999998,0.0034999999999999996,0.006000000000000002,1.0,1.0,migrate,ibm_brisbane,0.010000000000000002
sha256:abbeac848f06d8e54f587cd8610d005b05f9e39f3b41b995f20a2d0a506aceee,planner_calibration_3201_3208,planner_calibration,sigmetrics-planner-calibration-final-v1,sha256:e6a06faed51f4ea9d810727b1ea3911d1b8a4fb2958afda0cd601ccaed306d7a,sigmetrics-planner-calibration-final-v1--aa16ac00822eed1c,3205,h2_vqe,paper,noisy_sim,B5,4,2,cross_backend,sha256:abbeac848f06d8e54f587cd8610d005b05f9e39f3b41b995f20a2d0a506aceee-failure,sha256:df1d48ace5f75a4f8478d854974137f322b5709d4d24855b4636a0d3988a312b,sha256:3e961724e06d6d711a9338896a03f47484a702bab4903cdf8ef8771396da980d,sha256:465cf8190aa72910b114108c272f86151fcf7f7906fe7d9023fc8db000a97506,sha256:bbda6b9787416b682a6321d874d7008edc7282e6dc57362c0017c405a5445d3d,ibm_kyiv,ibm_sherbrooke,migrate,migrate:ibm_sherbrooke,ibm_sherbrooke,ibm_kyiv->ibm_sherbrooke,True,,1,1,0.0,0.0,controlled scenario descriptor,0.0018999999999999998,0.06333333333333332,derived recovery-time saved/current backend evidence,1,derived recovery-time saved/current backend identity,1,controlled scenario environment,0.0,0.02216666666666666,0.1,0.0,0.12216666666666667,True,True,cf-96fd6b95ea47c19a0b98,0.0048836851398681436,0.02137674547110551,0.005573097999694755,False,False,False,0,0,0,1,4992,104,noisy_sim,9,3,2976,4,0,0.42857142857142855,4,4,0.05718663583871364,0.36271255454705154,0.07397019557239506,0.25046852980843415,12,0.105,1,qubit_wise_commuting,7,8736,1248.0,1248,12,0,24,4,entangling_ry_rz_brickwork,1.0554526220034204,0.8461538461538461,0.0016,0.0105,0.018,0.0012,0.0095,0.017,0.0004000000000000002,0.0010000000000000009,0.0009999999999999974,1.0,1.0,migrate,ibm_sherbrooke,0.0023999999999999985
sha256:abf3e48f305cc19734bae5b44dde7504549a19e7f8ed022a004c32cb21788a48,planner_calibration_3201_3208,planner_calibration,sigmetrics-planner-calibration-final-v1,sha256:e6a06faed51f4ea9d810727b1ea3911d1b8a4fb2958afda0cd601ccaed306d7a,sigmetrics-planner-calibration-final-v1--d3808146e7e19b98,3201,lih_vqe,paper,noisy_sim,B5,4,2,safe_change,sha256:abf3e48f305cc19734bae5b44dde7504549a19e7f8ed022a004c32cb21788a48-failure,sha256:be70f0de5de01672727647b686dd8a454595c5f953bdf3bb53b97180cdadc642,sha256:8aa9fd73acdbefb930184631c530ac1ad4750da95e7359345a133016be010a68,sha256:f153a653cabcc0d3e38fb1af8137fb44b49a89a01ef79eb6e01d15143d6b4d75,sha256:81045af49d1b76198e3f6e6586a92a671d0cd795eeafb2a6c22301a929b13316,ibm_kyiv,ibm_kyiv,replay,replay:ibm_kyiv,ibm_kyiv,ibm_kyiv->ibm_kyiv,True,,1,1,0.1,0.02,controlled scenario descriptor,0.00020000000000000017,0.006666666666666672,derived recovery-time saved/current backend evidence,0,derived recovery-time saved/current backend identity,1,controlled scenario environment,0.011000000000000001,0.0023333333333333353,0.0,0.0,0.013333333333333336,True,True,cf-eef425dfe8093c92b51f,0.00010418873751927293,0.022172109950381873,0.0006924876421377089,True,True,True,1,1,1,0,6144,168,noisy_sim,9,4,5120,4,0,0.5,4,4,0.08970018258591406,0.6318671924439961,0.08191544501966291,0.38306584394877974,20,0.085,1,qubit_wise_commuting,8,12288,1536.0,1536,20,0,40,5,entangling_ry_rz_brickwork,1.6727864599321207,0.755859375,0.0016,0.0105,0.018,0.001616,0.010605000000000002,0.018179999999999998,1.5999999999999955e-05,0.00010500000000000093,0.0001799999999999996,1.0,1.0,replay,ibm_kyiv,0.0003010000000000005
sha256:aed1c1023b4421e41b22fe9f809997a0d0fca8bfab90cf8ccbd9de5ba8c1ff27,planner_calibration_3201_3208,planner_calibration,sigmetrics-planner-calibration-final-v1,sha256:e6a06faed51f4ea9d810727b1ea3911d1b8a4fb2958afda0cd601ccaed306d7a,sigmetrics-planner-calibration-final-v1--6a39f205a476f3cf,3202,adapt_vqe,paper,noisy_sim,B6,4,2,no_change,sha256:aed1c1023b4421e41b22fe9f809997a0d0fca8bfab90cf8ccbd9de5ba8c1ff27-failure,sha256:dcee1566122899fd29cf5b135407505f5295a5f84623e82b78abbf1a79f8b99f,sha256:0e7343b47d003afe2860e33d67399c12f7ed84b7f18c3a5e0d48aae47fda9990,sha256:966a7ca5de68231d7aa886c2f276bb727c01663a4e7b6881b3414a2b6ebdaea9,sha256:a8411f865fda670a10ac5b7b5be1b7034d26588703146519489dd23cde756c6e,ibm_kyiv,ibm_kyiv,replay,replay:ibm_kyiv,ibm_kyiv,ibm_kyiv->ibm_kyiv,True,,1,1,0.0,0.0,controlled scenario descriptor,0.0,0.0,derived recovery-time saved/current backend evidence,0,derived recovery-time saved/current backend identity,1,controlled scenario environment,0.0,0.0,0.0,0.0,0.0,True,True,cf-41066058e57ce336d7a9,0.0,0.0,0.0,True,True,True,1,1,1,0,4352,56,noisy_sim,15,0,0,8,0,0.0,4,4,0.004140304883911483,0.14751543397508504,0.04480115796491776,0.10633948080277142,6,0.08,1,qubit_wise_commuting,8,8704,1088.0,1088,6,6,40,5,adapt_pauli_pool,0.7629243331199778,0.8961397058823529,0.0016,0.0105,0.018,0.0016,0.0105,0.018,0.0,0.0,0.0,1.0,1.0,replay,ibm_kyiv,0.0
sha256:af0ea096691281e373c453fd36dbee833e3915555834e67cbd4532dc14fd9444,planner_calibration_3201_3208,planner_calibration,sigmetrics-planner-calibration-final-v1,sha256:e6a06faed51f4ea9d810727b1ea3911d1b8a4fb2958afda0cd601ccaed306d7a,sigmetrics-planner-calibration-final-v1--432cadf092f041e5,3203,h2_vqe,paper,noisy_sim,B5,4,2,same_backend_delay,sha256:af0ea096691281e373c453fd36dbee833e3915555834e67cbd4532dc14fd9444-failure,sha256:2b6effc368a2c7de9dda1b9c84f04de3356dc40f9fe35a66e25d1b5d12eb11ec,sha256:2b5d5606b48121c83beae64c1c7cabbafc8d4853980e515ebdce93987de444de,sha256:6b97ad82624cbf5bb09be560aa6bb9d630db90477bce3a53713c959f84ab3cbb,sha256:32b5b8740e74609c3022f952d120e7977935702ad4c89f34a4615541e7631932,ibm_kyiv,ibm_sherbrooke,migrate,migrate:ibm_sherbrooke,ibm_sherbrooke,ibm_kyiv->ibm_sherbrooke,True,,1,1,0.0,0.0,controlled scenario descriptor,0.0018999999999999998,0.06333333333333332,derived recovery-time saved/current backend evidence,1,derived recovery-time saved/current backend identity,1,controlled scenario environment,0.0,0.02216666666666666,0.1,0.0,0.12216666666666667,True,True,cf-b5182ef5a8383f756a46,0.004292025676162714,0.008439052019879056,0.006223307434166153,False,False,False,0,0,0,1,4992,104,noisy_sim,9,3,2976,4,0,0.42857142857142855,4,4,0.06911634802839095,0.43997478302889087,0.07412382582966578,0.37981874393460374,12,0.105,1,qubit_wise_commuting,7,8736,1248.0,1248,12,0,24,4,entangling_ry_rz_brickwork,1.6650917155927296,0.7267628205128205,0.0016,0.0105,0.018,0.0012,0.0095,0.017,0.0004000000000000002,0.0010000000000000009,0.0009999999999999974,1.0,1.0,migrate,ibm_sherbrooke,0.0023999999999999985
sha256:af0ea096691281e373c453fd36dbee833e3915555834e67cbd4532dc14fd9444,planner_calibration_3201_3208,planner_calibration,sigmetrics-planner-calibration-final-v1,sha256:e6a06faed51f4ea9d810727b1ea3911d1b8a4fb2958afda0cd601ccaed306d7a,sigmetrics-planner-calibration-final-v1--432cadf092f041e5,3203,h2_vqe,paper,noisy_sim,B5,4,2,same_backend_delay,sha256:af0ea096691281e373c453fd36dbee833e3915555834e67cbd4532dc14fd9444-failure,sha256:2b6effc368a2c7de9dda1b9c84f04de3356dc40f9fe35a66e25d1b5d12eb11ec,sha256:2b5d5606b48121c83beae64c1c7cabbafc8d4853980e515ebdce93987de444de,sha256:6b97ad82624cbf5bb09be560aa6bb9d630db90477bce3a53713c959f84ab3cbb,sha256:32b5b8740e74609c3022f952d120e7977935702ad4c89f34a4615541e7631932,ibm_kyiv,ibm_kyiv,replay,replay:ibm_kyiv,ibm_kyiv,ibm_kyiv->ibm_kyiv,True,,1,1,4.0,0.8,controlled scenario descriptor,0.007999999999999998,0.2666666666666666,derived recovery-time saved/current backend evidence,0,derived recovery-time saved/current backend identity,1,controlled scenario environment,0.44000000000000006,0.09333333333333331,0.0,0.0,0.5333333333333333,True,True,cf-f4c89a901dea0b1da7f8,0.010204845785029892,0.07820714627307405,0.01701948560475437,False,False,False,0,0,0,1,4992,104,noisy_sim,9,3,2976,4,0,0.42857142857142855,4,4,0.06911634802839095,0.43997478302889087,0.07412382582966578,0.37981874393460374,12,0.105,1,qubit_wise_commuting,7,8736,1248.0,1248,12,0,24,4,entangling_ry_rz_brickwork,1.6650917155927296,0.7267628205128205,0.0016,0.0105,0.018,0.00224,0.0147,0.025199999999999997,0.0006399999999999997,0.004199999999999999,0.007199999999999998,1.0,1.0,replay,ibm_kyiv,0.012039999999999997
sha256:b486fe5c75d4eb3634340491cecf0e9218557f5d77ed6186b9c70216b4ff3bf0,planner_calibration_3201_3208,planner_calibration,sigmetrics-planner-calibration-final-v1,sha256:e6a06faed51f4ea9d810727b1ea3911d1b8a4fb2958afda0cd601ccaed306d7a,sigmetrics-planner-calibration-final-v1--495887a4c8ee4fd3,3206,lih_vqe,paper,noisy_sim,B5,4,2,no_change,sha256:b486fe5c75d4eb3634340491cecf0e9218557f5d77ed6186b9c70216b4ff3bf0-failure,sha256:990ad63de66234fde5807db6229e09e19f82367fdec100d058218fafa46e8846,sha256:0e7343b47d003afe2860e33d67399c12f7ed84b7f18c3a5e0d48aae47fda9990,sha256:c47932d509f62acb75888b4e18d00ff3fb54f3468768cff7bf362cbd2dcdb2a5,sha256:0f7816fb9b0516ebefbd41dc96c2b32e299506df6b184b93c928e3532b46b7e2,ibm_kyiv,ibm_kyiv,replay,replay:ibm_kyiv,ibm_kyiv,ibm_kyiv->ibm_kyiv,True,,1,1,0.0,0.0,controlled scenario descriptor,0.0,0.0,derived recovery-time saved/current backend evidence,0,derived recovery-time saved/current backend identity,1,controlled scenario environment,0.0,0.0,0.0,0.0,0.0,True,True,cf-b330dfed5b0834a47933,0.0,0.0,0.0,True,True,True,1,1,1,0,6144,168,noisy_sim,9,4,5120,4,0,0.5,4,4,0.09803869690081335,0.6264946008411444,0.0692858631715381,0.4378132424175717,20,0.085,1,qubit_wise_commuting,8,12288,1536.0,1536,20,0,40,5,entangling_ry_rz_brickwork,1.785366245952716,0.7317708333333334,0.0016,0.0105,0.018,0.0016,0.0105,0.018,0.0,0.0,0.0,1.0,1.0,replay,ibm_kyiv,0.0
sha256:b4a807cbf2fcf8cb53f1f56ba26bd1256eb5a554ee8b010327c13c9063269f63,planner_calibration_3201_3208,planner_calibration,sigmetrics-planner-calibration-final-v1,sha256:e6a06faed51f4ea9d810727b1ea3911d1b8a4fb2958afda0cd601ccaed306d7a,sigmetrics-planner-calibration-final-v1--8d13cdd065d924e1,3201,lih_vqe,paper,noisy_sim,B5,4,2,same_backend_delay,sha256:b4a807cbf2fcf8cb53f1f56ba26bd1256eb5a554ee8b010327c13c9063269f63-failure,sha256:be70f0de5de01672727647b686dd8a454595c5f953bdf3bb53b97180cdadc642,sha256:2b5d5606b48121c83beae64c1c7cabbafc8d4853980e515ebdce93987de444de,sha256:a34acccbf511b108775b8e967e3b18427ed7ef8b4253f5317c30df5592c85ab5,sha256:ab406a6ff1938c641bc9b1ab4c2ab5c28f663af71afe52e0fd7a07378c427c07,ibm_kyiv,ibm_sherbrooke,migrate,migrate:ibm_sherbrooke,ibm_sherbrooke,ibm_kyiv->ibm_sherbrooke,True,,1,1,0.0,0.0,controlled scenario descriptor,0.0018999999999999998,0.06333333333333332,derived recovery-time saved/current backend evidence,1,derived recovery-time saved/current backend identity,1,controlled scenario environment,0.0,0.02216666666666666,0.1,0.0,0.12216666666666667,True,True,cf-99e53e98893a76d68dab,0.001645628009283584,0.02753628446882506,0.010275823518963135,False,False,False,0,0,0,1,6144,168,noisy_sim,9,4,5120,4,0,0.5,4,4,0.08970018258591406,0.6318671924439961,0.08191544501966291,0.38306584394877974,20,0.085,1,qubit_wise_commuting,8,12288,1536.0,1536,20,0,40,5,entangling_ry_rz_brickwork,1.6727864599321207,0.755859375,0.0016,0.0105,0.018,0.0012,0.0095,0.017,0.0004000000000000002,0.0010000000000000009,0.0009999999999999974,1.0,1.0,migrate,ibm_sherbrooke,0.0023999999999999985
sha256:b4a807cbf2fcf8cb53f1f56ba26bd1256eb5a554ee8b010327c13c9063269f63,planner_calibration_3201_3208,planner_calibration,sigmetrics-planner-calibration-final-v1,sha256:e6a06faed51f4ea9d810727b1ea3911d1b8a4fb2958afda0cd601ccaed306d7a,sigmetrics-planner-calibration-final-v1--8d13cdd065d924e1,3201,lih_vqe,paper,noisy_sim,B5,4,2,same_backend_delay,sha256:b4a807cbf2fcf8cb53f1f56ba26bd1256eb5a554ee8b010327c13c9063269f63-failure,sha256:be70f0de5de01672727647b686dd8a454595c5f953bdf3bb53b97180cdadc642,sha256:2b5d5606b48121c83beae64c1c7cabbafc8d4853980e515ebdce93987de444de,sha256:a34acccbf511b108775b8e967e3b18427ed7ef8b4253f5317c30df5592c85ab5,sha256:ab406a6ff1938c641bc9b1ab4c2ab5c28f663af71afe52e0fd7a07378c427c07,ibm_kyiv,ibm_kyiv,replay,replay:ibm_kyiv,ibm_kyiv,ibm_kyiv->ibm_kyiv,True,,1,1,4.0,0.8,controlled scenario descriptor,0.007999999999999998,0.2666666666666666,derived recovery-time saved/current backend evidence,0,derived recovery-time saved/current backend identity,1,controlled scenario environment,0.44000000000000006,0.09333333333333331,0.0,0.0,0.5333333333333333,True,True,cf-883651eda23256657f23,0.004016944617539764,0.04805183155089711,0.027334324037787565,False,False,False,0,0,0,1,6144,168,noisy_sim,9,4,5120,4,0,0.5,4,4,0.08970018258591406,0.6318671924439961,0.08191544501966291,0.38306584394877974,20,0.085,1,qubit_wise_commuting,8,12288,1536.0,1536,20,0,40,5,entangling_ry_rz_brickwork,1.6727864599321207,0.755859375,0.0016,0.0105,0.018,0.00224,0.0147,0.025199999999999997,0.0006399999999999997,0.004199999999999999,0.007199999999999998,1.0,1.0,replay,ibm_kyiv,0.012039999999999997
sha256:b4eb7656a0fdeb11b3d250b5ec9ea8cbcea7d808c100e8aaea48627d11317dfe,planner_calibration_3201_3208,planner_calibration,sigmetrics-planner-calibration-final-v1,sha256:e6a06faed51f4ea9d810727b1ea3911d1b8a4fb2958afda0cd601ccaed306d7a,sigmetrics-planner-calibration-final-v1--46af6efce47b60e1,3208,h2_vqe,paper,noisy_sim,B5,4,2,safe_change,sha256:b4eb7656a0fdeb11b3d250b5ec9ea8cbcea7d808c100e8aaea48627d11317dfe-failure,sha256:cdfed1bc36240c8ae4824b934a519053c28481852c7b9be4f778db6b9d08fa9f,sha256:8aa9fd73acdbefb930184631c530ac1ad4750da95e7359345a133016be010a68,sha256:9c8d84160a37684a330c5e86489f096e08f5be515d75b7d3faace12218e4c75a,sha256:66970f9af785ef3480ef175cf8b0ab811d117f5f4d10d2cafd1d007adc0618c3,ibm_kyiv,ibm_kyiv,replay,replay:ibm_kyiv,ibm_kyiv,ibm_kyiv->ibm_kyiv,True,,1,1,0.1,0.02,controlled scenario descriptor,0.00020000000000000017,0.006666666666666672,derived recovery-time saved/current backend evidence,0,derived recovery-time saved/current backend identity,1,controlled scenario environment,0.011000000000000001,0.0023333333333333353,0.0,0.0,0.013333333333333336,True,True,cf-b20158ed8a6328d6e1b1,0.0003098683041669048,0.0018378594882169277,0.00032801232642734666,True,True,True,1,1,1,0,4992,104,noisy_sim,9,3,2976,4,0,0.42857142857142855,4,4,0.046455170287248215,0.3264084925345467,0.06000286114979669,0.27696583613285125,12,0.105,1,qubit_wise_commuting,7,8736,1248.0,1248,12,0,24,4,entangling_ry_rz_brickwork,1.0616927521540047,0.8461538461538461,0.0016,0.0105,0.018,0.001616,0.010605000000000002,0.018179999999999998,1.5999999999999955e-05,0.00010500000000000093,0.0001799999999999996,1.0,1.0,replay,ibm_kyiv,0.0003010000000000005
sha256:b7bb0b9f6afc2637ceb255534be005401b379b5b398725eb64672af3553f903d,planner_calibration_3201_3208,planner_calibration,sigmetrics-planner-calibration-final-v1,sha256:e6a06faed51f4ea9d810727b1ea3911d1b8a4fb2958afda0cd601ccaed306d7a,sigmetrics-planner-calibration-final-v1--614049d413f7631b,3202,adapt_vqe,paper,noisy_sim,B6,4,2,high_change,sha256:b7bb0b9f6afc2637ceb255534be005401b379b5b398725eb64672af3553f903d-failure,sha256:dcee1566122899fd29cf5b135407505f5295a5f84623e82b78abbf1a79f8b99f,sha256:2b6db34aacbffdb427c6a86493c0c97d7fa901154c9c190f56705a55a8d2a0ee,sha256:5638933935310f53de435b896d93a854a8a1570c3f790dd2bfcb667e0256c9de,sha256:a6cd5abe0a403a51fdcd3cdbe43faf07704f6a9dd5af0f352929dac0b4ad9858,ibm_kyiv,ibm_brisbane,migrate,migrate:ibm_brisbane,ibm_brisbane,ibm_kyiv->ibm_brisbane,True,,1,1,6.0,1.0,controlled scenario descriptor,0.023860000000000006,0.7953333333333336,derived recovery-time saved/current backend evidence,1,derived recovery-time saved/current backend identity,1,controlled scenario environment,0.55,0.2783666666666667,0.1,0.0,0.9283666666666667,True,True,cf-a9262e25c0ae72168312,0.006519778443061064,0.1135137302390449,0.005906272260183981,False,False,False,0,0,0,1,4352,56,noisy_sim,15,0,0,8,0,0.0,4,4,0.004140304883911483,0.14751543397508504,0.04480115796491776,0.10633948080277142,6,0.08,1,qubit_wise_commuting,8,8704,1088.0,1088,6,6,40,5,adapt_pauli_pool,0.7629243331199778,0.8961397058823529,0.0016,0.0105,0.018,0.00336,0.022400000000000003,0.038400000000000004,0.00176,0.011900000000000003,0.020400000000000005,1.0,1.0,migrate,ibm_brisbane,0.03406000000000001
sha256:b7bb0b9f6afc2637ceb255534be005401b379b5b398725eb64672af3553f903d,planner_calibration_3201_3208,planner_calibration,sigmetrics-planner-calibration-final-v1,sha256:e6a06faed51f4ea9d810727b1ea3911d1b8a4fb2958afda0cd601ccaed306d7a,sigmetrics-planner-calibration-final-v1--614049d413f7631b,3202,adapt_vqe,paper,noisy_sim,B6,4,2,high_change,sha256:b7bb0b9f6afc2637ceb255534be005401b379b5b398725eb64672af3553f903d-failure,sha256:dcee1566122899fd29cf5b135407505f5295a5f84623e82b78abbf1a79f8b99f,sha256:2b6db34aacbffdb427c6a86493c0c97d7fa901154c9c190f56705a55a8d2a0ee,sha256:5638933935310f53de435b896d93a854a8a1570c3f790dd2bfcb667e0256c9de,sha256:a6cd5abe0a403a51fdcd3cdbe43faf07704f6a9dd5af0f352929dac0b4ad9858,ibm_kyiv,ibm_kyiv,replay,replay:ibm_kyiv,ibm_kyiv,ibm_kyiv->ibm_kyiv,True,,1,1,8.0,1.0,controlled scenario descriptor,0.016,0.5333333333333333,derived recovery-time saved/current backend evidence,0,derived recovery-time saved/current backend identity,1,controlled scenario environment,0.55,0.18666666666666665,0.0,0.0,0.7366666666666667,True,True,cf-929ed4945856c63470da,0.004646093325326284,0.09243743364973245,0.004298238649880884,False,False,False,0,0,0,1,4352,56,noisy_sim,15,0,0,8,0,0.0,4,4,0.004140304883911483,0.14751543397508504,0.04480115796491776,0.10633948080277142,6,0.08,1,qubit_wise_commuting,8,8704,1088.0,1088,6,6,40,5,adapt_pauli_pool,0.7629243331199778,0.8961397058823529,0.0016,0.0105,0.018,0.00288,0.0189,0.0324,0.00128,0.0084,0.0144,1.0,1.0,replay,ibm_kyiv,0.024079999999999997
sha256:b8c31be0e07f4f9ad927372aa9690b8387126ebb0bebcd2566afd7f1986fb054,planner_calibration_3201_3208,planner_calibration,sigmetrics-planner-calibration-final-v1,sha256:e6a06faed51f4ea9d810727b1ea3911d1b8a4fb2958afda0cd601ccaed306d7a,sigmetrics-planner-calibration-final-v1--cacf61d500913a3d,3205,lih_vqe,paper,noisy_sim,B5,4,2,safe_change,sha256:b8c31be0e07f4f9ad927372aa9690b8387126ebb0bebcd2566afd7f1986fb054-failure,sha256:43149e9319941429ed71f30d637310f755ae98c8df06138d0b60b02f72938da1,sha256:8aa9fd73acdbefb930184631c530ac1ad4750da95e7359345a133016be010a68,sha256:f153a653cabcc0d3e38fb1af8137fb44b49a89a01ef79eb6e01d15143d6b4d75,sha256:18e6a0b9ef590ab356aff311ba5822994ba304bf8b3105000b003407f1f4b2b9,ibm_kyiv,ibm_kyiv,replay,replay:ibm_kyiv,ibm_kyiv,ibm_kyiv->ibm_kyiv,True,,1,1,0.1,0.02,controlled scenario descriptor,0.00020000000000000017,0.006666666666666672,derived recovery-time saved/current backend evidence,0,derived recovery-time saved/current backend identity,1,controlled scenario environment,0.011000000000000001,0.0023333333333333353,0.0,0.0,0.013333333333333336,True,True,cf-781592c2693faa480ca3,8.242324805518564e-05,0.0021748363789379278,0.0007310395196640974,True,True,True,1,1,1,0,6144,168,noisy_sim,9,4,5120,4,0,0.5,4,4,0.09610568275234588,0.6356132619782277,0.07833923028080145,0.4339084564768984,20,0.085,1,qubit_wise_commuting,8,12288,1536.0,1536,20,0,40,5,entangling_ry_rz_brickwork,2.0232081214900655,0.669921875,0.0016,0.0105,0.018,0.001616,0.010605000000000002,0.018179999999999998,1.5999999999999955e-05,0.00010500000000000093,0.0001799999999999996,1.0,1.0,replay,ibm_kyiv,0.0003010000000000005
sha256:b9700743fce90fe53f90c827218ffe5bf556b798de52d26cc97d920a6c0798c8,planner_calibration_3201_3208,planner_calibration,sigmetrics-planner-calibration-final-v1,sha256:e6a06faed51f4ea9d810727b1ea3911d1b8a4fb2958afda0cd601ccaed306d7a,sigmetrics-planner-calibration-final-v1--28e26db51da578ea,3207,qaoa_maxcut,paper,noisy_sim,B5,4,2,high_change,sha256:b9700743fce90fe53f90c827218ffe5bf556b798de52d26cc97d920a6c0798c8-failure,sha256:8d6bbc14d4fe962db85891ace7fec66f4f4146d3fed8f0442eb37f3cafc1015a,sha256:2b6db34aacbffdb427c6a86493c0c97d7fa901154c9c190f56705a55a8d2a0ee,sha256:56ebe2ae23f982821e5cb20c223cf12264e80a93b5807dcea8a8ddb40107f761,sha256:286e31ea7137c02227f9f2fa64e7b602e2a64e4d0be5a324a6d2e82c7ee3b68b,ibm_kyiv,ibm_brisbane,migrate,migrate:ibm_brisbane,ibm_brisbane,ibm_kyiv->ibm_brisbane,True,,1,1,6.0,1.0,controlled scenario descriptor,0.023860000000000006,0.7953333333333336,derived recovery-time saved/current backend evidence,1,derived recovery-time saved/current backend identity,1,controlled scenario environment,0.55,0.2783666666666667,0.1,0.0,0.9283666666666667,True,True,cf-fa362e6af3de414e9b1d,0.13764462893151386,0.09309141435851544,1.1055819978364791,False,False,False,0,0,0,1,16256,40,noisy_sim,9,1,4064,0,0,1.0,4,4,0.5212537367528052,1.2786687097713467,0.6162722422033751,0.8202870714662068,4,0.12,1,qubit_wise_commuting,1,4064,4064.0,4064,4,0,10,6,qaoa_maxcut,4.914975903624279,0.13213582677165353,0.0016,0.0105,0.018,0.00336,0.022400000000000003,0.038400000000000004,0.00176,0.011900000000000003,0.020400000000000005,1.0,1.0,migrate,ibm_brisbane,0.03406000000000001
sha256:b9700743fce90fe53f90c827218ffe5bf556b798de52d26cc97d920a6c0798c8,planner_calibration_3201_3208,planner_calibration,sigmetrics-planner-calibration-final-v1,sha256:e6a06faed51f4ea9d810727b1ea3911d1b8a4fb2958afda0cd601ccaed306d7a,sigmetrics-planner-calibration-final-v1--28e26db51da578ea,3207,qaoa_maxcut,paper,noisy_sim,B5,4,2,high_change,sha256:b9700743fce90fe53f90c827218ffe5bf556b798de52d26cc97d920a6c0798c8-failure,sha256:8d6bbc14d4fe962db85891ace7fec66f4f4146d3fed8f0442eb37f3cafc1015a,sha256:2b6db34aacbffdb427c6a86493c0c97d7fa901154c9c190f56705a55a8d2a0ee,sha256:56ebe2ae23f982821e5cb20c223cf12264e80a93b5807dcea8a8ddb40107f761,sha256:286e31ea7137c02227f9f2fa64e7b602e2a64e4d0be5a324a6d2e82c7ee3b68b,ibm_kyiv,ibm_kyiv,replay,replay:ibm_kyiv,ibm_kyiv,ibm_kyiv->ibm_kyiv,True,,1,1,8.0,1.0,controlled scenario descriptor,0.016,0.5333333333333333,derived recovery-time saved/current backend evidence,0,derived recovery-time saved/current backend identity,1,controlled scenario environment,0.55,0.18666666666666665,0.0,0.0,0.7366666666666667,True,True,cf-bbc97f87ad7875a43d4d,0.12254392507709344,0.082939580764669,0.9454470070074018,False,False,False,0,0,0,1,16256,40,noisy_sim,9,1,4064,0,0,1.0,4,4,0.5212537367528052,1.2786687097713467,0.6162722422033751,0.8202870714662068,4,0.12,1,qubit_wise_commuting,1,4064,4064.0,4064,4,0,10,6,qaoa_maxcut,4.914975903624279,0.13213582677165353,0.0016,0.0105,0.018,0.00288,0.0189,0.0324,0.00128,0.0084,0.0144,1.0,1.0,replay,ibm_kyiv,0.024079999999999997
sha256:b9d043bfead5e21e4f155d921870c4ad1634bc5f084db46168fd698fb23cfc74,planner_calibration_3201_3208,planner_calibration,sigmetrics-planner-calibration-final-v1,sha256:e6a06faed51f4ea9d810727b1ea3911d1b8a4fb2958afda0cd601ccaed306d7a,sigmetrics-planner-calibration-final-v1--94d33c312442003f,3206,qaoa_maxcut,paper,noisy_sim,B5,4,2,high_change,sha256:b9d043bfead5e21e4f155d921870c4ad1634bc5f084db46168fd698fb23cfc74-failure,sha256:3e81e1d6c8de361668e36bd56b4d7e31b1016224ed55861afa53c5f98700c70e,sha256:2b6db34aacbffdb427c6a86493c0c97d7fa901154c9c190f56705a55a8d2a0ee,sha256:56ebe2ae23f982821e5cb20c223cf12264e80a93b5807dcea8a8ddb40107f761,sha256:9eafeb15db5f87b3db9f18149c849ab0c62f41d4d48f0c6326cdbb02cea2b038,ibm_kyiv,ibm_brisbane,migrate,migrate:ibm_brisbane,ibm_brisbane,ibm_kyiv->ibm_brisbane,True,,1,1,6.0,1.0,controlled scenario descriptor,0.023860000000000006,0.7953333333333336,derived recovery-time saved/current backend evidence,1,derived recovery-time saved/current backend identity,1,controlled scenario environment,0.55,0.2783666666666667,0.1,0.0,0.9283666666666667,True,True,cf-4530f592bc32bc0a1e9f,0.32724183489452496,0.1452572840746912,1.232364691806196,False,False,False,0,0,0,1,16512,40,noisy_sim,9,1,4128,0,0,1.0,4,4,2.542464911220978,8.082579638887832,3.6323456151097853,6.295761213828399,4,0.12,1,qubit_wise_commuting,1,4128,4128.0,4128,4,0,10,6,qaoa_maxcut,5.7535453202464515,0.07146317829457365,0.0016,0.0105,0.018,0.00336,0.022400000000000003,0.038400000000000004,0.00176,0.011900000000000003,0.020400000000000005,1.0,1.0,migrate,ibm_brisbane,0.03406000000000001
sha256:b9d043bfead5e21e4f155d921870c4ad1634bc5f084db46168fd698fb23cfc74,planner_calibration_3201_3208,planner_calibration,sigmetrics-planner-calibration-final-v1,sha256:e6a06faed51f4ea9d810727b1ea3911d1b8a4fb2958afda0cd601ccaed306d7a,sigmetrics-planner-calibration-final-v1--94d33c312442003f,3206,qaoa_maxcut,paper,noisy_sim,B5,4,2,high_change,sha256:b9d043bfead5e21e4f155d921870c4ad1634bc5f084db46168fd698fb23cfc74-failure,sha256:3e81e1d6c8de361668e36bd56b4d7e31b1016224ed55861afa53c5f98700c70e,sha256:2b6db34aacbffdb427c6a86493c0c97d7fa901154c9c190f56705a55a8d2a0ee,sha256:56ebe2ae23f982821e5cb20c223cf12264e80a93b5807dcea8a8ddb40107f761,sha256:9eafeb15db5f87b3db9f18149c849ab0c62f41d4d48f0c6326cdbb02cea2b038,ibm_kyiv,ibm_kyiv,replay,replay:ibm_kyiv,ibm_kyiv,ibm_kyiv->ibm_kyiv,True,,1,1,8.0,1.0,controlled scenario descriptor,0.016,0.5333333333333333,derived recovery-time saved/current backend evidence,0,derived recovery-time saved/current backend identity,1,controlled scenario environment,0.55,0.18666666666666665,0.0,0.0,0.7366666666666667,True,True,cf-eec36b83ba4b364622c7,0.18547182959485387,0.13200191656529373,1.240675400012757,False,False,False,0,0,0,1,16512,40,noisy_sim,9,1,4128,0,0,1.0,4,4,2.542464911220978,8.082579638887832,3.6323456151097853,6.295761213828399,4,0.12,1,qubit_wise_commuting,1,4128,4128.0,4128,4,0,10,6,qaoa_maxcut,5.7535453202464515,0.07146317829457365,0.0016,0.0105,0.018,0.00288,0.0189,0.0324,0.00128,0.0084,0.0144,1.0,1.0,replay,ibm_kyiv,0.024079999999999997
sha256:b9f2da21ff501bd56c47ef0a98f8293e73b7258863a631e67916a8d64e26c312,planner_calibration_3201_3208,planner_calibration,sigmetrics-planner-calibration-final-v1,sha256:e6a06faed51f4ea9d810727b1ea3911d1b8a4fb2958afda0cd601ccaed306d7a,sigmetrics-planner-calibration-final-v1--35c8db75b57a0e5a,3208,h2_vqe,paper,noisy_sim,B5,4,2,cross_backend,sha256:b9f2da21ff501bd56c47ef0a98f8293e73b7258863a631e67916a8d64e26c312-failure,sha256:cdfed1bc36240c8ae4824b934a519053c28481852c7b9be4f778db6b9d08fa9f,sha256:3e961724e06d6d711a9338896a03f47484a702bab4903cdf8ef8771396da980d,sha256:465cf8190aa72910b114108c272f86151fcf7f7906fe7d9023fc8db000a97506,sha256:53135614b94a7a7dd66325e8f9a8933f0f3a29cc3148e874052625ac35dfd00a,ibm_kyiv,ibm_brisbane,migrate,migrate:ibm_brisbane,ibm_brisbane,ibm_kyiv->ibm_brisbane,True,,1,1,0.0,0.0,controlled scenario descriptor,0.007,0.23333333333333334,derived recovery-time saved/current backend evidence,1,derived recovery-time saved/current backend identity,1,controlled scenario environment,0.0,0.08166666666666667,0.1,0.0,0.18166666666666667,True,True,cf-47ec3848a6b340ecd3bc,0.010005219016329114,0.08409387399663021,0.0106941777547166,False,False,False,0,0,0,1,4992,104,noisy_sim,9,3,2976,4,0,0.42857142857142855,4,4,0.046455170287248215,0.3264084925345467,0.06000286114979669,0.27696583613285125,12,0.105,1,qubit_wise_commuting,7,8736,1248.0,1248,12,0,24,4,entangling_ry_rz_brickwork,1.0616927521540047,0.8461538461538461,0.0016,0.0105,0.018,0.0021,0.014,0.024,0.0004999999999999998,0.0034999999999999996,0.006000000000000002,1.0,1.0,migrate,ibm_brisbane,0.010000000000000002
sha256:b9f2da21ff501bd56c47ef0a98f8293e73b7258863a631e67916a8d64e26c312,planner_calibration_3201_3208,planner_calibration,sigmetrics-planner-calibration-final-v1,sha256:e6a06faed51f4ea9d810727b1ea3911d1b8a4fb2958afda0cd601ccaed306d7a,sigmetrics-planner-calibration-final-v1--35c8db75b57a0e5a,3208,h2_vqe,paper,noisy_sim,B5,4,2,cross_backend,sha256:b9f2da21ff501bd56c47ef0a98f8293e73b7258863a631e67916a8d64e26c312-failure,sha256:cdfed1bc36240c8ae4824b934a519053c28481852c7b9be4f778db6b9d08fa9f,sha256:3e961724e06d6d711a9338896a03f47484a702bab4903cdf8ef8771396da980d,sha256:465cf8190aa72910b114108c272f86151fcf7f7906fe7d9023fc8db000a97506,sha256:53135614b94a7a7dd66325e8f9a8933f0f3a29cc3148e874052625ac35dfd00a,ibm_kyiv,ibm_sherbrooke,migrate,migrate:ibm_sherbrooke,ibm_sherbrooke,ibm_kyiv->ibm_sherbrooke,True,,1,1,0.0,0.0,controlled scenario descriptor,0.0018999999999999998,0.06333333333333332,derived recovery-time saved/current backend evidence,1,derived recovery-time saved/current backend identity,1,controlled scenario environment,0.0,0.02216666666666666,0.1,0.0,0.12216666666666667,True,True,cf-de2df2b6def0e8df983a,0.005063339556703905,0.00963167001072776,0.004695597365978158,False,False,False,0,0,0,1,4992,104,noisy_sim,9,3,2976,4,0,0.42857142857142855,4,4,0.046455170287248215,0.3264084925345467,0.06000286114979669,0.27696583613285125,12,0.105,1,qubit_wise_commuting,7,8736,1248.0,1248,12,0,24,4,entangling_ry_rz_brickwork,1.0616927521540047,0.8461538461538461,0.0016,0.0105,0.018,0.0012,0.0095,0.017,0.0004000000000000002,0.0010000000000000009,0.0009999999999999974,1.0,1.0,migrate,ibm_sherbrooke,0.0023999999999999985
sha256:ba59273746a239f170af8b29bc5828c955ff65040cc3429d17ef57832c23a229,planner_calibration_3201_3208,planner_calibration,sigmetrics-planner-calibration-final-v1,sha256:e6a06faed51f4ea9d810727b1ea3911d1b8a4fb2958afda0cd601ccaed306d7a,sigmetrics-planner-calibration-final-v1--e436497e0a391d30,3202,qaoa_maxcut,paper,noisy_sim,B5,4,2,no_change,sha256:ba59273746a239f170af8b29bc5828c955ff65040cc3429d17ef57832c23a229-failure,sha256:462103aa9c00b90c1cfad5c4b7381b3ffd86adaf022f3c5ef08430a0c033bc7c,sha256:0e7343b47d003afe2860e33d67399c12f7ed84b7f18c3a5e0d48aae47fda9990,sha256:beaa270a390816fadd39bf6e4cf2cb1d92f7bf84678ac415bf7f191142ad2044,sha256:e9a0502b21eeb2e25fc1614880c755bd2157339a6402617c78cfe7abc91f011a,ibm_kyiv,ibm_kyiv,replay,replay:ibm_kyiv,ibm_kyiv,ibm_kyiv->ibm_kyiv,True,,1,1,0.0,0.0,controlled scenario descriptor,0.0,0.0,derived recovery-time saved/current backend evidence,0,derived recovery-time saved/current backend identity,1,controlled scenario environment,0.0,0.0,0.0,0.0,0.0,True,True,cf-d1fc9969988764f63032,0.0,0.0,0.0,True,True,True,1,1,1,0,16128,40,noisy_sim,9,1,4032,0,0,1.0,4,4,1.3226390242737498,5.933182071298674,2.845374735559826,3.7284657297019232,4,0.12,1,qubit_wise_commuting,1,4032,4032.0,4032,4,0,10,6,qaoa_maxcut,5.612587539937337,0.10044642857142858,0.0016,0.0105,0.018,0.0016,0.0105,0.018,0.0,0.0,0.0,1.0,1.0,replay,ibm_kyiv,0.0
sha256:baa3853128d4c160204bc52cff7770292358743dccff51859c4ef8c9e8e07283,planner_calibration_3201_3208,planner_calibration,sigmetrics-planner-calibration-final-v1,sha256:e6a06faed51f4ea9d810727b1ea3911d1b8a4fb2958afda0cd601ccaed306d7a,sigmetrics-planner-calibration-final-v1--0b481592cc51c9b5,3203,adapt_vqe,paper,noisy_sim,B6,4,2,cross_backend,sha256:baa3853128d4c160204bc52cff7770292358743dccff51859c4ef8c9e8e07283-failure,sha256:9cca70a1207b66c49f4c42bf8b9de08e7c0f27aa7532cd02046c7b55cbcb56d0,sha256:3e961724e06d6d711a9338896a03f47484a702bab4903cdf8ef8771396da980d,sha256:d0f32e9d96569c4332b1ff1180ee97229e197978db70d9db9dea249da627b2b0,sha256:160e401cbcddaf6cdd825db79c7665af654ecc2aec063bf31ff3831aa68a1f79,ibm_kyiv,ibm_brisbane,migrate,migrate:ibm_brisbane,ibm_brisbane,ibm_kyiv->ibm_brisbane,True,,1,1,0.0,0.0,controlled scenario descriptor,0.007,0.23333333333333334,derived recovery-time saved/current backend evidence,1,derived recovery-time saved/current backend identity,1,controlled scenario environment,0.0,0.08166666666666667,0.1,0.0,0.18166666666666667,True,True,cf-b54afd28a7d7d8b28e43,0.0018755579529203814,0.058009564222823766,0.0018222413375694722,False,False,False,0,0,0,1,4352,56,noisy_sim,15,0,0,8,0,0.0,4,4,0.003957456788344693,0.150697732345674,0.04416878247154351,0.12498168775043124,6,0.08,1,qubit_wise_commuting,8,8704,1088.0,1088,6,6,40,5,adapt_pauli_pool,0.8241250997137269,0.8841911764705882,0.0016,0.0105,0.018,0.0021,0.014,0.024,0.0004999999999999998,0.0034999999999999996,0.006000000000000002,1.0,1.0,migrate,ibm_brisbane,0.010000000000000002
sha256:baa3853128d4c160204bc52cff7770292358743dccff51859c4ef8c9e8e07283,planner_calibration_3201_3208,planner_calibration,sigmetrics-planner-calibration-final-v1,sha256:e6a06faed51f4ea9d810727b1ea3911d1b8a4fb2958afda0cd601ccaed306d7a,sigmetrics-planner-calibration-final-v1--0b481592cc51c9b5,3203,adapt_vqe,paper,noisy_sim,B6,4,2,cross_backend,sha256:baa3853128d4c160204bc52cff7770292358743dccff51859c4ef8c9e8e07283-failure,sha256:9cca70a1207b66c49f4c42bf8b9de08e7c0f27aa7532cd02046c7b55cbcb56d0,sha256:3e961724e06d6d711a9338896a03f47484a702bab4903cdf8ef8771396da980d,sha256:d0f32e9d96569c4332b1ff1180ee97229e197978db70d9db9dea249da627b2b0,sha256:160e401cbcddaf6cdd825db79c7665af654ecc2aec063bf31ff3831aa68a1f79,ibm_kyiv,ibm_sherbrooke,migrate,migrate:ibm_sherbrooke,ibm_sherbrooke,ibm_kyiv->ibm_sherbrooke,True,,1,1,0.0,0.0,controlled scenario descriptor,0.0018999999999999998,0.06333333333333332,derived recovery-time saved/current backend evidence,1,derived recovery-time saved/current backend identity,1,controlled scenario environment,0.0,0.02216666666666666,0.1,0.0,0.12216666666666667,True,True,cf-540f69280cb1075bb717,0.0006646827441825209,0.011316216771821003,0.00145954154310698,False,False,False,0,0,0,1,4352,56,noisy_sim,15,0,0,8,0,0.0,4,4,0.003957456788344693,0.150697732345674,0.04416878247154351,0.12498168775043124,6,0.08,1,qubit_wise_commuting,8,8704,1088.0,1088,6,6,40,5,adapt_pauli_pool,0.8241250997137269,0.8841911764705882,0.0016,0.0105,0.018,0.0012,0.0095,0.017,0.0004000000000000002,0.0010000000000000009,0.0009999999999999974,1.0,1.0,migrate,ibm_sherbrooke,0.0023999999999999985
sha256:bb12b346aa0dda33cdb339df8b78e137363cc18ce70daf3ce282de370c15075f,planner_calibration_3201_3208,planner_calibration,sigmetrics-planner-calibration-final-v1,sha256:e6a06faed51f4ea9d810727b1ea3911d1b8a4fb2958afda0cd601ccaed306d7a,sigmetrics-planner-calibration-final-v1--173bb979f5bafcd1,3201,h2_vqe,paper,noisy_sim,B5,4,2,high_change,sha256:bb12b346aa0dda33cdb339df8b78e137363cc18ce70daf3ce282de370c15075f-failure,sha256:c588eab4201e9d33de492485fac85d26be58122f99821ec35b5efffe8f300a9d,sha256:2b6db34aacbffdb427c6a86493c0c97d7fa901154c9c190f56705a55a8d2a0ee,sha256:94e11cf4ea4c74d973b64129cefe2805f81a297533fc0020c3c844df147749e1,sha256:bb930c1e7a87dff01c967da31cdd0817dc75e2eaec254ce59ff303deec4c4e8a,ibm_kyiv,ibm_brisbane,migrate,migrate:ibm_brisbane,ibm_brisbane,ibm_kyiv->ibm_brisbane,True,,1,1,6.0,1.0,controlled scenario descriptor,0.023860000000000006,0.7953333333333336,derived recovery-time saved/current backend evidence,1,derived recovery-time saved/current backend identity,1,controlled scenario environment,0.55,0.2783666666666667,0.1,0.0,0.9283666666666667,True,True,cf-e98afbee324862ba2d82,0.033635897890468947,0.11229713879834786,0.03941380477326031,False,False,False,0,0,0,1,4992,104,noisy_sim,9,3,2976,4,0,0.42857142857142855,4,4,0.059197631063356626,0.35693250504074686,0.05943082158193482,0.3062226255313864,12,0.105,1,qubit_wise_commuting,7,8736,1248.0,1248,12,0,24,4,entangling_ry_rz_brickwork,1.1893771203948211,0.8197115384615384,0.0016,0.0105,0.018,0.00336,0.022400000000000003,0.038400000000000004,0.00176,0.011900000000000003,0.020400000000000005,1.0,1.0,migrate,ibm_brisbane,0.03406000000000001
sha256:bb12b346aa0dda33cdb339df8b78e137363cc18ce70daf3ce282de370c15075f,planner_calibration_3201_3208,planner_calibration,sigmetrics-planner-calibration-final-v1,sha256:e6a06faed51f4ea9d810727b1ea3911d1b8a4fb2958afda0cd601ccaed306d7a,sigmetrics-planner-calibration-final-v1--173bb979f5bafcd1,3201,h2_vqe,paper,noisy_sim,B5,4,2,high_change,sha256:bb12b346aa0dda33cdb339df8b78e137363cc18ce70daf3ce282de370c15075f-failure,sha256:c588eab4201e9d33de492485fac85d26be58122f99821ec35b5efffe8f300a9d,sha256:2b6db34aacbffdb427c6a86493c0c97d7fa901154c9c190f56705a55a8d2a0ee,sha256:94e11cf4ea4c74d973b64129cefe2805f81a297533fc0020c3c844df147749e1,sha256:bb930c1e7a87dff01c967da31cdd0817dc75e2eaec254ce59ff303deec4c4e8a,ibm_kyiv,ibm_kyiv,replay,replay:ibm_kyiv,ibm_kyiv,ibm_kyiv->ibm_kyiv,True,,1,1,8.0,1.0,controlled scenario descriptor,0.016,0.5333333333333333,derived recovery-time saved/current backend evidence,0,derived recovery-time saved/current backend identity,1,controlled scenario environment,0.55,0.18666666666666665,0.0,0.0,0.7366666666666667,True,True,cf-0683914e58b28c04d536,0.024180660528271725,0.09081928775401495,0.02821074898580097,False,False,False,0,0,0,1,4992,104,noisy_sim,9,3,2976,4,0,0.42857142857142855,4,4,0.059197631063356626,0.35693250504074686,0.05943082158193482,0.3062226255313864,12,0.105,1,qubit_wise_commuting,7,8736,1248.0,1248,12,0,24,4,entangling_ry_rz_brickwork,1.1893771203948211,0.8197115384615384,0.0016,0.0105,0.018,0.00288,0.0189,0.0324,0.00128,0.0084,0.0144,1.0,1.0,replay,ibm_kyiv,0.024079999999999997
sha256:bbccf24ae7cfbf1463e09dabbb7f077d73c3e87dea23746ae792d2a08ee52721,planner_calibration_3201_3208,planner_calibration,sigmetrics-planner-calibration-final-v1,sha256:e6a06faed51f4ea9d810727b1ea3911d1b8a4fb2958afda0cd601ccaed306d7a,sigmetrics-planner-calibration-final-v1--74864ca0e323e5f5,3205,adapt_vqe,paper,noisy_sim,B6,4,2,high_change,sha256:bbccf24ae7cfbf1463e09dabbb7f077d73c3e87dea23746ae792d2a08ee52721-failure,sha256:8001e7cc0d46b30bcd96a01b71b8b6d2d881a82df4a036566f89de8a2103e3da,sha256:2b6db34aacbffdb427c6a86493c0c97d7fa901154c9c190f56705a55a8d2a0ee,sha256:5638933935310f53de435b896d93a854a8a1570c3f790dd2bfcb667e0256c9de,sha256:1ed1370ff2e1040a6103baea1f50aa73d2ff4e76a234d5bc48805fc3491302fe,ibm_kyiv,ibm_brisbane,migrate,migrate:ibm_brisbane,ibm_brisbane,ibm_kyiv->ibm_brisbane,True,,1,1,6.0,1.0,controlled scenario descriptor,0.023860000000000006,0.7953333333333336,derived recovery-time saved/current backend evidence,1,derived recovery-time saved/current backend identity,1,controlled scenario environment,0.55,0.2783666666666667,0.1,0.0,0.9283666666666667,True,True,cf-c9897c0207cf5942581d,0.006414350607042429,0.10176404943282527,0.005984027567893957,False,False,False,0,0,0,1,4352,56,noisy_sim,15,0,0,8,0,0.0,4,4,0.004644212893648358,0.16090488553445034,0.04682939668804547,0.1332737222981686,6,0.08,1,qubit_wise_commuting,8,8704,1088.0,1088,6,6,40,5,adapt_pauli_pool,0.8838815601789535,0.8704044117647058,0.0016,0.0105,0.018,0.00336,0.022400000000000003,0.038400000000000004,0.00176,0.011900000000000003,0.020400000000000005,1.0,1.0,migrate,ibm_brisbane,0.03406000000000001
sha256:bbccf24ae7cfbf1463e09dabbb7f077d73c3e87dea23746ae792d2a08ee52721,planner_calibration_3201_3208,planner_calibration,sigmetrics-planner-calibration-final-v1,sha256:e6a06faed51f4ea9d810727b1ea3911d1b8a4fb2958afda0cd601ccaed306d7a,sigmetrics-planner-calibration-final-v1--74864ca0e323e5f5,3205,adapt_vqe,paper,noisy_sim,B6,4,2,high_change,sha256:bbccf24ae7cfbf1463e09dabbb7f077d73c3e87dea23746ae792d2a08ee52721-failure,sha256:8001e7cc0d46b30bcd96a01b71b8b6d2d881a82df4a036566f89de8a2103e3da,sha256:2b6db34aacbffdb427c6a86493c0c97d7fa901154c9c190f56705a55a8d2a0ee,sha256:5638933935310f53de435b896d93a854a8a1570c3f790dd2bfcb667e0256c9de,sha256:1ed1370ff2e1040a6103baea1f50aa73d2ff4e76a234d5bc48805fc3491302fe,ibm_kyiv,ibm_kyiv,replay,replay:ibm_kyiv,ibm_kyiv,ibm_kyiv->ibm_kyiv,True,,1,1,8.0,1.0,controlled scenario descriptor,0.016,0.5333333333333333,derived recovery-time saved/current backend evidence,0,derived recovery-time saved/current backend identity,1,controlled scenario environment,0.55,0.18666666666666665,0.0,0.0,0.7366666666666667,True,True,cf-7d51ba460082c45c854f,0.004569392434150998,0.09635838210983007,0.0043546097923973974,False,False,False,0,0,0,1,4352,56,noisy_sim,15,0,0,8,0,0.0,4,4,0.004644212893648358,0.16090488553445034,0.04682939668804547,0.1332737222981686,6,0.08,1,qubit_wise_commuting,8,8704,1088.0,1088,6,6,40,5,adapt_pauli_pool,0.8838815601789535,0.8704044117647058,0.0016,0.0105,0.018,0.00288,0.0189,0.0324,0.00128,0.0084,0.0144,1.0,1.0,replay,ibm_kyiv,0.024079999999999997
sha256:bbe1ffa7bc46f89142bdaf9a3273381712735a1cb4de44e9cc4635675f8e6248,planner_calibration_3201_3208,planner_calibration,sigmetrics-planner-calibration-final-v1,sha256:e6a06faed51f4ea9d810727b1ea3911d1b8a4fb2958afda0cd601ccaed306d7a,sigmetrics-planner-calibration-final-v1--959d358c1c5a3cfc,3208,h2_vqe,paper,noisy_sim,B5,4,2,same_backend_delay,sha256:bbe1ffa7bc46f89142bdaf9a3273381712735a1cb4de44e9cc4635675f8e6248-failure,sha256:cdfed1bc36240c8ae4824b934a519053c28481852c7b9be4f778db6b9d08fa9f,sha256:2b5d5606b48121c83beae64c1c7cabbafc8d4853980e515ebdce93987de444de,sha256:6b97ad82624cbf5bb09be560aa6bb9d630db90477bce3a53713c959f84ab3cbb,sha256:dfe940219f8cb674015595144d3ea3706b6b0b8c696304ac7e855939c95fe3b4,ibm_kyiv,ibm_sherbrooke,migrate,migrate:ibm_sherbrooke,ibm_sherbrooke,ibm_kyiv->ibm_sherbrooke,True,,1,1,0.0,0.0,controlled scenario descriptor,0.0018999999999999998,0.06333333333333332,derived recovery-time saved/current backend evidence,1,derived recovery-time saved/current backend identity,1,controlled scenario environment,0.0,0.02216666666666666,0.1,0.0,0.12216666666666667,True,True,cf-5d3b93b7af5c4b78cb36,0.005063339556703905,0.00963167001072776,0.004695597365978158,False,False,False,0,0,0,1,4992,104,noisy_sim,9,3,2976,4,0,0.42857142857142855,4,4,0.046455170287248215,0.3264084925345467,0.06000286114979669,0.27696583613285125,12,0.105,1,qubit_wise_commuting,7,8736,1248.0,1248,12,0,24,4,entangling_ry_rz_brickwork,1.0616927521540047,0.8461538461538461,0.0016,0.0105,0.018,0.0012,0.0095,0.017,0.0004000000000000002,0.0010000000000000009,0.0009999999999999974,1.0,1.0,migrate,ibm_sherbrooke,0.0023999999999999985
sha256:bbe1ffa7bc46f89142bdaf9a3273381712735a1cb4de44e9cc4635675f8e6248,planner_calibration_3201_3208,planner_calibration,sigmetrics-planner-calibration-final-v1,sha256:e6a06faed51f4ea9d810727b1ea3911d1b8a4fb2958afda0cd601ccaed306d7a,sigmetrics-planner-calibration-final-v1--959d358c1c5a3cfc,3208,h2_vqe,paper,noisy_sim,B5,4,2,same_backend_delay,sha256:bbe1ffa7bc46f89142bdaf9a3273381712735a1cb4de44e9cc4635675f8e6248-failure,sha256:cdfed1bc36240c8ae4824b934a519053c28481852c7b9be4f778db6b9d08fa9f,sha256:2b5d5606b48121c83beae64c1c7cabbafc8d4853980e515ebdce93987de444de,sha256:6b97ad82624cbf5bb09be560aa6bb9d630db90477bce3a53713c959f84ab3cbb,sha256:dfe940219f8cb674015595144d3ea3706b6b0b8c696304ac7e855939c95fe3b4,ibm_kyiv,ibm_kyiv,replay,replay:ibm_kyiv,ibm_kyiv,ibm_kyiv->ibm_kyiv,True,,1,1,4.0,0.8,controlled scenario descriptor,0.007999999999999998,0.2666666666666666,derived recovery-time saved/current backend evidence,0,derived recovery-time saved/current backend identity,1,controlled scenario environment,0.44000000000000006,0.09333333333333331,0.0,0.0,0.5333333333333333,True,True,cf-16ace56ceafaddd573fe,0.012299248739807034,0.0868949652022943,0.013074741370512719,False,False,False,0,0,0,1,4992,104,noisy_sim,9,3,2976,4,0,0.42857142857142855,4,4,0.046455170287248215,0.3264084925345467,0.06000286114979669,0.27696583613285125,12,0.105,1,qubit_wise_commuting,7,8736,1248.0,1248,12,0,24,4,entangling_ry_rz_brickwork,1.0616927521540047,0.8461538461538461,0.0016,0.0105,0.018,0.00224,0.0147,0.025199999999999997,0.0006399999999999997,0.004199999999999999,0.007199999999999998,1.0,1.0,replay,ibm_kyiv,0.012039999999999997
sha256:beb8764b024be431444d0ada2d16f64067f3b0b380668964ea6825d743733d8c,planner_calibration_3201_3208,planner_calibration,sigmetrics-planner-calibration-final-v1,sha256:e6a06faed51f4ea9d810727b1ea3911d1b8a4fb2958afda0cd601ccaed306d7a,sigmetrics-planner-calibration-final-v1--5cf39cc70f003870,3202,h2_vqe,paper,noisy_sim,B5,4,2,no_change,sha256:beb8764b024be431444d0ada2d16f64067f3b0b380668964ea6825d743733d8c-failure,sha256:9ef26cb9df71a0614ffdd05c1da8ab2a324986c9cea9c271623972b6c2e59790,sha256:0e7343b47d003afe2860e33d67399c12f7ed84b7f18c3a5e0d48aae47fda9990,sha256:baa92c31b0f189ce526289e61ce9d7b1d153d2320fb0caa5de4cb9d39f4d0b0e,sha256:1bf89d10d52f343f5f7a6dd9c8f318468ea6ea581c1d544619f006538468f4d5,ibm_kyiv,ibm_kyiv,replay,replay:ibm_kyiv,ibm_kyiv,ibm_kyiv->ibm_kyiv,True,,1,1,0.0,0.0,controlled scenario descriptor,0.0,0.0,derived recovery-time saved/current backend evidence,0,derived recovery-time saved/current backend identity,1,controlled scenario environment,0.0,0.0,0.0,0.0,0.0,True,True,cf-d8be312acee6c3e7f671,0.0,0.0,0.0,True,True,True,1,1,1,0,4992,104,noisy_sim,9,3,2976,4,0,0.42857142857142855,4,4,0.09478762198656088,0.45584298395901934,0.07876767850603342,0.33181023888040095,12,0.105,1,qubit_wise_commuting,7,8736,1248.0,1248,12,0,24,4,entangling_ry_rz_brickwork,0.9407904513471905,0.8653846153846154,0.0016,0.0105,0.018,0.0016,0.0105,0.018,0.0,0.0,0.0,1.0,1.0,replay,ibm_kyiv,0.0
sha256:c023972b86c6441ee024741edb3fe5c16e14eca5af724e976fdf8eb26c4f0a73,planner_calibration_3201_3208,planner_calibration,sigmetrics-planner-calibration-final-v1,sha256:e6a06faed51f4ea9d810727b1ea3911d1b8a4fb2958afda0cd601ccaed306d7a,sigmetrics-planner-calibration-final-v1--6fb33bf4b91f5762,3204,qaoa_maxcut,paper,noisy_sim,B5,4,2,high_change,sha256:c023972b86c6441ee024741edb3fe5c16e14eca5af724e976fdf8eb26c4f0a73-failure,sha256:d89ce02ab41113bb9ed4e8c05cfa2030f64b954ffb17b20e4a24a670ee0bd93f,sha256:2b6db34aacbffdb427c6a86493c0c97d7fa901154c9c190f56705a55a8d2a0ee,sha256:56ebe2ae23f982821e5cb20c223cf12264e80a93b5807dcea8a8ddb40107f761,sha256:7764566add9256e2a8b3dddce2ea222cc549f7db6e38eb4463f8c13690cd72ca,ibm_kyiv,ibm_brisbane,migrate,migrate:ibm_brisbane,ibm_brisbane,ibm_kyiv->ibm_brisbane,True,,1,1,6.0,1.0,controlled scenario descriptor,0.023860000000000006,0.7953333333333336,derived recovery-time saved/current backend evidence,1,derived recovery-time saved/current backend identity,1,controlled scenario environment,0.55,0.2783666666666667,0.1,0.0,0.9283666666666667,True,True,cf-a61cc69cbcde37a4821f,0.89840691874298,0.22946599340508797,1.1007839410548568,False,False,False,0,0,0,1,16512,40,noisy_sim,9,1,4128,0,0,1.0,4,4,3.493113654880361,13.408464414219573,4.5106097785406245,12.985167602880354,4,0.12,1,qubit_wise_commuting,1,4128,4128.0,4128,4,0,10,6,qaoa_maxcut,5.782781976964548,0.06346899224806202,0.0016,0.0105,0.018,0.00336,0.022400000000000003,0.038400000000000004,0.00176,0.011900000000000003,0.020400000000000005,1.0,1.0,migrate,ibm_brisbane,0.03406000000000001
sha256:c023972b86c6441ee024741edb3fe5c16e14eca5af724e976fdf8eb26c4f0a73,planner_calibration_3201_3208,planner_calibration,sigmetrics-planner-calibration-final-v1,sha256:e6a06faed51f4ea9d810727b1ea3911d1b8a4fb2958afda0cd601ccaed306d7a,sigmetrics-planner-calibration-final-v1--6fb33bf4b91f5762,3204,qaoa_maxcut,paper,noisy_sim,B5,4,2,high_change,sha256:c023972b86c6441ee024741edb3fe5c16e14eca5af724e976fdf8eb26c4f0a73-failure,sha256:d89ce02ab41113bb9ed4e8c05cfa2030f64b954ffb17b20e4a24a670ee0bd93f,sha256:2b6db34aacbffdb427c6a86493c0c97d7fa901154c9c190f56705a55a8d2a0ee,sha256:56ebe2ae23f982821e5cb20c223cf12264e80a93b5807dcea8a8ddb40107f761,sha256:7764566add9256e2a8b3dddce2ea222cc549f7db6e38eb4463f8c13690cd72ca,ibm_kyiv,ibm_kyiv,replay,replay:ibm_kyiv,ibm_kyiv,ibm_kyiv->ibm_kyiv,True,,1,1,8.0,1.0,controlled scenario descriptor,0.016,0.5333333333333333,derived recovery-time saved/current backend evidence,0,derived recovery-time saved/current backend identity,1,controlled scenario environment,0.55,0.18666666666666665,0.0,0.0,0.7366666666666667,True,True,cf-c0de9f6bd20322655119,0.6616995410463291,0.16589353891288022,0.4046836115613276,False,False,False,0,0,0,1,16512,40,noisy_sim,9,1,4128,0,0,1.0,4,4,3.493113654880361,13.408464414219573,4.5106097785406245,12.985167602880354,4,0.12,1,qubit_wise_commuting,1,4128,4128.0,4128,4,0,10,6,qaoa_maxcut,5.782781976964548,0.06346899224806202,0.0016,0.0105,0.018,0.00288,0.0189,0.0324,0.00128,0.0084,0.0144,1.0,1.0,replay,ibm_kyiv,0.024079999999999997
sha256:c11c7e258c24e87acbd9d7e4e664fc79c37e811fd1c37e8a0011bc24df22325f,planner_calibration_3201_3208,planner_calibration,sigmetrics-planner-calibration-final-v1,sha256:e6a06faed51f4ea9d810727b1ea3911d1b8a4fb2958afda0cd601ccaed306d7a,sigmetrics-planner-calibration-final-v1--2a95cc591c3e2691,3208,qaoa_maxcut,paper,noisy_sim,B5,4,2,cross_backend,sha256:c11c7e258c24e87acbd9d7e4e664fc79c37e811fd1c37e8a0011bc24df22325f-failure,sha256:b0a662a161de653757528e0e26c05bc246a842ce2db14de08b4d0aad7126bea7,sha256:3e961724e06d6d711a9338896a03f47484a702bab4903cdf8ef8771396da980d,sha256:b8c94dadcfefd358a0915470a4fcf21397130942d687be7c1144ae9b7636f1c6,sha256:39c8d827c04477919918c1f6324303ac149fc1adfb5393b26b0069ff7cc83648,ibm_kyiv,ibm_brisbane,migrate,migrate:ibm_brisbane,ibm_brisbane,ibm_kyiv->ibm_brisbane,True,,1,1,0.0,0.0,controlled scenario descriptor,0.007,0.23333333333333334,derived recovery-time saved/current backend evidence,1,derived recovery-time saved/current backend identity,1,controlled scenario environment,0.0,0.08166666666666667,0.1,0.0,0.18166666666666667,True,True,cf-ef44880b3dfd3fd0d766,0.35992060315353314,0.11574176406131514,1.1178308637424816,False,False,False,0,0,0,1,16384,40,noisy_sim,9,1,4096,0,0,1.0,4,4,2.553021421987263,6.42548841412416,3.0233798251886324,4.414778706439412,4,0.12,1,qubit_wise_commuting,1,4096,4096.0,4096,4,0,10,6,qaoa_maxcut,5.317311044248581,0.14111328125,0.0016,0.0105,0.018,0.0021,0.014,0.024,0.0004999999999999998,0.0034999999999999996,0.006000000000000002,1.0,1.0,migrate,ibm_brisbane,0.010000000000000002
sha256:c11c7e258c24e87acbd9d7e4e664fc79c37e811fd1c37e8a0011bc24df22325f,planner_calibration_3201_3208,planner_calibration,sigmetrics-planner-calibration-final-v1,sha256:e6a06faed51f4ea9d810727b1ea3911d1b8a4fb2958afda0cd601ccaed306d7a,sigmetrics-planner-calibration-final-v1--2a95cc591c3e2691,3208,qaoa_maxcut,paper,noisy_sim,B5,4,2,cross_backend,sha256:c11c7e258c24e87acbd9d7e4e664fc79c37e811fd1c37e8a0011bc24df22325f-failure,sha256:b0a662a161de653757528e0e26c05bc246a842ce2db14de08b4d0aad7126bea7,sha256:3e961724e06d6d711a9338896a03f47484a702bab4903cdf8ef8771396da980d,sha256:b8c94dadcfefd358a0915470a4fcf21397130942d687be7c1144ae9b7636f1c6,sha256:39c8d827c04477919918c1f6324303ac149fc1adfb5393b26b0069ff7cc83648,ibm_kyiv,ibm_sherbrooke,migrate,migrate:ibm_sherbrooke,ibm_sherbrooke,ibm_kyiv->ibm_sherbrooke,True,,1,1,0.0,0.0,controlled scenario descriptor,0.0018999999999999998,0.06333333333333332,derived recovery-time saved/current backend evidence,1,derived recovery-time saved/current backend identity,1,controlled scenario environment,0.0,0.02216666666666666,0.1,0.0,0.12216666666666667,True,True,cf-01516923765b8907f90d,0.08056493469190684,0.07246213270241969,0.7332336022361483,False,True,False,0,1,0,1,16384,40,noisy_sim,9,1,4096,0,0,1.0,4,4,2.553021421987263,6.42548841412416,3.0233798251886324,4.414778706439412,4,0.12,1,qubit_wise_commuting,1,4096,4096.0,4096,4,0,10,6,qaoa_maxcut,5.317311044248581,0.14111328125,0.0016,0.0105,0.018,0.0012,0.0095,0.017,0.0004000000000000002,0.0010000000000000009,0.0009999999999999974,1.0,1.0,migrate,ibm_sherbrooke,0.0023999999999999985
sha256:c2adfa9b55df99d6f79edda76493eaad2707a4eb854020cbc11d4fc98b586859,planner_calibration_3201_3208,planner_calibration,sigmetrics-planner-calibration-final-v1,sha256:e6a06faed51f4ea9d810727b1ea3911d1b8a4fb2958afda0cd601ccaed306d7a,sigmetrics-planner-calibration-final-v1--54e653e40620f310,3208,lih_vqe,paper,noisy_sim,B5,4,2,cross_backend,sha256:c2adfa9b55df99d6f79edda76493eaad2707a4eb854020cbc11d4fc98b586859-failure,sha256:3a1d5db8272d9f6fbad49deb94e58fb052608c352e84d85a8656e517face80c9,sha256:3e961724e06d6d711a9338896a03f47484a702bab4903cdf8ef8771396da980d,sha256:90a6fc287341ee3482d2a787f7389b00e56a0ec391204063de2bd98be7b5816e,sha256:7911cb9136b7f27507bf0f82b0567721aeb0089eba78bbe1803e0a0065c09f01,ibm_kyiv,ibm_brisbane,migrate,migrate:ibm_brisbane,ibm_brisbane,ibm_kyiv->ibm_brisbane,True,,1,1,0.0,0.0,controlled scenario descriptor,0.007,0.23333333333333334,derived recovery-time saved/current backend evidence,1,derived recovery-time saved/current backend identity,1,controlled scenario environment,0.0,0.08166666666666667,0.1,0.0,0.18166666666666667,True,True,cf-cb035afad6c85d662541,0.001563592272330716,0.053819709834650016,0.021968510711117568,False,False,False,0,0,0,1,6144,168,noisy_sim,9,4,5120,4,0,0.5,4,4,0.08882639129214098,0.6107391663059288,0.06608345735153985,0.4201181202869818,20,0.085,1,qubit_wise_commuting,8,12288,1536.0,1536,20,0,40,5,entangling_ry_rz_brickwork,1.3937094986767222,0.810546875,0.0016,0.0105,0.018,0.0021,0.014,0.024,0.0004999999999999998,0.0034999999999999996,0.006000000000000002,1.0,1.0,migrate,ibm_brisbane,0.010000000000000002
sha256:c2adfa9b55df99d6f79edda76493eaad2707a4eb854020cbc11d4fc98b586859,planner_calibration_3201_3208,planner_calibration,sigmetrics-planner-calibration-final-v1,sha256:e6a06faed51f4ea9d810727b1ea3911d1b8a4fb2958afda0cd601ccaed306d7a,sigmetrics-planner-calibration-final-v1--54e653e40620f310,3208,lih_vqe,paper,noisy_sim,B5,4,2,cross_backend,sha256:c2adfa9b55df99d6f79edda76493eaad2707a4eb854020cbc11d4fc98b586859-failure,sha256:3a1d5db8272d9f6fbad49deb94e58fb052608c352e84d85a8656e517face80c9,sha256:3e961724e06d6d711a9338896a03f47484a702bab4903cdf8ef8771396da980d,sha256:90a6fc287341ee3482d2a787f7389b00e56a0ec391204063de2bd98be7b5816e,sha256:7911cb9136b7f27507bf0f82b0567721aeb0089eba78bbe1803e0a0065c09f01,ibm_kyiv,ibm_sherbrooke,migrate,migrate:ibm_sherbrooke,ibm_sherbrooke,ibm_kyiv->ibm_sherbrooke,True,,1,1,0.0,0.0,controlled scenario descriptor,0.0018999999999999998,0.06333333333333332,derived recovery-time saved/current backend evidence,1,derived recovery-time saved/current backend identity,1,controlled scenario environment,0.0,0.02216666666666666,0.1,0.0,0.12216666666666667,True,True,cf-d47d27db83f57cc8273d,0.0008260242823130426,0.04745329886658681,0.009856479253633156,False,False,False,0,0,0,1,6144,168,noisy_sim,9,4,5120,4,0,0.5,4,4,0.08882639129214098,0.6107391663059288,0.06608345735153985,0.4201181202869818,20,0.085,1,qubit_wise_commuting,8,12288,1536.0,1536,20,0,40,5,entangling_ry_rz_brickwork,1.3937094986767222,0.810546875,0.0016,0.0105,0.018,0.0012,0.0095,0.017,0.0004000000000000002,0.0010000000000000009,0.0009999999999999974,1.0,1.0,migrate,ibm_sherbrooke,0.0023999999999999985
sha256:c7b3c33cfc224c9a0b3399e33001d5ab98b87470402764547144c2079aee0286,planner_calibration_3201_3208,planner_calibration,sigmetrics-planner-calibration-final-v1,sha256:e6a06faed51f4ea9d810727b1ea3911d1b8a4fb2958afda0cd601ccaed306d7a,sigmetrics-planner-calibration-final-v1--734937c4351961b6,3206,lih_vqe,paper,noisy_sim,B5,4,2,high_change,sha256:c7b3c33cfc224c9a0b3399e33001d5ab98b87470402764547144c2079aee0286-failure,sha256:990ad63de66234fde5807db6229e09e19f82367fdec100d058218fafa46e8846,sha256:2b6db34aacbffdb427c6a86493c0c97d7fa901154c9c190f56705a55a8d2a0ee,sha256:5d8943b74edf54b19c3d0d4493eca8c11e5671bf89d76b8f3b4c56d6f9edfee2,sha256:389ae60d86bc856619040d40cdbf3d2edd452c82573e9675ca10e66958daa834,ibm_kyiv,ibm_brisbane,migrate,migrate:ibm_brisbane,ibm_brisbane,ibm_kyiv->ibm_brisbane,True,,1,1,6.0,1.0,controlled scenario descriptor,0.023860000000000006,0.7953333333333336,derived recovery-time saved/current backend evidence,1,derived recovery-time saved/current backend identity,1,controlled scenario environment,0.55,0.2783666666666667,0.1,0.0,0.9283666666666667,True,True,cf-c0bc9341782154097533,0.017914784359966518,0.12303192317227386,0.07496948338882983,False,False,False,0,0,0,1,6144,168,noisy_sim,9,4,5120,4,0,0.5,4,4,0.09803869690081335,0.6264946008411444,0.0692858631715381,0.4378132424175717,20,0.085,1,qubit_wise_commuting,8,12288,1536.0,1536,20,0,40,5,entangling_ry_rz_brickwork,1.785366245952716,0.7317708333333334,0.0016,0.0105,0.018,0.00336,0.022400000000000003,0.038400000000000004,0.00176,0.011900000000000003,0.020400000000000005,1.0,1.0,migrate,ibm_brisbane,0.03406000000000001
sha256:c7b3c33cfc224c9a0b3399e33001d5ab98b87470402764547144c2079aee0286,planner_calibration_3201_3208,planner_calibration,sigmetrics-planner-calibration-final-v1,sha256:e6a06faed51f4ea9d810727b1ea3911d1b8a4fb2958afda0cd601ccaed306d7a,sigmetrics-planner-calibration-final-v1--734937c4351961b6,3206,lih_vqe,paper,noisy_sim,B5,4,2,high_change,sha256:c7b3c33cfc224c9a0b3399e33001d5ab98b87470402764547144c2079aee0286-failure,sha256:990ad63de66234fde5807db6229e09e19f82367fdec100d058218fafa46e8846,sha256:2b6db34aacbffdb427c6a86493c0c97d7fa901154c9c190f56705a55a8d2a0ee,sha256:5d8943b74edf54b19c3d0d4493eca8c11e5671bf89d76b8f3b4c56d6f9edfee2,sha256:389ae60d86bc856619040d40cdbf3d2edd452c82573e9675ca10e66958daa834,ibm_kyiv,ibm_kyiv,replay,replay:ibm_kyiv,ibm_kyiv,ibm_kyiv->ibm_kyiv,True,,1,1,8.0,1.0,controlled scenario descriptor,0.016,0.5333333333333333,derived recovery-time saved/current backend evidence,0,derived recovery-time saved/current backend identity,1,controlled scenario environment,0.55,0.18666666666666665,0.0,0.0,0.7366666666666667,True,True,cf-6d0dc6de21ea67656f11,0.013006371714745057,0.10907721965874471,0.053980158875103594,False,False,False,0,0,0,1,6144,168,noisy_sim,9,4,5120,4,0,0.5,4,4,0.09803869690081335,0.6264946008411444,0.0692858631715381,0.4378132424175717,20,0.085,1,qubit_wise_commuting,8,12288,1536.0,1536,20,0,40,5,entangling_ry_rz_brickwork,1.785366245952716,0.7317708333333334,0.0016,0.0105,0.018,0.00288,0.0189,0.0324,0.00128,0.0084,0.0144,1.0,1.0,replay,ibm_kyiv,0.024079999999999997
sha256:cb24ae019f1af91b0d84bd187cf26be6a642fb4940c86ba73dc4414c24bd3db9,planner_calibration_3201_3208,planner_calibration,sigmetrics-planner-calibration-final-v1,sha256:e6a06faed51f4ea9d810727b1ea3911d1b8a4fb2958afda0cd601ccaed306d7a,sigmetrics-planner-calibration-final-v1--816cffeb64721cb2,3203,h2_vqe,paper,noisy_sim,B5,4,2,high_change,sha256:cb24ae019f1af91b0d84bd187cf26be6a642fb4940c86ba73dc4414c24bd3db9-failure,sha256:2b6effc368a2c7de9dda1b9c84f04de3356dc40f9fe35a66e25d1b5d12eb11ec,sha256:2b6db34aacbffdb427c6a86493c0c97d7fa901154c9c190f56705a55a8d2a0ee,sha256:94e11cf4ea4c74d973b64129cefe2805f81a297533fc0020c3c844df147749e1,sha256:08694586473bc15dda3eb0106eea9f0e9babfc70f3eabde26465781ba99e144e,ibm_kyiv,ibm_brisbane,migrate,migrate:ibm_brisbane,ibm_brisbane,ibm_kyiv->ibm_brisbane,True,,1,1,6.0,1.0,controlled scenario descriptor,0.023860000000000006,0.7953333333333336,derived recovery-time saved/current backend evidence,1,derived recovery-time saved/current backend identity,1,controlled scenario environment,0.55,0.2783666666666667,0.1,0.0,0.9283666666666667,True,True,cf-9e7531e8609a551520e0,0.028101507062435527,0.11116813946724474,0.047250527153418445,False,False,False,0,0,0,1,4992,104,noisy_sim,9,3,2976,4,0,0.42857142857142855,4,4,0.06911634802839095,0.43997478302889087,0.07412382582966578,0.37981874393460374,12,0.105,1,qubit_wise_commuting,7,8736,1248.0,1248,12,0,24,4,entangling_ry_rz_brickwork,1.6650917155927296,0.7267628205128205,0.0016,0.0105,0.018,0.00336,0.022400000000000003,0.038400000000000004,0.00176,0.011900000000000003,0.020400000000000005,1.0,1.0,migrate,ibm_brisbane,0.03406000000000001
sha256:cb24ae019f1af91b0d84bd187cf26be6a642fb4940c86ba73dc4414c24bd3db9,planner_calibration_3201_3208,planner_calibration,sigmetrics-planner-calibration-final-v1,sha256:e6a06faed51f4ea9d810727b1ea3911d1b8a4fb2958afda0cd601ccaed306d7a,sigmetrics-planner-calibration-final-v1--816cffeb64721cb2,3203,h2_vqe,paper,noisy_sim,B5,4,2,high_change,sha256:cb24ae019f1af91b0d84bd187cf26be6a642fb4940c86ba73dc4414c24bd3db9-failure,sha256:2b6effc368a2c7de9dda1b9c84f04de3356dc40f9fe35a66e25d1b5d12eb11ec,sha256:2b6db34aacbffdb427c6a86493c0c97d7fa901154c9c190f56705a55a8d2a0ee,sha256:94e11cf4ea4c74d973b64129cefe2805f81a297533fc0020c3c844df147749e1,sha256:08694586473bc15dda3eb0106eea9f0e9babfc70f3eabde26465781ba99e144e,ibm_kyiv,ibm_kyiv,replay,replay:ibm_kyiv,ibm_kyiv,ibm_kyiv->ibm_kyiv,True,,1,1,8.0,1.0,controlled scenario descriptor,0.016,0.5333333333333333,derived recovery-time saved/current backend evidence,0,derived recovery-time saved/current backend identity,1,controlled scenario environment,0.55,0.18666666666666665,0.0,0.0,0.7366666666666667,True,True,cf-c3c46df1a74f246fa443,0.020228072088344318,0.08919803921251268,0.033833664823828324,False,False,False,0,0,0,1,4992,104,noisy_sim,9,3,2976,4,0,0.42857142857142855,4,4,0.06911634802839095,0.43997478302889087,0.07412382582966578,0.37981874393460374,12,0.105,1,qubit_wise_commuting,7,8736,1248.0,1248,12,0,24,4,entangling_ry_rz_brickwork,1.6650917155927296,0.7267628205128205,0.0016,0.0105,0.018,0.00288,0.0189,0.0324,0.00128,0.0084,0.0144,1.0,1.0,replay,ibm_kyiv,0.024079999999999997
sha256:cea1c295f9d223eee2268fcdf18981bb942f6863e2492676f89a6d129f16b6fe,planner_calibration_3201_3208,planner_calibration,sigmetrics-planner-calibration-final-v1,sha256:e6a06faed51f4ea9d810727b1ea3911d1b8a4fb2958afda0cd601ccaed306d7a,sigmetrics-planner-calibration-final-v1--a21b7017775daac7,3203,qaoa_maxcut,paper,noisy_sim,B5,4,2,same_backend_delay,sha256:cea1c295f9d223eee2268fcdf18981bb942f6863e2492676f89a6d129f16b6fe-failure,sha256:92df84f421dd69a4cbd7d0b1a61f59b3c2df26506445f3c026dce703e321a424,sha256:2b5d5606b48121c83beae64c1c7cabbafc8d4853980e515ebdce93987de444de,sha256:7c1d6d3b92b74eb9793f2e3d7476b13650919c35e6be30736522cf63625ecb00,sha256:285f7b810f7a30deea5f15e672c170667fc5644474c70d9abc8280a85a66d1fa,ibm_kyiv,ibm_sherbrooke,migrate,migrate:ibm_sherbrooke,ibm_sherbrooke,ibm_kyiv->ibm_sherbrooke,True,,1,1,0.0,0.0,controlled scenario descriptor,0.0018999999999999998,0.06333333333333332,derived recovery-time saved/current backend evidence,1,derived recovery-time saved/current backend identity,1,controlled scenario environment,0.0,0.02216666666666666,0.1,0.0,0.12216666666666667,True,True,cf-ac383f744723c6e5253f,0.7743191478293552,0.15219742031627376,0.4791221117205985,False,True,False,0,1,0,1,16512,40,noisy_sim,9,1,4128,0,0,1.0,4,4,1.8081763486851266,9.038881090601759,3.4600443825110014,7.393692996354743,4,0.12,1,qubit_wise_commuting,1,4128,4128.0,4128,4,0,10,6,qaoa_maxcut,5.4523471208138155,0.12257751937984496,0.0016,0.0105,0.018,0.0012,0.0095,0.017,0.0004000000000000002,0.0010000000000000009,0.0009999999999999974,1.0,1.0,migrate,ibm_sherbrooke,0.0023999999999999985
sha256:cea1c295f9d223eee2268fcdf18981bb942f6863e2492676f89a6d129f16b6fe,planner_calibration_3201_3208,planner_calibration,sigmetrics-planner-calibration-final-v1,sha256:e6a06faed51f4ea9d810727b1ea3911d1b8a4fb2958afda0cd601ccaed306d7a,sigmetrics-planner-calibration-final-v1--a21b7017775daac7,3203,qaoa_maxcut,paper,noisy_sim,B5,4,2,same_backend_delay,sha256:cea1c295f9d223eee2268fcdf18981bb942f6863e2492676f89a6d129f16b6fe-failure,sha256:92df84f421dd69a4cbd7d0b1a61f59b3c2df26506445f3c026dce703e321a424,sha256:2b5d5606b48121c83beae64c1c7cabbafc8d4853980e515ebdce93987de444de,sha256:7c1d6d3b92b74eb9793f2e3d7476b13650919c35e6be30736522cf63625ecb00,sha256:285f7b810f7a30deea5f15e672c170667fc5644474c70d9abc8280a85a66d1fa,ibm_kyiv,ibm_kyiv,replay,replay:ibm_kyiv,ibm_kyiv,ibm_kyiv->ibm_kyiv,True,,1,1,4.0,0.8,controlled scenario descriptor,0.007999999999999998,0.2666666666666666,derived recovery-time saved/current backend evidence,0,derived recovery-time saved/current backend identity,1,controlled scenario environment,0.44000000000000006,0.09333333333333331,0.0,0.0,0.5333333333333333,True,True,cf-188853701627ad4a9b66,1.1202348276678054,0.197379916669013,1.562971627940901,False,False,False,0,0,0,1,16512,40,noisy_sim,9,1,4128,0,0,1.0,4,4,1.8081763486851266,9.038881090601759,3.4600443825110014,7.393692996354743,4,0.12,1,qubit_wise_commuting,1,4128,4128.0,4128,4,0,10,6,qaoa_maxcut,5.4523471208138155,0.12257751937984496,0.0016,0.0105,0.018,0.00224,0.0147,0.025199999999999997,0.0006399999999999997,0.004199999999999999,0.007199999999999998,1.0,1.0,replay,ibm_kyiv,0.012039999999999997
sha256:cea39c4857330a72cf088881e7b94a8be891d8c4d41ba1162c1bf2dfacab4f3b,planner_calibration_3201_3208,planner_calibration,sigmetrics-planner-calibration-final-v1,sha256:e6a06faed51f4ea9d810727b1ea3911d1b8a4fb2958afda0cd601ccaed306d7a,sigmetrics-planner-calibration-final-v1--18eb862d8a15894b,3205,qaoa_maxcut,paper,noisy_sim,B5,4,2,same_backend_delay,sha256:cea39c4857330a72cf088881e7b94a8be891d8c4d41ba1162c1bf2dfacab4f3b-failure,sha256:59eb3ca528a2d288d2f5a234359096c6c2bf86033fc7bf5396a861e1152071ff,sha256:2b5d5606b48121c83beae64c1c7cabbafc8d4853980e515ebdce93987de444de,sha256:7c1d6d3b92b74eb9793f2e3d7476b13650919c35e6be30736522cf63625ecb00,sha256:7219bf7dae67a44f6c1ec3123764316569550c3d2149eb85757bdf511d20e969,ibm_kyiv,ibm_sherbrooke,migrate,migrate:ibm_sherbrooke,ibm_sherbrooke,ibm_kyiv->ibm_sherbrooke,True,,1,1,0.0,0.0,controlled scenario descriptor,0.0018999999999999998,0.06333333333333332,derived recovery-time saved/current backend evidence,1,derived recovery-time saved/current backend identity,1,controlled scenario environment,0.0,0.02216666666666666,0.1,0.0,0.12216666666666667,True,True,cf-23ab5102ae589e7ba582,0.6131913012337202,0.16163013314201624,0.44831285460768594,False,True,False,0,1,0,1,16256,40,noisy_sim,9,1,4064,0,0,1.0,4,4,2.435385061672233,6.149834208055388,2.685811974339774,4.1569263589522425,4,0.12,1,qubit_wise_commuting,1,4064,4064.0,4064,4,0,10,6,qaoa_maxcut,5.3936324076978135,0.10359251968503937,0.0016,0.0105,0.018,0.0012,0.0095,0.017,0.0004000000000000002,0.0010000000000000009,0.0009999999999999974,1.0,1.0,migrate,ibm_sherbrooke,0.0023999999999999985
sha256:cea39c4857330a72cf088881e7b94a8be891d8c4d41ba1162c1bf2dfacab4f3b,planner_calibration_3201_3208,planner_calibration,sigmetrics-planner-calibration-final-v1,sha256:e6a06faed51f4ea9d810727b1ea3911d1b8a4fb2958afda0cd601ccaed306d7a,sigmetrics-planner-calibration-final-v1--18eb862d8a15894b,3205,qaoa_maxcut,paper,noisy_sim,B5,4,2,same_backend_delay,sha256:cea39c4857330a72cf088881e7b94a8be891d8c4d41ba1162c1bf2dfacab4f3b-failure,sha256:59eb3ca528a2d288d2f5a234359096c6c2bf86033fc7bf5396a861e1152071ff,sha256:2b5d5606b48121c83beae64c1c7cabbafc8d4853980e515ebdce93987de444de,sha256:7c1d6d3b92b74eb9793f2e3d7476b13650919c35e6be30736522cf63625ecb00,sha256:7219bf7dae67a44f6c1ec3123764316569550c3d2149eb85757bdf511d20e969,ibm_kyiv,ibm_kyiv,replay,replay:ibm_kyiv,ibm_kyiv,ibm_kyiv->ibm_kyiv,True,,1,1,4.0,0.8,controlled scenario descriptor,0.007999999999999998,0.2666666666666666,derived recovery-time saved/current backend evidence,0,derived recovery-time saved/current backend identity,1,controlled scenario environment,0.44000000000000006,0.09333333333333331,0.0,0.0,0.5333333333333333,True,True,cf-7e18591e0d75c816ae59,0.9753449609738762,0.18370146983843955,0.7800523810721403,False,False,False,0,0,0,1,16256,40,noisy_sim,9,1,4064,0,0,1.0,4,4,2.435385061672233,6.149834208055388,2.685811974339774,4.1569263589522425,4,0.12,1,qubit_wise_commuting,1,4064,4064.0,4064,4,0,10,6,qaoa_maxcut,5.3936324076978135,0.10359251968503937,0.0016,0.0105,0.018,0.00224,0.0147,0.025199999999999997,0.0006399999999999997,0.004199999999999999,0.007199999999999998,1.0,1.0,replay,ibm_kyiv,0.012039999999999997
sha256:ced9475412931580711300b20ab83ae28a696f952cb6bac52d508c0b7b4e39f5,planner_calibration_3201_3208,planner_calibration,sigmetrics-planner-calibration-final-v1,sha256:e6a06faed51f4ea9d810727b1ea3911d1b8a4fb2958afda0cd601ccaed306d7a,sigmetrics-planner-calibration-final-v1--bacc8ba58bffee1a,3207,adapt_vqe,paper,noisy_sim,B6,4,2,cross_backend,sha256:ced9475412931580711300b20ab83ae28a696f952cb6bac52d508c0b7b4e39f5-failure,sha256:b3799d6c47cd6dfafc2d8400f90a44f7abc5ac487b60a6f1e4010176e5ecfcb0,sha256:3e961724e06d6d711a9338896a03f47484a702bab4903cdf8ef8771396da980d,sha256:d0f32e9d96569c4332b1ff1180ee97229e197978db70d9db9dea249da627b2b0,sha256:fd7905e8c280d92b22fbc37b0db95fc96e583b3fcfb0aa18aee0bd7f97c15b45,ibm_kyiv,ibm_brisbane,migrate,migrate:ibm_brisbane,ibm_brisbane,ibm_kyiv->ibm_brisbane,True,,1,1,0.0,0.0,controlled scenario descriptor,0.007,0.23333333333333334,derived recovery-time saved/current backend evidence,1,derived recovery-time saved/current backend identity,1,controlled scenario environment,0.0,0.08166666666666667,0.1,0.0,0.18166666666666667,True,True,cf-72e501169ded45a1f09c,0.0019175404084288417,0.06026447332254304,0.0015797355414250193,False,False,False,0,0,0,1,4352,56,noisy_sim,15,0,0,8,0,0.0,4,4,0.0008856774614631746,0.06242299281220056,0.018733516966511158,0.05342941911524612,6,0.08,1,qubit_wise_commuting,8,8704,1088.0,1088,6,6,40,5,adapt_pauli_pool,0.7873679675743115,0.890625,0.0016,0.0105,0.018,0.0021,0.014,0.024,0.0004999999999999998,0.0034999999999999996,0.006000000000000002,1.0,1.0,migrate,ibm_brisbane,0.010000000000000002
sha256:ced9475412931580711300b20ab83ae28a696f952cb6bac52d508c0b7b4e39f5,planner_calibration_3201_3208,planner_calibration,sigmetrics-planner-calibration-final-v1,sha256:e6a06faed51f4ea9d810727b1ea3911d1b8a4fb2958afda0cd601ccaed306d7a,sigmetrics-planner-calibration-final-v1--bacc8ba58bffee1a,3207,adapt_vqe,paper,noisy_sim,B6,4,2,cross_backend,sha256:ced9475412931580711300b20ab83ae28a696f952cb6bac52d508c0b7b4e39f5-failure,sha256:b3799d6c47cd6dfafc2d8400f90a44f7abc5ac487b60a6f1e4010176e5ecfcb0,sha256:3e961724e06d6d711a9338896a03f47484a702bab4903cdf8ef8771396da980d,sha256:d0f32e9d96569c4332b1ff1180ee97229e197978db70d9db9dea249da627b2b0,sha256:fd7905e8c280d92b22fbc37b0db95fc96e583b3fcfb0aa18aee0bd7f97c15b45,ibm_kyiv,ibm_sherbrooke,migrate,migrate:ibm_sherbrooke,ibm_sherbrooke,ibm_kyiv->ibm_sherbrooke,True,,1,1,0.0,0.0,controlled scenario descriptor,0.0018999999999999998,0.06333333333333332,derived recovery-time saved/current backend evidence,1,derived recovery-time saved/current backend identity,1,controlled scenario environment,0.0,0.02216666666666666,0.1,0.0,0.12216666666666667,True,True,cf-47137c7dcc33c99fa16a,0.0006983200951617974,0.0075930917264305006,0.001264853540342739,False,False,False,0,0,0,1,4352,56,noisy_sim,15,0,0,8,0,0.0,4,4,0.0008856774614631746,0.06242299281220056,0.018733516966511158,0.05342941911524612,6,0.08,1,qubit_wise_commuting,8,8704,1088.0,1088,6,6,40,5,adapt_pauli_pool,0.7873679675743115,0.890625,0.0016,0.0105,0.018,0.0012,0.0095,0.017,0.0004000000000000002,0.0010000000000000009,0.0009999999999999974,1.0,1.0,migrate,ibm_sherbrooke,0.0023999999999999985
sha256:d0a2bf93735f765eda190bf7974679a7643ee17aae2fa7c1db0510c5f27b386d,planner_calibration_3201_3208,planner_calibration,sigmetrics-planner-calibration-final-v1,sha256:e6a06faed51f4ea9d810727b1ea3911d1b8a4fb2958afda0cd601ccaed306d7a,sigmetrics-planner-calibration-final-v1--a383d93bb9d952f5,3203,adapt_vqe,paper,noisy_sim,B6,4,2,high_change,sha256:d0a2bf93735f765eda190bf7974679a7643ee17aae2fa7c1db0510c5f27b386d-failure,sha256:9cca70a1207b66c49f4c42bf8b9de08e7c0f27aa7532cd02046c7b55cbcb56d0,sha256:2b6db34aacbffdb427c6a86493c0c97d7fa901154c9c190f56705a55a8d2a0ee,sha256:5638933935310f53de435b896d93a854a8a1570c3f790dd2bfcb667e0256c9de,sha256:1e99503d401c242dd9753e4f6ddc2dab763d521f6f9b4dd6105b2f857240b52d,ibm_kyiv,ibm_brisbane,migrate,migrate:ibm_brisbane,ibm_brisbane,ibm_kyiv->ibm_brisbane,True,,1,1,6.0,1.0,controlled scenario descriptor,0.023860000000000006,0.7953333333333336,derived recovery-time saved/current backend evidence,1,derived recovery-time saved/current backend identity,1,controlled scenario environment,0.55,0.2783666666666667,0.1,0.0,0.9283666666666667,True,True,cf-433eef7c8a93037dfb42,0.006442106009231452,0.12055394110422653,0.006403536806318568,False,False,False,0,0,0,1,4352,56,noisy_sim,15,0,0,8,0,0.0,4,4,0.003957456788344693,0.150697732345674,0.04416878247154351,0.12498168775043124,6,0.08,1,qubit_wise_commuting,8,8704,1088.0,1088,6,6,40,5,adapt_pauli_pool,0.8241250997137269,0.8841911764705882,0.0016,0.0105,0.018,0.00336,0.022400000000000003,0.038400000000000004,0.00176,0.011900000000000003,0.020400000000000005,1.0,1.0,migrate,ibm_brisbane,0.03406000000000001
sha256:d0a2bf93735f765eda190bf7974679a7643ee17aae2fa7c1db0510c5f27b386d,planner_calibration_3201_3208,planner_calibration,sigmetrics-planner-calibration-final-v1,sha256:e6a06faed51f4ea9d810727b1ea3911d1b8a4fb2958afda0cd601ccaed306d7a,sigmetrics-planner-calibration-final-v1--a383d93bb9d952f5,3203,adapt_vqe,paper,noisy_sim,B6,4,2,high_change,sha256:d0a2bf93735f765eda190bf7974679a7643ee17aae2fa7c1db0510c5f27b386d-failure,sha256:9cca70a1207b66c49f4c42bf8b9de08e7c0f27aa7532cd02046c7b55cbcb56d0,sha256:2b6db34aacbffdb427c6a86493c0c97d7fa901154c9c190f56705a55a8d2a0ee,sha256:5638933935310f53de435b896d93a854a8a1570c3f790dd2bfcb667e0256c9de,sha256:1e99503d401c242dd9753e4f6ddc2dab763d521f6f9b4dd6105b2f857240b52d,ibm_kyiv,ibm_kyiv,replay,replay:ibm_kyiv,ibm_kyiv,ibm_kyiv->ibm_kyiv,True,,1,1,8.0,1.0,controlled scenario descriptor,0.016,0.5333333333333333,derived recovery-time saved/current backend evidence,0,derived recovery-time saved/current backend identity,1,controlled scenario environment,0.55,0.18666666666666665,0.0,0.0,0.7366666666666667,True,True,cf-d20b4658051745e56f3d,0.004589572137745357,0.10185378476791783,0.004660094993657867,False,False,False,0,0,0,1,4352,56,noisy_sim,15,0,0,8,0,0.0,4,4,0.003957456788344693,0.150697732345674,0.04416878247154351,0.12498168775043124,6,0.08,1,qubit_wise_commuting,8,8704,1088.0,1088,6,6,40,5,adapt_pauli_pool,0.8241250997137269,0.8841911764705882,0.0016,0.0105,0.018,0.00288,0.0189,0.0324,0.00128,0.0084,0.0144,1.0,1.0,replay,ibm_kyiv,0.024079999999999997
sha256:d1ce6c2218d229ebb44baa7efbb5f4f5370daee2bb86c3fd3eaaeaef1b841821,planner_calibration_3201_3208,planner_calibration,sigmetrics-planner-calibration-final-v1,sha256:e6a06faed51f4ea9d810727b1ea3911d1b8a4fb2958afda0cd601ccaed306d7a,sigmetrics-planner-calibration-final-v1--9856306816d44ceb,3201,lih_vqe,paper,noisy_sim,B5,4,2,no_change,sha256:d1ce6c2218d229ebb44baa7efbb5f4f5370daee2bb86c3fd3eaaeaef1b841821-failure,sha256:be70f0de5de01672727647b686dd8a454595c5f953bdf3bb53b97180cdadc642,sha256:0e7343b47d003afe2860e33d67399c12f7ed84b7f18c3a5e0d48aae47fda9990,sha256:c47932d509f62acb75888b4e18d00ff3fb54f3468768cff7bf362cbd2dcdb2a5,sha256:38df8a43ee92dc64823ba369677b90567470348217f24df6e8b862c344f9a547,ibm_kyiv,ibm_kyiv,replay,replay:ibm_kyiv,ibm_kyiv,ibm_kyiv->ibm_kyiv,True,,1,1,0.0,0.0,controlled scenario descriptor,0.0,0.0,derived recovery-time saved/current backend evidence,0,derived recovery-time saved/current backend identity,1,controlled scenario environment,0.0,0.0,0.0,0.0,0.0,True,True,cf-2a37b0d849079da6ab9b,0.0,0.0,0.0,True,True,True,1,1,1,0,6144,168,noisy_sim,9,4,5120,4,0,0.5,4,4,0.08970018258591406,0.6318671924439961,0.08191544501966291,0.38306584394877974,20,0.085,1,qubit_wise_commuting,8,12288,1536.0,1536,20,0,40,5,entangling_ry_rz_brickwork,1.6727864599321207,0.755859375,0.0016,0.0105,0.018,0.0016,0.0105,0.018,0.0,0.0,0.0,1.0,1.0,replay,ibm_kyiv,0.0
sha256:d3ced7e5b33f02df785dff990b45fe391ab8791043c2d0833684f821512a7ec5,planner_calibration_3201_3208,planner_calibration,sigmetrics-planner-calibration-final-v1,sha256:e6a06faed51f4ea9d810727b1ea3911d1b8a4fb2958afda0cd601ccaed306d7a,sigmetrics-planner-calibration-final-v1--6942c589f8790b15,3207,adapt_vqe,paper,noisy_sim,B6,4,2,no_change,sha256:d3ced7e5b33f02df785dff990b45fe391ab8791043c2d0833684f821512a7ec5-failure,sha256:b3799d6c47cd6dfafc2d8400f90a44f7abc5ac487b60a6f1e4010176e5ecfcb0,sha256:0e7343b47d003afe2860e33d67399c12f7ed84b7f18c3a5e0d48aae47fda9990,sha256:966a7ca5de68231d7aa886c2f276bb727c01663a4e7b6881b3414a2b6ebdaea9,sha256:76bb07c439b3d9714a70dfd895e76b5b069da30d350afd17d8a5bf3319bdbc3c,ibm_kyiv,ibm_kyiv,replay,replay:ibm_kyiv,ibm_kyiv,ibm_kyiv->ibm_kyiv,True,,1,1,0.0,0.0,controlled scenario descriptor,0.0,0.0,derived recovery-time saved/current backend evidence,0,derived recovery-time saved/current backend identity,1,controlled scenario environment,0.0,0.0,0.0,0.0,0.0,True,True,cf-4a373179a77f50187bb6,0.0,0.0,0.0,True,True,True,1,1,1,0,4352,56,noisy_sim,15,0,0,8,0,0.0,4,4,0.0008856774614631746,0.06242299281220056,0.018733516966511158,0.05342941911524612,6,0.08,1,qubit_wise_commuting,8,8704,1088.0,1088,6,6,40,5,adapt_pauli_pool,0.7873679675743115,0.890625,0.0016,0.0105,0.018,0.0016,0.0105,0.018,0.0,0.0,0.0,1.0,1.0,replay,ibm_kyiv,0.0
sha256:d4bc36ca4680db44d8000d06459cdf49daa8f757be989082970dbcccc08a4f4e,planner_calibration_3201_3208,planner_calibration,sigmetrics-planner-calibration-final-v1,sha256:e6a06faed51f4ea9d810727b1ea3911d1b8a4fb2958afda0cd601ccaed306d7a,sigmetrics-planner-calibration-final-v1--bcd003453251437d,3207,lih_vqe,paper,noisy_sim,B5,4,2,cross_backend,sha256:d4bc36ca4680db44d8000d06459cdf49daa8f757be989082970dbcccc08a4f4e-failure,sha256:28c8ea428fea21f1b41530db56f8e043597dfd61c230af798406433aca22a331,sha256:3e961724e06d6d711a9338896a03f47484a702bab4903cdf8ef8771396da980d,sha256:90a6fc287341ee3482d2a787f7389b00e56a0ec391204063de2bd98be7b5816e,sha256:2fe98ec0e5a156d57dd4e1e51e1245e6e95fe549e264939a0a89586daa21d385,ibm_kyiv,ibm_brisbane,migrate,migrate:ibm_brisbane,ibm_brisbane,ibm_kyiv->ibm_brisbane,True,,1,1,0.0,0.0,controlled scenario descriptor,0.007,0.23333333333333334,derived recovery-time saved/current backend evidence,1,derived recovery-time saved/current backend identity,1,controlled scenario environment,0.0,0.08166666666666667,0.1,0.0,0.18166666666666667,True,True,cf-abaef1712d76587118a8,0.002710464354545472,0.07471291692319175,0.023268920783483107,False,False,False,0,0,0,1,6144,168,noisy_sim,9,4,5120,4,0,0.5,4,4,0.07945046398903077,0.6023106832048946,0.07254746524202499,0.3889754678576354,20,0.085,1,qubit_wise_commuting,8,12288,1536.0,1536,20,0,40,5,entangling_ry_rz_brickwork,1.6065989214985639,0.7630208333333334,0.0016,0.0105,0.018,0.0021,0.014,0.024,0.0004999999999999998,0.0034999999999999996,0.006000000000000002,1.0,1.0,migrate,ibm_brisbane,0.010000000000000002
sha256:d4bc36ca4680db44d8000d06459cdf49daa8f757be989082970dbcccc08a4f4e,planner_calibration_3201_3208,planner_calibration,sigmetrics-planner-calibration-final-v1,sha256:e6a06faed51f4ea9d810727b1ea3911d1b8a4fb2958afda0cd601ccaed306d7a,sigmetrics-planner-calibration-final-v1--bcd003453251437d,3207,lih_vqe,paper,noisy_sim,B5,4,2,cross_backend,sha256:d4bc36ca4680db44d8000d06459cdf49daa8f757be989082970dbcccc08a4f4e-failure,sha256:28c8ea428fea21f1b41530db56f8e043597dfd61c230af798406433aca22a331,sha256:3e961724e06d6d711a9338896a03f47484a702bab4903cdf8ef8771396da980d,sha256:90a6fc287341ee3482d2a787f7389b00e56a0ec391204063de2bd98be7b5816e,sha256:2fe98ec0e5a156d57dd4e1e51e1245e6e95fe549e264939a0a89586daa21d385,ibm_kyiv,ibm_sherbrooke,migrate,migrate:ibm_sherbrooke,ibm_sherbrooke,ibm_kyiv->ibm_sherbrooke,True,,1,1,0.0,0.0,controlled scenario descriptor,0.0018999999999999998,0.06333333333333332,derived recovery-time saved/current backend evidence,1,derived recovery-time saved/current backend identity,1,controlled scenario environment,0.0,0.02216666666666666,0.1,0.0,0.12216666666666667,True,True,cf-2d048ab732500d1759b2,0.0011635659872331061,0.04811402741247498,0.01041581895144658,False,False,False,0,0,0,1,6144,168,noisy_sim,9,4,5120,4,0,0.5,4,4,0.07945046398903077,0.6023106832048946,0.07254746524202499,0.3889754678576354,20,0.085,1,qubit_wise_commuting,8,12288,1536.0,1536,20,0,40,5,entangling_ry_rz_brickwork,1.6065989214985639,0.7630208333333334,0.0016,0.0105,0.018,0.0012,0.0095,0.017,0.0004000000000000002,0.0010000000000000009,0.0009999999999999974,1.0,1.0,migrate,ibm_sherbrooke,0.0023999999999999985
sha256:da1e071bb79dc276b64095981285e9ec8bf05c41ed537eea33c68e897f8333d1,planner_calibration_3201_3208,planner_calibration,sigmetrics-planner-calibration-final-v1,sha256:e6a06faed51f4ea9d810727b1ea3911d1b8a4fb2958afda0cd601ccaed306d7a,sigmetrics-planner-calibration-final-v1--3c3fb9ad775e4b08,3202,h2_vqe,paper,noisy_sim,B5,4,2,same_backend_delay,sha256:da1e071bb79dc276b64095981285e9ec8bf05c41ed537eea33c68e897f8333d1-failure,sha256:9ef26cb9df71a0614ffdd05c1da8ab2a324986c9cea9c271623972b6c2e59790,sha256:2b5d5606b48121c83beae64c1c7cabbafc8d4853980e515ebdce93987de444de,sha256:6b97ad82624cbf5bb09be560aa6bb9d630db90477bce3a53713c959f84ab3cbb,sha256:72ef39462e9222fe4d5a36262e7fead7c15bc6ad00adf5db00b99900237454ea,ibm_kyiv,ibm_sherbrooke,migrate,migrate:ibm_sherbrooke,ibm_sherbrooke,ibm_kyiv->ibm_sherbrooke,True,,1,1,0.0,0.0,controlled scenario descriptor,0.0018999999999999998,0.06333333333333332,derived recovery-time saved/current backend evidence,1,derived recovery-time saved/current backend identity,1,controlled scenario environment,0.0,0.02216666666666666,0.1,0.0,0.12216666666666667,True,True,cf-44566a1bb07bf4091d4d,0.0048205640001484085,0.010602378968087299,0.005250550684267126,False,False,False,0,0,0,1,4992,104,noisy_sim,9,3,2976,4,0,0.42857142857142855,4,4,0.09478762198656088,0.45584298395901934,0.07876767850603342,0.33181023888040095,12,0.105,1,qubit_wise_commuting,7,8736,1248.0,1248,12,0,24,4,entangling_ry_rz_brickwork,0.9407904513471905,0.8653846153846154,0.0016,0.0105,0.018,0.0012,0.0095,0.017,0.0004000000000000002,0.0010000000000000009,0.0009999999999999974,1.0,1.0,migrate,ibm_sherbrooke,0.0023999999999999985
sha256:da1e071bb79dc276b64095981285e9ec8bf05c41ed537eea33c68e897f8333d1,planner_calibration_3201_3208,planner_calibration,sigmetrics-planner-calibration-final-v1,sha256:e6a06faed51f4ea9d810727b1ea3911d1b8a4fb2958afda0cd601ccaed306d7a,sigmetrics-planner-calibration-final-v1--3c3fb9ad775e4b08,3202,h2_vqe,paper,noisy_sim,B5,4,2,same_backend_delay,sha256:da1e071bb79dc276b64095981285e9ec8bf05c41ed537eea33c68e897f8333d1-failure,sha256:9ef26cb9df71a0614ffdd05c1da8ab2a324986c9cea9c271623972b6c2e59790,sha256:2b5d5606b48121c83beae64c1c7cabbafc8d4853980e515ebdce93987de444de,sha256:6b97ad82624cbf5bb09be560aa6bb9d630db90477bce3a53713c959f84ab3cbb,sha256:72ef39462e9222fe4d5a36262e7fead7c15bc6ad00adf5db00b99900237454ea,ibm_kyiv,ibm_kyiv,replay,replay:ibm_kyiv,ibm_kyiv,ibm_kyiv->ibm_kyiv,True,,1,1,4.0,0.8,controlled scenario descriptor,0.007999999999999998,0.2666666666666666,derived recovery-time saved/current backend evidence,0,derived recovery-time saved/current backend identity,1,controlled scenario environment,0.44000000000000006,0.09333333333333331,0.0,0.0,0.5333333333333333,True,True,cf-998d1d6d0fba980f1a4b,0.011655353346603725,0.07519735315580418,0.014045283815107102,False,False,False,0,0,0,1,4992,104,noisy_sim,9,3,2976,4,0,0.42857142857142855,4,4,0.09478762198656088,0.45584298395901934,0.07876767850603342,0.33181023888040095,12,0.105,1,qubit_wise_commuting,7,8736,1248.0,1248,12,0,24,4,entangling_ry_rz_brickwork,0.9407904513471905,0.8653846153846154,0.0016,0.0105,0.018,0.00224,0.0147,0.025199999999999997,0.0006399999999999997,0.004199999999999999,0.007199999999999998,1.0,1.0,replay,ibm_kyiv,0.012039999999999997
sha256:dcce0f2d7e1df0def5c593d1e96133c1172d8c93d462f0b54c4830f642cfae90,planner_calibration_3201_3208,planner_calibration,sigmetrics-planner-calibration-final-v1,sha256:e6a06faed51f4ea9d810727b1ea3911d1b8a4fb2958afda0cd601ccaed306d7a,sigmetrics-planner-calibration-final-v1--d26b964d085df118,3202,lih_vqe,paper,noisy_sim,B5,4,2,safe_change,sha256:dcce0f2d7e1df0def5c593d1e96133c1172d8c93d462f0b54c4830f642cfae90-failure,sha256:41a317b9d14b2548207e056c9f4f8cd5f7ef31e23fc97d03b717084ec21659e4,sha256:8aa9fd73acdbefb930184631c530ac1ad4750da95e7359345a133016be010a68,sha256:f153a653cabcc0d3e38fb1af8137fb44b49a89a01ef79eb6e01d15143d6b4d75,sha256:87649c501aec19d7749c2bacc5a3ff99422526b98a529082342d326373310303,ibm_kyiv,ibm_kyiv,replay,replay:ibm_kyiv,ibm_kyiv,ibm_kyiv->ibm_kyiv,True,,1,1,0.1,0.02,controlled scenario descriptor,0.00020000000000000017,0.006666666666666672,derived recovery-time saved/current backend evidence,0,derived recovery-time saved/current backend identity,1,controlled scenario environment,0.011000000000000001,0.0023333333333333353,0.0,0.0,0.013333333333333336,True,True,cf-46d4f1a4a077c40cf992,1.4803711461119917e-05,0.0016298327472129837,0.0007183378247797089,True,True,True,1,1,1,0,6144,168,noisy_sim,9,4,5120,4,0,0.5,4,4,0.08425072438902514,0.6282929598752568,0.07507462799275672,0.40606582382208206,20,0.085,1,qubit_wise_commuting,8,12288,1536.0,1536,20,0,40,5,entangling_ry_rz_brickwork,1.637598244017144,0.7623697916666666,0.0016,0.0105,0.018,0.001616,0.010605000000000002,0.018179999999999998,1.5999999999999955e-05,0.00010500000000000093,0.0001799999999999996,1.0,1.0,replay,ibm_kyiv,0.0003010000000000005
sha256:dd993ae47279ba03f83d89e27f7521bc1957839c6c63c91eebeee6a68b8c50f7,planner_calibration_3201_3208,planner_calibration,sigmetrics-planner-calibration-final-v1,sha256:e6a06faed51f4ea9d810727b1ea3911d1b8a4fb2958afda0cd601ccaed306d7a,sigmetrics-planner-calibration-final-v1--ce006bb0650a82cb,3203,qaoa_maxcut,paper,noisy_sim,B5,4,2,cross_backend,sha256:dd993ae47279ba03f83d89e27f7521bc1957839c6c63c91eebeee6a68b8c50f7-failure,sha256:92df84f421dd69a4cbd7d0b1a61f59b3c2df26506445f3c026dce703e321a424,sha256:3e961724e06d6d711a9338896a03f47484a702bab4903cdf8ef8771396da980d,sha256:b8c94dadcfefd358a0915470a4fcf21397130942d687be7c1144ae9b7636f1c6,sha256:5deff7b060a17d74b374625c582df842062cb534c626a7789ffaad58a87d5138,ibm_kyiv,ibm_brisbane,migrate,migrate:ibm_brisbane,ibm_brisbane,ibm_kyiv->ibm_brisbane,True,,1,1,0.0,0.0,controlled scenario descriptor,0.007,0.23333333333333334,derived recovery-time saved/current backend evidence,1,derived recovery-time saved/current backend identity,1,controlled scenario environment,0.0,0.08166666666666667,0.1,0.0,0.18166666666666667,True,True,cf-72fb497df7d98b8dbeb2,0.8973285933880444,0.18459493555981668,1.4874060763501933,False,False,False,0,0,0,1,16512,40,noisy_sim,9,1,4128,0,0,1.0,4,4,1.8081763486851266,9.038881090601759,3.4600443825110014,7.393692996354743,4,0.12,1,qubit_wise_commuting,1,4128,4128.0,4128,4,0,10,6,qaoa_maxcut,5.4523471208138155,0.12257751937984496,0.0016,0.0105,0.018,0.0021,0.014,0.024,0.0004999999999999998,0.0034999999999999996,0.006000000000000002,1.0,1.0,migrate,ibm_brisbane,0.010000000000000002
sha256:dd993ae47279ba03f83d89e27f7521bc1957839c6c63c91eebeee6a68b8c50f7,planner_calibration_3201_3208,planner_calibration,sigmetrics-planner-calibration-final-v1,sha256:e6a06faed51f4ea9d810727b1ea3911d1b8a4fb2958afda0cd601ccaed306d7a,sigmetrics-planner-calibration-final-v1--ce006bb0650a82cb,3203,qaoa_maxcut,paper,noisy_sim,B5,4,2,cross_backend,sha256:dd993ae47279ba03f83d89e27f7521bc1957839c6c63c91eebeee6a68b8c50f7-failure,sha256:92df84f421dd69a4cbd7d0b1a61f59b3c2df26506445f3c026dce703e321a424,sha256:3e961724e06d6d711a9338896a03f47484a702bab4903cdf8ef8771396da980d,sha256:b8c94dadcfefd358a0915470a4fcf21397130942d687be7c1144ae9b7636f1c6,sha256:5deff7b060a17d74b374625c582df842062cb534c626a7789ffaad58a87d5138,ibm_kyiv,ibm_sherbrooke,migrate,migrate:ibm_sherbrooke,ibm_sherbrooke,ibm_kyiv->ibm_sherbrooke,True,,1,1,0.0,0.0,controlled scenario descriptor,0.0018999999999999998,0.06333333333333332,derived recovery-time saved/current backend evidence,1,derived recovery-time saved/current backend identity,1,controlled scenario environment,0.0,0.02216666666666666,0.1,0.0,0.12216666666666667,True,True,cf-171bd4c64542ef069574,0.7743191478293552,0.15219742031627376,0.4791221117205985,False,True,False,0,1,0,1,16512,40,noisy_sim,9,1,4128,0,0,1.0,4,4,1.8081763486851266,9.038881090601759,3.4600443825110014,7.393692996354743,4,0.12,1,qubit_wise_commuting,1,4128,4128.0,4128,4,0,10,6,qaoa_maxcut,5.4523471208138155,0.12257751937984496,0.0016,0.0105,0.018,0.0012,0.0095,0.017,0.0004000000000000002,0.0010000000000000009,0.0009999999999999974,1.0,1.0,migrate,ibm_sherbrooke,0.0023999999999999985
sha256:e2af3a2605c73ca2336a1b69daff81f14fc1aaf0f67b10ab240e1c331c7b6658,planner_calibration_3201_3208,planner_calibration,sigmetrics-planner-calibration-final-v1,sha256:e6a06faed51f4ea9d810727b1ea3911d1b8a4fb2958afda0cd601ccaed306d7a,sigmetrics-planner-calibration-final-v1--c077fe7a4ce0ba95,3207,h2_vqe,paper,noisy_sim,B5,4,2,cross_backend,sha256:e2af3a2605c73ca2336a1b69daff81f14fc1aaf0f67b10ab240e1c331c7b6658-failure,sha256:3ac6d55d876f270871513157dcbc7e9a3aa9efd9ac8e8870687145bcc8c49c96,sha256:3e961724e06d6d711a9338896a03f47484a702bab4903cdf8ef8771396da980d,sha256:465cf8190aa72910b114108c272f86151fcf7f7906fe7d9023fc8db000a97506,sha256:1537c3183f55602e49e8a524f603a13c8512d427c27a39ff6b0482de0e28380d,ibm_kyiv,ibm_brisbane,migrate,migrate:ibm_brisbane,ibm_brisbane,ibm_kyiv->ibm_brisbane,True,,1,1,0.0,0.0,controlled scenario descriptor,0.007,0.23333333333333334,derived recovery-time saved/current backend evidence,1,derived recovery-time saved/current backend identity,1,controlled scenario environment,0.0,0.08166666666666667,0.1,0.0,0.18166666666666667,True,True,cf-83445f185fe7afedc23f,0.010116025341851298,0.037234419881080866,0.009792041241325506,False,False,False,0,0,0,1,4992,104,noisy_sim,9,3,2976,4,0,0.42857142857142855,4,4,0.06374967188126046,0.35588426269511964,0.06949420903304539,0.23825478883452927,12,0.105,1,qubit_wise_commuting,7,8736,1248.0,1248,12,0,24,4,entangling_ry_rz_brickwork,1.0852529303149812,0.8341346153846154,0.0016,0.0105,0.018,0.0021,0.014,0.024,0.0004999999999999998,0.0034999999999999996,0.006000000000000002,1.0,1.0,migrate,ibm_brisbane,0.010000000000000002
sha256:e2af3a2605c73ca2336a1b69daff81f14fc1aaf0f67b10ab240e1c331c7b6658,planner_calibration_3201_3208,planner_calibration,sigmetrics-planner-calibration-final-v1,sha256:e6a06faed51f4ea9d810727b1ea3911d1b8a4fb2958afda0cd601ccaed306d7a,sigmetrics-planner-calibration-final-v1--c077fe7a4ce0ba95,3207,h2_vqe,paper,noisy_sim,B5,4,2,cross_backend,sha256:e2af3a2605c73ca2336a1b69daff81f14fc1aaf0f67b10ab240e1c331c7b6658-failure,sha256:3ac6d55d876f270871513157dcbc7e9a3aa9efd9ac8e8870687145bcc8c49c96,sha256:3e961724e06d6d711a9338896a03f47484a702bab4903cdf8ef8771396da980d,sha256:465cf8190aa72910b114108c272f86151fcf7f7906fe7d9023fc8db000a97506,sha256:1537c3183f55602e49e8a524f603a13c8512d427c27a39ff6b0482de0e28380d,ibm_kyiv,ibm_sherbrooke,migrate,migrate:ibm_sherbrooke,ibm_sherbrooke,ibm_kyiv->ibm_sherbrooke,True,,1,1,0.0,0.0,controlled scenario descriptor,0.0018999999999999998,0.06333333333333332,derived recovery-time saved/current backend evidence,1,derived recovery-time saved/current backend identity,1,controlled scenario environment,0.0,0.02216666666666666,0.1,0.0,0.12216666666666667,True,True,cf-8c618304ebe13401a0a2,0.005113331115756292,0.02881932767479843,0.004340270844209882,False,False,False,0,0,0,1,4992,104,noisy_sim,9,3,2976,4,0,0.42857142857142855,4,4,0.06374967188126046,0.35588426269511964,0.06949420903304539,0.23825478883452927,12,0.105,1,qubit_wise_commuting,7,8736,1248.0,1248,12,0,24,4,entangling_ry_rz_brickwork,1.0852529303149812,0.8341346153846154,0.0016,0.0105,0.018,0.0012,0.0095,0.017,0.0004000000000000002,0.0010000000000000009,0.0009999999999999974,1.0,1.0,migrate,ibm_sherbrooke,0.0023999999999999985
sha256:e6add1e31c3a50cfcc9b82c5eb9c97bd82f02a7860c825c3cafb236d65896ba6,planner_calibration_3201_3208,planner_calibration,sigmetrics-planner-calibration-final-v1,sha256:e6a06faed51f4ea9d810727b1ea3911d1b8a4fb2958afda0cd601ccaed306d7a,sigmetrics-planner-calibration-final-v1--d8aac08d8bf6025a,3206,qaoa_maxcut,paper,noisy_sim,B5,4,2,cross_backend,sha256:e6add1e31c3a50cfcc9b82c5eb9c97bd82f02a7860c825c3cafb236d65896ba6-failure,sha256:3e81e1d6c8de361668e36bd56b4d7e31b1016224ed55861afa53c5f98700c70e,sha256:3e961724e06d6d711a9338896a03f47484a702bab4903cdf8ef8771396da980d,sha256:b8c94dadcfefd358a0915470a4fcf21397130942d687be7c1144ae9b7636f1c6,sha256:48bb88d9e5ec973b920d95e61889c229b74bc30db4b9421384c5599698ec1260,ibm_kyiv,ibm_brisbane,migrate,migrate:ibm_brisbane,ibm_brisbane,ibm_kyiv->ibm_brisbane,True,,1,1,0.0,0.0,controlled scenario descriptor,0.007,0.23333333333333334,derived recovery-time saved/current backend evidence,1,derived recovery-time saved/current backend identity,1,controlled scenario environment,0.0,0.08166666666666667,0.1,0.0,0.18166666666666667,True,True,cf-e96037e8b0898f12dcaa,0.12782092807085732,0.04583702356160215,0.9066526477215563,False,False,False,0,0,0,1,16512,40,noisy_sim,9,1,4128,0,0,1.0,4,4,2.542464911220978,8.082579638887832,3.6323456151097853,6.295761213828399,4,0.12,1,qubit_wise_commuting,1,4128,4128.0,4128,4,0,10,6,qaoa_maxcut,5.7535453202464515,0.07146317829457365,0.0016,0.0105,0.018,0.0021,0.014,0.024,0.0004999999999999998,0.0034999999999999996,0.006000000000000002,1.0,1.0,migrate,ibm_brisbane,0.010000000000000002
sha256:e6add1e31c3a50cfcc9b82c5eb9c97bd82f02a7860c825c3cafb236d65896ba6,planner_calibration_3201_3208,planner_calibration,sigmetrics-planner-calibration-final-v1,sha256:e6a06faed51f4ea9d810727b1ea3911d1b8a4fb2958afda0cd601ccaed306d7a,sigmetrics-planner-calibration-final-v1--d8aac08d8bf6025a,3206,qaoa_maxcut,paper,noisy_sim,B5,4,2,cross_backend,sha256:e6add1e31c3a50cfcc9b82c5eb9c97bd82f02a7860c825c3cafb236d65896ba6-failure,sha256:3e81e1d6c8de361668e36bd56b4d7e31b1016224ed55861afa53c5f98700c70e,sha256:3e961724e06d6d711a9338896a03f47484a702bab4903cdf8ef8771396da980d,sha256:b8c94dadcfefd358a0915470a4fcf21397130942d687be7c1144ae9b7636f1c6,sha256:48bb88d9e5ec973b920d95e61889c229b74bc30db4b9421384c5599698ec1260,ibm_kyiv,ibm_sherbrooke,migrate,migrate:ibm_sherbrooke,ibm_sherbrooke,ibm_kyiv->ibm_sherbrooke,True,,1,1,0.0,0.0,controlled scenario descriptor,0.0018999999999999998,0.06333333333333332,derived recovery-time saved/current backend evidence,1,derived recovery-time saved/current backend identity,1,controlled scenario environment,0.0,0.02216666666666666,0.1,0.0,0.12216666666666667,True,True,cf-ff0429b3c063152e1f78,0.16258169180946602,0.056653394699478735,0.3513321094642928,False,False,False,0,0,0,1,16512,40,noisy_sim,9,1,4128,0,0,1.0,4,4,2.542464911220978,8.082579638887832,3.6323456151097853,6.295761213828399,4,0.12,1,qubit_wise_commuting,1,4128,4128.0,4128,4,0,10,6,qaoa_maxcut,5.7535453202464515,0.07146317829457365,0.0016,0.0105,0.018,0.0012,0.0095,0.017,0.0004000000000000002,0.0010000000000000009,0.0009999999999999974,1.0,1.0,migrate,ibm_sherbrooke,0.0023999999999999985
sha256:e94653522b3e3dbc312725121d0b90d1662e35804d9b823941704819a9ebe192,planner_calibration_3201_3208,planner_calibration,sigmetrics-planner-calibration-final-v1,sha256:e6a06faed51f4ea9d810727b1ea3911d1b8a4fb2958afda0cd601ccaed306d7a,sigmetrics-planner-calibration-final-v1--ab81d81eb375cd62,3202,h2_vqe,paper,noisy_sim,B5,4,2,safe_change,sha256:e94653522b3e3dbc312725121d0b90d1662e35804d9b823941704819a9ebe192-failure,sha256:9ef26cb9df71a0614ffdd05c1da8ab2a324986c9cea9c271623972b6c2e59790,sha256:8aa9fd73acdbefb930184631c530ac1ad4750da95e7359345a133016be010a68,sha256:9c8d84160a37684a330c5e86489f096e08f5be515d75b7d3faace12218e4c75a,sha256:4b07ada5a167618d84482a8bbe39d1d6e88c37839fdc2c989dcf26064440fd9f,ibm_kyiv,ibm_kyiv,replay,replay:ibm_kyiv,ibm_kyiv,ibm_kyiv->ibm_kyiv,True,,1,1,0.1,0.02,controlled scenario descriptor,0.00020000000000000017,0.006666666666666672,derived recovery-time saved/current backend evidence,0,derived recovery-time saved/current backend identity,1,controlled scenario environment,0.011000000000000001,0.0023333333333333353,0.0,0.0,0.013333333333333336,True,True,cf-29e9f98bc20c7765fb95,0.0002937653113455063,0.0038128750311667093,0.00035255748139823966,True,True,True,1,1,1,0,4992,104,noisy_sim,9,3,2976,4,0,0.42857142857142855,4,4,0.09478762198656088,0.45584298395901934,0.07876767850603342,0.33181023888040095,12,0.105,1,qubit_wise_commuting,7,8736,1248.0,1248,12,0,24,4,entangling_ry_rz_brickwork,0.9407904513471905,0.8653846153846154,0.0016,0.0105,0.018,0.001616,0.010605000000000002,0.018179999999999998,1.5999999999999955e-05,0.00010500000000000093,0.0001799999999999996,1.0,1.0,replay,ibm_kyiv,0.0003010000000000005
sha256:ea4b2879ff3d0778683e7665ce0378894acbc71d8762d371ad626b2e6ffbc957,planner_calibration_3201_3208,planner_calibration,sigmetrics-planner-calibration-final-v1,sha256:e6a06faed51f4ea9d810727b1ea3911d1b8a4fb2958afda0cd601ccaed306d7a,sigmetrics-planner-calibration-final-v1--1261d9787c7b0fa6,3208,lih_vqe,paper,noisy_sim,B5,4,2,safe_change,sha256:ea4b2879ff3d0778683e7665ce0378894acbc71d8762d371ad626b2e6ffbc957-failure,sha256:3a1d5db8272d9f6fbad49deb94e58fb052608c352e84d85a8656e517face80c9,sha256:8aa9fd73acdbefb930184631c530ac1ad4750da95e7359345a133016be010a68,sha256:f153a653cabcc0d3e38fb1af8137fb44b49a89a01ef79eb6e01d15143d6b4d75,sha256:348e9daebd4a4697498664b0ae1f437dbace4a063519b09eea40b7bce0fa8d76,ibm_kyiv,ibm_kyiv,replay,replay:ibm_kyiv,ibm_kyiv,ibm_kyiv->ibm_kyiv,True,,1,1,0.1,0.02,controlled scenario descriptor,0.00020000000000000017,0.006666666666666672,derived recovery-time saved/current backend evidence,0,derived recovery-time saved/current backend identity,1,controlled scenario environment,0.011000000000000001,0.0023333333333333353,0.0,0.0,0.013333333333333336,True,True,cf-f2956e46e1d6c97c454f,4.9713625939418193e-05,0.0012954772133232165,0.0006792839282795803,True,True,True,1,1,1,0,6144,168,noisy_sim,9,4,5120,4,0,0.5,4,4,0.08882639129214098,0.6107391663059288,0.06608345735153985,0.4201181202869818,20,0.085,1,qubit_wise_commuting,8,12288,1536.0,1536,20,0,40,5,entangling_ry_rz_brickwork,1.3937094986767222,0.810546875,0.0016,0.0105,0.018,0.001616,0.010605000000000002,0.018179999999999998,1.5999999999999955e-05,0.00010500000000000093,0.0001799999999999996,1.0,1.0,replay,ibm_kyiv,0.0003010000000000005
sha256:ecef916df62fb183914a2a9182338bfd8076268f09b9adcffbb43f402833241d,planner_calibration_3201_3208,planner_calibration,sigmetrics-planner-calibration-final-v1,sha256:e6a06faed51f4ea9d810727b1ea3911d1b8a4fb2958afda0cd601ccaed306d7a,sigmetrics-planner-calibration-final-v1--39ba5327a545dfb6,3207,lih_vqe,paper,noisy_sim,B5,4,2,high_change,sha256:ecef916df62fb183914a2a9182338bfd8076268f09b9adcffbb43f402833241d-failure,sha256:28c8ea428fea21f1b41530db56f8e043597dfd61c230af798406433aca22a331,sha256:2b6db34aacbffdb427c6a86493c0c97d7fa901154c9c190f56705a55a8d2a0ee,sha256:5d8943b74edf54b19c3d0d4493eca8c11e5671bf89d76b8f3b4c56d6f9edfee2,sha256:9b2ded6beda4d1c1ab4c8af413d4aad68e6f8b4d30f1262ac088b33d511cdd4a,ibm_kyiv,ibm_brisbane,migrate,migrate:ibm_brisbane,ibm_brisbane,ibm_kyiv->ibm_brisbane,True,,1,1,6.0,1.0,controlled scenario descriptor,0.023860000000000006,0.7953333333333336,derived recovery-time saved/current backend evidence,1,derived recovery-time saved/current backend identity,1,controlled scenario environment,0.55,0.2783666666666667,0.1,0.0,0.9283666666666667,True,True,cf-ceb3a190987f1745d6f6,0.009573221119945075,0.14387943820584867,0.07773990910195,False,False,False,0,0,0,1,6144,168,noisy_sim,9,4,5120,4,0,0.5,4,4,0.07945046398903077,0.6023106832048946,0.07254746524202499,0.3889754678576354,20,0.085,1,qubit_wise_commuting,8,12288,1536.0,1536,20,0,40,5,entangling_ry_rz_brickwork,1.6065989214985639,0.7630208333333334,0.0016,0.0105,0.018,0.00336,0.022400000000000003,0.038400000000000004,0.00176,0.011900000000000003,0.020400000000000005,1.0,1.0,migrate,ibm_brisbane,0.03406000000000001
sha256:ecef916df62fb183914a2a9182338bfd8076268f09b9adcffbb43f402833241d,planner_calibration_3201_3208,planner_calibration,sigmetrics-planner-calibration-final-v1,sha256:e6a06faed51f4ea9d810727b1ea3911d1b8a4fb2958afda0cd601ccaed306d7a,sigmetrics-planner-calibration-final-v1--39ba5327a545dfb6,3207,lih_vqe,paper,noisy_sim,B5,4,2,high_change,sha256:ecef916df62fb183914a2a9182338bfd8076268f09b9adcffbb43f402833241d-failure,sha256:28c8ea428fea21f1b41530db56f8e043597dfd61c230af798406433aca22a331,sha256:2b6db34aacbffdb427c6a86493c0c97d7fa901154c9c190f56705a55a8d2a0ee,sha256:5d8943b74edf54b19c3d0d4493eca8c11e5671bf89d76b8f3b4c56d6f9edfee2,sha256:9b2ded6beda4d1c1ab4c8af413d4aad68e6f8b4d30f1262ac088b33d511cdd4a,ibm_kyiv,ibm_kyiv,replay,replay:ibm_kyiv,ibm_kyiv,ibm_kyiv->ibm_kyiv,True,,1,1,8.0,1.0,controlled scenario descriptor,0.016,0.5333333333333333,derived recovery-time saved/current backend evidence,0,derived recovery-time saved/current backend identity,1,controlled scenario environment,0.55,0.18666666666666665,0.0,0.0,0.7366666666666667,True,True,cf-71ec0272c20fc7a5a713,0.0067759989727651515,0.12570707021618271,0.056015440492940105,False,False,False,0,0,0,1,6144,168,noisy_sim,9,4,5120,4,0,0.5,4,4,0.07945046398903077,0.6023106832048946,0.07254746524202499,0.3889754678576354,20,0.085,1,qubit_wise_commuting,8,12288,1536.0,1536,20,0,40,5,entangling_ry_rz_brickwork,1.6065989214985639,0.7630208333333334,0.0016,0.0105,0.018,0.00288,0.0189,0.0324,0.00128,0.0084,0.0144,1.0,1.0,replay,ibm_kyiv,0.024079999999999997
sha256:efb5db973567d5fb4ee1ebc4d67338b839348270c29c3423e1aa0955cecf450e,planner_calibration_3201_3208,planner_calibration,sigmetrics-planner-calibration-final-v1,sha256:e6a06faed51f4ea9d810727b1ea3911d1b8a4fb2958afda0cd601ccaed306d7a,sigmetrics-planner-calibration-final-v1--b4e4d94777eb0b77,3202,lih_vqe,paper,noisy_sim,B5,4,2,cross_backend,sha256:efb5db973567d5fb4ee1ebc4d67338b839348270c29c3423e1aa0955cecf450e-failure,sha256:41a317b9d14b2548207e056c9f4f8cd5f7ef31e23fc97d03b717084ec21659e4,sha256:3e961724e06d6d711a9338896a03f47484a702bab4903cdf8ef8771396da980d,sha256:90a6fc287341ee3482d2a787f7389b00e56a0ec391204063de2bd98be7b5816e,sha256:fcff1e75744eb1cb05890528210fb214682ae66144a1f9c4edb3fbea3ccc7a58,ibm_kyiv,ibm_brisbane,migrate,migrate:ibm_brisbane,ibm_brisbane,ibm_kyiv->ibm_brisbane,True,,1,1,0.0,0.0,controlled scenario descriptor,0.007,0.23333333333333334,derived recovery-time saved/current backend evidence,1,derived recovery-time saved/current backend identity,1,controlled scenario environment,0.0,0.08166666666666667,0.1,0.0,0.18166666666666667,True,True,cf-aa0a2ce6920776d11b9a,0.0004211654270305232,0.07793802723720489,0.023181466929475755,False,False,False,0,0,0,1,6144,168,noisy_sim,9,4,5120,4,0,0.5,4,4,0.08425072438902514,0.6282929598752568,0.07507462799275672,0.40606582382208206,20,0.085,1,qubit_wise_commuting,8,12288,1536.0,1536,20,0,40,5,entangling_ry_rz_brickwork,1.637598244017144,0.7623697916666666,0.0016,0.0105,0.018,0.0021,0.014,0.024,0.0004999999999999998,0.0034999999999999996,0.006000000000000002,1.0,1.0,migrate,ibm_brisbane,0.010000000000000002
sha256:efb5db973567d5fb4ee1ebc4d67338b839348270c29c3423e1aa0955cecf450e,planner_calibration_3201_3208,planner_calibration,sigmetrics-planner-calibration-final-v1,sha256:e6a06faed51f4ea9d810727b1ea3911d1b8a4fb2958afda0cd601ccaed306d7a,sigmetrics-planner-calibration-final-v1--b4e4d94777eb0b77,3202,lih_vqe,paper,noisy_sim,B5,4,2,cross_backend,sha256:efb5db973567d5fb4ee1ebc4d67338b839348270c29c3423e1aa0955cecf450e-failure,sha256:41a317b9d14b2548207e056c9f4f8cd5f7ef31e23fc97d03b717084ec21659e4,sha256:3e961724e06d6d711a9338896a03f47484a702bab4903cdf8ef8771396da980d,sha256:90a6fc287341ee3482d2a787f7389b00e56a0ec391204063de2bd98be7b5816e,sha256:fcff1e75744eb1cb05890528210fb214682ae66144a1f9c4edb3fbea3ccc7a58,ibm_kyiv,ibm_sherbrooke,migrate,migrate:ibm_sherbrooke,ibm_sherbrooke,ibm_kyiv->ibm_sherbrooke,True,,1,1,0.0,0.0,controlled scenario descriptor,0.0018999999999999998,0.06333333333333332,derived recovery-time saved/current backend evidence,1,derived recovery-time saved/current backend identity,1,controlled scenario environment,0.0,0.02216666666666666,0.1,0.0,0.12216666666666667,True,True,cf-ed4e7e58e95dbaa72438,0.0003192942393601683,0.045620739555145624,0.010618677197128322,False,False,False,0,0,0,1,6144,168,noisy_sim,9,4,5120,4,0,0.5,4,4,0.08425072438902514,0.6282929598752568,0.07507462799275672,0.40606582382208206,20,0.085,1,qubit_wise_commuting,8,12288,1536.0,1536,20,0,40,5,entangling_ry_rz_brickwork,1.637598244017144,0.7623697916666666,0.0016,0.0105,0.018,0.0012,0.0095,0.017,0.0004000000000000002,0.0010000000000000009,0.0009999999999999974,1.0,1.0,migrate,ibm_sherbrooke,0.0023999999999999985
sha256:f0bd500b72a8c7e82d988fb9a5d27dcd090d73fcdea32af2563b0b048649e6b1,planner_calibration_3201_3208,planner_calibration,sigmetrics-planner-calibration-final-v1,sha256:e6a06faed51f4ea9d810727b1ea3911d1b8a4fb2958afda0cd601ccaed306d7a,sigmetrics-planner-calibration-final-v1--c8c67c6a35cd5e7b,3202,qaoa_maxcut,paper,noisy_sim,B5,4,2,cross_backend,sha256:f0bd500b72a8c7e82d988fb9a5d27dcd090d73fcdea32af2563b0b048649e6b1-failure,sha256:462103aa9c00b90c1cfad5c4b7381b3ffd86adaf022f3c5ef08430a0c033bc7c,sha256:3e961724e06d6d711a9338896a03f47484a702bab4903cdf8ef8771396da980d,sha256:b8c94dadcfefd358a0915470a4fcf21397130942d687be7c1144ae9b7636f1c6,sha256:a1d7fbda4d0e3aa05740974a9446501c1e4da84af22a4b69caed803f5226ab04,ibm_kyiv,ibm_brisbane,migrate,migrate:ibm_brisbane,ibm_brisbane,ibm_kyiv->ibm_brisbane,True,,1,1,0.0,0.0,controlled scenario descriptor,0.007,0.23333333333333334,derived recovery-time saved/current backend evidence,1,derived recovery-time saved/current backend identity,1,controlled scenario environment,0.0,0.08166666666666667,0.1,0.0,0.18166666666666667,True,True,cf-daea3145adb4bac9123b,0.12854911220779996,0.11649068276592874,1.5662594676256465,False,False,False,0,0,0,1,16128,40,noisy_sim,9,1,4032,0,0,1.0,4,4,1.3226390242737498,5.933182071298674,2.845374735559826,3.7284657297019232,4,0.12,1,qubit_wise_commuting,1,4032,4032.0,4032,4,0,10,6,qaoa_maxcut,5.612587539937337,0.10044642857142858,0.0016,0.0105,0.018,0.0021,0.014,0.024,0.0004999999999999998,0.0034999999999999996,0.006000000000000002,1.0,1.0,migrate,ibm_brisbane,0.010000000000000002
sha256:f0bd500b72a8c7e82d988fb9a5d27dcd090d73fcdea32af2563b0b048649e6b1,planner_calibration_3201_3208,planner_calibration,sigmetrics-planner-calibration-final-v1,sha256:e6a06faed51f4ea9d810727b1ea3911d1b8a4fb2958afda0cd601ccaed306d7a,sigmetrics-planner-calibration-final-v1--c8c67c6a35cd5e7b,3202,qaoa_maxcut,paper,noisy_sim,B5,4,2,cross_backend,sha256:f0bd500b72a8c7e82d988fb9a5d27dcd090d73fcdea32af2563b0b048649e6b1-failure,sha256:462103aa9c00b90c1cfad5c4b7381b3ffd86adaf022f3c5ef08430a0c033bc7c,sha256:3e961724e06d6d711a9338896a03f47484a702bab4903cdf8ef8771396da980d,sha256:b8c94dadcfefd358a0915470a4fcf21397130942d687be7c1144ae9b7636f1c6,sha256:a1d7fbda4d0e3aa05740974a9446501c1e4da84af22a4b69caed803f5226ab04,ibm_kyiv,ibm_sherbrooke,migrate,migrate:ibm_sherbrooke,ibm_sherbrooke,ibm_kyiv->ibm_sherbrooke,True,,1,1,0.0,0.0,controlled scenario descriptor,0.0018999999999999998,0.06333333333333332,derived recovery-time saved/current backend evidence,1,derived recovery-time saved/current backend identity,1,controlled scenario environment,0.0,0.02216666666666666,0.1,0.0,0.12216666666666667,True,True,cf-88e2b6555a32633ee08e,0.0032030364283315294,0.0657374489230701,0.5767363042032614,False,True,False,0,1,0,1,16128,40,noisy_sim,9,1,4032,0,0,1.0,4,4,1.3226390242737498,5.933182071298674,2.845374735559826,3.7284657297019232,4,0.12,1,qubit_wise_commuting,1,4032,4032.0,4032,4,0,10,6,qaoa_maxcut,5.612587539937337,0.10044642857142858,0.0016,0.0105,0.018,0.0012,0.0095,0.017,0.0004000000000000002,0.0010000000000000009,0.0009999999999999974,1.0,1.0,migrate,ibm_sherbrooke,0.0023999999999999985
sha256:f0e07e955886890be46b86c2dfbb25c3d50949ed4f57b87fd0c085326b4efe75,planner_calibration_3201_3208,planner_calibration,sigmetrics-planner-calibration-final-v1,sha256:e6a06faed51f4ea9d810727b1ea3911d1b8a4fb2958afda0cd601ccaed306d7a,sigmetrics-planner-calibration-final-v1--7d9630f8899b9d4a,3206,adapt_vqe,paper,noisy_sim,B6,4,2,cross_backend,sha256:f0e07e955886890be46b86c2dfbb25c3d50949ed4f57b87fd0c085326b4efe75-failure,sha256:c3de09b7a5a382445908e40a757e13e281af56e292db3e369fb274f96354491a,sha256:3e961724e06d6d711a9338896a03f47484a702bab4903cdf8ef8771396da980d,sha256:d0f32e9d96569c4332b1ff1180ee97229e197978db70d9db9dea249da627b2b0,sha256:c18ce44567e91eb84673711d3c49b3aef4d541b4d41d27cfcea8f2d29516fa8a,ibm_kyiv,ibm_brisbane,migrate,migrate:ibm_brisbane,ibm_brisbane,ibm_kyiv->ibm_brisbane,True,,1,1,0.0,0.0,controlled scenario descriptor,0.007,0.23333333333333334,derived recovery-time saved/current backend evidence,1,derived recovery-time saved/current backend identity,1,controlled scenario environment,0.0,0.08166666666666667,0.1,0.0,0.18166666666666667,True,True,cf-d3937931d6bc3fa6b012,0.0019118660233523599,0.0737665213941845,0.00186615132386842,False,False,False,0,0,0,1,4352,56,noisy_sim,15,0,0,8,0,0.0,4,4,0.0017328805256431323,0.08958551097808479,0.025821453548666884,0.07602590082128478,6,0.08,1,qubit_wise_commuting,8,8704,1088.0,1088,6,6,40,5,adapt_pauli_pool,0.6819574762582196,0.90625,0.0016,0.0105,0.018,0.0021,0.014,0.024,0.0004999999999999998,0.0034999999999999996,0.006000000000000002,1.0,1.0,migrate,ibm_brisbane,0.010000000000000002
sha256:f0e07e955886890be46b86c2dfbb25c3d50949ed4f57b87fd0c085326b4efe75,planner_calibration_3201_3208,planner_calibration,sigmetrics-planner-calibration-final-v1,sha256:e6a06faed51f4ea9d810727b1ea3911d1b8a4fb2958afda0cd601ccaed306d7a,sigmetrics-planner-calibration-final-v1--7d9630f8899b9d4a,3206,adapt_vqe,paper,noisy_sim,B6,4,2,cross_backend,sha256:f0e07e955886890be46b86c2dfbb25c3d50949ed4f57b87fd0c085326b4efe75-failure,sha256:c3de09b7a5a382445908e40a757e13e281af56e292db3e369fb274f96354491a,sha256:3e961724e06d6d711a9338896a03f47484a702bab4903cdf8ef8771396da980d,sha256:d0f32e9d96569c4332b1ff1180ee97229e197978db70d9db9dea249da627b2b0,sha256:c18ce44567e91eb84673711d3c49b3aef4d541b4d41d27cfcea8f2d29516fa8a,ibm_kyiv,ibm_sherbrooke,migrate,migrate:ibm_sherbrooke,ibm_sherbrooke,ibm_kyiv->ibm_sherbrooke,True,,1,1,0.0,0.0,controlled scenario descriptor,0.0018999999999999998,0.06333333333333332,derived recovery-time saved/current backend evidence,1,derived recovery-time saved/current backend identity,1,controlled scenario environment,0.0,0.02216666666666666,0.1,0.0,0.12216666666666667,True,True,cf-9c2e9205226d17ec8a1c,0.0006937699808640119,0.009456329754688353,0.0014949646982976871,False,False,False,0,0,0,1,4352,56,noisy_sim,15,0,0,8,0,0.0,4,4,0.0017328805256431323,0.08958551097808479,0.025821453548666884,0.07602590082128478,6,0.08,1,qubit_wise_commuting,8,8704,1088.0,1088,6,6,40,5,adapt_pauli_pool,0.6819574762582196,0.90625,0.0016,0.0105,0.018,0.0012,0.0095,0.017,0.0004000000000000002,0.0010000000000000009,0.0009999999999999974,1.0,1.0,migrate,ibm_sherbrooke,0.0023999999999999985
sha256:f2f89e2e50961064b78214fc8b983137912330055f43a32a18079f3e49bf454c,planner_calibration_3201_3208,planner_calibration,sigmetrics-planner-calibration-final-v1,sha256:e6a06faed51f4ea9d810727b1ea3911d1b8a4fb2958afda0cd601ccaed306d7a,sigmetrics-planner-calibration-final-v1--70ebbd49e38bd267,3208,h2_vqe,paper,noisy_sim,B5,4,2,high_change,sha256:f2f89e2e50961064b78214fc8b983137912330055f43a32a18079f3e49bf454c-failure,sha256:cdfed1bc36240c8ae4824b934a519053c28481852c7b9be4f778db6b9d08fa9f,sha256:2b6db34aacbffdb427c6a86493c0c97d7fa901154c9c190f56705a55a8d2a0ee,sha256:94e11cf4ea4c74d973b64129cefe2805f81a297533fc0020c3c844df147749e1,sha256:09b372f10603593c631f9f6b691ef10e2d1bc48b8b92de4fe9d5d456de8a3834,ibm_kyiv,ibm_brisbane,migrate,migrate:ibm_brisbane,ibm_brisbane,ibm_kyiv->ibm_brisbane,True,,1,1,6.0,1.0,controlled scenario descriptor,0.023860000000000006,0.7953333333333336,derived recovery-time saved/current backend evidence,1,derived recovery-time saved/current backend identity,1,controlled scenario environment,0.55,0.2783666666666667,0.1,0.0,0.9283666666666667,True,True,cf-f2af80a7814ab1ca7f9e,0.03394583537141127,0.1287329407240535,0.03647236241456473,False,False,False,0,0,0,1,4992,104,noisy_sim,9,3,2976,4,0,0.42857142857142855,4,4,0.046455170287248215,0.3264084925345467,0.06000286114979669,0.27696583613285125,12,0.105,1,qubit_wise_commuting,7,8736,1248.0,1248,12,0,24,4,entangling_ry_rz_brickwork,1.0616927521540047,0.8461538461538461,0.0016,0.0105,0.018,0.00336,0.022400000000000003,0.038400000000000004,0.00176,0.011900000000000003,0.020400000000000005,1.0,1.0,migrate,ibm_brisbane,0.03406000000000001
sha256:f2f89e2e50961064b78214fc8b983137912330055f43a32a18079f3e49bf454c,planner_calibration_3201_3208,planner_calibration,sigmetrics-planner-calibration-final-v1,sha256:e6a06faed51f4ea9d810727b1ea3911d1b8a4fb2958afda0cd601ccaed306d7a,sigmetrics-planner-calibration-final-v1--70ebbd49e38bd267,3208,h2_vqe,paper,noisy_sim,B5,4,2,high_change,sha256:f2f89e2e50961064b78214fc8b983137912330055f43a32a18079f3e49bf454c-failure,sha256:cdfed1bc36240c8ae4824b934a519053c28481852c7b9be4f778db6b9d08fa9f,sha256:2b6db34aacbffdb427c6a86493c0c97d7fa901154c9c190f56705a55a8d2a0ee,sha256:94e11cf4ea4c74d973b64129cefe2805f81a297533fc0020c3c844df147749e1,sha256:09b372f10603593c631f9f6b691ef10e2d1bc48b8b92de4fe9d5d456de8a3834,ibm_kyiv,ibm_kyiv,replay,replay:ibm_kyiv,ibm_kyiv,ibm_kyiv->ibm_kyiv,True,,1,1,8.0,1.0,controlled scenario descriptor,0.016,0.5333333333333333,derived recovery-time saved/current backend evidence,0,derived recovery-time saved/current backend identity,1,controlled scenario environment,0.55,0.18666666666666665,0.0,0.0,0.7366666666666667,True,True,cf-32c3c4e2047538f14054,0.02440429403152211,0.10838903634031902,0.026054862809152358,False,False,False,0,0,0,1,4992,104,noisy_sim,9,3,2976,4,0,0.42857142857142855,4,4,0.046455170287248215,0.3264084925345467,0.06000286114979669,0.27696583613285125,12,0.105,1,qubit_wise_commuting,7,8736,1248.0,1248,12,0,24,4,entangling_ry_rz_brickwork,1.0616927521540047,0.8461538461538461,0.0016,0.0105,0.018,0.00288,0.0189,0.0324,0.00128,0.0084,0.0144,1.0,1.0,replay,ibm_kyiv,0.024079999999999997
sha256:f3530547d62bab1c49cbf91f97b92071ed718424e22bbea44e15ab0de3a15207,planner_calibration_3201_3208,planner_calibration,sigmetrics-planner-calibration-final-v1,sha256:e6a06faed51f4ea9d810727b1ea3911d1b8a4fb2958afda0cd601ccaed306d7a,sigmetrics-planner-calibration-final-v1--445759e689509aa9,3201,adapt_vqe,paper,noisy_sim,B6,4,2,same_backend_delay,sha256:f3530547d62bab1c49cbf91f97b92071ed718424e22bbea44e15ab0de3a15207-failure,sha256:039d2485c374ecc6ba4ef4d9fa8483bd95feab7f92f7b56332040dcb33bb9524,sha256:2b5d5606b48121c83beae64c1c7cabbafc8d4853980e515ebdce93987de444de,sha256:4192599e00839095ce28acc7a17164bae699a252dfbf7ea081f422a6f6b84515,sha256:65cca54cd815646666669204ca7209647acddfd379b054b9648ede3373294292,ibm_kyiv,ibm_sherbrooke,migrate,migrate:ibm_sherbrooke,ibm_sherbrooke,ibm_kyiv->ibm_sherbrooke,True,,1,1,0.0,0.0,controlled scenario descriptor,0.0018999999999999998,0.06333333333333332,derived recovery-time saved/current backend evidence,1,derived recovery-time saved/current backend identity,1,controlled scenario environment,0.0,0.02216666666666666,0.1,0.0,0.12216666666666667,True,True,cf-ca6f1a8e37f7e4455031,0.0007022764689210703,0.007614566627398346,0.0010027726014076256,False,False,False,0,0,0,1,4352,56,noisy_sim,15,0,0,8,0,0.0,4,4,0.001310937038716986,0.07510355018238321,0.02454394749353581,0.04750439008695848,6,0.08,1,qubit_wise_commuting,8,8704,1088.0,1088,6,6,40,5,adapt_pauli_pool,0.6468211968321697,0.9136029411764706,0.0016,0.0105,0.018,0.0012,0.0095,0.017,0.0004000000000000002,0.0010000000000000009,0.0009999999999999974,1.0,1.0,migrate,ibm_sherbrooke,0.0023999999999999985
sha256:f3530547d62bab1c49cbf91f97b92071ed718424e22bbea44e15ab0de3a15207,planner_calibration_3201_3208,planner_calibration,sigmetrics-planner-calibration-final-v1,sha256:e6a06faed51f4ea9d810727b1ea3911d1b8a4fb2958afda0cd601ccaed306d7a,sigmetrics-planner-calibration-final-v1--445759e689509aa9,3201,adapt_vqe,paper,noisy_sim,B6,4,2,same_backend_delay,sha256:f3530547d62bab1c49cbf91f97b92071ed718424e22bbea44e15ab0de3a15207-failure,sha256:039d2485c374ecc6ba4ef4d9fa8483bd95feab7f92f7b56332040dcb33bb9524,sha256:2b5d5606b48121c83beae64c1c7cabbafc8d4853980e515ebdce93987de444de,sha256:4192599e00839095ce28acc7a17164bae699a252dfbf7ea081f422a6f6b84515,sha256:65cca54cd815646666669204ca7209647acddfd379b054b9648ede3373294292,ibm_kyiv,ibm_kyiv,replay,replay:ibm_kyiv,ibm_kyiv,ibm_kyiv->ibm_kyiv,True,,1,1,4.0,0.8,controlled scenario descriptor,0.007999999999999998,0.2666666666666666,derived recovery-time saved/current backend evidence,0,derived recovery-time saved/current backend identity,1,controlled scenario environment,0.44000000000000006,0.09333333333333331,0.0,0.0,0.5333333333333333,True,True,cf-2e62410ddf6315a679e4,0.002355097927495109,0.06305334482017054,0.001603532920010841,False,False,False,0,0,0,1,4352,56,noisy_sim,15,0,0,8,0,0.0,4,4,0.001310937038716986,0.07510355018238321,0.02454394749353581,0.04750439008695848,6,0.08,1,qubit_wise_commuting,8,8704,1088.0,1088,6,6,40,5,adapt_pauli_pool,0.6468211968321697,0.9136029411764706,0.0016,0.0105,0.018,0.00224,0.0147,0.025199999999999997,0.0006399999999999997,0.004199999999999999,0.007199999999999998,1.0,1.0,replay,ibm_kyiv,0.012039999999999997
sha256:f4971230384a1eeec274ce963e6edf0da8a2c695a2becbab0cd84ef73c857eab,planner_calibration_3201_3208,planner_calibration,sigmetrics-planner-calibration-final-v1,sha256:e6a06faed51f4ea9d810727b1ea3911d1b8a4fb2958afda0cd601ccaed306d7a,sigmetrics-planner-calibration-final-v1--ba65a78d4fa87ba0,3203,qaoa_maxcut,paper,noisy_sim,B5,4,2,high_change,sha256:f4971230384a1eeec274ce963e6edf0da8a2c695a2becbab0cd84ef73c857eab-failure,sha256:92df84f421dd69a4cbd7d0b1a61f59b3c2df26506445f3c026dce703e321a424,sha256:2b6db34aacbffdb427c6a86493c0c97d7fa901154c9c190f56705a55a8d2a0ee,sha256:56ebe2ae23f982821e5cb20c223cf12264e80a93b5807dcea8a8ddb40107f761,sha256:ad370b08e352c400ac0493d203ef01ad98e1a7bd5b88b6b7defe3cfdbf4d74e5,ibm_kyiv,ibm_brisbane,migrate,migrate:ibm_brisbane,ibm_brisbane,ibm_kyiv->ibm_brisbane,True,,1,1,6.0,1.0,controlled scenario descriptor,0.023860000000000006,0.7953333333333336,derived recovery-time saved/current backend evidence,1,derived recovery-time saved/current backend identity,1,controlled scenario environment,0.55,0.2783666666666667,0.1,0.0,0.9283666666666667,True,True,cf-0cc2b0ff896efb7f7ec5,1.3626522539822998,0.19040625865059052,1.1281709236091964,False,False,False,0,0,0,1,16512,40,noisy_sim,9,1,4128,0,0,1.0,4,4,1.8081763486851266,9.038881090601759,3.4600443825110014,7.393692996354743,4,0.12,1,qubit_wise_commuting,1,4128,4128.0,4128,4,0,10,6,qaoa_maxcut,5.4523471208138155,0.12257751937984496,0.0016,0.0105,0.018,0.00336,0.022400000000000003,0.038400000000000004,0.00176,0.011900000000000003,0.020400000000000005,1.0,1.0,migrate,ibm_brisbane,0.03406000000000001
sha256:f4971230384a1eeec274ce963e6edf0da8a2c695a2becbab0cd84ef73c857eab,planner_calibration_3201_3208,planner_calibration,sigmetrics-planner-calibration-final-v1,sha256:e6a06faed51f4ea9d810727b1ea3911d1b8a4fb2958afda0cd601ccaed306d7a,sigmetrics-planner-calibration-final-v1--ba65a78d4fa87ba0,3203,qaoa_maxcut,paper,noisy_sim,B5,4,2,high_change,sha256:f4971230384a1eeec274ce963e6edf0da8a2c695a2becbab0cd84ef73c857eab-failure,sha256:92df84f421dd69a4cbd7d0b1a61f59b3c2df26506445f3c026dce703e321a424,sha256:2b6db34aacbffdb427c6a86493c0c97d7fa901154c9c190f56705a55a8d2a0ee,sha256:56ebe2ae23f982821e5cb20c223cf12264e80a93b5807dcea8a8ddb40107f761,sha256:ad370b08e352c400ac0493d203ef01ad98e1a7bd5b88b6b7defe3cfdbf4d74e5,ibm_kyiv,ibm_kyiv,replay,replay:ibm_kyiv,ibm_kyiv,ibm_kyiv->ibm_kyiv,True,,1,1,8.0,1.0,controlled scenario descriptor,0.016,0.5333333333333333,derived recovery-time saved/current backend evidence,0,derived recovery-time saved/current backend identity,1,controlled scenario environment,0.55,0.18666666666666665,0.0,0.0,0.7366666666666667,True,True,cf-06ff0e261cbbcc14c767,1.2374080210896086,0.1625145809236876,0.8920094449916043,False,False,False,0,0,0,1,16512,40,noisy_sim,9,1,4128,0,0,1.0,4,4,1.8081763486851266,9.038881090601759,3.4600443825110014,7.393692996354743,4,0.12,1,qubit_wise_commuting,1,4128,4128.0,4128,4,0,10,6,qaoa_maxcut,5.4523471208138155,0.12257751937984496,0.0016,0.0105,0.018,0.00288,0.0189,0.0324,0.00128,0.0084,0.0144,1.0,1.0,replay,ibm_kyiv,0.024079999999999997
sha256:f8c63376a39d487a9ffbd34137191c43866a462f8788ab76e949a07bd267bc5a,planner_calibration_3201_3208,planner_calibration,sigmetrics-planner-calibration-final-v1,sha256:e6a06faed51f4ea9d810727b1ea3911d1b8a4fb2958afda0cd601ccaed306d7a,sigmetrics-planner-calibration-final-v1--0b2c9e0fa53cb5c1,3208,adapt_vqe,paper,noisy_sim,B6,4,2,safe_change,sha256:f8c63376a39d487a9ffbd34137191c43866a462f8788ab76e949a07bd267bc5a-failure,sha256:90426d03c5eb258970bb9640ac37ce07cacb48895e3b09466137721e96ae481f,sha256:8aa9fd73acdbefb930184631c530ac1ad4750da95e7359345a133016be010a68,sha256:317388e5b80af87428f1e3602de3fe41a034feeaea8d9419e01d1d16750e21ef,sha256:266ff34470afc90b5639f320189f3ef2ee5d8e012db992215474973491d2d3a4,ibm_kyiv,ibm_kyiv,replay,replay:ibm_kyiv,ibm_kyiv,ibm_kyiv->ibm_kyiv,True,,1,1,0.1,0.02,controlled scenario descriptor,0.00020000000000000017,0.006666666666666672,derived recovery-time saved/current backend evidence,0,derived recovery-time saved/current backend identity,1,controlled scenario environment,0.011000000000000001,0.0023333333333333353,0.0,0.0,0.013333333333333336,True,True,cf-e8050a89c6a116e43f33,5.763729821328667e-05,0.0030578991042981936,5.3163983805543405e-05,True,True,True,1,1,1,0,4352,56,noisy_sim,15,0,0,8,0,0.0,4,4,0.0059893674777455885,0.17901115003067836,0.05389884841905185,0.13138230575925214,6,0.08,1,qubit_wise_commuting,8,8704,1088.0,1088,6,6,40,5,adapt_pauli_pool,0.8146388283903975,0.8851102941176471,0.0016,0.0105,0.018,0.001616,0.010605000000000002,0.018179999999999998,1.5999999999999955e-05,0.00010500000000000093,0.0001799999999999996,1.0,1.0,replay,ibm_kyiv,0.0003010000000000005
sha256:f9fd9cbaa415c265a27c6cfd0d837f2e351cd9b6ac877ce82d9ccc10bc9ddf25,planner_calibration_3201_3208,planner_calibration,sigmetrics-planner-calibration-final-v1,sha256:e6a06faed51f4ea9d810727b1ea3911d1b8a4fb2958afda0cd601ccaed306d7a,sigmetrics-planner-calibration-final-v1--005ccc685a7d2f36,3202,adapt_vqe,paper,noisy_sim,B6,4,2,cross_backend,sha256:f9fd9cbaa415c265a27c6cfd0d837f2e351cd9b6ac877ce82d9ccc10bc9ddf25-failure,sha256:dcee1566122899fd29cf5b135407505f5295a5f84623e82b78abbf1a79f8b99f,sha256:3e961724e06d6d711a9338896a03f47484a702bab4903cdf8ef8771396da980d,sha256:d0f32e9d96569c4332b1ff1180ee97229e197978db70d9db9dea249da627b2b0,sha256:22b0df7160a002340ad7240245749dcf1e195a289fffb3d7f98b860023f24f53,ibm_kyiv,ibm_brisbane,migrate,migrate:ibm_brisbane,ibm_brisbane,ibm_kyiv->ibm_brisbane,True,,1,1,0.0,0.0,controlled scenario descriptor,0.007,0.23333333333333334,derived recovery-time saved/current backend evidence,1,derived recovery-time saved/current backend identity,1,controlled scenario environment,0.0,0.08166666666666667,0.1,0.0,0.18166666666666667,True,True,cf-9f3ae6399e4de6dcda72,0.0018976569618116557,0.06527084345472207,0.0016807584807155534,False,False,False,0,0,0,1,4352,56,noisy_sim,15,0,0,8,0,0.0,4,4,0.004140304883911483,0.14751543397508504,0.04480115796491776,0.10633948080277142,6,0.08,1,qubit_wise_commuting,8,8704,1088.0,1088,6,6,40,5,adapt_pauli_pool,0.7629243331199778,0.8961397058823529,0.0016,0.0105,0.018,0.0021,0.014,0.024,0.0004999999999999998,0.0034999999999999996,0.006000000000000002,1.0,1.0,migrate,ibm_brisbane,0.010000000000000002
sha256:f9fd9cbaa415c265a27c6cfd0d837f2e351cd9b6ac877ce82d9ccc10bc9ddf25,planner_calibration_3201_3208,planner_calibration,sigmetrics-planner-calibration-final-v1,sha256:e6a06faed51f4ea9d810727b1ea3911d1b8a4fb2958afda0cd601ccaed306d7a,sigmetrics-planner-calibration-final-v1--005ccc685a7d2f36,3202,adapt_vqe,paper,noisy_sim,B6,4,2,cross_backend,sha256:f9fd9cbaa415c265a27c6cfd0d837f2e351cd9b6ac877ce82d9ccc10bc9ddf25-failure,sha256:dcee1566122899fd29cf5b135407505f5295a5f84623e82b78abbf1a79f8b99f,sha256:3e961724e06d6d711a9338896a03f47484a702bab4903cdf8ef8771396da980d,sha256:d0f32e9d96569c4332b1ff1180ee97229e197978db70d9db9dea249da627b2b0,sha256:22b0df7160a002340ad7240245749dcf1e195a289fffb3d7f98b860023f24f53,ibm_kyiv,ibm_sherbrooke,migrate,migrate:ibm_sherbrooke,ibm_sherbrooke,ibm_kyiv->ibm_sherbrooke,True,,1,1,0.0,0.0,controlled scenario descriptor,0.0018999999999999998,0.06333333333333332,derived recovery-time saved/current backend evidence,1,derived recovery-time saved/current backend identity,1,controlled scenario environment,0.0,0.02216666666666666,0.1,0.0,0.12216666666666667,True,True,cf-bb50d4aed09f273a09b6,0.0006823808196907422,0.008216704055385292,0.0013462329881524472,False,False,False,0,0,0,1,4352,56,noisy_sim,15,0,0,8,0,0.0,4,4,0.004140304883911483,0.14751543397508504,0.04480115796491776,0.10633948080277142,6,0.08,1,qubit_wise_commuting,8,8704,1088.0,1088,6,6,40,5,adapt_pauli_pool,0.7629243331199778,0.8961397058823529,0.0016,0.0105,0.018,0.0012,0.0095,0.017,0.0004000000000000002,0.0010000000000000009,0.0009999999999999974,1.0,1.0,migrate,ibm_sherbrooke,0.0023999999999999985
sha256:fa49e2907fcb37b0be6a4acced94fb226909129e6c88800e673617203a18780e,planner_calibration_3201_3208,planner_calibration,sigmetrics-planner-calibration-final-v1,sha256:e6a06faed51f4ea9d810727b1ea3911d1b8a4fb2958afda0cd601ccaed306d7a,sigmetrics-planner-calibration-final-v1--92829530cd969f19,3205,h2_vqe,paper,noisy_sim,B5,4,2,same_backend_delay,sha256:fa49e2907fcb37b0be6a4acced94fb226909129e6c88800e673617203a18780e-failure,sha256:df1d48ace5f75a4f8478d854974137f322b5709d4d24855b4636a0d3988a312b,sha256:2b5d5606b48121c83beae64c1c7cabbafc8d4853980e515ebdce93987de444de,sha256:6b97ad82624cbf5bb09be560aa6bb9d630db90477bce3a53713c959f84ab3cbb,sha256:fc6525486f0405713ff6d2464fab9a3fb07d20c5f30f23afeb0802768cb6a353,ibm_kyiv,ibm_sherbrooke,migrate,migrate:ibm_sherbrooke,ibm_sherbrooke,ibm_kyiv->ibm_sherbrooke,True,,1,1,0.0,0.0,controlled scenario descriptor,0.0018999999999999998,0.06333333333333332,derived recovery-time saved/current backend evidence,1,derived recovery-time saved/current backend identity,1,controlled scenario environment,0.0,0.02216666666666666,0.1,0.0,0.12216666666666667,True,True,cf-b1e115e9d9f6fbded38a,0.0048836851398681436,0.02137674547110551,0.005573097999694755,False,False,False,0,0,0,1,4992,104,noisy_sim,9,3,2976,4,0,0.42857142857142855,4,4,0.05718663583871364,0.36271255454705154,0.07397019557239506,0.25046852980843415,12,0.105,1,qubit_wise_commuting,7,8736,1248.0,1248,12,0,24,4,entangling_ry_rz_brickwork,1.0554526220034204,0.8461538461538461,0.0016,0.0105,0.018,0.0012,0.0095,0.017,0.0004000000000000002,0.0010000000000000009,0.0009999999999999974,1.0,1.0,migrate,ibm_sherbrooke,0.0023999999999999985
sha256:fa49e2907fcb37b0be6a4acced94fb226909129e6c88800e673617203a18780e,planner_calibration_3201_3208,planner_calibration,sigmetrics-planner-calibration-final-v1,sha256:e6a06faed51f4ea9d810727b1ea3911d1b8a4fb2958afda0cd601ccaed306d7a,sigmetrics-planner-calibration-final-v1--92829530cd969f19,3205,h2_vqe,paper,noisy_sim,B5,4,2,same_backend_delay,sha256:fa49e2907fcb37b0be6a4acced94fb226909129e6c88800e673617203a18780e-failure,sha256:df1d48ace5f75a4f8478d854974137f322b5709d4d24855b4636a0d3988a312b,sha256:2b5d5606b48121c83beae64c1c7cabbafc8d4853980e515ebdce93987de444de,sha256:6b97ad82624cbf5bb09be560aa6bb9d630db90477bce3a53713c959f84ab3cbb,sha256:fc6525486f0405713ff6d2464fab9a3fb07d20c5f30f23afeb0802768cb6a353,ibm_kyiv,ibm_kyiv,replay,replay:ibm_kyiv,ibm_kyiv,ibm_kyiv->ibm_kyiv,True,,1,1,4.0,0.8,controlled scenario descriptor,0.007999999999999998,0.2666666666666666,derived recovery-time saved/current backend evidence,0,derived recovery-time saved/current backend identity,1,controlled scenario environment,0.44000000000000006,0.09333333333333331,0.0,0.0,0.5333333333333333,True,True,cf-8a5a439a30b974c1c299,0.01180981559709604,0.06418802546930426,0.015214308903159847,False,False,False,0,0,0,1,4992,104,noisy_sim,9,3,2976,4,0,0.42857142857142855,4,4,0.05718663583871364,0.36271255454705154,0.07397019557239506,0.25046852980843415,12,0.105,1,qubit_wise_commuting,7,8736,1248.0,1248,12,0,24,4,entangling_ry_rz_brickwork,1.0554526220034204,0.8461538461538461,0.0016,0.0105,0.018,0.00224,0.0147,0.025199999999999997,0.0006399999999999997,0.004199999999999999,0.007199999999999998,1.0,1.0,replay,ibm_kyiv,0.012039999999999997
sha256:fb7c2a5b2713ee2cc979da438ae3f7c3d02883406d904b66180c189ff742604b,planner_calibration_3201_3208,planner_calibration,sigmetrics-planner-calibration-final-v1,sha256:e6a06faed51f4ea9d810727b1ea3911d1b8a4fb2958afda0cd601ccaed306d7a,sigmetrics-planner-calibration-final-v1--65ad42be8df9809a,3202,qaoa_maxcut,paper,noisy_sim,B5,4,2,high_change,sha256:fb7c2a5b2713ee2cc979da438ae3f7c3d02883406d904b66180c189ff742604b-failure,sha256:462103aa9c00b90c1cfad5c4b7381b3ffd86adaf022f3c5ef08430a0c033bc7c,sha256:2b6db34aacbffdb427c6a86493c0c97d7fa901154c9c190f56705a55a8d2a0ee,sha256:56ebe2ae23f982821e5cb20c223cf12264e80a93b5807dcea8a8ddb40107f761,sha256:63ae3d7e4eb50f7d85e815c2fe09b05c51eaa3f04d868229ce319f22ef4bc4d8,ibm_kyiv,ibm_brisbane,migrate,migrate:ibm_brisbane,ibm_brisbane,ibm_kyiv->ibm_brisbane,True,,1,1,6.0,1.0,controlled scenario descriptor,0.023860000000000006,0.7953333333333336,derived recovery-time saved/current backend evidence,1,derived recovery-time saved/current backend identity,1,controlled scenario environment,0.55,0.2783666666666667,0.1,0.0,0.9283666666666667,True,True,cf-0e7ff2d578c660246626,0.6406491267574106,0.2827139187774454,3.492077762447069,False,False,False,0,0,0,1,16128,40,noisy_sim,9,1,4032,0,0,1.0,4,4,1.3226390242737498,5.933182071298674,2.845374735559826,3.7284657297019232,4,0.12,1,qubit_wise_commuting,1,4032,4032.0,4032,4,0,10,6,qaoa_maxcut,5.612587539937337,0.10044642857142858,0.0016,0.0105,0.018,0.00336,0.022400000000000003,0.038400000000000004,0.00176,0.011900000000000003,0.020400000000000005,1.0,1.0,migrate,ibm_brisbane,0.03406000000000001
sha256:fb7c2a5b2713ee2cc979da438ae3f7c3d02883406d904b66180c189ff742604b,planner_calibration_3201_3208,planner_calibration,sigmetrics-planner-calibration-final-v1,sha256:e6a06faed51f4ea9d810727b1ea3911d1b8a4fb2958afda0cd601ccaed306d7a,sigmetrics-planner-calibration-final-v1--65ad42be8df9809a,3202,qaoa_maxcut,paper,noisy_sim,B5,4,2,high_change,sha256:fb7c2a5b2713ee2cc979da438ae3f7c3d02883406d904b66180c189ff742604b-failure,sha256:462103aa9c00b90c1cfad5c4b7381b3ffd86adaf022f3c5ef08430a0c033bc7c,sha256:2b6db34aacbffdb427c6a86493c0c97d7fa901154c9c190f56705a55a8d2a0ee,sha256:56ebe2ae23f982821e5cb20c223cf12264e80a93b5807dcea8a8ddb40107f761,sha256:63ae3d7e4eb50f7d85e815c2fe09b05c51eaa3f04d868229ce319f22ef4bc4d8,ibm_kyiv,ibm_kyiv,replay,replay:ibm_kyiv,ibm_kyiv,ibm_kyiv->ibm_kyiv,True,,1,1,8.0,1.0,controlled scenario descriptor,0.016,0.5333333333333333,derived recovery-time saved/current backend evidence,0,derived recovery-time saved/current backend identity,1,controlled scenario environment,0.55,0.18666666666666665,0.0,0.0,0.7366666666666667,True,True,cf-82fb870b9d8843534db7,0.4421969207339078,0.24360519121439622,2.9742415274632665,False,False,False,0,0,0,1,16128,40,noisy_sim,9,1,4032,0,0,1.0,4,4,1.3226390242737498,5.933182071298674,2.845374735559826,3.7284657297019232,4,0.12,1,qubit_wise_commuting,1,4032,4032.0,4032,4,0,10,6,qaoa_maxcut,5.612587539937337,0.10044642857142858,0.0016,0.0105,0.018,0.00288,0.0189,0.0324,0.00128,0.0084,0.0144,1.0,1.0,replay,ibm_kyiv,0.024079999999999997
sha256:fdc140118a249a66024d00c1d8e07558e375103b8581483a68b5e99a7d9c8439,planner_calibration_3201_3208,planner_calibration,sigmetrics-planner-calibration-final-v1,sha256:e6a06faed51f4ea9d810727b1ea3911d1b8a4fb2958afda0cd601ccaed306d7a,sigmetrics-planner-calibration-final-v1--02fed715f3b1ce83,3206,adapt_vqe,paper,noisy_sim,B6,4,2,high_change,sha256:fdc140118a249a66024d00c1d8e07558e375103b8581483a68b5e99a7d9c8439-failure,sha256:c3de09b7a5a382445908e40a757e13e281af56e292db3e369fb274f96354491a,sha256:2b6db34aacbffdb427c6a86493c0c97d7fa901154c9c190f56705a55a8d2a0ee,sha256:5638933935310f53de435b896d93a854a8a1570c3f790dd2bfcb667e0256c9de,sha256:3efc739df414d89105e88f8af3d7c5d40bd687dcde2b2afd03047b3f59c84f7e,ibm_kyiv,ibm_brisbane,migrate,migrate:ibm_brisbane,ibm_brisbane,ibm_kyiv->ibm_brisbane,True,,1,1,6.0,1.0,controlled scenario descriptor,0.023860000000000006,0.7953333333333336,derived recovery-time saved/current backend evidence,1,derived recovery-time saved/current backend identity,1,controlled scenario environment,0.55,0.2783666666666667,0.1,0.0,0.9283666666666667,True,True,cf-4c88845e0ef1bab1e324,0.006569659675419004,0.12884293248007178,0.0065562899389968446,False,False,False,0,0,0,1,4352,56,noisy_sim,15,0,0,8,0,0.0,4,4,0.0017328805256431323,0.08958551097808479,0.025821453548666884,0.07602590082128478,6,0.08,1,qubit_wise_commuting,8,8704,1088.0,1088,6,6,40,5,adapt_pauli_pool,0.6819574762582196,0.90625,0.0016,0.0105,0.018,0.00336,0.022400000000000003,0.038400000000000004,0.00176,0.011900000000000003,0.020400000000000005,1.0,1.0,migrate,ibm_brisbane,0.03406000000000001
sha256:fdc140118a249a66024d00c1d8e07558e375103b8581483a68b5e99a7d9c8439,planner_calibration_3201_3208,planner_calibration,sigmetrics-planner-calibration-final-v1,sha256:e6a06faed51f4ea9d810727b1ea3911d1b8a4fb2958afda0cd601ccaed306d7a,sigmetrics-planner-calibration-final-v1--02fed715f3b1ce83,3206,adapt_vqe,paper,noisy_sim,B6,4,2,high_change,sha256:fdc140118a249a66024d00c1d8e07558e375103b8581483a68b5e99a7d9c8439-failure,sha256:c3de09b7a5a382445908e40a757e13e281af56e292db3e369fb274f96354491a,sha256:2b6db34aacbffdb427c6a86493c0c97d7fa901154c9c190f56705a55a8d2a0ee,sha256:5638933935310f53de435b896d93a854a8a1570c3f790dd2bfcb667e0256c9de,sha256:3efc739df414d89105e88f8af3d7c5d40bd687dcde2b2afd03047b3f59c84f7e,ibm_kyiv,ibm_kyiv,replay,replay:ibm_kyiv,ibm_kyiv,ibm_kyiv->ibm_kyiv,True,,1,1,8.0,1.0,controlled scenario descriptor,0.016,0.5333333333333333,derived recovery-time saved/current backend evidence,0,derived recovery-time saved/current backend identity,1,controlled scenario environment,0.55,0.18666666666666665,0.0,0.0,0.7366666666666667,True,True,cf-d5e9b1504634ba6d0a65,0.004682407863511706,0.11078308473505545,0.004771688837366027,False,False,False,0,0,0,1,4352,56,noisy_sim,15,0,0,8,0,0.0,4,4,0.0017328805256431323,0.08958551097808479,0.025821453548666884,0.07602590082128478,6,0.08,1,qubit_wise_commuting,8,8704,1088.0,1088,6,6,40,5,adapt_pauli_pool,0.6819574762582196,0.90625,0.0016,0.0105,0.018,0.00288,0.0189,0.0324,0.00128,0.0084,0.0144,1.0,1.0,replay,ibm_kyiv,0.024079999999999997
sha256:0244037081566f1eb6d6a395b0215bdc570a12f915ecd1ff9ac5c7de4056d232,fresh_rq4_9101_9108,fresh_evaluation,sigmetrics-rq4-fresh-operating-point-confirmation-v1,sha256:5750482173dcfa6f0132ad83b5b7c2198dd34d8873543e9e53f8d38420cff74c,sigmetrics-rq4-fresh-operating-point-confirmation-v1--5c9d08847b0e0121,9105,qaoa_maxcut,paper,noisy_sim,B5,4,2,same_backend_delay,sha256:0244037081566f1eb6d6a395b0215bdc570a12f915ecd1ff9ac5c7de4056d232-failure,sha256:7355d8a80ba19b3aaf6fa6f038ce1abd6cd5473467d29f301e041e41dc049865,sha256:2b5d5606b48121c83beae64c1c7cabbafc8d4853980e515ebdce93987de444de,sha256:7c1d6d3b92b74eb9793f2e3d7476b13650919c35e6be30736522cf63625ecb00,sha256:58fd5e28c6b394ae8fff91d88bea8f2bdfa9a34b24945d5f0a4faee125af08bc,ibm_kyiv,ibm_sherbrooke,migrate,migrate:ibm_sherbrooke,ibm_sherbrooke,ibm_kyiv->ibm_sherbrooke,True,,1,1,0.0,0.0,controlled scenario descriptor,0.0018999999999999998,0.06333333333333332,derived recovery-time saved/current backend evidence,1,derived recovery-time saved/current backend identity,1,controlled scenario environment,0.0,0.02216666666666666,0.1,0.0,0.12216666666666667,True,True,cf-c8baa172748a1615351a,0.17744876020599865,0.050157142133976075,0.17870462019318467,False,True,False,0,1,0,1,16512,40,noisy_sim,9,1,4128,0,0,1.0,4,4,2.598484756426674,4.079975252905497,1.732519833313257,3.591084984622918,4,0.12,1,qubit_wise_commuting,1,4128,4128.0,4128,4,0,10,6,qaoa_maxcut,5.697204522573214,0.0876937984496124,0.0016,0.0105,0.018,0.0012,0.0095,0.017,0.0004000000000000002,0.0010000000000000009,0.0009999999999999974,1.0,1.0,migrate,ibm_sherbrooke,0.0023999999999999985
sha256:0244037081566f1eb6d6a395b0215bdc570a12f915ecd1ff9ac5c7de4056d232,fresh_rq4_9101_9108,fresh_evaluation,sigmetrics-rq4-fresh-operating-point-confirmation-v1,sha256:5750482173dcfa6f0132ad83b5b7c2198dd34d8873543e9e53f8d38420cff74c,sigmetrics-rq4-fresh-operating-point-confirmation-v1--5c9d08847b0e0121,9105,qaoa_maxcut,paper,noisy_sim,B5,4,2,same_backend_delay,sha256:0244037081566f1eb6d6a395b0215bdc570a12f915ecd1ff9ac5c7de4056d232-failure,sha256:7355d8a80ba19b3aaf6fa6f038ce1abd6cd5473467d29f301e041e41dc049865,sha256:2b5d5606b48121c83beae64c1c7cabbafc8d4853980e515ebdce93987de444de,sha256:7c1d6d3b92b74eb9793f2e3d7476b13650919c35e6be30736522cf63625ecb00,sha256:58fd5e28c6b394ae8fff91d88bea8f2bdfa9a34b24945d5f0a4faee125af08bc,ibm_kyiv,ibm_kyiv,replay,replay:ibm_kyiv,ibm_kyiv,ibm_kyiv->ibm_kyiv,True,,1,1,4.0,0.8,controlled scenario descriptor,0.007999999999999998,0.2666666666666666,derived recovery-time saved/current backend evidence,0,derived recovery-time saved/current backend identity,1,controlled scenario environment,0.44000000000000006,0.09333333333333331,0.0,0.0,0.5333333333333333,True,True,cf-d708382d37d27e2f3778,0.07817559838586607,0.10861528887799872,0.7122325064243036,False,False,False,0,0,0,1,16512,40,noisy_sim,9,1,4128,0,0,1.0,4,4,2.598484756426674,4.079975252905497,1.732519833313257,3.591084984622918,4,0.12,1,qubit_wise_commuting,1,4128,4128.0,4128,4,0,10,6,qaoa_maxcut,5.697204522573214,0.0876937984496124,0.0016,0.0105,0.018,0.00224,0.0147,0.025199999999999997,0.0006399999999999997,0.004199999999999999,0.007199999999999998,1.0,1.0,replay,ibm_kyiv,0.012039999999999997
sha256:0570cad388199e0985c61811384e5cbe4b7d3bf13e294225165ced45eb585bf5,fresh_rq4_9101_9108,fresh_evaluation,sigmetrics-rq4-fresh-operating-point-confirmation-v1,sha256:5750482173dcfa6f0132ad83b5b7c2198dd34d8873543e9e53f8d38420cff74c,sigmetrics-rq4-fresh-operating-point-confirmation-v1--ff97c4493065bab2,9105,adapt_vqe,paper,noisy_sim,B5,4,2,cross_backend,sha256:0570cad388199e0985c61811384e5cbe4b7d3bf13e294225165ced45eb585bf5-failure,sha256:2c9f55040aecb344bf11ed03b406f640a83801e093147d588e63db3f6f70fab7,sha256:3e961724e06d6d711a9338896a03f47484a702bab4903cdf8ef8771396da980d,sha256:7edecfba009e2f47b53720d8e6f4764bc8af02de63117f2739ea2de44e4ab909,sha256:06e6f1f4d82194fbdaa9052bd78a2fc8005a5de27c520c1b9af66f3c8e595e19,ibm_kyiv,ibm_brisbane,migrate,migrate:ibm_brisbane,ibm_brisbane,ibm_kyiv->ibm_brisbane,True,,1,1,0.0,0.0,controlled scenario descriptor,0.007,0.23333333333333334,derived recovery-time saved/current backend evidence,1,derived recovery-time saved/current backend identity,1,controlled scenario environment,0.0,0.08166666666666667,0.1,0.0,0.18166666666666667,True,True,cf-89a676a59cc72d80d0eb,0.0018788016075257374,0.04347849546175209,0.0015107242268226125,False,False,False,0,0,0,1,4352,40,noisy_sim,9,4,3328,4,0,0.5,4,4,0.0008988808701673179,0.06845019700063049,0.03043292180839381,0.05013498345441095,4,0.08,1,qubit_wise_commuting,8,8704,1088.0,1088,4,4,40,5,adapt_pauli_pool,0.6932330062084406,0.9053308823529411,0.0016,0.0105,0.018,0.0021,0.014,0.024,0.0004999999999999998,0.0034999999999999996,0.006000000000000002,1.0,1.0,migrate,ibm_brisbane,0.010000000000000002
sha256:0570cad388199e0985c61811384e5cbe4b7d3bf13e294225165ced45eb585bf5,fresh_rq4_9101_9108,fresh_evaluation,sigmetrics-rq4-fresh-operating-point-confirmation-v1,sha256:5750482173dcfa6f0132ad83b5b7c2198dd34d8873543e9e53f8d38420cff74c,sigmetrics-rq4-fresh-operating-point-confirmation-v1--ff97c4493065bab2,9105,adapt_vqe,paper,noisy_sim,B5,4,2,cross_backend,sha256:0570cad388199e0985c61811384e5cbe4b7d3bf13e294225165ced45eb585bf5-failure,sha256:2c9f55040aecb344bf11ed03b406f640a83801e093147d588e63db3f6f70fab7,sha256:3e961724e06d6d711a9338896a03f47484a702bab4903cdf8ef8771396da980d,sha256:7edecfba009e2f47b53720d8e6f4764bc8af02de63117f2739ea2de44e4ab909,sha256:06e6f1f4d82194fbdaa9052bd78a2fc8005a5de27c520c1b9af66f3c8e595e19,ibm_kyiv,ibm_sherbrooke,migrate,migrate:ibm_sherbrooke,ibm_sherbrooke,ibm_kyiv->ibm_sherbrooke,True,,1,1,0.0,0.0,controlled scenario descriptor,0.0018999999999999998,0.06333333333333332,derived recovery-time saved/current backend evidence,1,derived recovery-time saved/current backend identity,1,controlled scenario environment,0.0,0.02216666666666666,0.1,0.0,0.12216666666666667,True,True,cf-6f1f790c2c6d17bf5660,0.0006673234166258979,0.006988467475387867,0.0012096225588044969,False,False,False,0,0,0,1,4352,40,noisy_sim,9,4,3328,4,0,0.5,4,4,0.0008988808701673179,0.06845019700063049,0.03043292180839381,0.05013498345441095,4,0.08,1,qubit_wise_commuting,8,8704,1088.0,1088,4,4,40,5,adapt_pauli_pool,0.6932330062084406,0.9053308823529411,0.0016,0.0105,0.018,0.0012,0.0095,0.017,0.0004000000000000002,0.0010000000000000009,0.0009999999999999974,1.0,1.0,migrate,ibm_sherbrooke,0.0023999999999999985
sha256:0ada49f1beb0cbda2b236bbce09d5c2377e606fbbfa12cf2928779300f647c05,fresh_rq4_9101_9108,fresh_evaluation,sigmetrics-rq4-fresh-operating-point-confirmation-v1,sha256:5750482173dcfa6f0132ad83b5b7c2198dd34d8873543e9e53f8d38420cff74c,sigmetrics-rq4-fresh-operating-point-confirmation-v1--525883bb0c8345eb,9103,lih_vqe,paper,noisy_sim,B5,4,2,high_change,sha256:0ada49f1beb0cbda2b236bbce09d5c2377e606fbbfa12cf2928779300f647c05-failure,sha256:0676dba8cde0a33732ed4fb348f79e82fbf012caf796acfc58a04689449e875b,sha256:2b6db34aacbffdb427c6a86493c0c97d7fa901154c9c190f56705a55a8d2a0ee,sha256:5d8943b74edf54b19c3d0d4493eca8c11e5671bf89d76b8f3b4c56d6f9edfee2,sha256:246da1f354f7fa290823615c484b79926c237f9800e8d65a0a8c5d8a350c6af7,ibm_kyiv,ibm_brisbane,migrate,migrate:ibm_brisbane,ibm_brisbane,ibm_kyiv->ibm_brisbane,True,,1,1,6.0,1.0,controlled scenario descriptor,0.023860000000000006,0.7953333333333336,derived recovery-time saved/current backend evidence,1,derived recovery-time saved/current backend identity,1,controlled scenario environment,0.55,0.2783666666666667,0.1,0.0,0.9283666666666667,True,True,cf-c95f775d33ceac73b513,0.021860070497981887,0.14821604062590418,0.07910156611271223,False,False,False,0,0,0,1,5504,168,noisy_sim,9,4,4480,4,0,0.5,4,4,0.05107819738228514,0.4986937984665658,0.06384613455191948,0.34972744358644625,20,0.085,1,qubit_wise_commuting,8,11008,1376.0,1376,20,0,40,5,entangling_ry_rz_brickwork,1.682022188332645,0.7543604651162791,0.0016,0.0105,0.018,0.00336,0.022400000000000003,0.038400000000000004,0.00176,0.011900000000000003,0.020400000000000005,1.0,1.0,migrate,ibm_brisbane,0.03406000000000001
sha256:0ada49f1beb0cbda2b236bbce09d5c2377e606fbbfa12cf2928779300f647c05,fresh_rq4_9101_9108,fresh_evaluation,sigmetrics-rq4-fresh-operating-point-confirmation-v1,sha256:5750482173dcfa6f0132ad83b5b7c2198dd34d8873543e9e53f8d38420cff74c,sigmetrics-rq4-fresh-operating-point-confirmation-v1--525883bb0c8345eb,9103,lih_vqe,paper,noisy_sim,B5,4,2,high_change,sha256:0ada49f1beb0cbda2b236bbce09d5c2377e606fbbfa12cf2928779300f647c05-failure,sha256:0676dba8cde0a33732ed4fb348f79e82fbf012caf796acfc58a04689449e875b,sha256:2b6db34aacbffdb427c6a86493c0c97d7fa901154c9c190f56705a55a8d2a0ee,sha256:5d8943b74edf54b19c3d0d4493eca8c11e5671bf89d76b8f3b4c56d6f9edfee2,sha256:246da1f354f7fa290823615c484b79926c237f9800e8d65a0a8c5d8a350c6af7,ibm_kyiv,ibm_kyiv,replay,replay:ibm_kyiv,ibm_kyiv,ibm_kyiv->ibm_kyiv,True,,1,1,8.0,1.0,controlled scenario descriptor,0.016,0.5333333333333333,derived recovery-time saved/current backend evidence,0,derived recovery-time saved/current backend identity,1,controlled scenario environment,0.55,0.18666666666666665,0.0,0.0,0.7366666666666667,True,True,cf-9410c7ee829f5e2d3340,0.015649893459953823,0.13168152316304965,0.057067972398065665,False,False,False,0,0,0,1,5504,168,noisy_sim,9,4,4480,4,0,0.5,4,4,0.05107819738228514,0.4986937984665658,0.06384613455191948,0.34972744358644625,20,0.085,1,qubit_wise_commuting,8,11008,1376.0,1376,20,0,40,5,entangling_ry_rz_brickwork,1.682022188332645,0.7543604651162791,0.0016,0.0105,0.018,0.00288,0.0189,0.0324,0.00128,0.0084,0.0144,1.0,1.0,replay,ibm_kyiv,0.024079999999999997
sha256:0d049888020ebc50e34e3a34a121922731d9af3b2696d077a0c29923165d5f30,fresh_rq4_9101_9108,fresh_evaluation,sigmetrics-rq4-fresh-operating-point-confirmation-v1,sha256:5750482173dcfa6f0132ad83b5b7c2198dd34d8873543e9e53f8d38420cff74c,sigmetrics-rq4-fresh-operating-point-confirmation-v1--ffa62d6f24b7e681,9104,lih_vqe,paper,noisy_sim,B5,4,2,high_change,sha256:0d049888020ebc50e34e3a34a121922731d9af3b2696d077a0c29923165d5f30-failure,sha256:ef2becf2a65ed2ea716a6be7f0e71984586034e821d6d2ffc673b7b4bb20d2bd,sha256:2b6db34aacbffdb427c6a86493c0c97d7fa901154c9c190f56705a55a8d2a0ee,sha256:5d8943b74edf54b19c3d0d4493eca8c11e5671bf89d76b8f3b4c56d6f9edfee2,sha256:cd51596e8a8975f1db7d871be3766dd07f5dcefc2457fa9c9b30a578bb198023,ibm_kyiv,ibm_brisbane,migrate,migrate:ibm_brisbane,ibm_brisbane,ibm_kyiv->ibm_brisbane,True,,1,1,6.0,1.0,controlled scenario descriptor,0.023860000000000006,0.7953333333333336,derived recovery-time saved/current backend evidence,1,derived recovery-time saved/current backend identity,1,controlled scenario environment,0.55,0.2783666666666667,0.1,0.0,0.9283666666666667,True,True,cf-7aef5d225c35c4a16472,0.0024714518586463896,0.13950163139869856,0.07389451596102219,False,False,False,0,0,0,1,5504,168,noisy_sim,9,4,4480,4,0,0.5,4,4,0.07610540989815462,0.5674168609477956,0.077493222310423,0.3651362386803451,20,0.085,1,qubit_wise_commuting,8,11008,1376.0,1376,20,0,40,5,entangling_ry_rz_brickwork,1.688667930604259,0.752906976744186,0.0016,0.0105,0.018,0.00336,0.022400000000000003,0.038400000000000004,0.00176,0.011900000000000003,0.020400000000000005,1.0,1.0,migrate,ibm_brisbane,0.03406000000000001
sha256:0d049888020ebc50e34e3a34a121922731d9af3b2696d077a0c29923165d5f30,fresh_rq4_9101_9108,fresh_evaluation,sigmetrics-rq4-fresh-operating-point-confirmation-v1,sha256:5750482173dcfa6f0132ad83b5b7c2198dd34d8873543e9e53f8d38420cff74c,sigmetrics-rq4-fresh-operating-point-confirmation-v1--ffa62d6f24b7e681,9104,lih_vqe,paper,noisy_sim,B5,4,2,high_change,sha256:0d049888020ebc50e34e3a34a121922731d9af3b2696d077a0c29923165d5f30-failure,sha256:ef2becf2a65ed2ea716a6be7f0e71984586034e821d6d2ffc673b7b4bb20d2bd,sha256:2b6db34aacbffdb427c6a86493c0c97d7fa901154c9c190f56705a55a8d2a0ee,sha256:5d8943b74edf54b19c3d0d4493eca8c11e5671bf89d76b8f3b4c56d6f9edfee2,sha256:cd51596e8a8975f1db7d871be3766dd07f5dcefc2457fa9c9b30a578bb198023,ibm_kyiv,ibm_kyiv,replay,replay:ibm_kyiv,ibm_kyiv,ibm_kyiv->ibm_kyiv,True,,1,1,8.0,1.0,controlled scenario descriptor,0.016,0.5333333333333333,derived recovery-time saved/current backend evidence,0,derived recovery-time saved/current backend identity,1,controlled scenario environment,0.55,0.18666666666666665,0.0,0.0,0.7366666666666667,True,True,cf-260b5dc7e870dce7c8d3,0.001897239071745993,0.11611417685269233,0.05322072131644594,False,False,False,0,0,0,1,5504,168,noisy_sim,9,4,4480,4,0,0.5,4,4,0.07610540989815462,0.5674168609477956,0.077493222310423,0.3651362386803451,20,0.085,1,qubit_wise_commuting,8,11008,1376.0,1376,20,0,40,5,entangling_ry_rz_brickwork,1.688667930604259,0.752906976744186,0.0016,0.0105,0.018,0.00288,0.0189,0.0324,0.00128,0.0084,0.0144,1.0,1.0,replay,ibm_kyiv,0.024079999999999997
sha256:0d49f6fce23aef4c7193adde0d1109fa35281f51aa7bf9a22fcb4c0ec6e550d7,fresh_rq4_9101_9108,fresh_evaluation,sigmetrics-rq4-fresh-operating-point-confirmation-v1,sha256:5750482173dcfa6f0132ad83b5b7c2198dd34d8873543e9e53f8d38420cff74c,sigmetrics-rq4-fresh-operating-point-confirmation-v1--57f19dc28981492d,9107,h2_vqe,paper,noisy_sim,B5,4,2,high_change,sha256:0d49f6fce23aef4c7193adde0d1109fa35281f51aa7bf9a22fcb4c0ec6e550d7-failure,sha256:3e23ae024eb0062818897a46bb346d0cbfeb6fd8ad76ced98432bc283e60769e,sha256:2b6db34aacbffdb427c6a86493c0c97d7fa901154c9c190f56705a55a8d2a0ee,sha256:94e11cf4ea4c74d973b64129cefe2805f81a297533fc0020c3c844df147749e1,sha256:4cd91c6b0fa00f6658a7bd1df2d90f9835bc67441967ac941cab4cf882eda4e8,ibm_kyiv,ibm_brisbane,migrate,migrate:ibm_brisbane,ibm_brisbane,ibm_kyiv->ibm_brisbane,True,,1,1,6.0,1.0,controlled scenario descriptor,0.023860000000000006,0.7953333333333336,derived recovery-time saved/current backend evidence,1,derived recovery-time saved/current backend identity,1,controlled scenario environment,0.55,0.2783666666666667,0.1,0.0,0.9283666666666667,True,True,cf-a96597f1859af4c38755,0.033706516767584294,0.10438477703275754,0.039847153801373866,False,False,False,0,0,0,1,4992,104,noisy_sim,9,3,2976,4,0,0.42857142857142855,4,4,0.0584185750342634,0.3548951064836088,0.05345574608703186,0.23873266277581648,12,0.105,1,qubit_wise_commuting,7,8736,1248.0,1248,12,0,24,4,entangling_ry_rz_brickwork,0.9714894437408683,0.8605769230769231,0.0016,0.0105,0.018,0.00336,0.022400000000000003,0.038400000000000004,0.00176,0.011900000000000003,0.020400000000000005,1.0,1.0,migrate,ibm_brisbane,0.03406000000000001
sha256:0d49f6fce23aef4c7193adde0d1109fa35281f51aa7bf9a22fcb4c0ec6e550d7,fresh_rq4_9101_9108,fresh_evaluation,sigmetrics-rq4-fresh-operating-point-confirmation-v1,sha256:5750482173dcfa6f0132ad83b5b7c2198dd34d8873543e9e53f8d38420cff74c,sigmetrics-rq4-fresh-operating-point-confirmation-v1--57f19dc28981492d,9107,h2_vqe,paper,noisy_sim,B5,4,2,high_change,sha256:0d49f6fce23aef4c7193adde0d1109fa35281f51aa7bf9a22fcb4c0ec6e550d7-failure,sha256:3e23ae024eb0062818897a46bb346d0cbfeb6fd8ad76ced98432bc283e60769e,sha256:2b6db34aacbffdb427c6a86493c0c97d7fa901154c9c190f56705a55a8d2a0ee,sha256:94e11cf4ea4c74d973b64129cefe2805f81a297533fc0020c3c844df147749e1,sha256:4cd91c6b0fa00f6658a7bd1df2d90f9835bc67441967ac941cab4cf882eda4e8,ibm_kyiv,ibm_kyiv,replay,replay:ibm_kyiv,ibm_kyiv,ibm_kyiv->ibm_kyiv,True,,1,1,8.0,1.0,controlled scenario descriptor,0.016,0.5333333333333333,derived recovery-time saved/current backend evidence,0,derived recovery-time saved/current backend identity,1,controlled scenario environment,0.55,0.18666666666666665,0.0,0.0,0.7366666666666667,True,True,cf-ce491ae156a0ffc038da,0.024232903077076484,0.08430449032812887,0.028496542037920642,False,False,False,0,0,0,1,4992,104,noisy_sim,9,3,2976,4,0,0.42857142857142855,4,4,0.0584185750342634,0.3548951064836088,0.05345574608703186,0.23873266277581648,12,0.105,1,qubit_wise_commuting,7,8736,1248.0,1248,12,0,24,4,entangling_ry_rz_brickwork,0.9714894437408683,0.8605769230769231,0.0016,0.0105,0.018,0.00288,0.0189,0.0324,0.00128,0.0084,0.0144,1.0,1.0,replay,ibm_kyiv,0.024079999999999997
sha256:0f6841bcc6a8fbef010125d7b898c57131311604a6f59328951f88ab8640bcbc,fresh_rq4_9101_9108,fresh_evaluation,sigmetrics-rq4-fresh-operating-point-confirmation-v1,sha256:5750482173dcfa6f0132ad83b5b7c2198dd34d8873543e9e53f8d38420cff74c,sigmetrics-rq4-fresh-operating-point-confirmation-v1--c31ac37525d0504b,9108,qaoa_maxcut,paper,noisy_sim,B5,4,2,safe_change,sha256:0f6841bcc6a8fbef010125d7b898c57131311604a6f59328951f88ab8640bcbc-failure,sha256:12baa20a227d608587db781511444ba6bd1f7fd7e64e940d5263b37f49e3c099,sha256:8aa9fd73acdbefb930184631c530ac1ad4750da95e7359345a133016be010a68,sha256:a9aa49d0abe0c0e8c2ca3406cdae5818d28f0e352c4a812e712215e808676f00,sha256:6c52dad9cce55ac2d285df3c8740b7ba87d425ed9d6f7343fc18bec42d3bdf99,ibm_kyiv,ibm_kyiv,replay,replay:ibm_kyiv,ibm_kyiv,ibm_kyiv->ibm_kyiv,True,,1,1,0.1,0.02,controlled scenario descriptor,0.00020000000000000017,0.006666666666666672,derived recovery-time saved/current backend evidence,0,derived recovery-time saved/current backend identity,1,controlled scenario environment,0.011000000000000001,0.0023333333333333353,0.0,0.0,0.013333333333333336,True,True,cf-ba8e683ab39de3102fa7,0.028291701282957327,0.008007254438999323,0.011899003596590853,True,True,True,1,1,1,0,16512,40,noisy_sim,9,1,4128,0,0,1.0,4,4,2.328778311038733,3.1870114997896883,1.3651767826391832,2.443400028508602,4,0.12,1,qubit_wise_commuting,1,4128,4128.0,4128,4,0,10,6,qaoa_maxcut,5.511907497537505,0.09835271317829457,0.0016,0.0105,0.018,0.001616,0.010605000000000002,0.018179999999999998,1.5999999999999955e-05,0.00010500000000000093,0.0001799999999999996,1.0,1.0,replay,ibm_kyiv,0.0003010000000000005
sha256:12e62b9ad4663895f0f6557f3cb742e0f00a4e3c9dff68faeadf12f67b74ad7b,fresh_rq4_9101_9108,fresh_evaluation,sigmetrics-rq4-fresh-operating-point-confirmation-v1,sha256:5750482173dcfa6f0132ad83b5b7c2198dd34d8873543e9e53f8d38420cff74c,sigmetrics-rq4-fresh-operating-point-confirmation-v1--778d900f795630da,9105,h2_vqe,paper,noisy_sim,B5,4,2,cross_backend,sha256:12e62b9ad4663895f0f6557f3cb742e0f00a4e3c9dff68faeadf12f67b74ad7b-failure,sha256:7f0b1f74a6dc1c26604ee880fa21e26774b4b947f6f2f0f7a071c180fdceb055,sha256:3e961724e06d6d711a9338896a03f47484a702bab4903cdf8ef8771396da980d,sha256:465cf8190aa72910b114108c272f86151fcf7f7906fe7d9023fc8db000a97506,sha256:ec6e83aac760ec5f5d936fb4fc22d7773c48c8844ca700ae7b077f626286a80c,ibm_kyiv,ibm_brisbane,migrate,migrate:ibm_brisbane,ibm_brisbane,ibm_kyiv->ibm_brisbane,True,,1,1,0.0,0.0,controlled scenario descriptor,0.007,0.23333333333333334,derived recovery-time saved/current backend evidence,1,derived recovery-time saved/current backend identity,1,controlled scenario environment,0.0,0.08166666666666667,0.1,0.0,0.18166666666666667,True,True,cf-35edc2898da48cc7de7c,0.010241116972224962,0.06247963951593095,0.01237506691050827,False,False,False,0,0,0,1,4992,104,noisy_sim,9,3,2976,4,0,0.42857142857142855,4,4,0.017154915509526525,0.19669865802039121,0.04147853102046067,0.11467805405587228,12,0.105,1,qubit_wise_commuting,7,8736,1248.0,1248,12,0,24,4,entangling_ry_rz_brickwork,1.2124382309675519,0.813301282051282,0.0016,0.0105,0.018,0.0021,0.014,0.024,0.0004999999999999998,0.0034999999999999996,0.006000000000000002,1.0,1.0,migrate,ibm_brisbane,0.010000000000000002
sha256:12e62b9ad4663895f0f6557f3cb742e0f00a4e3c9dff68faeadf12f67b74ad7b,fresh_rq4_9101_9108,fresh_evaluation,sigmetrics-rq4-fresh-operating-point-confirmation-v1,sha256:5750482173dcfa6f0132ad83b5b7c2198dd34d8873543e9e53f8d38420cff74c,sigmetrics-rq4-fresh-operating-point-confirmation-v1--778d900f795630da,9105,h2_vqe,paper,noisy_sim,B5,4,2,cross_backend,sha256:12e62b9ad4663895f0f6557f3cb742e0f00a4e3c9dff68faeadf12f67b74ad7b-failure,sha256:7f0b1f74a6dc1c26604ee880fa21e26774b4b947f6f2f0f7a071c180fdceb055,sha256:3e961724e06d6d711a9338896a03f47484a702bab4903cdf8ef8771396da980d,sha256:465cf8190aa72910b114108c272f86151fcf7f7906fe7d9023fc8db000a97506,sha256:ec6e83aac760ec5f5d936fb4fc22d7773c48c8844ca700ae7b077f626286a80c,ibm_kyiv,ibm_sherbrooke,migrate,migrate:ibm_sherbrooke,ibm_sherbrooke,ibm_kyiv->ibm_sherbrooke,True,,1,1,0.0,0.0,controlled scenario descriptor,0.0018999999999999998,0.06333333333333332,derived recovery-time saved/current backend evidence,1,derived recovery-time saved/current backend identity,1,controlled scenario environment,0.0,0.02216666666666666,0.1,0.0,0.12216666666666667,True,True,cf-b1055f64a0b7574b5ad3,0.005155195034021176,0.027546838077043473,0.005620993197646468,False,False,False,0,0,0,1,4992,104,noisy_sim,9,3,2976,4,0,0.42857142857142855,4,4,0.017154915509526525,0.19669865802039121,0.04147853102046067,0.11467805405587228,12,0.105,1,qubit_wise_commuting,7,8736,1248.0,1248,12,0,24,4,entangling_ry_rz_brickwork,1.2124382309675519,0.813301282051282,0.0016,0.0105,0.018,0.0012,0.0095,0.017,0.0004000000000000002,0.0010000000000000009,0.0009999999999999974,1.0,1.0,migrate,ibm_sherbrooke,0.0023999999999999985
sha256:132836aca490106934dec73f73f81bd64c6749fa43eeecc53697824b1dad3b40,fresh_rq4_9101_9108,fresh_evaluation,sigmetrics-rq4-fresh-operating-point-confirmation-v1,sha256:5750482173dcfa6f0132ad83b5b7c2198dd34d8873543e9e53f8d38420cff74c,sigmetrics-rq4-fresh-operating-point-confirmation-v1--83b79559e8e6e600,9101,adapt_vqe,paper,noisy_sim,B5,4,2,no_change,sha256:132836aca490106934dec73f73f81bd64c6749fa43eeecc53697824b1dad3b40-failure,sha256:24981ccf032f587353b083625fc9a2ac2feda2bbda3f737b97287a47b5676d5b,sha256:0e7343b47d003afe2860e33d67399c12f7ed84b7f18c3a5e0d48aae47fda9990,sha256:f84c41da86b339797e4a2ad44884a5ee22cc0b13456bb2ab135e5104d41cdbb8,sha256:f160cd5191294f9a41314e767e55c1394860fefe19043d846234fddc4704aa4a,ibm_kyiv,ibm_kyiv,replay,replay:ibm_kyiv,ibm_kyiv,ibm_kyiv->ibm_kyiv,True,,1,1,0.0,0.0,controlled scenario descriptor,0.0,0.0,derived recovery-time saved/current backend evidence,0,derived recovery-time saved/current backend identity,1,controlled scenario environment,0.0,0.0,0.0,0.0,0.0,True,True,cf-24984455abd47cc15f0b,0.0,0.0,0.0,True,True,True,1,1,1,0,4352,40,noisy_sim,9,4,3328,4,0,0.5,4,4,0.0014004090875534558,0.0742079640082951,0.02543388135428772,0.07200050842760912,4,0.08,1,qubit_wise_commuting,8,8704,1088.0,1088,4,4,40,5,adapt_pauli_pool,0.6792885613009749,0.9071691176470589,0.0016,0.0105,0.018,0.0016,0.0105,0.018,0.0,0.0,0.0,1.0,1.0,replay,ibm_kyiv,0.0
sha256:1352050fe1181747689388ef8218f56b0d4da73dae656b765bb281501d5a0bf2,fresh_rq4_9101_9108,fresh_evaluation,sigmetrics-rq4-fresh-operating-point-confirmation-v1,sha256:5750482173dcfa6f0132ad83b5b7c2198dd34d8873543e9e53f8d38420cff74c,sigmetrics-rq4-fresh-operating-point-confirmation-v1--35ed01c7e1ed4610,9108,qaoa_maxcut,paper,noisy_sim,B5,4,2,no_change,sha256:1352050fe1181747689388ef8218f56b0d4da73dae656b765bb281501d5a0bf2-failure,sha256:12baa20a227d608587db781511444ba6bd1f7fd7e64e940d5263b37f49e3c099,sha256:0e7343b47d003afe2860e33d67399c12f7ed84b7f18c3a5e0d48aae47fda9990,sha256:beaa270a390816fadd39bf6e4cf2cb1d92f7bf84678ac415bf7f191142ad2044,sha256:3c930568c574a808ad31f48abfb8e00e3a45f6d491c1ae0cdd8d3a03751154c7,ibm_kyiv,ibm_kyiv,replay,replay:ibm_kyiv,ibm_kyiv,ibm_kyiv->ibm_kyiv,True,,1,1,0.0,0.0,controlled scenario descriptor,0.0,0.0,derived recovery-time saved/current backend evidence,0,derived recovery-time saved/current backend identity,1,controlled scenario environment,0.0,0.0,0.0,0.0,0.0,True,True,cf-3842434779cc8e9970d8,0.0,0.0,0.0,True,True,True,1,1,1,0,16512,40,noisy_sim,9,1,4128,0,0,1.0,4,4,2.328778311038733,3.1870114997896883,1.3651767826391832,2.443400028508602,4,0.12,1,qubit_wise_commuting,1,4128,4128.0,4128,4,0,10,6,qaoa_maxcut,5.511907497537505,0.09835271317829457,0.0016,0.0105,0.018,0.0016,0.0105,0.018,0.0,0.0,0.0,1.0,1.0,replay,ibm_kyiv,0.0
sha256:142fbc203db96b6a59826e3b6ad703b3729d43140ed46eb3ff168d936a14aa6f,fresh_rq4_9101_9108,fresh_evaluation,sigmetrics-rq4-fresh-operating-point-confirmation-v1,sha256:5750482173dcfa6f0132ad83b5b7c2198dd34d8873543e9e53f8d38420cff74c,sigmetrics-rq4-fresh-operating-point-confirmation-v1--1107a7733eda2c19,9103,adapt_vqe,paper,noisy_sim,B5,4,2,high_change,sha256:142fbc203db96b6a59826e3b6ad703b3729d43140ed46eb3ff168d936a14aa6f-failure,sha256:20dca6d793bd22ee13b4d7589609c8373a5a86234e53e87cb3dda565cdd6278b,sha256:2b6db34aacbffdb427c6a86493c0c97d7fa901154c9c190f56705a55a8d2a0ee,sha256:bba49a3c81f6001e3cf2a488d02e36c2cd4c5c951d70da2b28ce889c7e5957d0,sha256:0d89b9de1a733203dd9ecab579b91ef6546dc0e7b1c17c8e3be6b69a088eec51,ibm_kyiv,ibm_brisbane,migrate,migrate:ibm_brisbane,ibm_brisbane,ibm_kyiv->ibm_brisbane,True,,1,1,6.0,1.0,controlled scenario descriptor,0.023860000000000006,0.7953333333333336,derived recovery-time saved/current backend evidence,1,derived recovery-time saved/current backend identity,1,controlled scenario environment,0.55,0.2783666666666667,0.1,0.0,0.9283666666666667,True,True,cf-df354c2659a4abcc8078,0.006427523062281004,0.12239876436202725,0.005321833505667296,False,False,False,0,0,0,1,4352,40,noisy_sim,9,4,3328,4,0,0.5,4,4,0.003231626016447109,0.12737605331742743,0.05633383296080257,0.09658534553364086,4,0.08,1,qubit_wise_commuting,8,8704,1088.0,1088,4,4,40,5,adapt_pauli_pool,0.745125615236665,0.8943014705882353,0.0016,0.0105,0.018,0.00336,0.022400000000000003,0.038400000000000004,0.00176,0.011900000000000003,0.020400000000000005,1.0,1.0,migrate,ibm_brisbane,0.03406000000000001
sha256:142fbc203db96b6a59826e3b6ad703b3729d43140ed46eb3ff168d936a14aa6f,fresh_rq4_9101_9108,fresh_evaluation,sigmetrics-rq4-fresh-operating-point-confirmation-v1,sha256:5750482173dcfa6f0132ad83b5b7c2198dd34d8873543e9e53f8d38420cff74c,sigmetrics-rq4-fresh-operating-point-confirmation-v1--1107a7733eda2c19,9103,adapt_vqe,paper,noisy_sim,B5,4,2,high_change,sha256:142fbc203db96b6a59826e3b6ad703b3729d43140ed46eb3ff168d936a14aa6f-failure,sha256:20dca6d793bd22ee13b4d7589609c8373a5a86234e53e87cb3dda565cdd6278b,sha256:2b6db34aacbffdb427c6a86493c0c97d7fa901154c9c190f56705a55a8d2a0ee,sha256:bba49a3c81f6001e3cf2a488d02e36c2cd4c5c951d70da2b28ce889c7e5957d0,sha256:0d89b9de1a733203dd9ecab579b91ef6546dc0e7b1c17c8e3be6b69a088eec51,ibm_kyiv,ibm_kyiv,replay,replay:ibm_kyiv,ibm_kyiv,ibm_kyiv->ibm_kyiv,True,,1,1,8.0,1.0,controlled scenario descriptor,0.016,0.5333333333333333,derived recovery-time saved/current backend evidence,0,derived recovery-time saved/current backend identity,1,controlled scenario environment,0.55,0.18666666666666665,0.0,0.0,0.7366666666666667,True,True,cf-56cf5f9800849f5cba01,0.004579023183568509,0.11592068690408378,0.003872356787578684,False,False,False,0,0,0,1,4352,40,noisy_sim,9,4,3328,4,0,0.5,4,4,0.003231626016447109,0.12737605331742743,0.05633383296080257,0.09658534553364086,4,0.08,1,qubit_wise_commuting,8,8704,1088.0,1088,4,4,40,5,adapt_pauli_pool,0.745125615236665,0.8943014705882353,0.0016,0.0105,0.018,0.00288,0.0189,0.0324,0.00128,0.0084,0.0144,1.0,1.0,replay,ibm_kyiv,0.024079999999999997
sha256:16367861cede541832305616676e92e153be8cdab5b0ba53594417db1a88bec8,fresh_rq4_9101_9108,fresh_evaluation,sigmetrics-rq4-fresh-operating-point-confirmation-v1,sha256:5750482173dcfa6f0132ad83b5b7c2198dd34d8873543e9e53f8d38420cff74c,sigmetrics-rq4-fresh-operating-point-confirmation-v1--1792c1043d69905e,9101,h2_vqe,paper,noisy_sim,B5,4,2,safe_change,sha256:16367861cede541832305616676e92e153be8cdab5b0ba53594417db1a88bec8-failure,sha256:7b78da82dc7c435d8e40cac8032af68bd8251ba6b8d85a1c58cacdf9ff6ac219,sha256:8aa9fd73acdbefb930184631c530ac1ad4750da95e7359345a133016be010a68,sha256:9c8d84160a37684a330c5e86489f096e08f5be515d75b7d3faace12218e4c75a,sha256:75d4bcb88db3835683350072a739f28471aa6a9121a873d0beff5de22c755add,ibm_kyiv,ibm_kyiv,replay,replay:ibm_kyiv,ibm_kyiv,ibm_kyiv->ibm_kyiv,True,,1,1,0.1,0.02,controlled scenario descriptor,0.00020000000000000017,0.006666666666666672,derived recovery-time saved/current backend evidence,0,derived recovery-time saved/current backend identity,1,controlled scenario environment,0.011000000000000001,0.0023333333333333353,0.0,0.0,0.013333333333333336,True,True,cf-b50837aebda44a92e73c,0.0002875441628431563,0.0,0.0003955400115030978,True,True,True,1,1,1,0,4992,104,noisy_sim,9,3,2976,4,0,0.42857142857142855,4,4,0.07521586868658314,0.43547900427952224,0.07826706517756313,0.32626304276195395,12,0.105,1,qubit_wise_commuting,7,8736,1248.0,1248,12,0,24,4,entangling_ry_rz_brickwork,1.2855173549326042,0.7948717948717948,0.0016,0.0105,0.018,0.001616,0.010605000000000002,0.018179999999999998,1.5999999999999955e-05,0.00010500000000000093,0.0001799999999999996,1.0,1.0,replay,ibm_kyiv,0.0003010000000000005
sha256:1d6b3174e934ddc4bb56074241a38c71349cd9fb09959b531cb17141a00217d7,fresh_rq4_9101_9108,fresh_evaluation,sigmetrics-rq4-fresh-operating-point-confirmation-v1,sha256:5750482173dcfa6f0132ad83b5b7c2198dd34d8873543e9e53f8d38420cff74c,sigmetrics-rq4-fresh-operating-point-confirmation-v1--d5f738d95112d2b0,9106,qaoa_maxcut,paper,noisy_sim,B5,4,2,safe_change,sha256:1d6b3174e934ddc4bb56074241a38c71349cd9fb09959b531cb17141a00217d7-failure,sha256:4b13dc787b6dcec40406bfe6cbf08d6868f725edc13de933d65c8b41b007ecf4,sha256:8aa9fd73acdbefb930184631c530ac1ad4750da95e7359345a133016be010a68,sha256:a9aa49d0abe0c0e8c2ca3406cdae5818d28f0e352c4a812e712215e808676f00,sha256:828339ef19cb2dd5f6d0b466150c4cea8f2c36903b085116786f03004d16df6a,ibm_kyiv,ibm_kyiv,replay,replay:ibm_kyiv,ibm_kyiv,ibm_kyiv->ibm_kyiv,True,,1,1,0.1,0.02,controlled scenario descriptor,0.00020000000000000017,0.006666666666666672,derived recovery-time saved/current backend evidence,0,derived recovery-time saved/current backend identity,1,controlled scenario environment,0.011000000000000001,0.0023333333333333353,0.0,0.0,0.013333333333333336,True,True,cf-51fcd0a329b5c010e7ed,0.020034956244145974,0.047503932701777676,0.09837954917650057,True,True,True,1,1,1,0,16384,40,noisy_sim,9,1,4096,0,0,1.0,4,4,-0.09918899322874886,5.776992671926344,2.0298838993852986,5.440245559664102,4,0.12,1,qubit_wise_commuting,1,4096,4096.0,4096,4,0,10,6,qaoa_maxcut,5.2531010300483505,0.116943359375,0.0016,0.0105,0.018,0.001616,0.010605000000000002,0.018179999999999998,1.5999999999999955e-05,0.00010500000000000093,0.0001799999999999996,1.0,1.0,replay,ibm_kyiv,0.0003010000000000005
sha256:1d8655b8dc91690acc6bb601ccce821463edd57680ad7443032c7db8aa5f77e2,fresh_rq4_9101_9108,fresh_evaluation,sigmetrics-rq4-fresh-operating-point-confirmation-v1,sha256:5750482173dcfa6f0132ad83b5b7c2198dd34d8873543e9e53f8d38420cff74c,sigmetrics-rq4-fresh-operating-point-confirmation-v1--7d9c1c4015c12a7e,9105,qaoa_maxcut,paper,noisy_sim,B5,4,2,safe_change,sha256:1d8655b8dc91690acc6bb601ccce821463edd57680ad7443032c7db8aa5f77e2-failure,sha256:7355d8a80ba19b3aaf6fa6f038ce1abd6cd5473467d29f301e041e41dc049865,sha256:8aa9fd73acdbefb930184631c530ac1ad4750da95e7359345a133016be010a68,sha256:a9aa49d0abe0c0e8c2ca3406cdae5818d28f0e352c4a812e712215e808676f00,sha256:cc7023732c0a03c308794bd8aaa31584a74873140e99cc0287a37330c9e5d9eb,ibm_kyiv,ibm_kyiv,replay,replay:ibm_kyiv,ibm_kyiv,ibm_kyiv->ibm_kyiv,True,,1,1,0.1,0.02,controlled scenario descriptor,0.00020000000000000017,0.006666666666666672,derived recovery-time saved/current backend evidence,0,derived recovery-time saved/current backend identity,1,controlled scenario environment,0.011000000000000001,0.0023333333333333353,0.0,0.0,0.013333333333333336,True,True,cf-dbb6c0fba79aa8a0f1d7,0.010415921029316877,0.030492304615185525,0.019522179366060266,True,True,True,1,1,1,0,16512,40,noisy_sim,9,1,4128,0,0,1.0,4,4,2.598484756426674,4.079975252905497,1.732519833313257,3.591084984622918,4,0.12,1,qubit_wise_commuting,1,4128,4128.0,4128,4,0,10,6,qaoa_maxcut,5.697204522573214,0.0876937984496124,0.0016,0.0105,0.018,0.001616,0.010605000000000002,0.018179999999999998,1.5999999999999955e-05,0.00010500000000000093,0.0001799999999999996,1.0,1.0,replay,ibm_kyiv,0.0003010000000000005
sha256:1dfd018bb2b8b9f0bce9187238fbadb940d256f36bbdc3a5964b7265a0b822d3,fresh_rq4_9101_9108,fresh_evaluation,sigmetrics-rq4-fresh-operating-point-confirmation-v1,sha256:5750482173dcfa6f0132ad83b5b7c2198dd34d8873543e9e53f8d38420cff74c,sigmetrics-rq4-fresh-operating-point-confirmation-v1--1e813e43a0f076e8,9106,adapt_vqe,paper,noisy_sim,B5,4,2,high_change,sha256:1dfd018bb2b8b9f0bce9187238fbadb940d256f36bbdc3a5964b7265a0b822d3-failure,sha256:c95fa00217c8f486921a24b482a78ab82f990777fd983b3660c6559c37f35d9c,sha256:2b6db34aacbffdb427c6a86493c0c97d7fa901154c9c190f56705a55a8d2a0ee,sha256:bba49a3c81f6001e3cf2a488d02e36c2cd4c5c951d70da2b28ce889c7e5957d0,sha256:8c7253182bc9ba291d9e03f218e2faaa1c483012114daf91407d2081b931f721,ibm_kyiv,ibm_brisbane,migrate,migrate:ibm_brisbane,ibm_brisbane,ibm_kyiv->ibm_brisbane,True,,1,1,6.0,1.0,controlled scenario descriptor,0.023860000000000006,0.7953333333333336,derived recovery-time saved/current backend evidence,1,derived recovery-time saved/current backend identity,1,controlled scenario environment,0.55,0.2783666666666667,0.1,0.0,0.9283666666666667,True,True,cf-98cb64777fa3873042ff,0.006438791404862698,0.07645381837587097,0.005490015231164782,False,False,False,0,0,0,1,4352,40,noisy_sim,9,4,3328,4,0,0.5,4,4,0.0026645551858512917,0.11666870738370162,0.049010001562726446,0.08847674972093009,4,0.08,1,qubit_wise_commuting,8,8704,1088.0,1088,4,4,40,5,adapt_pauli_pool,0.6756576792700577,0.90625,0.0016,0.0105,0.018,0.00336,0.022400000000000003,0.038400000000000004,0.00176,0.011900000000000003,0.020400000000000005,1.0,1.0,migrate,ibm_brisbane,0.03406000000000001
sha256:1dfd018bb2b8b9f0bce9187238fbadb940d256f36bbdc3a5964b7265a0b822d3,fresh_rq4_9101_9108,fresh_evaluation,sigmetrics-rq4-fresh-operating-point-confirmation-v1,sha256:5750482173dcfa6f0132ad83b5b7c2198dd34d8873543e9e53f8d38420cff74c,sigmetrics-rq4-fresh-operating-point-confirmation-v1--1e813e43a0f076e8,9106,adapt_vqe,paper,noisy_sim,B5,4,2,high_change,sha256:1dfd018bb2b8b9f0bce9187238fbadb940d256f36bbdc3a5964b7265a0b822d3-failure,sha256:c95fa00217c8f486921a24b482a78ab82f990777fd983b3660c6559c37f35d9c,sha256:2b6db34aacbffdb427c6a86493c0c97d7fa901154c9c190f56705a55a8d2a0ee,sha256:bba49a3c81f6001e3cf2a488d02e36c2cd4c5c951d70da2b28ce889c7e5957d0,sha256:8c7253182bc9ba291d9e03f218e2faaa1c483012114daf91407d2081b931f721,ibm_kyiv,ibm_kyiv,replay,replay:ibm_kyiv,ibm_kyiv,ibm_kyiv->ibm_kyiv,True,,1,1,8.0,1.0,controlled scenario descriptor,0.016,0.5333333333333333,derived recovery-time saved/current backend evidence,0,derived recovery-time saved/current backend identity,1,controlled scenario environment,0.55,0.18666666666666665,0.0,0.0,0.7366666666666667,True,True,cf-071859b42f7d379ba4f6,0.0045872221080234254,0.059344232355967586,0.003994815739108471,False,False,False,0,0,0,1,4352,40,noisy_sim,9,4,3328,4,0,0.5,4,4,0.0026645551858512917,0.11666870738370162,0.049010001562726446,0.08847674972093009,4,0.08,1,qubit_wise_commuting,8,8704,1088.0,1088,4,4,40,5,adapt_pauli_pool,0.6756576792700577,0.90625,0.0016,0.0105,0.018,0.00288,0.0189,0.0324,0.00128,0.0084,0.0144,1.0,1.0,replay,ibm_kyiv,0.024079999999999997
sha256:1eafa41053135a193f70965b950cff889f8cbee37887979ea292910d12d18425,fresh_rq4_9101_9108,fresh_evaluation,sigmetrics-rq4-fresh-operating-point-confirmation-v1,sha256:5750482173dcfa6f0132ad83b5b7c2198dd34d8873543e9e53f8d38420cff74c,sigmetrics-rq4-fresh-operating-point-confirmation-v1--5f5dc85340cad7dd,9106,h2_vqe,paper,noisy_sim,B5,4,2,cross_backend,sha256:1eafa41053135a193f70965b950cff889f8cbee37887979ea292910d12d18425-failure,sha256:0b362a24ef398315698f0a0562efe41b0e4d46ca311128adb2345e614de6a34a,sha256:3e961724e06d6d711a9338896a03f47484a702bab4903cdf8ef8771396da980d,sha256:465cf8190aa72910b114108c272f86151fcf7f7906fe7d9023fc8db000a97506,sha256:9d3ecfa1d88ce063e021034b9bef7156c9cc231a0709ca285aefe6404e545900,ibm_kyiv,ibm_brisbane,migrate,migrate:ibm_brisbane,ibm_brisbane,ibm_kyiv->ibm_brisbane,True,,1,1,0.0,0.0,controlled scenario descriptor,0.007,0.23333333333333334,derived recovery-time saved/current backend evidence,1,derived recovery-time saved/current backend identity,1,controlled scenario environment,0.0,0.08166666666666667,0.1,0.0,0.18166666666666667,True,True,cf-be3c4b2a5fa861a4dfed,0.01015535114032362,0.0634520016013908,0.011510058261280702,False,False,False,0,0,0,1,4992,104,noisy_sim,9,3,2976,4,0,0.42857142857142855,4,4,0.0479801452291162,0.33840187702173724,0.06618748969369903,0.2661413295653281,12,0.105,1,qubit_wise_commuting,7,8736,1248.0,1248,12,0,24,4,entangling_ry_rz_brickwork,1.2407241615540299,0.8125,0.0016,0.0105,0.018,0.0021,0.014,0.024,0.0004999999999999998,0.0034999999999999996,0.006000000000000002,1.0,1.0,migrate,ibm_brisbane,0.010000000000000002
sha256:1eafa41053135a193f70965b950cff889f8cbee37887979ea292910d12d18425,fresh_rq4_9101_9108,fresh_evaluation,sigmetrics-rq4-fresh-operating-point-confirmation-v1,sha256:5750482173dcfa6f0132ad83b5b7c2198dd34d8873543e9e53f8d38420cff74c,sigmetrics-rq4-fresh-operating-point-confirmation-v1--5f5dc85340cad7dd,9106,h2_vqe,paper,noisy_sim,B5,4,2,cross_backend,sha256:1eafa41053135a193f70965b950cff889f8cbee37887979ea292910d12d18425-failure,sha256:0b362a24ef398315698f0a0562efe41b0e4d46ca311128adb2345e614de6a34a,sha256:3e961724e06d6d711a9338896a03f47484a702bab4903cdf8ef8771396da980d,sha256:465cf8190aa72910b114108c272f86151fcf7f7906fe7d9023fc8db000a97506,sha256:9d3ecfa1d88ce063e021034b9bef7156c9cc231a0709ca285aefe6404e545900,ibm_kyiv,ibm_sherbrooke,migrate,migrate:ibm_sherbrooke,ibm_sherbrooke,ibm_kyiv->ibm_sherbrooke,True,,1,1,0.0,0.0,controlled scenario descriptor,0.0018999999999999998,0.06333333333333332,derived recovery-time saved/current backend evidence,1,derived recovery-time saved/current backend identity,1,controlled scenario environment,0.0,0.02216666666666666,0.1,0.0,0.12216666666666667,True,True,cf-8a5938e1dbcf07842ff0,0.0051334292027642725,0.012893035061864795,0.005108143797729607,False,False,False,0,0,0,1,4992,104,noisy_sim,9,3,2976,4,0,0.42857142857142855,4,4,0.0479801452291162,0.33840187702173724,0.06618748969369903,0.2661413295653281,12,0.105,1,qubit_wise_commuting,7,8736,1248.0,1248,12,0,24,4,entangling_ry_rz_brickwork,1.2407241615540299,0.8125,0.0016,0.0105,0.018,0.0012,0.0095,0.017,0.0004000000000000002,0.0010000000000000009,0.0009999999999999974,1.0,1.0,migrate,ibm_sherbrooke,0.0023999999999999985
sha256:20508ca5ff87032243ea7f88d5bc5ed6b5cb52534c93aa2ce14e85d91b885267,fresh_rq4_9101_9108,fresh_evaluation,sigmetrics-rq4-fresh-operating-point-confirmation-v1,sha256:5750482173dcfa6f0132ad83b5b7c2198dd34d8873543e9e53f8d38420cff74c,sigmetrics-rq4-fresh-operating-point-confirmation-v1--fcb9ebf86a4b786b,9108,h2_vqe,paper,noisy_sim,B5,4,2,same_backend_delay,sha256:20508ca5ff87032243ea7f88d5bc5ed6b5cb52534c93aa2ce14e85d91b885267-failure,sha256:6755344edaa1eff50bfe6ffeea6c6730008ece609def3b88971445f45c0e0afb,sha256:2b5d5606b48121c83beae64c1c7cabbafc8d4853980e515ebdce93987de444de,sha256:6b97ad82624cbf5bb09be560aa6bb9d630db90477bce3a53713c959f84ab3cbb,sha256:5aa084be3c8c09ded7103893088f45ec59bf1f8732012f6064f9779593547add,ibm_kyiv,ibm_sherbrooke,migrate,migrate:ibm_sherbrooke,ibm_sherbrooke,ibm_kyiv->ibm_sherbrooke,True,,1,1,0.0,0.0,controlled scenario descriptor,0.0018999999999999998,0.06333333333333332,derived recovery-time saved/current backend evidence,1,derived recovery-time saved/current backend identity,1,controlled scenario environment,0.0,0.02216666666666666,0.1,0.0,0.12216666666666667,True,True,cf-9369bb7c0d248737fddc,0.005072933774741273,0.012075498608813608,0.005781813814128386,False,False,False,0,0,0,1,4992,104,noisy_sim,9,3,2976,4,0,0.42857142857142855,4,4,0.03791099606738313,0.27465334153510007,0.05366180107621309,0.20896932949876243,12,0.105,1,qubit_wise_commuting,7,8736,1248.0,1248,12,0,24,4,entangling_ry_rz_brickwork,0.9900381947507049,0.8565705128205128,0.0016,0.0105,0.018,0.0012,0.0095,0.017,0.0004000000000000002,0.0010000000000000009,0.0009999999999999974,1.0,1.0,migrate,ibm_sherbrooke,0.0023999999999999985
sha256:20508ca5ff87032243ea7f88d5bc5ed6b5cb52534c93aa2ce14e85d91b885267,fresh_rq4_9101_9108,fresh_evaluation,sigmetrics-rq4-fresh-operating-point-confirmation-v1,sha256:5750482173dcfa6f0132ad83b5b7c2198dd34d8873543e9e53f8d38420cff74c,sigmetrics-rq4-fresh-operating-point-confirmation-v1--fcb9ebf86a4b786b,9108,h2_vqe,paper,noisy_sim,B5,4,2,same_backend_delay,sha256:20508ca5ff87032243ea7f88d5bc5ed6b5cb52534c93aa2ce14e85d91b885267-failure,sha256:6755344edaa1eff50bfe6ffeea6c6730008ece609def3b88971445f45c0e0afb,sha256:2b5d5606b48121c83beae64c1c7cabbafc8d4853980e515ebdce93987de444de,sha256:6b97ad82624cbf5bb09be560aa6bb9d630db90477bce3a53713c959f84ab3cbb,sha256:5aa084be3c8c09ded7103893088f45ec59bf1f8732012f6064f9779593547add,ibm_kyiv,ibm_kyiv,replay,replay:ibm_kyiv,ibm_kyiv,ibm_kyiv->ibm_kyiv,True,,1,1,4.0,0.8,controlled scenario descriptor,0.007999999999999998,0.2666666666666666,derived recovery-time saved/current backend evidence,0,derived recovery-time saved/current backend identity,1,controlled scenario environment,0.44000000000000006,0.09333333333333331,0.0,0.0,0.5333333333333333,True,True,cf-dded51cff6fa9e176f61,0.0123607048499772,0.07229031416990489,0.015340372980947849,False,False,False,0,0,0,1,4992,104,noisy_sim,9,3,2976,4,0,0.42857142857142855,4,4,0.03791099606738313,0.27465334153510007,0.05366180107621309,0.20896932949876243,12,0.105,1,qubit_wise_commuting,7,8736,1248.0,1248,12,0,24,4,entangling_ry_rz_brickwork,0.9900381947507049,0.8565705128205128,0.0016,0.0105,0.018,0.00224,0.0147,0.025199999999999997,0.0006399999999999997,0.004199999999999999,0.007199999999999998,1.0,1.0,replay,ibm_kyiv,0.012039999999999997
sha256:22768b461384c85c5ac439f68e616cd0930b38cfa5b7effa0fce848aeb5dd074,fresh_rq4_9101_9108,fresh_evaluation,sigmetrics-rq4-fresh-operating-point-confirmation-v1,sha256:5750482173dcfa6f0132ad83b5b7c2198dd34d8873543e9e53f8d38420cff74c,sigmetrics-rq4-fresh-operating-point-confirmation-v1--35ba05985e26f179,9102,adapt_vqe,paper,noisy_sim,B5,4,2,cross_backend,sha256:22768b461384c85c5ac439f68e616cd0930b38cfa5b7effa0fce848aeb5dd074-failure,sha256:c5ed3d2b870c2c1fb4065dd76c58e7c229c7bfcce63f09a70ea39f6f94857dc5,sha256:3e961724e06d6d711a9338896a03f47484a702bab4903cdf8ef8771396da980d,sha256:7edecfba009e2f47b53720d8e6f4764bc8af02de63117f2739ea2de44e4ab909,sha256:254db926320aac8bac2372f6ba6fdcfd251e8b324a55d5504fbb9c6ec048321b,ibm_kyiv,ibm_brisbane,migrate,migrate:ibm_brisbane,ibm_brisbane,ibm_kyiv->ibm_brisbane,True,,1,1,0.0,0.0,controlled scenario descriptor,0.007,0.23333333333333334,derived recovery-time saved/current backend evidence,1,derived recovery-time saved/current backend identity,1,controlled scenario environment,0.0,0.08166666666666667,0.1,0.0,0.18166666666666667,True,True,cf-7b65112f29e015f217dd,0.001866630110769485,0.032882583133324185,0.001472744224154443,False,False,False,0,0,0,1,4352,40,noisy_sim,9,4,3328,4,0,0.5,4,4,0.002911397649691061,0.12388330571212393,0.05556251877382549,0.09368415656939454,4,0.08,1,qubit_wise_commuting,8,8704,1088.0,1088,4,4,40,5,adapt_pauli_pool,0.6253276727837427,0.9154411764705882,0.0016,0.0105,0.018,0.0021,0.014,0.024,0.0004999999999999998,0.0034999999999999996,0.006000000000000002,1.0,1.0,migrate,ibm_brisbane,0.010000000000000002
sha256:22768b461384c85c5ac439f68e616cd0930b38cfa5b7effa0fce848aeb5dd074,fresh_rq4_9101_9108,fresh_evaluation,sigmetrics-rq4-fresh-operating-point-confirmation-v1,sha256:5750482173dcfa6f0132ad83b5b7c2198dd34d8873543e9e53f8d38420cff74c,sigmetrics-rq4-fresh-operating-point-confirmation-v1--35ba05985e26f179,9102,adapt_vqe,paper,noisy_sim,B5,4,2,cross_backend,sha256:22768b461384c85c5ac439f68e616cd0930b38cfa5b7effa0fce848aeb5dd074-failure,sha256:c5ed3d2b870c2c1fb4065dd76c58e7c229c7bfcce63f09a70ea39f6f94857dc5,sha256:3e961724e06d6d711a9338896a03f47484a702bab4903cdf8ef8771396da980d,sha256:7edecfba009e2f47b53720d8e6f4764bc8af02de63117f2739ea2de44e4ab909,sha256:254db926320aac8bac2372f6ba6fdcfd251e8b324a55d5504fbb9c6ec048321b,ibm_kyiv,ibm_sherbrooke,migrate,migrate:ibm_sherbrooke,ibm_sherbrooke,ibm_kyiv->ibm_sherbrooke,True,,1,1,0.0,0.0,controlled scenario descriptor,0.0018999999999999998,0.06333333333333332,derived recovery-time saved/current backend evidence,1,derived recovery-time saved/current backend identity,1,controlled scenario environment,0.0,0.02216666666666666,0.1,0.0,0.12216666666666667,True,True,cf-4a04d05c0d7566ceef4c,0.0006575731497653337,0.007156612995423367,0.0011792636114304731,False,False,False,0,0,0,1,4352,40,noisy_sim,9,4,3328,4,0,0.5,4,4,0.002911397649691061,0.12388330571212393,0.05556251877382549,0.09368415656939454,4,0.08,1,qubit_wise_commuting,8,8704,1088.0,1088,4,4,40,5,adapt_pauli_pool,0.6253276727837427,0.9154411764705882,0.0016,0.0105,0.018,0.0012,0.0095,0.017,0.0004000000000000002,0.0010000000000000009,0.0009999999999999974,1.0,1.0,migrate,ibm_sherbrooke,0.0023999999999999985
sha256:2473f7c2e9b1ce3a1a93132a911417345b0a0a9bf6c98a664f315ff94dfa0ba8,fresh_rq4_9101_9108,fresh_evaluation,sigmetrics-rq4-fresh-operating-point-confirmation-v1,sha256:5750482173dcfa6f0132ad83b5b7c2198dd34d8873543e9e53f8d38420cff74c,sigmetrics-rq4-fresh-operating-point-confirmation-v1--36d60f88b659b8f1,9102,adapt_vqe,paper,noisy_sim,B5,4,2,same_backend_delay,sha256:2473f7c2e9b1ce3a1a93132a911417345b0a0a9bf6c98a664f315ff94dfa0ba8-failure,sha256:c5ed3d2b870c2c1fb4065dd76c58e7c229c7bfcce63f09a70ea39f6f94857dc5,sha256:2b5d5606b48121c83beae64c1c7cabbafc8d4853980e515ebdce93987de444de,sha256:b1849732b79eb5177de398eb4028fec64844d14f5dcc9d49fd46e4a775bfc005,sha256:73d335865eec6413d6757e8dd54dc3a050acb31b5e9080e05e854781b573f859,ibm_kyiv,ibm_sherbrooke,migrate,migrate:ibm_sherbrooke,ibm_sherbrooke,ibm_kyiv->ibm_sherbrooke,True,,1,1,0.0,0.0,controlled scenario descriptor,0.0018999999999999998,0.06333333333333332,derived recovery-time saved/current backend evidence,1,derived recovery-time saved/current backend identity,1,controlled scenario environment,0.0,0.02216666666666666,0.1,0.0,0.12216666666666667,True,True,cf-a7fac072bdf1826d3da0,0.0006575731497653337,0.007156612995423367,0.0011792636114304731,False,False,False,0,0,0,1,4352,40,noisy_sim,9,4,3328,4,0,0.5,4,4,0.002911397649691061,0.12388330571212393,0.05556251877382549,0.09368415656939454,4,0.08,1,qubit_wise_commuting,8,8704,1088.0,1088,4,4,40,5,adapt_pauli_pool,0.6253276727837427,0.9154411764705882,0.0016,0.0105,0.018,0.0012,0.0095,0.017,0.0004000000000000002,0.0010000000000000009,0.0009999999999999974,1.0,1.0,migrate,ibm_sherbrooke,0.0023999999999999985
sha256:2473f7c2e9b1ce3a1a93132a911417345b0a0a9bf6c98a664f315ff94dfa0ba8,fresh_rq4_9101_9108,fresh_evaluation,sigmetrics-rq4-fresh-operating-point-confirmation-v1,sha256:5750482173dcfa6f0132ad83b5b7c2198dd34d8873543e9e53f8d38420cff74c,sigmetrics-rq4-fresh-operating-point-confirmation-v1--36d60f88b659b8f1,9102,adapt_vqe,paper,noisy_sim,B5,4,2,same_backend_delay,sha256:2473f7c2e9b1ce3a1a93132a911417345b0a0a9bf6c98a664f315ff94dfa0ba8-failure,sha256:c5ed3d2b870c2c1fb4065dd76c58e7c229c7bfcce63f09a70ea39f6f94857dc5,sha256:2b5d5606b48121c83beae64c1c7cabbafc8d4853980e515ebdce93987de444de,sha256:b1849732b79eb5177de398eb4028fec64844d14f5dcc9d49fd46e4a775bfc005,sha256:73d335865eec6413d6757e8dd54dc3a050acb31b5e9080e05e854781b573f859,ibm_kyiv,ibm_kyiv,replay,replay:ibm_kyiv,ibm_kyiv,ibm_kyiv->ibm_kyiv,True,,1,1,4.0,0.8,controlled scenario descriptor,0.007999999999999998,0.2666666666666666,derived recovery-time saved/current backend evidence,0,derived recovery-time saved/current backend identity,1,controlled scenario environment,0.44000000000000006,0.09333333333333331,0.0,0.0,0.5333333333333333,True,True,cf-cf8d7c082f0915e32694,0.002283619570775386,0.04552766104040809,0.0018848468872635765,False,False,False,0,0,0,1,4352,40,noisy_sim,9,4,3328,4,0,0.5,4,4,0.002911397649691061,0.12388330571212393,0.05556251877382549,0.09368415656939454,4,0.08,1,qubit_wise_commuting,8,8704,1088.0,1088,4,4,40,5,adapt_pauli_pool,0.6253276727837427,0.9154411764705882,0.0016,0.0105,0.018,0.00224,0.0147,0.025199999999999997,0.0006399999999999997,0.004199999999999999,0.007199999999999998,1.0,1.0,replay,ibm_kyiv,0.012039999999999997
sha256:24a805423e2403c8ac5f3874b99bad944c3f19afc4fb5ebfe1d95e94c9a28e32,fresh_rq4_9101_9108,fresh_evaluation,sigmetrics-rq4-fresh-operating-point-confirmation-v1,sha256:5750482173dcfa6f0132ad83b5b7c2198dd34d8873543e9e53f8d38420cff74c,sigmetrics-rq4-fresh-operating-point-confirmation-v1--cf09be931fa36101,9101,adapt_vqe,paper,noisy_sim,B5,4,2,high_change,sha256:24a805423e2403c8ac5f3874b99bad944c3f19afc4fb5ebfe1d95e94c9a28e32-failure,sha256:24981ccf032f587353b083625fc9a2ac2feda2bbda3f737b97287a47b5676d5b,sha256:2b6db34aacbffdb427c6a86493c0c97d7fa901154c9c190f56705a55a8d2a0ee,sha256:bba49a3c81f6001e3cf2a488d02e36c2cd4c5c951d70da2b28ce889c7e5957d0,sha256:f6db3d1865843e97ac151dbcf77b2f485df52ad1d1ff7ec3b76344287131093a,ibm_kyiv,ibm_brisbane,migrate,migrate:ibm_brisbane,ibm_brisbane,ibm_kyiv->ibm_brisbane,True,,1,1,6.0,1.0,controlled scenario descriptor,0.023860000000000006,0.7953333333333336,derived recovery-time saved/current backend evidence,1,derived recovery-time saved/current backend identity,1,controlled scenario environment,0.55,0.2783666666666667,0.1,0.0,0.9283666666666667,True,True,cf-25dd9f875938f24b6fd0,0.006511542561312922,0.1234682753775161,0.004605199337225892,False,False,False,0,0,0,1,4352,40,noisy_sim,9,4,3328,4,0,0.5,4,4,0.0014004090875534558,0.0742079640082951,0.02543388135428772,0.07200050842760912,4,0.08,1,qubit_wise_commuting,8,8704,1088.0,1088,4,4,40,5,adapt_pauli_pool,0.6792885613009749,0.9071691176470589,0.0016,0.0105,0.018,0.00336,0.022400000000000003,0.038400000000000004,0.00176,0.011900000000000003,0.020400000000000005,1.0,1.0,migrate,ibm_brisbane,0.03406000000000001
sha256:24a805423e2403c8ac5f3874b99bad944c3f19afc4fb5ebfe1d95e94c9a28e32,fresh_rq4_9101_9108,fresh_evaluation,sigmetrics-rq4-fresh-operating-point-confirmation-v1,sha256:5750482173dcfa6f0132ad83b5b7c2198dd34d8873543e9e53f8d38420cff74c,sigmetrics-rq4-fresh-operating-point-confirmation-v1--cf09be931fa36101,9101,adapt_vqe,paper,noisy_sim,B5,4,2,high_change,sha256:24a805423e2403c8ac5f3874b99bad944c3f19afc4fb5ebfe1d95e94c9a28e32-failure,sha256:24981ccf032f587353b083625fc9a2ac2feda2bbda3f737b97287a47b5676d5b,sha256:2b6db34aacbffdb427c6a86493c0c97d7fa901154c9c190f56705a55a8d2a0ee,sha256:bba49a3c81f6001e3cf2a488d02e36c2cd4c5c951d70da2b28ce889c7e5957d0,sha256:f6db3d1865843e97ac151dbcf77b2f485df52ad1d1ff7ec3b76344287131093a,ibm_kyiv,ibm_kyiv,replay,replay:ibm_kyiv,ibm_kyiv,ibm_kyiv->ibm_kyiv,True,,1,1,8.0,1.0,controlled scenario descriptor,0.016,0.5333333333333333,derived recovery-time saved/current backend evidence,0,derived recovery-time saved/current backend identity,1,controlled scenario environment,0.55,0.18666666666666665,0.0,0.0,0.7366666666666667,True,True,cf-ea9f44120b7a886b7ee6,0.004640164779938338,0.10060269419480028,0.0033503719261053833,False,False,False,0,0,0,1,4352,40,noisy_sim,9,4,3328,4,0,0.5,4,4,0.0014004090875534558,0.0742079640082951,0.02543388135428772,0.07200050842760912,4,0.08,1,qubit_wise_commuting,8,8704,1088.0,1088,4,4,40,5,adapt_pauli_pool,0.6792885613009749,0.9071691176470589,0.0016,0.0105,0.018,0.00288,0.0189,0.0324,0.00128,0.0084,0.0144,1.0,1.0,replay,ibm_kyiv,0.024079999999999997
sha256:2644bf19bcc6f714bb66f1a604d460d4a32b16a488ffd88dea4b1b096c3038a4,fresh_rq4_9101_9108,fresh_evaluation,sigmetrics-rq4-fresh-operating-point-confirmation-v1,sha256:5750482173dcfa6f0132ad83b5b7c2198dd34d8873543e9e53f8d38420cff74c,sigmetrics-rq4-fresh-operating-point-confirmation-v1--7bde16958e596bf2,9107,h2_vqe,paper,noisy_sim,B5,4,2,cross_backend,sha256:2644bf19bcc6f714bb66f1a604d460d4a32b16a488ffd88dea4b1b096c3038a4-failure,sha256:3e23ae024eb0062818897a46bb346d0cbfeb6fd8ad76ced98432bc283e60769e,sha256:3e961724e06d6d711a9338896a03f47484a702bab4903cdf8ef8771396da980d,sha256:465cf8190aa72910b114108c272f86151fcf7f7906fe7d9023fc8db000a97506,sha256:43aded3b84a740a9d14714936b8e40fbfe99e3b0c579a94ffde78e66f1e42d83,ibm_kyiv,ibm_brisbane,migrate,migrate:ibm_brisbane,ibm_brisbane,ibm_kyiv->ibm_brisbane,True,,1,1,0.0,0.0,controlled scenario descriptor,0.007,0.23333333333333334,derived recovery-time saved/current backend evidence,1,derived recovery-time saved/current backend identity,1,controlled scenario environment,0.0,0.08166666666666667,0.1,0.0,0.18166666666666667,True,True,cf-603c7e6dc18e7ecda058,0.009937368297586291,0.04203882766820414,0.011681404780540243,False,False,False,0,0,0,1,4992,104,noisy_sim,9,3,2976,4,0,0.42857142857142855,4,4,0.0584185750342634,0.3548951064836088,0.05345574608703186,0.23873266277581648,12,0.105,1,qubit_wise_commuting,7,8736,1248.0,1248,12,0,24,4,entangling_ry_rz_brickwork,0.9714894437408683,0.8605769230769231,0.0016,0.0105,0.018,0.0021,0.014,0.024,0.0004999999999999998,0.0034999999999999996,0.006000000000000002,1.0,1.0,migrate,ibm_brisbane,0.010000000000000002
sha256:2644bf19bcc6f714bb66f1a604d460d4a32b16a488ffd88dea4b1b096c3038a4,fresh_rq4_9101_9108,fresh_evaluation,sigmetrics-rq4-fresh-operating-point-confirmation-v1,sha256:5750482173dcfa6f0132ad83b5b7c2198dd34d8873543e9e53f8d38420cff74c,sigmetrics-rq4-fresh-operating-point-confirmation-v1--7bde16958e596bf2,9107,h2_vqe,paper,noisy_sim,B5,4,2,cross_backend,sha256:2644bf19bcc6f714bb66f1a604d460d4a32b16a488ffd88dea4b1b096c3038a4-failure,sha256:3e23ae024eb0062818897a46bb346d0cbfeb6fd8ad76ced98432bc283e60769e,sha256:3e961724e06d6d711a9338896a03f47484a702bab4903cdf8ef8771396da980d,sha256:465cf8190aa72910b114108c272f86151fcf7f7906fe7d9023fc8db000a97506,sha256:43aded3b84a740a9d14714936b8e40fbfe99e3b0c579a94ffde78e66f1e42d83,ibm_kyiv,ibm_sherbrooke,migrate,migrate:ibm_sherbrooke,ibm_sherbrooke,ibm_kyiv->ibm_sherbrooke,True,,1,1,0.0,0.0,controlled scenario descriptor,0.0018999999999999998,0.06333333333333332,derived recovery-time saved/current backend evidence,1,derived recovery-time saved/current backend identity,1,controlled scenario environment,0.0,0.02216666666666666,0.1,0.0,0.12216666666666667,True,True,cf-1ed4c457cee01a670fd7,0.005021048379204807,0.02222857714655542,0.005293266259571194,False,False,False,0,0,0,1,4992,104,noisy_sim,9,3,2976,4,0,0.42857142857142855,4,4,0.0584185750342634,0.3548951064836088,0.05345574608703186,0.23873266277581648,12,0.105,1,qubit_wise_commuting,7,8736,1248.0,1248,12,0,24,4,entangling_ry_rz_brickwork,0.9714894437408683,0.8605769230769231,0.0016,0.0105,0.018,0.0012,0.0095,0.017,0.0004000000000000002,0.0010000000000000009,0.0009999999999999974,1.0,1.0,migrate,ibm_sherbrooke,0.0023999999999999985
sha256:267e5629c7db5a09bc7e3648c4167d7a5efd958b83c9d43c13969a6703b71b88,fresh_rq4_9101_9108,fresh_evaluation,sigmetrics-rq4-fresh-operating-point-confirmation-v1,sha256:5750482173dcfa6f0132ad83b5b7c2198dd34d8873543e9e53f8d38420cff74c,sigmetrics-rq4-fresh-operating-point-confirmation-v1--1c944f883691929f,9102,adapt_vqe,paper,noisy_sim,B5,4,2,no_change,sha256:267e5629c7db5a09bc7e3648c4167d7a5efd958b83c9d43c13969a6703b71b88-failure,sha256:c5ed3d2b870c2c1fb4065dd76c58e7c229c7bfcce63f09a70ea39f6f94857dc5,sha256:0e7343b47d003afe2860e33d67399c12f7ed84b7f18c3a5e0d48aae47fda9990,sha256:f84c41da86b339797e4a2ad44884a5ee22cc0b13456bb2ab135e5104d41cdbb8,sha256:bb6c38e06040d024cfb0bd945d8e438a842a4b0d7396e60e96891f7a06c1ff05,ibm_kyiv,ibm_kyiv,replay,replay:ibm_kyiv,ibm_kyiv,ibm_kyiv->ibm_kyiv,True,,1,1,0.0,0.0,controlled scenario descriptor,0.0,0.0,derived recovery-time saved/current backend evidence,0,derived recovery-time saved/current backend identity,1,controlled scenario environment,0.0,0.0,0.0,0.0,0.0,True,True,cf-cf258264b3ab24e984a1,0.0,0.0,0.0,True,True,True,1,1,1,0,4352,40,noisy_sim,9,4,3328,4,0,0.5,4,4,0.002911397649691061,0.12388330571212393,0.05556251877382549,0.09368415656939454,4,0.08,1,qubit_wise_commuting,8,8704,1088.0,1088,4,4,40,5,adapt_pauli_pool,0.6253276727837427,0.9154411764705882,0.0016,0.0105,0.018,0.0016,0.0105,0.018,0.0,0.0,0.0,1.0,1.0,replay,ibm_kyiv,0.0
sha256:29a0fadec2793c062c89f98789cd5247097552216da566a3e2ec054220502809,fresh_rq4_9101_9108,fresh_evaluation,sigmetrics-rq4-fresh-operating-point-confirmation-v1,sha256:5750482173dcfa6f0132ad83b5b7c2198dd34d8873543e9e53f8d38420cff74c,sigmetrics-rq4-fresh-operating-point-confirmation-v1--5090c946a0a1d64a,9106,qaoa_maxcut,paper,noisy_sim,B5,4,2,same_backend_delay,sha256:29a0fadec2793c062c89f98789cd5247097552216da566a3e2ec054220502809-failure,sha256:4b13dc787b6dcec40406bfe6cbf08d6868f725edc13de933d65c8b41b007ecf4,sha256:2b5d5606b48121c83beae64c1c7cabbafc8d4853980e515ebdce93987de444de,sha256:7c1d6d3b92b74eb9793f2e3d7476b13650919c35e6be30736522cf63625ecb00,sha256:80245e32341e703c9a72db723c54eec6a0c097afd9942ad679378501b0a9bf4d,ibm_kyiv,ibm_sherbrooke,migrate,migrate:ibm_sherbrooke,ibm_sherbrooke,ibm_kyiv->ibm_sherbrooke,True,,1,1,0.0,0.0,controlled scenario descriptor,0.0018999999999999998,0.06333333333333332,derived recovery-time saved/current backend evidence,1,derived recovery-time saved/current backend identity,1,controlled scenario environment,0.0,0.02216666666666666,0.1,0.0,0.12216666666666667,True,True,cf-21cbe54b6a5b45a757cc,0.3827842603353284,0.11226425228128432,0.6511094467574093,False,False,False,0,0,0,1,16384,40,noisy_sim,9,1,4096,0,0,1.0,4,4,-0.09918899322874886,5.776992671926344,2.0298838993852986,5.440245559664102,4,0.12,1,qubit_wise_commuting,1,4096,4096.0,4096,4,0,10,6,qaoa_maxcut,5.2531010300483505,0.116943359375,0.0016,0.0105,0.018,0.0012,0.0095,0.017,0.0004000000000000002,0.0010000000000000009,0.0009999999999999974,1.0,1.0,migrate,ibm_sherbrooke,0.0023999999999999985
sha256:29a0fadec2793c062c89f98789cd5247097552216da566a3e2ec054220502809,fresh_rq4_9101_9108,fresh_evaluation,sigmetrics-rq4-fresh-operating-point-confirmation-v1,sha256:5750482173dcfa6f0132ad83b5b7c2198dd34d8873543e9e53f8d38420cff74c,sigmetrics-rq4-fresh-operating-point-confirmation-v1--5090c946a0a1d64a,9106,qaoa_maxcut,paper,noisy_sim,B5,4,2,same_backend_delay,sha256:29a0fadec2793c062c89f98789cd5247097552216da566a3e2ec054220502809-failure,sha256:4b13dc787b6dcec40406bfe6cbf08d6868f725edc13de933d65c8b41b007ecf4,sha256:2b5d5606b48121c83beae64c1c7cabbafc8d4853980e515ebdce93987de444de,sha256:7c1d6d3b92b74eb9793f2e3d7476b13650919c35e6be30736522cf63625ecb00,sha256:80245e32341e703c9a72db723c54eec6a0c097afd9942ad679378501b0a9bf4d,ibm_kyiv,ibm_kyiv,replay,replay:ibm_kyiv,ibm_kyiv,ibm_kyiv->ibm_kyiv,True,,1,1,4.0,0.8,controlled scenario descriptor,0.007999999999999998,0.2666666666666666,derived recovery-time saved/current backend evidence,0,derived recovery-time saved/current backend identity,1,controlled scenario environment,0.44000000000000006,0.09333333333333331,0.0,0.0,0.5333333333333333,True,True,cf-15c4d2b4d7d1f5554128,0.4805131215640914,0.1385632041031859,1.215544988144116,False,False,False,0,0,0,1,16384,40,noisy_sim,9,1,4096,0,0,1.0,4,4,-0.09918899322874886,5.776992671926344,2.0298838993852986,5.440245559664102,4,0.12,1,qubit_wise_commuting,1,4096,4096.0,4096,4,0,10,6,qaoa_maxcut,5.2531010300483505,0.116943359375,0.0016,0.0105,0.018,0.00224,0.0147,0.025199999999999997,0.0006399999999999997,0.004199999999999999,0.007199999999999998,1.0,1.0,replay,ibm_kyiv,0.012039999999999997
sha256:2f1dc57a0f8454e1eb07cd3b943e559ef09c3a9687b69d7abac745b8871453ca,fresh_rq4_9101_9108,fresh_evaluation,sigmetrics-rq4-fresh-operating-point-confirmation-v1,sha256:5750482173dcfa6f0132ad83b5b7c2198dd34d8873543e9e53f8d38420cff74c,sigmetrics-rq4-fresh-operating-point-confirmation-v1--c2911158b377a846,9104,adapt_vqe,paper,noisy_sim,B5,4,2,same_backend_delay,sha256:2f1dc57a0f8454e1eb07cd3b943e559ef09c3a9687b69d7abac745b8871453ca-failure,sha256:a761ecad2dd49b502847909cab813d1a2c8ab15fee92c3aa5531ea8c62703aa1,sha256:2b5d5606b48121c83beae64c1c7cabbafc8d4853980e515ebdce93987de444de,sha256:b1849732b79eb5177de398eb4028fec64844d14f5dcc9d49fd46e4a775bfc005,sha256:52a8555d1494252d9794673e339f4c45747cb50157b88bf1a37a714269c25796,ibm_kyiv,ibm_sherbrooke,migrate,migrate:ibm_sherbrooke,ibm_sherbrooke,ibm_kyiv->ibm_sherbrooke,True,,1,1,0.0,0.0,controlled scenario descriptor,0.0018999999999999998,0.06333333333333332,derived recovery-time saved/current backend evidence,1,derived recovery-time saved/current backend identity,1,controlled scenario environment,0.0,0.02216666666666666,0.1,0.0,0.12216666666666667,True,True,cf-4994fc901bc94bf9843c,0.0006716097519285924,0.022542577135256495,0.0010660200366198788,False,False,False,0,0,0,1,4352,40,noisy_sim,9,4,3328,4,0,0.5,4,4,0.000976828504457572,0.06543245727204355,0.0318251164881452,0.03736167998676068,4,0.08,1,qubit_wise_commuting,8,8704,1088.0,1088,4,4,40,5,adapt_pauli_pool,0.6634617539535163,0.9080882352941176,0.0016,0.0105,0.018,0.0012,0.0095,0.017,0.0004000000000000002,0.0010000000000000009,0.0009999999999999974,1.0,1.0,migrate,ibm_sherbrooke,0.0023999999999999985
sha256:2f1dc57a0f8454e1eb07cd3b943e559ef09c3a9687b69d7abac745b8871453ca,fresh_rq4_9101_9108,fresh_evaluation,sigmetrics-rq4-fresh-operating-point-confirmation-v1,sha256:5750482173dcfa6f0132ad83b5b7c2198dd34d8873543e9e53f8d38420cff74c,sigmetrics-rq4-fresh-operating-point-confirmation-v1--c2911158b377a846,9104,adapt_vqe,paper,noisy_sim,B5,4,2,same_backend_delay,sha256:2f1dc57a0f8454e1eb07cd3b943e559ef09c3a9687b69d7abac745b8871453ca-failure,sha256:a761ecad2dd49b502847909cab813d1a2c8ab15fee92c3aa5531ea8c62703aa1,sha256:2b5d5606b48121c83beae64c1c7cabbafc8d4853980e515ebdce93987de444de,sha256:b1849732b79eb5177de398eb4028fec64844d14f5dcc9d49fd46e4a775bfc005,sha256:52a8555d1494252d9794673e339f4c45747cb50157b88bf1a37a714269c25796,ibm_kyiv,ibm_kyiv,replay,replay:ibm_kyiv,ibm_kyiv,ibm_kyiv->ibm_kyiv,True,,1,1,4.0,0.8,controlled scenario descriptor,0.007999999999999998,0.2666666666666666,derived recovery-time saved/current backend evidence,0,derived recovery-time saved/current backend identity,1,controlled scenario environment,0.44000000000000006,0.09333333333333331,0.0,0.0,0.5333333333333333,True,True,cf-dc526526b44d8dfaf113,0.002306045626212949,0.044803846987543784,0.0017043519916450848,False,False,False,0,0,0,1,4352,40,noisy_sim,9,4,3328,4,0,0.5,4,4,0.000976828504457572,0.06543245727204355,0.0318251164881452,0.03736167998676068,4,0.08,1,qubit_wise_commuting,8,8704,1088.0,1088,4,4,40,5,adapt_pauli_pool,0.6634617539535163,0.9080882352941176,0.0016,0.0105,0.018,0.00224,0.0147,0.025199999999999997,0.0006399999999999997,0.004199999999999999,0.007199999999999998,1.0,1.0,replay,ibm_kyiv,0.012039999999999997
sha256:2fa9308daccfebe7ba590a24893e1a6e26dccbc288a13d7a2633ecbbe924c3fe,fresh_rq4_9101_9108,fresh_evaluation,sigmetrics-rq4-fresh-operating-point-confirmation-v1,sha256:5750482173dcfa6f0132ad83b5b7c2198dd34d8873543e9e53f8d38420cff74c,sigmetrics-rq4-fresh-operating-point-confirmation-v1--1e55353c2d9d715d,9107,qaoa_maxcut,paper,noisy_sim,B5,4,2,same_backend_delay,sha256:2fa9308daccfebe7ba590a24893e1a6e26dccbc288a13d7a2633ecbbe924c3fe-failure,sha256:67daec08e70c80bbd15ca0686a50877ab9ae688a0109db49c05bcea8b5fe59b6,sha256:2b5d5606b48121c83beae64c1c7cabbafc8d4853980e515ebdce93987de444de,sha256:7c1d6d3b92b74eb9793f2e3d7476b13650919c35e6be30736522cf63625ecb00,sha256:a98605b2f678c3cae325e0c2d17c8733f18f675448f3e6950ebe1c1341315a87,ibm_kyiv,ibm_sherbrooke,migrate,migrate:ibm_sherbrooke,ibm_sherbrooke,ibm_kyiv->ibm_sherbrooke,True,,1,1,0.0,0.0,controlled scenario descriptor,0.0018999999999999998,0.06333333333333332,derived recovery-time saved/current backend evidence,1,derived recovery-time saved/current backend identity,1,controlled scenario environment,0.0,0.02216666666666666,0.1,0.0,0.12216666666666667,True,True,cf-833b7e0f0b75e8b1bea3,0.18584532358693107,0.04188242444894552,0.18323416672770718,False,True,False,0,1,0,1,16512,40,noisy_sim,9,1,4128,0,0,1.0,4,4,0.6517512844034044,4.478109469565712,1.4710924419437716,4.366170334259323,4,0.12,1,qubit_wise_commuting,1,4128,4128.0,4128,4,0,10,6,qaoa_maxcut,5.747342570299482,0.06758720930232558,0.0016,0.0105,0.018,0.0012,0.0095,0.017,0.0004000000000000002,0.0010000000000000009,0.0009999999999999974,1.0,1.0,migrate,ibm_sherbrooke,0.0023999999999999985
sha256:2fa9308daccfebe7ba590a24893e1a6e26dccbc288a13d7a2633ecbbe924c3fe,fresh_rq4_9101_9108,fresh_evaluation,sigmetrics-rq4-fresh-operating-point-confirmation-v1,sha256:5750482173dcfa6f0132ad83b5b7c2198dd34d8873543e9e53f8d38420cff74c,sigmetrics-rq4-fresh-operating-point-confirmation-v1--1e55353c2d9d715d,9107,qaoa_maxcut,paper,noisy_sim,B5,4,2,same_backend_delay,sha256:2fa9308daccfebe7ba590a24893e1a6e26dccbc288a13d7a2633ecbbe924c3fe-failure,sha256:67daec08e70c80bbd15ca0686a50877ab9ae688a0109db49c05bcea8b5fe59b6,sha256:2b5d5606b48121c83beae64c1c7cabbafc8d4853980e515ebdce93987de444de,sha256:7c1d6d3b92b74eb9793f2e3d7476b13650919c35e6be30736522cf63625ecb00,sha256:a98605b2f678c3cae325e0c2d17c8733f18f675448f3e6950ebe1c1341315a87,ibm_kyiv,ibm_kyiv,replay,replay:ibm_kyiv,ibm_kyiv,ibm_kyiv->ibm_kyiv,True,,1,1,4.0,0.8,controlled scenario descriptor,0.007999999999999998,0.2666666666666666,derived recovery-time saved/current backend evidence,0,derived recovery-time saved/current backend identity,1,controlled scenario environment,0.44000000000000006,0.09333333333333331,0.0,0.0,0.5333333333333333,True,True,cf-961ab6854c2ba89763b8,0.275239246342748,0.1008817946997567,0.3109095672405431,False,False,False,0,0,0,1,16512,40,noisy_sim,9,1,4128,0,0,1.0,4,4,0.6517512844034044,4.478109469565712,1.4710924419437716,4.366170334259323,4,0.12,1,qubit_wise_commuting,1,4128,4128.0,4128,4,0,10,6,qaoa_maxcut,5.747342570299482,0.06758720930232558,0.0016,0.0105,0.018,0.00224,0.0147,0.025199999999999997,0.0006399999999999997,0.004199999999999999,0.007199999999999998,1.0,1.0,replay,ibm_kyiv,0.012039999999999997
sha256:30237126ff7957d0cda20f3942a5356a6b1ad1397e753b516bdff5a00f66455a,fresh_rq4_9101_9108,fresh_evaluation,sigmetrics-rq4-fresh-operating-point-confirmation-v1,sha256:5750482173dcfa6f0132ad83b5b7c2198dd34d8873543e9e53f8d38420cff74c,sigmetrics-rq4-fresh-operating-point-confirmation-v1--0501456458631107,9102,h2_vqe,paper,noisy_sim,B5,4,2,cross_backend,sha256:30237126ff7957d0cda20f3942a5356a6b1ad1397e753b516bdff5a00f66455a-failure,sha256:68e7b86ca90be47327d692e63bd1dc918069a90ea501869a6dc007002578ba65,sha256:3e961724e06d6d711a9338896a03f47484a702bab4903cdf8ef8771396da980d,sha256:465cf8190aa72910b114108c272f86151fcf7f7906fe7d9023fc8db000a97506,sha256:c8c6315ee7bb302a7f5200873c1c89fb673cb5833e2d5732e4edace95047a69b,ibm_kyiv,ibm_brisbane,migrate,migrate:ibm_brisbane,ibm_brisbane,ibm_kyiv->ibm_brisbane,True,,1,1,0.0,0.0,controlled scenario descriptor,0.007,0.23333333333333334,derived recovery-time saved/current backend evidence,1,derived recovery-time saved/current backend identity,1,controlled scenario environment,0.0,0.08166666666666667,0.1,0.0,0.18166666666666667,True,True,cf-edc1f129537dd294df3d,0.009873152087466197,0.05906142824615705,0.011183509178082049,False,False,False,0,0,0,1,4992,104,noisy_sim,9,3,2976,4,0,0.42857142857142855,4,4,0.07565561814762378,0.4171411824605734,0.07618892284257754,0.3378772338925461,12,0.105,1,qubit_wise_commuting,7,8736,1248.0,1248,12,0,24,4,entangling_ry_rz_brickwork,1.1134068816503246,0.8381410256410257,0.0016,0.0105,0.018,0.0021,0.014,0.024,0.0004999999999999998,0.0034999999999999996,0.006000000000000002,1.0,1.0,migrate,ibm_brisbane,0.010000000000000002
sha256:30237126ff7957d0cda20f3942a5356a6b1ad1397e753b516bdff5a00f66455a,fresh_rq4_9101_9108,fresh_evaluation,sigmetrics-rq4-fresh-operating-point-confirmation-v1,sha256:5750482173dcfa6f0132ad83b5b7c2198dd34d8873543e9e53f8d38420cff74c,sigmetrics-rq4-fresh-operating-point-confirmation-v1--0501456458631107,9102,h2_vqe,paper,noisy_sim,B5,4,2,cross_backend,sha256:30237126ff7957d0cda20f3942a5356a6b1ad1397e753b516bdff5a00f66455a-failure,sha256:68e7b86ca90be47327d692e63bd1dc918069a90ea501869a6dc007002578ba65,sha256:3e961724e06d6d711a9338896a03f47484a702bab4903cdf8ef8771396da980d,sha256:465cf8190aa72910b114108c272f86151fcf7f7906fe7d9023fc8db000a97506,sha256:c8c6315ee7bb302a7f5200873c1c89fb673cb5833e2d5732e4edace95047a69b,ibm_kyiv,ibm_sherbrooke,migrate,migrate:ibm_sherbrooke,ibm_sherbrooke,ibm_kyiv->ibm_sherbrooke,True,,1,1,0.0,0.0,controlled scenario descriptor,0.0018999999999999998,0.06333333333333332,derived recovery-time saved/current backend evidence,1,derived recovery-time saved/current backend identity,1,controlled scenario environment,0.0,0.02216666666666666,0.1,0.0,0.12216666666666667,True,True,cf-102fa9844f111365bdda,0.005007046451692698,0.01888151501866318,0.004983397282613282,False,False,False,0,0,0,1,4992,104,noisy_sim,9,3,2976,4,0,0.42857142857142855,4,4,0.07565561814762378,0.4171411824605734,0.07618892284257754,0.3378772338925461,12,0.105,1,qubit_wise_commuting,7,8736,1248.0,1248,12,0,24,4,entangling_ry_rz_brickwork,1.1134068816503246,0.8381410256410257,0.0016,0.0105,0.018,0.0012,0.0095,0.017,0.0004000000000000002,0.0010000000000000009,0.0009999999999999974,1.0,1.0,migrate,ibm_sherbrooke,0.0023999999999999985
sha256:325074df5f65ccfb96e8c34687bdc0b4c35873b7b46907ff4af3d8ca1323faf6,fresh_rq4_9101_9108,fresh_evaluation,sigmetrics-rq4-fresh-operating-point-confirmation-v1,sha256:5750482173dcfa6f0132ad83b5b7c2198dd34d8873543e9e53f8d38420cff74c,sigmetrics-rq4-fresh-operating-point-confirmation-v1--3763b58634dcae05,9104,h2_vqe,paper,noisy_sim,B5,4,2,safe_change,sha256:325074df5f65ccfb96e8c34687bdc0b4c35873b7b46907ff4af3d8ca1323faf6-failure,sha256:28ad285e8c04eb2f05c3c41f648d458ab1c48a43a54b8eb7129e3be51b77dd2c,sha256:8aa9fd73acdbefb930184631c530ac1ad4750da95e7359345a133016be010a68,sha256:9c8d84160a37684a330c5e86489f096e08f5be515d75b7d3faace12218e4c75a,sha256:a8eae5dfe8b849275ed21466880a78e3ae0962e08e759fea5b6dccc479970076,ibm_kyiv,ibm_kyiv,replay,replay:ibm_kyiv,ibm_kyiv,ibm_kyiv->ibm_kyiv,True,,1,1,0.1,0.02,controlled scenario descriptor,0.00020000000000000017,0.006666666666666672,derived recovery-time saved/current backend evidence,0,derived recovery-time saved/current backend identity,1,controlled scenario environment,0.011000000000000001,0.0023333333333333353,0.0,0.0,0.013333333333333336,True,True,cf-20a1a5753d910493ef01,0.00032636906865857185,0.006854982652295722,0.00023020412823742976,True,True,True,1,1,1,0,4992,104,noisy_sim,9,3,2976,4,0,0.42857142857142855,4,4,0.022333308958840448,0.22198050012203427,0.05018433197510505,0.11773649303535984,12,0.105,1,qubit_wise_commuting,7,8736,1248.0,1248,12,0,24,4,entangling_ry_rz_brickwork,1.2306074261017215,0.8149038461538461,0.0016,0.0105,0.018,0.001616,0.010605000000000002,0.018179999999999998,1.5999999999999955e-05,0.00010500000000000093,0.0001799999999999996,1.0,1.0,replay,ibm_kyiv,0.0003010000000000005
sha256:32c019dd74f04b6e4d4bb30b138c07fb87dfbefaf685f367611f489e974ffa51,fresh_rq4_9101_9108,fresh_evaluation,sigmetrics-rq4-fresh-operating-point-confirmation-v1,sha256:5750482173dcfa6f0132ad83b5b7c2198dd34d8873543e9e53f8d38420cff74c,sigmetrics-rq4-fresh-operating-point-confirmation-v1--0c0a8d801db6e3af,9106,h2_vqe,paper,noisy_sim,B5,4,2,high_change,sha256:32c019dd74f04b6e4d4bb30b138c07fb87dfbefaf685f367611f489e974ffa51-failure,sha256:0b362a24ef398315698f0a0562efe41b0e4d46ca311128adb2345e614de6a34a,sha256:2b6db34aacbffdb427c6a86493c0c97d7fa901154c9c190f56705a55a8d2a0ee,sha256:94e11cf4ea4c74d973b64129cefe2805f81a297533fc0020c3c844df147749e1,sha256:2fc67142652b30dcaf06971a829dca1a08ef3d686b6db9bc54841f37f4f9b116,ibm_kyiv,ibm_brisbane,migrate,migrate:ibm_brisbane,ibm_brisbane,ibm_kyiv->ibm_brisbane,True,,1,1,6.0,1.0,controlled scenario descriptor,0.023860000000000006,0.7953333333333336,derived recovery-time saved/current backend evidence,1,derived recovery-time saved/current backend identity,1,controlled scenario environment,0.55,0.2783666666666667,0.1,0.0,0.9283666666666667,True,True,cf-61478e0d5f6c88867a41,0.0344515309145601,0.11535299476479491,0.039204583488759936,False,False,False,0,0,0,1,4992,104,noisy_sim,9,3,2976,4,0,0.42857142857142855,4,4,0.0479801452291162,0.33840187702173724,0.06618748969369903,0.2661413295653281,12,0.105,1,qubit_wise_commuting,7,8736,1248.0,1248,12,0,24,4,entangling_ry_rz_brickwork,1.2407241615540299,0.8125,0.0016,0.0105,0.018,0.00336,0.022400000000000003,0.038400000000000004,0.00176,0.011900000000000003,0.020400000000000005,1.0,1.0,migrate,ibm_brisbane,0.03406000000000001
sha256:32c019dd74f04b6e4d4bb30b138c07fb87dfbefaf685f367611f489e974ffa51,fresh_rq4_9101_9108,fresh_evaluation,sigmetrics-rq4-fresh-operating-point-confirmation-v1,sha256:5750482173dcfa6f0132ad83b5b7c2198dd34d8873543e9e53f8d38420cff74c,sigmetrics-rq4-fresh-operating-point-confirmation-v1--0c0a8d801db6e3af,9106,h2_vqe,paper,noisy_sim,B5,4,2,high_change,sha256:32c019dd74f04b6e4d4bb30b138c07fb87dfbefaf685f367611f489e974ffa51-failure,sha256:0b362a24ef398315698f0a0562efe41b0e4d46ca311128adb2345e614de6a34a,sha256:2b6db34aacbffdb427c6a86493c0c97d7fa901154c9c190f56705a55a8d2a0ee,sha256:94e11cf4ea4c74d973b64129cefe2805f81a297533fc0020c3c844df147749e1,sha256:2fc67142652b30dcaf06971a829dca1a08ef3d686b6db9bc54841f37f4f9b116,ibm_kyiv,ibm_kyiv,replay,replay:ibm_kyiv,ibm_kyiv,ibm_kyiv->ibm_kyiv,True,,1,1,8.0,1.0,controlled scenario descriptor,0.016,0.5333333333333333,derived recovery-time saved/current backend evidence,0,derived recovery-time saved/current backend identity,1,controlled scenario environment,0.55,0.18666666666666665,0.0,0.0,0.7366666666666667,True,True,cf-49cd2e2be8bb396ce236,0.024768066212967454,0.0933680003134164,0.028031432030347227,False,False,False,0,0,0,1,4992,104,noisy_sim,9,3,2976,4,0,0.42857142857142855,4,4,0.0479801452291162,0.33840187702173724,0.06618748969369903,0.2661413295653281,12,0.105,1,qubit_wise_commuting,7,8736,1248.0,1248,12,0,24,4,entangling_ry_rz_brickwork,1.2407241615540299,0.8125,0.0016,0.0105,0.018,0.00288,0.0189,0.0324,0.00128,0.0084,0.0144,1.0,1.0,replay,ibm_kyiv,0.024079999999999997
sha256:34cfce0d0f84d0d9403d5989c00c622acc19b21547cc12ca7b3f2f7a1e08ae21,fresh_rq4_9101_9108,fresh_evaluation,sigmetrics-rq4-fresh-operating-point-confirmation-v1,sha256:5750482173dcfa6f0132ad83b5b7c2198dd34d8873543e9e53f8d38420cff74c,sigmetrics-rq4-fresh-operating-point-confirmation-v1--e3d533f00c9d707f,9106,adapt_vqe,paper,noisy_sim,B5,4,2,no_change,sha256:34cfce0d0f84d0d9403d5989c00c622acc19b21547cc12ca7b3f2f7a1e08ae21-failure,sha256:c95fa00217c8f486921a24b482a78ab82f990777fd983b3660c6559c37f35d9c,sha256:0e7343b47d003afe2860e33d67399c12f7ed84b7f18c3a5e0d48aae47fda9990,sha256:f84c41da86b339797e4a2ad44884a5ee22cc0b13456bb2ab135e5104d41cdbb8,sha256:130daf7fc06df80035f7ae8cc2e062b182abdd816ee7799f1bb0f9617c25d7a6,ibm_kyiv,ibm_kyiv,replay,replay:ibm_kyiv,ibm_kyiv,ibm_kyiv->ibm_kyiv,True,,1,1,0.0,0.0,controlled scenario descriptor,0.0,0.0,derived recovery-time saved/current backend evidence,0,derived recovery-time saved/current backend identity,1,controlled scenario environment,0.0,0.0,0.0,0.0,0.0,True,True,cf-cf6bd431ee50d0ed8ba6,0.0,0.0,0.0,True,True,True,1,1,1,0,4352,40,noisy_sim,9,4,3328,4,0,0.5,4,4,0.0026645551858512917,0.11666870738370162,0.049010001562726446,0.08847674972093009,4,0.08,1,qubit_wise_commuting,8,8704,1088.0,1088,4,4,40,5,adapt_pauli_pool,0.6756576792700577,0.90625,0.0016,0.0105,0.018,0.0016,0.0105,0.018,0.0,0.0,0.0,1.0,1.0,replay,ibm_kyiv,0.0
sha256:3695243f344178f817a3536fd822fc021b70e8d898b703bd51c54b2ea798dc23,fresh_rq4_9101_9108,fresh_evaluation,sigmetrics-rq4-fresh-operating-point-confirmation-v1,sha256:5750482173dcfa6f0132ad83b5b7c2198dd34d8873543e9e53f8d38420cff74c,sigmetrics-rq4-fresh-operating-point-confirmation-v1--5f42b547afba4db0,9106,h2_vqe,paper,noisy_sim,B5,4,2,same_backend_delay,sha256:3695243f344178f817a3536fd822fc021b70e8d898b703bd51c54b2ea798dc23-failure,sha256:0b362a24ef398315698f0a0562efe41b0e4d46ca311128adb2345e614de6a34a,sha256:2b5d5606b48121c83beae64c1c7cabbafc8d4853980e515ebdce93987de444de,sha256:6b97ad82624cbf5bb09be560aa6bb9d630db90477bce3a53713c959f84ab3cbb,sha256:2e11484cd684d3d9353d8b665b354114955835c5b6bb83d7d926699f0ff528da,ibm_kyiv,ibm_sherbrooke,migrate,migrate:ibm_sherbrooke,ibm_sherbrooke,ibm_kyiv->ibm_sherbrooke,True,,1,1,0.0,0.0,controlled scenario descriptor,0.0018999999999999998,0.06333333333333332,derived recovery-time saved/current backend evidence,1,derived recovery-time saved/current backend identity,1,controlled scenario environment,0.0,0.02216666666666666,0.1,0.0,0.12216666666666667,True,True,cf-abac2dca6fda8d8a3678,0.0051334292027642725,0.012893035061864795,0.005108143797729607,False,False,False,0,0,0,1,4992,104,noisy_sim,9,3,2976,4,0,0.42857142857142855,4,4,0.0479801452291162,0.33840187702173724,0.06618748969369903,0.2661413295653281,12,0.105,1,qubit_wise_commuting,7,8736,1248.0,1248,12,0,24,4,entangling_ry_rz_brickwork,1.2407241615540299,0.8125,0.0016,0.0105,0.018,0.0012,0.0095,0.017,0.0004000000000000002,0.0010000000000000009,0.0009999999999999974,1.0,1.0,migrate,ibm_sherbrooke,0.0023999999999999985
sha256:3695243f344178f817a3536fd822fc021b70e8d898b703bd51c54b2ea798dc23,fresh_rq4_9101_9108,fresh_evaluation,sigmetrics-rq4-fresh-operating-point-confirmation-v1,sha256:5750482173dcfa6f0132ad83b5b7c2198dd34d8873543e9e53f8d38420cff74c,sigmetrics-rq4-fresh-operating-point-confirmation-v1--5f42b547afba4db0,9106,h2_vqe,paper,noisy_sim,B5,4,2,same_backend_delay,sha256:3695243f344178f817a3536fd822fc021b70e8d898b703bd51c54b2ea798dc23-failure,sha256:0b362a24ef398315698f0a0562efe41b0e4d46ca311128adb2345e614de6a34a,sha256:2b5d5606b48121c83beae64c1c7cabbafc8d4853980e515ebdce93987de444de,sha256:6b97ad82624cbf5bb09be560aa6bb9d630db90477bce3a53713c959f84ab3cbb,sha256:2e11484cd684d3d9353d8b665b354114955835c5b6bb83d7d926699f0ff528da,ibm_kyiv,ibm_kyiv,replay,replay:ibm_kyiv,ibm_kyiv,ibm_kyiv->ibm_kyiv,True,,1,1,4.0,0.8,controlled scenario descriptor,0.007999999999999998,0.2666666666666666,derived recovery-time saved/current backend evidence,0,derived recovery-time saved/current backend identity,1,controlled scenario environment,0.44000000000000006,0.09333333333333331,0.0,0.0,0.5333333333333333,True,True,cf-82e4da6ab5526051a266,0.012483104918183496,0.06449185882944648,0.01407776776549693,False,False,False,0,0,0,1,4992,104,noisy_sim,9,3,2976,4,0,0.42857142857142855,4,4,0.0479801452291162,0.33840187702173724,0.06618748969369903,0.2661413295653281,12,0.105,1,qubit_wise_commuting,7,8736,1248.0,1248,12,0,24,4,entangling_ry_rz_brickwork,1.2407241615540299,0.8125,0.0016,0.0105,0.018,0.00224,0.0147,0.025199999999999997,0.0006399999999999997,0.004199999999999999,0.007199999999999998,1.0,1.0,replay,ibm_kyiv,0.012039999999999997
sha256:379a3c7a28103959815a34788e87aa9aed596eca357af8418370f04e42cc56d0,fresh_rq4_9101_9108,fresh_evaluation,sigmetrics-rq4-fresh-operating-point-confirmation-v1,sha256:5750482173dcfa6f0132ad83b5b7c2198dd34d8873543e9e53f8d38420cff74c,sigmetrics-rq4-fresh-operating-point-confirmation-v1--41502dfb1844aaac,9101,qaoa_maxcut,paper,noisy_sim,B5,4,2,safe_change,sha256:379a3c7a28103959815a34788e87aa9aed596eca357af8418370f04e42cc56d0-failure,sha256:0c234b6ed8a49623078592ed813a0fb82d22d42f594eaf67b57643c8c30bb7b0,sha256:8aa9fd73acdbefb930184631c530ac1ad4750da95e7359345a133016be010a68,sha256:a9aa49d0abe0c0e8c2ca3406cdae5818d28f0e352c4a812e712215e808676f00,sha256:421fdf9fb75e4181d95769797137d3a584aae92f164bf9d01aecf1b250f17c91,ibm_kyiv,ibm_kyiv,replay,replay:ibm_kyiv,ibm_kyiv,ibm_kyiv->ibm_kyiv,True,,1,1,0.1,0.02,controlled scenario descriptor,0.00020000000000000017,0.006666666666666672,derived recovery-time saved/current backend evidence,0,derived recovery-time saved/current backend identity,1,controlled scenario environment,0.011000000000000001,0.0023333333333333353,0.0,0.0,0.013333333333333336,True,True,cf-b85ecea924938d7a31a8,0.0012448736173711339,0.0024854986712256636,0.011695212542922367,True,True,True,1,1,1,0,16512,40,noisy_sim,9,1,4128,0,0,1.0,4,4,2.719555426467546,6.618026112914127,2.3944239958012363,5.7572370358974805,4,0.12,1,qubit_wise_commuting,1,4128,4128.0,4128,4,0,10,6,qaoa_maxcut,4.873993929984981,0.20397286821705427,0.0016,0.0105,0.018,0.001616,0.010605000000000002,0.018179999999999998,1.5999999999999955e-05,0.00010500000000000093,0.0001799999999999996,1.0,1.0,replay,ibm_kyiv,0.0003010000000000005
sha256:37f863b0e5de69119ace57b2e43227edad2fe92e8a4c32453b11a41c359e7b35,fresh_rq4_9101_9108,fresh_evaluation,sigmetrics-rq4-fresh-operating-point-confirmation-v1,sha256:5750482173dcfa6f0132ad83b5b7c2198dd34d8873543e9e53f8d38420cff74c,sigmetrics-rq4-fresh-operating-point-confirmation-v1--3ee09870ae9f213a,9104,lih_vqe,paper,noisy_sim,B5,4,2,same_backend_delay,sha256:37f863b0e5de69119ace57b2e43227edad2fe92e8a4c32453b11a41c359e7b35-failure,sha256:ef2becf2a65ed2ea716a6be7f0e71984586034e821d6d2ffc673b7b4bb20d2bd,sha256:2b5d5606b48121c83beae64c1c7cabbafc8d4853980e515ebdce93987de444de,sha256:a34acccbf511b108775b8e967e3b18427ed7ef8b4253f5317c30df5592c85ab5,sha256:5e631908380b8e2a3fcbbbecf0b3095a3d0851972ca1c287c923b9fec48ba760,ibm_kyiv,ibm_sherbrooke,migrate,migrate:ibm_sherbrooke,ibm_sherbrooke,ibm_kyiv->ibm_sherbrooke,True,,1,1,0.0,0.0,controlled scenario descriptor,0.0018999999999999998,0.06333333333333332,derived recovery-time saved/current backend evidence,1,derived recovery-time saved/current backend identity,1,controlled scenario environment,0.0,0.02216666666666666,0.1,0.0,0.12216666666666667,True,True,cf-a52cca18e44f2ad7c86f,0.0005084021905430447,0.02397826829604618,0.009972783284666583,False,False,False,0,0,0,1,5504,168,noisy_sim,9,4,4480,4,0,0.5,4,4,0.07610540989815462,0.5674168609477956,0.077493222310423,0.3651362386803451,20,0.085,1,qubit_wise_commuting,8,11008,1376.0,1376,20,0,40,5,entangling_ry_rz_brickwork,1.688667930604259,0.752906976744186,0.0016,0.0105,0.018,0.0012,0.0095,0.017,0.0004000000000000002,0.0010000000000000009,0.0009999999999999974,1.0,1.0,migrate,ibm_sherbrooke,0.0023999999999999985
sha256:37f863b0e5de69119ace57b2e43227edad2fe92e8a4c32453b11a41c359e7b35,fresh_rq4_9101_9108,fresh_evaluation,sigmetrics-rq4-fresh-operating-point-confirmation-v1,sha256:5750482173dcfa6f0132ad83b5b7c2198dd34d8873543e9e53f8d38420cff74c,sigmetrics-rq4-fresh-operating-point-confirmation-v1--3ee09870ae9f213a,9104,lih_vqe,paper,noisy_sim,B5,4,2,same_backend_delay,sha256:37f863b0e5de69119ace57b2e43227edad2fe92e8a4c32453b11a41c359e7b35-failure,sha256:ef2becf2a65ed2ea716a6be7f0e71984586034e821d6d2ffc673b7b4bb20d2bd,sha256:2b5d5606b48121c83beae64c1c7cabbafc8d4853980e515ebdce93987de444de,sha256:a34acccbf511b108775b8e967e3b18427ed7ef8b4253f5317c30df5592c85ab5,sha256:5e631908380b8e2a3fcbbbecf0b3095a3d0851972ca1c287c923b9fec48ba760,ibm_kyiv,ibm_kyiv,replay,replay:ibm_kyiv,ibm_kyiv,ibm_kyiv->ibm_kyiv,True,,1,1,4.0,0.8,controlled scenario descriptor,0.007999999999999998,0.2666666666666666,derived recovery-time saved/current backend evidence,0,derived recovery-time saved/current backend identity,1,controlled scenario environment,0.44000000000000006,0.09333333333333331,0.0,0.0,0.5333333333333333,True,True,cf-fddb9004c9c2c879a890,0.0010414549003261442,0.09047915227776344,0.026966157667334473,False,False,False,0,0,0,1,5504,168,noisy_sim,9,4,4480,4,0,0.5,4,4,0.07610540989815462,0.5674168609477956,0.077493222310423,0.3651362386803451,20,0.085,1,qubit_wise_commuting,8,11008,1376.0,1376,20,0,40,5,entangling_ry_rz_brickwork,1.688667930604259,0.752906976744186,0.0016,0.0105,0.018,0.00224,0.0147,0.025199999999999997,0.0006399999999999997,0.004199999999999999,0.007199999999999998,1.0,1.0,replay,ibm_kyiv,0.012039999999999997
sha256:38b87cd68879df0f85ad245f65de7521e50589133ad51a07d4484eeaf476fd03,fresh_rq4_9101_9108,fresh_evaluation,sigmetrics-rq4-fresh-operating-point-confirmation-v1,sha256:5750482173dcfa6f0132ad83b5b7c2198dd34d8873543e9e53f8d38420cff74c,sigmetrics-rq4-fresh-operating-point-confirmation-v1--2ffbf10f8ddbb910,9101,h2_vqe,paper,noisy_sim,B5,4,2,cross_backend,sha256:38b87cd68879df0f85ad245f65de7521e50589133ad51a07d4484eeaf476fd03-failure,sha256:7b78da82dc7c435d8e40cac8032af68bd8251ba6b8d85a1c58cacdf9ff6ac219,sha256:3e961724e06d6d711a9338896a03f47484a702bab4903cdf8ef8771396da980d,sha256:465cf8190aa72910b114108c272f86151fcf7f7906fe7d9023fc8db000a97506,sha256:70a6e307f16837250991f0e9d57c5f966a29302e1c276a7c585ebb558b7a8b23,ibm_kyiv,ibm_brisbane,migrate,migrate:ibm_brisbane,ibm_brisbane,ibm_kyiv->ibm_brisbane,True,,1,1,0.0,0.0,controlled scenario descriptor,0.007,0.23333333333333334,derived recovery-time saved/current backend evidence,1,derived recovery-time saved/current backend identity,1,controlled scenario environment,0.0,0.08166666666666667,0.1,0.0,0.18166666666666667,True,True,cf-853a2d698dcf3e249d6a,0.009276375764992073,0.046161046307648744,0.012867401621780274,False,False,False,0,0,0,1,4992,104,noisy_sim,9,3,2976,4,0,0.42857142857142855,4,4,0.07521586868658314,0.43547900427952224,0.07826706517756313,0.32626304276195395,12,0.105,1,qubit_wise_commuting,7,8736,1248.0,1248,12,0,24,4,entangling_ry_rz_brickwork,1.2855173549326042,0.7948717948717948,0.0016,0.0105,0.018,0.0021,0.014,0.024,0.0004999999999999998,0.0034999999999999996,0.006000000000000002,1.0,1.0,migrate,ibm_brisbane,0.010000000000000002
sha256:38b87cd68879df0f85ad245f65de7521e50589133ad51a07d4484eeaf476fd03,fresh_rq4_9101_9108,fresh_evaluation,sigmetrics-rq4-fresh-operating-point-confirmation-v1,sha256:5750482173dcfa6f0132ad83b5b7c2198dd34d8873543e9e53f8d38420cff74c,sigmetrics-rq4-fresh-operating-point-confirmation-v1--2ffbf10f8ddbb910,9101,h2_vqe,paper,noisy_sim,B5,4,2,cross_backend,sha256:38b87cd68879df0f85ad245f65de7521e50589133ad51a07d4484eeaf476fd03-failure,sha256:7b78da82dc7c435d8e40cac8032af68bd8251ba6b8d85a1c58cacdf9ff6ac219,sha256:3e961724e06d6d711a9338896a03f47484a702bab4903cdf8ef8771396da980d,sha256:465cf8190aa72910b114108c272f86151fcf7f7906fe7d9023fc8db000a97506,sha256:70a6e307f16837250991f0e9d57c5f966a29302e1c276a7c585ebb558b7a8b23,ibm_kyiv,ibm_sherbrooke,migrate,migrate:ibm_sherbrooke,ibm_sherbrooke,ibm_kyiv->ibm_sherbrooke,True,,1,1,0.0,0.0,controlled scenario descriptor,0.0018999999999999998,0.06333333333333332,derived recovery-time saved/current backend evidence,1,derived recovery-time saved/current backend identity,1,controlled scenario environment,0.0,0.02216666666666666,0.1,0.0,0.12216666666666667,True,True,cf-8344e4fd90cc5e3278bd,0.004738477332784319,0.05412713189040177,0.005764604779960272,False,False,False,0,0,0,1,4992,104,noisy_sim,9,3,2976,4,0,0.42857142857142855,4,4,0.07521586868658314,0.43547900427952224,0.07826706517756313,0.32626304276195395,12,0.105,1,qubit_wise_commuting,7,8736,1248.0,1248,12,0,24,4,entangling_ry_rz_brickwork,1.2855173549326042,0.7948717948717948,0.0016,0.0105,0.018,0.0012,0.0095,0.017,0.0004000000000000002,0.0010000000000000009,0.0009999999999999974,1.0,1.0,migrate,ibm_sherbrooke,0.0023999999999999985
sha256:39570065dc4d2dcec9f3c0a65ac10498870db4ea6441d90ab1ef859aa43ab86d,fresh_rq4_9101_9108,fresh_evaluation,sigmetrics-rq4-fresh-operating-point-confirmation-v1,sha256:5750482173dcfa6f0132ad83b5b7c2198dd34d8873543e9e53f8d38420cff74c,sigmetrics-rq4-fresh-operating-point-confirmation-v1--c2e767de6580b786,9103,adapt_vqe,paper,noisy_sim,B5,4,2,safe_change,sha256:39570065dc4d2dcec9f3c0a65ac10498870db4ea6441d90ab1ef859aa43ab86d-failure,sha256:20dca6d793bd22ee13b4d7589609c8373a5a86234e53e87cb3dda565cdd6278b,sha256:8aa9fd73acdbefb930184631c530ac1ad4750da95e7359345a133016be010a68,sha256:4dc43ddf8e7e7dbaa94146e3cde4496d8eeb3edbc8bccc44b9d6a1d96bd372c5,sha256:3280c4873595b00ad2e2966b4ce4b663dbb0b8785a8b91d8f15121fa0755f4c9,ibm_kyiv,ibm_kyiv,replay,replay:ibm_kyiv,ibm_kyiv,ibm_kyiv->ibm_kyiv,True,,1,1,0.1,0.02,controlled scenario descriptor,0.00020000000000000017,0.006666666666666672,derived recovery-time saved/current backend evidence,0,derived recovery-time saved/current backend identity,1,controlled scenario environment,0.011000000000000001,0.0023333333333333353,0.0,0.0,0.013333333333333336,True,True,cf-51347245d382d66f4085,5.7252960828257926e-05,0.0,4.8468130558809116e-05,True,True,True,1,1,1,0,4352,40,noisy_sim,9,4,3328,4,0,0.5,4,4,0.003231626016447109,0.12737605331742743,0.05633383296080257,0.09658534553364086,4,0.08,1,qubit_wise_commuting,8,8704,1088.0,1088,4,4,40,5,adapt_pauli_pool,0.745125615236665,0.8943014705882353,0.0016,0.0105,0.018,0.001616,0.010605000000000002,0.018179999999999998,1.5999999999999955e-05,0.00010500000000000093,0.0001799999999999996,1.0,1.0,replay,ibm_kyiv,0.0003010000000000005
sha256:3b30a70ebb817cfeeb3568d5b98fcfcc1788ba62925da37edb4cfffeeafd8e57,fresh_rq4_9101_9108,fresh_evaluation,sigmetrics-rq4-fresh-operating-point-confirmation-v1,sha256:5750482173dcfa6f0132ad83b5b7c2198dd34d8873543e9e53f8d38420cff74c,sigmetrics-rq4-fresh-operating-point-confirmation-v1--712b8c4bc9f21414,9107,h2_vqe,paper,noisy_sim,B5,4,2,safe_change,sha256:3b30a70ebb817cfeeb3568d5b98fcfcc1788ba62925da37edb4cfffeeafd8e57-failure,sha256:3e23ae024eb0062818897a46bb346d0cbfeb6fd8ad76ced98432bc283e60769e,sha256:8aa9fd73acdbefb930184631c530ac1ad4750da95e7359345a133016be010a68,sha256:9c8d84160a37684a330c5e86489f096e08f5be515d75b7d3faace12218e4c75a,sha256:3586a3feec937359f897980a95a314a787c8787ce29147bbed3c866c866cf54b,ibm_kyiv,ibm_kyiv,replay,replay:ibm_kyiv,ibm_kyiv,ibm_kyiv->ibm_kyiv,True,,1,1,0.1,0.02,controlled scenario descriptor,0.00020000000000000017,0.006666666666666672,derived recovery-time saved/current backend evidence,0,derived recovery-time saved/current backend identity,1,controlled scenario environment,0.011000000000000001,0.0023333333333333353,0.0,0.0,0.013333333333333336,True,True,cf-87419d70ac749f206384,0.0003077561665918438,0.0037972637687210434,0.0003590039911596556,True,True,True,1,1,1,0,4992,104,noisy_sim,9,3,2976,4,0,0.42857142857142855,4,4,0.0584185750342634,0.3548951064836088,0.05345574608703186,0.23873266277581648,12,0.105,1,qubit_wise_commuting,7,8736,1248.0,1248,12,0,24,4,entangling_ry_rz_brickwork,0.9714894437408683,0.8605769230769231,0.0016,0.0105,0.018,0.001616,0.010605000000000002,0.018179999999999998,1.5999999999999955e-05,0.00010500000000000093,0.0001799999999999996,1.0,1.0,replay,ibm_kyiv,0.0003010000000000005
sha256:3be82df24df4984dd44cf5fa9132e74ce8712313b9c7b0bad7ba74066a1aa379,fresh_rq4_9101_9108,fresh_evaluation,sigmetrics-rq4-fresh-operating-point-confirmation-v1,sha256:5750482173dcfa6f0132ad83b5b7c2198dd34d8873543e9e53f8d38420cff74c,sigmetrics-rq4-fresh-operating-point-confirmation-v1--8823ee55dffd355a,9103,lih_vqe,paper,noisy_sim,B5,4,2,same_backend_delay,sha256:3be82df24df4984dd44cf5fa9132e74ce8712313b9c7b0bad7ba74066a1aa379-failure,sha256:0676dba8cde0a33732ed4fb348f79e82fbf012caf796acfc58a04689449e875b,sha256:2b5d5606b48121c83beae64c1c7cabbafc8d4853980e515ebdce93987de444de,sha256:a34acccbf511b108775b8e967e3b18427ed7ef8b4253f5317c30df5592c85ab5,sha256:4a024ad9f88d628b65aac997bd0127e98cf1366cb5c7c4df441da9b2bee6431c,ibm_kyiv,ibm_sherbrooke,migrate,migrate:ibm_sherbrooke,ibm_sherbrooke,ibm_kyiv->ibm_sherbrooke,True,,1,1,0.0,0.0,controlled scenario descriptor,0.0018999999999999998,0.06333333333333332,derived recovery-time saved/current backend evidence,1,derived recovery-time saved/current backend identity,1,controlled scenario environment,0.0,0.02216666666666666,0.1,0.0,0.12216666666666667,True,True,cf-e93ba241e640a8c687df,0.0028081606200940357,0.043073298302693956,0.010734230677207753,False,False,False,0,0,0,1,5504,168,noisy_sim,9,4,4480,4,0,0.5,4,4,0.05107819738228514,0.4986937984665658,0.06384613455191948,0.34972744358644625,20,0.085,1,qubit_wise_commuting,8,11008,1376.0,1376,20,0,40,5,entangling_ry_rz_brickwork,1.682022188332645,0.7543604651162791,0.0016,0.0105,0.018,0.0012,0.0095,0.017,0.0004000000000000002,0.0010000000000000009,0.0009999999999999974,1.0,1.0,migrate,ibm_sherbrooke,0.0023999999999999985
sha256:3be82df24df4984dd44cf5fa9132e74ce8712313b9c7b0bad7ba74066a1aa379,fresh_rq4_9101_9108,fresh_evaluation,sigmetrics-rq4-fresh-operating-point-confirmation-v1,sha256:5750482173dcfa6f0132ad83b5b7c2198dd34d8873543e9e53f8d38420cff74c,sigmetrics-rq4-fresh-operating-point-confirmation-v1--8823ee55dffd355a,9103,lih_vqe,paper,noisy_sim,B5,4,2,same_backend_delay,sha256:3be82df24df4984dd44cf5fa9132e74ce8712313b9c7b0bad7ba74066a1aa379-failure,sha256:0676dba8cde0a33732ed4fb348f79e82fbf012caf796acfc58a04689449e875b,sha256:2b5d5606b48121c83beae64c1c7cabbafc8d4853980e515ebdce93987de444de,sha256:a34acccbf511b108775b8e967e3b18427ed7ef8b4253f5317c30df5592c85ab5,sha256:4a024ad9f88d628b65aac997bd0127e98cf1366cb5c7c4df441da9b2bee6431c,ibm_kyiv,ibm_kyiv,replay,replay:ibm_kyiv,ibm_kyiv,ibm_kyiv->ibm_kyiv,True,,1,1,4.0,0.8,controlled scenario descriptor,0.007999999999999998,0.2666666666666666,derived recovery-time saved/current backend evidence,0,derived recovery-time saved/current backend identity,1,controlled scenario environment,0.44000000000000006,0.09333333333333331,0.0,0.0,0.5333333333333333,True,True,cf-00c1231e4ef3e6455cf2,0.007861801067337026,0.07316956292733157,0.028978259916848194,False,False,False,0,0,0,1,5504,168,noisy_sim,9,4,4480,4,0,0.5,4,4,0.05107819738228514,0.4986937984665658,0.06384613455191948,0.34972744358644625,20,0.085,1,qubit_wise_commuting,8,11008,1376.0,1376,20,0,40,5,entangling_ry_rz_brickwork,1.682022188332645,0.7543604651162791,0.0016,0.0105,0.018,0.00224,0.0147,0.025199999999999997,0.0006399999999999997,0.004199999999999999,0.007199999999999998,1.0,1.0,replay,ibm_kyiv,0.012039999999999997
sha256:3c49e9d8de3b83102ceae1c367933efa221d050e91f293b19ca6b8e3bce8c322,fresh_rq4_9101_9108,fresh_evaluation,sigmetrics-rq4-fresh-operating-point-confirmation-v1,sha256:5750482173dcfa6f0132ad83b5b7c2198dd34d8873543e9e53f8d38420cff74c,sigmetrics-rq4-fresh-operating-point-confirmation-v1--e799e7e585b8056c,9105,adapt_vqe,paper,noisy_sim,B5,4,2,safe_change,sha256:3c49e9d8de3b83102ceae1c367933efa221d050e91f293b19ca6b8e3bce8c322-failure,sha256:2c9f55040aecb344bf11ed03b406f640a83801e093147d588e63db3f6f70fab7,sha256:8aa9fd73acdbefb930184631c530ac1ad4750da95e7359345a133016be010a68,sha256:4dc43ddf8e7e7dbaa94146e3cde4496d8eeb3edbc8bccc44b9d6a1d96bd372c5,sha256:abeb9075c386f22d1af83db2b004aa19d3198fab76f4ef89bf2b9009192655b5,ibm_kyiv,ibm_kyiv,replay,replay:ibm_kyiv,ibm_kyiv,ibm_kyiv->ibm_kyiv,True,,1,1,0.1,0.02,controlled scenario descriptor,0.00020000000000000017,0.006666666666666672,derived recovery-time saved/current backend evidence,0,derived recovery-time saved/current backend identity,1,controlled scenario environment,0.011000000000000001,0.0023333333333333353,0.0,0.0,0.013333333333333336,True,True,cf-f34d1b179de1cbed9526,5.748772043112638e-05,0.0022859278529353067,4.8365611563331086e-05,True,True,True,1,1,1,0,4352,40,noisy_sim,9,4,3328,4,0,0.5,4,4,0.0008988808701673179,0.06845019700063049,0.03043292180839381,0.05013498345441095,4,0.08,1,qubit_wise_commuting,8,8704,1088.0,1088,4,4,40,5,adapt_pauli_pool,0.6932330062084406,0.9053308823529411,0.0016,0.0105,0.018,0.001616,0.010605000000000002,0.018179999999999998,1.5999999999999955e-05,0.00010500000000000093,0.0001799999999999996,1.0,1.0,replay,ibm_kyiv,0.0003010000000000005
sha256:3c6015b1866547c6c98441d1d22189bc8ea100f30035016d431c732e04f7a73a,fresh_rq4_9101_9108,fresh_evaluation,sigmetrics-rq4-fresh-operating-point-confirmation-v1,sha256:5750482173dcfa6f0132ad83b5b7c2198dd34d8873543e9e53f8d38420cff74c,sigmetrics-rq4-fresh-operating-point-confirmation-v1--06270563a66984ba,9103,h2_vqe,paper,noisy_sim,B5,4,2,high_change,sha256:3c6015b1866547c6c98441d1d22189bc8ea100f30035016d431c732e04f7a73a-failure,sha256:df9318e2399e7f538baaeaf9f749f4f2f0f65b9e4e79e135e6d874851eb7b094,sha256:2b6db34aacbffdb427c6a86493c0c97d7fa901154c9c190f56705a55a8d2a0ee,sha256:94e11cf4ea4c74d973b64129cefe2805f81a297533fc0020c3c844df147749e1,sha256:f22b9b9340c5d263972337d8a3d77deeee036628cb7d0a06946bb414784aa4a0,ibm_kyiv,ibm_brisbane,migrate,migrate:ibm_brisbane,ibm_brisbane,ibm_kyiv->ibm_brisbane,True,,1,1,6.0,1.0,controlled scenario descriptor,0.023860000000000006,0.7953333333333336,derived recovery-time saved/current backend evidence,1,derived recovery-time saved/current backend identity,1,controlled scenario environment,0.55,0.2783666666666667,0.1,0.0,0.9283666666666667,True,True,cf-a85f218baf4e9397721d,0.03372189546774251,0.11181621361981343,0.037902305918023925,False,False,False,0,0,0,1,4992,104,noisy_sim,9,3,2976,4,0,0.42857142857142855,4,4,0.04071458610398371,0.30097904645109214,0.05474476161292497,0.24409850992899162,12,0.105,1,qubit_wise_commuting,7,8736,1248.0,1248,12,0,24,4,entangling_ry_rz_brickwork,0.9379920586581344,0.8597756410256411,0.0016,0.0105,0.018,0.00336,0.022400000000000003,0.038400000000000004,0.00176,0.011900000000000003,0.020400000000000005,1.0,1.0,migrate,ibm_brisbane,0.03406000000000001
sha256:3c6015b1866547c6c98441d1d22189bc8ea100f30035016d431c732e04f7a73a,fresh_rq4_9101_9108,fresh_evaluation,sigmetrics-rq4-fresh-operating-point-confirmation-v1,sha256:5750482173dcfa6f0132ad83b5b7c2198dd34d8873543e9e53f8d38420cff74c,sigmetrics-rq4-fresh-operating-point-confirmation-v1--06270563a66984ba,9103,h2_vqe,paper,noisy_sim,B5,4,2,high_change,sha256:3c6015b1866547c6c98441d1d22189bc8ea100f30035016d431c732e04f7a73a-failure,sha256:df9318e2399e7f538baaeaf9f749f4f2f0f65b9e4e79e135e6d874851eb7b094,sha256:2b6db34aacbffdb427c6a86493c0c97d7fa901154c9c190f56705a55a8d2a0ee,sha256:94e11cf4ea4c74d973b64129cefe2805f81a297533fc0020c3c844df147749e1,sha256:f22b9b9340c5d263972337d8a3d77deeee036628cb7d0a06946bb414784aa4a0,ibm_kyiv,ibm_kyiv,replay,replay:ibm_kyiv,ibm_kyiv,ibm_kyiv->ibm_kyiv,True,,1,1,8.0,1.0,controlled scenario descriptor,0.016,0.5333333333333333,derived recovery-time saved/current backend evidence,0,derived recovery-time saved/current backend identity,1,controlled scenario environment,0.55,0.18666666666666665,0.0,0.0,0.7366666666666667,True,True,cf-cf7c986d6404275dead5,0.024241927512421935,0.08939917852813399,0.02709900968180228,False,False,False,0,0,0,1,4992,104,noisy_sim,9,3,2976,4,0,0.42857142857142855,4,4,0.04071458610398371,0.30097904645109214,0.05474476161292497,0.24409850992899162,12,0.105,1,qubit_wise_commuting,7,8736,1248.0,1248,12,0,24,4,entangling_ry_rz_brickwork,0.9379920586581344,0.8597756410256411,0.0016,0.0105,0.018,0.00288,0.0189,0.0324,0.00128,0.0084,0.0144,1.0,1.0,replay,ibm_kyiv,0.024079999999999997
sha256:3f1fec99351160b4039484fe5fcdc212ada875d25cb0ffa4bb61530178108f71,fresh_rq4_9101_9108,fresh_evaluation,sigmetrics-rq4-fresh-operating-point-confirmation-v1,sha256:5750482173dcfa6f0132ad83b5b7c2198dd34d8873543e9e53f8d38420cff74c,sigmetrics-rq4-fresh-operating-point-confirmation-v1--2c69ce7ed4af7d99,9104,h2_vqe,paper,noisy_sim,B5,4,2,high_change,sha256:3f1fec99351160b4039484fe5fcdc212ada875d25cb0ffa4bb61530178108f71-failure,sha256:28ad285e8c04eb2f05c3c41f648d458ab1c48a43a54b8eb7129e3be51b77dd2c,sha256:2b6db34aacbffdb427c6a86493c0c97d7fa901154c9c190f56705a55a8d2a0ee,sha256:94e11cf4ea4c74d973b64129cefe2805f81a297533fc0020c3c844df147749e1,sha256:b87645dbd08b81bee0b28ec81b99f527cf480147f8f0e60fcbae2613c9aeddd4,ibm_kyiv,ibm_brisbane,migrate,migrate:ibm_brisbane,ibm_brisbane,ibm_kyiv->ibm_brisbane,True,,1,1,6.0,1.0,controlled scenario descriptor,0.023860000000000006,0.7953333333333336,derived recovery-time saved/current backend evidence,1,derived recovery-time saved/current backend identity,1,controlled scenario environment,0.55,0.2783666666666667,0.1,0.0,0.9283666666666667,True,True,cf-55f96589e5da3b205b0f,0.03579451969148506,0.09448342071996636,0.025584856998618045,False,False,False,0,0,0,1,4992,104,noisy_sim,9,3,2976,4,0,0.42857142857142855,4,4,0.022333308958840448,0.22198050012203427,0.05018433197510505,0.11773649303535984,12,0.105,1,qubit_wise_commuting,7,8736,1248.0,1248,12,0,24,4,entangling_ry_rz_brickwork,1.2306074261017215,0.8149038461538461,0.0016,0.0105,0.018,0.00336,0.022400000000000003,0.038400000000000004,0.00176,0.011900000000000003,0.020400000000000005,1.0,1.0,migrate,ibm_brisbane,0.03406000000000001
sha256:3f1fec99351160b4039484fe5fcdc212ada875d25cb0ffa4bb61530178108f71,fresh_rq4_9101_9108,fresh_evaluation,sigmetrics-rq4-fresh-operating-point-confirmation-v1,sha256:5750482173dcfa6f0132ad83b5b7c2198dd34d8873543e9e53f8d38420cff74c,sigmetrics-rq4-fresh-operating-point-confirmation-v1--2c69ce7ed4af7d99,9104,h2_vqe,paper,noisy_sim,B5,4,2,high_change,sha256:3f1fec99351160b4039484fe5fcdc212ada875d25cb0ffa4bb61530178108f71-failure,sha256:28ad285e8c04eb2f05c3c41f648d458ab1c48a43a54b8eb7129e3be51b77dd2c,sha256:2b6db34aacbffdb427c6a86493c0c97d7fa901154c9c190f56705a55a8d2a0ee,sha256:94e11cf4ea4c74d973b64129cefe2805f81a297533fc0020c3c844df147749e1,sha256:b87645dbd08b81bee0b28ec81b99f527cf480147f8f0e60fcbae2613c9aeddd4,ibm_kyiv,ibm_kyiv,replay,replay:ibm_kyiv,ibm_kyiv,ibm_kyiv->ibm_kyiv,True,,1,1,8.0,1.0,controlled scenario descriptor,0.016,0.5333333333333333,derived recovery-time saved/current backend evidence,0,derived recovery-time saved/current backend identity,1,controlled scenario environment,0.55,0.18666666666666665,0.0,0.0,0.7366666666666667,True,True,cf-09de31331e6b8f867169,0.02572145591609809,0.07012025030205504,0.018278261764895127,False,False,False,0,0,0,1,4992,104,noisy_sim,9,3,2976,4,0,0.42857142857142855,4,4,0.022333308958840448,0.22198050012203427,0.05018433197510505,0.11773649303535984,12,0.105,1,qubit_wise_commuting,7,8736,1248.0,1248,12,0,24,4,entangling_ry_rz_brickwork,1.2306074261017215,0.8149038461538461,0.0016,0.0105,0.018,0.00288,0.0189,0.0324,0.00128,0.0084,0.0144,1.0,1.0,replay,ibm_kyiv,0.024079999999999997
sha256:3f20ea7c4fe0b33bd23bfbe22c2ee1eeb9fa646323a1e205daf972b2da72fa5c,fresh_rq4_9101_9108,fresh_evaluation,sigmetrics-rq4-fresh-operating-point-confirmation-v1,sha256:5750482173dcfa6f0132ad83b5b7c2198dd34d8873543e9e53f8d38420cff74c,sigmetrics-rq4-fresh-operating-point-confirmation-v1--ecedb0a13a366417,9108,h2_vqe,paper,noisy_sim,B5,4,2,no_change,sha256:3f20ea7c4fe0b33bd23bfbe22c2ee1eeb9fa646323a1e205daf972b2da72fa5c-failure,sha256:6755344edaa1eff50bfe6ffeea6c6730008ece609def3b88971445f45c0e0afb,sha256:0e7343b47d003afe2860e33d67399c12f7ed84b7f18c3a5e0d48aae47fda9990,sha256:baa92c31b0f189ce526289e61ce9d7b1d153d2320fb0caa5de4cb9d39f4d0b0e,sha256:e028bc09a6e2f7b666052f79f94e987ee5b8cfc935696dfe10d9ecda05a6109f,ibm_kyiv,ibm_kyiv,replay,replay:ibm_kyiv,ibm_kyiv,ibm_kyiv->ibm_kyiv,True,,1,1,0.0,0.0,controlled scenario descriptor,0.0,0.0,derived recovery-time saved/current backend evidence,0,derived recovery-time saved/current backend identity,1,controlled scenario environment,0.0,0.0,0.0,0.0,0.0,True,True,cf-96bbac585bfe9cd2e2f9,0.0,0.0,0.0,True,True,True,1,1,1,0,4992,104,noisy_sim,9,3,2976,4,0,0.42857142857142855,4,4,0.03791099606738313,0.27465334153510007,0.05366180107621309,0.20896932949876243,12,0.105,1,qubit_wise_commuting,7,8736,1248.0,1248,12,0,24,4,entangling_ry_rz_brickwork,0.9900381947507049,0.8565705128205128,0.0016,0.0105,0.018,0.0016,0.0105,0.018,0.0,0.0,0.0,1.0,1.0,replay,ibm_kyiv,0.0
sha256:3face33e8b1c232cdd180bb57024ef49c479f42eb922d47bfddc872f6a3d3111,fresh_rq4_9101_9108,fresh_evaluation,sigmetrics-rq4-fresh-operating-point-confirmation-v1,sha256:5750482173dcfa6f0132ad83b5b7c2198dd34d8873543e9e53f8d38420cff74c,sigmetrics-rq4-fresh-operating-point-confirmation-v1--ff0abc3ac78f5cdb,9104,h2_vqe,paper,noisy_sim,B5,4,2,no_change,sha256:3face33e8b1c232cdd180bb57024ef49c479f42eb922d47bfddc872f6a3d3111-failure,sha256:28ad285e8c04eb2f05c3c41f648d458ab1c48a43a54b8eb7129e3be51b77dd2c,sha256:0e7343b47d003afe2860e33d67399c12f7ed84b7f18c3a5e0d48aae47fda9990,sha256:baa92c31b0f189ce526289e61ce9d7b1d153d2320fb0caa5de4cb9d39f4d0b0e,sha256:d08e32539307248fcab2a0ab7e52f80c560f59a826cb962934eddcb15a3abdd7,ibm_kyiv,ibm_kyiv,replay,replay:ibm_kyiv,ibm_kyiv,ibm_kyiv->ibm_kyiv,True,,1,1,0.0,0.0,controlled scenario descriptor,0.0,0.0,derived recovery-time saved/current backend evidence,0,derived recovery-time saved/current backend identity,1,controlled scenario environment,0.0,0.0,0.0,0.0,0.0,True,True,cf-8c3452a49f8e6076dec1,0.0,0.0,0.0,True,True,True,1,1,1,0,4992,104,noisy_sim,9,3,2976,4,0,0.42857142857142855,4,4,0.022333308958840448,0.22198050012203427,0.05018433197510505,0.11773649303535984,12,0.105,1,qubit_wise_commuting,7,8736,1248.0,1248,12,0,24,4,entangling_ry_rz_brickwork,1.2306074261017215,0.8149038461538461,0.0016,0.0105,0.018,0.0016,0.0105,0.018,0.0,0.0,0.0,1.0,1.0,replay,ibm_kyiv,0.0
sha256:44087342f2fd41eeb6b42dbc4d162ead09fd15f089bab2d993289e2d7f70efb1,fresh_rq4_9101_9108,fresh_evaluation,sigmetrics-rq4-fresh-operating-point-confirmation-v1,sha256:5750482173dcfa6f0132ad83b5b7c2198dd34d8873543e9e53f8d38420cff74c,sigmetrics-rq4-fresh-operating-point-confirmation-v1--07e21b2945a2f89b,9101,lih_vqe,paper,noisy_sim,B5,4,2,high_change,sha256:44087342f2fd41eeb6b42dbc4d162ead09fd15f089bab2d993289e2d7f70efb1-failure,sha256:74f74340d1d1aa753503fb1f05d4e37b519cd1b4195af6eac03c56227efab51c,sha256:2b6db34aacbffdb427c6a86493c0c97d7fa901154c9c190f56705a55a8d2a0ee,sha256:5d8943b74edf54b19c3d0d4493eca8c11e5671bf89d76b8f3b4c56d6f9edfee2,sha256:e65eae99a8d2f4a75e4d9c5fade146ec0d352dd86f13ac86094571157e8a1c35,ibm_kyiv,ibm_brisbane,migrate,migrate:ibm_brisbane,ibm_brisbane,ibm_kyiv->ibm_brisbane,True,,1,1,6.0,1.0,controlled scenario descriptor,0.023860000000000006,0.7953333333333336,derived recovery-time saved/current backend evidence,1,derived recovery-time saved/current backend identity,1,controlled scenario environment,0.55,0.2783666666666667,0.1,0.0,0.9283666666666667,True,True,cf-8d06cfff4c7848e3fca9,0.008465654578651005,0.13495834858570213,0.07574903767114723,False,False,False,0,0,0,1,5504,168,noisy_sim,9,4,4480,4,0,0.5,4,4,0.08602255333268882,0.6032143870535518,0.07350966301429977,0.40486451730226136,20,0.085,1,qubit_wise_commuting,8,11008,1376.0,1376,20,0,40,5,entangling_ry_rz_brickwork,1.6637101183741292,0.7579941860465116,0.0016,0.0105,0.018,0.00336,0.022400000000000003,0.038400000000000004,0.00176,0.011900000000000003,0.020400000000000005,1.0,1.0,migrate,ibm_brisbane,0.03406000000000001
sha256:44087342f2fd41eeb6b42dbc4d162ead09fd15f089bab2d993289e2d7f70efb1,fresh_rq4_9101_9108,fresh_evaluation,sigmetrics-rq4-fresh-operating-point-confirmation-v1,sha256:5750482173dcfa6f0132ad83b5b7c2198dd34d8873543e9e53f8d38420cff74c,sigmetrics-rq4-fresh-operating-point-confirmation-v1--07e21b2945a2f89b,9101,lih_vqe,paper,noisy_sim,B5,4,2,high_change,sha256:44087342f2fd41eeb6b42dbc4d162ead09fd15f089bab2d993289e2d7f70efb1-failure,sha256:74f74340d1d1aa753503fb1f05d4e37b519cd1b4195af6eac03c56227efab51c,sha256:2b6db34aacbffdb427c6a86493c0c97d7fa901154c9c190f56705a55a8d2a0ee,sha256:5d8943b74edf54b19c3d0d4493eca8c11e5671bf89d76b8f3b4c56d6f9edfee2,sha256:e65eae99a8d2f4a75e4d9c5fade146ec0d352dd86f13ac86094571157e8a1c35,ibm_kyiv,ibm_kyiv,replay,replay:ibm_kyiv,ibm_kyiv,ibm_kyiv->ibm_kyiv,True,,1,1,8.0,1.0,controlled scenario descriptor,0.016,0.5333333333333333,derived recovery-time saved/current backend evidence,0,derived recovery-time saved/current backend identity,1,controlled scenario environment,0.55,0.18666666666666665,0.0,0.0,0.7366666666666667,True,True,cf-9c780b87c541b8e715e0,0.0062043720448468065,0.09872494416519895,0.05455338479172788,False,False,False,0,0,0,1,5504,168,noisy_sim,9,4,4480,4,0,0.5,4,4,0.08602255333268882,0.6032143870535518,0.07350966301429977,0.40486451730226136,20,0.085,1,qubit_wise_commuting,8,11008,1376.0,1376,20,0,40,5,entangling_ry_rz_brickwork,1.6637101183741292,0.7579941860465116,0.0016,0.0105,0.018,0.00288,0.0189,0.0324,0.00128,0.0084,0.0144,1.0,1.0,replay,ibm_kyiv,0.024079999999999997
sha256:4459b580757319b2c3329a95492ded6175848ff46de8eaa8fbcd74ff9e32a6ab,fresh_rq4_9101_9108,fresh_evaluation,sigmetrics-rq4-fresh-operating-point-confirmation-v1,sha256:5750482173dcfa6f0132ad83b5b7c2198dd34d8873543e9e53f8d38420cff74c,sigmetrics-rq4-fresh-operating-point-confirmation-v1--b5e64f579cb95a2e,9103,h2_vqe,paper,noisy_sim,B5,4,2,safe_change,sha256:4459b580757319b2c3329a95492ded6175848ff46de8eaa8fbcd74ff9e32a6ab-failure,sha256:df9318e2399e7f538baaeaf9f749f4f2f0f65b9e4e79e135e6d874851eb7b094,sha256:8aa9fd73acdbefb930184631c530ac1ad4750da95e7359345a133016be010a68,sha256:9c8d84160a37684a330c5e86489f096e08f5be515d75b7d3faace12218e4c75a,sha256:76e481588f3daf58106e93e998ced11d7159d5408d9b1cc626521360202ac822,ibm_kyiv,ibm_kyiv,replay,replay:ibm_kyiv,ibm_kyiv,ibm_kyiv->ibm_kyiv,True,,1,1,0.1,0.02,controlled scenario descriptor,0.00020000000000000017,0.006666666666666672,derived recovery-time saved/current backend evidence,0,derived recovery-time saved/current backend identity,1,controlled scenario environment,0.011000000000000001,0.0023333333333333353,0.0,0.0,0.013333333333333336,True,True,cf-9a62034bc41ee159f3e3,0.00030776646837438193,0.0027907489284048253,0.0003415159471511384,True,True,True,1,1,1,0,4992,104,noisy_sim,9,3,2976,4,0,0.42857142857142855,4,4,0.04071458610398371,0.30097904645109214,0.05474476161292497,0.24409850992899162,12,0.105,1,qubit_wise_commuting,7,8736,1248.0,1248,12,0,24,4,entangling_ry_rz_brickwork,0.9379920586581344,0.8597756410256411,0.0016,0.0105,0.018,0.001616,0.010605000000000002,0.018179999999999998,1.5999999999999955e-05,0.00010500000000000093,0.0001799999999999996,1.0,1.0,replay,ibm_kyiv,0.0003010000000000005
sha256:45151503c2370cd561679f78ace11dc5c619d246041e447ad084fcb4411307eb,fresh_rq4_9101_9108,fresh_evaluation,sigmetrics-rq4-fresh-operating-point-confirmation-v1,sha256:5750482173dcfa6f0132ad83b5b7c2198dd34d8873543e9e53f8d38420cff74c,sigmetrics-rq4-fresh-operating-point-confirmation-v1--bc60580fd23a95ee,9108,adapt_vqe,paper,noisy_sim,B5,4,2,same_backend_delay,sha256:45151503c2370cd561679f78ace11dc5c619d246041e447ad084fcb4411307eb-failure,sha256:80339e8c50ff7a7d5d593618752d173abaa251000451ca6d4bf978464b73ebf4,sha256:2b5d5606b48121c83beae64c1c7cabbafc8d4853980e515ebdce93987de444de,sha256:b1849732b79eb5177de398eb4028fec64844d14f5dcc9d49fd46e4a775bfc005,sha256:a8cfcd7953405524ffa8904038da6a1730d7f712f63c2bb65c3bf632bdd20048,ibm_kyiv,ibm_sherbrooke,migrate,migrate:ibm_sherbrooke,ibm_sherbrooke,ibm_kyiv->ibm_sherbrooke,True,,1,1,0.0,0.0,controlled scenario descriptor,0.0018999999999999998,0.06333333333333332,derived recovery-time saved/current backend evidence,1,derived recovery-time saved/current backend identity,1,controlled scenario environment,0.0,0.02216666666666666,0.1,0.0,0.12216666666666667,True,True,cf-82034d34b51294c9de13,0.0006748716218627493,0.031228693813880035,0.001096548968591608,False,False,False,0,0,0,1,4352,40,noisy_sim,9,4,3328,4,0,0.5,4,4,0.0024946228698015105,0.10254053273787991,0.0390251943773882,0.08846231405798359,4,0.08,1,qubit_wise_commuting,8,8704,1088.0,1088,4,4,40,5,adapt_pauli_pool,0.7897776233012392,0.8869485294117647,0.0016,0.0105,0.018,0.0012,0.0095,0.017,0.0004000000000000002,0.0010000000000000009,0.0009999999999999974,1.0,1.0,migrate,ibm_sherbrooke,0.0023999999999999985
sha256:45151503c2370cd561679f78ace11dc5c619d246041e447ad084fcb4411307eb,fresh_rq4_9101_9108,fresh_evaluation,sigmetrics-rq4-fresh-operating-point-confirmation-v1,sha256:5750482173dcfa6f0132ad83b5b7c2198dd34d8873543e9e53f8d38420cff74c,sigmetrics-rq4-fresh-operating-point-confirmation-v1--bc60580fd23a95ee,9108,adapt_vqe,paper,noisy_sim,B5,4,2,same_backend_delay,sha256:45151503c2370cd561679f78ace11dc5c619d246041e447ad084fcb4411307eb-failure,sha256:80339e8c50ff7a7d5d593618752d173abaa251000451ca6d4bf978464b73ebf4,sha256:2b5d5606b48121c83beae64c1c7cabbafc8d4853980e515ebdce93987de444de,sha256:b1849732b79eb5177de398eb4028fec64844d14f5dcc9d49fd46e4a775bfc005,sha256:a8cfcd7953405524ffa8904038da6a1730d7f712f63c2bb65c3bf632bdd20048,ibm_kyiv,ibm_kyiv,replay,replay:ibm_kyiv,ibm_kyiv,ibm_kyiv->ibm_kyiv,True,,1,1,4.0,0.8,controlled scenario descriptor,0.007999999999999998,0.2666666666666666,derived recovery-time saved/current backend evidence,0,derived recovery-time saved/current backend identity,1,controlled scenario environment,0.44000000000000006,0.09333333333333331,0.0,0.0,0.5333333333333333,True,True,cf-92687f072194c475528f,0.0023112657878376908,0.05094366271005085,0.0017530432747573637,False,False,False,0,0,0,1,4352,40,noisy_sim,9,4,3328,4,0,0.5,4,4,0.0024946228698015105,0.10254053273787991,0.0390251943773882,0.08846231405798359,4,0.08,1,qubit_wise_commuting,8,8704,1088.0,1088,4,4,40,5,adapt_pauli_pool,0.7897776233012392,0.8869485294117647,0.0016,0.0105,0.018,0.00224,0.0147,0.025199999999999997,0.0006399999999999997,0.004199999999999999,0.007199999999999998,1.0,1.0,replay,ibm_kyiv,0.012039999999999997
sha256:498b80a0e382afca06cfa66dae32d095b799c214412a698ee776c00722f80f93,fresh_rq4_9101_9108,fresh_evaluation,sigmetrics-rq4-fresh-operating-point-confirmation-v1,sha256:5750482173dcfa6f0132ad83b5b7c2198dd34d8873543e9e53f8d38420cff74c,sigmetrics-rq4-fresh-operating-point-confirmation-v1--3cb083a239ab9131,9103,h2_vqe,paper,noisy_sim,B5,4,2,cross_backend,sha256:498b80a0e382afca06cfa66dae32d095b799c214412a698ee776c00722f80f93-failure,sha256:df9318e2399e7f538baaeaf9f749f4f2f0f65b9e4e79e135e6d874851eb7b094,sha256:3e961724e06d6d711a9338896a03f47484a702bab4903cdf8ef8771396da980d,sha256:465cf8190aa72910b114108c272f86151fcf7f7906fe7d9023fc8db000a97506,sha256:55bf8521650cebf338f6e3db7f6fd146bca6f6a4ee4eb36210d406f749bea1e1,ibm_kyiv,ibm_brisbane,migrate,migrate:ibm_brisbane,ibm_brisbane,ibm_kyiv->ibm_brisbane,True,,1,1,0.0,0.0,controlled scenario descriptor,0.007,0.23333333333333334,derived recovery-time saved/current backend evidence,1,derived recovery-time saved/current backend identity,1,controlled scenario environment,0.0,0.08166666666666667,0.1,0.0,0.18166666666666667,True,True,cf-146825d618da16089a82,0.009937932934392713,0.06197468138023724,0.011119608377103948,False,False,False,0,0,0,1,4992,104,noisy_sim,9,3,2976,4,0,0.42857142857142855,4,4,0.04071458610398371,0.30097904645109214,0.05474476161292497,0.24409850992899162,12,0.105,1,qubit_wise_commuting,7,8736,1248.0,1248,12,0,24,4,entangling_ry_rz_brickwork,0.9379920586581344,0.8597756410256411,0.0016,0.0105,0.018,0.0021,0.014,0.024,0.0004999999999999998,0.0034999999999999996,0.006000000000000002,1.0,1.0,migrate,ibm_brisbane,0.010000000000000002
sha256:498b80a0e382afca06cfa66dae32d095b799c214412a698ee776c00722f80f93,fresh_rq4_9101_9108,fresh_evaluation,sigmetrics-rq4-fresh-operating-point-confirmation-v1,sha256:5750482173dcfa6f0132ad83b5b7c2198dd34d8873543e9e53f8d38420cff74c,sigmetrics-rq4-fresh-operating-point-confirmation-v1--3cb083a239ab9131,9103,h2_vqe,paper,noisy_sim,B5,4,2,cross_backend,sha256:498b80a0e382afca06cfa66dae32d095b799c214412a698ee776c00722f80f93-failure,sha256:df9318e2399e7f538baaeaf9f749f4f2f0f65b9e4e79e135e6d874851eb7b094,sha256:3e961724e06d6d711a9338896a03f47484a702bab4903cdf8ef8771396da980d,sha256:465cf8190aa72910b114108c272f86151fcf7f7906fe7d9023fc8db000a97506,sha256:55bf8521650cebf338f6e3db7f6fd146bca6f6a4ee4eb36210d406f749bea1e1,ibm_kyiv,ibm_sherbrooke,migrate,migrate:ibm_sherbrooke,ibm_sherbrooke,ibm_kyiv->ibm_sherbrooke,True,,1,1,0.0,0.0,controlled scenario descriptor,0.0018999999999999998,0.06333333333333332,derived recovery-time saved/current backend evidence,1,derived recovery-time saved/current backend identity,1,controlled scenario environment,0.0,0.02216666666666666,0.1,0.0,0.12216666666666667,True,True,cf-26aace65e7903c19597d,0.005029467485055061,0.013107696975434324,0.004970770737591745,False,False,False,0,0,0,1,4992,104,noisy_sim,9,3,2976,4,0,0.42857142857142855,4,4,0.04071458610398371,0.30097904645109214,0.05474476161292497,0.24409850992899162,12,0.105,1,qubit_wise_commuting,7,8736,1248.0,1248,12,0,24,4,entangling_ry_rz_brickwork,0.9379920586581344,0.8597756410256411,0.0016,0.0105,0.018,0.0012,0.0095,0.017,0.0004000000000000002,0.0010000000000000009,0.0009999999999999974,1.0,1.0,migrate,ibm_sherbrooke,0.0023999999999999985
sha256:4aabbf8b919a5ae40c4f52cac0d149988d7073e3b9dbc60649055b8ae5595227,fresh_rq4_9101_9108,fresh_evaluation,sigmetrics-rq4-fresh-operating-point-confirmation-v1,sha256:5750482173dcfa6f0132ad83b5b7c2198dd34d8873543e9e53f8d38420cff74c,sigmetrics-rq4-fresh-operating-point-confirmation-v1--cb5d5e29ac0ea7fd,9105,adapt_vqe,paper,noisy_sim,B5,4,2,high_change,sha256:4aabbf8b919a5ae40c4f52cac0d149988d7073e3b9dbc60649055b8ae5595227-failure,sha256:2c9f55040aecb344bf11ed03b406f640a83801e093147d588e63db3f6f70fab7,sha256:2b6db34aacbffdb427c6a86493c0c97d7fa901154c9c190f56705a55a8d2a0ee,sha256:bba49a3c81f6001e3cf2a488d02e36c2cd4c5c951d70da2b28ce889c7e5957d0,sha256:b369df2e904b27485daab3f656b3b3c7d44498620ca50c8b43daafa74ebfaa05,ibm_kyiv,ibm_brisbane,migrate,migrate:ibm_brisbane,ibm_brisbane,ibm_kyiv->ibm_brisbane,True,,1,1,6.0,1.0,controlled scenario descriptor,0.023860000000000006,0.7953333333333336,derived recovery-time saved/current backend evidence,1,derived recovery-time saved/current backend identity,1,controlled scenario environment,0.55,0.2783666666666667,0.1,0.0,0.9283666666666667,True,True,cf-be690b9bd5fc44504b0b,0.006453243659992225,0.11921421317907455,0.005311329404865217,False,False,False,0,0,0,1,4352,40,noisy_sim,9,4,3328,4,0,0.5,4,4,0.0008988808701673179,0.06845019700063049,0.03043292180839381,0.05013498345441095,4,0.08,1,qubit_wise_commuting,8,8704,1088.0,1088,4,4,40,5,adapt_pauli_pool,0.6932330062084406,0.9053308823529411,0.0016,0.0105,0.018,0.00336,0.022400000000000003,0.038400000000000004,0.00176,0.011900000000000003,0.020400000000000005,1.0,1.0,migrate,ibm_brisbane,0.03406000000000001
sha256:4aabbf8b919a5ae40c4f52cac0d149988d7073e3b9dbc60649055b8ae5595227,fresh_rq4_9101_9108,fresh_evaluation,sigmetrics-rq4-fresh-operating-point-confirmation-v1,sha256:5750482173dcfa6f0132ad83b5b7c2198dd34d8873543e9e53f8d38420cff74c,sigmetrics-rq4-fresh-operating-point-confirmation-v1--cb5d5e29ac0ea7fd,9105,adapt_vqe,paper,noisy_sim,B5,4,2,high_change,sha256:4aabbf8b919a5ae40c4f52cac0d149988d7073e3b9dbc60649055b8ae5595227-failure,sha256:2c9f55040aecb344bf11ed03b406f640a83801e093147d588e63db3f6f70fab7,sha256:2b6db34aacbffdb427c6a86493c0c97d7fa901154c9c190f56705a55a8d2a0ee,sha256:bba49a3c81f6001e3cf2a488d02e36c2cd4c5c951d70da2b28ce889c7e5957d0,sha256:b369df2e904b27485daab3f656b3b3c7d44498620ca50c8b43daafa74ebfaa05,ibm_kyiv,ibm_kyiv,replay,replay:ibm_kyiv,ibm_kyiv,ibm_kyiv->ibm_kyiv,True,,1,1,8.0,1.0,controlled scenario descriptor,0.016,0.5333333333333333,derived recovery-time saved/current backend evidence,0,derived recovery-time saved/current backend identity,1,controlled scenario environment,0.55,0.18666666666666665,0.0,0.0,0.7366666666666667,True,True,cf-e77fe9d18b3615add0e7,0.0045977496471447665,0.08264087904630889,0.0038645630776225053,False,False,False,0,0,0,1,4352,40,noisy_sim,9,4,3328,4,0,0.5,4,4,0.0008988808701673179,0.06845019700063049,0.03043292180839381,0.05013498345441095,4,0.08,1,qubit_wise_commuting,8,8704,1088.0,1088,4,4,40,5,adapt_pauli_pool,0.6932330062084406,0.9053308823529411,0.0016,0.0105,0.018,0.00288,0.0189,0.0324,0.00128,0.0084,0.0144,1.0,1.0,replay,ibm_kyiv,0.024079999999999997
sha256:4b3761825d548f92d437da3f742efd91c6249417bbd4896555e10c143604d31b,fresh_rq4_9101_9108,fresh_evaluation,sigmetrics-rq4-fresh-operating-point-confirmation-v1,sha256:5750482173dcfa6f0132ad83b5b7c2198dd34d8873543e9e53f8d38420cff74c,sigmetrics-rq4-fresh-operating-point-confirmation-v1--0121f689923d9537,9107,lih_vqe,paper,noisy_sim,B5,4,2,same_backend_delay,sha256:4b3761825d548f92d437da3f742efd91c6249417bbd4896555e10c143604d31b-failure,sha256:8435029b991b44f2114de66c9335945b17a788f5df914b7e6b58d020a82b5c4e,sha256:2b5d5606b48121c83beae64c1c7cabbafc8d4853980e515ebdce93987de444de,sha256:a34acccbf511b108775b8e967e3b18427ed7ef8b4253f5317c30df5592c85ab5,sha256:59a28a53b7d97390e4ef3ad4612a96d6dad6f6ed2e256d6d25a09a7e653d2047,ibm_kyiv,ibm_sherbrooke,migrate,migrate:ibm_sherbrooke,ibm_sherbrooke,ibm_kyiv->ibm_sherbrooke,True,,1,1,0.0,0.0,controlled scenario descriptor,0.0018999999999999998,0.06333333333333332,derived recovery-time saved/current backend evidence,1,derived recovery-time saved/current backend identity,1,controlled scenario environment,0.0,0.02216666666666666,0.1,0.0,0.12216666666666667,True,True,cf-6cb3406a5db4d50e34f9,0.001093522292247684,0.044622051465565506,0.01094668504285742,False,False,False,0,0,0,1,6144,168,noisy_sim,9,4,5120,4,0,0.5,4,4,0.05855647892101512,0.501828472057195,0.06380697122235202,0.36301904123775663,20,0.085,1,qubit_wise_commuting,8,12288,1536.0,1536,20,0,40,5,entangling_ry_rz_brickwork,1.8828007352000935,0.7239583333333334,0.0016,0.0105,0.018,0.0012,0.0095,0.017,0.0004000000000000002,0.0010000000000000009,0.0009999999999999974,1.0,1.0,migrate,ibm_sherbrooke,0.0023999999999999985
sha256:4b3761825d548f92d437da3f742efd91c6249417bbd4896555e10c143604d31b,fresh_rq4_9101_9108,fresh_evaluation,sigmetrics-rq4-fresh-operating-point-confirmation-v1,sha256:5750482173dcfa6f0132ad83b5b7c2198dd34d8873543e9e53f8d38420cff74c,sigmetrics-rq4-fresh-operating-point-confirmation-v1--0121f689923d9537,9107,lih_vqe,paper,noisy_sim,B5,4,2,same_backend_delay,sha256:4b3761825d548f92d437da3f742efd91c6249417bbd4896555e10c143604d31b-failure,sha256:8435029b991b44f2114de66c9335945b17a788f5df914b7e6b58d020a82b5c4e,sha256:2b5d5606b48121c83beae64c1c7cabbafc8d4853980e515ebdce93987de444de,sha256:a34acccbf511b108775b8e967e3b18427ed7ef8b4253f5317c30df5592c85ab5,sha256:59a28a53b7d97390e4ef3ad4612a96d6dad6f6ed2e256d6d25a09a7e653d2047,ibm_kyiv,ibm_kyiv,replay,replay:ibm_kyiv,ibm_kyiv,ibm_kyiv->ibm_kyiv,True,,1,1,4.0,0.8,controlled scenario descriptor,0.007999999999999998,0.2666666666666666,derived recovery-time saved/current backend evidence,0,derived recovery-time saved/current backend identity,1,controlled scenario environment,0.44000000000000006,0.09333333333333331,0.0,0.0,0.5333333333333333,True,True,cf-662efd6ab9b4852ff00a,0.0031535753700371316,0.054763369521279436,0.029743476406025388,False,False,False,0,0,0,1,6144,168,noisy_sim,9,4,5120,4,0,0.5,4,4,0.05855647892101512,0.501828472057195,0.06380697122235202,0.36301904123775663,20,0.085,1,qubit_wise_commuting,8,12288,1536.0,1536,20,0,40,5,entangling_ry_rz_brickwork,1.8828007352000935,0.7239583333333334,0.0016,0.0105,0.018,0.00224,0.0147,0.025199999999999997,0.0006399999999999997,0.004199999999999999,0.007199999999999998,1.0,1.0,replay,ibm_kyiv,0.012039999999999997
sha256:4b42b9cfcecb6af376f22b86ad2853d7fb1fda851f841df8c04eecd6fbd34de8,fresh_rq4_9101_9108,fresh_evaluation,sigmetrics-rq4-fresh-operating-point-confirmation-v1,sha256:5750482173dcfa6f0132ad83b5b7c2198dd34d8873543e9e53f8d38420cff74c,sigmetrics-rq4-fresh-operating-point-confirmation-v1--dab5e871d5f8aa76,9106,lih_vqe,paper,noisy_sim,B5,4,2,high_change,sha256:4b42b9cfcecb6af376f22b86ad2853d7fb1fda851f841df8c04eecd6fbd34de8-failure,sha256:12fb5c23b0e5873fdf8fce44aea1623bce3ee318d35346d67a128ac5be287eea,sha256:2b6db34aacbffdb427c6a86493c0c97d7fa901154c9c190f56705a55a8d2a0ee,sha256:5d8943b74edf54b19c3d0d4493eca8c11e5671bf89d76b8f3b4c56d6f9edfee2,sha256:084498a8f19aee6f12ba61a7b2b92c89e300a3dae8cad45995054edb1465411d,ibm_kyiv,ibm_brisbane,migrate,migrate:ibm_brisbane,ibm_brisbane,ibm_kyiv->ibm_brisbane,True,,1,1,6.0,1.0,controlled scenario descriptor,0.023860000000000006,0.7953333333333336,derived recovery-time saved/current backend evidence,1,derived recovery-time saved/current backend identity,1,controlled scenario environment,0.55,0.2783666666666667,0.1,0.0,0.9283666666666667,True,True,cf-03a916c7ebb693b63f97,0.0051115415252080965,0.15259633114942656,0.07260259625686873,False,False,False,0,0,0,1,6144,168,noisy_sim,9,4,5120,4,0,0.5,4,4,0.07130914739997962,0.5493221234700877,0.06256987611311735,0.3589950295340335,20,0.085,1,qubit_wise_commuting,8,12288,1536.0,1536,20,0,40,5,entangling_ry_rz_brickwork,1.503542056303995,0.7936197916666666,0.0016,0.0105,0.018,0.00336,0.022400000000000003,0.038400000000000004,0.00176,0.011900000000000003,0.020400000000000005,1.0,1.0,migrate,ibm_brisbane,0.03406000000000001
sha256:4b42b9cfcecb6af376f22b86ad2853d7fb1fda851f841df8c04eecd6fbd34de8,fresh_rq4_9101_9108,fresh_evaluation,sigmetrics-rq4-fresh-operating-point-confirmation-v1,sha256:5750482173dcfa6f0132ad83b5b7c2198dd34d8873543e9e53f8d38420cff74c,sigmetrics-rq4-fresh-operating-point-confirmation-v1--dab5e871d5f8aa76,9106,lih_vqe,paper,noisy_sim,B5,4,2,high_change,sha256:4b42b9cfcecb6af376f22b86ad2853d7fb1fda851f841df8c04eecd6fbd34de8-failure,sha256:12fb5c23b0e5873fdf8fce44aea1623bce3ee318d35346d67a128ac5be287eea,sha256:2b6db34aacbffdb427c6a86493c0c97d7fa901154c9c190f56705a55a8d2a0ee,sha256:5d8943b74edf54b19c3d0d4493eca8c11e5671bf89d76b8f3b4c56d6f9edfee2,sha256:084498a8f19aee6f12ba61a7b2b92c89e300a3dae8cad45995054edb1465411d,ibm_kyiv,ibm_kyiv,replay,replay:ibm_kyiv,ibm_kyiv,ibm_kyiv->ibm_kyiv,True,,1,1,8.0,1.0,controlled scenario descriptor,0.016,0.5333333333333333,derived recovery-time saved/current backend evidence,0,derived recovery-time saved/current backend identity,1,controlled scenario environment,0.55,0.18666666666666665,0.0,0.0,0.7366666666666667,True,True,cf-e2d669a1a0585978452d,0.0036023260765549736,0.11362098099263922,0.05227800004153924,False,False,False,0,0,0,1,6144,168,noisy_sim,9,4,5120,4,0,0.5,4,4,0.07130914739997962,0.5493221234700877,0.06256987611311735,0.3589950295340335,20,0.085,1,qubit_wise_commuting,8,12288,1536.0,1536,20,0,40,5,entangling_ry_rz_brickwork,1.503542056303995,0.7936197916666666,0.0016,0.0105,0.018,0.00288,0.0189,0.0324,0.00128,0.0084,0.0144,1.0,1.0,replay,ibm_kyiv,0.024079999999999997
sha256:4c320ff9591cf87ac791501526129b04c25b287ac138ba15f2b35aafe9d5a056,fresh_rq4_9101_9108,fresh_evaluation,sigmetrics-rq4-fresh-operating-point-confirmation-v1,sha256:5750482173dcfa6f0132ad83b5b7c2198dd34d8873543e9e53f8d38420cff74c,sigmetrics-rq4-fresh-operating-point-confirmation-v1--4285f0ed1e63cc6f,9103,adapt_vqe,paper,noisy_sim,B5,4,2,cross_backend,sha256:4c320ff9591cf87ac791501526129b04c25b287ac138ba15f2b35aafe9d5a056-failure,sha256:20dca6d793bd22ee13b4d7589609c8373a5a86234e53e87cb3dda565cdd6278b,sha256:3e961724e06d6d711a9338896a03f47484a702bab4903cdf8ef8771396da980d,sha256:7edecfba009e2f47b53720d8e6f4764bc8af02de63117f2739ea2de44e4ab909,sha256:dad87ef32d66730a871ea85cf1ead5e5abaf4f633b26da774f3c78220c60284f,ibm_kyiv,ibm_brisbane,migrate,migrate:ibm_brisbane,ibm_brisbane,ibm_kyiv->ibm_brisbane,True,,1,1,0.0,0.0,controlled scenario descriptor,0.007,0.23333333333333334,derived recovery-time saved/current backend evidence,1,derived recovery-time saved/current backend identity,1,controlled scenario environment,0.0,0.08166666666666667,0.1,0.0,0.18166666666666667,True,True,cf-c618adf2f839f112ee1c,0.0018714735009028871,0.06268184836206799,0.001513866862419556,False,False,False,0,0,0,1,4352,40,noisy_sim,9,4,3328,4,0,0.5,4,4,0.003231626016447109,0.12737605331742743,0.05633383296080257,0.09658534553364086,4,0.08,1,qubit_wise_commuting,8,8704,1088.0,1088,4,4,40,5,adapt_pauli_pool,0.745125615236665,0.8943014705882353,0.0016,0.0105,0.018,0.0021,0.014,0.024,0.0004999999999999998,0.0034999999999999996,0.006000000000000002,1.0,1.0,migrate,ibm_brisbane,0.010000000000000002
sha256:4c320ff9591cf87ac791501526129b04c25b287ac138ba15f2b35aafe9d5a056,fresh_rq4_9101_9108,fresh_evaluation,sigmetrics-rq4-fresh-operating-point-confirmation-v1,sha256:5750482173dcfa6f0132ad83b5b7c2198dd34d8873543e9e53f8d38420cff74c,sigmetrics-rq4-fresh-operating-point-confirmation-v1--4285f0ed1e63cc6f,9103,adapt_vqe,paper,noisy_sim,B5,4,2,cross_backend,sha256:4c320ff9591cf87ac791501526129b04c25b287ac138ba15f2b35aafe9d5a056-failure,sha256:20dca6d793bd22ee13b4d7589609c8373a5a86234e53e87cb3dda565cdd6278b,sha256:3e961724e06d6d711a9338896a03f47484a702bab4903cdf8ef8771396da980d,sha256:7edecfba009e2f47b53720d8e6f4764bc8af02de63117f2739ea2de44e4ab909,sha256:dad87ef32d66730a871ea85cf1ead5e5abaf4f633b26da774f3c78220c60284f,ibm_kyiv,ibm_sherbrooke,migrate,migrate:ibm_sherbrooke,ibm_sherbrooke,ibm_kyiv->ibm_sherbrooke,True,,1,1,0.0,0.0,controlled scenario descriptor,0.0018999999999999998,0.06333333333333332,derived recovery-time saved/current backend evidence,1,derived recovery-time saved/current backend identity,1,controlled scenario environment,0.0,0.02216666666666666,0.1,0.0,0.12216666666666667,True,True,cf-560af324ac26dd8f1d20,0.0006614488288070319,0.008474961821954008,0.00121222761800756,False,False,False,0,0,0,1,4352,40,noisy_sim,9,4,3328,4,0,0.5,4,4,0.003231626016447109,0.12737605331742743,0.05633383296080257,0.09658534553364086,4,0.08,1,qubit_wise_commuting,8,8704,1088.0,1088,4,4,40,5,adapt_pauli_pool,0.745125615236665,0.8943014705882353,0.0016,0.0105,0.018,0.0012,0.0095,0.017,0.0004000000000000002,0.0010000000000000009,0.0009999999999999974,1.0,1.0,migrate,ibm_sherbrooke,0.0023999999999999985
sha256:4ebc2efc8a45b3a14d69fa116889d248a0a71c70f264c848b2296d7ebb60a19b,fresh_rq4_9101_9108,fresh_evaluation,sigmetrics-rq4-fresh-operating-point-confirmation-v1,sha256:5750482173dcfa6f0132ad83b5b7c2198dd34d8873543e9e53f8d38420cff74c,sigmetrics-rq4-fresh-operating-point-confirmation-v1--3fc7dca2b474606a,9102,lih_vqe,paper,noisy_sim,B5,4,2,same_backend_delay,sha256:4ebc2efc8a45b3a14d69fa116889d248a0a71c70f264c848b2296d7ebb60a19b-failure,sha256:cb37a9d2ac77d1a789150b6217863cd8cc01ebf0bae6c473c2350a4fca705673,sha256:2b5d5606b48121c83beae64c1c7cabbafc8d4853980e515ebdce93987de444de,sha256:a34acccbf511b108775b8e967e3b18427ed7ef8b4253f5317c30df5592c85ab5,sha256:99246af9d5393d16e598cf998fcb2c7e2009dd290489f1077e4804ba5568a3ac,ibm_kyiv,ibm_sherbrooke,migrate,migrate:ibm_sherbrooke,ibm_sherbrooke,ibm_kyiv->ibm_sherbrooke,True,,1,1,0.0,0.0,controlled scenario descriptor,0.0018999999999999998,0.06333333333333332,derived recovery-time saved/current backend evidence,1,derived recovery-time saved/current backend identity,1,controlled scenario environment,0.0,0.02216666666666666,0.1,0.0,0.12216666666666667,True,True,cf-80a2fd3c2e49a9b702d7,0.0020563324047859766,0.05412933346568139,0.009928042199666627,False,False,False,0,0,0,1,5504,168,noisy_sim,9,4,4480,4,0,0.5,4,4,0.08722161196329026,0.5937326697327159,0.06976914567926103,0.3911920535054748,20,0.085,1,qubit_wise_commuting,8,11008,1376.0,1376,20,0,40,5,entangling_ry_rz_brickwork,1.641400243218241,0.7696220930232558,0.0016,0.0105,0.018,0.0012,0.0095,0.017,0.0004000000000000002,0.0010000000000000009,0.0009999999999999974,1.0,1.0,migrate,ibm_sherbrooke,0.0023999999999999985
sha256:4ebc2efc8a45b3a14d69fa116889d248a0a71c70f264c848b2296d7ebb60a19b,fresh_rq4_9101_9108,fresh_evaluation,sigmetrics-rq4-fresh-operating-point-confirmation-v1,sha256:5750482173dcfa6f0132ad83b5b7c2198dd34d8873543e9e53f8d38420cff74c,sigmetrics-rq4-fresh-operating-point-confirmation-v1--3fc7dca2b474606a,9102,lih_vqe,paper,noisy_sim,B5,4,2,same_backend_delay,sha256:4ebc2efc8a45b3a14d69fa116889d248a0a71c70f264c848b2296d7ebb60a19b-failure,sha256:cb37a9d2ac77d1a789150b6217863cd8cc01ebf0bae6c473c2350a4fca705673,sha256:2b5d5606b48121c83beae64c1c7cabbafc8d4853980e515ebdce93987de444de,sha256:a34acccbf511b108775b8e967e3b18427ed7ef8b4253f5317c30df5592c85ab5,sha256:99246af9d5393d16e598cf998fcb2c7e2009dd290489f1077e4804ba5568a3ac,ibm_kyiv,ibm_kyiv,replay,replay:ibm_kyiv,ibm_kyiv,ibm_kyiv->ibm_kyiv,True,,1,1,4.0,0.8,controlled scenario descriptor,0.007999999999999998,0.2666666666666666,derived recovery-time saved/current backend evidence,0,derived recovery-time saved/current backend identity,1,controlled scenario environment,0.44000000000000006,0.09333333333333331,0.0,0.0,0.5333333333333333,True,True,cf-1022b93483eb86791c9a,0.005351354546327514,0.07753989669332498,0.026840435991567123,False,False,False,0,0,0,1,5504,168,noisy_sim,9,4,4480,4,0,0.5,4,4,0.08722161196329026,0.5937326697327159,0.06976914567926103,0.3911920535054748,20,0.085,1,qubit_wise_commuting,8,11008,1376.0,1376,20,0,40,5,entangling_ry_rz_brickwork,1.641400243218241,0.7696220930232558,0.0016,0.0105,0.018,0.00224,0.0147,0.025199999999999997,0.0006399999999999997,0.004199999999999999,0.007199999999999998,1.0,1.0,replay,ibm_kyiv,0.012039999999999997
sha256:4f23bd6e9cd6101d2d5458a111da4b8c1e1f2d8e9b73066eb6f7658cc692938c,fresh_rq4_9101_9108,fresh_evaluation,sigmetrics-rq4-fresh-operating-point-confirmation-v1,sha256:5750482173dcfa6f0132ad83b5b7c2198dd34d8873543e9e53f8d38420cff74c,sigmetrics-rq4-fresh-operating-point-confirmation-v1--61796c07a3541db8,9104,adapt_vqe,paper,noisy_sim,B5,4,2,high_change,sha256:4f23bd6e9cd6101d2d5458a111da4b8c1e1f2d8e9b73066eb6f7658cc692938c-failure,sha256:a761ecad2dd49b502847909cab813d1a2c8ab15fee92c3aa5531ea8c62703aa1,sha256:2b6db34aacbffdb427c6a86493c0c97d7fa901154c9c190f56705a55a8d2a0ee,sha256:bba49a3c81f6001e3cf2a488d02e36c2cd4c5c951d70da2b28ce889c7e5957d0,sha256:4f41974484ba190abcd91b2ab28ac3ccd12323962bb1a3029707ed6c4d021704,ibm_kyiv,ibm_brisbane,migrate,migrate:ibm_brisbane,ibm_brisbane,ibm_kyiv->ibm_brisbane,True,,1,1,6.0,1.0,controlled scenario descriptor,0.023860000000000006,0.7953333333333336,derived recovery-time saved/current backend evidence,1,derived recovery-time saved/current backend identity,1,controlled scenario environment,0.55,0.2783666666666667,0.1,0.0,0.9283666666666667,True,True,cf-aeed9a407734fe79f516,0.006472055894360729,0.08018279208581344,0.004683178653244511,False,False,False,0,0,0,1,4352,40,noisy_sim,9,4,3328,4,0,0.5,4,4,0.000976828504457572,0.06543245727204355,0.0318251164881452,0.03736167998676068,4,0.08,1,qubit_wise_commuting,8,8704,1088.0,1088,4,4,40,5,adapt_pauli_pool,0.6634617539535163,0.9080882352941176,0.0016,0.0105,0.018,0.00336,0.022400000000000003,0.038400000000000004,0.00176,0.011900000000000003,0.020400000000000005,1.0,1.0,migrate,ibm_brisbane,0.03406000000000001
sha256:4f23bd6e9cd6101d2d5458a111da4b8c1e1f2d8e9b73066eb6f7658cc692938c,fresh_rq4_9101_9108,fresh_evaluation,sigmetrics-rq4-fresh-operating-point-confirmation-v1,sha256:5750482173dcfa6f0132ad83b5b7c2198dd34d8873543e9e53f8d38420cff74c,sigmetrics-rq4-fresh-operating-point-confirmation-v1--61796c07a3541db8,9104,adapt_vqe,paper,noisy_sim,B5,4,2,high_change,sha256:4f23bd6e9cd6101d2d5458a111da4b8c1e1f2d8e9b73066eb6f7658cc692938c-failure,sha256:a761ecad2dd49b502847909cab813d1a2c8ab15fee92c3aa5531ea8c62703aa1,sha256:2b6db34aacbffdb427c6a86493c0c97d7fa901154c9c190f56705a55a8d2a0ee,sha256:bba49a3c81f6001e3cf2a488d02e36c2cd4c5c951d70da2b28ce889c7e5957d0,sha256:4f41974484ba190abcd91b2ab28ac3ccd12323962bb1a3029707ed6c4d021704,ibm_kyiv,ibm_kyiv,replay,replay:ibm_kyiv,ibm_kyiv,ibm_kyiv->ibm_kyiv,True,,1,1,8.0,1.0,controlled scenario descriptor,0.016,0.5333333333333333,derived recovery-time saved/current backend evidence,0,derived recovery-time saved/current backend identity,1,controlled scenario environment,0.55,0.18666666666666665,0.0,0.0,0.7366666666666667,True,True,cf-a7f2f8ed2348edc0a831,0.004611438963240566,0.06190106063053234,0.003407129047972325,False,False,False,0,0,0,1,4352,40,noisy_sim,9,4,3328,4,0,0.5,4,4,0.000976828504457572,0.06543245727204355,0.0318251164881452,0.03736167998676068,4,0.08,1,qubit_wise_commuting,8,8704,1088.0,1088,4,4,40,5,adapt_pauli_pool,0.6634617539535163,0.9080882352941176,0.0016,0.0105,0.018,0.00288,0.0189,0.0324,0.00128,0.0084,0.0144,1.0,1.0,replay,ibm_kyiv,0.024079999999999997
sha256:4f369f053813b93a375b837b35d57eeeb84a6b252a1487146524ca116e6f87b3,fresh_rq4_9101_9108,fresh_evaluation,sigmetrics-rq4-fresh-operating-point-confirmation-v1,sha256:5750482173dcfa6f0132ad83b5b7c2198dd34d8873543e9e53f8d38420cff74c,sigmetrics-rq4-fresh-operating-point-confirmation-v1--578d4bda5f580357,9102,h2_vqe,paper,noisy_sim,B5,4,2,high_change,sha256:4f369f053813b93a375b837b35d57eeeb84a6b252a1487146524ca116e6f87b3-failure,sha256:68e7b86ca90be47327d692e63bd1dc918069a90ea501869a6dc007002578ba65,sha256:2b6db34aacbffdb427c6a86493c0c97d7fa901154c9c190f56705a55a8d2a0ee,sha256:94e11cf4ea4c74d973b64129cefe2805f81a297533fc0020c3c844df147749e1,sha256:2b9e752063fdcc64a950528a401bd2a1025653db4a735232d31447b4ad4335ab,ibm_kyiv,ibm_brisbane,migrate,migrate:ibm_brisbane,ibm_brisbane,ibm_kyiv->ibm_brisbane,True,,1,1,6.0,1.0,controlled scenario descriptor,0.023860000000000006,0.7953333333333336,derived recovery-time saved/current backend evidence,1,derived recovery-time saved/current backend identity,1,controlled scenario environment,0.55,0.2783666666666667,0.1,0.0,0.9283666666666667,True,True,cf-d0664640830d7932b69f,0.03348228088718752,0.11245760947095708,0.03813568081503339,False,False,False,0,0,0,1,4992,104,noisy_sim,9,3,2976,4,0,0.42857142857142855,4,4,0.07565561814762378,0.4171411824605734,0.07618892284257754,0.3378772338925461,12,0.105,1,qubit_wise_commuting,7,8736,1248.0,1248,12,0,24,4,entangling_ry_rz_brickwork,1.1134068816503246,0.8381410256410257,0.0016,0.0105,0.018,0.00336,0.022400000000000003,0.038400000000000004,0.00176,0.011900000000000003,0.020400000000000005,1.0,1.0,migrate,ibm_brisbane,0.03406000000000001
sha256:4f369f053813b93a375b837b35d57eeeb84a6b252a1487146524ca116e6f87b3,fresh_rq4_9101_9108,fresh_evaluation,sigmetrics-rq4-fresh-operating-point-confirmation-v1,sha256:5750482173dcfa6f0132ad83b5b7c2198dd34d8873543e9e53f8d38420cff74c,sigmetrics-rq4-fresh-operating-point-confirmation-v1--578d4bda5f580357,9102,h2_vqe,paper,noisy_sim,B5,4,2,high_change,sha256:4f369f053813b93a375b837b35d57eeeb84a6b252a1487146524ca116e6f87b3-failure,sha256:68e7b86ca90be47327d692e63bd1dc918069a90ea501869a6dc007002578ba65,sha256:2b6db34aacbffdb427c6a86493c0c97d7fa901154c9c190f56705a55a8d2a0ee,sha256:94e11cf4ea4c74d973b64129cefe2805f81a297533fc0020c3c844df147749e1,sha256:2b9e752063fdcc64a950528a401bd2a1025653db4a735232d31447b4ad4335ab,ibm_kyiv,ibm_kyiv,replay,replay:ibm_kyiv,ibm_kyiv,ibm_kyiv->ibm_kyiv,True,,1,1,8.0,1.0,controlled scenario descriptor,0.016,0.5333333333333333,derived recovery-time saved/current backend evidence,0,derived recovery-time saved/current backend identity,1,controlled scenario environment,0.55,0.18666666666666665,0.0,0.0,0.7366666666666667,True,True,cf-3979eaa962fa0baa54b8,0.024077033919332136,0.097171970850238,0.02725987679020566,False,False,False,0,0,0,1,4992,104,noisy_sim,9,3,2976,4,0,0.42857142857142855,4,4,0.07565561814762378,0.4171411824605734,0.07618892284257754,0.3378772338925461,12,0.105,1,qubit_wise_commuting,7,8736,1248.0,1248,12,0,24,4,entangling_ry_rz_brickwork,1.1134068816503246,0.8381410256410257,0.0016,0.0105,0.018,0.00288,0.0189,0.0324,0.00128,0.0084,0.0144,1.0,1.0,replay,ibm_kyiv,0.024079999999999997
sha256:4fdaf611d1dfbc51fd832782e03b10917bb2e43cd506a88f5aa4122d7bcb463d,fresh_rq4_9101_9108,fresh_evaluation,sigmetrics-rq4-fresh-operating-point-confirmation-v1,sha256:5750482173dcfa6f0132ad83b5b7c2198dd34d8873543e9e53f8d38420cff74c,sigmetrics-rq4-fresh-operating-point-confirmation-v1--803c65316c082ea5,9101,h2_vqe,paper,noisy_sim,B5,4,2,no_change,sha256:4fdaf611d1dfbc51fd832782e03b10917bb2e43cd506a88f5aa4122d7bcb463d-failure,sha256:7b78da82dc7c435d8e40cac8032af68bd8251ba6b8d85a1c58cacdf9ff6ac219,sha256:0e7343b47d003afe2860e33d67399c12f7ed84b7f18c3a5e0d48aae47fda9990,sha256:baa92c31b0f189ce526289e61ce9d7b1d153d2320fb0caa5de4cb9d39f4d0b0e,sha256:3791d43dac440de7a4b520c8c41b2a5e6d6fb2b97df52cca2d5bd4402b02b2dd,ibm_kyiv,ibm_kyiv,replay,replay:ibm_kyiv,ibm_kyiv,ibm_kyiv->ibm_kyiv,True,,1,1,0.0,0.0,controlled scenario descriptor,0.0,0.0,derived recovery-time saved/current backend evidence,0,derived recovery-time saved/current backend identity,1,controlled scenario environment,0.0,0.0,0.0,0.0,0.0,True,True,cf-37dd57ae563d3b647130,0.0,0.0,0.0,True,True,True,1,1,1,0,4992,104,noisy_sim,9,3,2976,4,0,0.42857142857142855,4,4,0.07521586868658314,0.43547900427952224,0.07826706517756313,0.32626304276195395,12,0.105,1,qubit_wise_commuting,7,8736,1248.0,1248,12,0,24,4,entangling_ry_rz_brickwork,1.2855173549326042,0.7948717948717948,0.0016,0.0105,0.018,0.0016,0.0105,0.018,0.0,0.0,0.0,1.0,1.0,replay,ibm_kyiv,0.0
sha256:513e9f5803917b2c4a6ae191f1bb3571776815b0c6210b9adc24ac94c0215222,fresh_rq4_9101_9108,fresh_evaluation,sigmetrics-rq4-fresh-operating-point-confirmation-v1,sha256:5750482173dcfa6f0132ad83b5b7c2198dd34d8873543e9e53f8d38420cff74c,sigmetrics-rq4-fresh-operating-point-confirmation-v1--695ae54ff5cbde6a,9108,adapt_vqe,paper,noisy_sim,B5,4,2,high_change,sha256:513e9f5803917b2c4a6ae191f1bb3571776815b0c6210b9adc24ac94c0215222-failure,sha256:80339e8c50ff7a7d5d593618752d173abaa251000451ca6d4bf978464b73ebf4,sha256:2b6db34aacbffdb427c6a86493c0c97d7fa901154c9c190f56705a55a8d2a0ee,sha256:bba49a3c81f6001e3cf2a488d02e36c2cd4c5c951d70da2b28ce889c7e5957d0,sha256:e4f28155bee0bc023dbc13b1632721f32f475438319f79e0febed220dcd2d143,ibm_kyiv,ibm_brisbane,migrate,migrate:ibm_brisbane,ibm_brisbane,ibm_kyiv->ibm_brisbane,True,,1,1,6.0,1.0,controlled scenario descriptor,0.023860000000000006,0.7953333333333336,derived recovery-time saved/current backend evidence,1,derived recovery-time saved/current backend identity,1,controlled scenario environment,0.55,0.2783666666666667,0.1,0.0,0.9283666666666667,True,True,cf-8866919f44b2bd5e564d,0.006486414740546564,0.12473504856406302,0.00481662066372107,False,False,False,0,0,0,1,4352,40,noisy_sim,9,4,3328,4,0,0.5,4,4,0.0024946228698015105,0.10254053273787991,0.0390251943773882,0.08846231405798359,4,0.08,1,qubit_wise_commuting,8,8704,1088.0,1088,4,4,40,5,adapt_pauli_pool,0.7897776233012392,0.8869485294117647,0.0016,0.0105,0.018,0.00336,0.022400000000000003,0.038400000000000004,0.00176,0.011900000000000003,0.020400000000000005,1.0,1.0,migrate,ibm_brisbane,0.03406000000000001
sha256:513e9f5803917b2c4a6ae191f1bb3571776815b0c6210b9adc24ac94c0215222,fresh_rq4_9101_9108,fresh_evaluation,sigmetrics-rq4-fresh-operating-point-confirmation-v1,sha256:5750482173dcfa6f0132ad83b5b7c2198dd34d8873543e9e53f8d38420cff74c,sigmetrics-rq4-fresh-operating-point-confirmation-v1--695ae54ff5cbde6a,9108,adapt_vqe,paper,noisy_sim,B5,4,2,high_change,sha256:513e9f5803917b2c4a6ae191f1bb3571776815b0c6210b9adc24ac94c0215222-failure,sha256:80339e8c50ff7a7d5d593618752d173abaa251000451ca6d4bf978464b73ebf4,sha256:2b6db34aacbffdb427c6a86493c0c97d7fa901154c9c190f56705a55a8d2a0ee,sha256:bba49a3c81f6001e3cf2a488d02e36c2cd4c5c951d70da2b28ce889c7e5957d0,sha256:e4f28155bee0bc023dbc13b1632721f32f475438319f79e0febed220dcd2d143,ibm_kyiv,ibm_kyiv,replay,replay:ibm_kyiv,ibm_kyiv,ibm_kyiv->ibm_kyiv,True,,1,1,8.0,1.0,controlled scenario descriptor,0.016,0.5333333333333333,derived recovery-time saved/current backend evidence,0,derived recovery-time saved/current backend identity,1,controlled scenario environment,0.55,0.18666666666666665,0.0,0.0,0.7366666666666667,True,True,cf-3c69099c678360f58b39,0.004621880705945713,0.10162961820499099,0.0035043208481868177,False,False,False,0,0,0,1,4352,40,noisy_sim,9,4,3328,4,0,0.5,4,4,0.0024946228698015105,0.10254053273787991,0.0390251943773882,0.08846231405798359,4,0.08,1,qubit_wise_commuting,8,8704,1088.0,1088,4,4,40,5,adapt_pauli_pool,0.7897776233012392,0.8869485294117647,0.0016,0.0105,0.018,0.00288,0.0189,0.0324,0.00128,0.0084,0.0144,1.0,1.0,replay,ibm_kyiv,0.024079999999999997
sha256:526e41eb07f3dee7199aada8948972bf9f2d866afae329be833b63c918484a64,fresh_rq4_9101_9108,fresh_evaluation,sigmetrics-rq4-fresh-operating-point-confirmation-v1,sha256:5750482173dcfa6f0132ad83b5b7c2198dd34d8873543e9e53f8d38420cff74c,sigmetrics-rq4-fresh-operating-point-confirmation-v1--3019d8ec9fb9313f,9108,lih_vqe,paper,noisy_sim,B5,4,2,high_change,sha256:526e41eb07f3dee7199aada8948972bf9f2d866afae329be833b63c918484a64-failure,sha256:5b4a3d36e74ff6cc3f8c1f481af9cb3ede1e27773ff111f6134fbe9ce44c2bb8,sha256:2b6db34aacbffdb427c6a86493c0c97d7fa901154c9c190f56705a55a8d2a0ee,sha256:5d8943b74edf54b19c3d0d4493eca8c11e5671bf89d76b8f3b4c56d6f9edfee2,sha256:efb4d144dd290ea7a87fd7ccf52d927b2f5194ae47d008bfa2d23015d5a723eb,ibm_kyiv,ibm_brisbane,migrate,migrate:ibm_brisbane,ibm_brisbane,ibm_kyiv->ibm_brisbane,True,,1,1,6.0,1.0,controlled scenario descriptor,0.023860000000000006,0.7953333333333336,derived recovery-time saved/current backend evidence,1,derived recovery-time saved/current backend identity,1,controlled scenario environment,0.55,0.2783666666666667,0.1,0.0,0.9283666666666667,True,True,cf-c6c045eea3af9738d62e,0.006267776161814176,0.12132836036267956,0.06973569527637209,False,False,False,0,0,0,1,6144,168,noisy_sim,9,4,5120,4,0,0.5,4,4,0.09772283851014762,0.6642564645069408,0.08512609107772641,0.37808754946041156,20,0.085,1,qubit_wise_commuting,8,12288,1536.0,1536,20,0,40,5,entangling_ry_rz_brickwork,1.795901052367759,0.705078125,0.0016,0.0105,0.018,0.00336,0.022400000000000003,0.038400000000000004,0.00176,0.011900000000000003,0.020400000000000005,1.0,1.0,migrate,ibm_brisbane,0.03406000000000001
sha256:526e41eb07f3dee7199aada8948972bf9f2d866afae329be833b63c918484a64,fresh_rq4_9101_9108,fresh_evaluation,sigmetrics-rq4-fresh-operating-point-confirmation-v1,sha256:5750482173dcfa6f0132ad83b5b7c2198dd34d8873543e9e53f8d38420cff74c,sigmetrics-rq4-fresh-operating-point-confirmation-v1--3019d8ec9fb9313f,9108,lih_vqe,paper,noisy_sim,B5,4,2,high_change,sha256:526e41eb07f3dee7199aada8948972bf9f2d866afae329be833b63c918484a64-failure,sha256:5b4a3d36e74ff6cc3f8c1f481af9cb3ede1e27773ff111f6134fbe9ce44c2bb8,sha256:2b6db34aacbffdb427c6a86493c0c97d7fa901154c9c190f56705a55a8d2a0ee,sha256:5d8943b74edf54b19c3d0d4493eca8c11e5671bf89d76b8f3b4c56d6f9edfee2,sha256:efb4d144dd290ea7a87fd7ccf52d927b2f5194ae47d008bfa2d23015d5a723eb,ibm_kyiv,ibm_kyiv,replay,replay:ibm_kyiv,ibm_kyiv,ibm_kyiv->ibm_kyiv,True,,1,1,8.0,1.0,controlled scenario descriptor,0.016,0.5333333333333333,derived recovery-time saved/current backend evidence,0,derived recovery-time saved/current backend identity,1,controlled scenario environment,0.55,0.18666666666666665,0.0,0.0,0.7366666666666667,True,True,cf-8cf23e8b6cd94f033c56,0.004649517085302257,0.09701182596607966,0.050238535149082046,False,False,False,0,0,0,1,6144,168,noisy_sim,9,4,5120,4,0,0.5,4,4,0.09772283851014762,0.6642564645069408,0.08512609107772641,0.37808754946041156,20,0.085,1,qubit_wise_commuting,8,12288,1536.0,1536,20,0,40,5,entangling_ry_rz_brickwork,1.795901052367759,0.705078125,0.0016,0.0105,0.018,0.00288,0.0189,0.0324,0.00128,0.0084,0.0144,1.0,1.0,replay,ibm_kyiv,0.024079999999999997
sha256:55258d001fdd64d8f0b015d476b8b4ede8eebfd89212150d00806ce504339a56,fresh_rq4_9101_9108,fresh_evaluation,sigmetrics-rq4-fresh-operating-point-confirmation-v1,sha256:5750482173dcfa6f0132ad83b5b7c2198dd34d8873543e9e53f8d38420cff74c,sigmetrics-rq4-fresh-operating-point-confirmation-v1--3e4669ed78cb43eb,9107,adapt_vqe,paper,noisy_sim,B5,4,2,high_change,sha256:55258d001fdd64d8f0b015d476b8b4ede8eebfd89212150d00806ce504339a56-failure,sha256:ccbcadd218beab72aa3add58bd8a681ae9db190b63d0f082ba0c97825feb6377,sha256:2b6db34aacbffdb427c6a86493c0c97d7fa901154c9c190f56705a55a8d2a0ee,sha256:bba49a3c81f6001e3cf2a488d02e36c2cd4c5c951d70da2b28ce889c7e5957d0,sha256:629c4beaa398a65790ec00509d6c844d047608e8ce35088d004ccc4ae86d013b,ibm_kyiv,ibm_brisbane,migrate,migrate:ibm_brisbane,ibm_brisbane,ibm_kyiv->ibm_brisbane,True,,1,1,6.0,1.0,controlled scenario descriptor,0.023860000000000006,0.7953333333333336,derived recovery-time saved/current backend evidence,1,derived recovery-time saved/current backend identity,1,controlled scenario environment,0.55,0.2783666666666667,0.1,0.0,0.9283666666666667,True,True,cf-56fbb6c53a09be896bd5,0.006526271492145241,0.12073372160599855,0.004465135309776393,False,False,False,0,0,0,1,4352,40,noisy_sim,9,4,3328,4,0,0.5,4,4,0.0031646227206829636,0.11737308013427579,0.04139339926336009,0.11111605309386263,4,0.08,1,qubit_wise_commuting,8,8704,1088.0,1088,4,4,40,5,adapt_pauli_pool,0.7464007466761748,0.8970588235294118,0.0016,0.0105,0.018,0.00336,0.022400000000000003,0.038400000000000004,0.00176,0.011900000000000003,0.020400000000000005,1.0,1.0,migrate,ibm_brisbane,0.03406000000000001
sha256:55258d001fdd64d8f0b015d476b8b4ede8eebfd89212150d00806ce504339a56,fresh_rq4_9101_9108,fresh_evaluation,sigmetrics-rq4-fresh-operating-point-confirmation-v1,sha256:5750482173dcfa6f0132ad83b5b7c2198dd34d8873543e9e53f8d38420cff74c,sigmetrics-rq4-fresh-operating-point-confirmation-v1--3e4669ed78cb43eb,9107,adapt_vqe,paper,noisy_sim,B5,4,2,high_change,sha256:55258d001fdd64d8f0b015d476b8b4ede8eebfd89212150d00806ce504339a56-failure,sha256:ccbcadd218beab72aa3add58bd8a681ae9db190b63d0f082ba0c97825feb6377,sha256:2b6db34aacbffdb427c6a86493c0c97d7fa901154c9c190f56705a55a8d2a0ee,sha256:bba49a3c81f6001e3cf2a488d02e36c2cd4c5c951d70da2b28ce889c7e5957d0,sha256:629c4beaa398a65790ec00509d6c844d047608e8ce35088d004ccc4ae86d013b,ibm_kyiv,ibm_kyiv,replay,replay:ibm_kyiv,ibm_kyiv,ibm_kyiv->ibm_kyiv,True,,1,1,8.0,1.0,controlled scenario descriptor,0.016,0.5333333333333333,derived recovery-time saved/current backend evidence,0,derived recovery-time saved/current backend identity,1,controlled scenario environment,0.55,0.18666666666666665,0.0,0.0,0.7366666666666667,True,True,cf-376f7174864ee1a1f3b6,0.004650874091148616,0.10487670116722893,0.0032486841776961876,False,False,False,0,0,0,1,4352,40,noisy_sim,9,4,3328,4,0,0.5,4,4,0.0031646227206829636,0.11737308013427579,0.04139339926336009,0.11111605309386263,4,0.08,1,qubit_wise_commuting,8,8704,1088.0,1088,4,4,40,5,adapt_pauli_pool,0.7464007466761748,0.8970588235294118,0.0016,0.0105,0.018,0.00288,0.0189,0.0324,0.00128,0.0084,0.0144,1.0,1.0,replay,ibm_kyiv,0.024079999999999997
sha256:56e47eeec34a67b4c326a42e82bb22e3326c555b930e5008df73c514dbbf3405,fresh_rq4_9101_9108,fresh_evaluation,sigmetrics-rq4-fresh-operating-point-confirmation-v1,sha256:5750482173dcfa6f0132ad83b5b7c2198dd34d8873543e9e53f8d38420cff74c,sigmetrics-rq4-fresh-operating-point-confirmation-v1--2c68082a04841fe5,9105,qaoa_maxcut,paper,noisy_sim,B5,4,2,high_change,sha256:56e47eeec34a67b4c326a42e82bb22e3326c555b930e5008df73c514dbbf3405-failure,sha256:7355d8a80ba19b3aaf6fa6f038ce1abd6cd5473467d29f301e041e41dc049865,sha256:2b6db34aacbffdb427c6a86493c0c97d7fa901154c9c190f56705a55a8d2a0ee,sha256:56ebe2ae23f982821e5cb20c223cf12264e80a93b5807dcea8a8ddb40107f761,sha256:d8b690a5e106481eb7de69c22fa7a56cc7d6d93ff83d13c794fae50a176434b1,ibm_kyiv,ibm_brisbane,migrate,migrate:ibm_brisbane,ibm_brisbane,ibm_kyiv->ibm_brisbane,True,,1,1,6.0,1.0,controlled scenario descriptor,0.023860000000000006,0.7953333333333336,derived recovery-time saved/current backend evidence,1,derived recovery-time saved/current backend identity,1,controlled scenario environment,0.55,0.2783666666666667,0.1,0.0,0.9283666666666667,True,True,cf-097b83968932406ebcae,0.46743290783069735,0.16702649722310545,0.983333477656194,False,False,False,0,0,0,1,16512,40,noisy_sim,9,1,4128,0,0,1.0,4,4,2.598484756426674,4.079975252905497,1.732519833313257,3.591084984622918,4,0.12,1,qubit_wise_commuting,1,4128,4128.0,4128,4,0,10,6,qaoa_maxcut,5.697204522573214,0.0876937984496124,0.0016,0.0105,0.018,0.00336,0.022400000000000003,0.038400000000000004,0.00176,0.011900000000000003,0.020400000000000005,1.0,1.0,migrate,ibm_brisbane,0.03406000000000001
sha256:56e47eeec34a67b4c326a42e82bb22e3326c555b930e5008df73c514dbbf3405,fresh_rq4_9101_9108,fresh_evaluation,sigmetrics-rq4-fresh-operating-point-confirmation-v1,sha256:5750482173dcfa6f0132ad83b5b7c2198dd34d8873543e9e53f8d38420cff74c,sigmetrics-rq4-fresh-operating-point-confirmation-v1--2c68082a04841fe5,9105,qaoa_maxcut,paper,noisy_sim,B5,4,2,high_change,sha256:56e47eeec34a67b4c326a42e82bb22e3326c555b930e5008df73c514dbbf3405-failure,sha256:7355d8a80ba19b3aaf6fa6f038ce1abd6cd5473467d29f301e041e41dc049865,sha256:2b6db34aacbffdb427c6a86493c0c97d7fa901154c9c190f56705a55a8d2a0ee,sha256:56ebe2ae23f982821e5cb20c223cf12264e80a93b5807dcea8a8ddb40107f761,sha256:d8b690a5e106481eb7de69c22fa7a56cc7d6d93ff83d13c794fae50a176434b1,ibm_kyiv,ibm_kyiv,replay,replay:ibm_kyiv,ibm_kyiv,ibm_kyiv->ibm_kyiv,True,,1,1,8.0,1.0,controlled scenario descriptor,0.016,0.5333333333333333,derived recovery-time saved/current backend evidence,0,derived recovery-time saved/current backend identity,1,controlled scenario environment,0.55,0.18666666666666665,0.0,0.0,0.7366666666666667,True,True,cf-40878ad1f0396050ebd9,0.3503790552338124,0.14743903625701907,0.9417951947098198,False,False,False,0,0,0,1,16512,40,noisy_sim,9,1,4128,0,0,1.0,4,4,2.598484756426674,4.079975252905497,1.732519833313257,3.591084984622918,4,0.12,1,qubit_wise_commuting,1,4128,4128.0,4128,4,0,10,6,qaoa_maxcut,5.697204522573214,0.0876937984496124,0.0016,0.0105,0.018,0.00288,0.0189,0.0324,0.00128,0.0084,0.0144,1.0,1.0,replay,ibm_kyiv,0.024079999999999997
sha256:592fe40cf092baac3b5472e360819b9a8b54989f74c68a946cb525fd90f03b5e,fresh_rq4_9101_9108,fresh_evaluation,sigmetrics-rq4-fresh-operating-point-confirmation-v1,sha256:5750482173dcfa6f0132ad83b5b7c2198dd34d8873543e9e53f8d38420cff74c,sigmetrics-rq4-fresh-operating-point-confirmation-v1--efcff5e1a3c7496f,9101,lih_vqe,paper,noisy_sim,B5,4,2,same_backend_delay,sha256:592fe40cf092baac3b5472e360819b9a8b54989f74c68a946cb525fd90f03b5e-failure,sha256:74f74340d1d1aa753503fb1f05d4e37b519cd1b4195af6eac03c56227efab51c,sha256:2b5d5606b48121c83beae64c1c7cabbafc8d4853980e515ebdce93987de444de,sha256:a34acccbf511b108775b8e967e3b18427ed7ef8b4253f5317c30df5592c85ab5,sha256:55a6cea065ca88cdd936d19f7be0ae7a96e1218712298af00736198bbeb69378,ibm_kyiv,ibm_sherbrooke,migrate,migrate:ibm_sherbrooke,ibm_sherbrooke,ibm_kyiv->ibm_sherbrooke,True,,1,1,0.0,0.0,controlled scenario descriptor,0.0018999999999999998,0.06333333333333332,derived recovery-time saved/current backend evidence,1,derived recovery-time saved/current backend identity,1,controlled scenario environment,0.0,0.02216666666666666,0.1,0.0,0.12216666666666667,True,True,cf-a1e629f3fedf923a3e7a,0.001260599307231658,0.02496491928794373,0.0102270321978108,False,False,False,0,0,0,1,5504,168,noisy_sim,9,4,4480,4,0,0.5,4,4,0.08602255333268882,0.6032143870535518,0.07350966301429977,0.40486451730226136,20,0.085,1,qubit_wise_commuting,8,11008,1376.0,1376,20,0,40,5,entangling_ry_rz_brickwork,1.6637101183741292,0.7579941860465116,0.0016,0.0105,0.018,0.0012,0.0095,0.017,0.0004000000000000002,0.0010000000000000009,0.0009999999999999974,1.0,1.0,migrate,ibm_sherbrooke,0.0023999999999999985
sha256:592fe40cf092baac3b5472e360819b9a8b54989f74c68a946cb525fd90f03b5e,fresh_rq4_9101_9108,fresh_evaluation,sigmetrics-rq4-fresh-operating-point-confirmation-v1,sha256:5750482173dcfa6f0132ad83b5b7c2198dd34d8873543e9e53f8d38420cff74c,sigmetrics-rq4-fresh-operating-point-confirmation-v1--efcff5e1a3c7496f,9101,lih_vqe,paper,noisy_sim,B5,4,2,same_backend_delay,sha256:592fe40cf092baac3b5472e360819b9a8b54989f74c68a946cb525fd90f03b5e-failure,sha256:74f74340d1d1aa753503fb1f05d4e37b519cd1b4195af6eac03c56227efab51c,sha256:2b5d5606b48121c83beae64c1c7cabbafc8d4853980e515ebdce93987de444de,sha256:a34acccbf511b108775b8e967e3b18427ed7ef8b4253f5317c30df5592c85ab5,sha256:55a6cea065ca88cdd936d19f7be0ae7a96e1218712298af00736198bbeb69378,ibm_kyiv,ibm_kyiv,replay,replay:ibm_kyiv,ibm_kyiv,ibm_kyiv->ibm_kyiv,True,,1,1,4.0,0.8,controlled scenario descriptor,0.007999999999999998,0.2666666666666666,derived recovery-time saved/current backend evidence,0,derived recovery-time saved/current backend identity,1,controlled scenario environment,0.44000000000000006,0.09333333333333331,0.0,0.0,0.5333333333333333,True,True,cf-0b14863477b3c6f19d10,0.003222446964150194,0.07654370918534965,0.027637340559134856,False,False,False,0,0,0,1,5504,168,noisy_sim,9,4,4480,4,0,0.5,4,4,0.08602255333268882,0.6032143870535518,0.07350966301429977,0.40486451730226136,20,0.085,1,qubit_wise_commuting,8,11008,1376.0,1376,20,0,40,5,entangling_ry_rz_brickwork,1.6637101183741292,0.7579941860465116,0.0016,0.0105,0.018,0.00224,0.0147,0.025199999999999997,0.0006399999999999997,0.004199999999999999,0.007199999999999998,1.0,1.0,replay,ibm_kyiv,0.012039999999999997
sha256:5cd393f16ab839c55605c93e8d852121de1eba29fca85cee2a83f01388a6530e,fresh_rq4_9101_9108,fresh_evaluation,sigmetrics-rq4-fresh-operating-point-confirmation-v1,sha256:5750482173dcfa6f0132ad83b5b7c2198dd34d8873543e9e53f8d38420cff74c,sigmetrics-rq4-fresh-operating-point-confirmation-v1--877870eed7a92617,9108,h2_vqe,paper,noisy_sim,B5,4,2,cross_backend,sha256:5cd393f16ab839c55605c93e8d852121de1eba29fca85cee2a83f01388a6530e-failure,sha256:6755344edaa1eff50bfe6ffeea6c6730008ece609def3b88971445f45c0e0afb,sha256:3e961724e06d6d711a9338896a03f47484a702bab4903cdf8ef8771396da980d,sha256:465cf8190aa72910b114108c272f86151fcf7f7906fe7d9023fc8db000a97506,sha256:69b3bd68fb401036fabd4182dd5f1830493f6aebfe9ebe5016e053e1474d6aa5,ibm_kyiv,ibm_brisbane,migrate,migrate:ibm_brisbane,ibm_brisbane,ibm_kyiv->ibm_brisbane,True,,1,1,0.0,0.0,controlled scenario descriptor,0.007,0.23333333333333334,derived recovery-time saved/current backend evidence,1,derived recovery-time saved/current backend identity,1,controlled scenario environment,0.0,0.08166666666666667,0.1,0.0,0.18166666666666667,True,True,cf-6367e5da3d1a8d0f83c7,0.010056763156482518,0.06636396277587306,0.012514850936469238,False,False,False,0,0,0,1,4992,104,noisy_sim,9,3,2976,4,0,0.42857142857142855,4,4,0.03791099606738313,0.27465334153510007,0.05366180107621309,0.20896932949876243,12,0.105,1,qubit_wise_commuting,7,8736,1248.0,1248,12,0,24,4,entangling_ry_rz_brickwork,0.9900381947507049,0.8565705128205128,0.0016,0.0105,0.018,0.0021,0.014,0.024,0.0004999999999999998,0.0034999999999999996,0.006000000000000002,1.0,1.0,migrate,ibm_brisbane,0.010000000000000002
sha256:5cd393f16ab839c55605c93e8d852121de1eba29fca85cee2a83f01388a6530e,fresh_rq4_9101_9108,fresh_evaluation,sigmetrics-rq4-fresh-operating-point-confirmation-v1,sha256:5750482173dcfa6f0132ad83b5b7c2198dd34d8873543e9e53f8d38420cff74c,sigmetrics-rq4-fresh-operating-point-confirmation-v1--877870eed7a92617,9108,h2_vqe,paper,noisy_sim,B5,4,2,cross_backend,sha256:5cd393f16ab839c55605c93e8d852121de1eba29fca85cee2a83f01388a6530e-failure,sha256:6755344edaa1eff50bfe6ffeea6c6730008ece609def3b88971445f45c0e0afb,sha256:3e961724e06d6d711a9338896a03f47484a702bab4903cdf8ef8771396da980d,sha256:465cf8190aa72910b114108c272f86151fcf7f7906fe7d9023fc8db000a97506,sha256:69b3bd68fb401036fabd4182dd5f1830493f6aebfe9ebe5016e053e1474d6aa5,ibm_kyiv,ibm_sherbrooke,migrate,migrate:ibm_sherbrooke,ibm_sherbrooke,ibm_kyiv->ibm_sherbrooke,True,,1,1,0.0,0.0,controlled scenario descriptor,0.0018999999999999998,0.06333333333333332,derived recovery-time saved/current backend evidence,1,derived recovery-time saved/current backend identity,1,controlled scenario environment,0.0,0.02216666666666666,0.1,0.0,0.12216666666666667,True,True,cf-23756ff4876c5a92cb01,0.005072933774741273,0.012075498608813608,0.005781813814128386,False,False,False,0,0,0,1,4992,104,noisy_sim,9,3,2976,4,0,0.42857142857142855,4,4,0.03791099606738313,0.27465334153510007,0.05366180107621309,0.20896932949876243,12,0.105,1,qubit_wise_commuting,7,8736,1248.0,1248,12,0,24,4,entangling_ry_rz_brickwork,0.9900381947507049,0.8565705128205128,0.0016,0.0105,0.018,0.0012,0.0095,0.017,0.0004000000000000002,0.0010000000000000009,0.0009999999999999974,1.0,1.0,migrate,ibm_sherbrooke,0.0023999999999999985
sha256:5db96d4b3a02512cc9f48e7b078666a467e45e0e262f5b2e773f242c1489debb,fresh_rq4_9101_9108,fresh_evaluation,sigmetrics-rq4-fresh-operating-point-confirmation-v1,sha256:5750482173dcfa6f0132ad83b5b7c2198dd34d8873543e9e53f8d38420cff74c,sigmetrics-rq4-fresh-operating-point-confirmation-v1--85ffbbb8f46a5298,9104,qaoa_maxcut,paper,noisy_sim,B5,4,2,cross_backend,sha256:5db96d4b3a02512cc9f48e7b078666a467e45e0e262f5b2e773f242c1489debb-failure,sha256:34b01a1cdd079aa7d96d8ce3df4a0d390668958abd77bd096c47ce89cc1aab83,sha256:3e961724e06d6d711a9338896a03f47484a702bab4903cdf8ef8771396da980d,sha256:b8c94dadcfefd358a0915470a4fcf21397130942d687be7c1144ae9b7636f1c6,sha256:fb52665b27b95450d08faff0813032cd3da9aa8331b0575a6252155ec439596e,ibm_kyiv,ibm_brisbane,migrate,migrate:ibm_brisbane,ibm_brisbane,ibm_kyiv->ibm_brisbane,True,,1,1,0.0,0.0,controlled scenario descriptor,0.007,0.23333333333333334,derived recovery-time saved/current backend evidence,1,derived recovery-time saved/current backend identity,1,controlled scenario environment,0.0,0.08166666666666667,0.1,0.0,0.18166666666666667,True,True,cf-54f3e1c49a0d37d415cf,0.6137667235582134,0.17032571709366504,1.9420362205423818,False,False,False,0,0,0,1,16256,40,noisy_sim,9,1,4064,0,0,1.0,4,4,0.3651465976153019,4.524152043273292,1.667233545029487,4.219763897214396,4,0.12,1,qubit_wise_commuting,1,4064,4064.0,4064,4,0,10,6,qaoa_maxcut,5.774171850350005,0.05019685039370079,0.0016,0.0105,0.018,0.0021,0.014,0.024,0.0004999999999999998,0.0034999999999999996,0.006000000000000002,1.0,1.0,migrate,ibm_brisbane,0.010000000000000002
sha256:5db96d4b3a02512cc9f48e7b078666a467e45e0e262f5b2e773f242c1489debb,fresh_rq4_9101_9108,fresh_evaluation,sigmetrics-rq4-fresh-operating-point-confirmation-v1,sha256:5750482173dcfa6f0132ad83b5b7c2198dd34d8873543e9e53f8d38420cff74c,sigmetrics-rq4-fresh-operating-point-confirmation-v1--85ffbbb8f46a5298,9104,qaoa_maxcut,paper,noisy_sim,B5,4,2,cross_backend,sha256:5db96d4b3a02512cc9f48e7b078666a467e45e0e262f5b2e773f242c1489debb-failure,sha256:34b01a1cdd079aa7d96d8ce3df4a0d390668958abd77bd096c47ce89cc1aab83,sha256:3e961724e06d6d711a9338896a03f47484a702bab4903cdf8ef8771396da980d,sha256:b8c94dadcfefd358a0915470a4fcf21397130942d687be7c1144ae9b7636f1c6,sha256:fb52665b27b95450d08faff0813032cd3da9aa8331b0575a6252155ec439596e,ibm_kyiv,ibm_sherbrooke,migrate,migrate:ibm_sherbrooke,ibm_sherbrooke,ibm_kyiv->ibm_sherbrooke,True,,1,1,0.0,0.0,controlled scenario descriptor,0.0018999999999999998,0.06333333333333332,derived recovery-time saved/current backend evidence,1,derived recovery-time saved/current backend identity,1,controlled scenario environment,0.0,0.02216666666666666,0.1,0.0,0.12216666666666667,True,True,cf-46838e1fa389c45ccd48,0.22582732690875318,0.22825642210211294,0.9507237430322785,False,False,False,0,0,0,1,16256,40,noisy_sim,9,1,4064,0,0,1.0,4,4,0.3651465976153019,4.524152043273292,1.667233545029487,4.219763897214396,4,0.12,1,qubit_wise_commuting,1,4064,4064.0,4064,4,0,10,6,qaoa_maxcut,5.774171850350005,0.05019685039370079,0.0016,0.0105,0.018,0.0012,0.0095,0.017,0.0004000000000000002,0.0010000000000000009,0.0009999999999999974,1.0,1.0,migrate,ibm_sherbrooke,0.0023999999999999985
sha256:5dcf7dafae596e1c166762b11454bc0e1516ba6ed734a9bd8e78fe21be8fe96b,fresh_rq4_9101_9108,fresh_evaluation,sigmetrics-rq4-fresh-operating-point-confirmation-v1,sha256:5750482173dcfa6f0132ad83b5b7c2198dd34d8873543e9e53f8d38420cff74c,sigmetrics-rq4-fresh-operating-point-confirmation-v1--b9ab91a5850fdef8,9103,h2_vqe,paper,noisy_sim,B5,4,2,no_change,sha256:5dcf7dafae596e1c166762b11454bc0e1516ba6ed734a9bd8e78fe21be8fe96b-failure,sha256:df9318e2399e7f538baaeaf9f749f4f2f0f65b9e4e79e135e6d874851eb7b094,sha256:0e7343b47d003afe2860e33d67399c12f7ed84b7f18c3a5e0d48aae47fda9990,sha256:baa92c31b0f189ce526289e61ce9d7b1d153d2320fb0caa5de4cb9d39f4d0b0e,sha256:5602d2601b904b7eb4bbf4fe5ad8dc95f5a43b16cfec6673c1ab74c4023dfa22,ibm_kyiv,ibm_kyiv,replay,replay:ibm_kyiv,ibm_kyiv,ibm_kyiv->ibm_kyiv,True,,1,1,0.0,0.0,controlled scenario descriptor,0.0,0.0,derived recovery-time saved/current backend evidence,0,derived recovery-time saved/current backend identity,1,controlled scenario environment,0.0,0.0,0.0,0.0,0.0,True,True,cf-beb4b949ce25d932b5fc,0.0,0.0,0.0,True,True,True,1,1,1,0,4992,104,noisy_sim,9,3,2976,4,0,0.42857142857142855,4,4,0.04071458610398371,0.30097904645109214,0.05474476161292497,0.24409850992899162,12,0.105,1,qubit_wise_commuting,7,8736,1248.0,1248,12,0,24,4,entangling_ry_rz_brickwork,0.9379920586581344,0.8597756410256411,0.0016,0.0105,0.018,0.0016,0.0105,0.018,0.0,0.0,0.0,1.0,1.0,replay,ibm_kyiv,0.0
sha256:5fb0841780c1bb2f9a549548862dd9c2163a98aa7483b39a46c2ca9d769c15e7,fresh_rq4_9101_9108,fresh_evaluation,sigmetrics-rq4-fresh-operating-point-confirmation-v1,sha256:5750482173dcfa6f0132ad83b5b7c2198dd34d8873543e9e53f8d38420cff74c,sigmetrics-rq4-fresh-operating-point-confirmation-v1--9e8922fd9ce97ca3,9107,h2_vqe,paper,noisy_sim,B5,4,2,no_change,sha256:5fb0841780c1bb2f9a549548862dd9c2163a98aa7483b39a46c2ca9d769c15e7-failure,sha256:3e23ae024eb0062818897a46bb346d0cbfeb6fd8ad76ced98432bc283e60769e,sha256:0e7343b47d003afe2860e33d67399c12f7ed84b7f18c3a5e0d48aae47fda9990,sha256:baa92c31b0f189ce526289e61ce9d7b1d153d2320fb0caa5de4cb9d39f4d0b0e,sha256:be827ee6aadb11eef02ad954db3d8fd2a425d0f529f57a2105c5bd75ec7132db,ibm_kyiv,ibm_kyiv,replay,replay:ibm_kyiv,ibm_kyiv,ibm_kyiv->ibm_kyiv,True,,1,1,0.0,0.0,controlled scenario descriptor,0.0,0.0,derived recovery-time saved/current backend evidence,0,derived recovery-time saved/current backend identity,1,controlled scenario environment,0.0,0.0,0.0,0.0,0.0,True,True,cf-a5eb1901fc6493dbc024,0.0,0.0,0.0,True,True,True,1,1,1,0,4992,104,noisy_sim,9,3,2976,4,0,0.42857142857142855,4,4,0.0584185750342634,0.3548951064836088,0.05345574608703186,0.23873266277581648,12,0.105,1,qubit_wise_commuting,7,8736,1248.0,1248,12,0,24,4,entangling_ry_rz_brickwork,0.9714894437408683,0.8605769230769231,0.0016,0.0105,0.018,0.0016,0.0105,0.018,0.0,0.0,0.0,1.0,1.0,replay,ibm_kyiv,0.0
sha256:60386de6366f95d0f9259d2967064019835dc6421ede8ad1d6776ad3061aeb47,fresh_rq4_9101_9108,fresh_evaluation,sigmetrics-rq4-fresh-operating-point-confirmation-v1,sha256:5750482173dcfa6f0132ad83b5b7c2198dd34d8873543e9e53f8d38420cff74c,sigmetrics-rq4-fresh-operating-point-confirmation-v1--2346ad67eb178c15,9107,qaoa_maxcut,paper,noisy_sim,B5,4,2,no_change,sha256:60386de6366f95d0f9259d2967064019835dc6421ede8ad1d6776ad3061aeb47-failure,sha256:67daec08e70c80bbd15ca0686a50877ab9ae688a0109db49c05bcea8b5fe59b6,sha256:0e7343b47d003afe2860e33d67399c12f7ed84b7f18c3a5e0d48aae47fda9990,sha256:beaa270a390816fadd39bf6e4cf2cb1d92f7bf84678ac415bf7f191142ad2044,sha256:0157aa5fccb26500780da025600da4b3fad2e04955710b78fe1b0d97e1a58156,ibm_kyiv,ibm_kyiv,replay,replay:ibm_kyiv,ibm_kyiv,ibm_kyiv->ibm_kyiv,True,,1,1,0.0,0.0,controlled scenario descriptor,0.0,0.0,derived recovery-time saved/current backend evidence,0,derived recovery-time saved/current backend identity,1,controlled scenario environment,0.0,0.0,0.0,0.0,0.0,True,True,cf-33c49f928cb8686a9ac6,0.0,0.0,0.0,True,True,True,1,1,1,0,16512,40,noisy_sim,9,1,4128,0,0,1.0,4,4,0.6517512844034044,4.478109469565712,1.4710924419437716,4.366170334259323,4,0.12,1,qubit_wise_commuting,1,4128,4128.0,4128,4,0,10,6,qaoa_maxcut,5.747342570299482,0.06758720930232558,0.0016,0.0105,0.018,0.0016,0.0105,0.018,0.0,0.0,0.0,1.0,1.0,replay,ibm_kyiv,0.0
sha256:609a4262a4aeb0e265f4646b0d5c35bcead809c8c1050fdc97d39053ed3e795e,fresh_rq4_9101_9108,fresh_evaluation,sigmetrics-rq4-fresh-operating-point-confirmation-v1,sha256:5750482173dcfa6f0132ad83b5b7c2198dd34d8873543e9e53f8d38420cff74c,sigmetrics-rq4-fresh-operating-point-confirmation-v1--a44e63b5a40e83d7,9106,adapt_vqe,paper,noisy_sim,B5,4,2,same_backend_delay,sha256:609a4262a4aeb0e265f4646b0d5c35bcead809c8c1050fdc97d39053ed3e795e-failure,sha256:c95fa00217c8f486921a24b482a78ab82f990777fd983b3660c6559c37f35d9c,sha256:2b5d5606b48121c83beae64c1c7cabbafc8d4853980e515ebdce93987de444de,sha256:b1849732b79eb5177de398eb4028fec64844d14f5dcc9d49fd46e4a775bfc005,sha256:8e00166e4907f17da13aac90322bb94e2807740f81a241641e0c2147d1346f27,ibm_kyiv,ibm_sherbrooke,migrate,migrate:ibm_sherbrooke,ibm_sherbrooke,ibm_kyiv->ibm_sherbrooke,True,,1,1,0.0,0.0,controlled scenario descriptor,0.0018999999999999998,0.06333333333333332,derived recovery-time saved/current backend evidence,1,derived recovery-time saved/current backend identity,1,controlled scenario environment,0.0,0.02216666666666666,0.1,0.0,0.12216666666666667,True,True,cf-ddb039662e2a441c329b,0.00066401511770664,0.05485882472967666,0.0012506549431134102,False,False,False,0,0,0,1,4352,40,noisy_sim,9,4,3328,4,0,0.5,4,4,0.0026645551858512917,0.11666870738370162,0.049010001562726446,0.08847674972093009,4,0.08,1,qubit_wise_commuting,8,8704,1088.0,1088,4,4,40,5,adapt_pauli_pool,0.6756576792700577,0.90625,0.0016,0.0105,0.018,0.0012,0.0095,0.017,0.0004000000000000002,0.0010000000000000009,0.0009999999999999974,1.0,1.0,migrate,ibm_sherbrooke,0.0023999999999999985
sha256:609a4262a4aeb0e265f4646b0d5c35bcead809c8c1050fdc97d39053ed3e795e,fresh_rq4_9101_9108,fresh_evaluation,sigmetrics-rq4-fresh-operating-point-confirmation-v1,sha256:5750482173dcfa6f0132ad83b5b7c2198dd34d8873543e9e53f8d38420cff74c,sigmetrics-rq4-fresh-operating-point-confirmation-v1--a44e63b5a40e83d7,9106,adapt_vqe,paper,noisy_sim,B5,4,2,same_backend_delay,sha256:609a4262a4aeb0e265f4646b0d5c35bcead809c8c1050fdc97d39053ed3e795e-failure,sha256:c95fa00217c8f486921a24b482a78ab82f990777fd983b3660c6559c37f35d9c,sha256:2b5d5606b48121c83beae64c1c7cabbafc8d4853980e515ebdce93987de444de,sha256:b1849732b79eb5177de398eb4028fec64844d14f5dcc9d49fd46e4a775bfc005,sha256:8e00166e4907f17da13aac90322bb94e2807740f81a241641e0c2147d1346f27,ibm_kyiv,ibm_kyiv,replay,replay:ibm_kyiv,ibm_kyiv,ibm_kyiv->ibm_kyiv,True,,1,1,4.0,0.8,controlled scenario descriptor,0.007999999999999998,0.2666666666666666,derived recovery-time saved/current backend evidence,0,derived recovery-time saved/current backend identity,1,controlled scenario environment,0.44000000000000006,0.09333333333333331,0.0,0.0,0.5333333333333333,True,True,cf-b150ce3cbca9606743e9,0.002293920843391639,0.06546431310804936,0.0019987937056789493,False,False,False,0,0,0,1,4352,40,noisy_sim,9,4,3328,4,0,0.5,4,4,0.0026645551858512917,0.11666870738370162,0.049010001562726446,0.08847674972093009,4,0.08,1,qubit_wise_commuting,8,8704,1088.0,1088,4,4,40,5,adapt_pauli_pool,0.6756576792700577,0.90625,0.0016,0.0105,0.018,0.00224,0.0147,0.025199999999999997,0.0006399999999999997,0.004199999999999999,0.007199999999999998,1.0,1.0,replay,ibm_kyiv,0.012039999999999997
sha256:63e9b8cb6c9c06799f0d1364fe49f809b06af4f3a89ff645a5afbb57b9a702a9,fresh_rq4_9101_9108,fresh_evaluation,sigmetrics-rq4-fresh-operating-point-confirmation-v1,sha256:5750482173dcfa6f0132ad83b5b7c2198dd34d8873543e9e53f8d38420cff74c,sigmetrics-rq4-fresh-operating-point-confirmation-v1--ed5f52bc38e9a9f0,9102,qaoa_maxcut,paper,noisy_sim,B5,4,2,same_backend_delay,sha256:63e9b8cb6c9c06799f0d1364fe49f809b06af4f3a89ff645a5afbb57b9a702a9-failure,sha256:78ede409ebf393c47a3779b2dccbd3586f47bc18d419d2f525214fbb01057bdf,sha256:2b5d5606b48121c83beae64c1c7cabbafc8d4853980e515ebdce93987de444de,sha256:7c1d6d3b92b74eb9793f2e3d7476b13650919c35e6be30736522cf63625ecb00,sha256:c34f5189c2c0cf9199a51f1fc8e213606eea1daf6d6a496707807eef98b1382b,ibm_kyiv,ibm_sherbrooke,migrate,migrate:ibm_sherbrooke,ibm_sherbrooke,ibm_kyiv->ibm_sherbrooke,True,,1,1,0.0,0.0,controlled scenario descriptor,0.0018999999999999998,0.06333333333333332,derived recovery-time saved/current backend evidence,1,derived recovery-time saved/current backend identity,1,controlled scenario environment,0.0,0.02216666666666666,0.1,0.0,0.12216666666666667,True,True,cf-3ab3547f1fb31cf9e528,0.0029599746414668004,0.06369999619664717,0.4878177965637803,False,True,False,0,1,0,1,16384,40,noisy_sim,9,1,4096,0,0,1.0,4,4,-0.4493148219818415,5.21872919623111,1.9550673178615847,4.689355328485631,4,0.12,1,qubit_wise_commuting,1,4096,4096.0,4096,4,0,10,6,qaoa_maxcut,5.981189002384831,0.02197265625,0.0016,0.0105,0.018,0.0012,0.0095,0.017,0.0004000000000000002,0.0010000000000000009,0.0009999999999999974,1.0,1.0,migrate,ibm_sherbrooke,0.0023999999999999985
sha256:63e9b8cb6c9c06799f0d1364fe49f809b06af4f3a89ff645a5afbb57b9a702a9,fresh_rq4_9101_9108,fresh_evaluation,sigmetrics-rq4-fresh-operating-point-confirmation-v1,sha256:5750482173dcfa6f0132ad83b5b7c2198dd34d8873543e9e53f8d38420cff74c,sigmetrics-rq4-fresh-operating-point-confirmation-v1--ed5f52bc38e9a9f0,9102,qaoa_maxcut,paper,noisy_sim,B5,4,2,same_backend_delay,sha256:63e9b8cb6c9c06799f0d1364fe49f809b06af4f3a89ff645a5afbb57b9a702a9-failure,sha256:78ede409ebf393c47a3779b2dccbd3586f47bc18d419d2f525214fbb01057bdf,sha256:2b5d5606b48121c83beae64c1c7cabbafc8d4853980e515ebdce93987de444de,sha256:7c1d6d3b92b74eb9793f2e3d7476b13650919c35e6be30736522cf63625ecb00,sha256:c34f5189c2c0cf9199a51f1fc8e213606eea1daf6d6a496707807eef98b1382b,ibm_kyiv,ibm_kyiv,replay,replay:ibm_kyiv,ibm_kyiv,ibm_kyiv->ibm_kyiv,True,,1,1,4.0,0.8,controlled scenario descriptor,0.007999999999999998,0.2666666666666666,derived recovery-time saved/current backend evidence,0,derived recovery-time saved/current backend identity,1,controlled scenario environment,0.44000000000000006,0.09333333333333331,0.0,0.0,0.5333333333333333,True,True,cf-07212a3d818e5d654b1d,0.36323793666534065,0.2553716428882819,5.893341941935348,False,False,False,0,0,0,1,16384,40,noisy_sim,9,1,4096,0,0,1.0,4,4,-0.4493148219818415,5.21872919623111,1.9550673178615847,4.689355328485631,4,0.12,1,qubit_wise_commuting,1,4096,4096.0,4096,4,0,10,6,qaoa_maxcut,5.981189002384831,0.02197265625,0.0016,0.0105,0.018,0.00224,0.0147,0.025199999999999997,0.0006399999999999997,0.004199999999999999,0.007199999999999998,1.0,1.0,replay,ibm_kyiv,0.012039999999999997
sha256:64311c0a53f553a5fe20a3874adf78ebc310b01b683a0078d6bf0e5fe42784b0,fresh_rq4_9101_9108,fresh_evaluation,sigmetrics-rq4-fresh-operating-point-confirmation-v1,sha256:5750482173dcfa6f0132ad83b5b7c2198dd34d8873543e9e53f8d38420cff74c,sigmetrics-rq4-fresh-operating-point-confirmation-v1--b529b348e75596d4,9106,adapt_vqe,paper,noisy_sim,B5,4,2,cross_backend,sha256:64311c0a53f553a5fe20a3874adf78ebc310b01b683a0078d6bf0e5fe42784b0-failure,sha256:c95fa00217c8f486921a24b482a78ab82f990777fd983b3660c6559c37f35d9c,sha256:3e961724e06d6d711a9338896a03f47484a702bab4903cdf8ef8771396da980d,sha256:7edecfba009e2f47b53720d8e6f4764bc8af02de63117f2739ea2de44e4ab909,sha256:b21825060a61fd14fd7186814a11654560a9ce5866bdf047c439919ea7c1bd20,ibm_kyiv,ibm_brisbane,migrate,migrate:ibm_brisbane,ibm_brisbane,ibm_kyiv->ibm_brisbane,True,,1,1,0.0,0.0,controlled scenario descriptor,0.007,0.23333333333333334,derived recovery-time saved/current backend evidence,1,derived recovery-time saved/current backend identity,1,controlled scenario environment,0.0,0.08166666666666667,0.1,0.0,0.18166666666666667,True,True,cf-d1721f677219330cb1ff,0.0018746785983596581,0.06674144632187456,0.0015617945280033921,False,False,False,0,0,0,1,4352,40,noisy_sim,9,4,3328,4,0,0.5,4,4,0.0026645551858512917,0.11666870738370162,0.049010001562726446,0.08847674972093009,4,0.08,1,qubit_wise_commuting,8,8704,1088.0,1088,4,4,40,5,adapt_pauli_pool,0.6756576792700577,0.90625,0.0016,0.0105,0.018,0.0021,0.014,0.024,0.0004999999999999998,0.0034999999999999996,0.006000000000000002,1.0,1.0,migrate,ibm_brisbane,0.010000000000000002
sha256:64311c0a53f553a5fe20a3874adf78ebc310b01b683a0078d6bf0e5fe42784b0,fresh_rq4_9101_9108,fresh_evaluation,sigmetrics-rq4-fresh-operating-point-confirmation-v1,sha256:5750482173dcfa6f0132ad83b5b7c2198dd34d8873543e9e53f8d38420cff74c,sigmetrics-rq4-fresh-operating-point-confirmation-v1--b529b348e75596d4,9106,adapt_vqe,paper,noisy_sim,B5,4,2,cross_backend,sha256:64311c0a53f553a5fe20a3874adf78ebc310b01b683a0078d6bf0e5fe42784b0-failure,sha256:c95fa00217c8f486921a24b482a78ab82f990777fd983b3660c6559c37f35d9c,sha256:3e961724e06d6d711a9338896a03f47484a702bab4903cdf8ef8771396da980d,sha256:7edecfba009e2f47b53720d8e6f4764bc8af02de63117f2739ea2de44e4ab909,sha256:b21825060a61fd14fd7186814a11654560a9ce5866bdf047c439919ea7c1bd20,ibm_kyiv,ibm_sherbrooke,migrate,migrate:ibm_sherbrooke,ibm_sherbrooke,ibm_kyiv->ibm_sherbrooke,True,,1,1,0.0,0.0,controlled scenario descriptor,0.0018999999999999998,0.06333333333333332,derived recovery-time saved/current backend evidence,1,derived recovery-time saved/current backend identity,1,controlled scenario environment,0.0,0.02216666666666666,0.1,0.0,0.12216666666666667,True,True,cf-53cdc55c3b7235f6551b,0.00066401511770664,0.05485882472967666,0.0012506549431134102,False,False,False,0,0,0,1,4352,40,noisy_sim,9,4,3328,4,0,0.5,4,4,0.0026645551858512917,0.11666870738370162,0.049010001562726446,0.08847674972093009,4,0.08,1,qubit_wise_commuting,8,8704,1088.0,1088,4,4,40,5,adapt_pauli_pool,0.6756576792700577,0.90625,0.0016,0.0105,0.018,0.0012,0.0095,0.017,0.0004000000000000002,0.0010000000000000009,0.0009999999999999974,1.0,1.0,migrate,ibm_sherbrooke,0.0023999999999999985
sha256:64470c284b2fe16ef2540a97d2574aa529f46acc9134a939d8c42d57afb300a4,fresh_rq4_9101_9108,fresh_evaluation,sigmetrics-rq4-fresh-operating-point-confirmation-v1,sha256:5750482173dcfa6f0132ad83b5b7c2198dd34d8873543e9e53f8d38420cff74c,sigmetrics-rq4-fresh-operating-point-confirmation-v1--651a75ebd922561b,9108,adapt_vqe,paper,noisy_sim,B5,4,2,no_change,sha256:64470c284b2fe16ef2540a97d2574aa529f46acc9134a939d8c42d57afb300a4-failure,sha256:80339e8c50ff7a7d5d593618752d173abaa251000451ca6d4bf978464b73ebf4,sha256:0e7343b47d003afe2860e33d67399c12f7ed84b7f18c3a5e0d48aae47fda9990,sha256:f84c41da86b339797e4a2ad44884a5ee22cc0b13456bb2ab135e5104d41cdbb8,sha256:0236d17dfceb6a90bc40bcebe59f14623aca16a27da7e1443215a80629034bef,ibm_kyiv,ibm_kyiv,replay,replay:ibm_kyiv,ibm_kyiv,ibm_kyiv->ibm_kyiv,True,,1,1,0.0,0.0,controlled scenario descriptor,0.0,0.0,derived recovery-time saved/current backend evidence,0,derived recovery-time saved/current backend identity,1,controlled scenario environment,0.0,0.0,0.0,0.0,0.0,True,True,cf-3d1c01e532f998f5d162,0.0,0.0,0.0,True,True,True,1,1,1,0,4352,40,noisy_sim,9,4,3328,4,0,0.5,4,4,0.0024946228698015105,0.10254053273787991,0.0390251943773882,0.08846231405798359,4,0.08,1,qubit_wise_commuting,8,8704,1088.0,1088,4,4,40,5,adapt_pauli_pool,0.7897776233012392,0.8869485294117647,0.0016,0.0105,0.018,0.0016,0.0105,0.018,0.0,0.0,0.0,1.0,1.0,replay,ibm_kyiv,0.0
sha256:66c07fe8c32e015d3447b506bcef36514438c7c28842b6b3aafa4aff7a002d8d,fresh_rq4_9101_9108,fresh_evaluation,sigmetrics-rq4-fresh-operating-point-confirmation-v1,sha256:5750482173dcfa6f0132ad83b5b7c2198dd34d8873543e9e53f8d38420cff74c,sigmetrics-rq4-fresh-operating-point-confirmation-v1--2c4ef4d23c7cbbae,9101,h2_vqe,paper,noisy_sim,B5,4,2,same_backend_delay,sha256:66c07fe8c32e015d3447b506bcef36514438c7c28842b6b3aafa4aff7a002d8d-failure,sha256:7b78da82dc7c435d8e40cac8032af68bd8251ba6b8d85a1c58cacdf9ff6ac219,sha256:2b5d5606b48121c83beae64c1c7cabbafc8d4853980e515ebdce93987de444de,sha256:6b97ad82624cbf5bb09be560aa6bb9d630db90477bce3a53713c959f84ab3cbb,sha256:57a6003304c672a90d9d5133f23ca8fd1f0e2e063ce8ac7c77903c3df3d9be30,ibm_kyiv,ibm_sherbrooke,migrate,migrate:ibm_sherbrooke,ibm_sherbrooke,ibm_kyiv->ibm_sherbrooke,True,,1,1,0.0,0.0,controlled scenario descriptor,0.0018999999999999998,0.06333333333333332,derived recovery-time saved/current backend evidence,1,derived recovery-time saved/current backend identity,1,controlled scenario environment,0.0,0.02216666666666666,0.1,0.0,0.12216666666666667,True,True,cf-0166dcfa45b483dfb0e3,0.004738477332784319,0.05412713189040177,0.005764604779960272,False,False,False,0,0,0,1,4992,104,noisy_sim,9,3,2976,4,0,0.42857142857142855,4,4,0.07521586868658314,0.43547900427952224,0.07826706517756313,0.32626304276195395,12,0.105,1,qubit_wise_commuting,7,8736,1248.0,1248,12,0,24,4,entangling_ry_rz_brickwork,1.2855173549326042,0.7948717948717948,0.0016,0.0105,0.018,0.0012,0.0095,0.017,0.0004000000000000002,0.0010000000000000009,0.0009999999999999974,1.0,1.0,migrate,ibm_sherbrooke,0.0023999999999999985
sha256:66c07fe8c32e015d3447b506bcef36514438c7c28842b6b3aafa4aff7a002d8d,fresh_rq4_9101_9108,fresh_evaluation,sigmetrics-rq4-fresh-operating-point-confirmation-v1,sha256:5750482173dcfa6f0132ad83b5b7c2198dd34d8873543e9e53f8d38420cff74c,sigmetrics-rq4-fresh-operating-point-confirmation-v1--2c4ef4d23c7cbbae,9101,h2_vqe,paper,noisy_sim,B5,4,2,same_backend_delay,sha256:66c07fe8c32e015d3447b506bcef36514438c7c28842b6b3aafa4aff7a002d8d-failure,sha256:7b78da82dc7c435d8e40cac8032af68bd8251ba6b8d85a1c58cacdf9ff6ac219,sha256:2b5d5606b48121c83beae64c1c7cabbafc8d4853980e515ebdce93987de444de,sha256:6b97ad82624cbf5bb09be560aa6bb9d630db90477bce3a53713c959f84ab3cbb,sha256:57a6003304c672a90d9d5133f23ca8fd1f0e2e063ce8ac7c77903c3df3d9be30,ibm_kyiv,ibm_kyiv,replay,replay:ibm_kyiv,ibm_kyiv,ibm_kyiv->ibm_kyiv,True,,1,1,4.0,0.8,controlled scenario descriptor,0.007999999999999998,0.2666666666666666,derived recovery-time saved/current backend evidence,0,derived recovery-time saved/current backend identity,1,controlled scenario environment,0.44000000000000006,0.09333333333333331,0.0,0.0,0.5333333333333333,True,True,cf-c71887ecd09ac66403e6,0.011406676047604591,0.04972241708514481,0.015743851475612032,False,False,False,0,0,0,1,4992,104,noisy_sim,9,3,2976,4,0,0.42857142857142855,4,4,0.07521586868658314,0.43547900427952224,0.07826706517756313,0.32626304276195395,12,0.105,1,qubit_wise_commuting,7,8736,1248.0,1248,12,0,24,4,entangling_ry_rz_brickwork,1.2855173549326042,0.7948717948717948,0.0016,0.0105,0.018,0.00224,0.0147,0.025199999999999997,0.0006399999999999997,0.004199999999999999,0.007199999999999998,1.0,1.0,replay,ibm_kyiv,0.012039999999999997
sha256:6b3b38973289888426c35056b15c7b8645ae9512ac6f40a4ed7f90eb2248ea93,fresh_rq4_9101_9108,fresh_evaluation,sigmetrics-rq4-fresh-operating-point-confirmation-v1,sha256:5750482173dcfa6f0132ad83b5b7c2198dd34d8873543e9e53f8d38420cff74c,sigmetrics-rq4-fresh-operating-point-confirmation-v1--1b5a50be64528705,9102,lih_vqe,paper,noisy_sim,B5,4,2,cross_backend,sha256:6b3b38973289888426c35056b15c7b8645ae9512ac6f40a4ed7f90eb2248ea93-failure,sha256:cb37a9d2ac77d1a789150b6217863cd8cc01ebf0bae6c473c2350a4fca705673,sha256:3e961724e06d6d711a9338896a03f47484a702bab4903cdf8ef8771396da980d,sha256:90a6fc287341ee3482d2a787f7389b00e56a0ec391204063de2bd98be7b5816e,sha256:4e8bab2895dbd8125965b9cebca05479022a87670beff99cc4f058b16ab3523b,ibm_kyiv,ibm_brisbane,migrate,migrate:ibm_brisbane,ibm_brisbane,ibm_kyiv->ibm_brisbane,True,,1,1,0.0,0.0,controlled scenario descriptor,0.007,0.23333333333333334,derived recovery-time saved/current backend evidence,1,derived recovery-time saved/current backend identity,1,controlled scenario environment,0.0,0.08166666666666667,0.1,0.0,0.18166666666666667,True,True,cf-dd3f58685dfed17133bc,0.0044058165545504124,0.07273211994437126,0.021965965607566827,False,False,False,0,0,0,1,5504,168,noisy_sim,9,4,4480,4,0,0.5,4,4,0.08722161196329026,0.5937326697327159,0.06976914567926103,0.3911920535054748,20,0.085,1,qubit_wise_commuting,8,11008,1376.0,1376,20,0,40,5,entangling_ry_rz_brickwork,1.641400243218241,0.7696220930232558,0.0016,0.0105,0.018,0.0021,0.014,0.024,0.0004999999999999998,0.0034999999999999996,0.006000000000000002,1.0,1.0,migrate,ibm_brisbane,0.010000000000000002
sha256:6b3b38973289888426c35056b15c7b8645ae9512ac6f40a4ed7f90eb2248ea93,fresh_rq4_9101_9108,fresh_evaluation,sigmetrics-rq4-fresh-operating-point-confirmation-v1,sha256:5750482173dcfa6f0132ad83b5b7c2198dd34d8873543e9e53f8d38420cff74c,sigmetrics-rq4-fresh-operating-point-confirmation-v1--1b5a50be64528705,9102,lih_vqe,paper,noisy_sim,B5,4,2,cross_backend,sha256:6b3b38973289888426c35056b15c7b8645ae9512ac6f40a4ed7f90eb2248ea93-failure,sha256:cb37a9d2ac77d1a789150b6217863cd8cc01ebf0bae6c473c2350a4fca705673,sha256:3e961724e06d6d711a9338896a03f47484a702bab4903cdf8ef8771396da980d,sha256:90a6fc287341ee3482d2a787f7389b00e56a0ec391204063de2bd98be7b5816e,sha256:4e8bab2895dbd8125965b9cebca05479022a87670beff99cc4f058b16ab3523b,ibm_kyiv,ibm_sherbrooke,migrate,migrate:ibm_sherbrooke,ibm_sherbrooke,ibm_kyiv->ibm_sherbrooke,True,,1,1,0.0,0.0,controlled scenario descriptor,0.0018999999999999998,0.06333333333333332,derived recovery-time saved/current backend evidence,1,derived recovery-time saved/current backend identity,1,controlled scenario environment,0.0,0.02216666666666666,0.1,0.0,0.12216666666666667,True,True,cf-f8a4b70fccd25ea22dde,0.0020563324047859766,0.05412933346568139,0.009928042199666627,False,False,False,0,0,0,1,5504,168,noisy_sim,9,4,4480,4,0,0.5,4,4,0.08722161196329026,0.5937326697327159,0.06976914567926103,0.3911920535054748,20,0.085,1,qubit_wise_commuting,8,11008,1376.0,1376,20,0,40,5,entangling_ry_rz_brickwork,1.641400243218241,0.7696220930232558,0.0016,0.0105,0.018,0.0012,0.0095,0.017,0.0004000000000000002,0.0010000000000000009,0.0009999999999999974,1.0,1.0,migrate,ibm_sherbrooke,0.0023999999999999985
sha256:6f5b3fb871929ee88c35a0906bf70e3eb12a3207c050b1cadc8ad7d9d1be91b0,fresh_rq4_9101_9108,fresh_evaluation,sigmetrics-rq4-fresh-operating-point-confirmation-v1,sha256:5750482173dcfa6f0132ad83b5b7c2198dd34d8873543e9e53f8d38420cff74c,sigmetrics-rq4-fresh-operating-point-confirmation-v1--e441d736f43d2799,9107,qaoa_maxcut,paper,noisy_sim,B5,4,2,safe_change,sha256:6f5b3fb871929ee88c35a0906bf70e3eb12a3207c050b1cadc8ad7d9d1be91b0-failure,sha256:67daec08e70c80bbd15ca0686a50877ab9ae688a0109db49c05bcea8b5fe59b6,sha256:8aa9fd73acdbefb930184631c530ac1ad4750da95e7359345a133016be010a68,sha256:a9aa49d0abe0c0e8c2ca3406cdae5818d28f0e352c4a812e712215e808676f00,sha256:99e74964dc24a349191d8e8b344401e2229567ce40c7ae1988e36f05608c0043,ibm_kyiv,ibm_kyiv,replay,replay:ibm_kyiv,ibm_kyiv,ibm_kyiv->ibm_kyiv,True,,1,1,0.1,0.02,controlled scenario descriptor,0.00020000000000000017,0.006666666666666672,derived recovery-time saved/current backend evidence,0,derived recovery-time saved/current backend identity,1,controlled scenario environment,0.011000000000000001,0.0023333333333333353,0.0,0.0,0.013333333333333336,True,True,cf-35c3f1e97bafc0c9027c,0.011868043304712472,0.02812273094486534,0.012260177774953526,True,True,True,1,1,1,0,16512,40,noisy_sim,9,1,4128,0,0,1.0,4,4,0.6517512844034044,4.478109469565712,1.4710924419437716,4.366170334259323,4,0.12,1,qubit_wise_commuting,1,4128,4128.0,4128,4,0,10,6,qaoa_maxcut,5.747342570299482,0.06758720930232558,0.0016,0.0105,0.018,0.001616,0.010605000000000002,0.018179999999999998,1.5999999999999955e-05,0.00010500000000000093,0.0001799999999999996,1.0,1.0,replay,ibm_kyiv,0.0003010000000000005
sha256:7041dc2662a72c0331e31d86644b56c776e38d4a6fdee60099c125cb5681823c,fresh_rq4_9101_9108,fresh_evaluation,sigmetrics-rq4-fresh-operating-point-confirmation-v1,sha256:5750482173dcfa6f0132ad83b5b7c2198dd34d8873543e9e53f8d38420cff74c,sigmetrics-rq4-fresh-operating-point-confirmation-v1--7a620709341f151e,9107,adapt_vqe,paper,noisy_sim,B5,4,2,safe_change,sha256:7041dc2662a72c0331e31d86644b56c776e38d4a6fdee60099c125cb5681823c-failure,sha256:ccbcadd218beab72aa3add58bd8a681ae9db190b63d0f082ba0c97825feb6377,sha256:8aa9fd73acdbefb930184631c530ac1ad4750da95e7359345a133016be010a68,sha256:4dc43ddf8e7e7dbaa94146e3cde4496d8eeb3edbc8bccc44b9d6a1d96bd372c5,sha256:e1a60f0c6e9ade4b2f37ec86b06bd55da79583eb66542501b7d18710fa2f3f70,ibm_kyiv,ibm_kyiv,replay,replay:ibm_kyiv,ibm_kyiv,ibm_kyiv->ibm_kyiv,True,,1,1,0.1,0.02,controlled scenario descriptor,0.00020000000000000017,0.006666666666666672,derived recovery-time saved/current backend evidence,0,derived recovery-time saved/current backend identity,1,controlled scenario environment,0.011000000000000001,0.0023333333333333353,0.0,0.0,0.013333333333333336,True,True,cf-cb878e0fd1720826efea,5.81522131994916e-05,0.0020722317560496225,4.06518083032491e-05,True,True,True,1,1,1,0,4352,40,noisy_sim,9,4,3328,4,0,0.5,4,4,0.0031646227206829636,0.11737308013427579,0.04139339926336009,0.11111605309386263,4,0.08,1,qubit_wise_commuting,8,8704,1088.0,1088,4,4,40,5,adapt_pauli_pool,0.7464007466761748,0.8970588235294118,0.0016,0.0105,0.018,0.001616,0.010605000000000002,0.018179999999999998,1.5999999999999955e-05,0.00010500000000000093,0.0001799999999999996,1.0,1.0,replay,ibm_kyiv,0.0003010000000000005
sha256:71db21298102762c446b880607dd57c36f338fc2816e523f55215b3d099d5234,fresh_rq4_9101_9108,fresh_evaluation,sigmetrics-rq4-fresh-operating-point-confirmation-v1,sha256:5750482173dcfa6f0132ad83b5b7c2198dd34d8873543e9e53f8d38420cff74c,sigmetrics-rq4-fresh-operating-point-confirmation-v1--6920515fa566bf8f,9104,adapt_vqe,paper,noisy_sim,B5,4,2,no_change,sha256:71db21298102762c446b880607dd57c36f338fc2816e523f55215b3d099d5234-failure,sha256:a761ecad2dd49b502847909cab813d1a2c8ab15fee92c3aa5531ea8c62703aa1,sha256:0e7343b47d003afe2860e33d67399c12f7ed84b7f18c3a5e0d48aae47fda9990,sha256:f84c41da86b339797e4a2ad44884a5ee22cc0b13456bb2ab135e5104d41cdbb8,sha256:0469b918361378b23ad692f86209a8d513a179c6f4887f17b1b8bab46427ad70,ibm_kyiv,ibm_kyiv,replay,replay:ibm_kyiv,ibm_kyiv,ibm_kyiv->ibm_kyiv,True,,1,1,0.0,0.0,controlled scenario descriptor,0.0,0.0,derived recovery-time saved/current backend evidence,0,derived recovery-time saved/current backend identity,1,controlled scenario environment,0.0,0.0,0.0,0.0,0.0,True,True,cf-8fc3de4f860cb217af8f,0.0,0.0,0.0,True,True,True,1,1,1,0,4352,40,noisy_sim,9,4,3328,4,0,0.5,4,4,0.000976828504457572,0.06543245727204355,0.0318251164881452,0.03736167998676068,4,0.08,1,qubit_wise_commuting,8,8704,1088.0,1088,4,4,40,5,adapt_pauli_pool,0.6634617539535163,0.9080882352941176,0.0016,0.0105,0.018,0.0016,0.0105,0.018,0.0,0.0,0.0,1.0,1.0,replay,ibm_kyiv,0.0
sha256:734b87631ca4a9ac09fbd7dc3b64252f4c802f9a061e252dc7678919c144c8e1,fresh_rq4_9101_9108,fresh_evaluation,sigmetrics-rq4-fresh-operating-point-confirmation-v1,sha256:5750482173dcfa6f0132ad83b5b7c2198dd34d8873543e9e53f8d38420cff74c,sigmetrics-rq4-fresh-operating-point-confirmation-v1--b065975589e93c5d,9103,qaoa_maxcut,paper,noisy_sim,B5,4,2,high_change,sha256:734b87631ca4a9ac09fbd7dc3b64252f4c802f9a061e252dc7678919c144c8e1-failure,sha256:7413e5e14858d53ce604fde4759b60b292baf6639da7bfbda12d129d57f948dc,sha256:2b6db34aacbffdb427c6a86493c0c97d7fa901154c9c190f56705a55a8d2a0ee,sha256:56ebe2ae23f982821e5cb20c223cf12264e80a93b5807dcea8a8ddb40107f761,sha256:bcf3483ad1486e36c3e90dd84d4a205c44ab9c8ea56e10e49a9b3531192d5d0c,ibm_kyiv,ibm_brisbane,migrate,migrate:ibm_brisbane,ibm_brisbane,ibm_kyiv->ibm_brisbane,True,,1,1,6.0,1.0,controlled scenario descriptor,0.023860000000000006,0.7953333333333336,derived recovery-time saved/current backend evidence,1,derived recovery-time saved/current backend identity,1,controlled scenario environment,0.55,0.2783666666666667,0.1,0.0,0.9283666666666667,True,True,cf-1867fcfb67d1332e29e9,0.8282616327557983,0.2318728791827311,1.928506486228307,False,False,False,0,0,0,1,16640,40,noisy_sim,9,1,4160,0,0,1.0,4,4,1.7549355151576038,4.050392689580265,1.5478989741685625,3.457171876192127,4,0.12,1,qubit_wise_commuting,1,4160,4160.0,4160,4,0,10,6,qaoa_maxcut,5.58356178527452,0.11009615384615384,0.0016,0.0105,0.018,0.00336,0.022400000000000003,0.038400000000000004,0.00176,0.011900000000000003,0.020400000000000005,1.0,1.0,migrate,ibm_brisbane,0.03406000000000001
sha256:734b87631ca4a9ac09fbd7dc3b64252f4c802f9a061e252dc7678919c144c8e1,fresh_rq4_9101_9108,fresh_evaluation,sigmetrics-rq4-fresh-operating-point-confirmation-v1,sha256:5750482173dcfa6f0132ad83b5b7c2198dd34d8873543e9e53f8d38420cff74c,sigmetrics-rq4-fresh-operating-point-confirmation-v1--b065975589e93c5d,9103,qaoa_maxcut,paper,noisy_sim,B5,4,2,high_change,sha256:734b87631ca4a9ac09fbd7dc3b64252f4c802f9a061e252dc7678919c144c8e1-failure,sha256:7413e5e14858d53ce604fde4759b60b292baf6639da7bfbda12d129d57f948dc,sha256:2b6db34aacbffdb427c6a86493c0c97d7fa901154c9c190f56705a55a8d2a0ee,sha256:56ebe2ae23f982821e5cb20c223cf12264e80a93b5807dcea8a8ddb40107f761,sha256:bcf3483ad1486e36c3e90dd84d4a205c44ab9c8ea56e10e49a9b3531192d5d0c,ibm_kyiv,ibm_kyiv,replay,replay:ibm_kyiv,ibm_kyiv,ibm_kyiv->ibm_kyiv,True,,1,1,8.0,1.0,controlled scenario descriptor,0.016,0.5333333333333333,derived recovery-time saved/current backend evidence,0,derived recovery-time saved/current backend identity,1,controlled scenario environment,0.55,0.18666666666666665,0.0,0.0,0.7366666666666667,True,True,cf-de6a38d3bb3ffa1dae21,0.68173251682399,0.237679046488008,3.20954574957878,False,False,False,0,0,0,1,16640,40,noisy_sim,9,1,4160,0,0,1.0,4,4,1.7549355151576038,4.050392689580265,1.5478989741685625,3.457171876192127,4,0.12,1,qubit_wise_commuting,1,4160,4160.0,4160,4,0,10,6,qaoa_maxcut,5.58356178527452,0.11009615384615384,0.0016,0.0105,0.018,0.00288,0.0189,0.0324,0.00128,0.0084,0.0144,1.0,1.0,replay,ibm_kyiv,0.024079999999999997
sha256:74e3e7a1fbc77210a0993db66c77cef494570ea1ab31f61aecd078e77a04f1cd,fresh_rq4_9101_9108,fresh_evaluation,sigmetrics-rq4-fresh-operating-point-confirmation-v1,sha256:5750482173dcfa6f0132ad83b5b7c2198dd34d8873543e9e53f8d38420cff74c,sigmetrics-rq4-fresh-operating-point-confirmation-v1--3ac91e44d5ba3b1c,9108,h2_vqe,paper,noisy_sim,B5,4,2,high_change,sha256:74e3e7a1fbc77210a0993db66c77cef494570ea1ab31f61aecd078e77a04f1cd-failure,sha256:6755344edaa1eff50bfe6ffeea6c6730008ece609def3b88971445f45c0e0afb,sha256:2b6db34aacbffdb427c6a86493c0c97d7fa901154c9c190f56705a55a8d2a0ee,sha256:94e11cf4ea4c74d973b64129cefe2805f81a297533fc0020c3c844df147749e1,sha256:aad89c242331d28923973b07dcd8c1e3081f2ba429f874cc38e2a92fed232da0,ibm_kyiv,ibm_brisbane,migrate,migrate:ibm_brisbane,ibm_brisbane,ibm_kyiv->ibm_brisbane,True,,1,1,6.0,1.0,controlled scenario descriptor,0.023860000000000006,0.7953333333333336,derived recovery-time saved/current backend evidence,1,derived recovery-time saved/current backend identity,1,controlled scenario environment,0.55,0.2783666666666667,0.1,0.0,0.9283666666666667,True,True,cf-037a7e9b7d0db2d6cc5c,0.03412841140159206,0.12707390412436798,0.04265037508795266,False,False,False,0,0,0,1,4992,104,noisy_sim,9,3,2976,4,0,0.42857142857142855,4,4,0.03791099606738313,0.27465334153510007,0.05366180107621309,0.20896932949876243,12,0.105,1,qubit_wise_commuting,7,8736,1248.0,1248,12,0,24,4,entangling_ry_rz_brickwork,0.9900381947507049,0.8565705128205128,0.0016,0.0105,0.018,0.00336,0.022400000000000003,0.038400000000000004,0.00176,0.011900000000000003,0.020400000000000005,1.0,1.0,migrate,ibm_brisbane,0.03406000000000001
sha256:74e3e7a1fbc77210a0993db66c77cef494570ea1ab31f61aecd078e77a04f1cd,fresh_rq4_9101_9108,fresh_evaluation,sigmetrics-rq4-fresh-operating-point-confirmation-v1,sha256:5750482173dcfa6f0132ad83b5b7c2198dd34d8873543e9e53f8d38420cff74c,sigmetrics-rq4-fresh-operating-point-confirmation-v1--3ac91e44d5ba3b1c,9108,h2_vqe,paper,noisy_sim,B5,4,2,high_change,sha256:74e3e7a1fbc77210a0993db66c77cef494570ea1ab31f61aecd078e77a04f1cd-failure,sha256:6755344edaa1eff50bfe6ffeea6c6730008ece609def3b88971445f45c0e0afb,sha256:2b6db34aacbffdb427c6a86493c0c97d7fa901154c9c190f56705a55a8d2a0ee,sha256:94e11cf4ea4c74d973b64129cefe2805f81a297533fc0020c3c844df147749e1,sha256:aad89c242331d28923973b07dcd8c1e3081f2ba429f874cc38e2a92fed232da0,ibm_kyiv,ibm_kyiv,replay,replay:ibm_kyiv,ibm_kyiv,ibm_kyiv->ibm_kyiv,True,,1,1,8.0,1.0,controlled scenario descriptor,0.016,0.5333333333333333,derived recovery-time saved/current backend evidence,0,derived recovery-time saved/current backend identity,1,controlled scenario environment,0.55,0.18666666666666665,0.0,0.0,0.7366666666666667,True,True,cf-7155849cc71bc04fc955,0.024530216301238195,0.10373202206544518,0.03053514967592658,False,False,False,0,0,0,1,4992,104,noisy_sim,9,3,2976,4,0,0.42857142857142855,4,4,0.03791099606738313,0.27465334153510007,0.05366180107621309,0.20896932949876243,12,0.105,1,qubit_wise_commuting,7,8736,1248.0,1248,12,0,24,4,entangling_ry_rz_brickwork,0.9900381947507049,0.8565705128205128,0.0016,0.0105,0.018,0.00288,0.0189,0.0324,0.00128,0.0084,0.0144,1.0,1.0,replay,ibm_kyiv,0.024079999999999997
sha256:76da7d97a81f7bd5ed473db527eaa71d9f5b5975eda1a03f795bc19ed1ed439c,fresh_rq4_9101_9108,fresh_evaluation,sigmetrics-rq4-fresh-operating-point-confirmation-v1,sha256:5750482173dcfa6f0132ad83b5b7c2198dd34d8873543e9e53f8d38420cff74c,sigmetrics-rq4-fresh-operating-point-confirmation-v1--1ec97ffdb7f7ef95,9101,lih_vqe,paper,noisy_sim,B5,4,2,cross_backend,sha256:76da7d97a81f7bd5ed473db527eaa71d9f5b5975eda1a03f795bc19ed1ed439c-failure,sha256:74f74340d1d1aa753503fb1f05d4e37b519cd1b4195af6eac03c56227efab51c,sha256:3e961724e06d6d711a9338896a03f47484a702bab4903cdf8ef8771396da980d,sha256:90a6fc287341ee3482d2a787f7389b00e56a0ec391204063de2bd98be7b5816e,sha256:273a6bd95075d8678bc788165e7f4919240206ac0bec1c1beacc941c3d0923a0,ibm_kyiv,ibm_brisbane,migrate,migrate:ibm_brisbane,ibm_brisbane,ibm_kyiv->ibm_brisbane,True,,1,1,0.0,0.0,controlled scenario descriptor,0.007,0.23333333333333334,derived recovery-time saved/current backend evidence,1,derived recovery-time saved/current backend identity,1,controlled scenario environment,0.0,0.08166666666666667,0.1,0.0,0.18166666666666667,True,True,cf-43214e580f7647a9fc5f,0.0026658715554725987,0.06360738513389592,0.022621016009966757,False,False,False,0,0,0,1,5504,168,noisy_sim,9,4,4480,4,0,0.5,4,4,0.08602255333268882,0.6032143870535518,0.07350966301429977,0.40486451730226136,20,0.085,1,qubit_wise_commuting,8,11008,1376.0,1376,20,0,40,5,entangling_ry_rz_brickwork,1.6637101183741292,0.7579941860465116,0.0016,0.0105,0.018,0.0021,0.014,0.024,0.0004999999999999998,0.0034999999999999996,0.006000000000000002,1.0,1.0,migrate,ibm_brisbane,0.010000000000000002
sha256:76da7d97a81f7bd5ed473db527eaa71d9f5b5975eda1a03f795bc19ed1ed439c,fresh_rq4_9101_9108,fresh_evaluation,sigmetrics-rq4-fresh-operating-point-confirmation-v1,sha256:5750482173dcfa6f0132ad83b5b7c2198dd34d8873543e9e53f8d38420cff74c,sigmetrics-rq4-fresh-operating-point-confirmation-v1--1ec97ffdb7f7ef95,9101,lih_vqe,paper,noisy_sim,B5,4,2,cross_backend,sha256:76da7d97a81f7bd5ed473db527eaa71d9f5b5975eda1a03f795bc19ed1ed439c-failure,sha256:74f74340d1d1aa753503fb1f05d4e37b519cd1b4195af6eac03c56227efab51c,sha256:3e961724e06d6d711a9338896a03f47484a702bab4903cdf8ef8771396da980d,sha256:90a6fc287341ee3482d2a787f7389b00e56a0ec391204063de2bd98be7b5816e,sha256:273a6bd95075d8678bc788165e7f4919240206ac0bec1c1beacc941c3d0923a0,ibm_kyiv,ibm_sherbrooke,migrate,migrate:ibm_sherbrooke,ibm_sherbrooke,ibm_kyiv->ibm_sherbrooke,True,,1,1,0.0,0.0,controlled scenario descriptor,0.0018999999999999998,0.06333333333333332,derived recovery-time saved/current backend evidence,1,derived recovery-time saved/current backend identity,1,controlled scenario environment,0.0,0.02216666666666666,0.1,0.0,0.12216666666666667,True,True,cf-df0645901524a50518b6,0.001260599307231658,0.02496491928794373,0.0102270321978108,False,False,False,0,0,0,1,5504,168,noisy_sim,9,4,4480,4,0,0.5,4,4,0.08602255333268882,0.6032143870535518,0.07350966301429977,0.40486451730226136,20,0.085,1,qubit_wise_commuting,8,11008,1376.0,1376,20,0,40,5,entangling_ry_rz_brickwork,1.6637101183741292,0.7579941860465116,0.0016,0.0105,0.018,0.0012,0.0095,0.017,0.0004000000000000002,0.0010000000000000009,0.0009999999999999974,1.0,1.0,migrate,ibm_sherbrooke,0.0023999999999999985
sha256:77020ad3711250fbc4eb65a47746809fb9442c12464f522ecf9bac7d42bbf63e,fresh_rq4_9101_9108,fresh_evaluation,sigmetrics-rq4-fresh-operating-point-confirmation-v1,sha256:5750482173dcfa6f0132ad83b5b7c2198dd34d8873543e9e53f8d38420cff74c,sigmetrics-rq4-fresh-operating-point-confirmation-v1--9ae7bd271b9101a6,9107,lih_vqe,paper,noisy_sim,B5,4,2,high_change,sha256:77020ad3711250fbc4eb65a47746809fb9442c12464f522ecf9bac7d42bbf63e-failure,sha256:8435029b991b44f2114de66c9335945b17a788f5df914b7e6b58d020a82b5c4e,sha256:2b6db34aacbffdb427c6a86493c0c97d7fa901154c9c190f56705a55a8d2a0ee,sha256:5d8943b74edf54b19c3d0d4493eca8c11e5671bf89d76b8f3b4c56d6f9edfee2,sha256:9d9f72df09d882251d7302eff93b9c196beee8ab2149edd70d6c755a8853d4b4,ibm_kyiv,ibm_brisbane,migrate,migrate:ibm_brisbane,ibm_brisbane,ibm_kyiv->ibm_brisbane,True,,1,1,6.0,1.0,controlled scenario descriptor,0.023860000000000006,0.7953333333333336,derived recovery-time saved/current backend evidence,1,derived recovery-time saved/current backend identity,1,controlled scenario environment,0.55,0.2783666666666667,0.1,0.0,0.9283666666666667,True,True,cf-8e55f181ad0a415f5e6a,0.009020505618621222,0.1106192948757219,0.08134910978471847,False,False,False,0,0,0,1,6144,168,noisy_sim,9,4,5120,4,0,0.5,4,4,0.05855647892101512,0.501828472057195,0.06380697122235202,0.36301904123775663,20,0.085,1,qubit_wise_commuting,8,12288,1536.0,1536,20,0,40,5,entangling_ry_rz_brickwork,1.8828007352000935,0.7239583333333334,0.0016,0.0105,0.018,0.00336,0.022400000000000003,0.038400000000000004,0.00176,0.011900000000000003,0.020400000000000005,1.0,1.0,migrate,ibm_brisbane,0.03406000000000001
sha256:77020ad3711250fbc4eb65a47746809fb9442c12464f522ecf9bac7d42bbf63e,fresh_rq4_9101_9108,fresh_evaluation,sigmetrics-rq4-fresh-operating-point-confirmation-v1,sha256:5750482173dcfa6f0132ad83b5b7c2198dd34d8873543e9e53f8d38420cff74c,sigmetrics-rq4-fresh-operating-point-confirmation-v1--9ae7bd271b9101a6,9107,lih_vqe,paper,noisy_sim,B5,4,2,high_change,sha256:77020ad3711250fbc4eb65a47746809fb9442c12464f522ecf9bac7d42bbf63e-failure,sha256:8435029b991b44f2114de66c9335945b17a788f5df914b7e6b58d020a82b5c4e,sha256:2b6db34aacbffdb427c6a86493c0c97d7fa901154c9c190f56705a55a8d2a0ee,sha256:5d8943b74edf54b19c3d0d4493eca8c11e5671bf89d76b8f3b4c56d6f9edfee2,sha256:9d9f72df09d882251d7302eff93b9c196beee8ab2149edd70d6c755a8853d4b4,ibm_kyiv,ibm_kyiv,replay,replay:ibm_kyiv,ibm_kyiv,ibm_kyiv->ibm_kyiv,True,,1,1,8.0,1.0,controlled scenario descriptor,0.016,0.5333333333333333,derived recovery-time saved/current backend evidence,0,derived recovery-time saved/current backend identity,1,controlled scenario environment,0.55,0.18666666666666665,0.0,0.0,0.7366666666666667,True,True,cf-097705709403c3e18bed,0.006385008493714928,0.09179987865690876,0.05863483426755926,False,False,False,0,0,0,1,6144,168,noisy_sim,9,4,5120,4,0,0.5,4,4,0.05855647892101512,0.501828472057195,0.06380697122235202,0.36301904123775663,20,0.085,1,qubit_wise_commuting,8,12288,1536.0,1536,20,0,40,5,entangling_ry_rz_brickwork,1.8828007352000935,0.7239583333333334,0.0016,0.0105,0.018,0.00288,0.0189,0.0324,0.00128,0.0084,0.0144,1.0,1.0,replay,ibm_kyiv,0.024079999999999997
sha256:779117ffe110ecfee531f3e42837d1ea73aad0dfb8db4c83cfcfd88f19fd0cee,fresh_rq4_9101_9108,fresh_evaluation,sigmetrics-rq4-fresh-operating-point-confirmation-v1,sha256:5750482173dcfa6f0132ad83b5b7c2198dd34d8873543e9e53f8d38420cff74c,sigmetrics-rq4-fresh-operating-point-confirmation-v1--58f2f1b92d3570e0,9102,qaoa_maxcut,paper,noisy_sim,B5,4,2,high_change,sha256:779117ffe110ecfee531f3e42837d1ea73aad0dfb8db4c83cfcfd88f19fd0cee-failure,sha256:78ede409ebf393c47a3779b2dccbd3586f47bc18d419d2f525214fbb01057bdf,sha256:2b6db34aacbffdb427c6a86493c0c97d7fa901154c9c190f56705a55a8d2a0ee,sha256:56ebe2ae23f982821e5cb20c223cf12264e80a93b5807dcea8a8ddb40107f761,sha256:4cfad9cd39a6fbafe05899da3b541b6a41f8b35fbe86a90a19ee03b1df8252f0,ibm_kyiv,ibm_brisbane,migrate,migrate:ibm_brisbane,ibm_brisbane,ibm_kyiv->ibm_brisbane,True,,1,1,6.0,1.0,controlled scenario descriptor,0.023860000000000006,0.7953333333333336,derived recovery-time saved/current backend evidence,1,derived recovery-time saved/current backend identity,1,controlled scenario environment,0.55,0.2783666666666667,0.1,0.0,0.9283666666666667,True,True,cf-ff7fcb9c6765f5cf6131,0.35706116122794906,0.3612507236276316,11.508925359581049,False,False,False,0,0,0,1,16384,40,noisy_sim,9,1,4096,0,0,1.0,4,4,-0.4493148219818415,5.21872919623111,1.9550673178615847,4.689355328485631,4,0.12,1,qubit_wise_commuting,1,4096,4096.0,4096,4,0,10,6,qaoa_maxcut,5.981189002384831,0.02197265625,0.0016,0.0105,0.018,0.00336,0.022400000000000003,0.038400000000000004,0.00176,0.011900000000000003,0.020400000000000005,1.0,1.0,migrate,ibm_brisbane,0.03406000000000001
sha256:779117ffe110ecfee531f3e42837d1ea73aad0dfb8db4c83cfcfd88f19fd0cee,fresh_rq4_9101_9108,fresh_evaluation,sigmetrics-rq4-fresh-operating-point-confirmation-v1,sha256:5750482173dcfa6f0132ad83b5b7c2198dd34d8873543e9e53f8d38420cff74c,sigmetrics-rq4-fresh-operating-point-confirmation-v1--58f2f1b92d3570e0,9102,qaoa_maxcut,paper,noisy_sim,B5,4,2,high_change,sha256:779117ffe110ecfee531f3e42837d1ea73aad0dfb8db4c83cfcfd88f19fd0cee-failure,sha256:78ede409ebf393c47a3779b2dccbd3586f47bc18d419d2f525214fbb01057bdf,sha256:2b6db34aacbffdb427c6a86493c0c97d7fa901154c9c190f56705a55a8d2a0ee,sha256:56ebe2ae23f982821e5cb20c223cf12264e80a93b5807dcea8a8ddb40107f761,sha256:4cfad9cd39a6fbafe05899da3b541b6a41f8b35fbe86a90a19ee03b1df8252f0,ibm_kyiv,ibm_kyiv,replay,replay:ibm_kyiv,ibm_kyiv,ibm_kyiv->ibm_kyiv,True,,1,1,8.0,1.0,controlled scenario descriptor,0.016,0.5333333333333333,derived recovery-time saved/current backend evidence,0,derived recovery-time saved/current backend identity,1,controlled scenario environment,0.55,0.18666666666666665,0.0,0.0,0.7366666666666667,True,True,cf-a18b994e053074a68bbc,1.1012258499664989,0.3410020044102196,4.894270494637956,False,False,False,0,0,0,1,16384,40,noisy_sim,9,1,4096,0,0,1.0,4,4,-0.4493148219818415,5.21872919623111,1.9550673178615847,4.689355328485631,4,0.12,1,qubit_wise_commuting,1,4096,4096.0,4096,4,0,10,6,qaoa_maxcut,5.981189002384831,0.02197265625,0.0016,0.0105,0.018,0.00288,0.0189,0.0324,0.00128,0.0084,0.0144,1.0,1.0,replay,ibm_kyiv,0.024079999999999997
sha256:78d532b404892bdc39c2e0e528d1ebe96bc9fb5ea1c604d57167ea1aaf3ce356,fresh_rq4_9101_9108,fresh_evaluation,sigmetrics-rq4-fresh-operating-point-confirmation-v1,sha256:5750482173dcfa6f0132ad83b5b7c2198dd34d8873543e9e53f8d38420cff74c,sigmetrics-rq4-fresh-operating-point-confirmation-v1--a4b2f3bdbc0a0f3a,9103,qaoa_maxcut,paper,noisy_sim,B5,4,2,safe_change,sha256:78d532b404892bdc39c2e0e528d1ebe96bc9fb5ea1c604d57167ea1aaf3ce356-failure,sha256:7413e5e14858d53ce604fde4759b60b292baf6639da7bfbda12d129d57f948dc,sha256:8aa9fd73acdbefb930184631c530ac1ad4750da95e7359345a133016be010a68,sha256:a9aa49d0abe0c0e8c2ca3406cdae5818d28f0e352c4a812e712215e808676f00,sha256:9beed873191cf708910b544384f6f2701b9c6fec4df41403b3a5f9c7b4959c58,ibm_kyiv,ibm_kyiv,replay,replay:ibm_kyiv,ibm_kyiv,ibm_kyiv->ibm_kyiv,True,,1,1,0.1,0.02,controlled scenario descriptor,0.00020000000000000017,0.006666666666666672,derived recovery-time saved/current backend evidence,0,derived recovery-time saved/current backend identity,1,controlled scenario environment,0.011000000000000001,0.0023333333333333353,0.0,0.0,0.013333333333333336,True,True,cf-3948341a3594084d99a1,0.0006806468626709972,0.04768715194531899,0.14961787911018135,False,True,False,0,1,0,1,16640,40,noisy_sim,9,1,4160,0,0,1.0,4,4,1.7549355151576038,4.050392689580265,1.5478989741685625,3.457171876192127,4,0.12,1,qubit_wise_commuting,1,4160,4160.0,4160,4,0,10,6,qaoa_maxcut,5.58356178527452,0.11009615384615384,0.0016,0.0105,0.018,0.001616,0.010605000000000002,0.018179999999999998,1.5999999999999955e-05,0.00010500000000000093,0.0001799999999999996,1.0,1.0,replay,ibm_kyiv,0.0003010000000000005
sha256:7964f62bab10bef6208c4935be6b3a0f1da525307d1dc941d0f9fbb9cc70e1ac,fresh_rq4_9101_9108,fresh_evaluation,sigmetrics-rq4-fresh-operating-point-confirmation-v1,sha256:5750482173dcfa6f0132ad83b5b7c2198dd34d8873543e9e53f8d38420cff74c,sigmetrics-rq4-fresh-operating-point-confirmation-v1--5bb43d4f947cae41,9103,lih_vqe,paper,noisy_sim,B5,4,2,no_change,sha256:7964f62bab10bef6208c4935be6b3a0f1da525307d1dc941d0f9fbb9cc70e1ac-failure,sha256:0676dba8cde0a33732ed4fb348f79e82fbf012caf796acfc58a04689449e875b,sha256:0e7343b47d003afe2860e33d67399c12f7ed84b7f18c3a5e0d48aae47fda9990,sha256:c47932d509f62acb75888b4e18d00ff3fb54f3468768cff7bf362cbd2dcdb2a5,sha256:24b5a365e4f749788f2628e5413b962a552511c37277d72fce2d86c3a561c497,ibm_kyiv,ibm_kyiv,replay,replay:ibm_kyiv,ibm_kyiv,ibm_kyiv->ibm_kyiv,True,,1,1,0.0,0.0,controlled scenario descriptor,0.0,0.0,derived recovery-time saved/current backend evidence,0,derived recovery-time saved/current backend identity,1,controlled scenario environment,0.0,0.0,0.0,0.0,0.0,True,True,cf-d11f755b47690f3f189f,0.0,0.0,0.0,True,True,True,1,1,1,0,5504,168,noisy_sim,9,4,4480,4,0,0.5,4,4,0.05107819738228514,0.4986937984665658,0.06384613455191948,0.34972744358644625,20,0.085,1,qubit_wise_commuting,8,11008,1376.0,1376,20,0,40,5,entangling_ry_rz_brickwork,1.682022188332645,0.7543604651162791,0.0016,0.0105,0.018,0.0016,0.0105,0.018,0.0,0.0,0.0,1.0,1.0,replay,ibm_kyiv,0.0
sha256:7a6ac42d65ff9690372f0d9e2bfbe6f1ae337e68d9a35ba0d494f729569e0393,fresh_rq4_9101_9108,fresh_evaluation,sigmetrics-rq4-fresh-operating-point-confirmation-v1,sha256:5750482173dcfa6f0132ad83b5b7c2198dd34d8873543e9e53f8d38420cff74c,sigmetrics-rq4-fresh-operating-point-confirmation-v1--6cc7764202722d16,9105,adapt_vqe,paper,noisy_sim,B5,4,2,no_change,sha256:7a6ac42d65ff9690372f0d9e2bfbe6f1ae337e68d9a35ba0d494f729569e0393-failure,sha256:2c9f55040aecb344bf11ed03b406f640a83801e093147d588e63db3f6f70fab7,sha256:0e7343b47d003afe2860e33d67399c12f7ed84b7f18c3a5e0d48aae47fda9990,sha256:f84c41da86b339797e4a2ad44884a5ee22cc0b13456bb2ab135e5104d41cdbb8,sha256:a384491181980e9117a300becd0882d7bc60a5ec211696ec13c184cf857385be,ibm_kyiv,ibm_kyiv,replay,replay:ibm_kyiv,ibm_kyiv,ibm_kyiv->ibm_kyiv,True,,1,1,0.0,0.0,controlled scenario descriptor,0.0,0.0,derived recovery-time saved/current backend evidence,0,derived recovery-time saved/current backend identity,1,controlled scenario environment,0.0,0.0,0.0,0.0,0.0,True,True,cf-22cc6e3295526bbab036,0.0,0.0,0.0,True,True,True,1,1,1,0,4352,40,noisy_sim,9,4,3328,4,0,0.5,4,4,0.0008988808701673179,0.06845019700063049,0.03043292180839381,0.05013498345441095,4,0.08,1,qubit_wise_commuting,8,8704,1088.0,1088,4,4,40,5,adapt_pauli_pool,0.6932330062084406,0.9053308823529411,0.0016,0.0105,0.018,0.0016,0.0105,0.018,0.0,0.0,0.0,1.0,1.0,replay,ibm_kyiv,0.0
sha256:7c463d5e57a7a57d41dd193a3bf875494924d865d2710ca168449efa9b2de5fd,fresh_rq4_9101_9108,fresh_evaluation,sigmetrics-rq4-fresh-operating-point-confirmation-v1,sha256:5750482173dcfa6f0132ad83b5b7c2198dd34d8873543e9e53f8d38420cff74c,sigmetrics-rq4-fresh-operating-point-confirmation-v1--0e7f66d01bb48d1b,9104,h2_vqe,paper,noisy_sim,B5,4,2,cross_backend,sha256:7c463d5e57a7a57d41dd193a3bf875494924d865d2710ca168449efa9b2de5fd-failure,sha256:28ad285e8c04eb2f05c3c41f648d458ab1c48a43a54b8eb7129e3be51b77dd2c,sha256:3e961724e06d6d711a9338896a03f47484a702bab4903cdf8ef8771396da980d,sha256:465cf8190aa72910b114108c272f86151fcf7f7906fe7d9023fc8db000a97506,sha256:94533fb7bffa1d211fcd79ccb4cbb41848db36a1720ea5b2a9df2fa4267981fc,ibm_kyiv,ibm_brisbane,migrate,migrate:ibm_brisbane,ibm_brisbane,ibm_kyiv->ibm_brisbane,True,,1,1,0.0,0.0,controlled scenario descriptor,0.007,0.23333333333333334,derived recovery-time saved/current backend evidence,1,derived recovery-time saved/current backend identity,1,controlled scenario environment,0.0,0.08166666666666667,0.1,0.0,0.18166666666666667,True,True,cf-88b2d24d77c0a7ea94cf,0.010545066841922246,0.04972913362653517,0.007504677283358363,False,False,False,0,0,0,1,4992,104,noisy_sim,9,3,2976,4,0,0.42857142857142855,4,4,0.022333308958840448,0.22198050012203427,0.05018433197510505,0.11773649303535984,12,0.105,1,qubit_wise_commuting,7,8736,1248.0,1248,12,0,24,4,entangling_ry_rz_brickwork,1.2306074261017215,0.8149038461538461,0.0016,0.0105,0.018,0.0021,0.014,0.024,0.0004999999999999998,0.0034999999999999996,0.006000000000000002,1.0,1.0,migrate,ibm_brisbane,0.010000000000000002
sha256:7c463d5e57a7a57d41dd193a3bf875494924d865d2710ca168449efa9b2de5fd,fresh_rq4_9101_9108,fresh_evaluation,sigmetrics-rq4-fresh-operating-point-confirmation-v1,sha256:5750482173dcfa6f0132ad83b5b7c2198dd34d8873543e9e53f8d38420cff74c,sigmetrics-rq4-fresh-operating-point-confirmation-v1--0e7f66d01bb48d1b,9104,h2_vqe,paper,noisy_sim,B5,4,2,cross_backend,sha256:7c463d5e57a7a57d41dd193a3bf875494924d865d2710ca168449efa9b2de5fd-failure,sha256:28ad285e8c04eb2f05c3c41f648d458ab1c48a43a54b8eb7129e3be51b77dd2c,sha256:3e961724e06d6d711a9338896a03f47484a702bab4903cdf8ef8771396da980d,sha256:465cf8190aa72910b114108c272f86151fcf7f7906fe7d9023fc8db000a97506,sha256:94533fb7bffa1d211fcd79ccb4cbb41848db36a1720ea5b2a9df2fa4267981fc,ibm_kyiv,ibm_sherbrooke,migrate,migrate:ibm_sherbrooke,ibm_sherbrooke,ibm_kyiv->ibm_sherbrooke,True,,1,1,0.0,0.0,controlled scenario descriptor,0.0018999999999999998,0.06333333333333332,derived recovery-time saved/current backend evidence,1,derived recovery-time saved/current backend identity,1,controlled scenario environment,0.0,0.02216666666666666,0.1,0.0,0.12216666666666667,True,True,cf-76803c114c6fd62c3d5d,0.005292974666154304,0.027816010973311527,0.0033087147005504006,False,False,False,0,0,0,1,4992,104,noisy_sim,9,3,2976,4,0,0.42857142857142855,4,4,0.022333308958840448,0.22198050012203427,0.05018433197510505,0.11773649303535984,12,0.105,1,qubit_wise_commuting,7,8736,1248.0,1248,12,0,24,4,entangling_ry_rz_brickwork,1.2306074261017215,0.8149038461538461,0.0016,0.0105,0.018,0.0012,0.0095,0.017,0.0004000000000000002,0.0010000000000000009,0.0009999999999999974,1.0,1.0,migrate,ibm_sherbrooke,0.0023999999999999985
sha256:7cd4a0f629c7aa2d129b0916ddd5bb5adcaed345fced6517e3f42f5a60ba45ac,fresh_rq4_9101_9108,fresh_evaluation,sigmetrics-rq4-fresh-operating-point-confirmation-v1,sha256:5750482173dcfa6f0132ad83b5b7c2198dd34d8873543e9e53f8d38420cff74c,sigmetrics-rq4-fresh-operating-point-confirmation-v1--10a56e8dd405eabb,9102,h2_vqe,paper,noisy_sim,B5,4,2,safe_change,sha256:7cd4a0f629c7aa2d129b0916ddd5bb5adcaed345fced6517e3f42f5a60ba45ac-failure,sha256:68e7b86ca90be47327d692e63bd1dc918069a90ea501869a6dc007002578ba65,sha256:8aa9fd73acdbefb930184631c530ac1ad4750da95e7359345a133016be010a68,sha256:9c8d84160a37684a330c5e86489f096e08f5be515d75b7d3faace12218e4c75a,sha256:d629d2b55d2921e18436ac69bbe0569729fd5f34ca3b979a5072784d40e71106,ibm_kyiv,ibm_kyiv,replay,replay:ibm_kyiv,ibm_kyiv,ibm_kyiv->ibm_kyiv,True,,1,1,0.1,0.02,controlled scenario descriptor,0.00020000000000000017,0.006666666666666672,derived recovery-time saved/current backend evidence,0,derived recovery-time saved/current backend identity,1,controlled scenario environment,0.011000000000000001,0.0023333333333333353,0.0,0.0,0.013333333333333336,True,True,cf-dcbdce327de265b75d60,0.0003058691103465794,0.002232066353560498,0.00034338112067304504,True,True,True,1,1,1,0,4992,104,noisy_sim,9,3,2976,4,0,0.42857142857142855,4,4,0.07565561814762378,0.4171411824605734,0.07618892284257754,0.3378772338925461,12,0.105,1,qubit_wise_commuting,7,8736,1248.0,1248,12,0,24,4,entangling_ry_rz_brickwork,1.1134068816503246,0.8381410256410257,0.0016,0.0105,0.018,0.001616,0.010605000000000002,0.018179999999999998,1.5999999999999955e-05,0.00010500000000000093,0.0001799999999999996,1.0,1.0,replay,ibm_kyiv,0.0003010000000000005
sha256:7cfc8cf3077405825493c7e873941973c79e3c9fb356f4181b5a142bb321a9af,fresh_rq4_9101_9108,fresh_evaluation,sigmetrics-rq4-fresh-operating-point-confirmation-v1,sha256:5750482173dcfa6f0132ad83b5b7c2198dd34d8873543e9e53f8d38420cff74c,sigmetrics-rq4-fresh-operating-point-confirmation-v1--214ce2c83ae8f8f0,9104,qaoa_maxcut,paper,noisy_sim,B5,4,2,no_change,sha256:7cfc8cf3077405825493c7e873941973c79e3c9fb356f4181b5a142bb321a9af-failure,sha256:34b01a1cdd079aa7d96d8ce3df4a0d390668958abd77bd096c47ce89cc1aab83,sha256:0e7343b47d003afe2860e33d67399c12f7ed84b7f18c3a5e0d48aae47fda9990,sha256:beaa270a390816fadd39bf6e4cf2cb1d92f7bf84678ac415bf7f191142ad2044,sha256:6a4f50f6ae918dc7815626578b40a40043feafceafdcb553a5160761019683b8,ibm_kyiv,ibm_kyiv,replay,replay:ibm_kyiv,ibm_kyiv,ibm_kyiv->ibm_kyiv,True,,1,1,0.0,0.0,controlled scenario descriptor,0.0,0.0,derived recovery-time saved/current backend evidence,0,derived recovery-time saved/current backend identity,1,controlled scenario environment,0.0,0.0,0.0,0.0,0.0,True,True,cf-6988c7fc4b322d08f812,0.0,0.0,0.0,True,True,True,1,1,1,0,16256,40,noisy_sim,9,1,4064,0,0,1.0,4,4,0.3651465976153019,4.524152043273292,1.667233545029487,4.219763897214396,4,0.12,1,qubit_wise_commuting,1,4064,4064.0,4064,4,0,10,6,qaoa_maxcut,5.774171850350005,0.05019685039370079,0.0016,0.0105,0.018,0.0016,0.0105,0.018,0.0,0.0,0.0,1.0,1.0,replay,ibm_kyiv,0.0
sha256:7f8958a9ae823f28856332e2cbaada38cd7bfedcecb0463ec085073c60fbee58,fresh_rq4_9101_9108,fresh_evaluation,sigmetrics-rq4-fresh-operating-point-confirmation-v1,sha256:5750482173dcfa6f0132ad83b5b7c2198dd34d8873543e9e53f8d38420cff74c,sigmetrics-rq4-fresh-operating-point-confirmation-v1--f42b86822fd01044,9101,adapt_vqe,paper,noisy_sim,B5,4,2,cross_backend,sha256:7f8958a9ae823f28856332e2cbaada38cd7bfedcecb0463ec085073c60fbee58-failure,sha256:24981ccf032f587353b083625fc9a2ac2feda2bbda3f737b97287a47b5676d5b,sha256:3e961724e06d6d711a9338896a03f47484a702bab4903cdf8ef8771396da980d,sha256:7edecfba009e2f47b53720d8e6f4764bc8af02de63117f2739ea2de44e4ab909,sha256:731ca8f038531db19907f48f579c8311e7b15ce165617661e0dd0c8dd37ce9b3,ibm_kyiv,ibm_brisbane,migrate,migrate:ibm_brisbane,ibm_brisbane,ibm_kyiv->ibm_brisbane,True,,1,1,0.0,0.0,controlled scenario descriptor,0.007,0.23333333333333334,derived recovery-time saved/current backend evidence,1,derived recovery-time saved/current backend identity,1,controlled scenario environment,0.0,0.08166666666666667,0.1,0.0,0.18166666666666667,True,True,cf-67112970623c67f998c6,0.001895380134087965,0.09118051937664787,0.0013094602440941482,False,False,False,0,0,0,1,4352,40,noisy_sim,9,4,3328,4,0,0.5,4,4,0.0014004090875534558,0.0742079640082951,0.02543388135428772,0.07200050842760912,4,0.08,1,qubit_wise_commuting,8,8704,1088.0,1088,4,4,40,5,adapt_pauli_pool,0.6792885613009749,0.9071691176470589,0.0016,0.0105,0.018,0.0021,0.014,0.024,0.0004999999999999998,0.0034999999999999996,0.006000000000000002,1.0,1.0,migrate,ibm_brisbane,0.010000000000000002
sha256:7f8958a9ae823f28856332e2cbaada38cd7bfedcecb0463ec085073c60fbee58,fresh_rq4_9101_9108,fresh_evaluation,sigmetrics-rq4-fresh-operating-point-confirmation-v1,sha256:5750482173dcfa6f0132ad83b5b7c2198dd34d8873543e9e53f8d38420cff74c,sigmetrics-rq4-fresh-operating-point-confirmation-v1--f42b86822fd01044,9101,adapt_vqe,paper,noisy_sim,B5,4,2,cross_backend,sha256:7f8958a9ae823f28856332e2cbaada38cd7bfedcecb0463ec085073c60fbee58-failure,sha256:24981ccf032f587353b083625fc9a2ac2feda2bbda3f737b97287a47b5676d5b,sha256:3e961724e06d6d711a9338896a03f47484a702bab4903cdf8ef8771396da980d,sha256:7edecfba009e2f47b53720d8e6f4764bc8af02de63117f2739ea2de44e4ab909,sha256:731ca8f038531db19907f48f579c8311e7b15ce165617661e0dd0c8dd37ce9b3,ibm_kyiv,ibm_sherbrooke,migrate,migrate:ibm_sherbrooke,ibm_sherbrooke,ibm_kyiv->ibm_sherbrooke,True,,1,1,0.0,0.0,controlled scenario descriptor,0.0018999999999999998,0.06333333333333332,derived recovery-time saved/current backend evidence,1,derived recovery-time saved/current backend identity,1,controlled scenario environment,0.0,0.02216666666666666,0.1,0.0,0.12216666666666667,True,True,cf-1ea05b945e1c3ca8bfe2,0.000680595577976284,0.06442853206790995,0.0010482340353692027,False,False,False,0,0,0,1,4352,40,noisy_sim,9,4,3328,4,0,0.5,4,4,0.0014004090875534558,0.0742079640082951,0.02543388135428772,0.07200050842760912,4,0.08,1,qubit_wise_commuting,8,8704,1088.0,1088,4,4,40,5,adapt_pauli_pool,0.6792885613009749,0.9071691176470589,0.0016,0.0105,0.018,0.0012,0.0095,0.017,0.0004000000000000002,0.0010000000000000009,0.0009999999999999974,1.0,1.0,migrate,ibm_sherbrooke,0.0023999999999999985
sha256:80c2226a7e1ab77b7409d1b98eed97669b02c29a31df645640fb281459313692,fresh_rq4_9101_9108,fresh_evaluation,sigmetrics-rq4-fresh-operating-point-confirmation-v1,sha256:5750482173dcfa6f0132ad83b5b7c2198dd34d8873543e9e53f8d38420cff74c,sigmetrics-rq4-fresh-operating-point-confirmation-v1--c57615b0dc472e94,9104,qaoa_maxcut,paper,noisy_sim,B5,4,2,safe_change,sha256:80c2226a7e1ab77b7409d1b98eed97669b02c29a31df645640fb281459313692-failure,sha256:34b01a1cdd079aa7d96d8ce3df4a0d390668958abd77bd096c47ce89cc1aab83,sha256:8aa9fd73acdbefb930184631c530ac1ad4750da95e7359345a133016be010a68,sha256:a9aa49d0abe0c0e8c2ca3406cdae5818d28f0e352c4a812e712215e808676f00,sha256:fac08d9695c82a5a190aca27e55eb648385f0618d08b05add6ee5222c86138d3,ibm_kyiv,ibm_kyiv,replay,replay:ibm_kyiv,ibm_kyiv,ibm_kyiv->ibm_kyiv,True,,1,1,0.1,0.02,controlled scenario descriptor,0.00020000000000000017,0.006666666666666672,derived recovery-time saved/current backend evidence,0,derived recovery-time saved/current backend identity,1,controlled scenario environment,0.011000000000000001,0.0023333333333333353,0.0,0.0,0.013333333333333336,True,True,cf-65da2c12f68ce6d6222c,0.047892737711606514,0.0324931060967554,0.07177806996122664,True,True,True,1,1,1,0,16256,40,noisy_sim,9,1,4064,0,0,1.0,4,4,0.3651465976153019,4.524152043273292,1.667233545029487,4.219763897214396,4,0.12,1,qubit_wise_commuting,1,4064,4064.0,4064,4,0,10,6,qaoa_maxcut,5.774171850350005,0.05019685039370079,0.0016,0.0105,0.018,0.001616,0.010605000000000002,0.018179999999999998,1.5999999999999955e-05,0.00010500000000000093,0.0001799999999999996,1.0,1.0,replay,ibm_kyiv,0.0003010000000000005
sha256:81d31c26eae1c796550885bbc9825a1ddccc9ccd847a321b61aef26d3e93adb5,fresh_rq4_9101_9108,fresh_evaluation,sigmetrics-rq4-fresh-operating-point-confirmation-v1,sha256:5750482173dcfa6f0132ad83b5b7c2198dd34d8873543e9e53f8d38420cff74c,sigmetrics-rq4-fresh-operating-point-confirmation-v1--3310be979f2044fe,9108,qaoa_maxcut,paper,noisy_sim,B5,4,2,high_change,sha256:81d31c26eae1c796550885bbc9825a1ddccc9ccd847a321b61aef26d3e93adb5-failure,sha256:12baa20a227d608587db781511444ba6bd1f7fd7e64e940d5263b37f49e3c099,sha256:2b6db34aacbffdb427c6a86493c0c97d7fa901154c9c190f56705a55a8d2a0ee,sha256:56ebe2ae23f982821e5cb20c223cf12264e80a93b5807dcea8a8ddb40107f761,sha256:6574fe7e1222c4d5ed78bb1a750dfc880c3efdb3e3ede7b5623805d24288804c,ibm_kyiv,ibm_brisbane,migrate,migrate:ibm_brisbane,ibm_brisbane,ibm_kyiv->ibm_brisbane,True,,1,1,6.0,1.0,controlled scenario descriptor,0.023860000000000006,0.7953333333333336,derived recovery-time saved/current backend evidence,1,derived recovery-time saved/current backend identity,1,controlled scenario environment,0.55,0.2783666666666667,0.1,0.0,0.9283666666666667,True,True,cf-4ae4baa0b747d970c840,0.7265485487701193,0.16014989549891387,0.6870322393262369,False,False,False,0,0,0,1,16512,40,noisy_sim,9,1,4128,0,0,1.0,4,4,2.328778311038733,3.1870114997896883,1.3651767826391832,2.443400028508602,4,0.12,1,qubit_wise_commuting,1,4128,4128.0,4128,4,0,10,6,qaoa_maxcut,5.511907497537505,0.09835271317829457,0.0016,0.0105,0.018,0.00336,0.022400000000000003,0.038400000000000004,0.00176,0.011900000000000003,0.020400000000000005,1.0,1.0,migrate,ibm_brisbane,0.03406000000000001
sha256:81d31c26eae1c796550885bbc9825a1ddccc9ccd847a321b61aef26d3e93adb5,fresh_rq4_9101_9108,fresh_evaluation,sigmetrics-rq4-fresh-operating-point-confirmation-v1,sha256:5750482173dcfa6f0132ad83b5b7c2198dd34d8873543e9e53f8d38420cff74c,sigmetrics-rq4-fresh-operating-point-confirmation-v1--3310be979f2044fe,9108,qaoa_maxcut,paper,noisy_sim,B5,4,2,high_change,sha256:81d31c26eae1c796550885bbc9825a1ddccc9ccd847a321b61aef26d3e93adb5-failure,sha256:12baa20a227d608587db781511444ba6bd1f7fd7e64e940d5263b37f49e3c099,sha256:2b6db34aacbffdb427c6a86493c0c97d7fa901154c9c190f56705a55a8d2a0ee,sha256:56ebe2ae23f982821e5cb20c223cf12264e80a93b5807dcea8a8ddb40107f761,sha256:6574fe7e1222c4d5ed78bb1a750dfc880c3efdb3e3ede7b5623805d24288804c,ibm_kyiv,ibm_kyiv,replay,replay:ibm_kyiv,ibm_kyiv,ibm_kyiv->ibm_kyiv,True,,1,1,8.0,1.0,controlled scenario descriptor,0.016,0.5333333333333333,derived recovery-time saved/current backend evidence,0,derived recovery-time saved/current backend identity,1,controlled scenario environment,0.55,0.18666666666666665,0.0,0.0,0.7366666666666667,True,True,cf-69de5e038e294a11b6fd,0.8162902293532799,0.1476691153535081,0.5842966197774004,False,False,False,0,0,0,1,16512,40,noisy_sim,9,1,4128,0,0,1.0,4,4,2.328778311038733,3.1870114997896883,1.3651767826391832,2.443400028508602,4,0.12,1,qubit_wise_commuting,1,4128,4128.0,4128,4,0,10,6,qaoa_maxcut,5.511907497537505,0.09835271317829457,0.0016,0.0105,0.018,0.00288,0.0189,0.0324,0.00128,0.0084,0.0144,1.0,1.0,replay,ibm_kyiv,0.024079999999999997
sha256:83e8ba9ea89b70895a9b78850140a7146a596127763554a7369aa49df1c2308b,fresh_rq4_9101_9108,fresh_evaluation,sigmetrics-rq4-fresh-operating-point-confirmation-v1,sha256:5750482173dcfa6f0132ad83b5b7c2198dd34d8873543e9e53f8d38420cff74c,sigmetrics-rq4-fresh-operating-point-confirmation-v1--fbaab2439fd38a9c,9106,h2_vqe,paper,noisy_sim,B5,4,2,safe_change,sha256:83e8ba9ea89b70895a9b78850140a7146a596127763554a7369aa49df1c2308b-failure,sha256:0b362a24ef398315698f0a0562efe41b0e4d46ca311128adb2345e614de6a34a,sha256:8aa9fd73acdbefb930184631c530ac1ad4750da95e7359345a133016be010a68,sha256:9c8d84160a37684a330c5e86489f096e08f5be515d75b7d3faace12218e4c75a,sha256:99ed8a83ffe5b88b09208f6b532b7d5d4522e117e30201380789f719d89a598e,ibm_kyiv,ibm_kyiv,replay,replay:ibm_kyiv,ibm_kyiv,ibm_kyiv->ibm_kyiv,True,,1,1,0.1,0.02,controlled scenario descriptor,0.00020000000000000017,0.006666666666666672,derived recovery-time saved/current backend evidence,0,derived recovery-time saved/current backend identity,1,controlled scenario environment,0.011000000000000001,0.0023333333333333353,0.0,0.0,0.013333333333333336,True,True,cf-411481685c6d1ec4a39c,0.0003145138871403219,0.003034448765708563,0.00035344929693929486,True,True,True,1,1,1,0,4992,104,noisy_sim,9,3,2976,4,0,0.42857142857142855,4,4,0.0479801452291162,0.33840187702173724,0.06618748969369903,0.2661413295653281,12,0.105,1,qubit_wise_commuting,7,8736,1248.0,1248,12,0,24,4,entangling_ry_rz_brickwork,1.2407241615540299,0.8125,0.0016,0.0105,0.018,0.001616,0.010605000000000002,0.018179999999999998,1.5999999999999955e-05,0.00010500000000000093,0.0001799999999999996,1.0,1.0,replay,ibm_kyiv,0.0003010000000000005
sha256:8d5d7cfc2da86c56e08e733e733941b9a3e922178c601b571c4c34629e7c84c6,fresh_rq4_9101_9108,fresh_evaluation,sigmetrics-rq4-fresh-operating-point-confirmation-v1,sha256:5750482173dcfa6f0132ad83b5b7c2198dd34d8873543e9e53f8d38420cff74c,sigmetrics-rq4-fresh-operating-point-confirmation-v1--ac7e3c8d27b70a41,9103,qaoa_maxcut,paper,noisy_sim,B5,4,2,cross_backend,sha256:8d5d7cfc2da86c56e08e733e733941b9a3e922178c601b571c4c34629e7c84c6-failure,sha256:7413e5e14858d53ce604fde4759b60b292baf6639da7bfbda12d129d57f948dc,sha256:3e961724e06d6d711a9338896a03f47484a702bab4903cdf8ef8771396da980d,sha256:b8c94dadcfefd358a0915470a4fcf21397130942d687be7c1144ae9b7636f1c6,sha256:aef1ea43483e2636c2772e5fc0be223ff91f7dc4499ddd956eb6d82474ac4042,ibm_kyiv,ibm_brisbane,migrate,migrate:ibm_brisbane,ibm_brisbane,ibm_kyiv->ibm_brisbane,True,,1,1,0.0,0.0,controlled scenario descriptor,0.007,0.23333333333333334,derived recovery-time saved/current backend evidence,1,derived recovery-time saved/current backend identity,1,controlled scenario environment,0.0,0.08166666666666667,0.1,0.0,0.18166666666666667,True,True,cf-a7a19b24d7c6cf119ae0,0.4173060051178741,0.17621220352085434,4.031853811009981,False,True,False,0,1,0,1,16640,40,noisy_sim,9,1,4160,0,0,1.0,4,4,1.7549355151576038,4.050392689580265,1.5478989741685625,3.457171876192127,4,0.12,1,qubit_wise_commuting,1,4160,4160.0,4160,4,0,10,6,qaoa_maxcut,5.58356178527452,0.11009615384615384,0.0016,0.0105,0.018,0.0021,0.014,0.024,0.0004999999999999998,0.0034999999999999996,0.006000000000000002,1.0,1.0,migrate,ibm_brisbane,0.010000000000000002
sha256:8d5d7cfc2da86c56e08e733e733941b9a3e922178c601b571c4c34629e7c84c6,fresh_rq4_9101_9108,fresh_evaluation,sigmetrics-rq4-fresh-operating-point-confirmation-v1,sha256:5750482173dcfa6f0132ad83b5b7c2198dd34d8873543e9e53f8d38420cff74c,sigmetrics-rq4-fresh-operating-point-confirmation-v1--ac7e3c8d27b70a41,9103,qaoa_maxcut,paper,noisy_sim,B5,4,2,cross_backend,sha256:8d5d7cfc2da86c56e08e733e733941b9a3e922178c601b571c4c34629e7c84c6-failure,sha256:7413e5e14858d53ce604fde4759b60b292baf6639da7bfbda12d129d57f948dc,sha256:3e961724e06d6d711a9338896a03f47484a702bab4903cdf8ef8771396da980d,sha256:b8c94dadcfefd358a0915470a4fcf21397130942d687be7c1144ae9b7636f1c6,sha256:aef1ea43483e2636c2772e5fc0be223ff91f7dc4499ddd956eb6d82474ac4042,ibm_kyiv,ibm_sherbrooke,migrate,migrate:ibm_sherbrooke,ibm_sherbrooke,ibm_kyiv->ibm_sherbrooke,True,,1,1,0.0,0.0,controlled scenario descriptor,0.0018999999999999998,0.06333333333333332,derived recovery-time saved/current backend evidence,1,derived recovery-time saved/current backend identity,1,controlled scenario environment,0.0,0.02216666666666666,0.1,0.0,0.12216666666666667,True,True,cf-9040b62a839270a7012d,0.09933671508041542,0.11170103325545072,1.5194867363797824,False,True,False,0,1,0,1,16640,40,noisy_sim,9,1,4160,0,0,1.0,4,4,1.7549355151576038,4.050392689580265,1.5478989741685625,3.457171876192127,4,0.12,1,qubit_wise_commuting,1,4160,4160.0,4160,4,0,10,6,qaoa_maxcut,5.58356178527452,0.11009615384615384,0.0016,0.0105,0.018,0.0012,0.0095,0.017,0.0004000000000000002,0.0010000000000000009,0.0009999999999999974,1.0,1.0,migrate,ibm_sherbrooke,0.0023999999999999985
sha256:8d5e4f7bc1c790c9a395c0b5bd97bd63762661d78334dbfaa9f7a70d0cd9c7e1,fresh_rq4_9101_9108,fresh_evaluation,sigmetrics-rq4-fresh-operating-point-confirmation-v1,sha256:5750482173dcfa6f0132ad83b5b7c2198dd34d8873543e9e53f8d38420cff74c,sigmetrics-rq4-fresh-operating-point-confirmation-v1--fe153ce6f8a97295,9101,qaoa_maxcut,paper,noisy_sim,B5,4,2,high_change,sha256:8d5e4f7bc1c790c9a395c0b5bd97bd63762661d78334dbfaa9f7a70d0cd9c7e1-failure,sha256:0c234b6ed8a49623078592ed813a0fb82d22d42f594eaf67b57643c8c30bb7b0,sha256:2b6db34aacbffdb427c6a86493c0c97d7fa901154c9c190f56705a55a8d2a0ee,sha256:56ebe2ae23f982821e5cb20c223cf12264e80a93b5807dcea8a8ddb40107f761,sha256:04b194fbb11b3efc59c18db36750e2b87c2215e759fed80536ce055d5338e1e9,ibm_kyiv,ibm_brisbane,migrate,migrate:ibm_brisbane,ibm_brisbane,ibm_kyiv->ibm_brisbane,True,,1,1,6.0,1.0,controlled scenario descriptor,0.023860000000000006,0.7953333333333336,derived recovery-time saved/current backend evidence,1,derived recovery-time saved/current backend identity,1,controlled scenario environment,0.55,0.2783666666666667,0.1,0.0,0.9283666666666667,True,True,cf-482a9b0a5b0d758a11e1,0.5346459449421967,0.22982645457540424,1.5560423796264764,False,False,False,0,0,0,1,16512,40,noisy_sim,9,1,4128,0,0,1.0,4,4,2.719555426467546,6.618026112914127,2.3944239958012363,5.7572370358974805,4,0.12,1,qubit_wise_commuting,1,4128,4128.0,4128,4,0,10,6,qaoa_maxcut,4.873993929984981,0.20397286821705427,0.0016,0.0105,0.018,0.00336,0.022400000000000003,0.038400000000000004,0.00176,0.011900000000000003,0.020400000000000005,1.0,1.0,migrate,ibm_brisbane,0.03406000000000001
sha256:8d5e4f7bc1c790c9a395c0b5bd97bd63762661d78334dbfaa9f7a70d0cd9c7e1,fresh_rq4_9101_9108,fresh_evaluation,sigmetrics-rq4-fresh-operating-point-confirmation-v1,sha256:5750482173dcfa6f0132ad83b5b7c2198dd34d8873543e9e53f8d38420cff74c,sigmetrics-rq4-fresh-operating-point-confirmation-v1--fe153ce6f8a97295,9101,qaoa_maxcut,paper,noisy_sim,B5,4,2,high_change,sha256:8d5e4f7bc1c790c9a395c0b5bd97bd63762661d78334dbfaa9f7a70d0cd9c7e1-failure,sha256:0c234b6ed8a49623078592ed813a0fb82d22d42f594eaf67b57643c8c30bb7b0,sha256:2b6db34aacbffdb427c6a86493c0c97d7fa901154c9c190f56705a55a8d2a0ee,sha256:56ebe2ae23f982821e5cb20c223cf12264e80a93b5807dcea8a8ddb40107f761,sha256:04b194fbb11b3efc59c18db36750e2b87c2215e759fed80536ce055d5338e1e9,ibm_kyiv,ibm_kyiv,replay,replay:ibm_kyiv,ibm_kyiv,ibm_kyiv->ibm_kyiv,True,,1,1,8.0,1.0,controlled scenario descriptor,0.016,0.5333333333333333,derived recovery-time saved/current backend evidence,0,derived recovery-time saved/current backend identity,1,controlled scenario environment,0.55,0.18666666666666665,0.0,0.0,0.7366666666666667,True,True,cf-e06b1745612fd2faed57,1.4443850841389656,0.34120430962120685,0.8907778966694995,False,False,False,0,0,0,1,16512,40,noisy_sim,9,1,4128,0,0,1.0,4,4,2.719555426467546,6.618026112914127,2.3944239958012363,5.7572370358974805,4,0.12,1,qubit_wise_commuting,1,4128,4128.0,4128,4,0,10,6,qaoa_maxcut,4.873993929984981,0.20397286821705427,0.0016,0.0105,0.018,0.00288,0.0189,0.0324,0.00128,0.0084,0.0144,1.0,1.0,replay,ibm_kyiv,0.024079999999999997
sha256:8e68f7047b399f40f436455e3c9d07b4bc627be8cd3047aacf8c5bae1fa550bf,fresh_rq4_9101_9108,fresh_evaluation,sigmetrics-rq4-fresh-operating-point-confirmation-v1,sha256:5750482173dcfa6f0132ad83b5b7c2198dd34d8873543e9e53f8d38420cff74c,sigmetrics-rq4-fresh-operating-point-confirmation-v1--89aeb2fda40a2e4c,9108,adapt_vqe,paper,noisy_sim,B5,4,2,cross_backend,sha256:8e68f7047b399f40f436455e3c9d07b4bc627be8cd3047aacf8c5bae1fa550bf-failure,sha256:80339e8c50ff7a7d5d593618752d173abaa251000451ca6d4bf978464b73ebf4,sha256:3e961724e06d6d711a9338896a03f47484a702bab4903cdf8ef8771396da980d,sha256:7edecfba009e2f47b53720d8e6f4764bc8af02de63117f2739ea2de44e4ab909,sha256:b7d76a24338e4730469cb003b642c10333803e6085d3deef46d0169f7ec2fb29,ibm_kyiv,ibm_brisbane,migrate,migrate:ibm_brisbane,ibm_brisbane,ibm_kyiv->ibm_brisbane,True,,1,1,0.0,0.0,controlled scenario descriptor,0.007,0.23333333333333334,derived recovery-time saved/current backend evidence,1,derived recovery-time saved/current backend identity,1,controlled scenario environment,0.0,0.08166666666666667,0.1,0.0,0.18166666666666667,True,True,cf-bc78afa49483561ab33e,0.001888232011864055,0.04731832020155844,0.0013697159576112595,False,False,False,0,0,0,1,4352,40,noisy_sim,9,4,3328,4,0,0.5,4,4,0.0024946228698015105,0.10254053273787991,0.0390251943773882,0.08846231405798359,4,0.08,1,qubit_wise_commuting,8,8704,1088.0,1088,4,4,40,5,adapt_pauli_pool,0.7897776233012392,0.8869485294117647,0.0016,0.0105,0.018,0.0021,0.014,0.024,0.0004999999999999998,0.0034999999999999996,0.006000000000000002,1.0,1.0,migrate,ibm_brisbane,0.010000000000000002
sha256:8e68f7047b399f40f436455e3c9d07b4bc627be8cd3047aacf8c5bae1fa550bf,fresh_rq4_9101_9108,fresh_evaluation,sigmetrics-rq4-fresh-operating-point-confirmation-v1,sha256:5750482173dcfa6f0132ad83b5b7c2198dd34d8873543e9e53f8d38420cff74c,sigmetrics-rq4-fresh-operating-point-confirmation-v1--89aeb2fda40a2e4c,9108,adapt_vqe,paper,noisy_sim,B5,4,2,cross_backend,sha256:8e68f7047b399f40f436455e3c9d07b4bc627be8cd3047aacf8c5bae1fa550bf-failure,sha256:80339e8c50ff7a7d5d593618752d173abaa251000451ca6d4bf978464b73ebf4,sha256:3e961724e06d6d711a9338896a03f47484a702bab4903cdf8ef8771396da980d,sha256:7edecfba009e2f47b53720d8e6f4764bc8af02de63117f2739ea2de44e4ab909,sha256:b7d76a24338e4730469cb003b642c10333803e6085d3deef46d0169f7ec2fb29,ibm_kyiv,ibm_sherbrooke,migrate,migrate:ibm_sherbrooke,ibm_sherbrooke,ibm_kyiv->ibm_sherbrooke,True,,1,1,0.0,0.0,controlled scenario descriptor,0.0018999999999999998,0.06333333333333332,derived recovery-time saved/current backend evidence,1,derived recovery-time saved/current backend identity,1,controlled scenario environment,0.0,0.02216666666666666,0.1,0.0,0.12216666666666667,True,True,cf-2f2736a67a11311c3b8e,0.0006748716218627493,0.031228693813880035,0.001096548968591608,False,False,False,0,0,0,1,4352,40,noisy_sim,9,4,3328,4,0,0.5,4,4,0.0024946228698015105,0.10254053273787991,0.0390251943773882,0.08846231405798359,4,0.08,1,qubit_wise_commuting,8,8704,1088.0,1088,4,4,40,5,adapt_pauli_pool,0.7897776233012392,0.8869485294117647,0.0016,0.0105,0.018,0.0012,0.0095,0.017,0.0004000000000000002,0.0010000000000000009,0.0009999999999999974,1.0,1.0,migrate,ibm_sherbrooke,0.0023999999999999985
sha256:8ec6adc53ade23f023e7742ee86ba07a118f78137f29bb6c32ccb3349460dc89,fresh_rq4_9101_9108,fresh_evaluation,sigmetrics-rq4-fresh-operating-point-confirmation-v1,sha256:5750482173dcfa6f0132ad83b5b7c2198dd34d8873543e9e53f8d38420cff74c,sigmetrics-rq4-fresh-operating-point-confirmation-v1--abbd76ae1a769e14,9107,adapt_vqe,paper,noisy_sim,B5,4,2,same_backend_delay,sha256:8ec6adc53ade23f023e7742ee86ba07a118f78137f29bb6c32ccb3349460dc89-failure,sha256:ccbcadd218beab72aa3add58bd8a681ae9db190b63d0f082ba0c97825feb6377,sha256:2b5d5606b48121c83beae64c1c7cabbafc8d4853980e515ebdce93987de444de,sha256:b1849732b79eb5177de398eb4028fec64844d14f5dcc9d49fd46e4a775bfc005,sha256:11d6ed6f18cac212d3e9ee1661668f041f3f6f8117f072eb9391722d4ecf2cd6,ibm_kyiv,ibm_sherbrooke,migrate,migrate:ibm_sherbrooke,ibm_sherbrooke,ibm_kyiv->ibm_sherbrooke,True,,1,1,0.0,0.0,controlled scenario descriptor,0.0018999999999999998,0.06333333333333332,derived recovery-time saved/current backend evidence,1,derived recovery-time saved/current backend identity,1,controlled scenario environment,0.0,0.02216666666666666,0.1,0.0,0.12216666666666667,True,True,cf-a489c9bd2e971205af82,0.0006839393300301921,0.010836121367624178,0.0010166513775280944,False,False,False,0,0,0,1,4352,40,noisy_sim,9,4,3328,4,0,0.5,4,4,0.0031646227206829636,0.11737308013427579,0.04139339926336009,0.11111605309386263,4,0.08,1,qubit_wise_commuting,8,8704,1088.0,1088,4,4,40,5,adapt_pauli_pool,0.7464007466761748,0.8970588235294118,0.0016,0.0105,0.018,0.0012,0.0095,0.017,0.0004000000000000002,0.0010000000000000009,0.0009999999999999974,1.0,1.0,migrate,ibm_sherbrooke,0.0023999999999999985
sha256:8ec6adc53ade23f023e7742ee86ba07a118f78137f29bb6c32ccb3349460dc89,fresh_rq4_9101_9108,fresh_evaluation,sigmetrics-rq4-fresh-operating-point-confirmation-v1,sha256:5750482173dcfa6f0132ad83b5b7c2198dd34d8873543e9e53f8d38420cff74c,sigmetrics-rq4-fresh-operating-point-confirmation-v1--abbd76ae1a769e14,9107,adapt_vqe,paper,noisy_sim,B5,4,2,same_backend_delay,sha256:8ec6adc53ade23f023e7742ee86ba07a118f78137f29bb6c32ccb3349460dc89-failure,sha256:ccbcadd218beab72aa3add58bd8a681ae9db190b63d0f082ba0c97825feb6377,sha256:2b5d5606b48121c83beae64c1c7cabbafc8d4853980e515ebdce93987de444de,sha256:b1849732b79eb5177de398eb4028fec64844d14f5dcc9d49fd46e4a775bfc005,sha256:11d6ed6f18cac212d3e9ee1661668f041f3f6f8117f072eb9391722d4ecf2cd6,ibm_kyiv,ibm_kyiv,replay,replay:ibm_kyiv,ibm_kyiv,ibm_kyiv->ibm_kyiv,True,,1,1,4.0,0.8,controlled scenario descriptor,0.007999999999999998,0.2666666666666666,derived recovery-time saved/current backend evidence,0,derived recovery-time saved/current backend identity,1,controlled scenario environment,0.44000000000000006,0.09333333333333331,0.0,0.0,0.5333333333333333,True,True,cf-aa15d10876cd36176bcb,0.0023257669165337447,0.04818913873452379,0.0016252179032266543,False,False,False,0,0,0,1,4352,40,noisy_sim,9,4,3328,4,0,0.5,4,4,0.0031646227206829636,0.11737308013427579,0.04139339926336009,0.11111605309386263,4,0.08,1,qubit_wise_commuting,8,8704,1088.0,1088,4,4,40,5,adapt_pauli_pool,0.7464007466761748,0.8970588235294118,0.0016,0.0105,0.018,0.00224,0.0147,0.025199999999999997,0.0006399999999999997,0.004199999999999999,0.007199999999999998,1.0,1.0,replay,ibm_kyiv,0.012039999999999997
sha256:8f2e19ad0439d288d83019f984a5509c1df7e86429c166248554e851621551a9,fresh_rq4_9101_9108,fresh_evaluation,sigmetrics-rq4-fresh-operating-point-confirmation-v1,sha256:5750482173dcfa6f0132ad83b5b7c2198dd34d8873543e9e53f8d38420cff74c,sigmetrics-rq4-fresh-operating-point-confirmation-v1--8d28ef8cd8f82e87,9108,lih_vqe,paper,noisy_sim,B5,4,2,same_backend_delay,sha256:8f2e19ad0439d288d83019f984a5509c1df7e86429c166248554e851621551a9-failure,sha256:5b4a3d36e74ff6cc3f8c1f481af9cb3ede1e27773ff111f6134fbe9ce44c2bb8,sha256:2b5d5606b48121c83beae64c1c7cabbafc8d4853980e515ebdce93987de444de,sha256:a34acccbf511b108775b8e967e3b18427ed7ef8b4253f5317c30df5592c85ab5,sha256:17349b83b3d4f15ebe2561fb9c85e0a9e29ba10d380f01d22eb3345d4592675d,ibm_kyiv,ibm_sherbrooke,migrate,migrate:ibm_sherbrooke,ibm_sherbrooke,ibm_kyiv->ibm_sherbrooke,True,,1,1,0.0,0.0,controlled scenario descriptor,0.0018999999999999998,0.06333333333333332,derived recovery-time saved/current backend evidence,1,derived recovery-time saved/current backend identity,1,controlled scenario environment,0.0,0.02216666666666666,0.1,0.0,0.12216666666666667,True,True,cf-dfc346def1f8ebc2cbaf,0.0010973995032381723,0.010807261757737595,0.009553906216241265,False,False,False,0,0,0,1,6144,168,noisy_sim,9,4,5120,4,0,0.5,4,4,0.09772283851014762,0.6642564645069408,0.08512609107772641,0.37808754946041156,20,0.085,1,qubit_wise_commuting,8,12288,1536.0,1536,20,0,40,5,entangling_ry_rz_brickwork,1.795901052367759,0.705078125,0.0016,0.0105,0.018,0.0012,0.0095,0.017,0.0004000000000000002,0.0010000000000000009,0.0009999999999999974,1.0,1.0,migrate,ibm_sherbrooke,0.0023999999999999985
sha256:8f2e19ad0439d288d83019f984a5509c1df7e86429c166248554e851621551a9,fresh_rq4_9101_9108,fresh_evaluation,sigmetrics-rq4-fresh-operating-point-confirmation-v1,sha256:5750482173dcfa6f0132ad83b5b7c2198dd34d8873543e9e53f8d38420cff74c,sigmetrics-rq4-fresh-operating-point-confirmation-v1--8d28ef8cd8f82e87,9108,lih_vqe,paper,noisy_sim,B5,4,2,same_backend_delay,sha256:8f2e19ad0439d288d83019f984a5509c1df7e86429c166248554e851621551a9-failure,sha256:5b4a3d36e74ff6cc3f8c1f481af9cb3ede1e27773ff111f6134fbe9ce44c2bb8,sha256:2b5d5606b48121c83beae64c1c7cabbafc8d4853980e515ebdce93987de444de,sha256:a34acccbf511b108775b8e967e3b18427ed7ef8b4253f5317c30df5592c85ab5,sha256:17349b83b3d4f15ebe2561fb9c85e0a9e29ba10d380f01d22eb3345d4592675d,ibm_kyiv,ibm_kyiv,replay,replay:ibm_kyiv,ibm_kyiv,ibm_kyiv->ibm_kyiv,True,,1,1,4.0,0.8,controlled scenario descriptor,0.007999999999999998,0.2666666666666666,derived recovery-time saved/current backend evidence,0,derived recovery-time saved/current backend identity,1,controlled scenario environment,0.44000000000000006,0.09333333333333331,0.0,0.0,0.5333333333333333,True,True,cf-7c035051a951f88cff65,0.0024413702023826644,0.06842584844967937,0.02544949260139777,False,False,False,0,0,0,1,6144,168,noisy_sim,9,4,5120,4,0,0.5,4,4,0.09772283851014762,0.6642564645069408,0.08512609107772641,0.37808754946041156,20,0.085,1,qubit_wise_commuting,8,12288,1536.0,1536,20,0,40,5,entangling_ry_rz_brickwork,1.795901052367759,0.705078125,0.0016,0.0105,0.018,0.00224,0.0147,0.025199999999999997,0.0006399999999999997,0.004199999999999999,0.007199999999999998,1.0,1.0,replay,ibm_kyiv,0.012039999999999997
sha256:8f5ae1ffa087ee40b6b389e2af8a192021067300c2ccd3af2c8fcd05b8c485ae,fresh_rq4_9101_9108,fresh_evaluation,sigmetrics-rq4-fresh-operating-point-confirmation-v1,sha256:5750482173dcfa6f0132ad83b5b7c2198dd34d8873543e9e53f8d38420cff74c,sigmetrics-rq4-fresh-operating-point-confirmation-v1--11b284fb7e06a514,9101,lih_vqe,paper,noisy_sim,B5,4,2,safe_change,sha256:8f5ae1ffa087ee40b6b389e2af8a192021067300c2ccd3af2c8fcd05b8c485ae-failure,sha256:74f74340d1d1aa753503fb1f05d4e37b519cd1b4195af6eac03c56227efab51c,sha256:8aa9fd73acdbefb930184631c530ac1ad4750da95e7359345a133016be010a68,sha256:f153a653cabcc0d3e38fb1af8137fb44b49a89a01ef79eb6e01d15143d6b4d75,sha256:5c5e10094c9f1b8e7fef32c0b60caea3af35ad132f50cea9e4d49bc90345cc83,ibm_kyiv,ibm_kyiv,replay,replay:ibm_kyiv,ibm_kyiv,ibm_kyiv->ibm_kyiv,True,,1,1,0.1,0.02,controlled scenario descriptor,0.00020000000000000017,0.006666666666666672,derived recovery-time saved/current backend evidence,0,derived recovery-time saved/current backend identity,1,controlled scenario environment,0.011000000000000001,0.0023333333333333353,0.0,0.0,0.013333333333333336,True,True,cf-51d413cbac6cd44c6888,8.359261479284896e-05,0.0023658885141699254,0.0006998563286886544,True,True,True,1,1,1,0,5504,168,noisy_sim,9,4,4480,4,0,0.5,4,4,0.08602255333268882,0.6032143870535518,0.07350966301429977,0.40486451730226136,20,0.085,1,qubit_wise_commuting,8,11008,1376.0,1376,20,0,40,5,entangling_ry_rz_brickwork,1.6637101183741292,0.7579941860465116,0.0016,0.0105,0.018,0.001616,0.010605000000000002,0.018179999999999998,1.5999999999999955e-05,0.00010500000000000093,0.0001799999999999996,1.0,1.0,replay,ibm_kyiv,0.0003010000000000005
sha256:9164a9a933fa2d5d764c8a76211472a7f22e3c9b8abcd92408754beaab4e56e0,fresh_rq4_9101_9108,fresh_evaluation,sigmetrics-rq4-fresh-operating-point-confirmation-v1,sha256:5750482173dcfa6f0132ad83b5b7c2198dd34d8873543e9e53f8d38420cff74c,sigmetrics-rq4-fresh-operating-point-confirmation-v1--d3b8ba1d950fbd63,9104,lih_vqe,paper,noisy_sim,B5,4,2,cross_backend,sha256:9164a9a933fa2d5d764c8a76211472a7f22e3c9b8abcd92408754beaab4e56e0-failure,sha256:ef2becf2a65ed2ea716a6be7f0e71984586034e821d6d2ffc673b7b4bb20d2bd,sha256:3e961724e06d6d711a9338896a03f47484a702bab4903cdf8ef8771396da980d,sha256:90a6fc287341ee3482d2a787f7389b00e56a0ec391204063de2bd98be7b5816e,sha256:c64cebc7d34d8ad20d9be5133eae6569a39caad0fdda4a2427bf6762320461bc,ibm_kyiv,ibm_brisbane,migrate,migrate:ibm_brisbane,ibm_brisbane,ibm_kyiv->ibm_brisbane,True,,1,1,0.0,0.0,controlled scenario descriptor,0.007,0.23333333333333334,derived recovery-time saved/current backend evidence,1,derived recovery-time saved/current backend identity,1,controlled scenario environment,0.0,0.08166666666666667,0.1,0.0,0.18166666666666667,True,True,cf-4b95136de923a986fe70,0.0008738043418299313,0.08581090693577054,0.022074607558683505,False,False,False,0,0,0,1,5504,168,noisy_sim,9,4,4480,4,0,0.5,4,4,0.07610540989815462,0.5674168609477956,0.077493222310423,0.3651362386803451,20,0.085,1,qubit_wise_commuting,8,11008,1376.0,1376,20,0,40,5,entangling_ry_rz_brickwork,1.688667930604259,0.752906976744186,0.0016,0.0105,0.018,0.0021,0.014,0.024,0.0004999999999999998,0.0034999999999999996,0.006000000000000002,1.0,1.0,migrate,ibm_brisbane,0.010000000000000002
sha256:9164a9a933fa2d5d764c8a76211472a7f22e3c9b8abcd92408754beaab4e56e0,fresh_rq4_9101_9108,fresh_evaluation,sigmetrics-rq4-fresh-operating-point-confirmation-v1,sha256:5750482173dcfa6f0132ad83b5b7c2198dd34d8873543e9e53f8d38420cff74c,sigmetrics-rq4-fresh-operating-point-confirmation-v1--d3b8ba1d950fbd63,9104,lih_vqe,paper,noisy_sim,B5,4,2,cross_backend,sha256:9164a9a933fa2d5d764c8a76211472a7f22e3c9b8abcd92408754beaab4e56e0-failure,sha256:ef2becf2a65ed2ea716a6be7f0e71984586034e821d6d2ffc673b7b4bb20d2bd,sha256:3e961724e06d6d711a9338896a03f47484a702bab4903cdf8ef8771396da980d,sha256:90a6fc287341ee3482d2a787f7389b00e56a0ec391204063de2bd98be7b5816e,sha256:c64cebc7d34d8ad20d9be5133eae6569a39caad0fdda4a2427bf6762320461bc,ibm_kyiv,ibm_sherbrooke,migrate,migrate:ibm_sherbrooke,ibm_sherbrooke,ibm_kyiv->ibm_sherbrooke,True,,1,1,0.0,0.0,controlled scenario descriptor,0.0018999999999999998,0.06333333333333332,derived recovery-time saved/current backend evidence,1,derived recovery-time saved/current backend identity,1,controlled scenario environment,0.0,0.02216666666666666,0.1,0.0,0.12216666666666667,True,True,cf-2b59e26fccd1237838c1,0.0005084021905430447,0.02397826829604618,0.009972783284666583,False,False,False,0,0,0,1,5504,168,noisy_sim,9,4,4480,4,0,0.5,4,4,0.07610540989815462,0.5674168609477956,0.077493222310423,0.3651362386803451,20,0.085,1,qubit_wise_commuting,8,11008,1376.0,1376,20,0,40,5,entangling_ry_rz_brickwork,1.688667930604259,0.752906976744186,0.0016,0.0105,0.018,0.0012,0.0095,0.017,0.0004000000000000002,0.0010000000000000009,0.0009999999999999974,1.0,1.0,migrate,ibm_sherbrooke,0.0023999999999999985
sha256:970096c0afcc01aa737b955f42a956a8b6410d04e4aee6971794a434e3f826c9,fresh_rq4_9101_9108,fresh_evaluation,sigmetrics-rq4-fresh-operating-point-confirmation-v1,sha256:5750482173dcfa6f0132ad83b5b7c2198dd34d8873543e9e53f8d38420cff74c,sigmetrics-rq4-fresh-operating-point-confirmation-v1--411216746e450456,9104,adapt_vqe,paper,noisy_sim,B5,4,2,cross_backend,sha256:970096c0afcc01aa737b955f42a956a8b6410d04e4aee6971794a434e3f826c9-failure,sha256:a761ecad2dd49b502847909cab813d1a2c8ab15fee92c3aa5531ea8c62703aa1,sha256:3e961724e06d6d711a9338896a03f47484a702bab4903cdf8ef8771396da980d,sha256:7edecfba009e2f47b53720d8e6f4764bc8af02de63117f2739ea2de44e4ab909,sha256:763eb5b45900f91fa1f2c3b24679882bbd16f2c6a6d575e342755e84ccc06615,ibm_kyiv,ibm_brisbane,migrate,migrate:ibm_brisbane,ibm_brisbane,ibm_kyiv->ibm_brisbane,True,,1,1,0.0,0.0,controlled scenario descriptor,0.007,0.23333333333333334,derived recovery-time saved/current backend evidence,1,derived recovery-time saved/current backend identity,1,controlled scenario environment,0.0,0.08166666666666667,0.1,0.0,0.18166666666666667,True,True,cf-5a69362091276a70cb10,0.0018841538826883664,0.03455064247821009,0.0013316595913423544,False,False,False,0,0,0,1,4352,40,noisy_sim,9,4,3328,4,0,0.5,4,4,0.000976828504457572,0.06543245727204355,0.0318251164881452,0.03736167998676068,4,0.08,1,qubit_wise_commuting,8,8704,1088.0,1088,4,4,40,5,adapt_pauli_pool,0.6634617539535163,0.9080882352941176,0.0016,0.0105,0.018,0.0021,0.014,0.024,0.0004999999999999998,0.0034999999999999996,0.006000000000000002,1.0,1.0,migrate,ibm_brisbane,0.010000000000000002
sha256:970096c0afcc01aa737b955f42a956a8b6410d04e4aee6971794a434e3f826c9,fresh_rq4_9101_9108,fresh_evaluation,sigmetrics-rq4-fresh-operating-point-confirmation-v1,sha256:5750482173dcfa6f0132ad83b5b7c2198dd34d8873543e9e53f8d38420cff74c,sigmetrics-rq4-fresh-operating-point-confirmation-v1--411216746e450456,9104,adapt_vqe,paper,noisy_sim,B5,4,2,cross_backend,sha256:970096c0afcc01aa737b955f42a956a8b6410d04e4aee6971794a434e3f826c9-failure,sha256:a761ecad2dd49b502847909cab813d1a2c8ab15fee92c3aa5531ea8c62703aa1,sha256:3e961724e06d6d711a9338896a03f47484a702bab4903cdf8ef8771396da980d,sha256:7edecfba009e2f47b53720d8e6f4764bc8af02de63117f2739ea2de44e4ab909,sha256:763eb5b45900f91fa1f2c3b24679882bbd16f2c6a6d575e342755e84ccc06615,ibm_kyiv,ibm_sherbrooke,migrate,migrate:ibm_sherbrooke,ibm_sherbrooke,ibm_kyiv->ibm_sherbrooke,True,,1,1,0.0,0.0,controlled scenario descriptor,0.0018999999999999998,0.06333333333333332,derived recovery-time saved/current backend evidence,1,derived recovery-time saved/current backend identity,1,controlled scenario environment,0.0,0.02216666666666666,0.1,0.0,0.12216666666666667,True,True,cf-d17a1546ec5bd0e8ab2d,0.0006716097519285924,0.022542577135256495,0.0010660200366198788,False,False,False,0,0,0,1,4352,40,noisy_sim,9,4,3328,4,0,0.5,4,4,0.000976828504457572,0.06543245727204355,0.0318251164881452,0.03736167998676068,4,0.08,1,qubit_wise_commuting,8,8704,1088.0,1088,4,4,40,5,adapt_pauli_pool,0.6634617539535163,0.9080882352941176,0.0016,0.0105,0.018,0.0012,0.0095,0.017,0.0004000000000000002,0.0010000000000000009,0.0009999999999999974,1.0,1.0,migrate,ibm_sherbrooke,0.0023999999999999985
sha256:97798eeb44164107d8fba019c0a157d2fbc9c148a1dfd976b3ebae7ed354f5f6,fresh_rq4_9101_9108,fresh_evaluation,sigmetrics-rq4-fresh-operating-point-confirmation-v1,sha256:5750482173dcfa6f0132ad83b5b7c2198dd34d8873543e9e53f8d38420cff74c,sigmetrics-rq4-fresh-operating-point-confirmation-v1--fb98108d3c547698,9101,lih_vqe,paper,noisy_sim,B5,4,2,no_change,sha256:97798eeb44164107d8fba019c0a157d2fbc9c148a1dfd976b3ebae7ed354f5f6-failure,sha256:74f74340d1d1aa753503fb1f05d4e37b519cd1b4195af6eac03c56227efab51c,sha256:0e7343b47d003afe2860e33d67399c12f7ed84b7f18c3a5e0d48aae47fda9990,sha256:c47932d509f62acb75888b4e18d00ff3fb54f3468768cff7bf362cbd2dcdb2a5,sha256:22d015d7b5037a4d81d1b723791ea370b9da638dcc1e7b9372c565b9738dae61,ibm_kyiv,ibm_kyiv,replay,replay:ibm_kyiv,ibm_kyiv,ibm_kyiv->ibm_kyiv,True,,1,1,0.0,0.0,controlled scenario descriptor,0.0,0.0,derived recovery-time saved/current backend evidence,0,derived recovery-time saved/current backend identity,1,controlled scenario environment,0.0,0.0,0.0,0.0,0.0,True,True,cf-da984e7d4976af63b81d,0.0,0.0,0.0,True,True,True,1,1,1,0,5504,168,noisy_sim,9,4,4480,4,0,0.5,4,4,0.08602255333268882,0.6032143870535518,0.07350966301429977,0.40486451730226136,20,0.085,1,qubit_wise_commuting,8,11008,1376.0,1376,20,0,40,5,entangling_ry_rz_brickwork,1.6637101183741292,0.7579941860465116,0.0016,0.0105,0.018,0.0016,0.0105,0.018,0.0,0.0,0.0,1.0,1.0,replay,ibm_kyiv,0.0
sha256:995744d150dc026f31aa2e50bd304fa21ab76613a8e1a9825b2041527fdcb168,fresh_rq4_9101_9108,fresh_evaluation,sigmetrics-rq4-fresh-operating-point-confirmation-v1,sha256:5750482173dcfa6f0132ad83b5b7c2198dd34d8873543e9e53f8d38420cff74c,sigmetrics-rq4-fresh-operating-point-confirmation-v1--9f66daddff56347f,9105,lih_vqe,paper,noisy_sim,B5,4,2,same_backend_delay,sha256:995744d150dc026f31aa2e50bd304fa21ab76613a8e1a9825b2041527fdcb168-failure,sha256:2d4248f442689674fe2824aef8ce838c02701ff54e669abd824915a24d4ffd5d,sha256:2b5d5606b48121c83beae64c1c7cabbafc8d4853980e515ebdce93987de444de,sha256:a34acccbf511b108775b8e967e3b18427ed7ef8b4253f5317c30df5592c85ab5,sha256:ab8613a33984844716065ed4ea04a973574d7fc7ddcf868cde88c9be274a5461,ibm_kyiv,ibm_sherbrooke,migrate,migrate:ibm_sherbrooke,ibm_sherbrooke,ibm_kyiv->ibm_sherbrooke,True,,1,1,0.0,0.0,controlled scenario descriptor,0.0018999999999999998,0.06333333333333332,derived recovery-time saved/current backend evidence,1,derived recovery-time saved/current backend identity,1,controlled scenario environment,0.0,0.02216666666666666,0.1,0.0,0.12216666666666667,True,True,cf-272b907ed352c458c1ae,0.004021290536242006,0.01424701538583688,0.009681958286225438,False,False,False,0,0,0,1,6144,168,noisy_sim,9,4,5120,4,0,0.5,4,4,0.11471902441756665,0.6491670162460322,0.07923124690532371,0.42670244355446213,20,0.085,1,qubit_wise_commuting,8,12288,1536.0,1536,20,0,40,5,entangling_ry_rz_brickwork,2.228741510895825,0.6497395833333334,0.0016,0.0105,0.018,0.0012,0.0095,0.017,0.0004000000000000002,0.0010000000000000009,0.0009999999999999974,1.0,1.0,migrate,ibm_sherbrooke,0.0023999999999999985
sha256:995744d150dc026f31aa2e50bd304fa21ab76613a8e1a9825b2041527fdcb168,fresh_rq4_9101_9108,fresh_evaluation,sigmetrics-rq4-fresh-operating-point-confirmation-v1,sha256:5750482173dcfa6f0132ad83b5b7c2198dd34d8873543e9e53f8d38420cff74c,sigmetrics-rq4-fresh-operating-point-confirmation-v1--9f66daddff56347f,9105,lih_vqe,paper,noisy_sim,B5,4,2,same_backend_delay,sha256:995744d150dc026f31aa2e50bd304fa21ab76613a8e1a9825b2041527fdcb168-failure,sha256:2d4248f442689674fe2824aef8ce838c02701ff54e669abd824915a24d4ffd5d,sha256:2b5d5606b48121c83beae64c1c7cabbafc8d4853980e515ebdce93987de444de,sha256:a34acccbf511b108775b8e967e3b18427ed7ef8b4253f5317c30df5592c85ab5,sha256:ab8613a33984844716065ed4ea04a973574d7fc7ddcf868cde88c9be274a5461,ibm_kyiv,ibm_kyiv,replay,replay:ibm_kyiv,ibm_kyiv,ibm_kyiv->ibm_kyiv,True,,1,1,4.0,0.8,controlled scenario descriptor,0.007999999999999998,0.2666666666666666,derived recovery-time saved/current backend evidence,0,derived recovery-time saved/current backend identity,1,controlled scenario environment,0.44000000000000006,0.09333333333333331,0.0,0.0,0.5333333333333333,True,True,cf-287157c15341fd09f279,0.0105406189249031,0.05914736426885594,0.025804288656963287,False,False,False,0,0,0,1,6144,168,noisy_sim,9,4,5120,4,0,0.5,4,4,0.11471902441756665,0.6491670162460322,0.07923124690532371,0.42670244355446213,20,0.085,1,qubit_wise_commuting,8,12288,1536.0,1536,20,0,40,5,entangling_ry_rz_brickwork,2.228741510895825,0.6497395833333334,0.0016,0.0105,0.018,0.00224,0.0147,0.025199999999999997,0.0006399999999999997,0.004199999999999999,0.007199999999999998,1.0,1.0,replay,ibm_kyiv,0.012039999999999997
sha256:9c4535ec7b9dad7d71e22b27650395330c9a5fc395d46586738e25c660818488,fresh_rq4_9101_9108,fresh_evaluation,sigmetrics-rq4-fresh-operating-point-confirmation-v1,sha256:5750482173dcfa6f0132ad83b5b7c2198dd34d8873543e9e53f8d38420cff74c,sigmetrics-rq4-fresh-operating-point-confirmation-v1--1e434028a72524b7,9107,adapt_vqe,paper,noisy_sim,B5,4,2,no_change,sha256:9c4535ec7b9dad7d71e22b27650395330c9a5fc395d46586738e25c660818488-failure,sha256:ccbcadd218beab72aa3add58bd8a681ae9db190b63d0f082ba0c97825feb6377,sha256:0e7343b47d003afe2860e33d67399c12f7ed84b7f18c3a5e0d48aae47fda9990,sha256:f84c41da86b339797e4a2ad44884a5ee22cc0b13456bb2ab135e5104d41cdbb8,sha256:f85d086018772f2abb9c78060149f7d7558477184e90760af7f2611d0eceb6ca,ibm_kyiv,ibm_kyiv,replay,replay:ibm_kyiv,ibm_kyiv,ibm_kyiv->ibm_kyiv,True,,1,1,0.0,0.0,controlled scenario descriptor,0.0,0.0,derived recovery-time saved/current backend evidence,0,derived recovery-time saved/current backend identity,1,controlled scenario environment,0.0,0.0,0.0,0.0,0.0,True,True,cf-0461644f26d892aa3f7c,0.0,0.0,0.0,True,True,True,1,1,1,0,4352,40,noisy_sim,9,4,3328,4,0,0.5,4,4,0.0031646227206829636,0.11737308013427579,0.04139339926336009,0.11111605309386263,4,0.08,1,qubit_wise_commuting,8,8704,1088.0,1088,4,4,40,5,adapt_pauli_pool,0.7464007466761748,0.8970588235294118,0.0016,0.0105,0.018,0.0016,0.0105,0.018,0.0,0.0,0.0,1.0,1.0,replay,ibm_kyiv,0.0
sha256:9cfd23961399e3114957a60918b451707a135c936408d9827cb1413b192a93ff,fresh_rq4_9101_9108,fresh_evaluation,sigmetrics-rq4-fresh-operating-point-confirmation-v1,sha256:5750482173dcfa6f0132ad83b5b7c2198dd34d8873543e9e53f8d38420cff74c,sigmetrics-rq4-fresh-operating-point-confirmation-v1--416412115bf508e3,9104,lih_vqe,paper,noisy_sim,B5,4,2,no_change,sha256:9cfd23961399e3114957a60918b451707a135c936408d9827cb1413b192a93ff-failure,sha256:ef2becf2a65ed2ea716a6be7f0e71984586034e821d6d2ffc673b7b4bb20d2bd,sha256:0e7343b47d003afe2860e33d67399c12f7ed84b7f18c3a5e0d48aae47fda9990,sha256:c47932d509f62acb75888b4e18d00ff3fb54f3468768cff7bf362cbd2dcdb2a5,sha256:5293fdc039e6451afe815adce75c275762b4c52afbdf970e1ee2cd78d487e690,ibm_kyiv,ibm_kyiv,replay,replay:ibm_kyiv,ibm_kyiv,ibm_kyiv->ibm_kyiv,True,,1,1,0.0,0.0,controlled scenario descriptor,0.0,0.0,derived recovery-time saved/current backend evidence,0,derived recovery-time saved/current backend identity,1,controlled scenario environment,0.0,0.0,0.0,0.0,0.0,True,True,cf-3b23539b61358fcbb7bc,0.0,0.0,0.0,True,True,True,1,1,1,0,5504,168,noisy_sim,9,4,4480,4,0,0.5,4,4,0.07610540989815462,0.5674168609477956,0.077493222310423,0.3651362386803451,20,0.085,1,qubit_wise_commuting,8,11008,1376.0,1376,20,0,40,5,entangling_ry_rz_brickwork,1.688667930604259,0.752906976744186,0.0016,0.0105,0.018,0.0016,0.0105,0.018,0.0,0.0,0.0,1.0,1.0,replay,ibm_kyiv,0.0
sha256:9e3f512c8decb8f15804861a407c79c8d454926209e027e54df192ca5b52d383,fresh_rq4_9101_9108,fresh_evaluation,sigmetrics-rq4-fresh-operating-point-confirmation-v1,sha256:5750482173dcfa6f0132ad83b5b7c2198dd34d8873543e9e53f8d38420cff74c,sigmetrics-rq4-fresh-operating-point-confirmation-v1--8c5ba945826632e0,9106,qaoa_maxcut,paper,noisy_sim,B5,4,2,no_change,sha256:9e3f512c8decb8f15804861a407c79c8d454926209e027e54df192ca5b52d383-failure,sha256:4b13dc787b6dcec40406bfe6cbf08d6868f725edc13de933d65c8b41b007ecf4,sha256:0e7343b47d003afe2860e33d67399c12f7ed84b7f18c3a5e0d48aae47fda9990,sha256:beaa270a390816fadd39bf6e4cf2cb1d92f7bf84678ac415bf7f191142ad2044,sha256:d035be65430ff66a3921cfd2f5201045e1f41152503f0f089ea6aafbbb1f9e45,ibm_kyiv,ibm_kyiv,replay,replay:ibm_kyiv,ibm_kyiv,ibm_kyiv->ibm_kyiv,True,,1,1,0.0,0.0,controlled scenario descriptor,0.0,0.0,derived recovery-time saved/current backend evidence,0,derived recovery-time saved/current backend identity,1,controlled scenario environment,0.0,0.0,0.0,0.0,0.0,True,True,cf-561c83b253f30254d9f8,0.0,0.0,0.0,True,True,True,1,1,1,0,16384,40,noisy_sim,9,1,4096,0,0,1.0,4,4,-0.09918899322874886,5.776992671926344,2.0298838993852986,5.440245559664102,4,0.12,1,qubit_wise_commuting,1,4096,4096.0,4096,4,0,10,6,qaoa_maxcut,5.2531010300483505,0.116943359375,0.0016,0.0105,0.018,0.0016,0.0105,0.018,0.0,0.0,0.0,1.0,1.0,replay,ibm_kyiv,0.0
sha256:a1820c2702f211a7f193cebbb2e530c856229e394217cc81092733943f3f5ea5,fresh_rq4_9101_9108,fresh_evaluation,sigmetrics-rq4-fresh-operating-point-confirmation-v1,sha256:5750482173dcfa6f0132ad83b5b7c2198dd34d8873543e9e53f8d38420cff74c,sigmetrics-rq4-fresh-operating-point-confirmation-v1--f65a287b828aff59,9102,h2_vqe,paper,noisy_sim,B5,4,2,no_change,sha256:a1820c2702f211a7f193cebbb2e530c856229e394217cc81092733943f3f5ea5-failure,sha256:68e7b86ca90be47327d692e63bd1dc918069a90ea501869a6dc007002578ba65,sha256:0e7343b47d003afe2860e33d67399c12f7ed84b7f18c3a5e0d48aae47fda9990,sha256:baa92c31b0f189ce526289e61ce9d7b1d153d2320fb0caa5de4cb9d39f4d0b0e,sha256:56fed37f70c8d8de114a21926c2ee05123844c1b0d333657ecec41b2025824ef,ibm_kyiv,ibm_kyiv,replay,replay:ibm_kyiv,ibm_kyiv,ibm_kyiv->ibm_kyiv,True,,1,1,0.0,0.0,controlled scenario descriptor,0.0,0.0,derived recovery-time saved/current backend evidence,0,derived recovery-time saved/current backend identity,1,controlled scenario environment,0.0,0.0,0.0,0.0,0.0,True,True,cf-15bedfca747ad9cc5dd5,0.0,0.0,0.0,True,True,True,1,1,1,0,4992,104,noisy_sim,9,3,2976,4,0,0.42857142857142855,4,4,0.07565561814762378,0.4171411824605734,0.07618892284257754,0.3378772338925461,12,0.105,1,qubit_wise_commuting,7,8736,1248.0,1248,12,0,24,4,entangling_ry_rz_brickwork,1.1134068816503246,0.8381410256410257,0.0016,0.0105,0.018,0.0016,0.0105,0.018,0.0,0.0,0.0,1.0,1.0,replay,ibm_kyiv,0.0
sha256:a3f0ac2043ad1b3371c759714ea5bef7f583dd2728d29d306496391d8001a391,fresh_rq4_9101_9108,fresh_evaluation,sigmetrics-rq4-fresh-operating-point-confirmation-v1,sha256:5750482173dcfa6f0132ad83b5b7c2198dd34d8873543e9e53f8d38420cff74c,sigmetrics-rq4-fresh-operating-point-confirmation-v1--eb9686429a17aa51,9108,h2_vqe,paper,noisy_sim,B5,4,2,safe_change,sha256:a3f0ac2043ad1b3371c759714ea5bef7f583dd2728d29d306496391d8001a391-failure,sha256:6755344edaa1eff50bfe6ffeea6c6730008ece609def3b88971445f45c0e0afb,sha256:8aa9fd73acdbefb930184631c530ac1ad4750da95e7359345a133016be010a68,sha256:9c8d84160a37684a330c5e86489f096e08f5be515d75b7d3faace12218e4c75a,sha256:a1110ca1586fd413d316b310c5cac7af4dd40da3e6c42b13b608a201a0d898ee,ibm_kyiv,ibm_kyiv,replay,replay:ibm_kyiv,ibm_kyiv,ibm_kyiv->ibm_kyiv,True,,1,1,0.1,0.02,controlled scenario descriptor,0.00020000000000000017,0.006666666666666672,derived recovery-time saved/current backend evidence,0,derived recovery-time saved/current backend identity,1,controlled scenario environment,0.011000000000000001,0.0023333333333333353,0.0,0.0,0.013333333333333336,True,True,cf-1e4313d4cc560b3d4166,0.00031136787692176426,0.0,0.00038527495157464467,True,True,True,1,1,1,0,4992,104,noisy_sim,9,3,2976,4,0,0.42857142857142855,4,4,0.03791099606738313,0.27465334153510007,0.05366180107621309,0.20896932949876243,12,0.105,1,qubit_wise_commuting,7,8736,1248.0,1248,12,0,24,4,entangling_ry_rz_brickwork,0.9900381947507049,0.8565705128205128,0.0016,0.0105,0.018,0.001616,0.010605000000000002,0.018179999999999998,1.5999999999999955e-05,0.00010500000000000093,0.0001799999999999996,1.0,1.0,replay,ibm_kyiv,0.0003010000000000005
sha256:a44d566d4dd82a7dbfa5f0bd6c0bbe055dac6c9721d38db873b9c0d347af2d37,fresh_rq4_9101_9108,fresh_evaluation,sigmetrics-rq4-fresh-operating-point-confirmation-v1,sha256:5750482173dcfa6f0132ad83b5b7c2198dd34d8873543e9e53f8d38420cff74c,sigmetrics-rq4-fresh-operating-point-confirmation-v1--6f924512dcd29a64,9108,lih_vqe,paper,noisy_sim,B5,4,2,no_change,sha256:a44d566d4dd82a7dbfa5f0bd6c0bbe055dac6c9721d38db873b9c0d347af2d37-failure,sha256:5b4a3d36e74ff6cc3f8c1f481af9cb3ede1e27773ff111f6134fbe9ce44c2bb8,sha256:0e7343b47d003afe2860e33d67399c12f7ed84b7f18c3a5e0d48aae47fda9990,sha256:c47932d509f62acb75888b4e18d00ff3fb54f3468768cff7bf362cbd2dcdb2a5,sha256:ea90276953a4ed541e82fcd7445a78178b2046059f69ce5c19d2c580733ba3f6,ibm_kyiv,ibm_kyiv,replay,replay:ibm_kyiv,ibm_kyiv,ibm_kyiv->ibm_kyiv,True,,1,1,0.0,0.0,controlled scenario descriptor,0.0,0.0,derived recovery-time saved/current backend evidence,0,derived recovery-time saved/current backend identity,1,controlled scenario environment,0.0,0.0,0.0,0.0,0.0,True,True,cf-675d1ee482dc11cce136,0.0,0.0,0.0,True,True,True,1,1,1,0,6144,168,noisy_sim,9,4,5120,4,0,0.5,4,4,0.09772283851014762,0.6642564645069408,0.08512609107772641,0.37808754946041156,20,0.085,1,qubit_wise_commuting,8,12288,1536.0,1536,20,0,40,5,entangling_ry_rz_brickwork,1.795901052367759,0.705078125,0.0016,0.0105,0.018,0.0016,0.0105,0.018,0.0,0.0,0.0,1.0,1.0,replay,ibm_kyiv,0.0
sha256:a5499d42b49a334339ffe05fdd9d52eb96f2db66ce9233e7b06606e850691a87,fresh_rq4_9101_9108,fresh_evaluation,sigmetrics-rq4-fresh-operating-point-confirmation-v1,sha256:5750482173dcfa6f0132ad83b5b7c2198dd34d8873543e9e53f8d38420cff74c,sigmetrics-rq4-fresh-operating-point-confirmation-v1--0802489dddaa958e,9107,qaoa_maxcut,paper,noisy_sim,B5,4,2,cross_backend,sha256:a5499d42b49a334339ffe05fdd9d52eb96f2db66ce9233e7b06606e850691a87-failure,sha256:67daec08e70c80bbd15ca0686a50877ab9ae688a0109db49c05bcea8b5fe59b6,sha256:3e961724e06d6d711a9338896a03f47484a702bab4903cdf8ef8771396da980d,sha256:b8c94dadcfefd358a0915470a4fcf21397130942d687be7c1144ae9b7636f1c6,sha256:b61f54ed7e65154b5f043bf258478ec3b8ec078f5932751a160184e38812be4a,ibm_kyiv,ibm_brisbane,migrate,migrate:ibm_brisbane,ibm_brisbane,ibm_kyiv->ibm_brisbane,True,,1,1,0.0,0.0,controlled scenario descriptor,0.007,0.23333333333333334,derived recovery-time saved/current backend evidence,1,derived recovery-time saved/current backend identity,1,controlled scenario environment,0.0,0.08166666666666667,0.1,0.0,0.18166666666666667,True,True,cf-10737f6e2c5ee6a2c1ea,0.23554885707799667,0.09881709603013314,0.2774691519551323,False,True,False,0,1,0,1,16512,40,noisy_sim,9,1,4128,0,0,1.0,4,4,0.6517512844034044,4.478109469565712,1.4710924419437716,4.366170334259323,4,0.12,1,qubit_wise_commuting,1,4128,4128.0,4128,4,0,10,6,qaoa_maxcut,5.747342570299482,0.06758720930232558,0.0016,0.0105,0.018,0.0021,0.014,0.024,0.0004999999999999998,0.0034999999999999996,0.006000000000000002,1.0,1.0,migrate,ibm_brisbane,0.010000000000000002
sha256:a5499d42b49a334339ffe05fdd9d52eb96f2db66ce9233e7b06606e850691a87,fresh_rq4_9101_9108,fresh_evaluation,sigmetrics-rq4-fresh-operating-point-confirmation-v1,sha256:5750482173dcfa6f0132ad83b5b7c2198dd34d8873543e9e53f8d38420cff74c,sigmetrics-rq4-fresh-operating-point-confirmation-v1--0802489dddaa958e,9107,qaoa_maxcut,paper,noisy_sim,B5,4,2,cross_backend,sha256:a5499d42b49a334339ffe05fdd9d52eb96f2db66ce9233e7b06606e850691a87-failure,sha256:67daec08e70c80bbd15ca0686a50877ab9ae688a0109db49c05bcea8b5fe59b6,sha256:3e961724e06d6d711a9338896a03f47484a702bab4903cdf8ef8771396da980d,sha256:b8c94dadcfefd358a0915470a4fcf21397130942d687be7c1144ae9b7636f1c6,sha256:b61f54ed7e65154b5f043bf258478ec3b8ec078f5932751a160184e38812be4a,ibm_kyiv,ibm_sherbrooke,migrate,migrate:ibm_sherbrooke,ibm_sherbrooke,ibm_kyiv->ibm_sherbrooke,True,,1,1,0.0,0.0,controlled scenario descriptor,0.0018999999999999998,0.06333333333333332,derived recovery-time saved/current backend evidence,1,derived recovery-time saved/current backend identity,1,controlled scenario environment,0.0,0.02216666666666666,0.1,0.0,0.12216666666666667,True,True,cf-155edf898f92ddf3d838,0.18584532358693107,0.04188242444894552,0.18323416672770718,False,True,False,0,1,0,1,16512,40,noisy_sim,9,1,4128,0,0,1.0,4,4,0.6517512844034044,4.478109469565712,1.4710924419437716,4.366170334259323,4,0.12,1,qubit_wise_commuting,1,4128,4128.0,4128,4,0,10,6,qaoa_maxcut,5.747342570299482,0.06758720930232558,0.0016,0.0105,0.018,0.0012,0.0095,0.017,0.0004000000000000002,0.0010000000000000009,0.0009999999999999974,1.0,1.0,migrate,ibm_sherbrooke,0.0023999999999999985
sha256:a756f769ffd22b6ba3e2500eea0b585d60d15b7a51204da8f34551faa7e088ec,fresh_rq4_9101_9108,fresh_evaluation,sigmetrics-rq4-fresh-operating-point-confirmation-v1,sha256:5750482173dcfa6f0132ad83b5b7c2198dd34d8873543e9e53f8d38420cff74c,sigmetrics-rq4-fresh-operating-point-confirmation-v1--3d69f35efbff7e41,9108,lih_vqe,paper,noisy_sim,B5,4,2,safe_change,sha256:a756f769ffd22b6ba3e2500eea0b585d60d15b7a51204da8f34551faa7e088ec-failure,sha256:5b4a3d36e74ff6cc3f8c1f481af9cb3ede1e27773ff111f6134fbe9ce44c2bb8,sha256:8aa9fd73acdbefb930184631c530ac1ad4750da95e7359345a133016be010a68,sha256:f153a653cabcc0d3e38fb1af8137fb44b49a89a01ef79eb6e01d15143d6b4d75,sha256:f4db6421def6f28535343c0ee74fb772ea3e575e323211cee8b246294439e30a,ibm_kyiv,ibm_kyiv,replay,replay:ibm_kyiv,ibm_kyiv,ibm_kyiv->ibm_kyiv,True,,1,1,0.1,0.02,controlled scenario descriptor,0.00020000000000000017,0.006666666666666672,derived recovery-time saved/current backend evidence,0,derived recovery-time saved/current backend identity,1,controlled scenario environment,0.011000000000000001,0.0023333333333333353,0.0,0.0,0.013333333333333336,True,True,cf-7bd3ad18c0a1a38454aa,6.397840335381488e-05,0.018715428923459867,0.0006444186684889056,True,True,True,1,1,1,0,6144,168,noisy_sim,9,4,5120,4,0,0.5,4,4,0.09772283851014762,0.6642564645069408,0.08512609107772641,0.37808754946041156,20,0.085,1,qubit_wise_commuting,8,12288,1536.0,1536,20,0,40,5,entangling_ry_rz_brickwork,1.795901052367759,0.705078125,0.0016,0.0105,0.018,0.001616,0.010605000000000002,0.018179999999999998,1.5999999999999955e-05,0.00010500000000000093,0.0001799999999999996,1.0,1.0,replay,ibm_kyiv,0.0003010000000000005
sha256:a8409215aae0c8131b4cb168915753d407f3a49c05279cf1f624f0cd693ec4a7,fresh_rq4_9101_9108,fresh_evaluation,sigmetrics-rq4-fresh-operating-point-confirmation-v1,sha256:5750482173dcfa6f0132ad83b5b7c2198dd34d8873543e9e53f8d38420cff74c,sigmetrics-rq4-fresh-operating-point-confirmation-v1--16a873da72e768dd,9105,h2_vqe,paper,noisy_sim,B5,4,2,no_change,sha256:a8409215aae0c8131b4cb168915753d407f3a49c05279cf1f624f0cd693ec4a7-failure,sha256:7f0b1f74a6dc1c26604ee880fa21e26774b4b947f6f2f0f7a071c180fdceb055,sha256:0e7343b47d003afe2860e33d67399c12f7ed84b7f18c3a5e0d48aae47fda9990,sha256:baa92c31b0f189ce526289e61ce9d7b1d153d2320fb0caa5de4cb9d39f4d0b0e,sha256:5b8d317d0a05f3746664c9a9c8d02475f95c5093bab2e1756a3f8f492141a739,ibm_kyiv,ibm_kyiv,replay,replay:ibm_kyiv,ibm_kyiv,ibm_kyiv->ibm_kyiv,True,,1,1,0.0,0.0,controlled scenario descriptor,0.0,0.0,derived recovery-time saved/current backend evidence,0,derived recovery-time saved/current backend identity,1,controlled scenario environment,0.0,0.0,0.0,0.0,0.0,True,True,cf-383ce54bf709180ae8e0,0.0,0.0,0.0,True,True,True,1,1,1,0,4992,104,noisy_sim,9,3,2976,4,0,0.42857142857142855,4,4,0.017154915509526525,0.19669865802039121,0.04147853102046067,0.11467805405587228,12,0.105,1,qubit_wise_commuting,7,8736,1248.0,1248,12,0,24,4,entangling_ry_rz_brickwork,1.2124382309675519,0.813301282051282,0.0016,0.0105,0.018,0.0016,0.0105,0.018,0.0,0.0,0.0,1.0,1.0,replay,ibm_kyiv,0.0
sha256:a8f1aa0ef3726791ba29ed0b886cb8ce534b8272e134ba0100872d73795690e1,fresh_rq4_9101_9108,fresh_evaluation,sigmetrics-rq4-fresh-operating-point-confirmation-v1,sha256:5750482173dcfa6f0132ad83b5b7c2198dd34d8873543e9e53f8d38420cff74c,sigmetrics-rq4-fresh-operating-point-confirmation-v1--9a02002089529b93,9106,h2_vqe,paper,noisy_sim,B5,4,2,no_change,sha256:a8f1aa0ef3726791ba29ed0b886cb8ce534b8272e134ba0100872d73795690e1-failure,sha256:0b362a24ef398315698f0a0562efe41b0e4d46ca311128adb2345e614de6a34a,sha256:0e7343b47d003afe2860e33d67399c12f7ed84b7f18c3a5e0d48aae47fda9990,sha256:baa92c31b0f189ce526289e61ce9d7b1d153d2320fb0caa5de4cb9d39f4d0b0e,sha256:8715622a8f13d43931027df31d6c71c8bd2530432c65b4b237108ed8419e8279,ibm_kyiv,ibm_kyiv,replay,replay:ibm_kyiv,ibm_kyiv,ibm_kyiv->ibm_kyiv,True,,1,1,0.0,0.0,controlled scenario descriptor,0.0,0.0,derived recovery-time saved/current backend evidence,0,derived recovery-time saved/current backend identity,1,controlled scenario environment,0.0,0.0,0.0,0.0,0.0,True,True,cf-fccba52e15304f509811,0.0,0.0,0.0,True,True,True,1,1,1,0,4992,104,noisy_sim,9,3,2976,4,0,0.42857142857142855,4,4,0.0479801452291162,0.33840187702173724,0.06618748969369903,0.2661413295653281,12,0.105,1,qubit_wise_commuting,7,8736,1248.0,1248,12,0,24,4,entangling_ry_rz_brickwork,1.2407241615540299,0.8125,0.0016,0.0105,0.018,0.0016,0.0105,0.018,0.0,0.0,0.0,1.0,1.0,replay,ibm_kyiv,0.0
sha256:abcfedbba6e7bef5d59d5e48d9160fbb459e98d058b3ea664b797514f71b06fe,fresh_rq4_9101_9108,fresh_evaluation,sigmetrics-rq4-fresh-operating-point-confirmation-v1,sha256:5750482173dcfa6f0132ad83b5b7c2198dd34d8873543e9e53f8d38420cff74c,sigmetrics-rq4-fresh-operating-point-confirmation-v1--97e1c9df080498d2,9105,qaoa_maxcut,paper,noisy_sim,B5,4,2,no_change,sha256:abcfedbba6e7bef5d59d5e48d9160fbb459e98d058b3ea664b797514f71b06fe-failure,sha256:7355d8a80ba19b3aaf6fa6f038ce1abd6cd5473467d29f301e041e41dc049865,sha256:0e7343b47d003afe2860e33d67399c12f7ed84b7f18c3a5e0d48aae47fda9990,sha256:beaa270a390816fadd39bf6e4cf2cb1d92f7bf84678ac415bf7f191142ad2044,sha256:ad818608266f732e654a536df664ef1b1758da721d243f0f13eec90d58e7438f,ibm_kyiv,ibm_kyiv,replay,replay:ibm_kyiv,ibm_kyiv,ibm_kyiv->ibm_kyiv,True,,1,1,0.0,0.0,controlled scenario descriptor,0.0,0.0,derived recovery-time saved/current backend evidence,0,derived recovery-time saved/current backend identity,1,controlled scenario environment,0.0,0.0,0.0,0.0,0.0,True,True,cf-3177191f438af1053605,0.0,0.0,0.0,True,True,True,1,1,1,0,16512,40,noisy_sim,9,1,4128,0,0,1.0,4,4,2.598484756426674,4.079975252905497,1.732519833313257,3.591084984622918,4,0.12,1,qubit_wise_commuting,1,4128,4128.0,4128,4,0,10,6,qaoa_maxcut,5.697204522573214,0.0876937984496124,0.0016,0.0105,0.018,0.0016,0.0105,0.018,0.0,0.0,0.0,1.0,1.0,replay,ibm_kyiv,0.0
sha256:ae64a6d8214d4e69f35d54213153b7a77de983894b82fba0c69656739b2cb074,fresh_rq4_9101_9108,fresh_evaluation,sigmetrics-rq4-fresh-operating-point-confirmation-v1,sha256:5750482173dcfa6f0132ad83b5b7c2198dd34d8873543e9e53f8d38420cff74c,sigmetrics-rq4-fresh-operating-point-confirmation-v1--e22206459d50c1d1,9108,qaoa_maxcut,paper,noisy_sim,B5,4,2,same_backend_delay,sha256:ae64a6d8214d4e69f35d54213153b7a77de983894b82fba0c69656739b2cb074-failure,sha256:12baa20a227d608587db781511444ba6bd1f7fd7e64e940d5263b37f49e3c099,sha256:2b5d5606b48121c83beae64c1c7cabbafc8d4853980e515ebdce93987de444de,sha256:7c1d6d3b92b74eb9793f2e3d7476b13650919c35e6be30736522cf63625ecb00,sha256:2365cfc2faa96feeadcf8d07c33660c47fd42e161d7bf1d32718ac291ae08fd9,ibm_kyiv,ibm_sherbrooke,migrate,migrate:ibm_sherbrooke,ibm_sherbrooke,ibm_kyiv->ibm_sherbrooke,True,,1,1,0.0,0.0,controlled scenario descriptor,0.0018999999999999998,0.06333333333333332,derived recovery-time saved/current backend evidence,1,derived recovery-time saved/current backend identity,1,controlled scenario environment,0.0,0.02216666666666666,0.1,0.0,0.12216666666666667,True,True,cf-17d976bf22dd8d9aad60,0.3173100231107,0.06541894972080836,0.22018225779304246,False,True,False,0,1,0,1,16512,40,noisy_sim,9,1,4128,0,0,1.0,4,4,2.328778311038733,3.1870114997896883,1.3651767826391832,2.443400028508602,4,0.12,1,qubit_wise_commuting,1,4128,4128.0,4128,4,0,10,6,qaoa_maxcut,5.511907497537505,0.09835271317829457,0.0016,0.0105,0.018,0.0012,0.0095,0.017,0.0004000000000000002,0.0010000000000000009,0.0009999999999999974,1.0,1.0,migrate,ibm_sherbrooke,0.0023999999999999985
sha256:ae64a6d8214d4e69f35d54213153b7a77de983894b82fba0c69656739b2cb074,fresh_rq4_9101_9108,fresh_evaluation,sigmetrics-rq4-fresh-operating-point-confirmation-v1,sha256:5750482173dcfa6f0132ad83b5b7c2198dd34d8873543e9e53f8d38420cff74c,sigmetrics-rq4-fresh-operating-point-confirmation-v1--e22206459d50c1d1,9108,qaoa_maxcut,paper,noisy_sim,B5,4,2,same_backend_delay,sha256:ae64a6d8214d4e69f35d54213153b7a77de983894b82fba0c69656739b2cb074-failure,sha256:12baa20a227d608587db781511444ba6bd1f7fd7e64e940d5263b37f49e3c099,sha256:2b5d5606b48121c83beae64c1c7cabbafc8d4853980e515ebdce93987de444de,sha256:7c1d6d3b92b74eb9793f2e3d7476b13650919c35e6be30736522cf63625ecb00,sha256:2365cfc2faa96feeadcf8d07c33660c47fd42e161d7bf1d32718ac291ae08fd9,ibm_kyiv,ibm_kyiv,replay,replay:ibm_kyiv,ibm_kyiv,ibm_kyiv->ibm_kyiv,True,,1,1,4.0,0.8,controlled scenario descriptor,0.007999999999999998,0.2666666666666666,derived recovery-time saved/current backend evidence,0,derived recovery-time saved/current backend identity,1,controlled scenario environment,0.44000000000000006,0.09333333333333331,0.0,0.0,0.5333333333333333,True,True,cf-7c47289b3403269e003b,0.755078165245358,0.12661683483989306,0.2289204577510624,False,False,False,0,0,0,1,16512,40,noisy_sim,9,1,4128,0,0,1.0,4,4,2.328778311038733,3.1870114997896883,1.3651767826391832,2.443400028508602,4,0.12,1,qubit_wise_commuting,1,4128,4128.0,4128,4,0,10,6,qaoa_maxcut,5.511907497537505,0.09835271317829457,0.0016,0.0105,0.018,0.00224,0.0147,0.025199999999999997,0.0006399999999999997,0.004199999999999999,0.007199999999999998,1.0,1.0,replay,ibm_kyiv,0.012039999999999997
sha256:af2cd07264744d1325dc1b7158454754be784236e5b987b65e656fb2ed2758f2,fresh_rq4_9101_9108,fresh_evaluation,sigmetrics-rq4-fresh-operating-point-confirmation-v1,sha256:5750482173dcfa6f0132ad83b5b7c2198dd34d8873543e9e53f8d38420cff74c,sigmetrics-rq4-fresh-operating-point-confirmation-v1--654521517ae07294,9104,adapt_vqe,paper,noisy_sim,B5,4,2,safe_change,sha256:af2cd07264744d1325dc1b7158454754be784236e5b987b65e656fb2ed2758f2-failure,sha256:a761ecad2dd49b502847909cab813d1a2c8ab15fee92c3aa5531ea8c62703aa1,sha256:8aa9fd73acdbefb930184631c530ac1ad4750da95e7359345a133016be010a68,sha256:4dc43ddf8e7e7dbaa94146e3cde4496d8eeb3edbc8bccc44b9d6a1d96bd372c5,sha256:f8f00905b05935e07f46762af15bf5582c1111eb5f4514599f36464f70de43f7,ibm_kyiv,ibm_kyiv,replay,replay:ibm_kyiv,ibm_kyiv,ibm_kyiv->ibm_kyiv,True,,1,1,0.1,0.02,controlled scenario descriptor,0.00020000000000000017,0.006666666666666672,derived recovery-time saved/current backend evidence,0,derived recovery-time saved/current backend identity,1,controlled scenario environment,0.011000000000000001,0.0023333333333333353,0.0,0.0,0.013333333333333336,True,True,cf-4ca1cd13f6f1605f25c0,5.765909033605965e-05,0.002392225714004805,4.262799906621283e-05,True,True,True,1,1,1,0,4352,40,noisy_sim,9,4,3328,4,0,0.5,4,4,0.000976828504457572,0.06543245727204355,0.0318251164881452,0.03736167998676068,4,0.08,1,qubit_wise_commuting,8,8704,1088.0,1088,4,4,40,5,adapt_pauli_pool,0.6634617539535163,0.9080882352941176,0.0016,0.0105,0.018,0.001616,0.010605000000000002,0.018179999999999998,1.5999999999999955e-05,0.00010500000000000093,0.0001799999999999996,1.0,1.0,replay,ibm_kyiv,0.0003010000000000005
sha256:af3f231860cdfae9acd3ef9cf08a56d50334a2f0e57370738f0b29042cf2bf14,fresh_rq4_9101_9108,fresh_evaluation,sigmetrics-rq4-fresh-operating-point-confirmation-v1,sha256:5750482173dcfa6f0132ad83b5b7c2198dd34d8873543e9e53f8d38420cff74c,sigmetrics-rq4-fresh-operating-point-confirmation-v1--ff3e784d646e2c6b,9102,lih_vqe,paper,noisy_sim,B5,4,2,no_change,sha256:af3f231860cdfae9acd3ef9cf08a56d50334a2f0e57370738f0b29042cf2bf14-failure,sha256:cb37a9d2ac77d1a789150b6217863cd8cc01ebf0bae6c473c2350a4fca705673,sha256:0e7343b47d003afe2860e33d67399c12f7ed84b7f18c3a5e0d48aae47fda9990,sha256:c47932d509f62acb75888b4e18d00ff3fb54f3468768cff7bf362cbd2dcdb2a5,sha256:31ed4ed0a9fa92c303595d3cb7d9954213a7efa56cd50fa8b7a9fa324e498b37,ibm_kyiv,ibm_kyiv,replay,replay:ibm_kyiv,ibm_kyiv,ibm_kyiv->ibm_kyiv,True,,1,1,0.0,0.0,controlled scenario descriptor,0.0,0.0,derived recovery-time saved/current backend evidence,0,derived recovery-time saved/current backend identity,1,controlled scenario environment,0.0,0.0,0.0,0.0,0.0,True,True,cf-1163a975119fd04bab22,0.0,0.0,0.0,True,True,True,1,1,1,0,5504,168,noisy_sim,9,4,4480,4,0,0.5,4,4,0.08722161196329026,0.5937326697327159,0.06976914567926103,0.3911920535054748,20,0.085,1,qubit_wise_commuting,8,11008,1376.0,1376,20,0,40,5,entangling_ry_rz_brickwork,1.641400243218241,0.7696220930232558,0.0016,0.0105,0.018,0.0016,0.0105,0.018,0.0,0.0,0.0,1.0,1.0,replay,ibm_kyiv,0.0
sha256:afe675f80456df3f928f9422b2f30a7343af6bcf9ebd5ac9d54c4cc57b2bdf60,fresh_rq4_9101_9108,fresh_evaluation,sigmetrics-rq4-fresh-operating-point-confirmation-v1,sha256:5750482173dcfa6f0132ad83b5b7c2198dd34d8873543e9e53f8d38420cff74c,sigmetrics-rq4-fresh-operating-point-confirmation-v1--1306966ae719ccf8,9107,qaoa_maxcut,paper,noisy_sim,B5,4,2,high_change,sha256:afe675f80456df3f928f9422b2f30a7343af6bcf9ebd5ac9d54c4cc57b2bdf60-failure,sha256:67daec08e70c80bbd15ca0686a50877ab9ae688a0109db49c05bcea8b5fe59b6,sha256:2b6db34aacbffdb427c6a86493c0c97d7fa901154c9c190f56705a55a8d2a0ee,sha256:56ebe2ae23f982821e5cb20c223cf12264e80a93b5807dcea8a8ddb40107f761,sha256:1b8227760c22d883bc288b513b91b41a6ce8e9fe9ebb124b9341047048bee40e,ibm_kyiv,ibm_brisbane,migrate,migrate:ibm_brisbane,ibm_brisbane,ibm_kyiv->ibm_brisbane,True,,1,1,6.0,1.0,controlled scenario descriptor,0.023860000000000006,0.7953333333333336,derived recovery-time saved/current backend evidence,1,derived recovery-time saved/current backend identity,1,controlled scenario environment,0.55,0.2783666666666667,0.1,0.0,0.9283666666666667,True,True,cf-c5f25bb7789852dba98a,0.5832093654219443,0.15361784221320848,1.0642720989951038,False,False,False,0,0,0,1,16512,40,noisy_sim,9,1,4128,0,0,1.0,4,4,0.6517512844034044,4.478109469565712,1.4710924419437716,4.366170334259323,4,0.12,1,qubit_wise_commuting,1,4128,4128.0,4128,4,0,10,6,qaoa_maxcut,5.747342570299482,0.06758720930232558,0.0016,0.0105,0.018,0.00336,0.022400000000000003,0.038400000000000004,0.00176,0.011900000000000003,0.020400000000000005,1.0,1.0,migrate,ibm_brisbane,0.03406000000000001
sha256:afe675f80456df3f928f9422b2f30a7343af6bcf9ebd5ac9d54c4cc57b2bdf60,fresh_rq4_9101_9108,fresh_evaluation,sigmetrics-rq4-fresh-operating-point-confirmation-v1,sha256:5750482173dcfa6f0132ad83b5b7c2198dd34d8873543e9e53f8d38420cff74c,sigmetrics-rq4-fresh-operating-point-confirmation-v1--1306966ae719ccf8,9107,qaoa_maxcut,paper,noisy_sim,B5,4,2,high_change,sha256:afe675f80456df3f928f9422b2f30a7343af6bcf9ebd5ac9d54c4cc57b2bdf60-failure,sha256:67daec08e70c80bbd15ca0686a50877ab9ae688a0109db49c05bcea8b5fe59b6,sha256:2b6db34aacbffdb427c6a86493c0c97d7fa901154c9c190f56705a55a8d2a0ee,sha256:56ebe2ae23f982821e5cb20c223cf12264e80a93b5807dcea8a8ddb40107f761,sha256:1b8227760c22d883bc288b513b91b41a6ce8e9fe9ebb124b9341047048bee40e,ibm_kyiv,ibm_kyiv,replay,replay:ibm_kyiv,ibm_kyiv,ibm_kyiv->ibm_kyiv,True,,1,1,8.0,1.0,controlled scenario descriptor,0.016,0.5333333333333333,derived recovery-time saved/current backend evidence,0,derived recovery-time saved/current backend identity,1,controlled scenario environment,0.55,0.18666666666666665,0.0,0.0,0.7366666666666667,True,True,cf-2dbe00c363cbd95c2283,0.6170476526595685,0.15785251866538724,0.46883293317474367,False,False,False,0,0,0,1,16512,40,noisy_sim,9,1,4128,0,0,1.0,4,4,0.6517512844034044,4.478109469565712,1.4710924419437716,4.366170334259323,4,0.12,1,qubit_wise_commuting,1,4128,4128.0,4128,4,0,10,6,qaoa_maxcut,5.747342570299482,0.06758720930232558,0.0016,0.0105,0.018,0.00288,0.0189,0.0324,0.00128,0.0084,0.0144,1.0,1.0,replay,ibm_kyiv,0.024079999999999997
sha256:b39e05719aca67f8af9a0a8f7d80aa9715ae8327bc51438d771a9f3883c87e77,fresh_rq4_9101_9108,fresh_evaluation,sigmetrics-rq4-fresh-operating-point-confirmation-v1,sha256:5750482173dcfa6f0132ad83b5b7c2198dd34d8873543e9e53f8d38420cff74c,sigmetrics-rq4-fresh-operating-point-confirmation-v1--a81bc91695a40664,9105,lih_vqe,paper,noisy_sim,B5,4,2,safe_change,sha256:b39e05719aca67f8af9a0a8f7d80aa9715ae8327bc51438d771a9f3883c87e77-failure,sha256:2d4248f442689674fe2824aef8ce838c02701ff54e669abd824915a24d4ffd5d,sha256:8aa9fd73acdbefb930184631c530ac1ad4750da95e7359345a133016be010a68,sha256:f153a653cabcc0d3e38fb1af8137fb44b49a89a01ef79eb6e01d15143d6b4d75,sha256:9388520dda21509d22300465be0f9af67e52a7315bf3613f390ad5c0e32744c4,ibm_kyiv,ibm_kyiv,replay,replay:ibm_kyiv,ibm_kyiv,ibm_kyiv->ibm_kyiv,True,,1,1,0.1,0.02,controlled scenario descriptor,0.00020000000000000017,0.006666666666666672,derived recovery-time saved/current backend evidence,0,derived recovery-time saved/current backend identity,1,controlled scenario environment,0.011000000000000001,0.0023333333333333353,0.0,0.0,0.013333333333333336,True,True,cf-0e47cbdb7cf21b523cee,0.0002686853460147631,0.008384828524443682,0.0006523573104706721,True,True,True,1,1,1,0,6144,168,noisy_sim,9,4,5120,4,0,0.5,4,4,0.11471902441756665,0.6491670162460322,0.07923124690532371,0.42670244355446213,20,0.085,1,qubit_wise_commuting,8,12288,1536.0,1536,20,0,40,5,entangling_ry_rz_brickwork,2.228741510895825,0.6497395833333334,0.0016,0.0105,0.018,0.001616,0.010605000000000002,0.018179999999999998,1.5999999999999955e-05,0.00010500000000000093,0.0001799999999999996,1.0,1.0,replay,ibm_kyiv,0.0003010000000000005
sha256:b755cf1315e5e11e498a0c49822210447008c5bf16045c1b71f0c29ebce33ff5,fresh_rq4_9101_9108,fresh_evaluation,sigmetrics-rq4-fresh-operating-point-confirmation-v1,sha256:5750482173dcfa6f0132ad83b5b7c2198dd34d8873543e9e53f8d38420cff74c,sigmetrics-rq4-fresh-operating-point-confirmation-v1--dfe87a6b7dc821e0,9106,lih_vqe,paper,noisy_sim,B5,4,2,cross_backend,sha256:b755cf1315e5e11e498a0c49822210447008c5bf16045c1b71f0c29ebce33ff5-failure,sha256:12fb5c23b0e5873fdf8fce44aea1623bce3ee318d35346d67a128ac5be287eea,sha256:3e961724e06d6d711a9338896a03f47484a702bab4903cdf8ef8771396da980d,sha256:90a6fc287341ee3482d2a787f7389b00e56a0ec391204063de2bd98be7b5816e,sha256:aa33627292964fe4337cad59cefe0d34c77aa662795d485550a2ade2e0e9abc2,ibm_kyiv,ibm_brisbane,migrate,migrate:ibm_brisbane,ibm_brisbane,ibm_kyiv->ibm_brisbane,True,,1,1,0.0,0.0,controlled scenario descriptor,0.007,0.23333333333333334,derived recovery-time saved/current backend evidence,1,derived recovery-time saved/current backend identity,1,controlled scenario environment,0.0,0.08166666666666667,0.1,0.0,0.18166666666666667,True,True,cf-4cd3f6ed9ffbc2c87687,0.0014276820440830562,0.08620857663022169,0.021685456640322745,False,False,False,0,0,0,1,6144,168,noisy_sim,9,4,5120,4,0,0.5,4,4,0.07130914739997962,0.5493221234700877,0.06256987611311735,0.3589950295340335,20,0.085,1,qubit_wise_commuting,8,12288,1536.0,1536,20,0,40,5,entangling_ry_rz_brickwork,1.503542056303995,0.7936197916666666,0.0016,0.0105,0.018,0.0021,0.014,0.024,0.0004999999999999998,0.0034999999999999996,0.006000000000000002,1.0,1.0,migrate,ibm_brisbane,0.010000000000000002
sha256:b755cf1315e5e11e498a0c49822210447008c5bf16045c1b71f0c29ebce33ff5,fresh_rq4_9101_9108,fresh_evaluation,sigmetrics-rq4-fresh-operating-point-confirmation-v1,sha256:5750482173dcfa6f0132ad83b5b7c2198dd34d8873543e9e53f8d38420cff74c,sigmetrics-rq4-fresh-operating-point-confirmation-v1--dfe87a6b7dc821e0,9106,lih_vqe,paper,noisy_sim,B5,4,2,cross_backend,sha256:b755cf1315e5e11e498a0c49822210447008c5bf16045c1b71f0c29ebce33ff5-failure,sha256:12fb5c23b0e5873fdf8fce44aea1623bce3ee318d35346d67a128ac5be287eea,sha256:3e961724e06d6d711a9338896a03f47484a702bab4903cdf8ef8771396da980d,sha256:90a6fc287341ee3482d2a787f7389b00e56a0ec391204063de2bd98be7b5816e,sha256:aa33627292964fe4337cad59cefe0d34c77aa662795d485550a2ade2e0e9abc2,ibm_kyiv,ibm_sherbrooke,migrate,migrate:ibm_sherbrooke,ibm_sherbrooke,ibm_kyiv->ibm_sherbrooke,True,,1,1,0.0,0.0,controlled scenario descriptor,0.0018999999999999998,0.06333333333333332,derived recovery-time saved/current backend evidence,1,derived recovery-time saved/current backend identity,1,controlled scenario environment,0.0,0.02216666666666666,0.1,0.0,0.12216666666666667,True,True,cf-137022fac6ff1e3d4c78,0.0005546228003137088,0.07764355850142049,0.009741741705971392,False,False,False,0,0,0,1,6144,168,noisy_sim,9,4,5120,4,0,0.5,4,4,0.07130914739997962,0.5493221234700877,0.06256987611311735,0.3589950295340335,20,0.085,1,qubit_wise_commuting,8,12288,1536.0,1536,20,0,40,5,entangling_ry_rz_brickwork,1.503542056303995,0.7936197916666666,0.0016,0.0105,0.018,0.0012,0.0095,0.017,0.0004000000000000002,0.0010000000000000009,0.0009999999999999974,1.0,1.0,migrate,ibm_sherbrooke,0.0023999999999999985
sha256:b946b94ec67315242c5cd58a6b91ef8e599f3d84874ad36da4fa6585e38ee0f6,fresh_rq4_9101_9108,fresh_evaluation,sigmetrics-rq4-fresh-operating-point-confirmation-v1,sha256:5750482173dcfa6f0132ad83b5b7c2198dd34d8873543e9e53f8d38420cff74c,sigmetrics-rq4-fresh-operating-point-confirmation-v1--afed73bce513b3c4,9106,qaoa_maxcut,paper,noisy_sim,B5,4,2,cross_backend,sha256:b946b94ec67315242c5cd58a6b91ef8e599f3d84874ad36da4fa6585e38ee0f6-failure,sha256:4b13dc787b6dcec40406bfe6cbf08d6868f725edc13de933d65c8b41b007ecf4,sha256:3e961724e06d6d711a9338896a03f47484a702bab4903cdf8ef8771396da980d,sha256:b8c94dadcfefd358a0915470a4fcf21397130942d687be7c1144ae9b7636f1c6,sha256:9b6ff380607ea891421e2cbac1f982e83be70ffd3db60903a27d65ed4c04763a,ibm_kyiv,ibm_brisbane,migrate,migrate:ibm_brisbane,ibm_brisbane,ibm_kyiv->ibm_brisbane,True,,1,1,0.0,0.0,controlled scenario descriptor,0.007,0.23333333333333334,derived recovery-time saved/current backend evidence,1,derived recovery-time saved/current backend identity,1,controlled scenario environment,0.0,0.08166666666666667,0.1,0.0,0.18166666666666667,True,True,cf-af9b04437961c5dd345c,0.3384922891440363,0.1312569813651793,1.2432329405820872,False,False,False,0,0,0,1,16384,40,noisy_sim,9,1,4096,0,0,1.0,4,4,-0.09918899322874886,5.776992671926344,2.0298838993852986,5.440245559664102,4,0.12,1,qubit_wise_commuting,1,4096,4096.0,4096,4,0,10,6,qaoa_maxcut,5.2531010300483505,0.116943359375,0.0016,0.0105,0.018,0.0021,0.014,0.024,0.0004999999999999998,0.0034999999999999996,0.006000000000000002,1.0,1.0,migrate,ibm_brisbane,0.010000000000000002
sha256:b946b94ec67315242c5cd58a6b91ef8e599f3d84874ad36da4fa6585e38ee0f6,fresh_rq4_9101_9108,fresh_evaluation,sigmetrics-rq4-fresh-operating-point-confirmation-v1,sha256:5750482173dcfa6f0132ad83b5b7c2198dd34d8873543e9e53f8d38420cff74c,sigmetrics-rq4-fresh-operating-point-confirmation-v1--afed73bce513b3c4,9106,qaoa_maxcut,paper,noisy_sim,B5,4,2,cross_backend,sha256:b946b94ec67315242c5cd58a6b91ef8e599f3d84874ad36da4fa6585e38ee0f6-failure,sha256:4b13dc787b6dcec40406bfe6cbf08d6868f725edc13de933d65c8b41b007ecf4,sha256:3e961724e06d6d711a9338896a03f47484a702bab4903cdf8ef8771396da980d,sha256:b8c94dadcfefd358a0915470a4fcf21397130942d687be7c1144ae9b7636f1c6,sha256:9b6ff380607ea891421e2cbac1f982e83be70ffd3db60903a27d65ed4c04763a,ibm_kyiv,ibm_sherbrooke,migrate,migrate:ibm_sherbrooke,ibm_sherbrooke,ibm_kyiv->ibm_sherbrooke,True,,1,1,0.0,0.0,controlled scenario descriptor,0.0018999999999999998,0.06333333333333332,derived recovery-time saved/current backend evidence,1,derived recovery-time saved/current backend identity,1,controlled scenario environment,0.0,0.02216666666666666,0.1,0.0,0.12216666666666667,True,True,cf-6fe0d0ed4a31c1f6ede1,0.3827842603353284,0.11226425228128432,0.6511094467574093,False,False,False,0,0,0,1,16384,40,noisy_sim,9,1,4096,0,0,1.0,4,4,-0.09918899322874886,5.776992671926344,2.0298838993852986,5.440245559664102,4,0.12,1,qubit_wise_commuting,1,4096,4096.0,4096,4,0,10,6,qaoa_maxcut,5.2531010300483505,0.116943359375,0.0016,0.0105,0.018,0.0012,0.0095,0.017,0.0004000000000000002,0.0010000000000000009,0.0009999999999999974,1.0,1.0,migrate,ibm_sherbrooke,0.0023999999999999985
sha256:b9c9552b58ffdc518e943e336cb4e923713ac37be9f682f194533cf7098bf666,fresh_rq4_9101_9108,fresh_evaluation,sigmetrics-rq4-fresh-operating-point-confirmation-v1,sha256:5750482173dcfa6f0132ad83b5b7c2198dd34d8873543e9e53f8d38420cff74c,sigmetrics-rq4-fresh-operating-point-confirmation-v1--d113776b98db0815,9102,qaoa_maxcut,paper,noisy_sim,B5,4,2,cross_backend,sha256:b9c9552b58ffdc518e943e336cb4e923713ac37be9f682f194533cf7098bf666-failure,sha256:78ede409ebf393c47a3779b2dccbd3586f47bc18d419d2f525214fbb01057bdf,sha256:3e961724e06d6d711a9338896a03f47484a702bab4903cdf8ef8771396da980d,sha256:b8c94dadcfefd358a0915470a4fcf21397130942d687be7c1144ae9b7636f1c6,sha256:6240eed996c3153080ce4434a8f37b4546d1e613cabcd0024dedc9c12fc94235,ibm_kyiv,ibm_brisbane,migrate,migrate:ibm_brisbane,ibm_brisbane,ibm_kyiv->ibm_brisbane,True,,1,1,0.0,0.0,controlled scenario descriptor,0.007,0.23333333333333334,derived recovery-time saved/current backend evidence,1,derived recovery-time saved/current backend identity,1,controlled scenario environment,0.0,0.08166666666666667,0.1,0.0,0.18166666666666667,True,True,cf-76689f5945450807b13b,0.22396834296529633,0.21863968581160173,4.390146654555971,False,False,False,0,0,0,1,16384,40,noisy_sim,9,1,4096,0,0,1.0,4,4,-0.4493148219818415,5.21872919623111,1.9550673178615847,4.689355328485631,4,0.12,1,qubit_wise_commuting,1,4096,4096.0,4096,4,0,10,6,qaoa_maxcut,5.981189002384831,0.02197265625,0.0016,0.0105,0.018,0.0021,0.014,0.024,0.0004999999999999998,0.0034999999999999996,0.006000000000000002,1.0,1.0,migrate,ibm_brisbane,0.010000000000000002
sha256:b9c9552b58ffdc518e943e336cb4e923713ac37be9f682f194533cf7098bf666,fresh_rq4_9101_9108,fresh_evaluation,sigmetrics-rq4-fresh-operating-point-confirmation-v1,sha256:5750482173dcfa6f0132ad83b5b7c2198dd34d8873543e9e53f8d38420cff74c,sigmetrics-rq4-fresh-operating-point-confirmation-v1--d113776b98db0815,9102,qaoa_maxcut,paper,noisy_sim,B5,4,2,cross_backend,sha256:b9c9552b58ffdc518e943e336cb4e923713ac37be9f682f194533cf7098bf666-failure,sha256:78ede409ebf393c47a3779b2dccbd3586f47bc18d419d2f525214fbb01057bdf,sha256:3e961724e06d6d711a9338896a03f47484a702bab4903cdf8ef8771396da980d,sha256:b8c94dadcfefd358a0915470a4fcf21397130942d687be7c1144ae9b7636f1c6,sha256:6240eed996c3153080ce4434a8f37b4546d1e613cabcd0024dedc9c12fc94235,ibm_kyiv,ibm_sherbrooke,migrate,migrate:ibm_sherbrooke,ibm_sherbrooke,ibm_kyiv->ibm_sherbrooke,True,,1,1,0.0,0.0,controlled scenario descriptor,0.0018999999999999998,0.06333333333333332,derived recovery-time saved/current backend evidence,1,derived recovery-time saved/current backend identity,1,controlled scenario environment,0.0,0.02216666666666666,0.1,0.0,0.12216666666666667,True,True,cf-20bc45df711161740e77,0.0029599746414668004,0.06369999619664717,0.4878177965637803,False,True,False,0,1,0,1,16384,40,noisy_sim,9,1,4096,0,0,1.0,4,4,-0.4493148219818415,5.21872919623111,1.9550673178615847,4.689355328485631,4,0.12,1,qubit_wise_commuting,1,4096,4096.0,4096,4,0,10,6,qaoa_maxcut,5.981189002384831,0.02197265625,0.0016,0.0105,0.018,0.0012,0.0095,0.017,0.0004000000000000002,0.0010000000000000009,0.0009999999999999974,1.0,1.0,migrate,ibm_sherbrooke,0.0023999999999999985
sha256:bb44c9badfb7600935bcc0120d45fe0056cab021e6b6559d2bfdaa61f42d119f,fresh_rq4_9101_9108,fresh_evaluation,sigmetrics-rq4-fresh-operating-point-confirmation-v1,sha256:5750482173dcfa6f0132ad83b5b7c2198dd34d8873543e9e53f8d38420cff74c,sigmetrics-rq4-fresh-operating-point-confirmation-v1--81e60854be1c060d,9107,h2_vqe,paper,noisy_sim,B5,4,2,same_backend_delay,sha256:bb44c9badfb7600935bcc0120d45fe0056cab021e6b6559d2bfdaa61f42d119f-failure,sha256:3e23ae024eb0062818897a46bb346d0cbfeb6fd8ad76ced98432bc283e60769e,sha256:2b5d5606b48121c83beae64c1c7cabbafc8d4853980e515ebdce93987de444de,sha256:6b97ad82624cbf5bb09be560aa6bb9d630db90477bce3a53713c959f84ab3cbb,sha256:3bd696c68ffb57a6013b9cc4a03ae2cce5a7d802dd2c60d27a1f177ee1591c62,ibm_kyiv,ibm_sherbrooke,migrate,migrate:ibm_sherbrooke,ibm_sherbrooke,ibm_kyiv->ibm_sherbrooke,True,,1,1,0.0,0.0,controlled scenario descriptor,0.0018999999999999998,0.06333333333333332,derived recovery-time saved/current backend evidence,1,derived recovery-time saved/current backend identity,1,controlled scenario environment,0.0,0.02216666666666666,0.1,0.0,0.12216666666666667,True,True,cf-89f2dc54edd71ac7465b,0.005021048379204807,0.02222857714655542,0.005293266259571194,False,False,False,0,0,0,1,4992,104,noisy_sim,9,3,2976,4,0,0.42857142857142855,4,4,0.0584185750342634,0.3548951064836088,0.05345574608703186,0.23873266277581648,12,0.105,1,qubit_wise_commuting,7,8736,1248.0,1248,12,0,24,4,entangling_ry_rz_brickwork,0.9714894437408683,0.8605769230769231,0.0016,0.0105,0.018,0.0012,0.0095,0.017,0.0004000000000000002,0.0010000000000000009,0.0009999999999999974,1.0,1.0,migrate,ibm_sherbrooke,0.0023999999999999985
sha256:bb44c9badfb7600935bcc0120d45fe0056cab021e6b6559d2bfdaa61f42d119f,fresh_rq4_9101_9108,fresh_evaluation,sigmetrics-rq4-fresh-operating-point-confirmation-v1,sha256:5750482173dcfa6f0132ad83b5b7c2198dd34d8873543e9e53f8d38420cff74c,sigmetrics-rq4-fresh-operating-point-confirmation-v1--81e60854be1c060d,9107,h2_vqe,paper,noisy_sim,B5,4,2,same_backend_delay,sha256:bb44c9badfb7600935bcc0120d45fe0056cab021e6b6559d2bfdaa61f42d119f-failure,sha256:3e23ae024eb0062818897a46bb346d0cbfeb6fd8ad76ced98432bc283e60769e,sha256:2b5d5606b48121c83beae64c1c7cabbafc8d4853980e515ebdce93987de444de,sha256:6b97ad82624cbf5bb09be560aa6bb9d630db90477bce3a53713c959f84ab3cbb,sha256:3bd696c68ffb57a6013b9cc4a03ae2cce5a7d802dd2c60d27a1f177ee1591c62,ibm_kyiv,ibm_kyiv,replay,replay:ibm_kyiv,ibm_kyiv,ibm_kyiv->ibm_kyiv,True,,1,1,4.0,0.8,controlled scenario descriptor,0.007999999999999998,0.2666666666666666,derived recovery-time saved/current backend evidence,0,derived recovery-time saved/current backend identity,1,controlled scenario environment,0.44000000000000006,0.09333333333333331,0.0,0.0,0.5333333333333333,True,True,cf-27a225f766fd6d33e55f,0.012214139950692982,0.048304919320100156,0.014305214828043132,False,False,False,0,0,0,1,4992,104,noisy_sim,9,3,2976,4,0,0.42857142857142855,4,4,0.0584185750342634,0.3548951064836088,0.05345574608703186,0.23873266277581648,12,0.105,1,qubit_wise_commuting,7,8736,1248.0,1248,12,0,24,4,entangling_ry_rz_brickwork,0.9714894437408683,0.8605769230769231,0.0016,0.0105,0.018,0.00224,0.0147,0.025199999999999997,0.0006399999999999997,0.004199999999999999,0.007199999999999998,1.0,1.0,replay,ibm_kyiv,0.012039999999999997
sha256:bb79db6bc7871a7939d703a5266a8420fa17a45076d550458728c18268379432,fresh_rq4_9101_9108,fresh_evaluation,sigmetrics-rq4-fresh-operating-point-confirmation-v1,sha256:5750482173dcfa6f0132ad83b5b7c2198dd34d8873543e9e53f8d38420cff74c,sigmetrics-rq4-fresh-operating-point-confirmation-v1--497d407f881b4904,9102,adapt_vqe,paper,noisy_sim,B5,4,2,high_change,sha256:bb79db6bc7871a7939d703a5266a8420fa17a45076d550458728c18268379432-failure,sha256:c5ed3d2b870c2c1fb4065dd76c58e7c229c7bfcce63f09a70ea39f6f94857dc5,sha256:2b6db34aacbffdb427c6a86493c0c97d7fa901154c9c190f56705a55a8d2a0ee,sha256:bba49a3c81f6001e3cf2a488d02e36c2cd4c5c951d70da2b28ce889c7e5957d0,sha256:bec2204a9ca19757a2ba9fdce7447c66243c58804f4db49ba83e384d8439c0de,ibm_kyiv,ibm_brisbane,migrate,migrate:ibm_brisbane,ibm_brisbane,ibm_kyiv->ibm_brisbane,True,,1,1,6.0,1.0,controlled scenario descriptor,0.023860000000000006,0.7953333333333336,derived recovery-time saved/current backend evidence,1,derived recovery-time saved/current backend identity,1,controlled scenario environment,0.55,0.2783666666666667,0.1,0.0,0.9283666666666667,True,True,cf-94a3cbb57dd9f88e670a,0.006410480333384427,0.1218615636827248,0.005177487148505148,False,False,False,0,0,0,1,4352,40,noisy_sim,9,4,3328,4,0,0.5,4,4,0.002911397649691061,0.12388330571212393,0.05556251877382549,0.09368415656939454,4,0.08,1,qubit_wise_commuting,8,8704,1088.0,1088,4,4,40,5,adapt_pauli_pool,0.6253276727837427,0.9154411764705882,0.0016,0.0105,0.018,0.00336,0.022400000000000003,0.038400000000000004,0.00176,0.011900000000000003,0.020400000000000005,1.0,1.0,migrate,ibm_brisbane,0.03406000000000001
sha256:bb79db6bc7871a7939d703a5266a8420fa17a45076d550458728c18268379432,fresh_rq4_9101_9108,fresh_evaluation,sigmetrics-rq4-fresh-operating-point-confirmation-v1,sha256:5750482173dcfa6f0132ad83b5b7c2198dd34d8873543e9e53f8d38420cff74c,sigmetrics-rq4-fresh-operating-point-confirmation-v1--497d407f881b4904,9102,adapt_vqe,paper,noisy_sim,B5,4,2,high_change,sha256:bb79db6bc7871a7939d703a5266a8420fa17a45076d550458728c18268379432-failure,sha256:c5ed3d2b870c2c1fb4065dd76c58e7c229c7bfcce63f09a70ea39f6f94857dc5,sha256:2b6db34aacbffdb427c6a86493c0c97d7fa901154c9c190f56705a55a8d2a0ee,sha256:bba49a3c81f6001e3cf2a488d02e36c2cd4c5c951d70da2b28ce889c7e5957d0,sha256:bec2204a9ca19757a2ba9fdce7447c66243c58804f4db49ba83e384d8439c0de,ibm_kyiv,ibm_kyiv,replay,replay:ibm_kyiv,ibm_kyiv,ibm_kyiv->ibm_kyiv,True,,1,1,8.0,1.0,controlled scenario descriptor,0.016,0.5333333333333333,derived recovery-time saved/current backend evidence,0,derived recovery-time saved/current backend identity,1,controlled scenario environment,0.55,0.18666666666666665,0.0,0.0,0.7366666666666667,True,True,cf-ec388d689ae5b822e794,0.00456662680328801,0.100841418158517,0.0037672653784812642,False,False,False,0,0,0,1,4352,40,noisy_sim,9,4,3328,4,0,0.5,4,4,0.002911397649691061,0.12388330571212393,0.05556251877382549,0.09368415656939454,4,0.08,1,qubit_wise_commuting,8,8704,1088.0,1088,4,4,40,5,adapt_pauli_pool,0.6253276727837427,0.9154411764705882,0.0016,0.0105,0.018,0.00288,0.0189,0.0324,0.00128,0.0084,0.0144,1.0,1.0,replay,ibm_kyiv,0.024079999999999997
sha256:bc5bfa03f60d32eae4823b6b958041dde472537adc499f6c10086b885585faf9,fresh_rq4_9101_9108,fresh_evaluation,sigmetrics-rq4-fresh-operating-point-confirmation-v1,sha256:5750482173dcfa6f0132ad83b5b7c2198dd34d8873543e9e53f8d38420cff74c,sigmetrics-rq4-fresh-operating-point-confirmation-v1--eaa4fa54853358a8,9105,lih_vqe,paper,noisy_sim,B5,4,2,no_change,sha256:bc5bfa03f60d32eae4823b6b958041dde472537adc499f6c10086b885585faf9-failure,sha256:2d4248f442689674fe2824aef8ce838c02701ff54e669abd824915a24d4ffd5d,sha256:0e7343b47d003afe2860e33d67399c12f7ed84b7f18c3a5e0d48aae47fda9990,sha256:c47932d509f62acb75888b4e18d00ff3fb54f3468768cff7bf362cbd2dcdb2a5,sha256:16403e533e494c9501ff4a60cc00175fcc4aeb97b6fade1330ef29b581e0db61,ibm_kyiv,ibm_kyiv,replay,replay:ibm_kyiv,ibm_kyiv,ibm_kyiv->ibm_kyiv,True,,1,1,0.0,0.0,controlled scenario descriptor,0.0,0.0,derived recovery-time saved/current backend evidence,0,derived recovery-time saved/current backend identity,1,controlled scenario environment,0.0,0.0,0.0,0.0,0.0,True,True,cf-41a2e4bca21df7d24849,0.0,0.0,0.0,True,True,True,1,1,1,0,6144,168,noisy_sim,9,4,5120,4,0,0.5,4,4,0.11471902441756665,0.6491670162460322,0.07923124690532371,0.42670244355446213,20,0.085,1,qubit_wise_commuting,8,12288,1536.0,1536,20,0,40,5,entangling_ry_rz_brickwork,2.228741510895825,0.6497395833333334,0.0016,0.0105,0.018,0.0016,0.0105,0.018,0.0,0.0,0.0,1.0,1.0,replay,ibm_kyiv,0.0
sha256:bcc2600a3bef9f31b18e17f1cf54c091602f802c56ce3e8b7138c065bd76d3b5,fresh_rq4_9101_9108,fresh_evaluation,sigmetrics-rq4-fresh-operating-point-confirmation-v1,sha256:5750482173dcfa6f0132ad83b5b7c2198dd34d8873543e9e53f8d38420cff74c,sigmetrics-rq4-fresh-operating-point-confirmation-v1--a5555d3c4c63c2e2,9105,adapt_vqe,paper,noisy_sim,B5,4,2,same_backend_delay,sha256:bcc2600a3bef9f31b18e17f1cf54c091602f802c56ce3e8b7138c065bd76d3b5-failure,sha256:2c9f55040aecb344bf11ed03b406f640a83801e093147d588e63db3f6f70fab7,sha256:2b5d5606b48121c83beae64c1c7cabbafc8d4853980e515ebdce93987de444de,sha256:b1849732b79eb5177de398eb4028fec64844d14f5dcc9d49fd46e4a775bfc005,sha256:6a66335fe0e8f7c66b5017a5913e5e5659489c416f4ce6f2df5b47eb9751b377,ibm_kyiv,ibm_sherbrooke,migrate,migrate:ibm_sherbrooke,ibm_sherbrooke,ibm_kyiv->ibm_sherbrooke,True,,1,1,0.0,0.0,controlled scenario descriptor,0.0018999999999999998,0.06333333333333332,derived recovery-time saved/current backend evidence,1,derived recovery-time saved/current backend identity,1,controlled scenario environment,0.0,0.02216666666666666,0.1,0.0,0.12216666666666667,True,True,cf-35b83bfc0bb1a4e48a32,0.0006673234166258979,0.006988467475387867,0.0012096225588044969,False,False,False,0,0,0,1,4352,40,noisy_sim,9,4,3328,4,0,0.5,4,4,0.0008988808701673179,0.06845019700063049,0.03043292180839381,0.05013498345441095,4,0.08,1,qubit_wise_commuting,8,8704,1088.0,1088,4,4,40,5,adapt_pauli_pool,0.6932330062084406,0.9053308823529411,0.0016,0.0105,0.018,0.0012,0.0095,0.017,0.0004000000000000002,0.0010000000000000009,0.0009999999999999974,1.0,1.0,migrate,ibm_sherbrooke,0.0023999999999999985
sha256:bcc2600a3bef9f31b18e17f1cf54c091602f802c56ce3e8b7138c065bd76d3b5,fresh_rq4_9101_9108,fresh_evaluation,sigmetrics-rq4-fresh-operating-point-confirmation-v1,sha256:5750482173dcfa6f0132ad83b5b7c2198dd34d8873543e9e53f8d38420cff74c,sigmetrics-rq4-fresh-operating-point-confirmation-v1--a5555d3c4c63c2e2,9105,adapt_vqe,paper,noisy_sim,B5,4,2,same_backend_delay,sha256:bcc2600a3bef9f31b18e17f1cf54c091602f802c56ce3e8b7138c065bd76d3b5-failure,sha256:2c9f55040aecb344bf11ed03b406f640a83801e093147d588e63db3f6f70fab7,sha256:2b5d5606b48121c83beae64c1c7cabbafc8d4853980e515ebdce93987de444de,sha256:b1849732b79eb5177de398eb4028fec64844d14f5dcc9d49fd46e4a775bfc005,sha256:6a66335fe0e8f7c66b5017a5913e5e5659489c416f4ce6f2df5b47eb9751b377,ibm_kyiv,ibm_kyiv,replay,replay:ibm_kyiv,ibm_kyiv,ibm_kyiv->ibm_kyiv,True,,1,1,4.0,0.8,controlled scenario descriptor,0.007999999999999998,0.2666666666666666,derived recovery-time saved/current backend evidence,0,derived recovery-time saved/current backend identity,1,controlled scenario environment,0.44000000000000006,0.09333333333333331,0.0,0.0,0.5333333333333333,True,True,cf-cac3f96d179b28c4e657,0.0022991958370122134,0.06219362931211421,0.0019334674931278635,False,False,False,0,0,0,1,4352,40,noisy_sim,9,4,3328,4,0,0.5,4,4,0.0008988808701673179,0.06845019700063049,0.03043292180839381,0.05013498345441095,4,0.08,1,qubit_wise_commuting,8,8704,1088.0,1088,4,4,40,5,adapt_pauli_pool,0.6932330062084406,0.9053308823529411,0.0016,0.0105,0.018,0.00224,0.0147,0.025199999999999997,0.0006399999999999997,0.004199999999999999,0.007199999999999998,1.0,1.0,replay,ibm_kyiv,0.012039999999999997
sha256:bdba4956e423846116ce0b632c7e6784f09c40f9574ef20c8795853b854b0c62,fresh_rq4_9101_9108,fresh_evaluation,sigmetrics-rq4-fresh-operating-point-confirmation-v1,sha256:5750482173dcfa6f0132ad83b5b7c2198dd34d8873543e9e53f8d38420cff74c,sigmetrics-rq4-fresh-operating-point-confirmation-v1--1f449c8bc9d41577,9105,h2_vqe,paper,noisy_sim,B5,4,2,same_backend_delay,sha256:bdba4956e423846116ce0b632c7e6784f09c40f9574ef20c8795853b854b0c62-failure,sha256:7f0b1f74a6dc1c26604ee880fa21e26774b4b947f6f2f0f7a071c180fdceb055,sha256:2b5d5606b48121c83beae64c1c7cabbafc8d4853980e515ebdce93987de444de,sha256:6b97ad82624cbf5bb09be560aa6bb9d630db90477bce3a53713c959f84ab3cbb,sha256:7cbfb4e0ee4e15a014348926bbf13087c59cdf38c286a19d8d0b6ce1d6bb306d,ibm_kyiv,ibm_sherbrooke,migrate,migrate:ibm_sherbrooke,ibm_sherbrooke,ibm_kyiv->ibm_sherbrooke,True,,1,1,0.0,0.0,controlled scenario descriptor,0.0018999999999999998,0.06333333333333332,derived recovery-time saved/current backend evidence,1,derived recovery-time saved/current backend identity,1,controlled scenario environment,0.0,0.02216666666666666,0.1,0.0,0.12216666666666667,True,True,cf-283fd1c7de55ec7a62da,0.005155195034021176,0.027546838077043473,0.005620993197646468,False,False,False,0,0,0,1,4992,104,noisy_sim,9,3,2976,4,0,0.42857142857142855,4,4,0.017154915509526525,0.19669865802039121,0.04147853102046067,0.11467805405587228,12,0.105,1,qubit_wise_commuting,7,8736,1248.0,1248,12,0,24,4,entangling_ry_rz_brickwork,1.2124382309675519,0.813301282051282,0.0016,0.0105,0.018,0.0012,0.0095,0.017,0.0004000000000000002,0.0010000000000000009,0.0009999999999999974,1.0,1.0,migrate,ibm_sherbrooke,0.0023999999999999985
sha256:bdba4956e423846116ce0b632c7e6784f09c40f9574ef20c8795853b854b0c62,fresh_rq4_9101_9108,fresh_evaluation,sigmetrics-rq4-fresh-operating-point-confirmation-v1,sha256:5750482173dcfa6f0132ad83b5b7c2198dd34d8873543e9e53f8d38420cff74c,sigmetrics-rq4-fresh-operating-point-confirmation-v1--1f449c8bc9d41577,9105,h2_vqe,paper,noisy_sim,B5,4,2,same_backend_delay,sha256:bdba4956e423846116ce0b632c7e6784f09c40f9574ef20c8795853b854b0c62-failure,sha256:7f0b1f74a6dc1c26604ee880fa21e26774b4b947f6f2f0f7a071c180fdceb055,sha256:2b5d5606b48121c83beae64c1c7cabbafc8d4853980e515ebdce93987de444de,sha256:6b97ad82624cbf5bb09be560aa6bb9d630db90477bce3a53713c959f84ab3cbb,sha256:7cbfb4e0ee4e15a014348926bbf13087c59cdf38c286a19d8d0b6ce1d6bb306d,ibm_kyiv,ibm_kyiv,replay,replay:ibm_kyiv,ibm_kyiv,ibm_kyiv->ibm_kyiv,True,,1,1,4.0,0.8,controlled scenario descriptor,0.007999999999999998,0.2666666666666666,derived recovery-time saved/current backend evidence,0,derived recovery-time saved/current backend identity,1,controlled scenario environment,0.44000000000000006,0.09333333333333331,0.0,0.0,0.5333333333333333,True,True,cf-3845ebdde624354fc187,0.012586629559887097,0.06469992964169756,0.015152644585225998,False,False,False,0,0,0,1,4992,104,noisy_sim,9,3,2976,4,0,0.42857142857142855,4,4,0.017154915509526525,0.19669865802039121,0.04147853102046067,0.11467805405587228,12,0.105,1,qubit_wise_commuting,7,8736,1248.0,1248,12,0,24,4,entangling_ry_rz_brickwork,1.2124382309675519,0.813301282051282,0.0016,0.0105,0.018,0.00224,0.0147,0.025199999999999997,0.0006399999999999997,0.004199999999999999,0.007199999999999998,1.0,1.0,replay,ibm_kyiv,0.012039999999999997
sha256:be5dc872111f891437e2bb6da2b7c33bc83ae5ae7e702452435f7db717c571b2,fresh_rq4_9101_9108,fresh_evaluation,sigmetrics-rq4-fresh-operating-point-confirmation-v1,sha256:5750482173dcfa6f0132ad83b5b7c2198dd34d8873543e9e53f8d38420cff74c,sigmetrics-rq4-fresh-operating-point-confirmation-v1--1a3d0074deeaaa6d,9103,h2_vqe,paper,noisy_sim,B5,4,2,same_backend_delay,sha256:be5dc872111f891437e2bb6da2b7c33bc83ae5ae7e702452435f7db717c571b2-failure,sha256:df9318e2399e7f538baaeaf9f749f4f2f0f65b9e4e79e135e6d874851eb7b094,sha256:2b5d5606b48121c83beae64c1c7cabbafc8d4853980e515ebdce93987de444de,sha256:6b97ad82624cbf5bb09be560aa6bb9d630db90477bce3a53713c959f84ab3cbb,sha256:79c66b278f96dcae3072c57bb2cb58c92ee678aa8ce24691a48fcd2cbf4619aa,ibm_kyiv,ibm_sherbrooke,migrate,migrate:ibm_sherbrooke,ibm_sherbrooke,ibm_kyiv->ibm_sherbrooke,True,,1,1,0.0,0.0,controlled scenario descriptor,0.0018999999999999998,0.06333333333333332,derived recovery-time saved/current backend evidence,1,derived recovery-time saved/current backend identity,1,controlled scenario environment,0.0,0.02216666666666666,0.1,0.0,0.12216666666666667,True,True,cf-3d881502bc962922277c,0.005029467485055061,0.013107696975434324,0.004970770737591745,False,False,False,0,0,0,1,4992,104,noisy_sim,9,3,2976,4,0,0.42857142857142855,4,4,0.04071458610398371,0.30097904645109214,0.05474476161292497,0.24409850992899162,12,0.105,1,qubit_wise_commuting,7,8736,1248.0,1248,12,0,24,4,entangling_ry_rz_brickwork,0.9379920586581344,0.8597756410256411,0.0016,0.0105,0.018,0.0012,0.0095,0.017,0.0004000000000000002,0.0010000000000000009,0.0009999999999999974,1.0,1.0,migrate,ibm_sherbrooke,0.0023999999999999985
sha256:be5dc872111f891437e2bb6da2b7c33bc83ae5ae7e702452435f7db717c571b2,fresh_rq4_9101_9108,fresh_evaluation,sigmetrics-rq4-fresh-operating-point-confirmation-v1,sha256:5750482173dcfa6f0132ad83b5b7c2198dd34d8873543e9e53f8d38420cff74c,sigmetrics-rq4-fresh-operating-point-confirmation-v1--1a3d0074deeaaa6d,9103,h2_vqe,paper,noisy_sim,B5,4,2,same_backend_delay,sha256:be5dc872111f891437e2bb6da2b7c33bc83ae5ae7e702452435f7db717c571b2-failure,sha256:df9318e2399e7f538baaeaf9f749f4f2f0f65b9e4e79e135e6d874851eb7b094,sha256:2b5d5606b48121c83beae64c1c7cabbafc8d4853980e515ebdce93987de444de,sha256:6b97ad82624cbf5bb09be560aa6bb9d630db90477bce3a53713c959f84ab3cbb,sha256:79c66b278f96dcae3072c57bb2cb58c92ee678aa8ce24691a48fcd2cbf4619aa,ibm_kyiv,ibm_kyiv,replay,replay:ibm_kyiv,ibm_kyiv,ibm_kyiv->ibm_kyiv,True,,1,1,4.0,0.8,controlled scenario descriptor,0.007999999999999998,0.2666666666666666,derived recovery-time saved/current backend evidence,0,derived recovery-time saved/current backend identity,1,controlled scenario environment,0.44000000000000006,0.09333333333333331,0.0,0.0,0.5333333333333333,True,True,cf-d645a5450089178214ee,0.012216608202530788,0.06822355562050167,0.0136059284949982,False,False,False,0,0,0,1,4992,104,noisy_sim,9,3,2976,4,0,0.42857142857142855,4,4,0.04071458610398371,0.30097904645109214,0.05474476161292497,0.24409850992899162,12,0.105,1,qubit_wise_commuting,7,8736,1248.0,1248,12,0,24,4,entangling_ry_rz_brickwork,0.9379920586581344,0.8597756410256411,0.0016,0.0105,0.018,0.00224,0.0147,0.025199999999999997,0.0006399999999999997,0.004199999999999999,0.007199999999999998,1.0,1.0,replay,ibm_kyiv,0.012039999999999997
sha256:bea92ea0c7a19609b71a5137d25c867e28dc0a442e2c1ba287139ab14db30387,fresh_rq4_9101_9108,fresh_evaluation,sigmetrics-rq4-fresh-operating-point-confirmation-v1,sha256:5750482173dcfa6f0132ad83b5b7c2198dd34d8873543e9e53f8d38420cff74c,sigmetrics-rq4-fresh-operating-point-confirmation-v1--157c2ba79656409b,9105,lih_vqe,paper,noisy_sim,B5,4,2,cross_backend,sha256:bea92ea0c7a19609b71a5137d25c867e28dc0a442e2c1ba287139ab14db30387-failure,sha256:2d4248f442689674fe2824aef8ce838c02701ff54e669abd824915a24d4ffd5d,sha256:3e961724e06d6d711a9338896a03f47484a702bab4903cdf8ef8771396da980d,sha256:90a6fc287341ee3482d2a787f7389b00e56a0ec391204063de2bd98be7b5816e,sha256:203ca6c94cd3e83fbb3c40c921c750b5c64cb49cc744c446ee887fca10bbeb13,ibm_kyiv,ibm_brisbane,migrate,migrate:ibm_brisbane,ibm_brisbane,ibm_kyiv->ibm_brisbane,True,,1,1,0.0,0.0,controlled scenario descriptor,0.007,0.23333333333333334,derived recovery-time saved/current backend evidence,1,derived recovery-time saved/current backend identity,1,controlled scenario environment,0.0,0.08166666666666667,0.1,0.0,0.18166666666666667,True,True,cf-8a371ada764b3ff66673,0.008646876830345818,0.0695002823867883,0.021093874489495765,False,False,False,0,0,0,1,6144,168,noisy_sim,9,4,5120,4,0,0.5,4,4,0.11471902441756665,0.6491670162460322,0.07923124690532371,0.42670244355446213,20,0.085,1,qubit_wise_commuting,8,12288,1536.0,1536,20,0,40,5,entangling_ry_rz_brickwork,2.228741510895825,0.6497395833333334,0.0016,0.0105,0.018,0.0021,0.014,0.024,0.0004999999999999998,0.0034999999999999996,0.006000000000000002,1.0,1.0,migrate,ibm_brisbane,0.010000000000000002
sha256:bea92ea0c7a19609b71a5137d25c867e28dc0a442e2c1ba287139ab14db30387,fresh_rq4_9101_9108,fresh_evaluation,sigmetrics-rq4-fresh-operating-point-confirmation-v1,sha256:5750482173dcfa6f0132ad83b5b7c2198dd34d8873543e9e53f8d38420cff74c,sigmetrics-rq4-fresh-operating-point-confirmation-v1--157c2ba79656409b,9105,lih_vqe,paper,noisy_sim,B5,4,2,cross_backend,sha256:bea92ea0c7a19609b71a5137d25c867e28dc0a442e2c1ba287139ab14db30387-failure,sha256:2d4248f442689674fe2824aef8ce838c02701ff54e669abd824915a24d4ffd5d,sha256:3e961724e06d6d711a9338896a03f47484a702bab4903cdf8ef8771396da980d,sha256:90a6fc287341ee3482d2a787f7389b00e56a0ec391204063de2bd98be7b5816e,sha256:203ca6c94cd3e83fbb3c40c921c750b5c64cb49cc744c446ee887fca10bbeb13,ibm_kyiv,ibm_sherbrooke,migrate,migrate:ibm_sherbrooke,ibm_sherbrooke,ibm_kyiv->ibm_sherbrooke,True,,1,1,0.0,0.0,controlled scenario descriptor,0.0018999999999999998,0.06333333333333332,derived recovery-time saved/current backend evidence,1,derived recovery-time saved/current backend identity,1,controlled scenario environment,0.0,0.02216666666666666,0.1,0.0,0.12216666666666667,True,True,cf-975d53e90f387bb6f439,0.004021290536242006,0.01424701538583688,0.009681958286225438,False,False,False,0,0,0,1,6144,168,noisy_sim,9,4,5120,4,0,0.5,4,4,0.11471902441756665,0.6491670162460322,0.07923124690532371,0.42670244355446213,20,0.085,1,qubit_wise_commuting,8,12288,1536.0,1536,20,0,40,5,entangling_ry_rz_brickwork,2.228741510895825,0.6497395833333334,0.0016,0.0105,0.018,0.0012,0.0095,0.017,0.0004000000000000002,0.0010000000000000009,0.0009999999999999974,1.0,1.0,migrate,ibm_sherbrooke,0.0023999999999999985
sha256:c0a205424dd4974cd6f8301f52a2bd74819a7c3c02a9e2f6c3a1721081de6792,fresh_rq4_9101_9108,fresh_evaluation,sigmetrics-rq4-fresh-operating-point-confirmation-v1,sha256:5750482173dcfa6f0132ad83b5b7c2198dd34d8873543e9e53f8d38420cff74c,sigmetrics-rq4-fresh-operating-point-confirmation-v1--ee2bdbfbb56300fe,9102,lih_vqe,paper,noisy_sim,B5,4,2,safe_change,sha256:c0a205424dd4974cd6f8301f52a2bd74819a7c3c02a9e2f6c3a1721081de6792-failure,sha256:cb37a9d2ac77d1a789150b6217863cd8cc01ebf0bae6c473c2350a4fca705673,sha256:8aa9fd73acdbefb930184631c530ac1ad4750da95e7359345a133016be010a68,sha256:f153a653cabcc0d3e38fb1af8137fb44b49a89a01ef79eb6e01d15143d6b4d75,sha256:ef8db5d782d1b110974df76ba9d1a5fffdacb3ddfb639cdf3e68a8c52117edfe,ibm_kyiv,ibm_kyiv,replay,replay:ibm_kyiv,ibm_kyiv,ibm_kyiv->ibm_kyiv,True,,1,1,0.1,0.02,controlled scenario descriptor,0.00020000000000000017,0.006666666666666672,derived recovery-time saved/current backend evidence,0,derived recovery-time saved/current backend identity,1,controlled scenario environment,0.011000000000000001,0.0023333333333333353,0.0,0.0,0.013333333333333336,True,True,cf-5ce35e371aacb738f35c,0.00013733264119153432,0.02227516111893709,0.0006793083026652784,True,True,True,1,1,1,0,5504,168,noisy_sim,9,4,4480,4,0,0.5,4,4,0.08722161196329026,0.5937326697327159,0.06976914567926103,0.3911920535054748,20,0.085,1,qubit_wise_commuting,8,11008,1376.0,1376,20,0,40,5,entangling_ry_rz_brickwork,1.641400243218241,0.7696220930232558,0.0016,0.0105,0.018,0.001616,0.010605000000000002,0.018179999999999998,1.5999999999999955e-05,0.00010500000000000093,0.0001799999999999996,1.0,1.0,replay,ibm_kyiv,0.0003010000000000005
sha256:c206cf6207c90ca340e8ca7c2ce6e9848027aaedf5116f805a3d3989a8bb8686,fresh_rq4_9101_9108,fresh_evaluation,sigmetrics-rq4-fresh-operating-point-confirmation-v1,sha256:5750482173dcfa6f0132ad83b5b7c2198dd34d8873543e9e53f8d38420cff74c,sigmetrics-rq4-fresh-operating-point-confirmation-v1--2a658dd5b823f777,9103,lih_vqe,paper,noisy_sim,B5,4,2,cross_backend,sha256:c206cf6207c90ca340e8ca7c2ce6e9848027aaedf5116f805a3d3989a8bb8686-failure,sha256:0676dba8cde0a33732ed4fb348f79e82fbf012caf796acfc58a04689449e875b,sha256:3e961724e06d6d711a9338896a03f47484a702bab4903cdf8ef8771396da980d,sha256:90a6fc287341ee3482d2a787f7389b00e56a0ec391204063de2bd98be7b5816e,sha256:966673cf02cce6c7d22216204ccd8f2210cb67ee2280d85fc082843921667906,ibm_kyiv,ibm_brisbane,migrate,migrate:ibm_brisbane,ibm_brisbane,ibm_kyiv->ibm_brisbane,True,,1,1,0.0,0.0,controlled scenario descriptor,0.007,0.23333333333333334,derived recovery-time saved/current backend evidence,1,derived recovery-time saved/current backend identity,1,controlled scenario environment,0.0,0.08166666666666667,0.1,0.0,0.18166666666666667,True,True,cf-1a6c15b75637a905a4c9,0.006413457744717022,0.06705210119406896,0.02373230075702541,False,False,False,0,0,0,1,5504,168,noisy_sim,9,4,4480,4,0,0.5,4,4,0.05107819738228514,0.4986937984665658,0.06384613455191948,0.34972744358644625,20,0.085,1,qubit_wise_commuting,8,11008,1376.0,1376,20,0,40,5,entangling_ry_rz_brickwork,1.682022188332645,0.7543604651162791,0.0016,0.0105,0.018,0.0021,0.014,0.024,0.0004999999999999998,0.0034999999999999996,0.006000000000000002,1.0,1.0,migrate,ibm_brisbane,0.010000000000000002
sha256:c206cf6207c90ca340e8ca7c2ce6e9848027aaedf5116f805a3d3989a8bb8686,fresh_rq4_9101_9108,fresh_evaluation,sigmetrics-rq4-fresh-operating-point-confirmation-v1,sha256:5750482173dcfa6f0132ad83b5b7c2198dd34d8873543e9e53f8d38420cff74c,sigmetrics-rq4-fresh-operating-point-confirmation-v1--2a658dd5b823f777,9103,lih_vqe,paper,noisy_sim,B5,4,2,cross_backend,sha256:c206cf6207c90ca340e8ca7c2ce6e9848027aaedf5116f805a3d3989a8bb8686-failure,sha256:0676dba8cde0a33732ed4fb348f79e82fbf012caf796acfc58a04689449e875b,sha256:3e961724e06d6d711a9338896a03f47484a702bab4903cdf8ef8771396da980d,sha256:90a6fc287341ee3482d2a787f7389b00e56a0ec391204063de2bd98be7b5816e,sha256:966673cf02cce6c7d22216204ccd8f2210cb67ee2280d85fc082843921667906,ibm_kyiv,ibm_sherbrooke,migrate,migrate:ibm_sherbrooke,ibm_sherbrooke,ibm_kyiv->ibm_sherbrooke,True,,1,1,0.0,0.0,controlled scenario descriptor,0.0018999999999999998,0.06333333333333332,derived recovery-time saved/current backend evidence,1,derived recovery-time saved/current backend identity,1,controlled scenario environment,0.0,0.02216666666666666,0.1,0.0,0.12216666666666667,True,True,cf-56ef953ea59642b973d1,0.0028081606200940357,0.043073298302693956,0.010734230677207753,False,False,False,0,0,0,1,5504,168,noisy_sim,9,4,4480,4,0,0.5,4,4,0.05107819738228514,0.4986937984665658,0.06384613455191948,0.34972744358644625,20,0.085,1,qubit_wise_commuting,8,11008,1376.0,1376,20,0,40,5,entangling_ry_rz_brickwork,1.682022188332645,0.7543604651162791,0.0016,0.0105,0.018,0.0012,0.0095,0.017,0.0004000000000000002,0.0010000000000000009,0.0009999999999999974,1.0,1.0,migrate,ibm_sherbrooke,0.0023999999999999985
sha256:c22ce54046e1aeb6e73e4ebc8e49daaf67f1c1485be988509056b57adb8e2f0a,fresh_rq4_9101_9108,fresh_evaluation,sigmetrics-rq4-fresh-operating-point-confirmation-v1,sha256:5750482173dcfa6f0132ad83b5b7c2198dd34d8873543e9e53f8d38420cff74c,sigmetrics-rq4-fresh-operating-point-confirmation-v1--0ab5e4343f43c0b7,9102,adapt_vqe,paper,noisy_sim,B5,4,2,safe_change,sha256:c22ce54046e1aeb6e73e4ebc8e49daaf67f1c1485be988509056b57adb8e2f0a-failure,sha256:c5ed3d2b870c2c1fb4065dd76c58e7c229c7bfcce63f09a70ea39f6f94857dc5,sha256:8aa9fd73acdbefb930184631c530ac1ad4750da95e7359345a133016be010a68,sha256:4dc43ddf8e7e7dbaa94146e3cde4496d8eeb3edbc8bccc44b9d6a1d96bd372c5,sha256:7d0bef050cfc046606f6f0b92470553758f81e2663be6f65bf27143efa0b7d74,ibm_kyiv,ibm_kyiv,replay,replay:ibm_kyiv,ibm_kyiv,ibm_kyiv->ibm_kyiv,True,,1,1,0.1,0.02,controlled scenario descriptor,0.00020000000000000017,0.006666666666666672,derived recovery-time saved/current backend evidence,0,derived recovery-time saved/current backend identity,1,controlled scenario environment,0.011000000000000001,0.0023333333333333353,0.0,0.0,0.013333333333333336,True,True,cf-e5ff579d387848e35167,5.709795151176422e-05,0.0023369820697052134,4.7150788526128745e-05,True,True,True,1,1,1,0,4352,40,noisy_sim,9,4,3328,4,0,0.5,4,4,0.002911397649691061,0.12388330571212393,0.05556251877382549,0.09368415656939454,4,0.08,1,qubit_wise_commuting,8,8704,1088.0,1088,4,4,40,5,adapt_pauli_pool,0.6253276727837427,0.9154411764705882,0.0016,0.0105,0.018,0.001616,0.010605000000000002,0.018179999999999998,1.5999999999999955e-05,0.00010500000000000093,0.0001799999999999996,1.0,1.0,replay,ibm_kyiv,0.0003010000000000005
sha256:c26db1a9dfcf38066711611611865d55542376ca1b31d898fef5c811561da7af,fresh_rq4_9101_9108,fresh_evaluation,sigmetrics-rq4-fresh-operating-point-confirmation-v1,sha256:5750482173dcfa6f0132ad83b5b7c2198dd34d8873543e9e53f8d38420cff74c,sigmetrics-rq4-fresh-operating-point-confirmation-v1--08382e7e62c65157,9105,qaoa_maxcut,paper,noisy_sim,B5,4,2,cross_backend,sha256:c26db1a9dfcf38066711611611865d55542376ca1b31d898fef5c811561da7af-failure,sha256:7355d8a80ba19b3aaf6fa6f038ce1abd6cd5473467d29f301e041e41dc049865,sha256:3e961724e06d6d711a9338896a03f47484a702bab4903cdf8ef8771396da980d,sha256:b8c94dadcfefd358a0915470a4fcf21397130942d687be7c1144ae9b7636f1c6,sha256:6827b6ea3ebd6628fc3c7a817aa9cb9c0917cc8dd25acd0b9b71de5e11e22df9,ibm_kyiv,ibm_brisbane,migrate,migrate:ibm_brisbane,ibm_brisbane,ibm_kyiv->ibm_brisbane,True,,1,1,0.0,0.0,controlled scenario descriptor,0.007,0.23333333333333334,derived recovery-time saved/current backend evidence,1,derived recovery-time saved/current backend identity,1,controlled scenario environment,0.0,0.08166666666666667,0.1,0.0,0.18166666666666667,True,True,cf-875665f184682ed452c8,0.023989419572214565,0.08653628877513136,0.6268308626995461,False,False,False,0,0,0,1,16512,40,noisy_sim,9,1,4128,0,0,1.0,4,4,2.598484756426674,4.079975252905497,1.732519833313257,3.591084984622918,4,0.12,1,qubit_wise_commuting,1,4128,4128.0,4128,4,0,10,6,qaoa_maxcut,5.697204522573214,0.0876937984496124,0.0016,0.0105,0.018,0.0021,0.014,0.024,0.0004999999999999998,0.0034999999999999996,0.006000000000000002,1.0,1.0,migrate,ibm_brisbane,0.010000000000000002
sha256:c26db1a9dfcf38066711611611865d55542376ca1b31d898fef5c811561da7af,fresh_rq4_9101_9108,fresh_evaluation,sigmetrics-rq4-fresh-operating-point-confirmation-v1,sha256:5750482173dcfa6f0132ad83b5b7c2198dd34d8873543e9e53f8d38420cff74c,sigmetrics-rq4-fresh-operating-point-confirmation-v1--08382e7e62c65157,9105,qaoa_maxcut,paper,noisy_sim,B5,4,2,cross_backend,sha256:c26db1a9dfcf38066711611611865d55542376ca1b31d898fef5c811561da7af-failure,sha256:7355d8a80ba19b3aaf6fa6f038ce1abd6cd5473467d29f301e041e41dc049865,sha256:3e961724e06d6d711a9338896a03f47484a702bab4903cdf8ef8771396da980d,sha256:b8c94dadcfefd358a0915470a4fcf21397130942d687be7c1144ae9b7636f1c6,sha256:6827b6ea3ebd6628fc3c7a817aa9cb9c0917cc8dd25acd0b9b71de5e11e22df9,ibm_kyiv,ibm_sherbrooke,migrate,migrate:ibm_sherbrooke,ibm_sherbrooke,ibm_kyiv->ibm_sherbrooke,True,,1,1,0.0,0.0,controlled scenario descriptor,0.0018999999999999998,0.06333333333333332,derived recovery-time saved/current backend evidence,1,derived recovery-time saved/current backend identity,1,controlled scenario environment,0.0,0.02216666666666666,0.1,0.0,0.12216666666666667,True,True,cf-3b0f1ca4b998556aa9f4,0.17744876020599865,0.050157142133976075,0.17870462019318467,False,True,False,0,1,0,1,16512,40,noisy_sim,9,1,4128,0,0,1.0,4,4,2.598484756426674,4.079975252905497,1.732519833313257,3.591084984622918,4,0.12,1,qubit_wise_commuting,1,4128,4128.0,4128,4,0,10,6,qaoa_maxcut,5.697204522573214,0.0876937984496124,0.0016,0.0105,0.018,0.0012,0.0095,0.017,0.0004000000000000002,0.0010000000000000009,0.0009999999999999974,1.0,1.0,migrate,ibm_sherbrooke,0.0023999999999999985
sha256:c498de21fe69c09b829aec9d9b2fc14679d068b076a0fd18fce720b2fc65eaf8,fresh_rq4_9101_9108,fresh_evaluation,sigmetrics-rq4-fresh-operating-point-confirmation-v1,sha256:5750482173dcfa6f0132ad83b5b7c2198dd34d8873543e9e53f8d38420cff74c,sigmetrics-rq4-fresh-operating-point-confirmation-v1--cc03f7fe7407d3fd,9106,qaoa_maxcut,paper,noisy_sim,B5,4,2,high_change,sha256:c498de21fe69c09b829aec9d9b2fc14679d068b076a0fd18fce720b2fc65eaf8-failure,sha256:4b13dc787b6dcec40406bfe6cbf08d6868f725edc13de933d65c8b41b007ecf4,sha256:2b6db34aacbffdb427c6a86493c0c97d7fa901154c9c190f56705a55a8d2a0ee,sha256:56ebe2ae23f982821e5cb20c223cf12264e80a93b5807dcea8a8ddb40107f761,sha256:8c07a0cdcb2c2567d5d6b3650381ae1eaf8775bd1eb600fe888b637d0c94ed35,ibm_kyiv,ibm_brisbane,migrate,migrate:ibm_brisbane,ibm_brisbane,ibm_kyiv->ibm_brisbane,True,,1,1,6.0,1.0,controlled scenario descriptor,0.023860000000000006,0.7953333333333336,derived recovery-time saved/current backend evidence,1,derived recovery-time saved/current backend identity,1,controlled scenario environment,0.55,0.2783666666666667,0.1,0.0,0.9283666666666667,True,True,cf-6f6d317700dd83287c37,0.7231602704340476,0.16361193644769206,2.0389578986996275,False,False,False,0,0,0,1,16384,40,noisy_sim,9,1,4096,0,0,1.0,4,4,-0.09918899322874886,5.776992671926344,2.0298838993852986,5.440245559664102,4,0.12,1,qubit_wise_commuting,1,4096,4096.0,4096,4,0,10,6,qaoa_maxcut,5.2531010300483505,0.116943359375,0.0016,0.0105,0.018,0.00336,0.022400000000000003,0.038400000000000004,0.00176,0.011900000000000003,0.020400000000000005,1.0,1.0,migrate,ibm_brisbane,0.03406000000000001
sha256:c498de21fe69c09b829aec9d9b2fc14679d068b076a0fd18fce720b2fc65eaf8,fresh_rq4_9101_9108,fresh_evaluation,sigmetrics-rq4-fresh-operating-point-confirmation-v1,sha256:5750482173dcfa6f0132ad83b5b7c2198dd34d8873543e9e53f8d38420cff74c,sigmetrics-rq4-fresh-operating-point-confirmation-v1--cc03f7fe7407d3fd,9106,qaoa_maxcut,paper,noisy_sim,B5,4,2,high_change,sha256:c498de21fe69c09b829aec9d9b2fc14679d068b076a0fd18fce720b2fc65eaf8-failure,sha256:4b13dc787b6dcec40406bfe6cbf08d6868f725edc13de933d65c8b41b007ecf4,sha256:2b6db34aacbffdb427c6a86493c0c97d7fa901154c9c190f56705a55a8d2a0ee,sha256:56ebe2ae23f982821e5cb20c223cf12264e80a93b5807dcea8a8ddb40107f761,sha256:8c07a0cdcb2c2567d5d6b3650381ae1eaf8775bd1eb600fe888b637d0c94ed35,ibm_kyiv,ibm_kyiv,replay,replay:ibm_kyiv,ibm_kyiv,ibm_kyiv->ibm_kyiv,True,,1,1,8.0,1.0,controlled scenario descriptor,0.016,0.5333333333333333,derived recovery-time saved/current backend evidence,0,derived recovery-time saved/current backend identity,1,controlled scenario environment,0.55,0.18666666666666665,0.0,0.0,0.7366666666666667,True,True,cf-2cac0987c7c3e439a0bb,0.2378196825758625,0.16728708676327553,2.6010947397919617,False,False,False,0,0,0,1,16384,40,noisy_sim,9,1,4096,0,0,1.0,4,4,-0.09918899322874886,5.776992671926344,2.0298838993852986,5.440245559664102,4,0.12,1,qubit_wise_commuting,1,4096,4096.0,4096,4,0,10,6,qaoa_maxcut,5.2531010300483505,0.116943359375,0.0016,0.0105,0.018,0.00288,0.0189,0.0324,0.00128,0.0084,0.0144,1.0,1.0,replay,ibm_kyiv,0.024079999999999997
sha256:c8cb0bda2a8eadd9c0d28bdbdd5d460c8f3358d9b855dcad919ecf6eece4d4d6,fresh_rq4_9101_9108,fresh_evaluation,sigmetrics-rq4-fresh-operating-point-confirmation-v1,sha256:5750482173dcfa6f0132ad83b5b7c2198dd34d8873543e9e53f8d38420cff74c,sigmetrics-rq4-fresh-operating-point-confirmation-v1--8d1b762fbcab3351,9101,qaoa_maxcut,paper,noisy_sim,B5,4,2,no_change,sha256:c8cb0bda2a8eadd9c0d28bdbdd5d460c8f3358d9b855dcad919ecf6eece4d4d6-failure,sha256:0c234b6ed8a49623078592ed813a0fb82d22d42f594eaf67b57643c8c30bb7b0,sha256:0e7343b47d003afe2860e33d67399c12f7ed84b7f18c3a5e0d48aae47fda9990,sha256:beaa270a390816fadd39bf6e4cf2cb1d92f7bf84678ac415bf7f191142ad2044,sha256:87e8992318f286c4e4a390f9fa14161643fa36f50519a6e3ee617ecbd7516a3b,ibm_kyiv,ibm_kyiv,replay,replay:ibm_kyiv,ibm_kyiv,ibm_kyiv->ibm_kyiv,True,,1,1,0.0,0.0,controlled scenario descriptor,0.0,0.0,derived recovery-time saved/current backend evidence,0,derived recovery-time saved/current backend identity,1,controlled scenario environment,0.0,0.0,0.0,0.0,0.0,True,True,cf-1c5605af3066527fde4a,0.0,0.0,0.0,True,True,True,1,1,1,0,16512,40,noisy_sim,9,1,4128,0,0,1.0,4,4,2.719555426467546,6.618026112914127,2.3944239958012363,5.7572370358974805,4,0.12,1,qubit_wise_commuting,1,4128,4128.0,4128,4,0,10,6,qaoa_maxcut,4.873993929984981,0.20397286821705427,0.0016,0.0105,0.018,0.0016,0.0105,0.018,0.0,0.0,0.0,1.0,1.0,replay,ibm_kyiv,0.0
sha256:c94ba75ddc2ce008b00b3f90f48916823b78b938fa573f6899a332841fd9fa5d,fresh_rq4_9101_9108,fresh_evaluation,sigmetrics-rq4-fresh-operating-point-confirmation-v1,sha256:5750482173dcfa6f0132ad83b5b7c2198dd34d8873543e9e53f8d38420cff74c,sigmetrics-rq4-fresh-operating-point-confirmation-v1--d90a38547392a194,9105,h2_vqe,paper,noisy_sim,B5,4,2,high_change,sha256:c94ba75ddc2ce008b00b3f90f48916823b78b938fa573f6899a332841fd9fa5d-failure,sha256:7f0b1f74a6dc1c26604ee880fa21e26774b4b947f6f2f0f7a071c180fdceb055,sha256:2b6db34aacbffdb427c6a86493c0c97d7fa901154c9c190f56705a55a8d2a0ee,sha256:94e11cf4ea4c74d973b64129cefe2805f81a297533fc0020c3c844df147749e1,sha256:2a172e8f01519ee6873714b13f90b25f6519af2e2f1d249694e0c2a52875194d,ibm_kyiv,ibm_brisbane,migrate,migrate:ibm_brisbane,ibm_brisbane,ibm_kyiv->ibm_brisbane,True,,1,1,6.0,1.0,controlled scenario descriptor,0.023860000000000006,0.7953333333333336,derived recovery-time saved/current backend evidence,1,derived recovery-time saved/current backend identity,1,controlled scenario environment,0.55,0.2783666666666667,0.1,0.0,0.9283666666666667,True,True,cf-bdc022047c4770696439,0.03476417634935025,0.11677762748311984,0.042133781338983795,False,False,False,0,0,0,1,4992,104,noisy_sim,9,3,2976,4,0,0.42857142857142855,4,4,0.017154915509526525,0.19669865802039121,0.04147853102046067,0.11467805405587228,12,0.105,1,qubit_wise_commuting,7,8736,1248.0,1248,12,0,24,4,entangling_ry_rz_brickwork,1.2124382309675519,0.813301282051282,0.0016,0.0105,0.018,0.00336,0.022400000000000003,0.038400000000000004,0.00176,0.011900000000000003,0.020400000000000005,1.0,1.0,migrate,ibm_brisbane,0.03406000000000001
sha256:c94ba75ddc2ce008b00b3f90f48916823b78b938fa573f6899a332841fd9fa5d,fresh_rq4_9101_9108,fresh_evaluation,sigmetrics-rq4-fresh-operating-point-confirmation-v1,sha256:5750482173dcfa6f0132ad83b5b7c2198dd34d8873543e9e53f8d38420cff74c,sigmetrics-rq4-fresh-operating-point-confirmation-v1--d90a38547392a194,9105,h2_vqe,paper,noisy_sim,B5,4,2,high_change,sha256:c94ba75ddc2ce008b00b3f90f48916823b78b938fa573f6899a332841fd9fa5d-failure,sha256:7f0b1f74a6dc1c26604ee880fa21e26774b4b947f6f2f0f7a071c180fdceb055,sha256:2b6db34aacbffdb427c6a86493c0c97d7fa901154c9c190f56705a55a8d2a0ee,sha256:94e11cf4ea4c74d973b64129cefe2805f81a297533fc0020c3c844df147749e1,sha256:2a172e8f01519ee6873714b13f90b25f6519af2e2f1d249694e0c2a52875194d,ibm_kyiv,ibm_kyiv,replay,replay:ibm_kyiv,ibm_kyiv,ibm_kyiv->ibm_kyiv,True,,1,1,8.0,1.0,controlled scenario descriptor,0.016,0.5333333333333333,derived recovery-time saved/current backend evidence,0,derived recovery-time saved/current backend identity,1,controlled scenario environment,0.55,0.18666666666666665,0.0,0.0,0.7366666666666667,True,True,cf-268ef2915fa8223d0bbe,0.024982813376496438,0.09821612754325984,0.030155206665855205,False,False,False,0,0,0,1,4992,104,noisy_sim,9,3,2976,4,0,0.42857142857142855,4,4,0.017154915509526525,0.19669865802039121,0.04147853102046067,0.11467805405587228,12,0.105,1,qubit_wise_commuting,7,8736,1248.0,1248,12,0,24,4,entangling_ry_rz_brickwork,1.2124382309675519,0.813301282051282,0.0016,0.0105,0.018,0.00288,0.0189,0.0324,0.00128,0.0084,0.0144,1.0,1.0,replay,ibm_kyiv,0.024079999999999997
sha256:cb17c9a708dcdd0c1f83e33eb72b7f223208c7f23a9a8f9999d59e2b219e20fd,fresh_rq4_9101_9108,fresh_evaluation,sigmetrics-rq4-fresh-operating-point-confirmation-v1,sha256:5750482173dcfa6f0132ad83b5b7c2198dd34d8873543e9e53f8d38420cff74c,sigmetrics-rq4-fresh-operating-point-confirmation-v1--0a1f50e8d8d333be,9102,qaoa_maxcut,paper,noisy_sim,B5,4,2,safe_change,sha256:cb17c9a708dcdd0c1f83e33eb72b7f223208c7f23a9a8f9999d59e2b219e20fd-failure,sha256:78ede409ebf393c47a3779b2dccbd3586f47bc18d419d2f525214fbb01057bdf,sha256:8aa9fd73acdbefb930184631c530ac1ad4750da95e7359345a133016be010a68,sha256:a9aa49d0abe0c0e8c2ca3406cdae5818d28f0e352c4a812e712215e808676f00,sha256:3d69ea37bfce35d91f7c730de924f6cd8fd51f2180b146dd8362d79c308ac6ec,ibm_kyiv,ibm_kyiv,replay,replay:ibm_kyiv,ibm_kyiv,ibm_kyiv->ibm_kyiv,True,,1,1,0.1,0.02,controlled scenario descriptor,0.00020000000000000017,0.006666666666666672,derived recovery-time saved/current backend evidence,0,derived recovery-time saved/current backend identity,1,controlled scenario environment,0.011000000000000001,0.0023333333333333353,0.0,0.0,0.013333333333333336,True,True,cf-e774c30ded7f54d3db86,0.0008451846843993138,0.007149681804640435,0.05173074439261814,True,True,True,1,1,1,0,16384,40,noisy_sim,9,1,4096,0,0,1.0,4,4,-0.4493148219818415,5.21872919623111,1.9550673178615847,4.689355328485631,4,0.12,1,qubit_wise_commuting,1,4096,4096.0,4096,4,0,10,6,qaoa_maxcut,5.981189002384831,0.02197265625,0.0016,0.0105,0.018,0.001616,0.010605000000000002,0.018179999999999998,1.5999999999999955e-05,0.00010500000000000093,0.0001799999999999996,1.0,1.0,replay,ibm_kyiv,0.0003010000000000005
sha256:cbf87e6f30c61a90de205461b6cc22762d1b804f88e1f4ba5d0c41ddfa751c5c,fresh_rq4_9101_9108,fresh_evaluation,sigmetrics-rq4-fresh-operating-point-confirmation-v1,sha256:5750482173dcfa6f0132ad83b5b7c2198dd34d8873543e9e53f8d38420cff74c,sigmetrics-rq4-fresh-operating-point-confirmation-v1--8dee7affb8e03da5,9101,adapt_vqe,paper,noisy_sim,B5,4,2,same_backend_delay,sha256:cbf87e6f30c61a90de205461b6cc22762d1b804f88e1f4ba5d0c41ddfa751c5c-failure,sha256:24981ccf032f587353b083625fc9a2ac2feda2bbda3f737b97287a47b5676d5b,sha256:2b5d5606b48121c83beae64c1c7cabbafc8d4853980e515ebdce93987de444de,sha256:b1849732b79eb5177de398eb4028fec64844d14f5dcc9d49fd46e4a775bfc005,sha256:d7bba018fa8b4c5caa644db3a5bbc72ec92bf201ff24ef586eb90d993bfbb159,ibm_kyiv,ibm_sherbrooke,migrate,migrate:ibm_sherbrooke,ibm_sherbrooke,ibm_kyiv->ibm_sherbrooke,True,,1,1,0.0,0.0,controlled scenario descriptor,0.0018999999999999998,0.06333333333333332,derived recovery-time saved/current backend evidence,1,derived recovery-time saved/current backend identity,1,controlled scenario environment,0.0,0.02216666666666666,0.1,0.0,0.12216666666666667,True,True,cf-efdebcc1e6afd0b46454,0.000680595577976284,0.06442853206790995,0.0010482340353692027,False,False,False,0,0,0,1,4352,40,noisy_sim,9,4,3328,4,0,0.5,4,4,0.0014004090875534558,0.0742079640082951,0.02543388135428772,0.07200050842760912,4,0.08,1,qubit_wise_commuting,8,8704,1088.0,1088,4,4,40,5,adapt_pauli_pool,0.6792885613009749,0.9071691176470589,0.0016,0.0105,0.018,0.0012,0.0095,0.017,0.0004000000000000002,0.0010000000000000009,0.0009999999999999974,1.0,1.0,migrate,ibm_sherbrooke,0.0023999999999999985
sha256:cbf87e6f30c61a90de205461b6cc22762d1b804f88e1f4ba5d0c41ddfa751c5c,fresh_rq4_9101_9108,fresh_evaluation,sigmetrics-rq4-fresh-operating-point-confirmation-v1,sha256:5750482173dcfa6f0132ad83b5b7c2198dd34d8873543e9e53f8d38420cff74c,sigmetrics-rq4-fresh-operating-point-confirmation-v1--8dee7affb8e03da5,9101,adapt_vqe,paper,noisy_sim,B5,4,2,same_backend_delay,sha256:cbf87e6f30c61a90de205461b6cc22762d1b804f88e1f4ba5d0c41ddfa751c5c-failure,sha256:24981ccf032f587353b083625fc9a2ac2feda2bbda3f737b97287a47b5676d5b,sha256:2b5d5606b48121c83beae64c1c7cabbafc8d4853980e515ebdce93987de444de,sha256:b1849732b79eb5177de398eb4028fec64844d14f5dcc9d49fd46e4a775bfc005,sha256:d7bba018fa8b4c5caa644db3a5bbc72ec92bf201ff24ef586eb90d993bfbb159,ibm_kyiv,ibm_kyiv,replay,replay:ibm_kyiv,ibm_kyiv,ibm_kyiv->ibm_kyiv,True,,1,1,4.0,0.8,controlled scenario descriptor,0.007999999999999998,0.2666666666666666,derived recovery-time saved/current backend evidence,0,derived recovery-time saved/current backend identity,1,controlled scenario environment,0.44000000000000006,0.09333333333333331,0.0,0.0,0.5333333333333333,True,True,cf-cee610734f298047f602,0.0023204140268120454,0.09748359329279362,0.001675943408684446,False,False,False,0,0,0,1,4352,40,noisy_sim,9,4,3328,4,0,0.5,4,4,0.0014004090875534558,0.0742079640082951,0.02543388135428772,0.07200050842760912,4,0.08,1,qubit_wise_commuting,8,8704,1088.0,1088,4,4,40,5,adapt_pauli_pool,0.6792885613009749,0.9071691176470589,0.0016,0.0105,0.018,0.00224,0.0147,0.025199999999999997,0.0006399999999999997,0.004199999999999999,0.007199999999999998,1.0,1.0,replay,ibm_kyiv,0.012039999999999997
sha256:cc4348df27223a75f4e0e29c553b1dba5f524a310a68f0b455e99e14473fb4a9,fresh_rq4_9101_9108,fresh_evaluation,sigmetrics-rq4-fresh-operating-point-confirmation-v1,sha256:5750482173dcfa6f0132ad83b5b7c2198dd34d8873543e9e53f8d38420cff74c,sigmetrics-rq4-fresh-operating-point-confirmation-v1--5f6681720ce2431d,9103,adapt_vqe,paper,noisy_sim,B5,4,2,same_backend_delay,sha256:cc4348df27223a75f4e0e29c553b1dba5f524a310a68f0b455e99e14473fb4a9-failure,sha256:20dca6d793bd22ee13b4d7589609c8373a5a86234e53e87cb3dda565cdd6278b,sha256:2b5d5606b48121c83beae64c1c7cabbafc8d4853980e515ebdce93987de444de,sha256:b1849732b79eb5177de398eb4028fec64844d14f5dcc9d49fd46e4a775bfc005,sha256:7cf774e61922380d9ac555f3ae185d4016f94247ac25ac8efe76aa8dee34c484,ibm_kyiv,ibm_sherbrooke,migrate,migrate:ibm_sherbrooke,ibm_sherbrooke,ibm_kyiv->ibm_sherbrooke,True,,1,1,0.0,0.0,controlled scenario descriptor,0.0018999999999999998,0.06333333333333332,derived recovery-time saved/current backend evidence,1,derived recovery-time saved/current backend identity,1,controlled scenario environment,0.0,0.02216666666666666,0.1,0.0,0.12216666666666667,True,True,cf-d3d82d57080fdae16313,0.0006614488288070319,0.008474961821954008,0.00121222761800756,False,False,False,0,0,0,1,4352,40,noisy_sim,9,4,3328,4,0,0.5,4,4,0.003231626016447109,0.12737605331742743,0.05633383296080257,0.09658534553364086,4,0.08,1,qubit_wise_commuting,8,8704,1088.0,1088,4,4,40,5,adapt_pauli_pool,0.745125615236665,0.8943014705882353,0.0016,0.0105,0.018,0.0012,0.0095,0.017,0.0004000000000000002,0.0010000000000000009,0.0009999999999999974,1.0,1.0,migrate,ibm_sherbrooke,0.0023999999999999985
sha256:cc4348df27223a75f4e0e29c553b1dba5f524a310a68f0b455e99e14473fb4a9,fresh_rq4_9101_9108,fresh_evaluation,sigmetrics-rq4-fresh-operating-point-confirmation-v1,sha256:5750482173dcfa6f0132ad83b5b7c2198dd34d8873543e9e53f8d38420cff74c,sigmetrics-rq4-fresh-operating-point-confirmation-v1--5f6681720ce2431d,9103,adapt_vqe,paper,noisy_sim,B5,4,2,same_backend_delay,sha256:cc4348df27223a75f4e0e29c553b1dba5f524a310a68f0b455e99e14473fb4a9-failure,sha256:20dca6d793bd22ee13b4d7589609c8373a5a86234e53e87cb3dda565cdd6278b,sha256:2b5d5606b48121c83beae64c1c7cabbafc8d4853980e515ebdce93987de444de,sha256:b1849732b79eb5177de398eb4028fec64844d14f5dcc9d49fd46e4a775bfc005,sha256:7cf774e61922380d9ac555f3ae185d4016f94247ac25ac8efe76aa8dee34c484,ibm_kyiv,ibm_kyiv,replay,replay:ibm_kyiv,ibm_kyiv,ibm_kyiv->ibm_kyiv,True,,1,1,4.0,0.8,controlled scenario descriptor,0.007999999999999998,0.2666666666666666,derived recovery-time saved/current backend evidence,0,derived recovery-time saved/current backend identity,1,controlled scenario environment,0.44000000000000006,0.09333333333333331,0.0,0.0,0.5333333333333333,True,True,cf-7160710df7653228e244,0.002289818868558058,0.06814362671270911,0.0019374674755782777,False,False,False,0,0,0,1,4352,40,noisy_sim,9,4,3328,4,0,0.5,4,4,0.003231626016447109,0.12737605331742743,0.05633383296080257,0.09658534553364086,4,0.08,1,qubit_wise_commuting,8,8704,1088.0,1088,4,4,40,5,adapt_pauli_pool,0.745125615236665,0.8943014705882353,0.0016,0.0105,0.018,0.00224,0.0147,0.025199999999999997,0.0006399999999999997,0.004199999999999999,0.007199999999999998,1.0,1.0,replay,ibm_kyiv,0.012039999999999997
sha256:cee6fc06763875f30bdf07866797969264a7bb6f54f52a59778f904f669d7ca8,fresh_rq4_9101_9108,fresh_evaluation,sigmetrics-rq4-fresh-operating-point-confirmation-v1,sha256:5750482173dcfa6f0132ad83b5b7c2198dd34d8873543e9e53f8d38420cff74c,sigmetrics-rq4-fresh-operating-point-confirmation-v1--5121c921b4582337,9107,lih_vqe,paper,noisy_sim,B5,4,2,safe_change,sha256:cee6fc06763875f30bdf07866797969264a7bb6f54f52a59778f904f669d7ca8-failure,sha256:8435029b991b44f2114de66c9335945b17a788f5df914b7e6b58d020a82b5c4e,sha256:8aa9fd73acdbefb930184631c530ac1ad4750da95e7359345a133016be010a68,sha256:f153a653cabcc0d3e38fb1af8137fb44b49a89a01ef79eb6e01d15143d6b4d75,sha256:e77440ad7d2d0c170bc3bdff98170ab29fe020a0157dbf4f8ce6655132bff56d,ibm_kyiv,ibm_kyiv,replay,replay:ibm_kyiv,ibm_kyiv,ibm_kyiv->ibm_kyiv,True,,1,1,0.1,0.02,controlled scenario descriptor,0.00020000000000000017,0.006666666666666672,derived recovery-time saved/current backend evidence,0,derived recovery-time saved/current backend identity,1,controlled scenario environment,0.011000000000000001,0.0023333333333333353,0.0,0.0,0.013333333333333336,True,True,cf-33938c61c8bf3884a482,7.782657686306038e-05,0.04862461404364498,0.000754160306978237,True,True,True,1,1,1,0,6144,168,noisy_sim,9,4,5120,4,0,0.5,4,4,0.05855647892101512,0.501828472057195,0.06380697122235202,0.36301904123775663,20,0.085,1,qubit_wise_commuting,8,12288,1536.0,1536,20,0,40,5,entangling_ry_rz_brickwork,1.8828007352000935,0.7239583333333334,0.0016,0.0105,0.018,0.001616,0.010605000000000002,0.018179999999999998,1.5999999999999955e-05,0.00010500000000000093,0.0001799999999999996,1.0,1.0,replay,ibm_kyiv,0.0003010000000000005
sha256:cf95b5ef5a2730c03782dbcc744e38a579ef44780684f39ae08fbb2d0255f578,fresh_rq4_9101_9108,fresh_evaluation,sigmetrics-rq4-fresh-operating-point-confirmation-v1,sha256:5750482173dcfa6f0132ad83b5b7c2198dd34d8873543e9e53f8d38420cff74c,sigmetrics-rq4-fresh-operating-point-confirmation-v1--44c9454e5b14d77a,9101,h2_vqe,paper,noisy_sim,B5,4,2,high_change,sha256:cf95b5ef5a2730c03782dbcc744e38a579ef44780684f39ae08fbb2d0255f578-failure,sha256:7b78da82dc7c435d8e40cac8032af68bd8251ba6b8d85a1c58cacdf9ff6ac219,sha256:2b6db34aacbffdb427c6a86493c0c97d7fa901154c9c190f56705a55a8d2a0ee,sha256:94e11cf4ea4c74d973b64129cefe2805f81a297533fc0020c3c844df147749e1,sha256:d72658c949f9592f51ed26bb90bcd30e2fc465615ec259263895a64b8e23a1a6,ibm_kyiv,ibm_brisbane,migrate,migrate:ibm_brisbane,ibm_brisbane,ibm_kyiv->ibm_brisbane,True,,1,1,6.0,1.0,controlled scenario descriptor,0.023860000000000006,0.7953333333333336,derived recovery-time saved/current backend evidence,1,derived recovery-time saved/current backend identity,1,controlled scenario environment,0.55,0.2783666666666667,0.1,0.0,0.9283666666666667,True,True,cf-581b8b43cb271a29643b,0.03144392942222751,0.10342128001677685,0.04378088395921444,False,False,False,0,0,0,1,4992,104,noisy_sim,9,3,2976,4,0,0.42857142857142855,4,4,0.07521586868658314,0.43547900427952224,0.07826706517756313,0.32626304276195395,12,0.105,1,qubit_wise_commuting,7,8736,1248.0,1248,12,0,24,4,entangling_ry_rz_brickwork,1.2855173549326042,0.7948717948717948,0.0016,0.0105,0.018,0.00336,0.022400000000000003,0.038400000000000004,0.00176,0.011900000000000003,0.020400000000000005,1.0,1.0,migrate,ibm_brisbane,0.03406000000000001
sha256:cf95b5ef5a2730c03782dbcc744e38a579ef44780684f39ae08fbb2d0255f578,fresh_rq4_9101_9108,fresh_evaluation,sigmetrics-rq4-fresh-operating-point-confirmation-v1,sha256:5750482173dcfa6f0132ad83b5b7c2198dd34d8873543e9e53f8d38420cff74c,sigmetrics-rq4-fresh-operating-point-confirmation-v1--44c9454e5b14d77a,9101,h2_vqe,paper,noisy_sim,B5,4,2,high_change,sha256:cf95b5ef5a2730c03782dbcc744e38a579ef44780684f39ae08fbb2d0255f578-failure,sha256:7b78da82dc7c435d8e40cac8032af68bd8251ba6b8d85a1c58cacdf9ff6ac219,sha256:2b6db34aacbffdb427c6a86493c0c97d7fa901154c9c190f56705a55a8d2a0ee,sha256:94e11cf4ea4c74d973b64129cefe2805f81a297533fc0020c3c844df147749e1,sha256:d72658c949f9592f51ed26bb90bcd30e2fc465615ec259263895a64b8e23a1a6,ibm_kyiv,ibm_kyiv,replay,replay:ibm_kyiv,ibm_kyiv,ibm_kyiv->ibm_kyiv,True,,1,1,8.0,1.0,controlled scenario descriptor,0.016,0.5333333333333333,derived recovery-time saved/current backend evidence,0,derived recovery-time saved/current backend identity,1,controlled scenario environment,0.55,0.18666666666666665,0.0,0.0,0.7366666666666667,True,True,cf-45a4fdf7dfe4a6b4bcf2,0.022620271774047795,0.07266378156768895,0.03132769993600567,False,False,False,0,0,0,1,4992,104,noisy_sim,9,3,2976,4,0,0.42857142857142855,4,4,0.07521586868658314,0.43547900427952224,0.07826706517756313,0.32626304276195395,12,0.105,1,qubit_wise_commuting,7,8736,1248.0,1248,12,0,24,4,entangling_ry_rz_brickwork,1.2855173549326042,0.7948717948717948,0.0016,0.0105,0.018,0.00288,0.0189,0.0324,0.00128,0.0084,0.0144,1.0,1.0,replay,ibm_kyiv,0.024079999999999997
sha256:d03f6494f06a1ff417bf148e1b688c651e70ef92c839b5cd721ee4af0a2f6ce4,fresh_rq4_9101_9108,fresh_evaluation,sigmetrics-rq4-fresh-operating-point-confirmation-v1,sha256:5750482173dcfa6f0132ad83b5b7c2198dd34d8873543e9e53f8d38420cff74c,sigmetrics-rq4-fresh-operating-point-confirmation-v1--18eda3e91b3fa67b,9103,qaoa_maxcut,paper,noisy_sim,B5,4,2,no_change,sha256:d03f6494f06a1ff417bf148e1b688c651e70ef92c839b5cd721ee4af0a2f6ce4-failure,sha256:7413e5e14858d53ce604fde4759b60b292baf6639da7bfbda12d129d57f948dc,sha256:0e7343b47d003afe2860e33d67399c12f7ed84b7f18c3a5e0d48aae47fda9990,sha256:beaa270a390816fadd39bf6e4cf2cb1d92f7bf84678ac415bf7f191142ad2044,sha256:cc301613297ca83f2edfb54fde5994e71dc77fa060814421fc57d3ffba439805,ibm_kyiv,ibm_kyiv,replay,replay:ibm_kyiv,ibm_kyiv,ibm_kyiv->ibm_kyiv,True,,1,1,0.0,0.0,controlled scenario descriptor,0.0,0.0,derived recovery-time saved/current backend evidence,0,derived recovery-time saved/current backend identity,1,controlled scenario environment,0.0,0.0,0.0,0.0,0.0,True,True,cf-cc5f3c2352e793365f75,0.0,0.0,0.0,True,True,True,1,1,1,0,16640,40,noisy_sim,9,1,4160,0,0,1.0,4,4,1.7549355151576038,4.050392689580265,1.5478989741685625,3.457171876192127,4,0.12,1,qubit_wise_commuting,1,4160,4160.0,4160,4,0,10,6,qaoa_maxcut,5.58356178527452,0.11009615384615384,0.0016,0.0105,0.018,0.0016,0.0105,0.018,0.0,0.0,0.0,1.0,1.0,replay,ibm_kyiv,0.0
sha256:d05067d5ad8eed875966149a55e91016a416889565fbdacfcc7145835ca34408,fresh_rq4_9101_9108,fresh_evaluation,sigmetrics-rq4-fresh-operating-point-confirmation-v1,sha256:5750482173dcfa6f0132ad83b5b7c2198dd34d8873543e9e53f8d38420cff74c,sigmetrics-rq4-fresh-operating-point-confirmation-v1--4ea776c770a51a41,9104,lih_vqe,paper,noisy_sim,B5,4,2,safe_change,sha256:d05067d5ad8eed875966149a55e91016a416889565fbdacfcc7145835ca34408-failure,sha256:ef2becf2a65ed2ea716a6be7f0e71984586034e821d6d2ffc673b7b4bb20d2bd,sha256:8aa9fd73acdbefb930184631c530ac1ad4750da95e7359345a133016be010a68,sha256:f153a653cabcc0d3e38fb1af8137fb44b49a89a01ef79eb6e01d15143d6b4d75,sha256:39ee75cf9a293e493429b7ec0cfc4f5325749533d34a24249499b7442b09004c,ibm_kyiv,ibm_kyiv,replay,replay:ibm_kyiv,ibm_kyiv,ibm_kyiv->ibm_kyiv,True,,1,1,0.1,0.02,controlled scenario descriptor,0.00020000000000000017,0.006666666666666672,derived recovery-time saved/current backend evidence,0,derived recovery-time saved/current backend identity,1,controlled scenario environment,0.011000000000000001,0.0023333333333333353,0.0,0.0,0.013333333333333336,True,True,cf-2023a0b5c6a1fa25fa9b,2.838170333596679e-05,0.0055995843601567286,0.0006829726163522181,True,True,True,1,1,1,0,5504,168,noisy_sim,9,4,4480,4,0,0.5,4,4,0.07610540989815462,0.5674168609477956,0.077493222310423,0.3651362386803451,20,0.085,1,qubit_wise_commuting,8,11008,1376.0,1376,20,0,40,5,entangling_ry_rz_brickwork,1.688667930604259,0.752906976744186,0.0016,0.0105,0.018,0.001616,0.010605000000000002,0.018179999999999998,1.5999999999999955e-05,0.00010500000000000093,0.0001799999999999996,1.0,1.0,replay,ibm_kyiv,0.0003010000000000005
sha256:d0a13295fc3c9e753ca8c3b7ee689abd55f2a890747141d0bafb33f2cf5f9e7c,fresh_rq4_9101_9108,fresh_evaluation,sigmetrics-rq4-fresh-operating-point-confirmation-v1,sha256:5750482173dcfa6f0132ad83b5b7c2198dd34d8873543e9e53f8d38420cff74c,sigmetrics-rq4-fresh-operating-point-confirmation-v1--4bdd82aea03e9dbb,9102,qaoa_maxcut,paper,noisy_sim,B5,4,2,no_change,sha256:d0a13295fc3c9e753ca8c3b7ee689abd55f2a890747141d0bafb33f2cf5f9e7c-failure,sha256:78ede409ebf393c47a3779b2dccbd3586f47bc18d419d2f525214fbb01057bdf,sha256:0e7343b47d003afe2860e33d67399c12f7ed84b7f18c3a5e0d48aae47fda9990,sha256:beaa270a390816fadd39bf6e4cf2cb1d92f7bf84678ac415bf7f191142ad2044,sha256:02919ca719d08cecbaf93e83cd991bfc7658ec0c71dbaf5d820a75d8b21dc0d3,ibm_kyiv,ibm_kyiv,replay,replay:ibm_kyiv,ibm_kyiv,ibm_kyiv->ibm_kyiv,True,,1,1,0.0,0.0,controlled scenario descriptor,0.0,0.0,derived recovery-time saved/current backend evidence,0,derived recovery-time saved/current backend identity,1,controlled scenario environment,0.0,0.0,0.0,0.0,0.0,True,True,cf-18d3251cf7a05804e445,0.0,0.0,0.0,True,True,True,1,1,1,0,16384,40,noisy_sim,9,1,4096,0,0,1.0,4,4,-0.4493148219818415,5.21872919623111,1.9550673178615847,4.689355328485631,4,0.12,1,qubit_wise_commuting,1,4096,4096.0,4096,4,0,10,6,qaoa_maxcut,5.981189002384831,0.02197265625,0.0016,0.0105,0.018,0.0016,0.0105,0.018,0.0,0.0,0.0,1.0,1.0,replay,ibm_kyiv,0.0
sha256:d0a5f99a852544c03ea809caa65553613f205c2cd93198147c135c041ec5e881,fresh_rq4_9101_9108,fresh_evaluation,sigmetrics-rq4-fresh-operating-point-confirmation-v1,sha256:5750482173dcfa6f0132ad83b5b7c2198dd34d8873543e9e53f8d38420cff74c,sigmetrics-rq4-fresh-operating-point-confirmation-v1--f513942bb475426d,9108,lih_vqe,paper,noisy_sim,B5,4,2,cross_backend,sha256:d0a5f99a852544c03ea809caa65553613f205c2cd93198147c135c041ec5e881-failure,sha256:5b4a3d36e74ff6cc3f8c1f481af9cb3ede1e27773ff111f6134fbe9ce44c2bb8,sha256:3e961724e06d6d711a9338896a03f47484a702bab4903cdf8ef8771396da980d,sha256:90a6fc287341ee3482d2a787f7389b00e56a0ec391204063de2bd98be7b5816e,sha256:bc44ae8aea4d2f02857ba8cb215964fbe6ab55b3f1e34d3e825544ddd40714b2,ibm_kyiv,ibm_brisbane,migrate,migrate:ibm_brisbane,ibm_brisbane,ibm_kyiv->ibm_brisbane,True,,1,1,0.0,0.0,controlled scenario descriptor,0.007,0.23333333333333334,derived recovery-time saved/current backend evidence,1,derived recovery-time saved/current backend identity,1,controlled scenario environment,0.0,0.08166666666666667,0.1,0.0,0.18166666666666667,True,True,cf-797915e499634b26a57c,0.0020115702114456013,0.06504608972574492,0.020812599645825953,False,False,False,0,0,0,1,6144,168,noisy_sim,9,4,5120,4,0,0.5,4,4,0.09772283851014762,0.6642564645069408,0.08512609107772641,0.37808754946041156,20,0.085,1,qubit_wise_commuting,8,12288,1536.0,1536,20,0,40,5,entangling_ry_rz_brickwork,1.795901052367759,0.705078125,0.0016,0.0105,0.018,0.0021,0.014,0.024,0.0004999999999999998,0.0034999999999999996,0.006000000000000002,1.0,1.0,migrate,ibm_brisbane,0.010000000000000002
sha256:d0a5f99a852544c03ea809caa65553613f205c2cd93198147c135c041ec5e881,fresh_rq4_9101_9108,fresh_evaluation,sigmetrics-rq4-fresh-operating-point-confirmation-v1,sha256:5750482173dcfa6f0132ad83b5b7c2198dd34d8873543e9e53f8d38420cff74c,sigmetrics-rq4-fresh-operating-point-confirmation-v1--f513942bb475426d,9108,lih_vqe,paper,noisy_sim,B5,4,2,cross_backend,sha256:d0a5f99a852544c03ea809caa65553613f205c2cd93198147c135c041ec5e881-failure,sha256:5b4a3d36e74ff6cc3f8c1f481af9cb3ede1e27773ff111f6134fbe9ce44c2bb8,sha256:3e961724e06d6d711a9338896a03f47484a702bab4903cdf8ef8771396da980d,sha256:90a6fc287341ee3482d2a787f7389b00e56a0ec391204063de2bd98be7b5816e,sha256:bc44ae8aea4d2f02857ba8cb215964fbe6ab55b3f1e34d3e825544ddd40714b2,ibm_kyiv,ibm_sherbrooke,migrate,migrate:ibm_sherbrooke,ibm_sherbrooke,ibm_kyiv->ibm_sherbrooke,True,,1,1,0.0,0.0,controlled scenario descriptor,0.0018999999999999998,0.06333333333333332,derived recovery-time saved/current backend evidence,1,derived recovery-time saved/current backend identity,1,controlled scenario environment,0.0,0.02216666666666666,0.1,0.0,0.12216666666666667,True,True,cf-0be099c12bb027173237,0.0010973995032381723,0.010807261757737595,0.009553906216241265,False,False,False,0,0,0,1,6144,168,noisy_sim,9,4,5120,4,0,0.5,4,4,0.09772283851014762,0.6642564645069408,0.08512609107772641,0.37808754946041156,20,0.085,1,qubit_wise_commuting,8,12288,1536.0,1536,20,0,40,5,entangling_ry_rz_brickwork,1.795901052367759,0.705078125,0.0016,0.0105,0.018,0.0012,0.0095,0.017,0.0004000000000000002,0.0010000000000000009,0.0009999999999999974,1.0,1.0,migrate,ibm_sherbrooke,0.0023999999999999985
sha256:d0a7648e6b6549abdac73e9c7a53367ec4342fa779b13d7e8ca0f428e286bc55,fresh_rq4_9101_9108,fresh_evaluation,sigmetrics-rq4-fresh-operating-point-confirmation-v1,sha256:5750482173dcfa6f0132ad83b5b7c2198dd34d8873543e9e53f8d38420cff74c,sigmetrics-rq4-fresh-operating-point-confirmation-v1--8ba072a25676dfdb,9106,adapt_vqe,paper,noisy_sim,B5,4,2,safe_change,sha256:d0a7648e6b6549abdac73e9c7a53367ec4342fa779b13d7e8ca0f428e286bc55-failure,sha256:c95fa00217c8f486921a24b482a78ab82f990777fd983b3660c6559c37f35d9c,sha256:8aa9fd73acdbefb930184631c530ac1ad4750da95e7359345a133016be010a68,sha256:4dc43ddf8e7e7dbaa94146e3cde4496d8eeb3edbc8bccc44b9d6a1d96bd372c5,sha256:316023831b2dec7c5f92373b6e70827fc632671e58687170a889753c98cbdf51,ibm_kyiv,ibm_kyiv,replay,replay:ibm_kyiv,ibm_kyiv,ibm_kyiv->ibm_kyiv,True,,1,1,0.1,0.02,controlled scenario descriptor,0.00020000000000000017,0.006666666666666672,derived recovery-time saved/current backend evidence,0,derived recovery-time saved/current backend identity,1,controlled scenario environment,0.011000000000000001,0.0023333333333333353,0.0,0.0,0.013333333333333336,True,True,cf-3e2a6485ead7e47b825f,5.735557149932902e-05,0.0035214511412571085,5.000364752093596e-05,True,True,True,1,1,1,0,4352,40,noisy_sim,9,4,3328,4,0,0.5,4,4,0.0026645551858512917,0.11666870738370162,0.049010001562726446,0.08847674972093009,4,0.08,1,qubit_wise_commuting,8,8704,1088.0,1088,4,4,40,5,adapt_pauli_pool,0.6756576792700577,0.90625,0.0016,0.0105,0.018,0.001616,0.010605000000000002,0.018179999999999998,1.5999999999999955e-05,0.00010500000000000093,0.0001799999999999996,1.0,1.0,replay,ibm_kyiv,0.0003010000000000005
sha256:d46e694b1daf257b836d8a5a17fa2453f43d2e427fe83e397a42ccd11e22aaae,fresh_rq4_9101_9108,fresh_evaluation,sigmetrics-rq4-fresh-operating-point-confirmation-v1,sha256:5750482173dcfa6f0132ad83b5b7c2198dd34d8873543e9e53f8d38420cff74c,sigmetrics-rq4-fresh-operating-point-confirmation-v1--d930360432b33943,9102,lih_vqe,paper,noisy_sim,B5,4,2,high_change,sha256:d46e694b1daf257b836d8a5a17fa2453f43d2e427fe83e397a42ccd11e22aaae-failure,sha256:cb37a9d2ac77d1a789150b6217863cd8cc01ebf0bae6c473c2350a4fca705673,sha256:2b6db34aacbffdb427c6a86493c0c97d7fa901154c9c190f56705a55a8d2a0ee,sha256:5d8943b74edf54b19c3d0d4493eca8c11e5671bf89d76b8f3b4c56d6f9edfee2,sha256:0ea31ff92e76aba236f4103f16940f531e06a16f88f96c1394a7e2e7f975648b,ibm_kyiv,ibm_brisbane,migrate,migrate:ibm_brisbane,ibm_brisbane,ibm_kyiv->ibm_brisbane,True,,1,1,6.0,1.0,controlled scenario descriptor,0.023860000000000006,0.7953333333333336,derived recovery-time saved/current backend evidence,1,derived recovery-time saved/current backend identity,1,controlled scenario environment,0.55,0.2783666666666667,0.1,0.0,0.9283666666666667,True,True,cf-1c8dee67aa1a2a1e9d60,0.014331026168981076,0.1350838970486698,0.07363607301162377,False,False,False,0,0,0,1,5504,168,noisy_sim,9,4,4480,4,0,0.5,4,4,0.08722161196329026,0.5937326697327159,0.06976914567926103,0.3911920535054748,20,0.085,1,qubit_wise_commuting,8,11008,1376.0,1376,20,0,40,5,entangling_ry_rz_brickwork,1.641400243218241,0.7696220930232558,0.0016,0.0105,0.018,0.00336,0.022400000000000003,0.038400000000000004,0.00176,0.011900000000000003,0.020400000000000005,1.0,1.0,migrate,ibm_brisbane,0.03406000000000001
sha256:d46e694b1daf257b836d8a5a17fa2453f43d2e427fe83e397a42ccd11e22aaae,fresh_rq4_9101_9108,fresh_evaluation,sigmetrics-rq4-fresh-operating-point-confirmation-v1,sha256:5750482173dcfa6f0132ad83b5b7c2198dd34d8873543e9e53f8d38420cff74c,sigmetrics-rq4-fresh-operating-point-confirmation-v1--d930360432b33943,9102,lih_vqe,paper,noisy_sim,B5,4,2,high_change,sha256:d46e694b1daf257b836d8a5a17fa2453f43d2e427fe83e397a42ccd11e22aaae-failure,sha256:cb37a9d2ac77d1a789150b6217863cd8cc01ebf0bae6c473c2350a4fca705673,sha256:2b6db34aacbffdb427c6a86493c0c97d7fa901154c9c190f56705a55a8d2a0ee,sha256:5d8943b74edf54b19c3d0d4493eca8c11e5671bf89d76b8f3b4c56d6f9edfee2,sha256:0ea31ff92e76aba236f4103f16940f531e06a16f88f96c1394a7e2e7f975648b,ibm_kyiv,ibm_kyiv,replay,replay:ibm_kyiv,ibm_kyiv,ibm_kyiv->ibm_kyiv,True,,1,1,8.0,1.0,controlled scenario descriptor,0.016,0.5333333333333333,derived recovery-time saved/current backend evidence,0,derived recovery-time saved/current backend identity,1,controlled scenario environment,0.55,0.18666666666666665,0.0,0.0,0.7366666666666667,True,True,cf-31377a81bd3797a258de,0.010419838309669416,0.11044442169580142,0.05300931474102158,False,False,False,0,0,0,1,5504,168,noisy_sim,9,4,4480,4,0,0.5,4,4,0.08722161196329026,0.5937326697327159,0.06976914567926103,0.3911920535054748,20,0.085,1,qubit_wise_commuting,8,11008,1376.0,1376,20,0,40,5,entangling_ry_rz_brickwork,1.641400243218241,0.7696220930232558,0.0016,0.0105,0.018,0.00288,0.0189,0.0324,0.00128,0.0084,0.0144,1.0,1.0,replay,ibm_kyiv,0.024079999999999997
sha256:d97d94895c77c41b1c0b66a6749f7678eb52e30d6ac4ac7a1849e3c9c8059335,fresh_rq4_9101_9108,fresh_evaluation,sigmetrics-rq4-fresh-operating-point-confirmation-v1,sha256:5750482173dcfa6f0132ad83b5b7c2198dd34d8873543e9e53f8d38420cff74c,sigmetrics-rq4-fresh-operating-point-confirmation-v1--f3ce29dc26047db0,9102,h2_vqe,paper,noisy_sim,B5,4,2,same_backend_delay,sha256:d97d94895c77c41b1c0b66a6749f7678eb52e30d6ac4ac7a1849e3c9c8059335-failure,sha256:68e7b86ca90be47327d692e63bd1dc918069a90ea501869a6dc007002578ba65,sha256:2b5d5606b48121c83beae64c1c7cabbafc8d4853980e515ebdce93987de444de,sha256:6b97ad82624cbf5bb09be560aa6bb9d630db90477bce3a53713c959f84ab3cbb,sha256:8b584f74b882eb9b9f9adf327813819d9a47bd0ab98309c00b9c85f7a9674a90,ibm_kyiv,ibm_sherbrooke,migrate,migrate:ibm_sherbrooke,ibm_sherbrooke,ibm_kyiv->ibm_sherbrooke,True,,1,1,0.0,0.0,controlled scenario descriptor,0.0018999999999999998,0.06333333333333332,derived recovery-time saved/current backend evidence,1,derived recovery-time saved/current backend identity,1,controlled scenario environment,0.0,0.02216666666666666,0.1,0.0,0.12216666666666667,True,True,cf-0348604175afaf096d1c,0.005007046451692698,0.01888151501866318,0.004983397282613282,False,False,False,0,0,0,1,4992,104,noisy_sim,9,3,2976,4,0,0.42857142857142855,4,4,0.07565561814762378,0.4171411824605734,0.07618892284257754,0.3378772338925461,12,0.105,1,qubit_wise_commuting,7,8736,1248.0,1248,12,0,24,4,entangling_ry_rz_brickwork,1.1134068816503246,0.8381410256410257,0.0016,0.0105,0.018,0.0012,0.0095,0.017,0.0004000000000000002,0.0010000000000000009,0.0009999999999999974,1.0,1.0,migrate,ibm_sherbrooke,0.0023999999999999985
sha256:d97d94895c77c41b1c0b66a6749f7678eb52e30d6ac4ac7a1849e3c9c8059335,fresh_rq4_9101_9108,fresh_evaluation,sigmetrics-rq4-fresh-operating-point-confirmation-v1,sha256:5750482173dcfa6f0132ad83b5b7c2198dd34d8873543e9e53f8d38420cff74c,sigmetrics-rq4-fresh-operating-point-confirmation-v1--f3ce29dc26047db0,9102,h2_vqe,paper,noisy_sim,B5,4,2,same_backend_delay,sha256:d97d94895c77c41b1c0b66a6749f7678eb52e30d6ac4ac7a1849e3c9c8059335-failure,sha256:68e7b86ca90be47327d692e63bd1dc918069a90ea501869a6dc007002578ba65,sha256:2b5d5606b48121c83beae64c1c7cabbafc8d4853980e515ebdce93987de444de,sha256:6b97ad82624cbf5bb09be560aa6bb9d630db90477bce3a53713c959f84ab3cbb,sha256:8b584f74b882eb9b9f9adf327813819d9a47bd0ab98309c00b9c85f7a9674a90,ibm_kyiv,ibm_kyiv,replay,replay:ibm_kyiv,ibm_kyiv,ibm_kyiv->ibm_kyiv,True,,1,1,4.0,0.8,controlled scenario descriptor,0.007999999999999998,0.2666666666666666,derived recovery-time saved/current backend evidence,0,derived recovery-time saved/current backend identity,1,controlled scenario environment,0.44000000000000006,0.09333333333333331,0.0,0.0,0.5333333333333333,True,True,cf-e693c5a7cbadefcbad01,0.012137432031710471,0.07117290473859826,0.013683483873874608,False,False,False,0,0,0,1,4992,104,noisy_sim,9,3,2976,4,0,0.42857142857142855,4,4,0.07565561814762378,0.4171411824605734,0.07618892284257754,0.3378772338925461,12,0.105,1,qubit_wise_commuting,7,8736,1248.0,1248,12,0,24,4,entangling_ry_rz_brickwork,1.1134068816503246,0.8381410256410257,0.0016,0.0105,0.018,0.00224,0.0147,0.025199999999999997,0.0006399999999999997,0.004199999999999999,0.007199999999999998,1.0,1.0,replay,ibm_kyiv,0.012039999999999997
sha256:df5a65bc8a3d4f216d3dc9390309935caac91273909f843871b939d258378b00,fresh_rq4_9101_9108,fresh_evaluation,sigmetrics-rq4-fresh-operating-point-confirmation-v1,sha256:5750482173dcfa6f0132ad83b5b7c2198dd34d8873543e9e53f8d38420cff74c,sigmetrics-rq4-fresh-operating-point-confirmation-v1--f874ef183607ee67,9104,h2_vqe,paper,noisy_sim,B5,4,2,same_backend_delay,sha256:df5a65bc8a3d4f216d3dc9390309935caac91273909f843871b939d258378b00-failure,sha256:28ad285e8c04eb2f05c3c41f648d458ab1c48a43a54b8eb7129e3be51b77dd2c,sha256:2b5d5606b48121c83beae64c1c7cabbafc8d4853980e515ebdce93987de444de,sha256:6b97ad82624cbf5bb09be560aa6bb9d630db90477bce3a53713c959f84ab3cbb,sha256:af38333f6c1ab93634f663df0b25ea7f33f816065f526f4513132f5a85dad969,ibm_kyiv,ibm_sherbrooke,migrate,migrate:ibm_sherbrooke,ibm_sherbrooke,ibm_kyiv->ibm_sherbrooke,True,,1,1,0.0,0.0,controlled scenario descriptor,0.0018999999999999998,0.06333333333333332,derived recovery-time saved/current backend evidence,1,derived recovery-time saved/current backend identity,1,controlled scenario environment,0.0,0.02216666666666666,0.1,0.0,0.12216666666666667,True,True,cf-8c46a13a88704e291eeb,0.005292974666154304,0.027816010973311527,0.0033087147005504006,False,False,False,0,0,0,1,4992,104,noisy_sim,9,3,2976,4,0,0.42857142857142855,4,4,0.022333308958840448,0.22198050012203427,0.05018433197510505,0.11773649303535984,12,0.105,1,qubit_wise_commuting,7,8736,1248.0,1248,12,0,24,4,entangling_ry_rz_brickwork,1.2306074261017215,0.8149038461538461,0.0016,0.0105,0.018,0.0012,0.0095,0.017,0.0004000000000000002,0.0010000000000000009,0.0009999999999999974,1.0,1.0,migrate,ibm_sherbrooke,0.0023999999999999985
sha256:df5a65bc8a3d4f216d3dc9390309935caac91273909f843871b939d258378b00,fresh_rq4_9101_9108,fresh_evaluation,sigmetrics-rq4-fresh-operating-point-confirmation-v1,sha256:5750482173dcfa6f0132ad83b5b7c2198dd34d8873543e9e53f8d38420cff74c,sigmetrics-rq4-fresh-operating-point-confirmation-v1--f874ef183607ee67,9104,h2_vqe,paper,noisy_sim,B5,4,2,same_backend_delay,sha256:df5a65bc8a3d4f216d3dc9390309935caac91273909f843871b939d258378b00-failure,sha256:28ad285e8c04eb2f05c3c41f648d458ab1c48a43a54b8eb7129e3be51b77dd2c,sha256:2b5d5606b48121c83beae64c1c7cabbafc8d4853980e515ebdce93987de444de,sha256:6b97ad82624cbf5bb09be560aa6bb9d630db90477bce3a53713c959f84ab3cbb,sha256:af38333f6c1ab93634f663df0b25ea7f33f816065f526f4513132f5a85dad969,ibm_kyiv,ibm_kyiv,replay,replay:ibm_kyiv,ibm_kyiv,ibm_kyiv->ibm_kyiv,True,,1,1,4.0,0.8,controlled scenario descriptor,0.007999999999999998,0.2666666666666666,derived recovery-time saved/current backend evidence,0,derived recovery-time saved/current backend identity,1,controlled scenario environment,0.44000000000000006,0.09333333333333331,0.0,0.0,0.5333333333333333,True,True,cf-cce7f881a04ad8690d79,0.012958590995089558,0.050398903571715815,0.009173993128671546,False,False,False,0,0,0,1,4992,104,noisy_sim,9,3,2976,4,0,0.42857142857142855,4,4,0.022333308958840448,0.22198050012203427,0.05018433197510505,0.11773649303535984,12,0.105,1,qubit_wise_commuting,7,8736,1248.0,1248,12,0,24,4,entangling_ry_rz_brickwork,1.2306074261017215,0.8149038461538461,0.0016,0.0105,0.018,0.00224,0.0147,0.025199999999999997,0.0006399999999999997,0.004199999999999999,0.007199999999999998,1.0,1.0,replay,ibm_kyiv,0.012039999999999997
sha256:dfc15c708602a188865403aafe5b6629e6777488db27ac8a49f41f1b41390a01,fresh_rq4_9101_9108,fresh_evaluation,sigmetrics-rq4-fresh-operating-point-confirmation-v1,sha256:5750482173dcfa6f0132ad83b5b7c2198dd34d8873543e9e53f8d38420cff74c,sigmetrics-rq4-fresh-operating-point-confirmation-v1--010d36a7158ff5d8,9107,adapt_vqe,paper,noisy_sim,B5,4,2,cross_backend,sha256:dfc15c708602a188865403aafe5b6629e6777488db27ac8a49f41f1b41390a01-failure,sha256:ccbcadd218beab72aa3add58bd8a681ae9db190b63d0f082ba0c97825feb6377,sha256:3e961724e06d6d711a9338896a03f47484a702bab4903cdf8ef8771396da980d,sha256:7edecfba009e2f47b53720d8e6f4764bc8af02de63117f2739ea2de44e4ab909,sha256:03569b639ef8bc32e212ee99f3a4027305852a3a99ed68a4ae22f31e9996f6f0,ibm_kyiv,ibm_brisbane,migrate,migrate:ibm_brisbane,ibm_brisbane,ibm_kyiv->ibm_brisbane,True,,1,1,0.0,0.0,controlled scenario descriptor,0.007,0.23333333333333334,derived recovery-time saved/current backend evidence,1,derived recovery-time saved/current backend identity,1,controlled scenario environment,0.0,0.08166666666666667,0.1,0.0,0.18166666666666667,True,True,cf-a15f25c09db9cea27a39,0.001899561776572689,0.04317724079722045,0.0012698512160728883,False,False,False,0,0,0,1,4352,40,noisy_sim,9,4,3328,4,0,0.5,4,4,0.0031646227206829636,0.11737308013427579,0.04139339926336009,0.11111605309386263,4,0.08,1,qubit_wise_commuting,8,8704,1088.0,1088,4,4,40,5,adapt_pauli_pool,0.7464007466761748,0.8970588235294118,0.0016,0.0105,0.018,0.0021,0.014,0.024,0.0004999999999999998,0.0034999999999999996,0.006000000000000002,1.0,1.0,migrate,ibm_brisbane,0.010000000000000002
sha256:dfc15c708602a188865403aafe5b6629e6777488db27ac8a49f41f1b41390a01,fresh_rq4_9101_9108,fresh_evaluation,sigmetrics-rq4-fresh-operating-point-confirmation-v1,sha256:5750482173dcfa6f0132ad83b5b7c2198dd34d8873543e9e53f8d38420cff74c,sigmetrics-rq4-fresh-operating-point-confirmation-v1--010d36a7158ff5d8,9107,adapt_vqe,paper,noisy_sim,B5,4,2,cross_backend,sha256:dfc15c708602a188865403aafe5b6629e6777488db27ac8a49f41f1b41390a01-failure,sha256:ccbcadd218beab72aa3add58bd8a681ae9db190b63d0f082ba0c97825feb6377,sha256:3e961724e06d6d711a9338896a03f47484a702bab4903cdf8ef8771396da980d,sha256:7edecfba009e2f47b53720d8e6f4764bc8af02de63117f2739ea2de44e4ab909,sha256:03569b639ef8bc32e212ee99f3a4027305852a3a99ed68a4ae22f31e9996f6f0,ibm_kyiv,ibm_sherbrooke,migrate,migrate:ibm_sherbrooke,ibm_sherbrooke,ibm_kyiv->ibm_sherbrooke,True,,1,1,0.0,0.0,controlled scenario descriptor,0.0018999999999999998,0.06333333333333332,derived recovery-time saved/current backend evidence,1,derived recovery-time saved/current backend identity,1,controlled scenario environment,0.0,0.02216666666666666,0.1,0.0,0.12216666666666667,True,True,cf-1f8a5120ba414e0a430d,0.0006839393300301921,0.010836121367624178,0.0010166513775280944,False,False,False,0,0,0,1,4352,40,noisy_sim,9,4,3328,4,0,0.5,4,4,0.0031646227206829636,0.11737308013427579,0.04139339926336009,0.11111605309386263,4,0.08,1,qubit_wise_commuting,8,8704,1088.0,1088,4,4,40,5,adapt_pauli_pool,0.7464007466761748,0.8970588235294118,0.0016,0.0105,0.018,0.0012,0.0095,0.017,0.0004000000000000002,0.0010000000000000009,0.0009999999999999974,1.0,1.0,migrate,ibm_sherbrooke,0.0023999999999999985
sha256:e4d60ea1606e866cbd9009d0d8b60c1a0b943ed257bc2d3f7c3a9f1e31ac75ed,fresh_rq4_9101_9108,fresh_evaluation,sigmetrics-rq4-fresh-operating-point-confirmation-v1,sha256:5750482173dcfa6f0132ad83b5b7c2198dd34d8873543e9e53f8d38420cff74c,sigmetrics-rq4-fresh-operating-point-confirmation-v1--9bf896316daf0a08,9103,lih_vqe,paper,noisy_sim,B5,4,2,safe_change,sha256:e4d60ea1606e866cbd9009d0d8b60c1a0b943ed257bc2d3f7c3a9f1e31ac75ed-failure,sha256:0676dba8cde0a33732ed4fb348f79e82fbf012caf796acfc58a04689449e875b,sha256:8aa9fd73acdbefb930184631c530ac1ad4750da95e7359345a133016be010a68,sha256:f153a653cabcc0d3e38fb1af8137fb44b49a89a01ef79eb6e01d15143d6b4d75,sha256:e5aae7b5bdfed9b9536ed852aed9c1f47dcf4c24acd9e54c095252e40e6677a3,ibm_kyiv,ibm_kyiv,replay,replay:ibm_kyiv,ibm_kyiv,ibm_kyiv->ibm_kyiv,True,,1,1,0.1,0.02,controlled scenario descriptor,0.00020000000000000017,0.006666666666666672,derived recovery-time saved/current backend evidence,0,derived recovery-time saved/current backend identity,1,controlled scenario environment,0.011000000000000001,0.0023333333333333353,0.0,0.0,0.013333333333333336,True,True,cf-4e89ba91898699e778a2,0.0001974138481006804,0.0021261321521047092,0.0007355204458347743,True,True,True,1,1,1,0,5504,168,noisy_sim,9,4,4480,4,0,0.5,4,4,0.05107819738228514,0.4986937984665658,0.06384613455191948,0.34972744358644625,20,0.085,1,qubit_wise_commuting,8,11008,1376.0,1376,20,0,40,5,entangling_ry_rz_brickwork,1.682022188332645,0.7543604651162791,0.0016,0.0105,0.018,0.001616,0.010605000000000002,0.018179999999999998,1.5999999999999955e-05,0.00010500000000000093,0.0001799999999999996,1.0,1.0,replay,ibm_kyiv,0.0003010000000000005
sha256:e57e9ef8a0b42c27e661505aaddfb65639e5ab39baab121b70028e5b9619df6c,fresh_rq4_9101_9108,fresh_evaluation,sigmetrics-rq4-fresh-operating-point-confirmation-v1,sha256:5750482173dcfa6f0132ad83b5b7c2198dd34d8873543e9e53f8d38420cff74c,sigmetrics-rq4-fresh-operating-point-confirmation-v1--1f8c6aefb19d8e25,9107,lih_vqe,paper,noisy_sim,B5,4,2,cross_backend,sha256:e57e9ef8a0b42c27e661505aaddfb65639e5ab39baab121b70028e5b9619df6c-failure,sha256:8435029b991b44f2114de66c9335945b17a788f5df914b7e6b58d020a82b5c4e,sha256:3e961724e06d6d711a9338896a03f47484a702bab4903cdf8ef8771396da980d,sha256:90a6fc287341ee3482d2a787f7389b00e56a0ec391204063de2bd98be7b5816e,sha256:7797e8ae4a5d571803a95c97549887bc37f2e3d3ecd9c112785db9b95abb7572,ibm_kyiv,ibm_brisbane,migrate,migrate:ibm_brisbane,ibm_brisbane,ibm_kyiv->ibm_brisbane,True,,1,1,0.0,0.0,controlled scenario descriptor,0.007,0.23333333333333334,derived recovery-time saved/current backend evidence,1,derived recovery-time saved/current backend identity,1,controlled scenario environment,0.0,0.08166666666666667,0.1,0.0,0.18166666666666667,True,True,cf-2e92cfe4e0a8b8755a9e,0.002553090715509576,0.057309013181387584,0.024361325322092283,False,False,False,0,0,0,1,6144,168,noisy_sim,9,4,5120,4,0,0.5,4,4,0.05855647892101512,0.501828472057195,0.06380697122235202,0.36301904123775663,20,0.085,1,qubit_wise_commuting,8,12288,1536.0,1536,20,0,40,5,entangling_ry_rz_brickwork,1.8828007352000935,0.7239583333333334,0.0016,0.0105,0.018,0.0021,0.014,0.024,0.0004999999999999998,0.0034999999999999996,0.006000000000000002,1.0,1.0,migrate,ibm_brisbane,0.010000000000000002
sha256:e57e9ef8a0b42c27e661505aaddfb65639e5ab39baab121b70028e5b9619df6c,fresh_rq4_9101_9108,fresh_evaluation,sigmetrics-rq4-fresh-operating-point-confirmation-v1,sha256:5750482173dcfa6f0132ad83b5b7c2198dd34d8873543e9e53f8d38420cff74c,sigmetrics-rq4-fresh-operating-point-confirmation-v1--1f8c6aefb19d8e25,9107,lih_vqe,paper,noisy_sim,B5,4,2,cross_backend,sha256:e57e9ef8a0b42c27e661505aaddfb65639e5ab39baab121b70028e5b9619df6c-failure,sha256:8435029b991b44f2114de66c9335945b17a788f5df914b7e6b58d020a82b5c4e,sha256:3e961724e06d6d711a9338896a03f47484a702bab4903cdf8ef8771396da980d,sha256:90a6fc287341ee3482d2a787f7389b00e56a0ec391204063de2bd98be7b5816e,sha256:7797e8ae4a5d571803a95c97549887bc37f2e3d3ecd9c112785db9b95abb7572,ibm_kyiv,ibm_sherbrooke,migrate,migrate:ibm_sherbrooke,ibm_sherbrooke,ibm_kyiv->ibm_sherbrooke,True,,1,1,0.0,0.0,controlled scenario descriptor,0.0018999999999999998,0.06333333333333332,derived recovery-time saved/current backend evidence,1,derived recovery-time saved/current backend identity,1,controlled scenario environment,0.0,0.02216666666666666,0.1,0.0,0.12216666666666667,True,True,cf-74c72e7b99f6cb515670,0.001093522292247684,0.044622051465565506,0.01094668504285742,False,False,False,0,0,0,1,6144,168,noisy_sim,9,4,5120,4,0,0.5,4,4,0.05855647892101512,0.501828472057195,0.06380697122235202,0.36301904123775663,20,0.085,1,qubit_wise_commuting,8,12288,1536.0,1536,20,0,40,5,entangling_ry_rz_brickwork,1.8828007352000935,0.7239583333333334,0.0016,0.0105,0.018,0.0012,0.0095,0.017,0.0004000000000000002,0.0010000000000000009,0.0009999999999999974,1.0,1.0,migrate,ibm_sherbrooke,0.0023999999999999985
sha256:e74067c7a2df2c0391450eb1e1e45282d5fb137800e5e53daaa04109846c47c4,fresh_rq4_9101_9108,fresh_evaluation,sigmetrics-rq4-fresh-operating-point-confirmation-v1,sha256:5750482173dcfa6f0132ad83b5b7c2198dd34d8873543e9e53f8d38420cff74c,sigmetrics-rq4-fresh-operating-point-confirmation-v1--f11763b6be746ca2,9106,lih_vqe,paper,noisy_sim,B5,4,2,no_change,sha256:e74067c7a2df2c0391450eb1e1e45282d5fb137800e5e53daaa04109846c47c4-failure,sha256:12fb5c23b0e5873fdf8fce44aea1623bce3ee318d35346d67a128ac5be287eea,sha256:0e7343b47d003afe2860e33d67399c12f7ed84b7f18c3a5e0d48aae47fda9990,sha256:c47932d509f62acb75888b4e18d00ff3fb54f3468768cff7bf362cbd2dcdb2a5,sha256:02e4ed7fba0162565f7e5fe75998370e9d4763195cb3c3046d4eae16c103cf53,ibm_kyiv,ibm_kyiv,replay,replay:ibm_kyiv,ibm_kyiv,ibm_kyiv->ibm_kyiv,True,,1,1,0.0,0.0,controlled scenario descriptor,0.0,0.0,derived recovery-time saved/current backend evidence,0,derived recovery-time saved/current backend identity,1,controlled scenario environment,0.0,0.0,0.0,0.0,0.0,True,True,cf-d8ca185d61e2bf2886cc,0.0,0.0,0.0,True,True,True,1,1,1,0,6144,168,noisy_sim,9,4,5120,4,0,0.5,4,4,0.07130914739997962,0.5493221234700877,0.06256987611311735,0.3589950295340335,20,0.085,1,qubit_wise_commuting,8,12288,1536.0,1536,20,0,40,5,entangling_ry_rz_brickwork,1.503542056303995,0.7936197916666666,0.0016,0.0105,0.018,0.0016,0.0105,0.018,0.0,0.0,0.0,1.0,1.0,replay,ibm_kyiv,0.0
sha256:eabb34d655d13fa2bf14cc088344395d3a5085a833b880942fc366564156fbce,fresh_rq4_9101_9108,fresh_evaluation,sigmetrics-rq4-fresh-operating-point-confirmation-v1,sha256:5750482173dcfa6f0132ad83b5b7c2198dd34d8873543e9e53f8d38420cff74c,sigmetrics-rq4-fresh-operating-point-confirmation-v1--35c04893203a89e4,9105,lih_vqe,paper,noisy_sim,B5,4,2,high_change,sha256:eabb34d655d13fa2bf14cc088344395d3a5085a833b880942fc366564156fbce-failure,sha256:2d4248f442689674fe2824aef8ce838c02701ff54e669abd824915a24d4ffd5d,sha256:2b6db34aacbffdb427c6a86493c0c97d7fa901154c9c190f56705a55a8d2a0ee,sha256:5d8943b74edf54b19c3d0d4493eca8c11e5671bf89d76b8f3b4c56d6f9edfee2,sha256:35b71fba845a0d0c94e337374f1dffe06fef07652bc638be48b75c9a6a6936fc,ibm_kyiv,ibm_brisbane,migrate,migrate:ibm_brisbane,ibm_brisbane,ibm_kyiv->ibm_brisbane,True,,1,1,6.0,1.0,controlled scenario descriptor,0.023860000000000006,0.7953333333333336,derived recovery-time saved/current backend evidence,1,derived recovery-time saved/current backend identity,1,controlled scenario environment,0.55,0.2783666666666667,0.1,0.0,0.9283666666666667,True,True,cf-a30b5760e2da38a0bb96,0.028557075632519968,0.12240485124950183,0.07090298267212083,False,False,False,0,0,0,1,6144,168,noisy_sim,9,4,5120,4,0,0.5,4,4,0.11471902441756665,0.6491670162460322,0.07923124690532371,0.42670244355446213,20,0.085,1,qubit_wise_commuting,8,12288,1536.0,1536,20,0,40,5,entangling_ry_rz_brickwork,2.228741510895825,0.6497395833333334,0.0016,0.0105,0.018,0.00336,0.022400000000000003,0.038400000000000004,0.00176,0.011900000000000003,0.020400000000000005,1.0,1.0,migrate,ibm_brisbane,0.03406000000000001
sha256:eabb34d655d13fa2bf14cc088344395d3a5085a833b880942fc366564156fbce,fresh_rq4_9101_9108,fresh_evaluation,sigmetrics-rq4-fresh-operating-point-confirmation-v1,sha256:5750482173dcfa6f0132ad83b5b7c2198dd34d8873543e9e53f8d38420cff74c,sigmetrics-rq4-fresh-operating-point-confirmation-v1--35c04893203a89e4,9105,lih_vqe,paper,noisy_sim,B5,4,2,high_change,sha256:eabb34d655d13fa2bf14cc088344395d3a5085a833b880942fc366564156fbce-failure,sha256:2d4248f442689674fe2824aef8ce838c02701ff54e669abd824915a24d4ffd5d,sha256:2b6db34aacbffdb427c6a86493c0c97d7fa901154c9c190f56705a55a8d2a0ee,sha256:5d8943b74edf54b19c3d0d4493eca8c11e5671bf89d76b8f3b4c56d6f9edfee2,sha256:35b71fba845a0d0c94e337374f1dffe06fef07652bc638be48b75c9a6a6936fc,ibm_kyiv,ibm_kyiv,replay,replay:ibm_kyiv,ibm_kyiv,ibm_kyiv->ibm_kyiv,True,,1,1,8.0,1.0,controlled scenario descriptor,0.016,0.5333333333333333,derived recovery-time saved/current backend evidence,0,derived recovery-time saved/current backend identity,1,controlled scenario environment,0.55,0.18666666666666665,0.0,0.0,0.7366666666666667,True,True,cf-619d06aa5ff8dfff0c5f,0.020667628688476825,0.09146663064664237,0.05101935830935538,False,False,False,0,0,0,1,6144,168,noisy_sim,9,4,5120,4,0,0.5,4,4,0.11471902441756665,0.6491670162460322,0.07923124690532371,0.42670244355446213,20,0.085,1,qubit_wise_commuting,8,12288,1536.0,1536,20,0,40,5,entangling_ry_rz_brickwork,2.228741510895825,0.6497395833333334,0.0016,0.0105,0.018,0.00288,0.0189,0.0324,0.00128,0.0084,0.0144,1.0,1.0,replay,ibm_kyiv,0.024079999999999997
sha256:edd5dec0dafd59104474597f08e57b7fdc04fa768713a6138badca9a32b6ba4c,fresh_rq4_9101_9108,fresh_evaluation,sigmetrics-rq4-fresh-operating-point-confirmation-v1,sha256:5750482173dcfa6f0132ad83b5b7c2198dd34d8873543e9e53f8d38420cff74c,sigmetrics-rq4-fresh-operating-point-confirmation-v1--ad821e8a595001ce,9101,qaoa_maxcut,paper,noisy_sim,B5,4,2,cross_backend,sha256:edd5dec0dafd59104474597f08e57b7fdc04fa768713a6138badca9a32b6ba4c-failure,sha256:0c234b6ed8a49623078592ed813a0fb82d22d42f594eaf67b57643c8c30bb7b0,sha256:3e961724e06d6d711a9338896a03f47484a702bab4903cdf8ef8771396da980d,sha256:b8c94dadcfefd358a0915470a4fcf21397130942d687be7c1144ae9b7636f1c6,sha256:83ed0f551377d358c1aa12eda6ce14ac2ec4aa1cc34c473689223a284d64b830,ibm_kyiv,ibm_brisbane,migrate,migrate:ibm_brisbane,ibm_brisbane,ibm_kyiv->ibm_brisbane,True,,1,1,0.0,0.0,controlled scenario descriptor,0.007,0.23333333333333334,derived recovery-time saved/current backend evidence,1,derived recovery-time saved/current backend identity,1,controlled scenario environment,0.0,0.08166666666666667,0.1,0.0,0.18166666666666667,True,True,cf-ff31d1f589a23fb4b1e0,0.36704323906899194,0.1693686945946089,1.0625894675368268,False,False,False,0,0,0,1,16512,40,noisy_sim,9,1,4128,0,0,1.0,4,4,2.719555426467546,6.618026112914127,2.3944239958012363,5.7572370358974805,4,0.12,1,qubit_wise_commuting,1,4128,4128.0,4128,4,0,10,6,qaoa_maxcut,4.873993929984981,0.20397286821705427,0.0016,0.0105,0.018,0.0021,0.014,0.024,0.0004999999999999998,0.0034999999999999996,0.006000000000000002,1.0,1.0,migrate,ibm_brisbane,0.010000000000000002
sha256:edd5dec0dafd59104474597f08e57b7fdc04fa768713a6138badca9a32b6ba4c,fresh_rq4_9101_9108,fresh_evaluation,sigmetrics-rq4-fresh-operating-point-confirmation-v1,sha256:5750482173dcfa6f0132ad83b5b7c2198dd34d8873543e9e53f8d38420cff74c,sigmetrics-rq4-fresh-operating-point-confirmation-v1--ad821e8a595001ce,9101,qaoa_maxcut,paper,noisy_sim,B5,4,2,cross_backend,sha256:edd5dec0dafd59104474597f08e57b7fdc04fa768713a6138badca9a32b6ba4c-failure,sha256:0c234b6ed8a49623078592ed813a0fb82d22d42f594eaf67b57643c8c30bb7b0,sha256:3e961724e06d6d711a9338896a03f47484a702bab4903cdf8ef8771396da980d,sha256:b8c94dadcfefd358a0915470a4fcf21397130942d687be7c1144ae9b7636f1c6,sha256:83ed0f551377d358c1aa12eda6ce14ac2ec4aa1cc34c473689223a284d64b830,ibm_kyiv,ibm_sherbrooke,migrate,migrate:ibm_sherbrooke,ibm_sherbrooke,ibm_kyiv->ibm_sherbrooke,True,,1,1,0.0,0.0,controlled scenario descriptor,0.0018999999999999998,0.06333333333333332,derived recovery-time saved/current backend evidence,1,derived recovery-time saved/current backend identity,1,controlled scenario environment,0.0,0.02216666666666666,0.1,0.0,0.12216666666666667,True,True,cf-2e0b9b7ceffd277ce9e9,0.023485763366341672,0.010111124278362901,0.136222772911195,False,False,False,0,0,0,1,16512,40,noisy_sim,9,1,4128,0,0,1.0,4,4,2.719555426467546,6.618026112914127,2.3944239958012363,5.7572370358974805,4,0.12,1,qubit_wise_commuting,1,4128,4128.0,4128,4,0,10,6,qaoa_maxcut,4.873993929984981,0.20397286821705427,0.0016,0.0105,0.018,0.0012,0.0095,0.017,0.0004000000000000002,0.0010000000000000009,0.0009999999999999974,1.0,1.0,migrate,ibm_sherbrooke,0.0023999999999999985
sha256:f2349a90ae64080301d128cdec6705676072ff8351f045fe0687f36b6d37098f,fresh_rq4_9101_9108,fresh_evaluation,sigmetrics-rq4-fresh-operating-point-confirmation-v1,sha256:5750482173dcfa6f0132ad83b5b7c2198dd34d8873543e9e53f8d38420cff74c,sigmetrics-rq4-fresh-operating-point-confirmation-v1--53449d270c20bccb,9104,qaoa_maxcut,paper,noisy_sim,B5,4,2,same_backend_delay,sha256:f2349a90ae64080301d128cdec6705676072ff8351f045fe0687f36b6d37098f-failure,sha256:34b01a1cdd079aa7d96d8ce3df4a0d390668958abd77bd096c47ce89cc1aab83,sha256:2b5d5606b48121c83beae64c1c7cabbafc8d4853980e515ebdce93987de444de,sha256:7c1d6d3b92b74eb9793f2e3d7476b13650919c35e6be30736522cf63625ecb00,sha256:d9729fbcd4f1acc4c024a878f60fd926cd95a5d841bb7078e2f4e47e9dc6a542,ibm_kyiv,ibm_sherbrooke,migrate,migrate:ibm_sherbrooke,ibm_sherbrooke,ibm_kyiv->ibm_sherbrooke,True,,1,1,0.0,0.0,controlled scenario descriptor,0.0018999999999999998,0.06333333333333332,derived recovery-time saved/current backend evidence,1,derived recovery-time saved/current backend identity,1,controlled scenario environment,0.0,0.02216666666666666,0.1,0.0,0.12216666666666667,True,True,cf-85fb69cbd62a65d58ba0,0.22582732690875318,0.22825642210211294,0.9507237430322785,False,False,False,0,0,0,1,16256,40,noisy_sim,9,1,4064,0,0,1.0,4,4,0.3651465976153019,4.524152043273292,1.667233545029487,4.219763897214396,4,0.12,1,qubit_wise_commuting,1,4064,4064.0,4064,4,0,10,6,qaoa_maxcut,5.774171850350005,0.05019685039370079,0.0016,0.0105,0.018,0.0012,0.0095,0.017,0.0004000000000000002,0.0010000000000000009,0.0009999999999999974,1.0,1.0,migrate,ibm_sherbrooke,0.0023999999999999985
sha256:f2349a90ae64080301d128cdec6705676072ff8351f045fe0687f36b6d37098f,fresh_rq4_9101_9108,fresh_evaluation,sigmetrics-rq4-fresh-operating-point-confirmation-v1,sha256:5750482173dcfa6f0132ad83b5b7c2198dd34d8873543e9e53f8d38420cff74c,sigmetrics-rq4-fresh-operating-point-confirmation-v1--53449d270c20bccb,9104,qaoa_maxcut,paper,noisy_sim,B5,4,2,same_backend_delay,sha256:f2349a90ae64080301d128cdec6705676072ff8351f045fe0687f36b6d37098f-failure,sha256:34b01a1cdd079aa7d96d8ce3df4a0d390668958abd77bd096c47ce89cc1aab83,sha256:2b5d5606b48121c83beae64c1c7cabbafc8d4853980e515ebdce93987de444de,sha256:7c1d6d3b92b74eb9793f2e3d7476b13650919c35e6be30736522cf63625ecb00,sha256:d9729fbcd4f1acc4c024a878f60fd926cd95a5d841bb7078e2f4e47e9dc6a542,ibm_kyiv,ibm_kyiv,replay,replay:ibm_kyiv,ibm_kyiv,ibm_kyiv->ibm_kyiv,True,,1,1,4.0,0.8,controlled scenario descriptor,0.007999999999999998,0.2666666666666666,derived recovery-time saved/current backend evidence,0,derived recovery-time saved/current backend identity,1,controlled scenario environment,0.44000000000000006,0.09333333333333331,0.0,0.0,0.5333333333333333,True,True,cf-f20a73f657964c517e9d,0.97273348183582,0.23446460577762582,1.621029377495669,False,False,False,0,0,0,1,16256,40,noisy_sim,9,1,4064,0,0,1.0,4,4,0.3651465976153019,4.524152043273292,1.667233545029487,4.219763897214396,4,0.12,1,qubit_wise_commuting,1,4064,4064.0,4064,4,0,10,6,qaoa_maxcut,5.774171850350005,0.05019685039370079,0.0016,0.0105,0.018,0.00224,0.0147,0.025199999999999997,0.0006399999999999997,0.004199999999999999,0.007199999999999998,1.0,1.0,replay,ibm_kyiv,0.012039999999999997
sha256:f2eef5828bc4ea0a6fb5f33d76a25e5f509e5e84e94036e5c4d2e7a12e3349eb,fresh_rq4_9101_9108,fresh_evaluation,sigmetrics-rq4-fresh-operating-point-confirmation-v1,sha256:5750482173dcfa6f0132ad83b5b7c2198dd34d8873543e9e53f8d38420cff74c,sigmetrics-rq4-fresh-operating-point-confirmation-v1--59992fb4b6b1aa9b,9103,adapt_vqe,paper,noisy_sim,B5,4,2,no_change,sha256:f2eef5828bc4ea0a6fb5f33d76a25e5f509e5e84e94036e5c4d2e7a12e3349eb-failure,sha256:20dca6d793bd22ee13b4d7589609c8373a5a86234e53e87cb3dda565cdd6278b,sha256:0e7343b47d003afe2860e33d67399c12f7ed84b7f18c3a5e0d48aae47fda9990,sha256:f84c41da86b339797e4a2ad44884a5ee22cc0b13456bb2ab135e5104d41cdbb8,sha256:4dfe4f8b3dc8175bb62a49c06e6b4599667cc5d31323331f81ffe5665cace081,ibm_kyiv,ibm_kyiv,replay,replay:ibm_kyiv,ibm_kyiv,ibm_kyiv->ibm_kyiv,True,,1,1,0.0,0.0,controlled scenario descriptor,0.0,0.0,derived recovery-time saved/current backend evidence,0,derived recovery-time saved/current backend identity,1,controlled scenario environment,0.0,0.0,0.0,0.0,0.0,True,True,cf-d3013961190cfdbaa966,0.0,0.0,0.0,True,True,True,1,1,1,0,4352,40,noisy_sim,9,4,3328,4,0,0.5,4,4,0.003231626016447109,0.12737605331742743,0.05633383296080257,0.09658534553364086,4,0.08,1,qubit_wise_commuting,8,8704,1088.0,1088,4,4,40,5,adapt_pauli_pool,0.745125615236665,0.8943014705882353,0.0016,0.0105,0.018,0.0016,0.0105,0.018,0.0,0.0,0.0,1.0,1.0,replay,ibm_kyiv,0.0
sha256:f44e60a5b7db10c292e4ccf11606045c634f23b17d3a9e2ec2cf14278a15d1e2,fresh_rq4_9101_9108,fresh_evaluation,sigmetrics-rq4-fresh-operating-point-confirmation-v1,sha256:5750482173dcfa6f0132ad83b5b7c2198dd34d8873543e9e53f8d38420cff74c,sigmetrics-rq4-fresh-operating-point-confirmation-v1--3f877d10307f8684,9101,adapt_vqe,paper,noisy_sim,B5,4,2,safe_change,sha256:f44e60a5b7db10c292e4ccf11606045c634f23b17d3a9e2ec2cf14278a15d1e2-failure,sha256:24981ccf032f587353b083625fc9a2ac2feda2bbda3f737b97287a47b5676d5b,sha256:8aa9fd73acdbefb930184631c530ac1ad4750da95e7359345a133016be010a68,sha256:4dc43ddf8e7e7dbaa94146e3cde4496d8eeb3edbc8bccc44b9d6a1d96bd372c5,sha256:2dc3501bbf2685c47aba708d1263396fc3510d58b0820ed13c2def9ab2ed3ac3,ibm_kyiv,ibm_kyiv,replay,replay:ibm_kyiv,ibm_kyiv,ibm_kyiv->ibm_kyiv,True,,1,1,0.1,0.02,controlled scenario descriptor,0.00020000000000000017,0.006666666666666672,derived recovery-time saved/current backend evidence,0,derived recovery-time saved/current backend identity,1,controlled scenario environment,0.011000000000000001,0.0023333333333333353,0.0,0.0,0.013333333333333336,True,True,cf-a5ca7b2686f02ac51073,5.801843418229424e-05,0.07310982892412275,4.1917050057902375e-05,True,True,True,1,1,1,0,4352,40,noisy_sim,9,4,3328,4,0,0.5,4,4,0.0014004090875534558,0.0742079640082951,0.02543388135428772,0.07200050842760912,4,0.08,1,qubit_wise_commuting,8,8704,1088.0,1088,4,4,40,5,adapt_pauli_pool,0.6792885613009749,0.9071691176470589,0.0016,0.0105,0.018,0.001616,0.010605000000000002,0.018179999999999998,1.5999999999999955e-05,0.00010500000000000093,0.0001799999999999996,1.0,1.0,replay,ibm_kyiv,0.0003010000000000005
sha256:f5b2b02aa8712c2c1acf4adaad83078b896960b68a0790f3d7fafe533dcd7fe7,fresh_rq4_9101_9108,fresh_evaluation,sigmetrics-rq4-fresh-operating-point-confirmation-v1,sha256:5750482173dcfa6f0132ad83b5b7c2198dd34d8873543e9e53f8d38420cff74c,sigmetrics-rq4-fresh-operating-point-confirmation-v1--642ba8b095c263c9,9103,qaoa_maxcut,paper,noisy_sim,B5,4,2,same_backend_delay,sha256:f5b2b02aa8712c2c1acf4adaad83078b896960b68a0790f3d7fafe533dcd7fe7-failure,sha256:7413e5e14858d53ce604fde4759b60b292baf6639da7bfbda12d129d57f948dc,sha256:2b5d5606b48121c83beae64c1c7cabbafc8d4853980e515ebdce93987de444de,sha256:7c1d6d3b92b74eb9793f2e3d7476b13650919c35e6be30736522cf63625ecb00,sha256:ba9b7752702d9a595186c05985aff0433c04fa344b7129b8c45b5dbc78cbd3f1,ibm_kyiv,ibm_sherbrooke,migrate,migrate:ibm_sherbrooke,ibm_sherbrooke,ibm_kyiv->ibm_sherbrooke,True,,1,1,0.0,0.0,controlled scenario descriptor,0.0018999999999999998,0.06333333333333332,derived recovery-time saved/current backend evidence,1,derived recovery-time saved/current backend identity,1,controlled scenario environment,0.0,0.02216666666666666,0.1,0.0,0.12216666666666667,True,True,cf-596a787bb73d1e2dd1a0,0.09933671508041542,0.11170103325545072,1.5194867363797824,False,True,False,0,1,0,1,16640,40,noisy_sim,9,1,4160,0,0,1.0,4,4,1.7549355151576038,4.050392689580265,1.5478989741685625,3.457171876192127,4,0.12,1,qubit_wise_commuting,1,4160,4160.0,4160,4,0,10,6,qaoa_maxcut,5.58356178527452,0.11009615384615384,0.0016,0.0105,0.018,0.0012,0.0095,0.017,0.0004000000000000002,0.0010000000000000009,0.0009999999999999974,1.0,1.0,migrate,ibm_sherbrooke,0.0023999999999999985
sha256:f5b2b02aa8712c2c1acf4adaad83078b896960b68a0790f3d7fafe533dcd7fe7,fresh_rq4_9101_9108,fresh_evaluation,sigmetrics-rq4-fresh-operating-point-confirmation-v1,sha256:5750482173dcfa6f0132ad83b5b7c2198dd34d8873543e9e53f8d38420cff74c,sigmetrics-rq4-fresh-operating-point-confirmation-v1--642ba8b095c263c9,9103,qaoa_maxcut,paper,noisy_sim,B5,4,2,same_backend_delay,sha256:f5b2b02aa8712c2c1acf4adaad83078b896960b68a0790f3d7fafe533dcd7fe7-failure,sha256:7413e5e14858d53ce604fde4759b60b292baf6639da7bfbda12d129d57f948dc,sha256:2b5d5606b48121c83beae64c1c7cabbafc8d4853980e515ebdce93987de444de,sha256:7c1d6d3b92b74eb9793f2e3d7476b13650919c35e6be30736522cf63625ecb00,sha256:ba9b7752702d9a595186c05985aff0433c04fa344b7129b8c45b5dbc78cbd3f1,ibm_kyiv,ibm_kyiv,replay,replay:ibm_kyiv,ibm_kyiv,ibm_kyiv->ibm_kyiv,True,,1,1,4.0,0.8,controlled scenario descriptor,0.007999999999999998,0.2666666666666666,derived recovery-time saved/current backend evidence,0,derived recovery-time saved/current backend identity,1,controlled scenario environment,0.44000000000000006,0.09333333333333331,0.0,0.0,0.5333333333333333,True,True,cf-1d2bcc4d8feb4a220724,0.5135631310104634,0.19396172664013264,4.393010286900207,False,True,False,0,1,0,1,16640,40,noisy_sim,9,1,4160,0,0,1.0,4,4,1.7549355151576038,4.050392689580265,1.5478989741685625,3.457171876192127,4,0.12,1,qubit_wise_commuting,1,4160,4160.0,4160,4,0,10,6,qaoa_maxcut,5.58356178527452,0.11009615384615384,0.0016,0.0105,0.018,0.00224,0.0147,0.025199999999999997,0.0006399999999999997,0.004199999999999999,0.007199999999999998,1.0,1.0,replay,ibm_kyiv,0.012039999999999997
sha256:f5d25b30dfdd2f0afa0ff43001ad603186edb9b6be12551414f4e771054ccf0c,fresh_rq4_9101_9108,fresh_evaluation,sigmetrics-rq4-fresh-operating-point-confirmation-v1,sha256:5750482173dcfa6f0132ad83b5b7c2198dd34d8873543e9e53f8d38420cff74c,sigmetrics-rq4-fresh-operating-point-confirmation-v1--6fb0d098d3d378ff,9105,h2_vqe,paper,noisy_sim,B5,4,2,safe_change,sha256:f5d25b30dfdd2f0afa0ff43001ad603186edb9b6be12551414f4e771054ccf0c-failure,sha256:7f0b1f74a6dc1c26604ee880fa21e26774b4b947f6f2f0f7a071c180fdceb055,sha256:8aa9fd73acdbefb930184631c530ac1ad4750da95e7359345a133016be010a68,sha256:9c8d84160a37684a330c5e86489f096e08f5be515d75b7d3faace12218e4c75a,sha256:a97afd875e849e0a8826092cf197c3ff40e85ecdff0c177c4aac99d312322f8f,ibm_kyiv,ibm_kyiv,replay,replay:ibm_kyiv,ibm_kyiv,ibm_kyiv->ibm_kyiv,True,,1,1,0.1,0.02,controlled scenario descriptor,0.00020000000000000017,0.006666666666666672,derived recovery-time saved/current backend evidence,0,derived recovery-time saved/current backend identity,1,controlled scenario environment,0.011000000000000001,0.0023333333333333353,0.0,0.0,0.013333333333333336,True,True,cf-3a771734b2e3163c7600,0.0003170057029677764,0.0018384183112670615,0.0003806445072575634,True,True,True,1,1,1,0,4992,104,noisy_sim,9,3,2976,4,0,0.42857142857142855,4,4,0.017154915509526525,0.19669865802039121,0.04147853102046067,0.11467805405587228,12,0.105,1,qubit_wise_commuting,7,8736,1248.0,1248,12,0,24,4,entangling_ry_rz_brickwork,1.2124382309675519,0.813301282051282,0.0016,0.0105,0.018,0.001616,0.010605000000000002,0.018179999999999998,1.5999999999999955e-05,0.00010500000000000093,0.0001799999999999996,1.0,1.0,replay,ibm_kyiv,0.0003010000000000005
sha256:f7427a56573d69d5196dc9dc53dbae11b68a6c3a7d5ece987fc9d2b779e27ed4,fresh_rq4_9101_9108,fresh_evaluation,sigmetrics-rq4-fresh-operating-point-confirmation-v1,sha256:5750482173dcfa6f0132ad83b5b7c2198dd34d8873543e9e53f8d38420cff74c,sigmetrics-rq4-fresh-operating-point-confirmation-v1--1d3a7d211676cbc2,9106,lih_vqe,paper,noisy_sim,B5,4,2,same_backend_delay,sha256:f7427a56573d69d5196dc9dc53dbae11b68a6c3a7d5ece987fc9d2b779e27ed4-failure,sha256:12fb5c23b0e5873fdf8fce44aea1623bce3ee318d35346d67a128ac5be287eea,sha256:2b5d5606b48121c83beae64c1c7cabbafc8d4853980e515ebdce93987de444de,sha256:a34acccbf511b108775b8e967e3b18427ed7ef8b4253f5317c30df5592c85ab5,sha256:215b873e586bd74901301cd5e762ac24f81790c65f725acd644334fff1d5da0e,ibm_kyiv,ibm_sherbrooke,migrate,migrate:ibm_sherbrooke,ibm_sherbrooke,ibm_kyiv->ibm_sherbrooke,True,,1,1,0.0,0.0,controlled scenario descriptor,0.0018999999999999998,0.06333333333333332,derived recovery-time saved/current backend evidence,1,derived recovery-time saved/current backend identity,1,controlled scenario environment,0.0,0.02216666666666666,0.1,0.0,0.12216666666666667,True,True,cf-ccd1e44bbce1d1072e68,0.0005546228003137088,0.07764355850142049,0.009741741705971392,False,False,False,0,0,0,1,6144,168,noisy_sim,9,4,5120,4,0,0.5,4,4,0.07130914739997962,0.5493221234700877,0.06256987611311735,0.3589950295340335,20,0.085,1,qubit_wise_commuting,8,12288,1536.0,1536,20,0,40,5,entangling_ry_rz_brickwork,1.503542056303995,0.7936197916666666,0.0016,0.0105,0.018,0.0012,0.0095,0.017,0.0004000000000000002,0.0010000000000000009,0.0009999999999999974,1.0,1.0,migrate,ibm_sherbrooke,0.0023999999999999985
sha256:f7427a56573d69d5196dc9dc53dbae11b68a6c3a7d5ece987fc9d2b779e27ed4,fresh_rq4_9101_9108,fresh_evaluation,sigmetrics-rq4-fresh-operating-point-confirmation-v1,sha256:5750482173dcfa6f0132ad83b5b7c2198dd34d8873543e9e53f8d38420cff74c,sigmetrics-rq4-fresh-operating-point-confirmation-v1--1d3a7d211676cbc2,9106,lih_vqe,paper,noisy_sim,B5,4,2,same_backend_delay,sha256:f7427a56573d69d5196dc9dc53dbae11b68a6c3a7d5ece987fc9d2b779e27ed4-failure,sha256:12fb5c23b0e5873fdf8fce44aea1623bce3ee318d35346d67a128ac5be287eea,sha256:2b5d5606b48121c83beae64c1c7cabbafc8d4853980e515ebdce93987de444de,sha256:a34acccbf511b108775b8e967e3b18427ed7ef8b4253f5317c30df5592c85ab5,sha256:215b873e586bd74901301cd5e762ac24f81790c65f725acd644334fff1d5da0e,ibm_kyiv,ibm_kyiv,replay,replay:ibm_kyiv,ibm_kyiv,ibm_kyiv->ibm_kyiv,True,,1,1,4.0,0.8,controlled scenario descriptor,0.007999999999999998,0.2666666666666666,derived recovery-time saved/current backend evidence,0,derived recovery-time saved/current backend identity,1,controlled scenario environment,0.44000000000000006,0.09333333333333331,0.0,0.0,0.5333333333333333,True,True,cf-490ec189d71054676426,0.0017679749382866206,0.06616441788373273,0.026484549906588224,False,False,False,0,0,0,1,6144,168,noisy_sim,9,4,5120,4,0,0.5,4,4,0.07130914739997962,0.5493221234700877,0.06256987611311735,0.3589950295340335,20,0.085,1,qubit_wise_commuting,8,12288,1536.0,1536,20,0,40,5,entangling_ry_rz_brickwork,1.503542056303995,0.7936197916666666,0.0016,0.0105,0.018,0.00224,0.0147,0.025199999999999997,0.0006399999999999997,0.004199999999999999,0.007199999999999998,1.0,1.0,replay,ibm_kyiv,0.012039999999999997
sha256:f746c082905019f7b44f9bd53c51172a9e9a4e43405e4cd3ff653554cad12606,fresh_rq4_9101_9108,fresh_evaluation,sigmetrics-rq4-fresh-operating-point-confirmation-v1,sha256:5750482173dcfa6f0132ad83b5b7c2198dd34d8873543e9e53f8d38420cff74c,sigmetrics-rq4-fresh-operating-point-confirmation-v1--fa55b751755a9b60,9108,qaoa_maxcut,paper,noisy_sim,B5,4,2,cross_backend,sha256:f746c082905019f7b44f9bd53c51172a9e9a4e43405e4cd3ff653554cad12606-failure,sha256:12baa20a227d608587db781511444ba6bd1f7fd7e64e940d5263b37f49e3c099,sha256:3e961724e06d6d711a9338896a03f47484a702bab4903cdf8ef8771396da980d,sha256:b8c94dadcfefd358a0915470a4fcf21397130942d687be7c1144ae9b7636f1c6,sha256:4b3f8ea2bb6444ba9752e0dfd272c7fd15260507d8316ead742c86a18abae13e,ibm_kyiv,ibm_brisbane,migrate,migrate:ibm_brisbane,ibm_brisbane,ibm_kyiv->ibm_brisbane,True,,1,1,0.0,0.0,controlled scenario descriptor,0.007,0.23333333333333334,derived recovery-time saved/current backend evidence,1,derived recovery-time saved/current backend identity,1,controlled scenario environment,0.0,0.08166666666666667,0.1,0.0,0.18166666666666667,True,True,cf-a769bbad49a851c72dc9,0.6897617141551198,0.11667841426392213,0.15997275692861673,False,False,False,0,0,0,1,16512,40,noisy_sim,9,1,4128,0,0,1.0,4,4,2.328778311038733,3.1870114997896883,1.3651767826391832,2.443400028508602,4,0.12,1,qubit_wise_commuting,1,4128,4128.0,4128,4,0,10,6,qaoa_maxcut,5.511907497537505,0.09835271317829457,0.0016,0.0105,0.018,0.0021,0.014,0.024,0.0004999999999999998,0.0034999999999999996,0.006000000000000002,1.0,1.0,migrate,ibm_brisbane,0.010000000000000002
sha256:f746c082905019f7b44f9bd53c51172a9e9a4e43405e4cd3ff653554cad12606,fresh_rq4_9101_9108,fresh_evaluation,sigmetrics-rq4-fresh-operating-point-confirmation-v1,sha256:5750482173dcfa6f0132ad83b5b7c2198dd34d8873543e9e53f8d38420cff74c,sigmetrics-rq4-fresh-operating-point-confirmation-v1--fa55b751755a9b60,9108,qaoa_maxcut,paper,noisy_sim,B5,4,2,cross_backend,sha256:f746c082905019f7b44f9bd53c51172a9e9a4e43405e4cd3ff653554cad12606-failure,sha256:12baa20a227d608587db781511444ba6bd1f7fd7e64e940d5263b37f49e3c099,sha256:3e961724e06d6d711a9338896a03f47484a702bab4903cdf8ef8771396da980d,sha256:b8c94dadcfefd358a0915470a4fcf21397130942d687be7c1144ae9b7636f1c6,sha256:4b3f8ea2bb6444ba9752e0dfd272c7fd15260507d8316ead742c86a18abae13e,ibm_kyiv,ibm_sherbrooke,migrate,migrate:ibm_sherbrooke,ibm_sherbrooke,ibm_kyiv->ibm_sherbrooke,True,,1,1,0.0,0.0,controlled scenario descriptor,0.0018999999999999998,0.06333333333333332,derived recovery-time saved/current backend evidence,1,derived recovery-time saved/current backend identity,1,controlled scenario environment,0.0,0.02216666666666666,0.1,0.0,0.12216666666666667,True,True,cf-a042048477f3932ae1d4,0.3173100231107,0.06541894972080836,0.22018225779304246,False,True,False,0,1,0,1,16512,40,noisy_sim,9,1,4128,0,0,1.0,4,4,2.328778311038733,3.1870114997896883,1.3651767826391832,2.443400028508602,4,0.12,1,qubit_wise_commuting,1,4128,4128.0,4128,4,0,10,6,qaoa_maxcut,5.511907497537505,0.09835271317829457,0.0016,0.0105,0.018,0.0012,0.0095,0.017,0.0004000000000000002,0.0010000000000000009,0.0009999999999999974,1.0,1.0,migrate,ibm_sherbrooke,0.0023999999999999985
sha256:f772e6555a41a3e5f3bfdd84cf8ded951a0ad8c4311539fc96f1d533690422d8,fresh_rq4_9101_9108,fresh_evaluation,sigmetrics-rq4-fresh-operating-point-confirmation-v1,sha256:5750482173dcfa6f0132ad83b5b7c2198dd34d8873543e9e53f8d38420cff74c,sigmetrics-rq4-fresh-operating-point-confirmation-v1--8b00d85f10b40a0a,9106,lih_vqe,paper,noisy_sim,B5,4,2,safe_change,sha256:f772e6555a41a3e5f3bfdd84cf8ded951a0ad8c4311539fc96f1d533690422d8-failure,sha256:12fb5c23b0e5873fdf8fce44aea1623bce3ee318d35346d67a128ac5be287eea,sha256:8aa9fd73acdbefb930184631c530ac1ad4750da95e7359345a133016be010a68,sha256:f153a653cabcc0d3e38fb1af8137fb44b49a89a01ef79eb6e01d15143d6b4d75,sha256:237fdd7eaa97076e35d75e39f999521351aeab6fa92b6f9a7a1dfbcafe7306a9,ibm_kyiv,ibm_kyiv,replay,replay:ibm_kyiv,ibm_kyiv,ibm_kyiv->ibm_kyiv,True,,1,1,0.1,0.02,controlled scenario descriptor,0.00020000000000000017,0.006666666666666672,derived recovery-time saved/current backend evidence,0,derived recovery-time saved/current backend identity,1,controlled scenario environment,0.011000000000000001,0.0023333333333333353,0.0,0.0,0.013333333333333336,True,True,cf-8e02ada69beb032f6ed5,4.334217922696837e-05,0.0021776315855872464,0.0006706780001084274,True,True,True,1,1,1,0,6144,168,noisy_sim,9,4,5120,4,0,0.5,4,4,0.07130914739997962,0.5493221234700877,0.06256987611311735,0.3589950295340335,20,0.085,1,qubit_wise_commuting,8,12288,1536.0,1536,20,0,40,5,entangling_ry_rz_brickwork,1.503542056303995,0.7936197916666666,0.0016,0.0105,0.018,0.001616,0.010605000000000002,0.018179999999999998,1.5999999999999955e-05,0.00010500000000000093,0.0001799999999999996,1.0,1.0,replay,ibm_kyiv,0.0003010000000000005
sha256:f97e7ed06f0804c006fc29b54536b8dfdf7ea153c25aa71251d03682bc91a853,fresh_rq4_9101_9108,fresh_evaluation,sigmetrics-rq4-fresh-operating-point-confirmation-v1,sha256:5750482173dcfa6f0132ad83b5b7c2198dd34d8873543e9e53f8d38420cff74c,sigmetrics-rq4-fresh-operating-point-confirmation-v1--5fdccb94ac9bcd2d,9108,adapt_vqe,paper,noisy_sim,B5,4,2,safe_change,sha256:f97e7ed06f0804c006fc29b54536b8dfdf7ea153c25aa71251d03682bc91a853-failure,sha256:80339e8c50ff7a7d5d593618752d173abaa251000451ca6d4bf978464b73ebf4,sha256:8aa9fd73acdbefb930184631c530ac1ad4750da95e7359345a133016be010a68,sha256:4dc43ddf8e7e7dbaa94146e3cde4496d8eeb3edbc8bccc44b9d6a1d96bd372c5,sha256:e6868268ae77a22d8a435d4707aa080742fef2b67e10201ae36a20f9dc86698b,ibm_kyiv,ibm_kyiv,replay,replay:ibm_kyiv,ibm_kyiv,ibm_kyiv->ibm_kyiv,True,,1,1,0.1,0.02,controlled scenario descriptor,0.00020000000000000017,0.006666666666666672,derived recovery-time saved/current backend evidence,0,derived recovery-time saved/current backend identity,1,controlled scenario environment,0.011000000000000001,0.0023333333333333353,0.0,0.0,0.013333333333333336,True,True,cf-2d9950cb782ad28d6111,5.77895768953951e-05,0.0,4.384760621217548e-05,True,True,True,1,1,1,0,4352,40,noisy_sim,9,4,3328,4,0,0.5,4,4,0.0024946228698015105,0.10254053273787991,0.0390251943773882,0.08846231405798359,4,0.08,1,qubit_wise_commuting,8,8704,1088.0,1088,4,4,40,5,adapt_pauli_pool,0.7897776233012392,0.8869485294117647,0.0016,0.0105,0.018,0.001616,0.010605000000000002,0.018179999999999998,1.5999999999999955e-05,0.00010500000000000093,0.0001799999999999996,1.0,1.0,replay,ibm_kyiv,0.0003010000000000005
sha256:fa16f6b8676e37cdb60cd8d77576efc658325624428e01745a0cd5d2132afb58,fresh_rq4_9101_9108,fresh_evaluation,sigmetrics-rq4-fresh-operating-point-confirmation-v1,sha256:5750482173dcfa6f0132ad83b5b7c2198dd34d8873543e9e53f8d38420cff74c,sigmetrics-rq4-fresh-operating-point-confirmation-v1--aaab84e92965a59b,9104,qaoa_maxcut,paper,noisy_sim,B5,4,2,high_change,sha256:fa16f6b8676e37cdb60cd8d77576efc658325624428e01745a0cd5d2132afb58-failure,sha256:34b01a1cdd079aa7d96d8ce3df4a0d390668958abd77bd096c47ce89cc1aab83,sha256:2b6db34aacbffdb427c6a86493c0c97d7fa901154c9c190f56705a55a8d2a0ee,sha256:56ebe2ae23f982821e5cb20c223cf12264e80a93b5807dcea8a8ddb40107f761,sha256:a681fe411ac64973655928eac406bac216ec51d92cc44523acd2b4d7d6a4cebe,ibm_kyiv,ibm_brisbane,migrate,migrate:ibm_brisbane,ibm_brisbane,ibm_kyiv->ibm_brisbane,True,,1,1,6.0,1.0,controlled scenario descriptor,0.023860000000000006,0.7953333333333336,derived recovery-time saved/current backend evidence,1,derived recovery-time saved/current backend identity,1,controlled scenario environment,0.55,0.2783666666666667,0.1,0.0,0.9283666666666667,True,True,cf-e72cd511cd33bf296853,0.5849766758703101,0.1445236554032705,1.3794160626941678,False,False,False,0,0,0,1,16256,40,noisy_sim,9,1,4064,0,0,1.0,4,4,0.3651465976153019,4.524152043273292,1.667233545029487,4.219763897214396,4,0.12,1,qubit_wise_commuting,1,4064,4064.0,4064,4,0,10,6,qaoa_maxcut,5.774171850350005,0.05019685039370079,0.0016,0.0105,0.018,0.00336,0.022400000000000003,0.038400000000000004,0.00176,0.011900000000000003,0.020400000000000005,1.0,1.0,migrate,ibm_brisbane,0.03406000000000001
sha256:fa16f6b8676e37cdb60cd8d77576efc658325624428e01745a0cd5d2132afb58,fresh_rq4_9101_9108,fresh_evaluation,sigmetrics-rq4-fresh-operating-point-confirmation-v1,sha256:5750482173dcfa6f0132ad83b5b7c2198dd34d8873543e9e53f8d38420cff74c,sigmetrics-rq4-fresh-operating-point-confirmation-v1--aaab84e92965a59b,9104,qaoa_maxcut,paper,noisy_sim,B5,4,2,high_change,sha256:fa16f6b8676e37cdb60cd8d77576efc658325624428e01745a0cd5d2132afb58-failure,sha256:34b01a1cdd079aa7d96d8ce3df4a0d390668958abd77bd096c47ce89cc1aab83,sha256:2b6db34aacbffdb427c6a86493c0c97d7fa901154c9c190f56705a55a8d2a0ee,sha256:56ebe2ae23f982821e5cb20c223cf12264e80a93b5807dcea8a8ddb40107f761,sha256:a681fe411ac64973655928eac406bac216ec51d92cc44523acd2b4d7d6a4cebe,ibm_kyiv,ibm_kyiv,replay,replay:ibm_kyiv,ibm_kyiv,ibm_kyiv->ibm_kyiv,True,,1,1,8.0,1.0,controlled scenario descriptor,0.016,0.5333333333333333,derived recovery-time saved/current backend evidence,0,derived recovery-time saved/current backend identity,1,controlled scenario environment,0.55,0.18666666666666665,0.0,0.0,0.7366666666666667,True,True,cf-afe62325aa63106da10a,0.7717724730476503,0.18984846325187896,1.473872288950748,False,False,False,0,0,0,1,16256,40,noisy_sim,9,1,4064,0,0,1.0,4,4,0.3651465976153019,4.524152043273292,1.667233545029487,4.219763897214396,4,0.12,1,qubit_wise_commuting,1,4064,4064.0,4064,4,0,10,6,qaoa_maxcut,5.774171850350005,0.05019685039370079,0.0016,0.0105,0.018,0.00288,0.0189,0.0324,0.00128,0.0084,0.0144,1.0,1.0,replay,ibm_kyiv,0.024079999999999997
sha256:ff508acb2d0a68e7193bc6567a19ee1177a7e86962d48bb42ad554838965fef5,fresh_rq4_9101_9108,fresh_evaluation,sigmetrics-rq4-fresh-operating-point-confirmation-v1,sha256:5750482173dcfa6f0132ad83b5b7c2198dd34d8873543e9e53f8d38420cff74c,sigmetrics-rq4-fresh-operating-point-confirmation-v1--05d7979521f0756e,9107,lih_vqe,paper,noisy_sim,B5,4,2,no_change,sha256:ff508acb2d0a68e7193bc6567a19ee1177a7e86962d48bb42ad554838965fef5-failure,sha256:8435029b991b44f2114de66c9335945b17a788f5df914b7e6b58d020a82b5c4e,sha256:0e7343b47d003afe2860e33d67399c12f7ed84b7f18c3a5e0d48aae47fda9990,sha256:c47932d509f62acb75888b4e18d00ff3fb54f3468768cff7bf362cbd2dcdb2a5,sha256:11441ec648e134f5e07b971ad6c76ea0550f85273f1390a965f297f48c56be95,ibm_kyiv,ibm_kyiv,replay,replay:ibm_kyiv,ibm_kyiv,ibm_kyiv->ibm_kyiv,True,,1,1,0.0,0.0,controlled scenario descriptor,0.0,0.0,derived recovery-time saved/current backend evidence,0,derived recovery-time saved/current backend identity,1,controlled scenario environment,0.0,0.0,0.0,0.0,0.0,True,True,cf-2b3794436e9a72c55d78,0.0,0.0,0.0,True,True,True,1,1,1,0,6144,168,noisy_sim,9,4,5120,4,0,0.5,4,4,0.05855647892101512,0.501828472057195,0.06380697122235202,0.36301904123775663,20,0.085,1,qubit_wise_commuting,8,12288,1536.0,1536,20,0,40,5,entangling_ry_rz_brickwork,1.8828007352000935,0.7239583333333334,0.0016,0.0105,0.018,0.0016,0.0105,0.018,0.0,0.0,0.0,1.0,1.0,replay,ibm_kyiv,0.0
sha256:ff7d5d26f2bfd2243ae4876294461e7e0d625801784bf89e6ba36dccccd5443b,fresh_rq4_9101_9108,fresh_evaluation,sigmetrics-rq4-fresh-operating-point-confirmation-v1,sha256:5750482173dcfa6f0132ad83b5b7c2198dd34d8873543e9e53f8d38420cff74c,sigmetrics-rq4-fresh-operating-point-confirmation-v1--4182826bbf5adfa6,9101,qaoa_maxcut,paper,noisy_sim,B5,4,2,same_backend_delay,sha256:ff7d5d26f2bfd2243ae4876294461e7e0d625801784bf89e6ba36dccccd5443b-failure,sha256:0c234b6ed8a49623078592ed813a0fb82d22d42f594eaf67b57643c8c30bb7b0,sha256:2b5d5606b48121c83beae64c1c7cabbafc8d4853980e515ebdce93987de444de,sha256:7c1d6d3b92b74eb9793f2e3d7476b13650919c35e6be30736522cf63625ecb00,sha256:e9413b8f0ad50c3cf2b023987c2c4d46fd2328809e1de51620941b0a4a5154b0,ibm_kyiv,ibm_sherbrooke,migrate,migrate:ibm_sherbrooke,ibm_sherbrooke,ibm_kyiv->ibm_sherbrooke,True,,1,1,0.0,0.0,controlled scenario descriptor,0.0018999999999999998,0.06333333333333332,derived recovery-time saved/current backend evidence,1,derived recovery-time saved/current backend identity,1,controlled scenario environment,0.0,0.02216666666666666,0.1,0.0,0.12216666666666667,True,True,cf-ce473e0f9a297a060727,0.023485763366341672,0.010111124278362901,0.136222772911195,False,False,False,0,0,0,1,16512,40,noisy_sim,9,1,4128,0,0,1.0,4,4,2.719555426467546,6.618026112914127,2.3944239958012363,5.7572370358974805,4,0.12,1,qubit_wise_commuting,1,4128,4128.0,4128,4,0,10,6,qaoa_maxcut,4.873993929984981,0.20397286821705427,0.0016,0.0105,0.018,0.0012,0.0095,0.017,0.0004000000000000002,0.0010000000000000009,0.0009999999999999974,1.0,1.0,migrate,ibm_sherbrooke,0.0023999999999999985
sha256:ff7d5d26f2bfd2243ae4876294461e7e0d625801784bf89e6ba36dccccd5443b,fresh_rq4_9101_9108,fresh_evaluation,sigmetrics-rq4-fresh-operating-point-confirmation-v1,sha256:5750482173dcfa6f0132ad83b5b7c2198dd34d8873543e9e53f8d38420cff74c,sigmetrics-rq4-fresh-operating-point-confirmation-v1--4182826bbf5adfa6,9101,qaoa_maxcut,paper,noisy_sim,B5,4,2,same_backend_delay,sha256:ff7d5d26f2bfd2243ae4876294461e7e0d625801784bf89e6ba36dccccd5443b-failure,sha256:0c234b6ed8a49623078592ed813a0fb82d22d42f594eaf67b57643c8c30bb7b0,sha256:2b5d5606b48121c83beae64c1c7cabbafc8d4853980e515ebdce93987de444de,sha256:7c1d6d3b92b74eb9793f2e3d7476b13650919c35e6be30736522cf63625ecb00,sha256:e9413b8f0ad50c3cf2b023987c2c4d46fd2328809e1de51620941b0a4a5154b0,ibm_kyiv,ibm_kyiv,replay,replay:ibm_kyiv,ibm_kyiv,ibm_kyiv->ibm_kyiv,True,,1,1,4.0,0.8,controlled scenario descriptor,0.007999999999999998,0.2666666666666666,derived recovery-time saved/current backend evidence,0,derived recovery-time saved/current backend identity,1,controlled scenario environment,0.44000000000000006,0.09333333333333331,0.0,0.0,0.5333333333333333,True,True,cf-92badee68bfc3d22a10e,0.5851490992275483,0.2305863443284741,1.315274207509933,False,False,False,0,0,0,1,16512,40,noisy_sim,9,1,4128,0,0,1.0,4,4,2.719555426467546,6.618026112914127,2.3944239958012363,5.7572370358974805,4,0.12,1,qubit_wise_commuting,1,4128,4128.0,4128,4,0,10,6,qaoa_maxcut,4.873993929984981,0.20397286821705427,0.0016,0.0105,0.018,0.00224,0.0147,0.025199999999999997,0.0006399999999999997,0.004199999999999999,0.007199999999999998,1.0,1.0,replay,ibm_kyiv,0.012039999999999997
