run_id,workload_name,workload_variant,setting,evaluation_question,seed,hardware_window,boundary,scenario,baseline_or_ablation,save_backend,restore_backend,restore_backend_pair,delay,cadence,budget_B,artifact_presence,restore_decision,success,stable_continuation,unsafe_restore,over_conservative_block,timestamp_start,timestamp_end,software_version,git_hash,checkpoint_footprint_bytes,save_latency_s,restore_planning_latency_s,recompilation_latency_s,rollback_distance,lost_shots,lost_measurement_groups,recovered_work_fraction,wasted_qpu_work_s,time_to_first_stable_continuation_s,resume_success_rate,post_restore_objective_gap,hellinger_distance,gradient_disagreement,first_step_overshoot,stable_continuation_success,unsafe_restore_rate,over_conservative_block_rate,replay_fraction,migration_fraction,block_fraction,reuse_fraction,redo_fraction,portability_shock,recomputation_avoided_s,cost_quality_score,checkpoint_overhead_pct
ideal_e1_lih_vqe_B1_cad1_seed11,lih_vqe,embedded_larger_active_space,ideal,e1,11,,B1,cadence_sweep,full_contract,parallel_fs,parallel_fs,,0.0,1,12,"{'G0': True, 'GA': True, 'GB': False, 'GC': False, 'GD': False, 'GE': False, 'GF': False, 'GH': False}",replay,True,True,False,False,2026-03-07T02:59:13+00:00,2026-03-07T02:59:14.154544+00:00,0.1.0,,1027.0,0.016003917694091797,0.0919,,,,,,,,1.0,,,,,1.0,,,1.0,0.0,0.0,,,,0.005200000000000001,0.04819102133753873,12.310705918532152
ideal_e1_lih_vqe_B1_cad1_seed17,lih_vqe,embedded_larger_active_space,ideal,e1,17,,B1,cadence_sweep,full_contract,parallel_fs,parallel_fs,,0.0,1,12,"{'G0': True, 'GA': True, 'GB': False, 'GC': False, 'GD': False, 'GE': False, 'GF': False, 'GH': False}",replay,True,True,False,False,2026-03-05T07:17:06+00:00,2026-03-05T07:17:07.154544+00:00,0.1.0,,1027.0,0.016003917694091797,0.0919,,,,,,,,1.0,,,,,1.0,,,1.0,0.0,0.0,,,,0.005200000000000001,0.04819102133753873,12.310705918532152
ideal_e1_lih_vqe_B1_cad1_seed23,lih_vqe,embedded_larger_active_space,ideal,e1,23,,B1,cadence_sweep,full_contract,parallel_fs,parallel_fs,,0.0,1,12,"{'G0': True, 'GA': True, 'GB': False, 'GC': False, 'GD': False, 'GE': False, 'GF': False, 'GH': False}",replay,True,True,False,False,2026-03-18T22:43:23+00:00,2026-03-18T22:43:24.154544+00:00,0.1.0,,1027.0,0.016003917694091797,0.0919,,,,,,,,1.0,,,,,1.0,,,1.0,0.0,0.0,,,,0.005200000000000001,0.04819102133753873,12.310705918532152
ideal_e1_lih_vqe_B1_cad1_seed31,lih_vqe,embedded_larger_active_space,ideal,e1,31,,B1,cadence_sweep,full_contract,parallel_fs,parallel_fs,,0.0,1,12,"{'G0': True, 'GA': True, 'GB': False, 'GC': False, 'GD': False, 'GE': False, 'GF': False, 'GH': False}",replay,True,True,False,False,2026-03-20T16:48:12+00:00,2026-03-20T16:48:13.154544+00:00,0.1.0,,1027.0,0.016003917694091797,0.0919,,,,,,,,1.0,,,,,1.0,,,1.0,0.0,0.0,,,,0.005200000000000001,0.04819102133753873,12.310705918532152
ideal_e1_lih_vqe_B1_cad1_seed43,lih_vqe,embedded_larger_active_space,ideal,e1,43,,B1,cadence_sweep,full_contract,parallel_fs,parallel_fs,,0.0,1,12,"{'G0': True, 'GA': True, 'GB': False, 'GC': False, 'GD': False, 'GE': False, 'GF': False, 'GH': False}",replay,True,True,False,False,2026-03-03T18:18:08+00:00,2026-03-03T18:18:09.154544+00:00,0.1.0,,1027.0,0.016003917694091797,0.0919,,,,,,,,1.0,,,,,1.0,,,1.0,0.0,0.0,,,,0.005200000000000001,0.04819102133753873,12.310705918532152
ideal_e1_lih_vqe_B1_cad1_seed59,lih_vqe,embedded_larger_active_space,ideal,e1,59,,B1,cadence_sweep,full_contract,parallel_fs,parallel_fs,,0.0,1,12,"{'G0': True, 'GA': True, 'GB': False, 'GC': False, 'GD': False, 'GE': False, 'GF': False, 'GH': False}",replay,True,True,False,False,2026-03-08T22:36:23+00:00,2026-03-08T22:36:24.154544+00:00,0.1.0,,1027.0,0.016003917694091797,0.0919,,,,,,,,1.0,,,,,1.0,,,1.0,0.0,0.0,,,,0.005200000000000001,0.04819102133753873,12.310705918532152
ideal_e1_lih_vqe_B1_cad1_seed71,lih_vqe,embedded_larger_active_space,ideal,e1,71,,B1,cadence_sweep,full_contract,parallel_fs,parallel_fs,,0.0,1,12,"{'G0': True, 'GA': True, 'GB': False, 'GC': False, 'GD': False, 'GE': False, 'GF': False, 'GH': False}",replay,True,True,False,False,2026-03-24T04:19:07+00:00,2026-03-24T04:19:08.154544+00:00,0.1.0,,1027.0,0.016003917694091797,0.0919,,,,,,,,1.0,,,,,1.0,,,1.0,0.0,0.0,,,,0.005200000000000001,0.04819102133753873,12.310705918532152
ideal_e1_lih_vqe_B1_cad1_seed83,lih_vqe,embedded_larger_active_space,ideal,e1,83,,B1,cadence_sweep,full_contract,parallel_fs,parallel_fs,,0.0,1,12,"{'G0': True, 'GA': True, 'GB': False, 'GC': False, 'GD': False, 'GE': False, 'GF': False, 'GH': False}",replay,True,True,False,False,2026-03-24T21:52:05+00:00,2026-03-24T21:52:06.154544+00:00,0.1.0,,1027.0,0.016003917694091797,0.0919,,,,,,,,1.0,,,,,1.0,,,1.0,0.0,0.0,,,,0.005200000000000001,0.04819102133753873,12.310705918532152
ideal_e1_lih_vqe_B1_cad1_seed97,lih_vqe,embedded_larger_active_space,ideal,e1,97,,B1,cadence_sweep,full_contract,parallel_fs,parallel_fs,,0.0,1,12,"{'G0': True, 'GA': True, 'GB': False, 'GC': False, 'GD': False, 'GE': False, 'GF': False, 'GH': False}",replay,True,True,False,False,2026-03-16T15:34:17+00:00,2026-03-16T15:34:18.154544+00:00,0.1.0,,1027.0,0.016003917694091797,0.0919,,,,,,,,1.0,,,,,1.0,,,1.0,0.0,0.0,,,,0.005200000000000001,0.04819102133753873,12.310705918532152
ideal_e1_lih_vqe_B1_cad1_seed101,lih_vqe,embedded_larger_active_space,ideal,e1,101,,B1,cadence_sweep,full_contract,parallel_fs,parallel_fs,,0.0,1,12,"{'G0': True, 'GA': True, 'GB': False, 'GC': False, 'GD': False, 'GE': False, 'GF': False, 'GH': False}",replay,True,True,False,False,2026-03-15T00:37:52+00:00,2026-03-15T00:37:53.154544+00:00,0.1.0,,1027.0,0.016003917694091797,0.0919,,,,,,,,1.0,,,,,1.0,,,1.0,0.0,0.0,,,,0.005200000000000001,0.04819102133753873,12.310705918532152
ideal_e1_lih_vqe_B1_cad1_seed107,lih_vqe,embedded_larger_active_space,ideal,e1,107,,B1,cadence_sweep,full_contract,parallel_fs,parallel_fs,,0.0,1,12,"{'G0': True, 'GA': True, 'GB': False, 'GC': False, 'GD': False, 'GE': False, 'GF': False, 'GH': False}",replay,True,True,False,False,2026-03-12T17:15:33+00:00,2026-03-12T17:15:34.154544+00:00,0.1.0,,1027.0,0.016003917694091797,0.0919,,,,,,,,1.0,,,,,1.0,,,1.0,0.0,0.0,,,,0.005200000000000001,0.04819102133753873,12.310705918532152
ideal_e1_lih_vqe_B1_cad1_seed113,lih_vqe,embedded_larger_active_space,ideal,e1,113,,B1,cadence_sweep,full_contract,parallel_fs,parallel_fs,,0.0,1,12,"{'G0': True, 'GA': True, 'GB': False, 'GC': False, 'GD': False, 'GE': False, 'GF': False, 'GH': False}",replay,True,True,False,False,2026-03-09T22:16:29+00:00,2026-03-09T22:16:30.154544+00:00,0.1.0,,1027.0,0.016003917694091797,0.0919,,,,,,,,1.0,,,,,1.0,,,1.0,0.0,0.0,,,,0.005200000000000001,0.04819102133753873,12.310705918532152
ideal_e1_lih_vqe_B1_cad1_seed127,lih_vqe,embedded_larger_active_space,ideal,e1,127,,B1,cadence_sweep,full_contract,parallel_fs,parallel_fs,,0.0,1,12,"{'G0': True, 'GA': True, 'GB': False, 'GC': False, 'GD': False, 'GE': False, 'GF': False, 'GH': False}",replay,True,True,False,False,2026-03-27T13:39:48+00:00,2026-03-27T13:39:49.154544+00:00,0.1.0,,1027.0,0.016003917694091797,0.0919,,,,,,,,1.0,,,,,1.0,,,1.0,0.0,0.0,,,,0.005200000000000001,0.04819102133753873,12.310705918532152
ideal_e1_lih_vqe_B1_cad1_seed131,lih_vqe,embedded_larger_active_space,ideal,e1,131,,B1,cadence_sweep,full_contract,parallel_fs,parallel_fs,,0.0,1,12,"{'G0': True, 'GA': True, 'GB': False, 'GC': False, 'GD': False, 'GE': False, 'GF': False, 'GH': False}",replay,True,True,False,False,2026-03-30T15:57:31+00:00,2026-03-30T15:57:32.154544+00:00,0.1.0,,1027.0,0.016003917694091797,0.0919,,,,,,,,1.0,,,,,1.0,,,1.0,0.0,0.0,,,,0.005200000000000001,0.04819102133753873,12.310705918532152
ideal_e1_lih_vqe_B1_cad1_seed137,lih_vqe,embedded_larger_active_space,ideal,e1,137,,B1,cadence_sweep,full_contract,parallel_fs,parallel_fs,,0.0,1,12,"{'G0': True, 'GA': True, 'GB': False, 'GC': False, 'GD': False, 'GE': False, 'GF': False, 'GH': False}",replay,True,True,False,False,2026-03-02T23:17:06+00:00,2026-03-02T23:17:07.154544+00:00,0.1.0,,1027.0,0.016003917694091797,0.0919,,,,,,,,1.0,,,,,1.0,,,1.0,0.0,0.0,,,,0.005200000000000001,0.04819102133753873,12.310705918532152
ideal_e1_lih_vqe_B1_cad1_seed149,lih_vqe,embedded_larger_active_space,ideal,e1,149,,B1,cadence_sweep,full_contract,parallel_fs,parallel_fs,,0.0,1,12,"{'G0': True, 'GA': True, 'GB': False, 'GC': False, 'GD': False, 'GE': False, 'GF': False, 'GH': False}",replay,True,True,False,False,2026-03-29T02:18:21+00:00,2026-03-29T02:18:22.154544+00:00,0.1.0,,1027.0,0.016003917694091797,0.0919,,,,,,,,1.0,,,,,1.0,,,1.0,0.0,0.0,,,,0.005200000000000001,0.04819102133753873,12.310705918532152
ideal_e1_lih_vqe_B1_cad1_seed157,lih_vqe,embedded_larger_active_space,ideal,e1,157,,B1,cadence_sweep,full_contract,parallel_fs,parallel_fs,,0.0,1,12,"{'G0': True, 'GA': True, 'GB': False, 'GC': False, 'GD': False, 'GE': False, 'GF': False, 'GH': False}",replay,True,True,False,False,2026-03-23T20:09:56+00:00,2026-03-23T20:09:57.154544+00:00,0.1.0,,1027.0,0.016003917694091797,0.0919,,,,,,,,1.0,,,,,1.0,,,1.0,0.0,0.0,,,,0.005200000000000001,0.04819102133753873,12.310705918532152
ideal_e1_lih_vqe_B1_cad1_seed163,lih_vqe,embedded_larger_active_space,ideal,e1,163,,B1,cadence_sweep,full_contract,parallel_fs,parallel_fs,,0.0,1,12,"{'G0': True, 'GA': True, 'GB': False, 'GC': False, 'GD': False, 'GE': False, 'GF': False, 'GH': False}",replay,True,True,False,False,2026-03-14T14:48:34+00:00,2026-03-14T14:48:35.154544+00:00,0.1.0,,1027.0,0.016003917694091797,0.0919,,,,,,,,1.0,,,,,1.0,,,1.0,0.0,0.0,,,,0.005200000000000001,0.04819102133753873,12.310705918532152
ideal_e1_lih_vqe_B1_cad2_seed11,lih_vqe,embedded_larger_active_space,ideal,e1,11,,B1,cadence_sweep,full_contract,parallel_fs,parallel_fs,,0.0,2,12,"{'G0': True, 'GA': True, 'GB': False, 'GC': False, 'GD': False, 'GE': False, 'GF': False, 'GH': False}",replay,True,True,False,False,2026-03-24T06:06:37+00:00,2026-03-24T06:06:38.154544+00:00,0.1.0,,1027.0,0.016003917694091797,0.0919,,,,,,,,1.0,,,,,1.0,,,1.0,0.0,0.0,,,,0.020800000000000003,0.1927640853501549,12.310705918532152
ideal_e1_lih_vqe_B1_cad2_seed17,lih_vqe,embedded_larger_active_space,ideal,e1,17,,B1,cadence_sweep,full_contract,parallel_fs,parallel_fs,,0.0,2,12,"{'G0': True, 'GA': True, 'GB': False, 'GC': False, 'GD': False, 'GE': False, 'GF': False, 'GH': False}",replay,True,True,False,False,2026-03-13T07:14:09+00:00,2026-03-13T07:14:10.154544+00:00,0.1.0,,1027.0,0.016003917694091797,0.0919,,,,,,,,1.0,,,,,1.0,,,1.0,0.0,0.0,,,,0.020800000000000003,0.1927640853501549,12.310705918532152
ideal_e1_lih_vqe_B1_cad2_seed23,lih_vqe,embedded_larger_active_space,ideal,e1,23,,B1,cadence_sweep,full_contract,parallel_fs,parallel_fs,,0.0,2,12,"{'G0': True, 'GA': True, 'GB': False, 'GC': False, 'GD': False, 'GE': False, 'GF': False, 'GH': False}",replay,True,True,False,False,2026-03-30T07:49:55+00:00,2026-03-30T07:49:56.154544+00:00,0.1.0,,1027.0,0.016003917694091797,0.0919,,,,,,,,1.0,,,,,1.0,,,1.0,0.0,0.0,,,,0.020800000000000003,0.1927640853501549,12.310705918532152
ideal_e1_lih_vqe_B1_cad2_seed31,lih_vqe,embedded_larger_active_space,ideal,e1,31,,B1,cadence_sweep,full_contract,parallel_fs,parallel_fs,,0.0,2,12,"{'G0': True, 'GA': True, 'GB': False, 'GC': False, 'GD': False, 'GE': False, 'GF': False, 'GH': False}",replay,True,True,False,False,2026-03-16T08:41:03+00:00,2026-03-16T08:41:04.154544+00:00,0.1.0,,1027.0,0.016003917694091797,0.0919,,,,,,,,1.0,,,,,1.0,,,1.0,0.0,0.0,,,,0.020800000000000003,0.1927640853501549,12.310705918532152
ideal_e1_lih_vqe_B1_cad2_seed43,lih_vqe,embedded_larger_active_space,ideal,e1,43,,B1,cadence_sweep,full_contract,parallel_fs,parallel_fs,,0.0,2,12,"{'G0': True, 'GA': True, 'GB': False, 'GC': False, 'GD': False, 'GE': False, 'GF': False, 'GH': False}",replay,True,True,False,False,2026-03-12T06:56:46+00:00,2026-03-12T06:56:47.154544+00:00,0.1.0,,1027.0,0.016003917694091797,0.0919,,,,,,,,1.0,,,,,1.0,,,1.0,0.0,0.0,,,,0.020800000000000003,0.1927640853501549,12.310705918532152
ideal_e1_lih_vqe_B1_cad2_seed59,lih_vqe,embedded_larger_active_space,ideal,e1,59,,B1,cadence_sweep,full_contract,parallel_fs,parallel_fs,,0.0,2,12,"{'G0': True, 'GA': True, 'GB': False, 'GC': False, 'GD': False, 'GE': False, 'GF': False, 'GH': False}",replay,True,True,False,False,2026-03-20T00:12:43+00:00,2026-03-20T00:12:44.154544+00:00,0.1.0,,1027.0,0.016003917694091797,0.0919,,,,,,,,1.0,,,,,1.0,,,1.0,0.0,0.0,,,,0.020800000000000003,0.1927640853501549,12.310705918532152
ideal_e1_lih_vqe_B1_cad2_seed71,lih_vqe,embedded_larger_active_space,ideal,e1,71,,B1,cadence_sweep,full_contract,parallel_fs,parallel_fs,,0.0,2,12,"{'G0': True, 'GA': True, 'GB': False, 'GC': False, 'GD': False, 'GE': False, 'GF': False, 'GH': False}",replay,True,True,False,False,2026-03-06T16:41:55+00:00,2026-03-06T16:41:56.154544+00:00,0.1.0,,1027.0,0.016003917694091797,0.0919,,,,,,,,1.0,,,,,1.0,,,1.0,0.0,0.0,,,,0.020800000000000003,0.1927640853501549,12.310705918532152
ideal_e1_lih_vqe_B1_cad2_seed83,lih_vqe,embedded_larger_active_space,ideal,e1,83,,B1,cadence_sweep,full_contract,parallel_fs,parallel_fs,,0.0,2,12,"{'G0': True, 'GA': True, 'GB': False, 'GC': False, 'GD': False, 'GE': False, 'GF': False, 'GH': False}",replay,True,True,False,False,2026-03-11T20:06:47+00:00,2026-03-11T20:06:48.154544+00:00,0.1.0,,1027.0,0.016003917694091797,0.0919,,,,,,,,1.0,,,,,1.0,,,1.0,0.0,0.0,,,,0.020800000000000003,0.1927640853501549,12.310705918532152
ideal_e1_lih_vqe_B1_cad2_seed97,lih_vqe,embedded_larger_active_space,ideal,e1,97,,B1,cadence_sweep,full_contract,parallel_fs,parallel_fs,,0.0,2,12,"{'G0': True, 'GA': True, 'GB': False, 'GC': False, 'GD': False, 'GE': False, 'GF': False, 'GH': False}",replay,True,True,False,False,2026-03-30T10:43:45+00:00,2026-03-30T10:43:46.154544+00:00,0.1.0,,1027.0,0.016003917694091797,0.0919,,,,,,,,1.0,,,,,1.0,,,1.0,0.0,0.0,,,,0.020800000000000003,0.1927640853501549,12.310705918532152
ideal_e1_lih_vqe_B1_cad2_seed101,lih_vqe,embedded_larger_active_space,ideal,e1,101,,B1,cadence_sweep,full_contract,parallel_fs,parallel_fs,,0.0,2,12,"{'G0': True, 'GA': True, 'GB': False, 'GC': False, 'GD': False, 'GE': False, 'GF': False, 'GH': False}",replay,True,True,False,False,2026-03-17T05:54:06+00:00,2026-03-17T05:54:07.154544+00:00,0.1.0,,1027.0,0.016003917694091797,0.0919,,,,,,,,1.0,,,,,1.0,,,1.0,0.0,0.0,,,,0.020800000000000003,0.1927640853501549,12.310705918532152
ideal_e1_lih_vqe_B1_cad2_seed107,lih_vqe,embedded_larger_active_space,ideal,e1,107,,B1,cadence_sweep,full_contract,parallel_fs,parallel_fs,,0.0,2,12,"{'G0': True, 'GA': True, 'GB': False, 'GC': False, 'GD': False, 'GE': False, 'GF': False, 'GH': False}",replay,True,True,False,False,2026-03-30T00:22:26+00:00,2026-03-30T00:22:27.154544+00:00,0.1.0,,1027.0,0.016003917694091797,0.0919,,,,,,,,1.0,,,,,1.0,,,1.0,0.0,0.0,,,,0.020800000000000003,0.1927640853501549,12.310705918532152
ideal_e1_lih_vqe_B1_cad2_seed113,lih_vqe,embedded_larger_active_space,ideal,e1,113,,B1,cadence_sweep,full_contract,parallel_fs,parallel_fs,,0.0,2,12,"{'G0': True, 'GA': True, 'GB': False, 'GC': False, 'GD': False, 'GE': False, 'GF': False, 'GH': False}",replay,True,True,False,False,2026-03-03T04:12:53+00:00,2026-03-03T04:12:54.154544+00:00,0.1.0,,1027.0,0.016003917694091797,0.0919,,,,,,,,1.0,,,,,1.0,,,1.0,0.0,0.0,,,,0.020800000000000003,0.1927640853501549,12.310705918532152
ideal_e1_lih_vqe_B1_cad2_seed127,lih_vqe,embedded_larger_active_space,ideal,e1,127,,B1,cadence_sweep,full_contract,parallel_fs,parallel_fs,,0.0,2,12,"{'G0': True, 'GA': True, 'GB': False, 'GC': False, 'GD': False, 'GE': False, 'GF': False, 'GH': False}",replay,True,True,False,False,2026-03-14T07:54:57+00:00,2026-03-14T07:54:58.154544+00:00,0.1.0,,1027.0,0.016003917694091797,0.0919,,,,,,,,1.0,,,,,1.0,,,1.0,0.0,0.0,,,,0.020800000000000003,0.1927640853501549,12.310705918532152
ideal_e1_lih_vqe_B1_cad2_seed131,lih_vqe,embedded_larger_active_space,ideal,e1,131,,B1,cadence_sweep,full_contract,parallel_fs,parallel_fs,,0.0,2,12,"{'G0': True, 'GA': True, 'GB': False, 'GC': False, 'GD': False, 'GE': False, 'GF': False, 'GH': False}",replay,True,True,False,False,2026-03-22T20:49:34+00:00,2026-03-22T20:49:35.154544+00:00,0.1.0,,1027.0,0.016003917694091797,0.0919,,,,,,,,1.0,,,,,1.0,,,1.0,0.0,0.0,,,,0.020800000000000003,0.1927640853501549,12.310705918532152
ideal_e1_lih_vqe_B1_cad2_seed137,lih_vqe,embedded_larger_active_space,ideal,e1,137,,B1,cadence_sweep,full_contract,parallel_fs,parallel_fs,,0.0,2,12,"{'G0': True, 'GA': True, 'GB': False, 'GC': False, 'GD': False, 'GE': False, 'GF': False, 'GH': False}",replay,True,True,False,False,2026-03-19T22:13:06+00:00,2026-03-19T22:13:07.154544+00:00,0.1.0,,1027.0,0.016003917694091797,0.0919,,,,,,,,1.0,,,,,1.0,,,1.0,0.0,0.0,,,,0.020800000000000003,0.1927640853501549,12.310705918532152
ideal_e1_lih_vqe_B1_cad2_seed149,lih_vqe,embedded_larger_active_space,ideal,e1,149,,B1,cadence_sweep,full_contract,parallel_fs,parallel_fs,,0.0,2,12,"{'G0': True, 'GA': True, 'GB': False, 'GC': False, 'GD': False, 'GE': False, 'GF': False, 'GH': False}",replay,True,True,False,False,2026-03-24T21:29:26+00:00,2026-03-24T21:29:27.154544+00:00,0.1.0,,1027.0,0.016003917694091797,0.0919,,,,,,,,1.0,,,,,1.0,,,1.0,0.0,0.0,,,,0.020800000000000003,0.1927640853501549,12.310705918532152
ideal_e1_lih_vqe_B1_cad2_seed157,lih_vqe,embedded_larger_active_space,ideal,e1,157,,B1,cadence_sweep,full_contract,parallel_fs,parallel_fs,,0.0,2,12,"{'G0': True, 'GA': True, 'GB': False, 'GC': False, 'GD': False, 'GE': False, 'GF': False, 'GH': False}",replay,True,True,False,False,2026-03-15T05:46:17+00:00,2026-03-15T05:46:18.154544+00:00,0.1.0,,1027.0,0.016003917694091797,0.0919,,,,,,,,1.0,,,,,1.0,,,1.0,0.0,0.0,,,,0.020800000000000003,0.1927640853501549,12.310705918532152
ideal_e1_lih_vqe_B1_cad2_seed163,lih_vqe,embedded_larger_active_space,ideal,e1,163,,B1,cadence_sweep,full_contract,parallel_fs,parallel_fs,,0.0,2,12,"{'G0': True, 'GA': True, 'GB': False, 'GC': False, 'GD': False, 'GE': False, 'GF': False, 'GH': False}",replay,True,True,False,False,2026-03-05T07:28:37+00:00,2026-03-05T07:28:38.154544+00:00,0.1.0,,1027.0,0.016003917694091797,0.0919,,,,,,,,1.0,,,,,1.0,,,1.0,0.0,0.0,,,,0.020800000000000003,0.1927640853501549,12.310705918532152
ideal_e1_lih_vqe_B1_cad4_seed11,lih_vqe,embedded_larger_active_space,ideal,e1,11,,B1,cadence_sweep,full_contract,parallel_fs,parallel_fs,,0.0,4,12,"{'G0': True, 'GA': True, 'GB': False, 'GC': False, 'GD': False, 'GE': False, 'GF': False, 'GH': False}",replay,True,True,False,False,2026-03-01T21:21:00+00:00,2026-03-01T21:21:01.154544+00:00,0.1.0,,1027.0,0.016003917694091797,0.0919,,,,,,,,1.0,,,,,1.0,,,1.0,0.0,0.0,,,,0.0624,0.5782922560504646,12.310705918532152
ideal_e1_lih_vqe_B1_cad4_seed17,lih_vqe,embedded_larger_active_space,ideal,e1,17,,B1,cadence_sweep,full_contract,parallel_fs,parallel_fs,,0.0,4,12,"{'G0': True, 'GA': True, 'GB': False, 'GC': False, 'GD': False, 'GE': False, 'GF': False, 'GH': False}",replay,True,True,False,False,2026-03-14T16:44:48+00:00,2026-03-14T16:44:49.154544+00:00,0.1.0,,1027.0,0.016003917694091797,0.0919,,,,,,,,1.0,,,,,1.0,,,1.0,0.0,0.0,,,,0.0624,0.5782922560504646,12.310705918532152
ideal_e1_lih_vqe_B1_cad4_seed23,lih_vqe,embedded_larger_active_space,ideal,e1,23,,B1,cadence_sweep,full_contract,parallel_fs,parallel_fs,,0.0,4,12,"{'G0': True, 'GA': True, 'GB': False, 'GC': False, 'GD': False, 'GE': False, 'GF': False, 'GH': False}",replay,True,True,False,False,2026-03-08T08:34:58+00:00,2026-03-08T08:34:59.154544+00:00,0.1.0,,1027.0,0.016003917694091797,0.0919,,,,,,,,1.0,,,,,1.0,,,1.0,0.0,0.0,,,,0.0624,0.5782922560504646,12.310705918532152
ideal_e1_lih_vqe_B1_cad4_seed31,lih_vqe,embedded_larger_active_space,ideal,e1,31,,B1,cadence_sweep,full_contract,parallel_fs,parallel_fs,,0.0,4,12,"{'G0': True, 'GA': True, 'GB': False, 'GC': False, 'GD': False, 'GE': False, 'GF': False, 'GH': False}",replay,True,True,False,False,2026-03-08T02:56:31+00:00,2026-03-08T02:56:32.154544+00:00,0.1.0,,1027.0,0.016003917694091797,0.0919,,,,,,,,1.0,,,,,1.0,,,1.0,0.0,0.0,,,,0.0624,0.5782922560504646,12.310705918532152
ideal_e1_lih_vqe_B1_cad4_seed43,lih_vqe,embedded_larger_active_space,ideal,e1,43,,B1,cadence_sweep,full_contract,parallel_fs,parallel_fs,,0.0,4,12,"{'G0': True, 'GA': True, 'GB': False, 'GC': False, 'GD': False, 'GE': False, 'GF': False, 'GH': False}",replay,True,True,False,False,2026-03-03T03:52:13+00:00,2026-03-03T03:52:14.154544+00:00,0.1.0,,1027.0,0.016003917694091797,0.0919,,,,,,,,1.0,,,,,1.0,,,1.0,0.0,0.0,,,,0.0624,0.5782922560504646,12.310705918532152
ideal_e1_lih_vqe_B1_cad4_seed59,lih_vqe,embedded_larger_active_space,ideal,e1,59,,B1,cadence_sweep,full_contract,parallel_fs,parallel_fs,,0.0,4,12,"{'G0': True, 'GA': True, 'GB': False, 'GC': False, 'GD': False, 'GE': False, 'GF': False, 'GH': False}",replay,True,True,False,False,2026-03-20T01:59:19+00:00,2026-03-20T01:59:20.154544+00:00,0.1.0,,1027.0,0.016003917694091797,0.0919,,,,,,,,1.0,,,,,1.0,,,1.0,0.0,0.0,,,,0.0624,0.5782922560504646,12.310705918532152
ideal_e1_lih_vqe_B1_cad4_seed71,lih_vqe,embedded_larger_active_space,ideal,e1,71,,B1,cadence_sweep,full_contract,parallel_fs,parallel_fs,,0.0,4,12,"{'G0': True, 'GA': True, 'GB': False, 'GC': False, 'GD': False, 'GE': False, 'GF': False, 'GH': False}",replay,True,True,False,False,2026-03-14T11:35:38+00:00,2026-03-14T11:35:39.154544+00:00,0.1.0,,1027.0,0.016003917694091797,0.0919,,,,,,,,1.0,,,,,1.0,,,1.0,0.0,0.0,,,,0.0624,0.5782922560504646,12.310705918532152
ideal_e1_lih_vqe_B1_cad4_seed83,lih_vqe,embedded_larger_active_space,ideal,e1,83,,B1,cadence_sweep,full_contract,parallel_fs,parallel_fs,,0.0,4,12,"{'G0': True, 'GA': True, 'GB': False, 'GC': False, 'GD': False, 'GE': False, 'GF': False, 'GH': False}",replay,True,True,False,False,2026-03-16T09:57:46+00:00,2026-03-16T09:57:47.154544+00:00,0.1.0,,1027.0,0.016003917694091797,0.0919,,,,,,,,1.0,,,,,1.0,,,1.0,0.0,0.0,,,,0.0624,0.5782922560504646,12.310705918532152
ideal_e1_lih_vqe_B1_cad4_seed97,lih_vqe,embedded_larger_active_space,ideal,e1,97,,B1,cadence_sweep,full_contract,parallel_fs,parallel_fs,,0.0,4,12,"{'G0': True, 'GA': True, 'GB': False, 'GC': False, 'GD': False, 'GE': False, 'GF': False, 'GH': False}",replay,True,True,False,False,2026-03-01T07:50:27+00:00,2026-03-01T07:50:28.154544+00:00,0.1.0,,1027.0,0.016003917694091797,0.0919,,,,,,,,1.0,,,,,1.0,,,1.0,0.0,0.0,,,,0.0624,0.5782922560504646,12.310705918532152
ideal_e1_lih_vqe_B1_cad4_seed101,lih_vqe,embedded_larger_active_space,ideal,e1,101,,B1,cadence_sweep,full_contract,parallel_fs,parallel_fs,,0.0,4,12,"{'G0': True, 'GA': True, 'GB': False, 'GC': False, 'GD': False, 'GE': False, 'GF': False, 'GH': False}",replay,True,True,False,False,2026-03-23T12:29:09+00:00,2026-03-23T12:29:10.154544+00:00,0.1.0,,1027.0,0.016003917694091797,0.0919,,,,,,,,1.0,,,,,1.0,,,1.0,0.0,0.0,,,,0.0624,0.5782922560504646,12.310705918532152
ideal_e1_lih_vqe_B1_cad4_seed107,lih_vqe,embedded_larger_active_space,ideal,e1,107,,B1,cadence_sweep,full_contract,parallel_fs,parallel_fs,,0.0,4,12,"{'G0': True, 'GA': True, 'GB': False, 'GC': False, 'GD': False, 'GE': False, 'GF': False, 'GH': False}",replay,True,True,False,False,2026-03-23T13:24:19+00:00,2026-03-23T13:24:20.154544+00:00,0.1.0,,1027.0,0.016003917694091797,0.0919,,,,,,,,1.0,,,,,1.0,,,1.0,0.0,0.0,,,,0.0624,0.5782922560504646,12.310705918532152
ideal_e1_lih_vqe_B1_cad4_seed113,lih_vqe,embedded_larger_active_space,ideal,e1,113,,B1,cadence_sweep,full_contract,parallel_fs,parallel_fs,,0.0,4,12,"{'G0': True, 'GA': True, 'GB': False, 'GC': False, 'GD': False, 'GE': False, 'GF': False, 'GH': False}",replay,True,True,False,False,2026-03-23T19:08:11+00:00,2026-03-23T19:08:12.154544+00:00,0.1.0,,1027.0,0.016003917694091797,0.0919,,,,,,,,1.0,,,,,1.0,,,1.0,0.0,0.0,,,,0.0624,0.5782922560504646,12.310705918532152
ideal_e1_lih_vqe_B1_cad4_seed127,lih_vqe,embedded_larger_active_space,ideal,e1,127,,B1,cadence_sweep,full_contract,parallel_fs,parallel_fs,,0.0,4,12,"{'G0': True, 'GA': True, 'GB': False, 'GC': False, 'GD': False, 'GE': False, 'GF': False, 'GH': False}",replay,True,True,False,False,2026-03-16T12:47:51+00:00,2026-03-16T12:47:52.154544+00:00,0.1.0,,1027.0,0.016003917694091797,0.0919,,,,,,,,1.0,,,,,1.0,,,1.0,0.0,0.0,,,,0.0624,0.5782922560504646,12.310705918532152
ideal_e1_lih_vqe_B1_cad4_seed131,lih_vqe,embedded_larger_active_space,ideal,e1,131,,B1,cadence_sweep,full_contract,parallel_fs,parallel_fs,,0.0,4,12,"{'G0': True, 'GA': True, 'GB': False, 'GC': False, 'GD': False, 'GE': False, 'GF': False, 'GH': False}",replay,True,True,False,False,2026-03-30T06:18:49+00:00,2026-03-30T06:18:50.154544+00:00,0.1.0,,1027.0,0.016003917694091797,0.0919,,,,,,,,1.0,,,,,1.0,,,1.0,0.0,0.0,,,,0.0624,0.5782922560504646,12.310705918532152
ideal_e1_lih_vqe_B1_cad4_seed137,lih_vqe,embedded_larger_active_space,ideal,e1,137,,B1,cadence_sweep,full_contract,parallel_fs,parallel_fs,,0.0,4,12,"{'G0': True, 'GA': True, 'GB': False, 'GC': False, 'GD': False, 'GE': False, 'GF': False, 'GH': False}",replay,True,True,False,False,2026-03-21T16:11:24+00:00,2026-03-21T16:11:25.154544+00:00,0.1.0,,1027.0,0.016003917694091797,0.0919,,,,,,,,1.0,,,,,1.0,,,1.0,0.0,0.0,,,,0.0624,0.5782922560504646,12.310705918532152
ideal_e1_lih_vqe_B1_cad4_seed149,lih_vqe,embedded_larger_active_space,ideal,e1,149,,B1,cadence_sweep,full_contract,parallel_fs,parallel_fs,,0.0,4,12,"{'G0': True, 'GA': True, 'GB': False, 'GC': False, 'GD': False, 'GE': False, 'GF': False, 'GH': False}",replay,True,True,False,False,2026-03-06T21:46:06+00:00,2026-03-06T21:46:07.154544+00:00,0.1.0,,1027.0,0.016003917694091797,0.0919,,,,,,,,1.0,,,,,1.0,,,1.0,0.0,0.0,,,,0.0624,0.5782922560504646,12.310705918532152
ideal_e1_lih_vqe_B1_cad4_seed157,lih_vqe,embedded_larger_active_space,ideal,e1,157,,B1,cadence_sweep,full_contract,parallel_fs,parallel_fs,,0.0,4,12,"{'G0': True, 'GA': True, 'GB': False, 'GC': False, 'GD': False, 'GE': False, 'GF': False, 'GH': False}",replay,True,True,False,False,2026-03-13T08:07:09+00:00,2026-03-13T08:07:10.154544+00:00,0.1.0,,1027.0,0.016003917694091797,0.0919,,,,,,,,1.0,,,,,1.0,,,1.0,0.0,0.0,,,,0.0624,0.5782922560504646,12.310705918532152
ideal_e1_lih_vqe_B1_cad4_seed163,lih_vqe,embedded_larger_active_space,ideal,e1,163,,B1,cadence_sweep,full_contract,parallel_fs,parallel_fs,,0.0,4,12,"{'G0': True, 'GA': True, 'GB': False, 'GC': False, 'GD': False, 'GE': False, 'GF': False, 'GH': False}",replay,True,True,False,False,2026-03-27T18:22:01+00:00,2026-03-27T18:22:02.154544+00:00,0.1.0,,1027.0,0.016003917694091797,0.0919,,,,,,,,1.0,,,,,1.0,,,1.0,0.0,0.0,,,,0.0624,0.5782922560504646,12.310705918532152
ideal_e1_lih_vqe_B1_cad8_seed11,lih_vqe,embedded_larger_active_space,ideal,e1,11,,B1,cadence_sweep,full_contract,parallel_fs,parallel_fs,,0.0,8,12,"{'G0': True, 'GA': True, 'GB': False, 'GC': False, 'GD': False, 'GE': False, 'GF': False, 'GH': False}",replay,True,True,False,False,2026-03-20T19:08:08+00:00,2026-03-20T19:08:09.154544+00:00,0.1.0,,1027.0,0.016003917694091797,0.0919,,,,,,,,1.0,,,,,1.0,,,1.0,0.0,0.0,,,,0.1456,1.3493485974510844,12.310705918532152
ideal_e1_lih_vqe_B1_cad8_seed17,lih_vqe,embedded_larger_active_space,ideal,e1,17,,B1,cadence_sweep,full_contract,parallel_fs,parallel_fs,,0.0,8,12,"{'G0': True, 'GA': True, 'GB': False, 'GC': False, 'GD': False, 'GE': False, 'GF': False, 'GH': False}",replay,True,True,False,False,2026-03-20T16:10:54+00:00,2026-03-20T16:10:55.154544+00:00,0.1.0,,1027.0,0.016003917694091797,0.0919,,,,,,,,1.0,,,,,1.0,,,1.0,0.0,0.0,,,,0.1456,1.3493485974510844,12.310705918532152
ideal_e1_lih_vqe_B1_cad8_seed23,lih_vqe,embedded_larger_active_space,ideal,e1,23,,B1,cadence_sweep,full_contract,parallel_fs,parallel_fs,,0.0,8,12,"{'G0': True, 'GA': True, 'GB': False, 'GC': False, 'GD': False, 'GE': False, 'GF': False, 'GH': False}",replay,True,True,False,False,2026-03-14T15:08:26+00:00,2026-03-14T15:08:27.154544+00:00,0.1.0,,1027.0,0.016003917694091797,0.0919,,,,,,,,1.0,,,,,1.0,,,1.0,0.0,0.0,,,,0.1456,1.3493485974510844,12.310705918532152
ideal_e1_lih_vqe_B1_cad8_seed31,lih_vqe,embedded_larger_active_space,ideal,e1,31,,B1,cadence_sweep,full_contract,parallel_fs,parallel_fs,,0.0,8,12,"{'G0': True, 'GA': True, 'GB': False, 'GC': False, 'GD': False, 'GE': False, 'GF': False, 'GH': False}",replay,True,True,False,False,2026-03-05T09:11:48+00:00,2026-03-05T09:11:49.154544+00:00,0.1.0,,1027.0,0.016003917694091797,0.0919,,,,,,,,1.0,,,,,1.0,,,1.0,0.0,0.0,,,,0.1456,1.3493485974510844,12.310705918532152
ideal_e1_lih_vqe_B1_cad8_seed43,lih_vqe,embedded_larger_active_space,ideal,e1,43,,B1,cadence_sweep,full_contract,parallel_fs,parallel_fs,,0.0,8,12,"{'G0': True, 'GA': True, 'GB': False, 'GC': False, 'GD': False, 'GE': False, 'GF': False, 'GH': False}",replay,True,True,False,False,2026-03-13T12:32:16+00:00,2026-03-13T12:32:17.154544+00:00,0.1.0,,1027.0,0.016003917694091797,0.0919,,,,,,,,1.0,,,,,1.0,,,1.0,0.0,0.0,,,,0.1456,1.3493485974510844,12.310705918532152
ideal_e1_lih_vqe_B1_cad8_seed59,lih_vqe,embedded_larger_active_space,ideal,e1,59,,B1,cadence_sweep,full_contract,parallel_fs,parallel_fs,,0.0,8,12,"{'G0': True, 'GA': True, 'GB': False, 'GC': False, 'GD': False, 'GE': False, 'GF': False, 'GH': False}",replay,True,True,False,False,2026-03-11T10:42:01+00:00,2026-03-11T10:42:02.154544+00:00,0.1.0,,1027.0,0.016003917694091797,0.0919,,,,,,,,1.0,,,,,1.0,,,1.0,0.0,0.0,,,,0.1456,1.3493485974510844,12.310705918532152
ideal_e1_lih_vqe_B1_cad8_seed71,lih_vqe,embedded_larger_active_space,ideal,e1,71,,B1,cadence_sweep,full_contract,parallel_fs,parallel_fs,,0.0,8,12,"{'G0': True, 'GA': True, 'GB': False, 'GC': False, 'GD': False, 'GE': False, 'GF': False, 'GH': False}",replay,True,True,False,False,2026-03-20T20:32:55+00:00,2026-03-20T20:32:56.154544+00:00,0.1.0,,1027.0,0.016003917694091797,0.0919,,,,,,,,1.0,,,,,1.0,,,1.0,0.0,0.0,,,,0.1456,1.3493485974510844,12.310705918532152
ideal_e1_lih_vqe_B1_cad8_seed83,lih_vqe,embedded_larger_active_space,ideal,e1,83,,B1,cadence_sweep,full_contract,parallel_fs,parallel_fs,,0.0,8,12,"{'G0': True, 'GA': True, 'GB': False, 'GC': False, 'GD': False, 'GE': False, 'GF': False, 'GH': False}",replay,True,True,False,False,2026-03-13T19:15:31+00:00,2026-03-13T19:15:32.154544+00:00,0.1.0,,1027.0,0.016003917694091797,0.0919,,,,,,,,1.0,,,,,1.0,,,1.0,0.0,0.0,,,,0.1456,1.3493485974510844,12.310705918532152
ideal_e1_lih_vqe_B1_cad8_seed97,lih_vqe,embedded_larger_active_space,ideal,e1,97,,B1,cadence_sweep,full_contract,parallel_fs,parallel_fs,,0.0,8,12,"{'G0': True, 'GA': True, 'GB': False, 'GC': False, 'GD': False, 'GE': False, 'GF': False, 'GH': False}",replay,True,True,False,False,2026-03-15T02:40:23+00:00,2026-03-15T02:40:24.154544+00:00,0.1.0,,1027.0,0.016003917694091797,0.0919,,,,,,,,1.0,,,,,1.0,,,1.0,0.0,0.0,,,,0.1456,1.3493485974510844,12.310705918532152
ideal_e1_lih_vqe_B1_cad8_seed101,lih_vqe,embedded_larger_active_space,ideal,e1,101,,B1,cadence_sweep,full_contract,parallel_fs,parallel_fs,,0.0,8,12,"{'G0': True, 'GA': True, 'GB': False, 'GC': False, 'GD': False, 'GE': False, 'GF': False, 'GH': False}",replay,True,True,False,False,2026-03-09T09:16:27+00:00,2026-03-09T09:16:28.154544+00:00,0.1.0,,1027.0,0.016003917694091797,0.0919,,,,,,,,1.0,,,,,1.0,,,1.0,0.0,0.0,,,,0.1456,1.3493485974510844,12.310705918532152
ideal_e1_lih_vqe_B1_cad8_seed107,lih_vqe,embedded_larger_active_space,ideal,e1,107,,B1,cadence_sweep,full_contract,parallel_fs,parallel_fs,,0.0,8,12,"{'G0': True, 'GA': True, 'GB': False, 'GC': False, 'GD': False, 'GE': False, 'GF': False, 'GH': False}",replay,True,True,False,False,2026-03-08T20:32:05+00:00,2026-03-08T20:32:06.154544+00:00,0.1.0,,1027.0,0.016003917694091797,0.0919,,,,,,,,1.0,,,,,1.0,,,1.0,0.0,0.0,,,,0.1456,1.3493485974510844,12.310705918532152
ideal_e1_lih_vqe_B1_cad8_seed113,lih_vqe,embedded_larger_active_space,ideal,e1,113,,B1,cadence_sweep,full_contract,parallel_fs,parallel_fs,,0.0,8,12,"{'G0': True, 'GA': True, 'GB': False, 'GC': False, 'GD': False, 'GE': False, 'GF': False, 'GH': False}",replay,True,True,False,False,2026-03-03T08:32:09+00:00,2026-03-03T08:32:10.154544+00:00,0.1.0,,1027.0,0.016003917694091797,0.0919,,,,,,,,1.0,,,,,1.0,,,1.0,0.0,0.0,,,,0.1456,1.3493485974510844,12.310705918532152
ideal_e1_lih_vqe_B1_cad8_seed127,lih_vqe,embedded_larger_active_space,ideal,e1,127,,B1,cadence_sweep,full_contract,parallel_fs,parallel_fs,,0.0,8,12,"{'G0': True, 'GA': True, 'GB': False, 'GC': False, 'GD': False, 'GE': False, 'GF': False, 'GH': False}",replay,True,True,False,False,2026-03-19T09:45:43+00:00,2026-03-19T09:45:44.154544+00:00,0.1.0,,1027.0,0.016003917694091797,0.0919,,,,,,,,1.0,,,,,1.0,,,1.0,0.0,0.0,,,,0.1456,1.3493485974510844,12.310705918532152
ideal_e1_lih_vqe_B1_cad8_seed131,lih_vqe,embedded_larger_active_space,ideal,e1,131,,B1,cadence_sweep,full_contract,parallel_fs,parallel_fs,,0.0,8,12,"{'G0': True, 'GA': True, 'GB': False, 'GC': False, 'GD': False, 'GE': False, 'GF': False, 'GH': False}",replay,True,True,False,False,2026-03-18T14:08:35+00:00,2026-03-18T14:08:36.154544+00:00,0.1.0,,1027.0,0.016003917694091797,0.0919,,,,,,,,1.0,,,,,1.0,,,1.0,0.0,0.0,,,,0.1456,1.3493485974510844,12.310705918532152
ideal_e1_lih_vqe_B1_cad8_seed137,lih_vqe,embedded_larger_active_space,ideal,e1,137,,B1,cadence_sweep,full_contract,parallel_fs,parallel_fs,,0.0,8,12,"{'G0': True, 'GA': True, 'GB': False, 'GC': False, 'GD': False, 'GE': False, 'GF': False, 'GH': False}",replay,True,True,False,False,2026-03-02T03:01:30+00:00,2026-03-02T03:01:31.154544+00:00,0.1.0,,1027.0,0.016003917694091797,0.0919,,,,,,,,1.0,,,,,1.0,,,1.0,0.0,0.0,,,,0.1456,1.3493485974510844,12.310705918532152
ideal_e1_lih_vqe_B1_cad8_seed149,lih_vqe,embedded_larger_active_space,ideal,e1,149,,B1,cadence_sweep,full_contract,parallel_fs,parallel_fs,,0.0,8,12,"{'G0': True, 'GA': True, 'GB': False, 'GC': False, 'GD': False, 'GE': False, 'GF': False, 'GH': False}",replay,True,True,False,False,2026-03-27T13:10:50+00:00,2026-03-27T13:10:51.154544+00:00,0.1.0,,1027.0,0.016003917694091797,0.0919,,,,,,,,1.0,,,,,1.0,,,1.0,0.0,0.0,,,,0.1456,1.3493485974510844,12.310705918532152
ideal_e1_lih_vqe_B1_cad8_seed157,lih_vqe,embedded_larger_active_space,ideal,e1,157,,B1,cadence_sweep,full_contract,parallel_fs,parallel_fs,,0.0,8,12,"{'G0': True, 'GA': True, 'GB': False, 'GC': False, 'GD': False, 'GE': False, 'GF': False, 'GH': False}",replay,True,True,False,False,2026-03-28T21:24:34+00:00,2026-03-28T21:24:35.154544+00:00,0.1.0,,1027.0,0.016003917694091797,0.0919,,,,,,,,1.0,,,,,1.0,,,1.0,0.0,0.0,,,,0.1456,1.3493485974510844,12.310705918532152
ideal_e1_lih_vqe_B1_cad8_seed163,lih_vqe,embedded_larger_active_space,ideal,e1,163,,B1,cadence_sweep,full_contract,parallel_fs,parallel_fs,,0.0,8,12,"{'G0': True, 'GA': True, 'GB': False, 'GC': False, 'GD': False, 'GE': False, 'GF': False, 'GH': False}",replay,True,True,False,False,2026-03-30T06:22:02+00:00,2026-03-30T06:22:03.154544+00:00,0.1.0,,1027.0,0.016003917694091797,0.0919,,,,,,,,1.0,,,,,1.0,,,1.0,0.0,0.0,,,,0.1456,1.3493485974510844,12.310705918532152
ideal_e1_lih_vqe_B1_cad16_seed11,lih_vqe,embedded_larger_active_space,ideal,e1,11,,B1,cadence_sweep,full_contract,parallel_fs,parallel_fs,,0.0,16,12,"{'G0': True, 'GA': True, 'GB': False, 'GC': False, 'GD': False, 'GE': False, 'GF': False, 'GH': False}",replay,True,True,False,False,2026-03-06T07:39:50+00:00,2026-03-06T07:39:51.154544+00:00,0.1.0,,1027.0,0.016003917694091797,0.0919,,,,,,,,1.0,,,,,1.0,,,1.0,0.0,0.0,,,,0.312,2.891461280252323,12.310705918532152
ideal_e1_lih_vqe_B1_cad16_seed17,lih_vqe,embedded_larger_active_space,ideal,e1,17,,B1,cadence_sweep,full_contract,parallel_fs,parallel_fs,,0.0,16,12,"{'G0': True, 'GA': True, 'GB': False, 'GC': False, 'GD': False, 'GE': False, 'GF': False, 'GH': False}",replay,True,True,False,False,2026-03-18T23:40:43+00:00,2026-03-18T23:40:44.154544+00:00,0.1.0,,1027.0,0.016003917694091797,0.0919,,,,,,,,1.0,,,,,1.0,,,1.0,0.0,0.0,,,,0.312,2.891461280252323,12.310705918532152
ideal_e1_lih_vqe_B1_cad16_seed23,lih_vqe,embedded_larger_active_space,ideal,e1,23,,B1,cadence_sweep,full_contract,parallel_fs,parallel_fs,,0.0,16,12,"{'G0': True, 'GA': True, 'GB': False, 'GC': False, 'GD': False, 'GE': False, 'GF': False, 'GH': False}",replay,True,True,False,False,2026-03-06T20:33:53+00:00,2026-03-06T20:33:54.154544+00:00,0.1.0,,1027.0,0.016003917694091797,0.0919,,,,,,,,1.0,,,,,1.0,,,1.0,0.0,0.0,,,,0.312,2.891461280252323,12.310705918532152
ideal_e1_lih_vqe_B1_cad16_seed31,lih_vqe,embedded_larger_active_space,ideal,e1,31,,B1,cadence_sweep,full_contract,parallel_fs,parallel_fs,,0.0,16,12,"{'G0': True, 'GA': True, 'GB': False, 'GC': False, 'GD': False, 'GE': False, 'GF': False, 'GH': False}",replay,True,True,False,False,2026-03-09T16:13:44+00:00,2026-03-09T16:13:45.154544+00:00,0.1.0,,1027.0,0.016003917694091797,0.0919,,,,,,,,1.0,,,,,1.0,,,1.0,0.0,0.0,,,,0.312,2.891461280252323,12.310705918532152
ideal_e1_lih_vqe_B1_cad16_seed43,lih_vqe,embedded_larger_active_space,ideal,e1,43,,B1,cadence_sweep,full_contract,parallel_fs,parallel_fs,,0.0,16,12,"{'G0': True, 'GA': True, 'GB': False, 'GC': False, 'GD': False, 'GE': False, 'GF': False, 'GH': False}",replay,True,True,False,False,2026-03-26T00:56:01+00:00,2026-03-26T00:56:02.154544+00:00,0.1.0,,1027.0,0.016003917694091797,0.0919,,,,,,,,1.0,,,,,1.0,,,1.0,0.0,0.0,,,,0.312,2.891461280252323,12.310705918532152
ideal_e1_lih_vqe_B1_cad16_seed59,lih_vqe,embedded_larger_active_space,ideal,e1,59,,B1,cadence_sweep,full_contract,parallel_fs,parallel_fs,,0.0,16,12,"{'G0': True, 'GA': True, 'GB': False, 'GC': False, 'GD': False, 'GE': False, 'GF': False, 'GH': False}",replay,True,True,False,False,2026-03-09T05:05:29+00:00,2026-03-09T05:05:30.154544+00:00,0.1.0,,1027.0,0.016003917694091797,0.0919,,,,,,,,1.0,,,,,1.0,,,1.0,0.0,0.0,,,,0.312,2.891461280252323,12.310705918532152
ideal_e1_lih_vqe_B1_cad16_seed71,lih_vqe,embedded_larger_active_space,ideal,e1,71,,B1,cadence_sweep,full_contract,parallel_fs,parallel_fs,,0.0,16,12,"{'G0': True, 'GA': True, 'GB': False, 'GC': False, 'GD': False, 'GE': False, 'GF': False, 'GH': False}",replay,True,True,False,False,2026-03-16T23:04:13+00:00,2026-03-16T23:04:14.154544+00:00,0.1.0,,1027.0,0.016003917694091797,0.0919,,,,,,,,1.0,,,,,1.0,,,1.0,0.0,0.0,,,,0.312,2.891461280252323,12.310705918532152
ideal_e1_lih_vqe_B1_cad16_seed83,lih_vqe,embedded_larger_active_space,ideal,e1,83,,B1,cadence_sweep,full_contract,parallel_fs,parallel_fs,,0.0,16,12,"{'G0': True, 'GA': True, 'GB': False, 'GC': False, 'GD': False, 'GE': False, 'GF': False, 'GH': False}",replay,True,True,False,False,2026-03-11T15:34:58+00:00,2026-03-11T15:34:59.154544+00:00,0.1.0,,1027.0,0.016003917694091797,0.0919,,,,,,,,1.0,,,,,1.0,,,1.0,0.0,0.0,,,,0.312,2.891461280252323,12.310705918532152
ideal_e1_lih_vqe_B1_cad16_seed97,lih_vqe,embedded_larger_active_space,ideal,e1,97,,B1,cadence_sweep,full_contract,parallel_fs,parallel_fs,,0.0,16,12,"{'G0': True, 'GA': True, 'GB': False, 'GC': False, 'GD': False, 'GE': False, 'GF': False, 'GH': False}",replay,True,True,False,False,2026-03-13T15:49:11+00:00,2026-03-13T15:49:12.154544+00:00,0.1.0,,1027.0,0.016003917694091797,0.0919,,,,,,,,1.0,,,,,1.0,,,1.0,0.0,0.0,,,,0.312,2.891461280252323,12.310705918532152
ideal_e1_lih_vqe_B1_cad16_seed101,lih_vqe,embedded_larger_active_space,ideal,e1,101,,B1,cadence_sweep,full_contract,parallel_fs,parallel_fs,,0.0,16,12,"{'G0': True, 'GA': True, 'GB': False, 'GC': False, 'GD': False, 'GE': False, 'GF': False, 'GH': False}",replay,True,True,False,False,2026-03-12T04:37:52+00:00,2026-03-12T04:37:53.154544+00:00,0.1.0,,1027.0,0.016003917694091797,0.0919,,,,,,,,1.0,,,,,1.0,,,1.0,0.0,0.0,,,,0.312,2.891461280252323,12.310705918532152
ideal_e1_lih_vqe_B1_cad16_seed107,lih_vqe,embedded_larger_active_space,ideal,e1,107,,B1,cadence_sweep,full_contract,parallel_fs,parallel_fs,,0.0,16,12,"{'G0': True, 'GA': True, 'GB': False, 'GC': False, 'GD': False, 'GE': False, 'GF': False, 'GH': False}",replay,True,True,False,False,2026-03-10T03:18:18+00:00,2026-03-10T03:18:19.154544+00:00,0.1.0,,1027.0,0.016003917694091797,0.0919,,,,,,,,1.0,,,,,1.0,,,1.0,0.0,0.0,,,,0.312,2.891461280252323,12.310705918532152
ideal_e1_lih_vqe_B1_cad16_seed113,lih_vqe,embedded_larger_active_space,ideal,e1,113,,B1,cadence_sweep,full_contract,parallel_fs,parallel_fs,,0.0,16,12,"{'G0': True, 'GA': True, 'GB': False, 'GC': False, 'GD': False, 'GE': False, 'GF': False, 'GH': False}",replay,True,True,False,False,2026-03-02T04:11:22+00:00,2026-03-02T04:11:23.154544+00:00,0.1.0,,1027.0,0.016003917694091797,0.0919,,,,,,,,1.0,,,,,1.0,,,1.0,0.0,0.0,,,,0.312,2.891461280252323,12.310705918532152
ideal_e1_lih_vqe_B1_cad16_seed127,lih_vqe,embedded_larger_active_space,ideal,e1,127,,B1,cadence_sweep,full_contract,parallel_fs,parallel_fs,,0.0,16,12,"{'G0': True, 'GA': True, 'GB': False, 'GC': False, 'GD': False, 'GE': False, 'GF': False, 'GH': False}",replay,True,True,False,False,2026-03-10T16:51:55+00:00,2026-03-10T16:51:56.154544+00:00,0.1.0,,1027.0,0.016003917694091797,0.0919,,,,,,,,1.0,,,,,1.0,,,1.0,0.0,0.0,,,,0.312,2.891461280252323,12.310705918532152
ideal_e1_lih_vqe_B1_cad16_seed131,lih_vqe,embedded_larger_active_space,ideal,e1,131,,B1,cadence_sweep,full_contract,parallel_fs,parallel_fs,,0.0,16,12,"{'G0': True, 'GA': True, 'GB': False, 'GC': False, 'GD': False, 'GE': False, 'GF': False, 'GH': False}",replay,True,True,False,False,2026-03-27T07:41:20+00:00,2026-03-27T07:41:21.154544+00:00,0.1.0,,1027.0,0.016003917694091797,0.0919,,,,,,,,1.0,,,,,1.0,,,1.0,0.0,0.0,,,,0.312,2.891461280252323,12.310705918532152
ideal_e1_lih_vqe_B1_cad16_seed137,lih_vqe,embedded_larger_active_space,ideal,e1,137,,B1,cadence_sweep,full_contract,parallel_fs,parallel_fs,,0.0,16,12,"{'G0': True, 'GA': True, 'GB': False, 'GC': False, 'GD': False, 'GE': False, 'GF': False, 'GH': False}",replay,True,True,False,False,2026-03-16T01:58:42+00:00,2026-03-16T01:58:43.154544+00:00,0.1.0,,1027.0,0.016003917694091797,0.0919,,,,,,,,1.0,,,,,1.0,,,1.0,0.0,0.0,,,,0.312,2.891461280252323,12.310705918532152
ideal_e1_lih_vqe_B1_cad16_seed149,lih_vqe,embedded_larger_active_space,ideal,e1,149,,B1,cadence_sweep,full_contract,parallel_fs,parallel_fs,,0.0,16,12,"{'G0': True, 'GA': True, 'GB': False, 'GC': False, 'GD': False, 'GE': False, 'GF': False, 'GH': False}",replay,True,True,False,False,2026-03-13T06:40:26+00:00,2026-03-13T06:40:27.154544+00:00,0.1.0,,1027.0,0.016003917694091797,0.0919,,,,,,,,1.0,,,,,1.0,,,1.0,0.0,0.0,,,,0.312,2.891461280252323,12.310705918532152
ideal_e1_lih_vqe_B1_cad16_seed157,lih_vqe,embedded_larger_active_space,ideal,e1,157,,B1,cadence_sweep,full_contract,parallel_fs,parallel_fs,,0.0,16,12,"{'G0': True, 'GA': True, 'GB': False, 'GC': False, 'GD': False, 'GE': False, 'GF': False, 'GH': False}",replay,True,True,False,False,2026-03-28T13:24:39+00:00,2026-03-28T13:24:40.154544+00:00,0.1.0,,1027.0,0.016003917694091797,0.0919,,,,,,,,1.0,,,,,1.0,,,1.0,0.0,0.0,,,,0.312,2.891461280252323,12.310705918532152
ideal_e1_lih_vqe_B1_cad16_seed163,lih_vqe,embedded_larger_active_space,ideal,e1,163,,B1,cadence_sweep,full_contract,parallel_fs,parallel_fs,,0.0,16,12,"{'G0': True, 'GA': True, 'GB': False, 'GC': False, 'GD': False, 'GE': False, 'GF': False, 'GH': False}",replay,True,True,False,False,2026-03-02T20:32:36+00:00,2026-03-02T20:32:37.154544+00:00,0.1.0,,1027.0,0.016003917694091797,0.0919,,,,,,,,1.0,,,,,1.0,,,1.0,0.0,0.0,,,,0.312,2.891461280252323,12.310705918532152
ideal_e1_lih_vqe_B2_cad1_seed11,lih_vqe,embedded_larger_active_space,ideal,e1,11,,B2,cadence_sweep,full_contract,parallel_fs,parallel_fs,,0.0,1,12,"{'G0': True, 'GA': True, 'GB': False, 'GC': False, 'GD': True, 'GE': True, 'GF': False, 'GH': False}",replay,True,True,False,False,2026-03-09T09:44:48+00:00,2026-03-09T09:44:49.154545+00:00,0.1.0,,1266.0,0.01600482940673828,0.0919,,,,,,,,1.0,,,,,1.0,,,1.0,0.0,0.0,,,,0.011900000000000003,0.1102823670212567,9.41460553337546
ideal_e1_lih_vqe_B2_cad1_seed17,lih_vqe,embedded_larger_active_space,ideal,e1,17,,B2,cadence_sweep,full_contract,parallel_fs,parallel_fs,,0.0,1,12,"{'G0': True, 'GA': True, 'GB': False, 'GC': False, 'GD': True, 'GE': True, 'GF': False, 'GH': False}",replay,True,True,False,False,2026-03-20T04:03:40+00:00,2026-03-20T04:03:41.154545+00:00,0.1.0,,1266.0,0.01600482940673828,0.0919,,,,,,,,1.0,,,,,1.0,,,1.0,0.0,0.0,,,,0.011900000000000003,0.1102823670212567,9.41460553337546
ideal_e1_lih_vqe_B2_cad1_seed23,lih_vqe,embedded_larger_active_space,ideal,e1,23,,B2,cadence_sweep,full_contract,parallel_fs,parallel_fs,,0.0,1,12,"{'G0': True, 'GA': True, 'GB': False, 'GC': False, 'GD': True, 'GE': True, 'GF': False, 'GH': False}",replay,True,True,False,False,2026-03-30T14:44:02+00:00,2026-03-30T14:44:03.154545+00:00,0.1.0,,1266.0,0.01600482940673828,0.0919,,,,,,,,1.0,,,,,1.0,,,1.0,0.0,0.0,,,,0.011900000000000003,0.1102823670212567,9.41460553337546
ideal_e1_lih_vqe_B2_cad1_seed31,lih_vqe,embedded_larger_active_space,ideal,e1,31,,B2,cadence_sweep,full_contract,parallel_fs,parallel_fs,,0.0,1,12,"{'G0': True, 'GA': True, 'GB': False, 'GC': False, 'GD': True, 'GE': True, 'GF': False, 'GH': False}",replay,True,True,False,False,2026-03-29T10:21:32+00:00,2026-03-29T10:21:33.154545+00:00,0.1.0,,1266.0,0.01600482940673828,0.0919,,,,,,,,1.0,,,,,1.0,,,1.0,0.0,0.0,,,,0.011900000000000003,0.1102823670212567,9.41460553337546
ideal_e1_lih_vqe_B2_cad1_seed43,lih_vqe,embedded_larger_active_space,ideal,e1,43,,B2,cadence_sweep,full_contract,parallel_fs,parallel_fs,,0.0,1,12,"{'G0': True, 'GA': True, 'GB': False, 'GC': False, 'GD': True, 'GE': True, 'GF': False, 'GH': False}",replay,True,True,False,False,2026-03-15T20:23:32+00:00,2026-03-15T20:23:33.154545+00:00,0.1.0,,1266.0,0.01600482940673828,0.0919,,,,,,,,1.0,,,,,1.0,,,1.0,0.0,0.0,,,,0.011900000000000003,0.1102823670212567,9.41460553337546
ideal_e1_lih_vqe_B2_cad1_seed59,lih_vqe,embedded_larger_active_space,ideal,e1,59,,B2,cadence_sweep,full_contract,parallel_fs,parallel_fs,,0.0,1,12,"{'G0': True, 'GA': True, 'GB': False, 'GC': False, 'GD': True, 'GE': True, 'GF': False, 'GH': False}",replay,True,True,False,False,2026-03-26T05:57:29+00:00,2026-03-26T05:57:30.154545+00:00,0.1.0,,1266.0,0.01600482940673828,0.0919,,,,,,,,1.0,,,,,1.0,,,1.0,0.0,0.0,,,,0.011900000000000003,0.1102823670212567,9.41460553337546
ideal_e1_lih_vqe_B2_cad1_seed71,lih_vqe,embedded_larger_active_space,ideal,e1,71,,B2,cadence_sweep,full_contract,parallel_fs,parallel_fs,,0.0,1,12,"{'G0': True, 'GA': True, 'GB': False, 'GC': False, 'GD': True, 'GE': True, 'GF': False, 'GH': False}",replay,True,True,False,False,2026-03-27T00:09:13+00:00,2026-03-27T00:09:14.154545+00:00,0.1.0,,1266.0,0.01600482940673828,0.0919,,,,,,,,1.0,,,,,1.0,,,1.0,0.0,0.0,,,,0.011900000000000003,0.1102823670212567,9.41460553337546
ideal_e1_lih_vqe_B2_cad1_seed83,lih_vqe,embedded_larger_active_space,ideal,e1,83,,B2,cadence_sweep,full_contract,parallel_fs,parallel_fs,,0.0,1,12,"{'G0': True, 'GA': True, 'GB': False, 'GC': False, 'GD': True, 'GE': True, 'GF': False, 'GH': False}",replay,True,True,False,False,2026-03-07T06:08:04+00:00,2026-03-07T06:08:05.154545+00:00,0.1.0,,1266.0,0.01600482940673828,0.0919,,,,,,,,1.0,,,,,1.0,,,1.0,0.0,0.0,,,,0.011900000000000003,0.1102823670212567,9.41460553337546
ideal_e1_lih_vqe_B2_cad1_seed97,lih_vqe,embedded_larger_active_space,ideal,e1,97,,B2,cadence_sweep,full_contract,parallel_fs,parallel_fs,,0.0,1,12,"{'G0': True, 'GA': True, 'GB': False, 'GC': False, 'GD': True, 'GE': True, 'GF': False, 'GH': False}",replay,True,True,False,False,2026-03-02T23:47:20+00:00,2026-03-02T23:47:21.154545+00:00,0.1.0,,1266.0,0.01600482940673828,0.0919,,,,,,,,1.0,,,,,1.0,,,1.0,0.0,0.0,,,,0.011900000000000003,0.1102823670212567,9.41460553337546
ideal_e1_lih_vqe_B2_cad1_seed101,lih_vqe,embedded_larger_active_space,ideal,e1,101,,B2,cadence_sweep,full_contract,parallel_fs,parallel_fs,,0.0,1,12,"{'G0': True, 'GA': True, 'GB': False, 'GC': False, 'GD': True, 'GE': True, 'GF': False, 'GH': False}",replay,True,True,False,False,2026-03-06T19:56:47+00:00,2026-03-06T19:56:48.154545+00:00,0.1.0,,1266.0,0.01600482940673828,0.0919,,,,,,,,1.0,,,,,1.0,,,1.0,0.0,0.0,,,,0.011900000000000003,0.1102823670212567,9.41460553337546
ideal_e1_lih_vqe_B2_cad1_seed107,lih_vqe,embedded_larger_active_space,ideal,e1,107,,B2,cadence_sweep,full_contract,parallel_fs,parallel_fs,,0.0,1,12,"{'G0': True, 'GA': True, 'GB': False, 'GC': False, 'GD': True, 'GE': True, 'GF': False, 'GH': False}",replay,True,True,False,False,2026-03-04T05:25:07+00:00,2026-03-04T05:25:08.154545+00:00,0.1.0,,1266.0,0.01600482940673828,0.0919,,,,,,,,1.0,,,,,1.0,,,1.0,0.0,0.0,,,,0.011900000000000003,0.1102823670212567,9.41460553337546
ideal_e1_lih_vqe_B2_cad1_seed113,lih_vqe,embedded_larger_active_space,ideal,e1,113,,B2,cadence_sweep,full_contract,parallel_fs,parallel_fs,,0.0,1,12,"{'G0': True, 'GA': True, 'GB': False, 'GC': False, 'GD': True, 'GE': True, 'GF': False, 'GH': False}",replay,True,True,False,False,2026-03-04T18:49:34+00:00,2026-03-04T18:49:35.154545+00:00,0.1.0,,1266.0,0.01600482940673828,0.0919,,,,,,,,1.0,,,,,1.0,,,1.0,0.0,0.0,,,,0.011900000000000003,0.1102823670212567,9.41460553337546
ideal_e1_lih_vqe_B2_cad1_seed127,lih_vqe,embedded_larger_active_space,ideal,e1,127,,B2,cadence_sweep,full_contract,parallel_fs,parallel_fs,,0.0,1,12,"{'G0': True, 'GA': True, 'GB': False, 'GC': False, 'GD': True, 'GE': True, 'GF': False, 'GH': False}",replay,True,True,False,False,2026-03-11T05:50:08+00:00,2026-03-11T05:50:09.154545+00:00,0.1.0,,1266.0,0.01600482940673828,0.0919,,,,,,,,1.0,,,,,1.0,,,1.0,0.0,0.0,,,,0.011900000000000003,0.1102823670212567,9.41460553337546
ideal_e1_lih_vqe_B2_cad1_seed131,lih_vqe,embedded_larger_active_space,ideal,e1,131,,B2,cadence_sweep,full_contract,parallel_fs,parallel_fs,,0.0,1,12,"{'G0': True, 'GA': True, 'GB': False, 'GC': False, 'GD': True, 'GE': True, 'GF': False, 'GH': False}",replay,True,True,False,False,2026-03-06T05:09:48+00:00,2026-03-06T05:09:49.154545+00:00,0.1.0,,1266.0,0.01600482940673828,0.0919,,,,,,,,1.0,,,,,1.0,,,1.0,0.0,0.0,,,,0.011900000000000003,0.1102823670212567,9.41460553337546
ideal_e1_lih_vqe_B2_cad1_seed137,lih_vqe,embedded_larger_active_space,ideal,e1,137,,B2,cadence_sweep,full_contract,parallel_fs,parallel_fs,,0.0,1,12,"{'G0': True, 'GA': True, 'GB': False, 'GC': False, 'GD': True, 'GE': True, 'GF': False, 'GH': False}",replay,True,True,False,False,2026-03-08T06:17:22+00:00,2026-03-08T06:17:23.154545+00:00,0.1.0,,1266.0,0.01600482940673828,0.0919,,,,,,,,1.0,,,,,1.0,,,1.0,0.0,0.0,,,,0.011900000000000003,0.1102823670212567,9.41460553337546
ideal_e1_lih_vqe_B2_cad1_seed149,lih_vqe,embedded_larger_active_space,ideal,e1,149,,B2,cadence_sweep,full_contract,parallel_fs,parallel_fs,,0.0,1,12,"{'G0': True, 'GA': True, 'GB': False, 'GC': False, 'GD': True, 'GE': True, 'GF': False, 'GH': False}",replay,True,True,False,False,2026-03-11T23:59:52+00:00,2026-03-11T23:59:53.154545+00:00,0.1.0,,1266.0,0.01600482940673828,0.0919,,,,,,,,1.0,,,,,1.0,,,1.0,0.0,0.0,,,,0.011900000000000003,0.1102823670212567,9.41460553337546
ideal_e1_lih_vqe_B2_cad1_seed157,lih_vqe,embedded_larger_active_space,ideal,e1,157,,B2,cadence_sweep,full_contract,parallel_fs,parallel_fs,,0.0,1,12,"{'G0': True, 'GA': True, 'GB': False, 'GC': False, 'GD': True, 'GE': True, 'GF': False, 'GH': False}",replay,True,True,False,False,2026-03-29T06:42:07+00:00,2026-03-29T06:42:08.154545+00:00,0.1.0,,1266.0,0.01600482940673828,0.0919,,,,,,,,1.0,,,,,1.0,,,1.0,0.0,0.0,,,,0.011900000000000003,0.1102823670212567,9.41460553337546
ideal_e1_lih_vqe_B2_cad1_seed163,lih_vqe,embedded_larger_active_space,ideal,e1,163,,B2,cadence_sweep,full_contract,parallel_fs,parallel_fs,,0.0,1,12,"{'G0': True, 'GA': True, 'GB': False, 'GC': False, 'GD': True, 'GE': True, 'GF': False, 'GH': False}",replay,True,True,False,False,2026-03-13T03:32:31+00:00,2026-03-13T03:32:32.154545+00:00,0.1.0,,1266.0,0.01600482940673828,0.0919,,,,,,,,1.0,,,,,1.0,,,1.0,0.0,0.0,,,,0.011900000000000003,0.1102823670212567,9.41460553337546
ideal_e1_lih_vqe_B2_cad2_seed11,lih_vqe,embedded_larger_active_space,ideal,e1,11,,B2,cadence_sweep,full_contract,parallel_fs,parallel_fs,,0.0,2,12,"{'G0': True, 'GA': True, 'GB': False, 'GC': False, 'GD': True, 'GE': True, 'GF': False, 'GH': False}",replay,True,True,False,False,2026-03-17T23:46:26+00:00,2026-03-17T23:46:27.154545+00:00,0.1.0,,1266.0,0.01600482940673828,0.0919,,,,,,,,1.0,,,,,1.0,,,1.0,0.0,0.0,,,,0.04760000000000001,0.4411294680850268,9.41460553337546
ideal_e1_lih_vqe_B2_cad2_seed17,lih_vqe,embedded_larger_active_space,ideal,e1,17,,B2,cadence_sweep,full_contract,parallel_fs,parallel_fs,,0.0,2,12,"{'G0': True, 'GA': True, 'GB': False, 'GC': False, 'GD': True, 'GE': True, 'GF': False, 'GH': False}",replay,True,True,False,False,2026-03-03T15:30:26+00:00,2026-03-03T15:30:27.154545+00:00,0.1.0,,1266.0,0.01600482940673828,0.0919,,,,,,,,1.0,,,,,1.0,,,1.0,0.0,0.0,,,,0.04760000000000001,0.4411294680850268,9.41460553337546
ideal_e1_lih_vqe_B2_cad2_seed23,lih_vqe,embedded_larger_active_space,ideal,e1,23,,B2,cadence_sweep,full_contract,parallel_fs,parallel_fs,,0.0,2,12,"{'G0': True, 'GA': True, 'GB': False, 'GC': False, 'GD': True, 'GE': True, 'GF': False, 'GH': False}",replay,True,True,False,False,2026-03-17T05:12:04+00:00,2026-03-17T05:12:05.154545+00:00,0.1.0,,1266.0,0.01600482940673828,0.0919,,,,,,,,1.0,,,,,1.0,,,1.0,0.0,0.0,,,,0.04760000000000001,0.4411294680850268,9.41460553337546
ideal_e1_lih_vqe_B2_cad2_seed31,lih_vqe,embedded_larger_active_space,ideal,e1,31,,B2,cadence_sweep,full_contract,parallel_fs,parallel_fs,,0.0,2,12,"{'G0': True, 'GA': True, 'GB': False, 'GC': False, 'GD': True, 'GE': True, 'GF': False, 'GH': False}",replay,True,True,False,False,2026-03-28T11:15:16+00:00,2026-03-28T11:15:17.154545+00:00,0.1.0,,1266.0,0.01600482940673828,0.0919,,,,,,,,1.0,,,,,1.0,,,1.0,0.0,0.0,,,,0.04760000000000001,0.4411294680850268,9.41460553337546
ideal_e1_lih_vqe_B2_cad2_seed43,lih_vqe,embedded_larger_active_space,ideal,e1,43,,B2,cadence_sweep,full_contract,parallel_fs,parallel_fs,,0.0,2,12,"{'G0': True, 'GA': True, 'GB': False, 'GC': False, 'GD': True, 'GE': True, 'GF': False, 'GH': False}",replay,True,True,False,False,2026-03-21T14:05:28+00:00,2026-03-21T14:05:29.154545+00:00,0.1.0,,1266.0,0.01600482940673828,0.0919,,,,,,,,1.0,,,,,1.0,,,1.0,0.0,0.0,,,,0.04760000000000001,0.4411294680850268,9.41460553337546
ideal_e1_lih_vqe_B2_cad2_seed59,lih_vqe,embedded_larger_active_space,ideal,e1,59,,B2,cadence_sweep,full_contract,parallel_fs,parallel_fs,,0.0,2,12,"{'G0': True, 'GA': True, 'GB': False, 'GC': False, 'GD': True, 'GE': True, 'GF': False, 'GH': False}",replay,True,True,False,False,2026-03-10T15:58:27+00:00,2026-03-10T15:58:28.154545+00:00,0.1.0,,1266.0,0.01600482940673828,0.0919,,,,,,,,1.0,,,,,1.0,,,1.0,0.0,0.0,,,,0.04760000000000001,0.4411294680850268,9.41460553337546
ideal_e1_lih_vqe_B2_cad2_seed71,lih_vqe,embedded_larger_active_space,ideal,e1,71,,B2,cadence_sweep,full_contract,parallel_fs,parallel_fs,,0.0,2,12,"{'G0': True, 'GA': True, 'GB': False, 'GC': False, 'GD': True, 'GE': True, 'GF': False, 'GH': False}",replay,True,True,False,False,2026-03-22T13:14:15+00:00,2026-03-22T13:14:16.154545+00:00,0.1.0,,1266.0,0.01600482940673828,0.0919,,,,,,,,1.0,,,,,1.0,,,1.0,0.0,0.0,,,,0.04760000000000001,0.4411294680850268,9.41460553337546
ideal_e1_lih_vqe_B2_cad2_seed83,lih_vqe,embedded_larger_active_space,ideal,e1,83,,B2,cadence_sweep,full_contract,parallel_fs,parallel_fs,,0.0,2,12,"{'G0': True, 'GA': True, 'GB': False, 'GC': False, 'GD': True, 'GE': True, 'GF': False, 'GH': False}",replay,True,True,False,False,2026-03-30T02:59:43+00:00,2026-03-30T02:59:44.154545+00:00,0.1.0,,1266.0,0.01600482940673828,0.0919,,,,,,,,1.0,,,,,1.0,,,1.0,0.0,0.0,,,,0.04760000000000001,0.4411294680850268,9.41460553337546
ideal_e1_lih_vqe_B2_cad2_seed97,lih_vqe,embedded_larger_active_space,ideal,e1,97,,B2,cadence_sweep,full_contract,parallel_fs,parallel_fs,,0.0,2,12,"{'G0': True, 'GA': True, 'GB': False, 'GC': False, 'GD': True, 'GE': True, 'GF': False, 'GH': False}",replay,True,True,False,False,2026-03-08T11:06:45+00:00,2026-03-08T11:06:46.154545+00:00,0.1.0,,1266.0,0.01600482940673828,0.0919,,,,,,,,1.0,,,,,1.0,,,1.0,0.0,0.0,,,,0.04760000000000001,0.4411294680850268,9.41460553337546
ideal_e1_lih_vqe_B2_cad2_seed101,lih_vqe,embedded_larger_active_space,ideal,e1,101,,B2,cadence_sweep,full_contract,parallel_fs,parallel_fs,,0.0,2,12,"{'G0': True, 'GA': True, 'GB': False, 'GC': False, 'GD': True, 'GE': True, 'GF': False, 'GH': False}",replay,True,True,False,False,2026-03-01T03:31:20+00:00,2026-03-01T03:31:21.154545+00:00,0.1.0,,1266.0,0.01600482940673828,0.0919,,,,,,,,1.0,,,,,1.0,,,1.0,0.0,0.0,,,,0.04760000000000001,0.4411294680850268,9.41460553337546
ideal_e1_lih_vqe_B2_cad2_seed107,lih_vqe,embedded_larger_active_space,ideal,e1,107,,B2,cadence_sweep,full_contract,parallel_fs,parallel_fs,,0.0,2,12,"{'G0': True, 'GA': True, 'GB': False, 'GC': False, 'GD': True, 'GE': True, 'GF': False, 'GH': False}",replay,True,True,False,False,2026-03-25T22:37:24+00:00,2026-03-25T22:37:25.154545+00:00,0.1.0,,1266.0,0.01600482940673828,0.0919,,,,,,,,1.0,,,,,1.0,,,1.0,0.0,0.0,,,,0.04760000000000001,0.4411294680850268,9.41460553337546
ideal_e1_lih_vqe_B2_cad2_seed113,lih_vqe,embedded_larger_active_space,ideal,e1,113,,B2,cadence_sweep,full_contract,parallel_fs,parallel_fs,,0.0,2,12,"{'G0': True, 'GA': True, 'GB': False, 'GC': False, 'GD': True, 'GE': True, 'GF': False, 'GH': False}",replay,True,True,False,False,2026-03-17T09:57:14+00:00,2026-03-17T09:57:15.154545+00:00,0.1.0,,1266.0,0.01600482940673828,0.0919,,,,,,,,1.0,,,,,1.0,,,1.0,0.0,0.0,,,,0.04760000000000001,0.4411294680850268,9.41460553337546
ideal_e1_lih_vqe_B2_cad2_seed127,lih_vqe,embedded_larger_active_space,ideal,e1,127,,B2,cadence_sweep,full_contract,parallel_fs,parallel_fs,,0.0,2,12,"{'G0': True, 'GA': True, 'GB': False, 'GC': False, 'GD': True, 'GE': True, 'GF': False, 'GH': False}",replay,True,True,False,False,2026-03-10T22:15:28+00:00,2026-03-10T22:15:29.154545+00:00,0.1.0,,1266.0,0.01600482940673828,0.0919,,,,,,,,1.0,,,,,1.0,,,1.0,0.0,0.0,,,,0.04760000000000001,0.4411294680850268,9.41460553337546
ideal_e1_lih_vqe_B2_cad2_seed131,lih_vqe,embedded_larger_active_space,ideal,e1,131,,B2,cadence_sweep,full_contract,parallel_fs,parallel_fs,,0.0,2,12,"{'G0': True, 'GA': True, 'GB': False, 'GC': False, 'GD': True, 'GE': True, 'GF': False, 'GH': False}",replay,True,True,False,False,2026-03-09T10:40:35+00:00,2026-03-09T10:40:36.154545+00:00,0.1.0,,1266.0,0.01600482940673828,0.0919,,,,,,,,1.0,,,,,1.0,,,1.0,0.0,0.0,,,,0.04760000000000001,0.4411294680850268,9.41460553337546
ideal_e1_lih_vqe_B2_cad2_seed137,lih_vqe,embedded_larger_active_space,ideal,e1,137,,B2,cadence_sweep,full_contract,parallel_fs,parallel_fs,,0.0,2,12,"{'G0': True, 'GA': True, 'GB': False, 'GC': False, 'GD': True, 'GE': True, 'GF': False, 'GH': False}",replay,True,True,False,False,2026-03-22T14:09:26+00:00,2026-03-22T14:09:27.154545+00:00,0.1.0,,1266.0,0.01600482940673828,0.0919,,,,,,,,1.0,,,,,1.0,,,1.0,0.0,0.0,,,,0.04760000000000001,0.4411294680850268,9.41460553337546
ideal_e1_lih_vqe_B2_cad2_seed149,lih_vqe,embedded_larger_active_space,ideal,e1,149,,B2,cadence_sweep,full_contract,parallel_fs,parallel_fs,,0.0,2,12,"{'G0': True, 'GA': True, 'GB': False, 'GC': False, 'GD': True, 'GE': True, 'GF': False, 'GH': False}",replay,True,True,False,False,2026-03-22T17:08:03+00:00,2026-03-22T17:08:04.154545+00:00,0.1.0,,1266.0,0.01600482940673828,0.0919,,,,,,,,1.0,,,,,1.0,,,1.0,0.0,0.0,,,,0.04760000000000001,0.4411294680850268,9.41460553337546
ideal_e1_lih_vqe_B2_cad2_seed157,lih_vqe,embedded_larger_active_space,ideal,e1,157,,B2,cadence_sweep,full_contract,parallel_fs,parallel_fs,,0.0,2,12,"{'G0': True, 'GA': True, 'GB': False, 'GC': False, 'GD': True, 'GE': True, 'GF': False, 'GH': False}",replay,True,True,False,False,2026-03-28T08:09:16+00:00,2026-03-28T08:09:17.154545+00:00,0.1.0,,1266.0,0.01600482940673828,0.0919,,,,,,,,1.0,,,,,1.0,,,1.0,0.0,0.0,,,,0.04760000000000001,0.4411294680850268,9.41460553337546
ideal_e1_lih_vqe_B2_cad2_seed163,lih_vqe,embedded_larger_active_space,ideal,e1,163,,B2,cadence_sweep,full_contract,parallel_fs,parallel_fs,,0.0,2,12,"{'G0': True, 'GA': True, 'GB': False, 'GC': False, 'GD': True, 'GE': True, 'GF': False, 'GH': False}",replay,True,True,False,False,2026-03-20T04:17:45+00:00,2026-03-20T04:17:46.154545+00:00,0.1.0,,1266.0,0.01600482940673828,0.0919,,,,,,,,1.0,,,,,1.0,,,1.0,0.0,0.0,,,,0.04760000000000001,0.4411294680850268,9.41460553337546
ideal_e1_lih_vqe_B2_cad4_seed11,lih_vqe,embedded_larger_active_space,ideal,e1,11,,B2,cadence_sweep,full_contract,parallel_fs,parallel_fs,,0.0,4,12,"{'G0': True, 'GA': True, 'GB': False, 'GC': False, 'GD': True, 'GE': True, 'GF': False, 'GH': False}",replay,True,True,False,False,2026-03-27T21:24:44+00:00,2026-03-27T21:24:45.154545+00:00,0.1.0,,1266.0,0.01600482940673828,0.0919,,,,,,,,1.0,,,,,1.0,,,1.0,0.0,0.0,,,,0.1428,1.32338840425508,9.41460553337546
ideal_e1_lih_vqe_B2_cad4_seed17,lih_vqe,embedded_larger_active_space,ideal,e1,17,,B2,cadence_sweep,full_contract,parallel_fs,parallel_fs,,0.0,4,12,"{'G0': True, 'GA': True, 'GB': False, 'GC': False, 'GD': True, 'GE': True, 'GF': False, 'GH': False}",replay,True,True,False,False,2026-03-10T23:32:10+00:00,2026-03-10T23:32:11.154545+00:00,0.1.0,,1266.0,0.01600482940673828,0.0919,,,,,,,,1.0,,,,,1.0,,,1.0,0.0,0.0,,,,0.1428,1.32338840425508,9.41460553337546
ideal_e1_lih_vqe_B2_cad4_seed23,lih_vqe,embedded_larger_active_space,ideal,e1,23,,B2,cadence_sweep,full_contract,parallel_fs,parallel_fs,,0.0,4,12,"{'G0': True, 'GA': True, 'GB': False, 'GC': False, 'GD': True, 'GE': True, 'GF': False, 'GH': False}",replay,True,True,False,False,2026-03-01T11:59:32+00:00,2026-03-01T11:59:33.154545+00:00,0.1.0,,1266.0,0.01600482940673828,0.0919,,,,,,,,1.0,,,,,1.0,,,1.0,0.0,0.0,,,,0.1428,1.32338840425508,9.41460553337546
ideal_e1_lih_vqe_B2_cad4_seed31,lih_vqe,embedded_larger_active_space,ideal,e1,31,,B2,cadence_sweep,full_contract,parallel_fs,parallel_fs,,0.0,4,12,"{'G0': True, 'GA': True, 'GB': False, 'GC': False, 'GD': True, 'GE': True, 'GF': False, 'GH': False}",replay,True,True,False,False,2026-03-10T12:21:03+00:00,2026-03-10T12:21:04.154545+00:00,0.1.0,,1266.0,0.01600482940673828,0.0919,,,,,,,,1.0,,,,,1.0,,,1.0,0.0,0.0,,,,0.1428,1.32338840425508,9.41460553337546
ideal_e1_lih_vqe_B2_cad4_seed43,lih_vqe,embedded_larger_active_space,ideal,e1,43,,B2,cadence_sweep,full_contract,parallel_fs,parallel_fs,,0.0,4,12,"{'G0': True, 'GA': True, 'GB': False, 'GC': False, 'GD': True, 'GE': True, 'GF': False, 'GH': False}",replay,True,True,False,False,2026-03-10T22:46:59+00:00,2026-03-10T22:47:00.154545+00:00,0.1.0,,1266.0,0.01600482940673828,0.0919,,,,,,,,1.0,,,,,1.0,,,1.0,0.0,0.0,,,,0.1428,1.32338840425508,9.41460553337546
ideal_e1_lih_vqe_B2_cad4_seed59,lih_vqe,embedded_larger_active_space,ideal,e1,59,,B2,cadence_sweep,full_contract,parallel_fs,parallel_fs,,0.0,4,12,"{'G0': True, 'GA': True, 'GB': False, 'GC': False, 'GD': True, 'GE': True, 'GF': False, 'GH': False}",replay,True,True,False,False,2026-03-18T09:01:20+00:00,2026-03-18T09:01:21.154545+00:00,0.1.0,,1266.0,0.01600482940673828,0.0919,,,,,,,,1.0,,,,,1.0,,,1.0,0.0,0.0,,,,0.1428,1.32338840425508,9.41460553337546
ideal_e1_lih_vqe_B2_cad4_seed71,lih_vqe,embedded_larger_active_space,ideal,e1,71,,B2,cadence_sweep,full_contract,parallel_fs,parallel_fs,,0.0,4,12,"{'G0': True, 'GA': True, 'GB': False, 'GC': False, 'GD': True, 'GE': True, 'GF': False, 'GH': False}",replay,True,True,False,False,2026-03-08T00:17:49+00:00,2026-03-08T00:17:50.154545+00:00,0.1.0,,1266.0,0.01600482940673828,0.0919,,,,,,,,1.0,,,,,1.0,,,1.0,0.0,0.0,,,,0.1428,1.32338840425508,9.41460553337546
ideal_e1_lih_vqe_B2_cad4_seed83,lih_vqe,embedded_larger_active_space,ideal,e1,83,,B2,cadence_sweep,full_contract,parallel_fs,parallel_fs,,0.0,4,12,"{'G0': True, 'GA': True, 'GB': False, 'GC': False, 'GD': True, 'GE': True, 'GF': False, 'GH': False}",replay,True,True,False,False,2026-03-03T17:36:33+00:00,2026-03-03T17:36:34.154545+00:00,0.1.0,,1266.0,0.01600482940673828,0.0919,,,,,,,,1.0,,,,,1.0,,,1.0,0.0,0.0,,,,0.1428,1.32338840425508,9.41460553337546
ideal_e1_lih_vqe_B2_cad4_seed97,lih_vqe,embedded_larger_active_space,ideal,e1,97,,B2,cadence_sweep,full_contract,parallel_fs,parallel_fs,,0.0,4,12,"{'G0': True, 'GA': True, 'GB': False, 'GC': False, 'GD': True, 'GE': True, 'GF': False, 'GH': False}",replay,True,True,False,False,2026-03-14T20:57:04+00:00,2026-03-14T20:57:05.154545+00:00,0.1.0,,1266.0,0.01600482940673828,0.0919,,,,,,,,1.0,,,,,1.0,,,1.0,0.0,0.0,,,,0.1428,1.32338840425508,9.41460553337546
ideal_e1_lih_vqe_B2_cad4_seed101,lih_vqe,embedded_larger_active_space,ideal,e1,101,,B2,cadence_sweep,full_contract,parallel_fs,parallel_fs,,0.0,4,12,"{'G0': True, 'GA': True, 'GB': False, 'GC': False, 'GD': True, 'GE': True, 'GF': False, 'GH': False}",replay,True,True,False,False,2026-03-09T01:46:15+00:00,2026-03-09T01:46:16.154545+00:00,0.1.0,,1266.0,0.01600482940673828,0.0919,,,,,,,,1.0,,,,,1.0,,,1.0,0.0,0.0,,,,0.1428,1.32338840425508,9.41460553337546
ideal_e1_lih_vqe_B2_cad4_seed107,lih_vqe,embedded_larger_active_space,ideal,e1,107,,B2,cadence_sweep,full_contract,parallel_fs,parallel_fs,,0.0,4,12,"{'G0': True, 'GA': True, 'GB': False, 'GC': False, 'GD': True, 'GE': True, 'GF': False, 'GH': False}",replay,True,True,False,False,2026-03-30T13:38:08+00:00,2026-03-30T13:38:09.154545+00:00,0.1.0,,1266.0,0.01600482940673828,0.0919,,,,,,,,1.0,,,,,1.0,,,1.0,0.0,0.0,,,,0.1428,1.32338840425508,9.41460553337546
ideal_e1_lih_vqe_B2_cad4_seed113,lih_vqe,embedded_larger_active_space,ideal,e1,113,,B2,cadence_sweep,full_contract,parallel_fs,parallel_fs,,0.0,4,12,"{'G0': True, 'GA': True, 'GB': False, 'GC': False, 'GD': True, 'GE': True, 'GF': False, 'GH': False}",replay,True,True,False,False,2026-03-08T18:23:21+00:00,2026-03-08T18:23:22.154545+00:00,0.1.0,,1266.0,0.01600482940673828,0.0919,,,,,,,,1.0,,,,,1.0,,,1.0,0.0,0.0,,,,0.1428,1.32338840425508,9.41460553337546
ideal_e1_lih_vqe_B2_cad4_seed127,lih_vqe,embedded_larger_active_space,ideal,e1,127,,B2,cadence_sweep,full_contract,parallel_fs,parallel_fs,,0.0,4,12,"{'G0': True, 'GA': True, 'GB': False, 'GC': False, 'GD': True, 'GE': True, 'GF': False, 'GH': False}",replay,True,True,False,False,2026-03-18T07:10:10+00:00,2026-03-18T07:10:11.154545+00:00,0.1.0,,1266.0,0.01600482940673828,0.0919,,,,,,,,1.0,,,,,1.0,,,1.0,0.0,0.0,,,,0.1428,1.32338840425508,9.41460553337546
ideal_e1_lih_vqe_B2_cad4_seed131,lih_vqe,embedded_larger_active_space,ideal,e1,131,,B2,cadence_sweep,full_contract,parallel_fs,parallel_fs,,0.0,4,12,"{'G0': True, 'GA': True, 'GB': False, 'GC': False, 'GD': True, 'GE': True, 'GF': False, 'GH': False}",replay,True,True,False,False,2026-03-23T08:50:35+00:00,2026-03-23T08:50:36.154545+00:00,0.1.0,,1266.0,0.01600482940673828,0.0919,,,,,,,,1.0,,,,,1.0,,,1.0,0.0,0.0,,,,0.1428,1.32338840425508,9.41460553337546
ideal_e1_lih_vqe_B2_cad4_seed137,lih_vqe,embedded_larger_active_space,ideal,e1,137,,B2,cadence_sweep,full_contract,parallel_fs,parallel_fs,,0.0,4,12,"{'G0': True, 'GA': True, 'GB': False, 'GC': False, 'GD': True, 'GE': True, 'GF': False, 'GH': False}",replay,True,True,False,False,2026-03-25T12:05:48+00:00,2026-03-25T12:05:49.154545+00:00,0.1.0,,1266.0,0.01600482940673828,0.0919,,,,,,,,1.0,,,,,1.0,,,1.0,0.0,0.0,,,,0.1428,1.32338840425508,9.41460553337546
ideal_e1_lih_vqe_B2_cad4_seed149,lih_vqe,embedded_larger_active_space,ideal,e1,149,,B2,cadence_sweep,full_contract,parallel_fs,parallel_fs,,0.0,4,12,"{'G0': True, 'GA': True, 'GB': False, 'GC': False, 'GD': True, 'GE': True, 'GF': False, 'GH': False}",replay,True,True,False,False,2026-03-14T10:51:44+00:00,2026-03-14T10:51:45.154545+00:00,0.1.0,,1266.0,0.01600482940673828,0.0919,,,,,,,,1.0,,,,,1.0,,,1.0,0.0,0.0,,,,0.1428,1.32338840425508,9.41460553337546
ideal_e1_lih_vqe_B2_cad4_seed157,lih_vqe,embedded_larger_active_space,ideal,e1,157,,B2,cadence_sweep,full_contract,parallel_fs,parallel_fs,,0.0,4,12,"{'G0': True, 'GA': True, 'GB': False, 'GC': False, 'GD': True, 'GE': True, 'GF': False, 'GH': False}",replay,True,True,False,False,2026-03-27T21:28:24+00:00,2026-03-27T21:28:25.154545+00:00,0.1.0,,1266.0,0.01600482940673828,0.0919,,,,,,,,1.0,,,,,1.0,,,1.0,0.0,0.0,,,,0.1428,1.32338840425508,9.41460553337546
ideal_e1_lih_vqe_B2_cad4_seed163,lih_vqe,embedded_larger_active_space,ideal,e1,163,,B2,cadence_sweep,full_contract,parallel_fs,parallel_fs,,0.0,4,12,"{'G0': True, 'GA': True, 'GB': False, 'GC': False, 'GD': True, 'GE': True, 'GF': False, 'GH': False}",replay,True,True,False,False,2026-03-22T09:15:19+00:00,2026-03-22T09:15:20.154545+00:00,0.1.0,,1266.0,0.01600482940673828,0.0919,,,,,,,,1.0,,,,,1.0,,,1.0,0.0,0.0,,,,0.1428,1.32338840425508,9.41460553337546
ideal_e1_lih_vqe_B2_cad8_seed11,lih_vqe,embedded_larger_active_space,ideal,e1,11,,B2,cadence_sweep,full_contract,parallel_fs,parallel_fs,,0.0,8,12,"{'G0': True, 'GA': True, 'GB': False, 'GC': False, 'GD': True, 'GE': True, 'GF': False, 'GH': False}",replay,True,True,False,False,2026-03-16T22:53:19+00:00,2026-03-16T22:53:20.154545+00:00,0.1.0,,1266.0,0.01600482940673828,0.0919,,,,,,,,1.0,,,,,1.0,,,1.0,0.0,0.0,,,,0.33320000000000005,3.087906276595187,9.41460553337546
ideal_e1_lih_vqe_B2_cad8_seed17,lih_vqe,embedded_larger_active_space,ideal,e1,17,,B2,cadence_sweep,full_contract,parallel_fs,parallel_fs,,0.0,8,12,"{'G0': True, 'GA': True, 'GB': False, 'GC': False, 'GD': True, 'GE': True, 'GF': False, 'GH': False}",replay,True,True,False,False,2026-03-13T17:47:45+00:00,2026-03-13T17:47:46.154545+00:00,0.1.0,,1266.0,0.01600482940673828,0.0919,,,,,,,,1.0,,,,,1.0,,,1.0,0.0,0.0,,,,0.33320000000000005,3.087906276595187,9.41460553337546
ideal_e1_lih_vqe_B2_cad8_seed23,lih_vqe,embedded_larger_active_space,ideal,e1,23,,B2,cadence_sweep,full_contract,parallel_fs,parallel_fs,,0.0,8,12,"{'G0': True, 'GA': True, 'GB': False, 'GC': False, 'GD': True, 'GE': True, 'GF': False, 'GH': False}",replay,True,True,False,False,2026-03-24T10:52:16+00:00,2026-03-24T10:52:17.154545+00:00,0.1.0,,1266.0,0.01600482940673828,0.0919,,,,,,,,1.0,,,,,1.0,,,1.0,0.0,0.0,,,,0.33320000000000005,3.087906276595187,9.41460553337546
ideal_e1_lih_vqe_B2_cad8_seed31,lih_vqe,embedded_larger_active_space,ideal,e1,31,,B2,cadence_sweep,full_contract,parallel_fs,parallel_fs,,0.0,8,12,"{'G0': True, 'GA': True, 'GB': False, 'GC': False, 'GD': True, 'GE': True, 'GF': False, 'GH': False}",replay,True,True,False,False,2026-03-20T01:24:35+00:00,2026-03-20T01:24:36.154545+00:00,0.1.0,,1266.0,0.01600482940673828,0.0919,,,,,,,,1.0,,,,,1.0,,,1.0,0.0,0.0,,,,0.33320000000000005,3.087906276595187,9.41460553337546
ideal_e1_lih_vqe_B2_cad8_seed43,lih_vqe,embedded_larger_active_space,ideal,e1,43,,B2,cadence_sweep,full_contract,parallel_fs,parallel_fs,,0.0,8,12,"{'G0': True, 'GA': True, 'GB': False, 'GC': False, 'GD': True, 'GE': True, 'GF': False, 'GH': False}",replay,True,True,False,False,2026-03-11T15:01:25+00:00,2026-03-11T15:01:26.154545+00:00,0.1.0,,1266.0,0.01600482940673828,0.0919,,,,,,,,1.0,,,,,1.0,,,1.0,0.0,0.0,,,,0.33320000000000005,3.087906276595187,9.41460553337546
ideal_e1_lih_vqe_B2_cad8_seed59,lih_vqe,embedded_larger_active_space,ideal,e1,59,,B2,cadence_sweep,full_contract,parallel_fs,parallel_fs,,0.0,8,12,"{'G0': True, 'GA': True, 'GB': False, 'GC': False, 'GD': True, 'GE': True, 'GF': False, 'GH': False}",replay,True,True,False,False,2026-03-09T20:30:12+00:00,2026-03-09T20:30:13.154545+00:00,0.1.0,,1266.0,0.01600482940673828,0.0919,,,,,,,,1.0,,,,,1.0,,,1.0,0.0,0.0,,,,0.33320000000000005,3.087906276595187,9.41460553337546
ideal_e1_lih_vqe_B2_cad8_seed71,lih_vqe,embedded_larger_active_space,ideal,e1,71,,B2,cadence_sweep,full_contract,parallel_fs,parallel_fs,,0.0,8,12,"{'G0': True, 'GA': True, 'GB': False, 'GC': False, 'GD': True, 'GE': True, 'GF': False, 'GH': False}",replay,True,True,False,False,2026-03-06T10:30:11+00:00,2026-03-06T10:30:12.154545+00:00,0.1.0,,1266.0,0.01600482940673828,0.0919,,,,,,,,1.0,,,,,1.0,,,1.0,0.0,0.0,,,,0.33320000000000005,3.087906276595187,9.41460553337546
ideal_e1_lih_vqe_B2_cad8_seed83,lih_vqe,embedded_larger_active_space,ideal,e1,83,,B2,cadence_sweep,full_contract,parallel_fs,parallel_fs,,0.0,8,12,"{'G0': True, 'GA': True, 'GB': False, 'GC': False, 'GD': True, 'GE': True, 'GF': False, 'GH': False}",replay,True,True,False,False,2026-03-09T22:33:36+00:00,2026-03-09T22:33:37.154545+00:00,0.1.0,,1266.0,0.01600482940673828,0.0919,,,,,,,,1.0,,,,,1.0,,,1.0,0.0,0.0,,,,0.33320000000000005,3.087906276595187,9.41460553337546
ideal_e1_lih_vqe_B2_cad8_seed97,lih_vqe,embedded_larger_active_space,ideal,e1,97,,B2,cadence_sweep,full_contract,parallel_fs,parallel_fs,,0.0,8,12,"{'G0': True, 'GA': True, 'GB': False, 'GC': False, 'GD': True, 'GE': True, 'GF': False, 'GH': False}",replay,True,True,False,False,2026-03-20T23:12:42+00:00,2026-03-20T23:12:43.154545+00:00,0.1.0,,1266.0,0.01600482940673828,0.0919,,,,,,,,1.0,,,,,1.0,,,1.0,0.0,0.0,,,,0.33320000000000005,3.087906276595187,9.41460553337546
ideal_e1_lih_vqe_B2_cad8_seed101,lih_vqe,embedded_larger_active_space,ideal,e1,101,,B2,cadence_sweep,full_contract,parallel_fs,parallel_fs,,0.0,8,12,"{'G0': True, 'GA': True, 'GB': False, 'GC': False, 'GD': True, 'GE': True, 'GF': False, 'GH': False}",replay,True,True,False,False,2026-03-17T11:01:12+00:00,2026-03-17T11:01:13.154545+00:00,0.1.0,,1266.0,0.01600482940673828,0.0919,,,,,,,,1.0,,,,,1.0,,,1.0,0.0,0.0,,,,0.33320000000000005,3.087906276595187,9.41460553337546
ideal_e1_lih_vqe_B2_cad8_seed107,lih_vqe,embedded_larger_active_space,ideal,e1,107,,B2,cadence_sweep,full_contract,parallel_fs,parallel_fs,,0.0,8,12,"{'G0': True, 'GA': True, 'GB': False, 'GC': False, 'GD': True, 'GE': True, 'GF': False, 'GH': False}",replay,True,True,False,False,2026-03-25T05:29:00+00:00,2026-03-25T05:29:01.154545+00:00,0.1.0,,1266.0,0.01600482940673828,0.0919,,,,,,,,1.0,,,,,1.0,,,1.0,0.0,0.0,,,,0.33320000000000005,3.087906276595187,9.41460553337546
ideal_e1_lih_vqe_B2_cad8_seed113,lih_vqe,embedded_larger_active_space,ideal,e1,113,,B2,cadence_sweep,full_contract,parallel_fs,parallel_fs,,0.0,8,12,"{'G0': True, 'GA': True, 'GB': False, 'GC': False, 'GD': True, 'GE': True, 'GF': False, 'GH': False}",replay,True,True,False,False,2026-03-23T21:36:24+00:00,2026-03-23T21:36:25.154545+00:00,0.1.0,,1266.0,0.01600482940673828,0.0919,,,,,,,,1.0,,,,,1.0,,,1.0,0.0,0.0,,,,0.33320000000000005,3.087906276595187,9.41460553337546
ideal_e1_lih_vqe_B2_cad8_seed127,lih_vqe,embedded_larger_active_space,ideal,e1,127,,B2,cadence_sweep,full_contract,parallel_fs,parallel_fs,,0.0,8,12,"{'G0': True, 'GA': True, 'GB': False, 'GC': False, 'GD': True, 'GE': True, 'GF': False, 'GH': False}",replay,True,True,False,False,2026-03-29T05:23:37+00:00,2026-03-29T05:23:38.154545+00:00,0.1.0,,1266.0,0.01600482940673828,0.0919,,,,,,,,1.0,,,,,1.0,,,1.0,0.0,0.0,,,,0.33320000000000005,3.087906276595187,9.41460553337546
ideal_e1_lih_vqe_B2_cad8_seed131,lih_vqe,embedded_larger_active_space,ideal,e1,131,,B2,cadence_sweep,full_contract,parallel_fs,parallel_fs,,0.0,8,12,"{'G0': True, 'GA': True, 'GB': False, 'GC': False, 'GD': True, 'GE': True, 'GF': False, 'GH': False}",replay,True,True,False,False,2026-03-01T11:08:13+00:00,2026-03-01T11:08:14.154545+00:00,0.1.0,,1266.0,0.01600482940673828,0.0919,,,,,,,,1.0,,,,,1.0,,,1.0,0.0,0.0,,,,0.33320000000000005,3.087906276595187,9.41460553337546
ideal_e1_lih_vqe_B2_cad8_seed137,lih_vqe,embedded_larger_active_space,ideal,e1,137,,B2,cadence_sweep,full_contract,parallel_fs,parallel_fs,,0.0,8,12,"{'G0': True, 'GA': True, 'GB': False, 'GC': False, 'GD': True, 'GE': True, 'GF': False, 'GH': False}",replay,True,True,False,False,2026-03-07T19:38:24+00:00,2026-03-07T19:38:25.154545+00:00,0.1.0,,1266.0,0.01600482940673828,0.0919,,,,,,,,1.0,,,,,1.0,,,1.0,0.0,0.0,,,,0.33320000000000005,3.087906276595187,9.41460553337546
ideal_e1_lih_vqe_B2_cad8_seed149,lih_vqe,embedded_larger_active_space,ideal,e1,149,,B2,cadence_sweep,full_contract,parallel_fs,parallel_fs,,0.0,8,12,"{'G0': True, 'GA': True, 'GB': False, 'GC': False, 'GD': True, 'GE': True, 'GF': False, 'GH': False}",replay,True,True,False,False,2026-03-22T06:21:36+00:00,2026-03-22T06:21:37.154545+00:00,0.1.0,,1266.0,0.01600482940673828,0.0919,,,,,,,,1.0,,,,,1.0,,,1.0,0.0,0.0,,,,0.33320000000000005,3.087906276595187,9.41460553337546
ideal_e1_lih_vqe_B2_cad8_seed157,lih_vqe,embedded_larger_active_space,ideal,e1,157,,B2,cadence_sweep,full_contract,parallel_fs,parallel_fs,,0.0,8,12,"{'G0': True, 'GA': True, 'GB': False, 'GC': False, 'GD': True, 'GE': True, 'GF': False, 'GH': False}",replay,True,True,False,False,2026-03-06T12:30:47+00:00,2026-03-06T12:30:48.154545+00:00,0.1.0,,1266.0,0.01600482940673828,0.0919,,,,,,,,1.0,,,,,1.0,,,1.0,0.0,0.0,,,,0.33320000000000005,3.087906276595187,9.41460553337546
ideal_e1_lih_vqe_B2_cad8_seed163,lih_vqe,embedded_larger_active_space,ideal,e1,163,,B2,cadence_sweep,full_contract,parallel_fs,parallel_fs,,0.0,8,12,"{'G0': True, 'GA': True, 'GB': False, 'GC': False, 'GD': True, 'GE': True, 'GF': False, 'GH': False}",replay,True,True,False,False,2026-03-08T02:05:38+00:00,2026-03-08T02:05:39.154545+00:00,0.1.0,,1266.0,0.01600482940673828,0.0919,,,,,,,,1.0,,,,,1.0,,,1.0,0.0,0.0,,,,0.33320000000000005,3.087906276595187,9.41460553337546
ideal_e1_lih_vqe_B2_cad16_seed11,lih_vqe,embedded_larger_active_space,ideal,e1,11,,B2,cadence_sweep,full_contract,parallel_fs,parallel_fs,,0.0,16,12,"{'G0': True, 'GA': True, 'GB': False, 'GC': False, 'GD': True, 'GE': True, 'GF': False, 'GH': False}",replay,True,True,False,False,2026-03-20T22:37:24+00:00,2026-03-20T22:37:25.154545+00:00,0.1.0,,1266.0,0.01600482940673828,0.0919,,,,,,,,1.0,,,,,1.0,,,1.0,0.0,0.0,,,,0.7140000000000001,6.616942021275401,9.41460553337546
ideal_e1_lih_vqe_B2_cad16_seed17,lih_vqe,embedded_larger_active_space,ideal,e1,17,,B2,cadence_sweep,full_contract,parallel_fs,parallel_fs,,0.0,16,12,"{'G0': True, 'GA': True, 'GB': False, 'GC': False, 'GD': True, 'GE': True, 'GF': False, 'GH': False}",replay,True,True,False,False,2026-03-29T09:17:26+00:00,2026-03-29T09:17:27.154545+00:00,0.1.0,,1266.0,0.01600482940673828,0.0919,,,,,,,,1.0,,,,,1.0,,,1.0,0.0,0.0,,,,0.7140000000000001,6.616942021275401,9.41460553337546
ideal_e1_lih_vqe_B2_cad16_seed23,lih_vqe,embedded_larger_active_space,ideal,e1,23,,B2,cadence_sweep,full_contract,parallel_fs,parallel_fs,,0.0,16,12,"{'G0': True, 'GA': True, 'GB': False, 'GC': False, 'GD': True, 'GE': True, 'GF': False, 'GH': False}",replay,True,True,False,False,2026-03-07T15:00:44+00:00,2026-03-07T15:00:45.154545+00:00,0.1.0,,1266.0,0.01600482940673828,0.0919,,,,,,,,1.0,,,,,1.0,,,1.0,0.0,0.0,,,,0.7140000000000001,6.616942021275401,9.41460553337546
ideal_e1_lih_vqe_B2_cad16_seed31,lih_vqe,embedded_larger_active_space,ideal,e1,31,,B2,cadence_sweep,full_contract,parallel_fs,parallel_fs,,0.0,16,12,"{'G0': True, 'GA': True, 'GB': False, 'GC': False, 'GD': True, 'GE': True, 'GF': False, 'GH': False}",replay,True,True,False,False,2026-03-26T17:37:58+00:00,2026-03-26T17:37:59.154545+00:00,0.1.0,,1266.0,0.01600482940673828,0.0919,,,,,,,,1.0,,,,,1.0,,,1.0,0.0,0.0,,,,0.7140000000000001,6.616942021275401,9.41460553337546
ideal_e1_lih_vqe_B2_cad16_seed43,lih_vqe,embedded_larger_active_space,ideal,e1,43,,B2,cadence_sweep,full_contract,parallel_fs,parallel_fs,,0.0,16,12,"{'G0': True, 'GA': True, 'GB': False, 'GC': False, 'GD': True, 'GE': True, 'GF': False, 'GH': False}",replay,True,True,False,False,2026-03-12T06:22:37+00:00,2026-03-12T06:22:38.154545+00:00,0.1.0,,1266.0,0.01600482940673828,0.0919,,,,,,,,1.0,,,,,1.0,,,1.0,0.0,0.0,,,,0.7140000000000001,6.616942021275401,9.41460553337546
ideal_e1_lih_vqe_B2_cad16_seed59,lih_vqe,embedded_larger_active_space,ideal,e1,59,,B2,cadence_sweep,full_contract,parallel_fs,parallel_fs,,0.0,16,12,"{'G0': True, 'GA': True, 'GB': False, 'GC': False, 'GD': True, 'GE': True, 'GF': False, 'GH': False}",replay,True,True,False,False,2026-03-27T02:56:16+00:00,2026-03-27T02:56:17.154545+00:00,0.1.0,,1266.0,0.01600482940673828,0.0919,,,,,,,,1.0,,,,,1.0,,,1.0,0.0,0.0,,,,0.7140000000000001,6.616942021275401,9.41460553337546
ideal_e1_lih_vqe_B2_cad16_seed71,lih_vqe,embedded_larger_active_space,ideal,e1,71,,B2,cadence_sweep,full_contract,parallel_fs,parallel_fs,,0.0,16,12,"{'G0': True, 'GA': True, 'GB': False, 'GC': False, 'GD': True, 'GE': True, 'GF': False, 'GH': False}",replay,True,True,False,False,2026-03-27T00:35:43+00:00,2026-03-27T00:35:44.154545+00:00,0.1.0,,1266.0,0.01600482940673828,0.0919,,,,,,,,1.0,,,,,1.0,,,1.0,0.0,0.0,,,,0.7140000000000001,6.616942021275401,9.41460553337546
ideal_e1_lih_vqe_B2_cad16_seed83,lih_vqe,embedded_larger_active_space,ideal,e1,83,,B2,cadence_sweep,full_contract,parallel_fs,parallel_fs,,0.0,16,12,"{'G0': True, 'GA': True, 'GB': False, 'GC': False, 'GD': True, 'GE': True, 'GF': False, 'GH': False}",replay,True,True,False,False,2026-03-20T09:09:12+00:00,2026-03-20T09:09:13.154545+00:00,0.1.0,,1266.0,0.01600482940673828,0.0919,,,,,,,,1.0,,,,,1.0,,,1.0,0.0,0.0,,,,0.7140000000000001,6.616942021275401,9.41460553337546
ideal_e1_lih_vqe_B2_cad16_seed97,lih_vqe,embedded_larger_active_space,ideal,e1,97,,B2,cadence_sweep,full_contract,parallel_fs,parallel_fs,,0.0,16,12,"{'G0': True, 'GA': True, 'GB': False, 'GC': False, 'GD': True, 'GE': True, 'GF': False, 'GH': False}",replay,True,True,False,False,2026-03-28T23:34:23+00:00,2026-03-28T23:34:24.154545+00:00,0.1.0,,1266.0,0.01600482940673828,0.0919,,,,,,,,1.0,,,,,1.0,,,1.0,0.0,0.0,,,,0.7140000000000001,6.616942021275401,9.41460553337546
ideal_e1_lih_vqe_B2_cad16_seed101,lih_vqe,embedded_larger_active_space,ideal,e1,101,,B2,cadence_sweep,full_contract,parallel_fs,parallel_fs,,0.0,16,12,"{'G0': True, 'GA': True, 'GB': False, 'GC': False, 'GD': True, 'GE': True, 'GF': False, 'GH': False}",replay,True,True,False,False,2026-03-10T16:07:36+00:00,2026-03-10T16:07:37.154545+00:00,0.1.0,,1266.0,0.01600482940673828,0.0919,,,,,,,,1.0,,,,,1.0,,,1.0,0.0,0.0,,,,0.7140000000000001,6.616942021275401,9.41460553337546
ideal_e1_lih_vqe_B2_cad16_seed107,lih_vqe,embedded_larger_active_space,ideal,e1,107,,B2,cadence_sweep,full_contract,parallel_fs,parallel_fs,,0.0,16,12,"{'G0': True, 'GA': True, 'GB': False, 'GC': False, 'GD': True, 'GE': True, 'GF': False, 'GH': False}",replay,True,True,False,False,2026-03-30T04:00:36+00:00,2026-03-30T04:00:37.154545+00:00,0.1.0,,1266.0,0.01600482940673828,0.0919,,,,,,,,1.0,,,,,1.0,,,1.0,0.0,0.0,,,,0.7140000000000001,6.616942021275401,9.41460553337546
ideal_e1_lih_vqe_B2_cad16_seed113,lih_vqe,embedded_larger_active_space,ideal,e1,113,,B2,cadence_sweep,full_contract,parallel_fs,parallel_fs,,0.0,16,12,"{'G0': True, 'GA': True, 'GB': False, 'GC': False, 'GD': True, 'GE': True, 'GF': False, 'GH': False}",replay,True,True,False,False,2026-03-25T23:24:55+00:00,2026-03-25T23:24:56.154545+00:00,0.1.0,,1266.0,0.01600482940673828,0.0919,,,,,,,,1.0,,,,,1.0,,,1.0,0.0,0.0,,,,0.7140000000000001,6.616942021275401,9.41460553337546
ideal_e1_lih_vqe_B2_cad16_seed127,lih_vqe,embedded_larger_active_space,ideal,e1,127,,B2,cadence_sweep,full_contract,parallel_fs,parallel_fs,,0.0,16,12,"{'G0': True, 'GA': True, 'GB': False, 'GC': False, 'GD': True, 'GE': True, 'GF': False, 'GH': False}",replay,True,True,False,False,2026-03-02T15:48:40+00:00,2026-03-02T15:48:41.154545+00:00,0.1.0,,1266.0,0.01600482940673828,0.0919,,,,,,,,1.0,,,,,1.0,,,1.0,0.0,0.0,,,,0.7140000000000001,6.616942021275401,9.41460553337546
ideal_e1_lih_vqe_B2_cad16_seed131,lih_vqe,embedded_larger_active_space,ideal,e1,131,,B2,cadence_sweep,full_contract,parallel_fs,parallel_fs,,0.0,16,12,"{'G0': True, 'GA': True, 'GB': False, 'GC': False, 'GD': True, 'GE': True, 'GF': False, 'GH': False}",replay,True,True,False,False,2026-03-07T17:07:11+00:00,2026-03-07T17:07:12.154545+00:00,0.1.0,,1266.0,0.01600482940673828,0.0919,,,,,,,,1.0,,,,,1.0,,,1.0,0.0,0.0,,,,0.7140000000000001,6.616942021275401,9.41460553337546
ideal_e1_lih_vqe_B2_cad16_seed137,lih_vqe,embedded_larger_active_space,ideal,e1,137,,B2,cadence_sweep,full_contract,parallel_fs,parallel_fs,,0.0,16,12,"{'G0': True, 'GA': True, 'GB': False, 'GC': False, 'GD': True, 'GE': True, 'GF': False, 'GH': False}",replay,True,True,False,False,2026-03-12T06:52:26+00:00,2026-03-12T06:52:27.154545+00:00,0.1.0,,1266.0,0.01600482940673828,0.0919,,,,,,,,1.0,,,,,1.0,,,1.0,0.0,0.0,,,,0.7140000000000001,6.616942021275401,9.41460553337546
ideal_e1_lih_vqe_B2_cad16_seed149,lih_vqe,embedded_larger_active_space,ideal,e1,149,,B2,cadence_sweep,full_contract,parallel_fs,parallel_fs,,0.0,16,12,"{'G0': True, 'GA': True, 'GB': False, 'GC': False, 'GD': True, 'GE': True, 'GF': False, 'GH': False}",replay,True,True,False,False,2026-03-27T03:33:39+00:00,2026-03-27T03:33:40.154545+00:00,0.1.0,,1266.0,0.01600482940673828,0.0919,,,,,,,,1.0,,,,,1.0,,,1.0,0.0,0.0,,,,0.7140000000000001,6.616942021275401,9.41460553337546
ideal_e1_lih_vqe_B2_cad16_seed157,lih_vqe,embedded_larger_active_space,ideal,e1,157,,B2,cadence_sweep,full_contract,parallel_fs,parallel_fs,,0.0,16,12,"{'G0': True, 'GA': True, 'GB': False, 'GC': False, 'GD': True, 'GE': True, 'GF': False, 'GH': False}",replay,True,True,False,False,2026-03-03T06:03:14+00:00,2026-03-03T06:03:15.154545+00:00,0.1.0,,1266.0,0.01600482940673828,0.0919,,,,,,,,1.0,,,,,1.0,,,1.0,0.0,0.0,,,,0.7140000000000001,6.616942021275401,9.41460553337546
ideal_e1_lih_vqe_B2_cad16_seed163,lih_vqe,embedded_larger_active_space,ideal,e1,163,,B2,cadence_sweep,full_contract,parallel_fs,parallel_fs,,0.0,16,12,"{'G0': True, 'GA': True, 'GB': False, 'GC': False, 'GD': True, 'GE': True, 'GF': False, 'GH': False}",replay,True,True,False,False,2026-03-15T01:09:02+00:00,2026-03-15T01:09:03.154545+00:00,0.1.0,,1266.0,0.01600482940673828,0.0919,,,,,,,,1.0,,,,,1.0,,,1.0,0.0,0.0,,,,0.7140000000000001,6.616942021275401,9.41460553337546
ideal_e1_lih_vqe_B3_cad1_seed11,lih_vqe,embedded_larger_active_space,ideal,e1,11,,B3,cadence_sweep,full_contract,parallel_fs,parallel_fs,,0.0,1,12,"{'G0': True, 'GA': True, 'GB': False, 'GC': True, 'GD': True, 'GE': True, 'GF': True, 'GH': False}",replay,True,True,False,False,2026-03-30T08:39:43+00:00,2026-03-30T08:39:44.099457+00:00,0.1.0,,4496.0,0.01601715087890625,0.0368,,,,,,,,1.0,,,,,1.0,,,1.0,0.0,0.0,,,,0.028,0.5301308293625215,7.150513785226004
ideal_e1_lih_vqe_B3_cad1_seed17,lih_vqe,embedded_larger_active_space,ideal,e1,17,,B3,cadence_sweep,full_contract,parallel_fs,parallel_fs,,0.0,1,12,"{'G0': True, 'GA': True, 'GB': False, 'GC': True, 'GD': True, 'GE': True, 'GF': True, 'GH': False}",replay,True,True,False,False,2026-03-21T23:32:27+00:00,2026-03-21T23:32:28.099457+00:00,0.1.0,,4496.0,0.01601715087890625,0.0368,,,,,,,,1.0,,,,,1.0,,,1.0,0.0,0.0,,,,0.028,0.5301308293625215,7.150513785226004
ideal_e1_lih_vqe_B3_cad1_seed23,lih_vqe,embedded_larger_active_space,ideal,e1,23,,B3,cadence_sweep,full_contract,parallel_fs,parallel_fs,,0.0,1,12,"{'G0': True, 'GA': True, 'GB': False, 'GC': True, 'GD': True, 'GE': True, 'GF': True, 'GH': False}",replay,True,True,False,False,2026-03-10T08:32:33+00:00,2026-03-10T08:32:34.099457+00:00,0.1.0,,4496.0,0.01601715087890625,0.0368,,,,,,,,1.0,,,,,1.0,,,1.0,0.0,0.0,,,,0.028,0.5301308293625215,7.150513785226004
ideal_e1_lih_vqe_B3_cad1_seed31,lih_vqe,embedded_larger_active_space,ideal,e1,31,,B3,cadence_sweep,full_contract,parallel_fs,parallel_fs,,0.0,1,12,"{'G0': True, 'GA': True, 'GB': False, 'GC': True, 'GD': True, 'GE': True, 'GF': True, 'GH': False}",replay,True,True,False,False,2026-03-02T16:13:35+00:00,2026-03-02T16:13:36.099457+00:00,0.1.0,,4496.0,0.01601715087890625,0.0368,,,,,,,,1.0,,,,,1.0,,,1.0,0.0,0.0,,,,0.028,0.5301308293625215,7.150513785226004
ideal_e1_lih_vqe_B3_cad1_seed43,lih_vqe,embedded_larger_active_space,ideal,e1,43,,B3,cadence_sweep,full_contract,parallel_fs,parallel_fs,,0.0,1,12,"{'G0': True, 'GA': True, 'GB': False, 'GC': True, 'GD': True, 'GE': True, 'GF': True, 'GH': False}",replay,True,True,False,False,2026-03-08T17:46:43+00:00,2026-03-08T17:46:44.099457+00:00,0.1.0,,4496.0,0.01601715087890625,0.0368,,,,,,,,1.0,,,,,1.0,,,1.0,0.0,0.0,,,,0.028,0.5301308293625215,7.150513785226004
ideal_e1_lih_vqe_B3_cad1_seed59,lih_vqe,embedded_larger_active_space,ideal,e1,59,,B3,cadence_sweep,full_contract,parallel_fs,parallel_fs,,0.0,1,12,"{'G0': True, 'GA': True, 'GB': False, 'GC': True, 'GD': True, 'GE': True, 'GF': True, 'GH': False}",replay,True,True,False,False,2026-03-21T04:00:47+00:00,2026-03-21T04:00:48.099457+00:00,0.1.0,,4496.0,0.01601715087890625,0.0368,,,,,,,,1.0,,,,,1.0,,,1.0,0.0,0.0,,,,0.028,0.5301308293625215,7.150513785226004
ideal_e1_lih_vqe_B3_cad1_seed71,lih_vqe,embedded_larger_active_space,ideal,e1,71,,B3,cadence_sweep,full_contract,parallel_fs,parallel_fs,,0.0,1,12,"{'G0': True, 'GA': True, 'GB': False, 'GC': True, 'GD': True, 'GE': True, 'GF': True, 'GH': False}",replay,True,True,False,False,2026-03-10T03:53:59+00:00,2026-03-10T03:54:00.099457+00:00,0.1.0,,4496.0,0.01601715087890625,0.0368,,,,,,,,1.0,,,,,1.0,,,1.0,0.0,0.0,,,,0.028,0.5301308293625215,7.150513785226004
ideal_e1_lih_vqe_B3_cad1_seed83,lih_vqe,embedded_larger_active_space,ideal,e1,83,,B3,cadence_sweep,full_contract,parallel_fs,parallel_fs,,0.0,1,12,"{'G0': True, 'GA': True, 'GB': False, 'GC': True, 'GD': True, 'GE': True, 'GF': True, 'GH': False}",replay,True,True,False,False,2026-03-29T14:13:53+00:00,2026-03-29T14:13:54.099457+00:00,0.1.0,,4496.0,0.01601715087890625,0.0368,,,,,,,,1.0,,,,,1.0,,,1.0,0.0,0.0,,,,0.028,0.5301308293625215,7.150513785226004
ideal_e1_lih_vqe_B3_cad1_seed97,lih_vqe,embedded_larger_active_space,ideal,e1,97,,B3,cadence_sweep,full_contract,parallel_fs,parallel_fs,,0.0,1,12,"{'G0': True, 'GA': True, 'GB': False, 'GC': True, 'GD': True, 'GE': True, 'GF': True, 'GH': False}",replay,True,True,False,False,2026-03-16T14:41:32+00:00,2026-03-16T14:41:33.099457+00:00,0.1.0,,4496.0,0.01601715087890625,0.0368,,,,,,,,1.0,,,,,1.0,,,1.0,0.0,0.0,,,,0.028,0.5301308293625215,7.150513785226004
ideal_e1_lih_vqe_B3_cad1_seed101,lih_vqe,embedded_larger_active_space,ideal,e1,101,,B3,cadence_sweep,full_contract,parallel_fs,parallel_fs,,0.0,1,12,"{'G0': True, 'GA': True, 'GB': False, 'GC': True, 'GD': True, 'GE': True, 'GF': True, 'GH': False}",replay,True,True,False,False,2026-03-17T19:55:14+00:00,2026-03-17T19:55:15.099457+00:00,0.1.0,,4496.0,0.01601715087890625,0.0368,,,,,,,,1.0,,,,,1.0,,,1.0,0.0,0.0,,,,0.028,0.5301308293625215,7.150513785226004
ideal_e1_lih_vqe_B3_cad1_seed107,lih_vqe,embedded_larger_active_space,ideal,e1,107,,B3,cadence_sweep,full_contract,parallel_fs,parallel_fs,,0.0,1,12,"{'G0': True, 'GA': True, 'GB': False, 'GC': True, 'GD': True, 'GE': True, 'GF': True, 'GH': False}",replay,True,True,False,False,2026-03-25T01:24:09+00:00,2026-03-25T01:24:10.099457+00:00,0.1.0,,4496.0,0.01601715087890625,0.0368,,,,,,,,1.0,,,,,1.0,,,1.0,0.0,0.0,,,,0.028,0.5301308293625215,7.150513785226004
ideal_e1_lih_vqe_B3_cad1_seed113,lih_vqe,embedded_larger_active_space,ideal,e1,113,,B3,cadence_sweep,full_contract,parallel_fs,parallel_fs,,0.0,1,12,"{'G0': True, 'GA': True, 'GB': False, 'GC': True, 'GD': True, 'GE': True, 'GF': True, 'GH': False}",replay,True,True,False,False,2026-03-30T08:18:21+00:00,2026-03-30T08:18:22.099457+00:00,0.1.0,,4496.0,0.01601715087890625,0.0368,,,,,,,,1.0,,,,,1.0,,,1.0,0.0,0.0,,,,0.028,0.5301308293625215,7.150513785226004
ideal_e1_lih_vqe_B3_cad1_seed127,lih_vqe,embedded_larger_active_space,ideal,e1,127,,B3,cadence_sweep,full_contract,parallel_fs,parallel_fs,,0.0,1,12,"{'G0': True, 'GA': True, 'GB': False, 'GC': True, 'GD': True, 'GE': True, 'GF': True, 'GH': False}",replay,True,True,False,False,2026-03-01T06:39:33+00:00,2026-03-01T06:39:34.099457+00:00,0.1.0,,4496.0,0.01601715087890625,0.0368,,,,,,,,1.0,,,,,1.0,,,1.0,0.0,0.0,,,,0.028,0.5301308293625215,7.150513785226004
ideal_e1_lih_vqe_B3_cad1_seed131,lih_vqe,embedded_larger_active_space,ideal,e1,131,,B3,cadence_sweep,full_contract,parallel_fs,parallel_fs,,0.0,1,12,"{'G0': True, 'GA': True, 'GB': False, 'GC': True, 'GD': True, 'GE': True, 'GF': True, 'GH': False}",replay,True,True,False,False,2026-03-23T17:13:46+00:00,2026-03-23T17:13:47.099457+00:00,0.1.0,,4496.0,0.01601715087890625,0.0368,,,,,,,,1.0,,,,,1.0,,,1.0,0.0,0.0,,,,0.028,0.5301308293625215,7.150513785226004
ideal_e1_lih_vqe_B3_cad1_seed137,lih_vqe,embedded_larger_active_space,ideal,e1,137,,B3,cadence_sweep,full_contract,parallel_fs,parallel_fs,,0.0,1,12,"{'G0': True, 'GA': True, 'GB': False, 'GC': True, 'GD': True, 'GE': True, 'GF': True, 'GH': False}",replay,True,True,False,False,2026-03-11T11:57:09+00:00,2026-03-11T11:57:10.099457+00:00,0.1.0,,4496.0,0.01601715087890625,0.0368,,,,,,,,1.0,,,,,1.0,,,1.0,0.0,0.0,,,,0.028,0.5301308293625215,7.150513785226004
ideal_e1_lih_vqe_B3_cad1_seed149,lih_vqe,embedded_larger_active_space,ideal,e1,149,,B3,cadence_sweep,full_contract,parallel_fs,parallel_fs,,0.0,1,12,"{'G0': True, 'GA': True, 'GB': False, 'GC': True, 'GD': True, 'GE': True, 'GF': True, 'GH': False}",replay,True,True,False,False,2026-03-28T16:44:55+00:00,2026-03-28T16:44:56.099457+00:00,0.1.0,,4496.0,0.01601715087890625,0.0368,,,,,,,,1.0,,,,,1.0,,,1.0,0.0,0.0,,,,0.028,0.5301308293625215,7.150513785226004
ideal_e1_lih_vqe_B3_cad1_seed157,lih_vqe,embedded_larger_active_space,ideal,e1,157,,B3,cadence_sweep,full_contract,parallel_fs,parallel_fs,,0.0,1,12,"{'G0': True, 'GA': True, 'GB': False, 'GC': True, 'GD': True, 'GE': True, 'GF': True, 'GH': False}",replay,True,True,False,False,2026-03-10T05:52:24+00:00,2026-03-10T05:52:25.099457+00:00,0.1.0,,4496.0,0.01601715087890625,0.0368,,,,,,,,1.0,,,,,1.0,,,1.0,0.0,0.0,,,,0.028,0.5301308293625215,7.150513785226004
ideal_e1_lih_vqe_B3_cad1_seed163,lih_vqe,embedded_larger_active_space,ideal,e1,163,,B3,cadence_sweep,full_contract,parallel_fs,parallel_fs,,0.0,1,12,"{'G0': True, 'GA': True, 'GB': False, 'GC': True, 'GD': True, 'GE': True, 'GF': True, 'GH': False}",replay,True,True,False,False,2026-03-28T22:42:07+00:00,2026-03-28T22:42:08.099457+00:00,0.1.0,,4496.0,0.01601715087890625,0.0368,,,,,,,,1.0,,,,,1.0,,,1.0,0.0,0.0,,,,0.028,0.5301308293625215,7.150513785226004
ideal_e1_lih_vqe_B3_cad2_seed11,lih_vqe,embedded_larger_active_space,ideal,e1,11,,B3,cadence_sweep,full_contract,parallel_fs,parallel_fs,,0.0,2,12,"{'G0': True, 'GA': True, 'GB': False, 'GC': True, 'GD': True, 'GE': True, 'GF': True, 'GH': False}",replay,True,True,False,False,2026-03-05T17:27:10+00:00,2026-03-05T17:27:11.099457+00:00,0.1.0,,4496.0,0.01601715087890625,0.0368,,,,,,,,1.0,,,,,1.0,,,1.0,0.0,0.0,,,,0.112,2.120523317450086,7.150513785226004
ideal_e1_lih_vqe_B3_cad2_seed17,lih_vqe,embedded_larger_active_space,ideal,e1,17,,B3,cadence_sweep,full_contract,parallel_fs,parallel_fs,,0.0,2,12,"{'G0': True, 'GA': True, 'GB': False, 'GC': True, 'GD': True, 'GE': True, 'GF': True, 'GH': False}",replay,True,True,False,False,2026-03-25T17:52:17+00:00,2026-03-25T17:52:18.099457+00:00,0.1.0,,4496.0,0.01601715087890625,0.0368,,,,,,,,1.0,,,,,1.0,,,1.0,0.0,0.0,,,,0.112,2.120523317450086,7.150513785226004
ideal_e1_lih_vqe_B3_cad2_seed23,lih_vqe,embedded_larger_active_space,ideal,e1,23,,B3,cadence_sweep,full_contract,parallel_fs,parallel_fs,,0.0,2,12,"{'G0': True, 'GA': True, 'GB': False, 'GC': True, 'GD': True, 'GE': True, 'GF': True, 'GH': False}",replay,True,True,False,False,2026-03-01T01:00:12+00:00,2026-03-01T01:00:13.099457+00:00,0.1.0,,4496.0,0.01601715087890625,0.0368,,,,,,,,1.0,,,,,1.0,,,1.0,0.0,0.0,,,,0.112,2.120523317450086,7.150513785226004
ideal_e1_lih_vqe_B3_cad2_seed31,lih_vqe,embedded_larger_active_space,ideal,e1,31,,B3,cadence_sweep,full_contract,parallel_fs,parallel_fs,,0.0,2,12,"{'G0': True, 'GA': True, 'GB': False, 'GC': True, 'GD': True, 'GE': True, 'GF': True, 'GH': False}",replay,True,True,False,False,2026-03-22T02:08:21+00:00,2026-03-22T02:08:22.099457+00:00,0.1.0,,4496.0,0.01601715087890625,0.0368,,,,,,,,1.0,,,,,1.0,,,1.0,0.0,0.0,,,,0.112,2.120523317450086,7.150513785226004
ideal_e1_lih_vqe_B3_cad2_seed43,lih_vqe,embedded_larger_active_space,ideal,e1,43,,B3,cadence_sweep,full_contract,parallel_fs,parallel_fs,,0.0,2,12,"{'G0': True, 'GA': True, 'GB': False, 'GC': True, 'GD': True, 'GE': True, 'GF': True, 'GH': False}",replay,True,True,False,False,2026-03-17T23:06:45+00:00,2026-03-17T23:06:46.099457+00:00,0.1.0,,4496.0,0.01601715087890625,0.0368,,,,,,,,1.0,,,,,1.0,,,1.0,0.0,0.0,,,,0.112,2.120523317450086,7.150513785226004
ideal_e1_lih_vqe_B3_cad2_seed59,lih_vqe,embedded_larger_active_space,ideal,e1,59,,B3,cadence_sweep,full_contract,parallel_fs,parallel_fs,,0.0,2,12,"{'G0': True, 'GA': True, 'GB': False, 'GC': True, 'GD': True, 'GE': True, 'GF': True, 'GH': False}",replay,True,True,False,False,2026-03-15T01:24:05+00:00,2026-03-15T01:24:06.099457+00:00,0.1.0,,4496.0,0.01601715087890625,0.0368,,,,,,,,1.0,,,,,1.0,,,1.0,0.0,0.0,,,,0.112,2.120523317450086,7.150513785226004
ideal_e1_lih_vqe_B3_cad2_seed71,lih_vqe,embedded_larger_active_space,ideal,e1,71,,B3,cadence_sweep,full_contract,parallel_fs,parallel_fs,,0.0,2,12,"{'G0': True, 'GA': True, 'GB': False, 'GC': True, 'GD': True, 'GE': True, 'GF': True, 'GH': False}",replay,True,True,False,False,2026-03-29T10:02:40+00:00,2026-03-29T10:02:41.099457+00:00,0.1.0,,4496.0,0.01601715087890625,0.0368,,,,,,,,1.0,,,,,1.0,,,1.0,0.0,0.0,,,,0.112,2.120523317450086,7.150513785226004
ideal_e1_lih_vqe_B3_cad2_seed83,lih_vqe,embedded_larger_active_space,ideal,e1,83,,B3,cadence_sweep,full_contract,parallel_fs,parallel_fs,,0.0,2,12,"{'G0': True, 'GA': True, 'GB': False, 'GC': True, 'GD': True, 'GE': True, 'GF': True, 'GH': False}",replay,True,True,False,False,2026-03-05T18:09:42+00:00,2026-03-05T18:09:43.099457+00:00,0.1.0,,4496.0,0.01601715087890625,0.0368,,,,,,,,1.0,,,,,1.0,,,1.0,0.0,0.0,,,,0.112,2.120523317450086,7.150513785226004
ideal_e1_lih_vqe_B3_cad2_seed97,lih_vqe,embedded_larger_active_space,ideal,e1,97,,B3,cadence_sweep,full_contract,parallel_fs,parallel_fs,,0.0,2,12,"{'G0': True, 'GA': True, 'GB': False, 'GC': True, 'GD': True, 'GE': True, 'GF': True, 'GH': False}",replay,True,True,False,False,2026-03-08T01:04:20+00:00,2026-03-08T01:04:21.099457+00:00,0.1.0,,4496.0,0.01601715087890625,0.0368,,,,,,,,1.0,,,,,1.0,,,1.0,0.0,0.0,,,,0.112,2.120523317450086,7.150513785226004
ideal_e1_lih_vqe_B3_cad2_seed101,lih_vqe,embedded_larger_active_space,ideal,e1,101,,B3,cadence_sweep,full_contract,parallel_fs,parallel_fs,,0.0,2,12,"{'G0': True, 'GA': True, 'GB': False, 'GC': True, 'GD': True, 'GE': True, 'GF': True, 'GH': False}",replay,True,True,False,False,2026-03-07T20:20:57+00:00,2026-03-07T20:20:58.099457+00:00,0.1.0,,4496.0,0.01601715087890625,0.0368,,,,,,,,1.0,,,,,1.0,,,1.0,0.0,0.0,,,,0.112,2.120523317450086,7.150513785226004
ideal_e1_lih_vqe_B3_cad2_seed107,lih_vqe,embedded_larger_active_space,ideal,e1,107,,B3,cadence_sweep,full_contract,parallel_fs,parallel_fs,,0.0,2,12,"{'G0': True, 'GA': True, 'GB': False, 'GC': True, 'GD': True, 'GE': True, 'GF': True, 'GH': False}",replay,True,True,False,False,2026-03-12T02:17:39+00:00,2026-03-12T02:17:40.099457+00:00,0.1.0,,4496.0,0.01601715087890625,0.0368,,,,,,,,1.0,,,,,1.0,,,1.0,0.0,0.0,,,,0.112,2.120523317450086,7.150513785226004
ideal_e1_lih_vqe_B3_cad2_seed113,lih_vqe,embedded_larger_active_space,ideal,e1,113,,B3,cadence_sweep,full_contract,parallel_fs,parallel_fs,,0.0,2,12,"{'G0': True, 'GA': True, 'GB': False, 'GC': True, 'GD': True, 'GE': True, 'GF': True, 'GH': False}",replay,True,True,False,False,2026-03-13T18:18:09+00:00,2026-03-13T18:18:10.099457+00:00,0.1.0,,4496.0,0.01601715087890625,0.0368,,,,,,,,1.0,,,,,1.0,,,1.0,0.0,0.0,,,,0.112,2.120523317450086,7.150513785226004
ideal_e1_lih_vqe_B3_cad2_seed127,lih_vqe,embedded_larger_active_space,ideal,e1,127,,B3,cadence_sweep,full_contract,parallel_fs,parallel_fs,,0.0,2,12,"{'G0': True, 'GA': True, 'GB': False, 'GC': True, 'GD': True, 'GE': True, 'GF': True, 'GH': False}",replay,True,True,False,False,2026-03-30T05:46:24+00:00,2026-03-30T05:46:25.099457+00:00,0.1.0,,4496.0,0.01601715087890625,0.0368,,,,,,,,1.0,,,,,1.0,,,1.0,0.0,0.0,,,,0.112,2.120523317450086,7.150513785226004
ideal_e1_lih_vqe_B3_cad2_seed131,lih_vqe,embedded_larger_active_space,ideal,e1,131,,B3,cadence_sweep,full_contract,parallel_fs,parallel_fs,,0.0,2,12,"{'G0': True, 'GA': True, 'GB': False, 'GC': True, 'GD': True, 'GE': True, 'GF': True, 'GH': False}",replay,True,True,False,False,2026-03-11T06:56:51+00:00,2026-03-11T06:56:52.099457+00:00,0.1.0,,4496.0,0.01601715087890625,0.0368,,,,,,,,1.0,,,,,1.0,,,1.0,0.0,0.0,,,,0.112,2.120523317450086,7.150513785226004
ideal_e1_lih_vqe_B3_cad2_seed137,lih_vqe,embedded_larger_active_space,ideal,e1,137,,B3,cadence_sweep,full_contract,parallel_fs,parallel_fs,,0.0,2,12,"{'G0': True, 'GA': True, 'GB': False, 'GC': True, 'GD': True, 'GE': True, 'GF': True, 'GH': False}",replay,True,True,False,False,2026-03-20T06:43:18+00:00,2026-03-20T06:43:19.099457+00:00,0.1.0,,4496.0,0.01601715087890625,0.0368,,,,,,,,1.0,,,,,1.0,,,1.0,0.0,0.0,,,,0.112,2.120523317450086,7.150513785226004
ideal_e1_lih_vqe_B3_cad2_seed149,lih_vqe,embedded_larger_active_space,ideal,e1,149,,B3,cadence_sweep,full_contract,parallel_fs,parallel_fs,,0.0,2,12,"{'G0': True, 'GA': True, 'GB': False, 'GC': True, 'GD': True, 'GE': True, 'GF': True, 'GH': False}",replay,True,True,False,False,2026-03-13T20:21:42+00:00,2026-03-13T20:21:43.099457+00:00,0.1.0,,4496.0,0.01601715087890625,0.0368,,,,,,,,1.0,,,,,1.0,,,1.0,0.0,0.0,,,,0.112,2.120523317450086,7.150513785226004
ideal_e1_lih_vqe_B3_cad2_seed157,lih_vqe,embedded_larger_active_space,ideal,e1,157,,B3,cadence_sweep,full_contract,parallel_fs,parallel_fs,,0.0,2,12,"{'G0': True, 'GA': True, 'GB': False, 'GC': True, 'GD': True, 'GE': True, 'GF': True, 'GH': False}",replay,True,True,False,False,2026-03-11T04:51:10+00:00,2026-03-11T04:51:11.099457+00:00,0.1.0,,4496.0,0.01601715087890625,0.0368,,,,,,,,1.0,,,,,1.0,,,1.0,0.0,0.0,,,,0.112,2.120523317450086,7.150513785226004
ideal_e1_lih_vqe_B3_cad2_seed163,lih_vqe,embedded_larger_active_space,ideal,e1,163,,B3,cadence_sweep,full_contract,parallel_fs,parallel_fs,,0.0,2,12,"{'G0': True, 'GA': True, 'GB': False, 'GC': True, 'GD': True, 'GE': True, 'GF': True, 'GH': False}",replay,True,True,False,False,2026-03-01T00:26:08+00:00,2026-03-01T00:26:09.099457+00:00,0.1.0,,4496.0,0.01601715087890625,0.0368,,,,,,,,1.0,,,,,1.0,,,1.0,0.0,0.0,,,,0.112,2.120523317450086,7.150513785226004
ideal_e1_lih_vqe_B3_cad4_seed11,lih_vqe,embedded_larger_active_space,ideal,e1,11,,B3,cadence_sweep,full_contract,parallel_fs,parallel_fs,,0.0,4,12,"{'G0': True, 'GA': True, 'GB': False, 'GC': True, 'GD': True, 'GE': True, 'GF': True, 'GH': False}",replay,True,True,False,False,2026-03-09T06:36:30+00:00,2026-03-09T06:36:31.099457+00:00,0.1.0,,4496.0,0.01601715087890625,0.0368,,,,,,,,1.0,,,,,1.0,,,1.0,0.0,0.0,,,,0.336,6.3615699523502585,7.150513785226004
ideal_e1_lih_vqe_B3_cad4_seed17,lih_vqe,embedded_larger_active_space,ideal,e1,17,,B3,cadence_sweep,full_contract,parallel_fs,parallel_fs,,0.0,4,12,"{'G0': True, 'GA': True, 'GB': False, 'GC': True, 'GD': True, 'GE': True, 'GF': True, 'GH': False}",replay,True,True,False,False,2026-03-25T09:40:13+00:00,2026-03-25T09:40:14.099457+00:00,0.1.0,,4496.0,0.01601715087890625,0.0368,,,,,,,,1.0,,,,,1.0,,,1.0,0.0,0.0,,,,0.336,6.3615699523502585,7.150513785226004
ideal_e1_lih_vqe_B3_cad4_seed23,lih_vqe,embedded_larger_active_space,ideal,e1,23,,B3,cadence_sweep,full_contract,parallel_fs,parallel_fs,,0.0,4,12,"{'G0': True, 'GA': True, 'GB': False, 'GC': True, 'GD': True, 'GE': True, 'GF': True, 'GH': False}",replay,True,True,False,False,2026-03-20T00:57:14+00:00,2026-03-20T00:57:15.099457+00:00,0.1.0,,4496.0,0.01601715087890625,0.0368,,,,,,,,1.0,,,,,1.0,,,1.0,0.0,0.0,,,,0.336,6.3615699523502585,7.150513785226004
ideal_e1_lih_vqe_B3_cad4_seed31,lih_vqe,embedded_larger_active_space,ideal,e1,31,,B3,cadence_sweep,full_contract,parallel_fs,parallel_fs,,0.0,4,12,"{'G0': True, 'GA': True, 'GB': False, 'GC': True, 'GD': True, 'GE': True, 'GF': True, 'GH': False}",replay,True,True,False,False,2026-03-17T10:36:11+00:00,2026-03-17T10:36:12.099457+00:00,0.1.0,,4496.0,0.01601715087890625,0.0368,,,,,,,,1.0,,,,,1.0,,,1.0,0.0,0.0,,,,0.336,6.3615699523502585,7.150513785226004
ideal_e1_lih_vqe_B3_cad4_seed43,lih_vqe,embedded_larger_active_space,ideal,e1,43,,B3,cadence_sweep,full_contract,parallel_fs,parallel_fs,,0.0,4,12,"{'G0': True, 'GA': True, 'GB': False, 'GC': True, 'GD': True, 'GE': True, 'GF': True, 'GH': False}",replay,True,True,False,False,2026-03-02T01:50:48+00:00,2026-03-02T01:50:49.099457+00:00,0.1.0,,4496.0,0.01601715087890625,0.0368,,,,,,,,1.0,,,,,1.0,,,1.0,0.0,0.0,,,,0.336,6.3615699523502585,7.150513785226004
ideal_e1_lih_vqe_B3_cad4_seed59,lih_vqe,embedded_larger_active_space,ideal,e1,59,,B3,cadence_sweep,full_contract,parallel_fs,parallel_fs,,0.0,4,12,"{'G0': True, 'GA': True, 'GB': False, 'GC': True, 'GD': True, 'GE': True, 'GF': True, 'GH': False}",replay,True,True,False,False,2026-03-10T08:03:05+00:00,2026-03-10T08:03:06.099457+00:00,0.1.0,,4496.0,0.01601715087890625,0.0368,,,,,,,,1.0,,,,,1.0,,,1.0,0.0,0.0,,,,0.336,6.3615699523502585,7.150513785226004
ideal_e1_lih_vqe_B3_cad4_seed71,lih_vqe,embedded_larger_active_space,ideal,e1,71,,B3,cadence_sweep,full_contract,parallel_fs,parallel_fs,,0.0,4,12,"{'G0': True, 'GA': True, 'GB': False, 'GC': True, 'GD': True, 'GE': True, 'GF': True, 'GH': False}",replay,True,True,False,False,2026-03-18T08:48:30+00:00,2026-03-18T08:48:31.099457+00:00,0.1.0,,4496.0,0.01601715087890625,0.0368,,,,,,,,1.0,,,,,1.0,,,1.0,0.0,0.0,,,,0.336,6.3615699523502585,7.150513785226004
ideal_e1_lih_vqe_B3_cad4_seed83,lih_vqe,embedded_larger_active_space,ideal,e1,83,,B3,cadence_sweep,full_contract,parallel_fs,parallel_fs,,0.0,4,12,"{'G0': True, 'GA': True, 'GB': False, 'GC': True, 'GD': True, 'GE': True, 'GF': True, 'GH': False}",replay,True,True,False,False,2026-03-22T18:45:00+00:00,2026-03-22T18:45:01.099457+00:00,0.1.0,,4496.0,0.01601715087890625,0.0368,,,,,,,,1.0,,,,,1.0,,,1.0,0.0,0.0,,,,0.336,6.3615699523502585,7.150513785226004
ideal_e1_lih_vqe_B3_cad4_seed97,lih_vqe,embedded_larger_active_space,ideal,e1,97,,B3,cadence_sweep,full_contract,parallel_fs,parallel_fs,,0.0,4,12,"{'G0': True, 'GA': True, 'GB': False, 'GC': True, 'GD': True, 'GE': True, 'GF': True, 'GH': False}",replay,True,True,False,False,2026-03-23T07:58:17+00:00,2026-03-23T07:58:18.099457+00:00,0.1.0,,4496.0,0.01601715087890625,0.0368,,,,,,,,1.0,,,,,1.0,,,1.0,0.0,0.0,,,,0.336,6.3615699523502585,7.150513785226004
ideal_e1_lih_vqe_B3_cad4_seed101,lih_vqe,embedded_larger_active_space,ideal,e1,101,,B3,cadence_sweep,full_contract,parallel_fs,parallel_fs,,0.0,4,12,"{'G0': True, 'GA': True, 'GB': False, 'GC': True, 'GD': True, 'GE': True, 'GF': True, 'GH': False}",replay,True,True,False,False,2026-03-18T15:24:00+00:00,2026-03-18T15:24:01.099457+00:00,0.1.0,,4496.0,0.01601715087890625,0.0368,,,,,,,,1.0,,,,,1.0,,,1.0,0.0,0.0,,,,0.336,6.3615699523502585,7.150513785226004
ideal_e1_lih_vqe_B3_cad4_seed107,lih_vqe,embedded_larger_active_space,ideal,e1,107,,B3,cadence_sweep,full_contract,parallel_fs,parallel_fs,,0.0,4,12,"{'G0': True, 'GA': True, 'GB': False, 'GC': True, 'GD': True, 'GE': True, 'GF': True, 'GH': False}",replay,True,True,False,False,2026-03-10T18:20:41+00:00,2026-03-10T18:20:42.099457+00:00,0.1.0,,4496.0,0.01601715087890625,0.0368,,,,,,,,1.0,,,,,1.0,,,1.0,0.0,0.0,,,,0.336,6.3615699523502585,7.150513785226004
ideal_e1_lih_vqe_B3_cad4_seed113,lih_vqe,embedded_larger_active_space,ideal,e1,113,,B3,cadence_sweep,full_contract,parallel_fs,parallel_fs,,0.0,4,12,"{'G0': True, 'GA': True, 'GB': False, 'GC': True, 'GD': True, 'GE': True, 'GF': True, 'GH': False}",replay,True,True,False,False,2026-03-06T18:37:34+00:00,2026-03-06T18:37:35.099457+00:00,0.1.0,,4496.0,0.01601715087890625,0.0368,,,,,,,,1.0,,,,,1.0,,,1.0,0.0,0.0,,,,0.336,6.3615699523502585,7.150513785226004
ideal_e1_lih_vqe_B3_cad4_seed127,lih_vqe,embedded_larger_active_space,ideal,e1,127,,B3,cadence_sweep,full_contract,parallel_fs,parallel_fs,,0.0,4,12,"{'G0': True, 'GA': True, 'GB': False, 'GC': True, 'GD': True, 'GE': True, 'GF': True, 'GH': False}",replay,True,True,False,False,2026-03-25T09:52:12+00:00,2026-03-25T09:52:13.099457+00:00,0.1.0,,4496.0,0.01601715087890625,0.0368,,,,,,,,1.0,,,,,1.0,,,1.0,0.0,0.0,,,,0.336,6.3615699523502585,7.150513785226004
ideal_e1_lih_vqe_B3_cad4_seed131,lih_vqe,embedded_larger_active_space,ideal,e1,131,,B3,cadence_sweep,full_contract,parallel_fs,parallel_fs,,0.0,4,12,"{'G0': True, 'GA': True, 'GB': False, 'GC': True, 'GD': True, 'GE': True, 'GF': True, 'GH': False}",replay,True,True,False,False,2026-03-09T11:11:19+00:00,2026-03-09T11:11:20.099457+00:00,0.1.0,,4496.0,0.01601715087890625,0.0368,,,,,,,,1.0,,,,,1.0,,,1.0,0.0,0.0,,,,0.336,6.3615699523502585,7.150513785226004
ideal_e1_lih_vqe_B3_cad4_seed137,lih_vqe,embedded_larger_active_space,ideal,e1,137,,B3,cadence_sweep,full_contract,parallel_fs,parallel_fs,,0.0,4,12,"{'G0': True, 'GA': True, 'GB': False, 'GC': True, 'GD': True, 'GE': True, 'GF': True, 'GH': False}",replay,True,True,False,False,2026-03-05T06:44:48+00:00,2026-03-05T06:44:49.099457+00:00,0.1.0,,4496.0,0.01601715087890625,0.0368,,,,,,,,1.0,,,,,1.0,,,1.0,0.0,0.0,,,,0.336,6.3615699523502585,7.150513785226004
ideal_e1_lih_vqe_B3_cad4_seed149,lih_vqe,embedded_larger_active_space,ideal,e1,149,,B3,cadence_sweep,full_contract,parallel_fs,parallel_fs,,0.0,4,12,"{'G0': True, 'GA': True, 'GB': False, 'GC': True, 'GD': True, 'GE': True, 'GF': True, 'GH': False}",replay,True,True,False,False,2026-03-28T14:33:59+00:00,2026-03-28T14:34:00.099457+00:00,0.1.0,,4496.0,0.01601715087890625,0.0368,,,,,,,,1.0,,,,,1.0,,,1.0,0.0,0.0,,,,0.336,6.3615699523502585,7.150513785226004
ideal_e1_lih_vqe_B3_cad4_seed157,lih_vqe,embedded_larger_active_space,ideal,e1,157,,B3,cadence_sweep,full_contract,parallel_fs,parallel_fs,,0.0,4,12,"{'G0': True, 'GA': True, 'GB': False, 'GC': True, 'GD': True, 'GE': True, 'GF': True, 'GH': False}",replay,True,True,False,False,2026-03-25T18:58:17+00:00,2026-03-25T18:58:18.099457+00:00,0.1.0,,4496.0,0.01601715087890625,0.0368,,,,,,,,1.0,,,,,1.0,,,1.0,0.0,0.0,,,,0.336,6.3615699523502585,7.150513785226004
ideal_e1_lih_vqe_B3_cad4_seed163,lih_vqe,embedded_larger_active_space,ideal,e1,163,,B3,cadence_sweep,full_contract,parallel_fs,parallel_fs,,0.0,4,12,"{'G0': True, 'GA': True, 'GB': False, 'GC': True, 'GD': True, 'GE': True, 'GF': True, 'GH': False}",replay,True,True,False,False,2026-03-01T11:44:21+00:00,2026-03-01T11:44:22.099457+00:00,0.1.0,,4496.0,0.01601715087890625,0.0368,,,,,,,,1.0,,,,,1.0,,,1.0,0.0,0.0,,,,0.336,6.3615699523502585,7.150513785226004
ideal_e1_lih_vqe_B3_cad8_seed11,lih_vqe,embedded_larger_active_space,ideal,e1,11,,B3,cadence_sweep,full_contract,parallel_fs,parallel_fs,,0.0,8,12,"{'G0': True, 'GA': True, 'GB': False, 'GC': True, 'GD': True, 'GE': True, 'GF': True, 'GH': False}",replay,True,True,False,False,2026-03-30T23:31:07+00:00,2026-03-30T23:31:08.099457+00:00,0.1.0,,4496.0,0.01601715087890625,0.0368,,,,,,,,1.0,,,,,1.0,,,1.0,0.0,0.0,,,,0.784,14.843663222150603,7.150513785226004
ideal_e1_lih_vqe_B3_cad8_seed17,lih_vqe,embedded_larger_active_space,ideal,e1,17,,B3,cadence_sweep,full_contract,parallel_fs,parallel_fs,,0.0,8,12,"{'G0': True, 'GA': True, 'GB': False, 'GC': True, 'GD': True, 'GE': True, 'GF': True, 'GH': False}",replay,True,True,False,False,2026-03-27T10:13:14+00:00,2026-03-27T10:13:15.099457+00:00,0.1.0,,4496.0,0.01601715087890625,0.0368,,,,,,,,1.0,,,,,1.0,,,1.0,0.0,0.0,,,,0.784,14.843663222150603,7.150513785226004
ideal_e1_lih_vqe_B3_cad8_seed23,lih_vqe,embedded_larger_active_space,ideal,e1,23,,B3,cadence_sweep,full_contract,parallel_fs,parallel_fs,,0.0,8,12,"{'G0': True, 'GA': True, 'GB': False, 'GC': True, 'GD': True, 'GE': True, 'GF': True, 'GH': False}",replay,True,True,False,False,2026-03-10T09:48:31+00:00,2026-03-10T09:48:32.099457+00:00,0.1.0,,4496.0,0.01601715087890625,0.0368,,,,,,,,1.0,,,,,1.0,,,1.0,0.0,0.0,,,,0.784,14.843663222150603,7.150513785226004
ideal_e1_lih_vqe_B3_cad8_seed31,lih_vqe,embedded_larger_active_space,ideal,e1,31,,B3,cadence_sweep,full_contract,parallel_fs,parallel_fs,,0.0,8,12,"{'G0': True, 'GA': True, 'GB': False, 'GC': True, 'GD': True, 'GE': True, 'GF': True, 'GH': False}",replay,True,True,False,False,2026-03-24T23:52:51+00:00,2026-03-24T23:52:52.099457+00:00,0.1.0,,4496.0,0.01601715087890625,0.0368,,,,,,,,1.0,,,,,1.0,,,1.0,0.0,0.0,,,,0.784,14.843663222150603,7.150513785226004
ideal_e1_lih_vqe_B3_cad8_seed43,lih_vqe,embedded_larger_active_space,ideal,e1,43,,B3,cadence_sweep,full_contract,parallel_fs,parallel_fs,,0.0,8,12,"{'G0': True, 'GA': True, 'GB': False, 'GC': True, 'GD': True, 'GE': True, 'GF': True, 'GH': False}",replay,True,True,False,False,2026-03-10T08:45:57+00:00,2026-03-10T08:45:58.099457+00:00,0.1.0,,4496.0,0.01601715087890625,0.0368,,,,,,,,1.0,,,,,1.0,,,1.0,0.0,0.0,,,,0.784,14.843663222150603,7.150513785226004
ideal_e1_lih_vqe_B3_cad8_seed59,lih_vqe,embedded_larger_active_space,ideal,e1,59,,B3,cadence_sweep,full_contract,parallel_fs,parallel_fs,,0.0,8,12,"{'G0': True, 'GA': True, 'GB': False, 'GC': True, 'GD': True, 'GE': True, 'GF': True, 'GH': False}",replay,True,True,False,False,2026-03-09T06:14:02+00:00,2026-03-09T06:14:03.099457+00:00,0.1.0,,4496.0,0.01601715087890625,0.0368,,,,,,,,1.0,,,,,1.0,,,1.0,0.0,0.0,,,,0.784,14.843663222150603,7.150513785226004
ideal_e1_lih_vqe_B3_cad8_seed71,lih_vqe,embedded_larger_active_space,ideal,e1,71,,B3,cadence_sweep,full_contract,parallel_fs,parallel_fs,,0.0,8,12,"{'G0': True, 'GA': True, 'GB': False, 'GC': True, 'GD': True, 'GE': True, 'GF': True, 'GH': False}",replay,True,True,False,False,2026-03-09T18:12:49+00:00,2026-03-09T18:12:50.099457+00:00,0.1.0,,4496.0,0.01601715087890625,0.0368,,,,,,,,1.0,,,,,1.0,,,1.0,0.0,0.0,,,,0.784,14.843663222150603,7.150513785226004
ideal_e1_lih_vqe_B3_cad8_seed83,lih_vqe,embedded_larger_active_space,ideal,e1,83,,B3,cadence_sweep,full_contract,parallel_fs,parallel_fs,,0.0,8,12,"{'G0': True, 'GA': True, 'GB': False, 'GC': True, 'GD': True, 'GE': True, 'GF': True, 'GH': False}",replay,True,True,False,False,2026-03-27T11:44:44+00:00,2026-03-27T11:44:45.099457+00:00,0.1.0,,4496.0,0.01601715087890625,0.0368,,,,,,,,1.0,,,,,1.0,,,1.0,0.0,0.0,,,,0.784,14.843663222150603,7.150513785226004
ideal_e1_lih_vqe_B3_cad8_seed97,lih_vqe,embedded_larger_active_space,ideal,e1,97,,B3,cadence_sweep,full_contract,parallel_fs,parallel_fs,,0.0,8,12,"{'G0': True, 'GA': True, 'GB': False, 'GC': True, 'GD': True, 'GE': True, 'GF': True, 'GH': False}",replay,True,True,False,False,2026-03-26T03:50:04+00:00,2026-03-26T03:50:05.099457+00:00,0.1.0,,4496.0,0.01601715087890625,0.0368,,,,,,,,1.0,,,,,1.0,,,1.0,0.0,0.0,,,,0.784,14.843663222150603,7.150513785226004
ideal_e1_lih_vqe_B3_cad8_seed101,lih_vqe,embedded_larger_active_space,ideal,e1,101,,B3,cadence_sweep,full_contract,parallel_fs,parallel_fs,,0.0,8,12,"{'G0': True, 'GA': True, 'GB': False, 'GC': True, 'GD': True, 'GE': True, 'GF': True, 'GH': False}",replay,True,True,False,False,2026-03-04T07:25:03+00:00,2026-03-04T07:25:04.099457+00:00,0.1.0,,4496.0,0.01601715087890625,0.0368,,,,,,,,1.0,,,,,1.0,,,1.0,0.0,0.0,,,,0.784,14.843663222150603,7.150513785226004
ideal_e1_lih_vqe_B3_cad8_seed107,lih_vqe,embedded_larger_active_space,ideal,e1,107,,B3,cadence_sweep,full_contract,parallel_fs,parallel_fs,,0.0,8,12,"{'G0': True, 'GA': True, 'GB': False, 'GC': True, 'GD': True, 'GE': True, 'GF': True, 'GH': False}",replay,True,True,False,False,2026-03-03T16:15:00+00:00,2026-03-03T16:15:01.099457+00:00,0.1.0,,4496.0,0.01601715087890625,0.0368,,,,,,,,1.0,,,,,1.0,,,1.0,0.0,0.0,,,,0.784,14.843663222150603,7.150513785226004
ideal_e1_lih_vqe_B3_cad8_seed113,lih_vqe,embedded_larger_active_space,ideal,e1,113,,B3,cadence_sweep,full_contract,parallel_fs,parallel_fs,,0.0,8,12,"{'G0': True, 'GA': True, 'GB': False, 'GC': True, 'GD': True, 'GE': True, 'GF': True, 'GH': False}",replay,True,True,False,False,2026-03-29T22:33:09+00:00,2026-03-29T22:33:10.099457+00:00,0.1.0,,4496.0,0.01601715087890625,0.0368,,,,,,,,1.0,,,,,1.0,,,1.0,0.0,0.0,,,,0.784,14.843663222150603,7.150513785226004
ideal_e1_lih_vqe_B3_cad8_seed127,lih_vqe,embedded_larger_active_space,ideal,e1,127,,B3,cadence_sweep,full_contract,parallel_fs,parallel_fs,,0.0,8,12,"{'G0': True, 'GA': True, 'GB': False, 'GC': True, 'GD': True, 'GE': True, 'GF': True, 'GH': False}",replay,True,True,False,False,2026-03-03T11:35:55+00:00,2026-03-03T11:35:56.099457+00:00,0.1.0,,4496.0,0.01601715087890625,0.0368,,,,,,,,1.0,,,,,1.0,,,1.0,0.0,0.0,,,,0.784,14.843663222150603,7.150513785226004
ideal_e1_lih_vqe_B3_cad8_seed131,lih_vqe,embedded_larger_active_space,ideal,e1,131,,B3,cadence_sweep,full_contract,parallel_fs,parallel_fs,,0.0,8,12,"{'G0': True, 'GA': True, 'GB': False, 'GC': True, 'GD': True, 'GE': True, 'GF': True, 'GH': False}",replay,True,True,False,False,2026-03-25T06:40:18+00:00,2026-03-25T06:40:19.099457+00:00,0.1.0,,4496.0,0.01601715087890625,0.0368,,,,,,,,1.0,,,,,1.0,,,1.0,0.0,0.0,,,,0.784,14.843663222150603,7.150513785226004
ideal_e1_lih_vqe_B3_cad8_seed137,lih_vqe,embedded_larger_active_space,ideal,e1,137,,B3,cadence_sweep,full_contract,parallel_fs,parallel_fs,,0.0,8,12,"{'G0': True, 'GA': True, 'GB': False, 'GC': True, 'GD': True, 'GE': True, 'GF': True, 'GH': False}",replay,True,True,False,False,2026-03-20T10:13:59+00:00,2026-03-20T10:14:00.099457+00:00,0.1.0,,4496.0,0.01601715087890625,0.0368,,,,,,,,1.0,,,,,1.0,,,1.0,0.0,0.0,,,,0.784,14.843663222150603,7.150513785226004
ideal_e1_lih_vqe_B3_cad8_seed149,lih_vqe,embedded_larger_active_space,ideal,e1,149,,B3,cadence_sweep,full_contract,parallel_fs,parallel_fs,,0.0,8,12,"{'G0': True, 'GA': True, 'GB': False, 'GC': True, 'GD': True, 'GE': True, 'GF': True, 'GH': False}",replay,True,True,False,False,2026-03-17T13:06:42+00:00,2026-03-17T13:06:43.099457+00:00,0.1.0,,4496.0,0.01601715087890625,0.0368,,,,,,,,1.0,,,,,1.0,,,1.0,0.0,0.0,,,,0.784,14.843663222150603,7.150513785226004
ideal_e1_lih_vqe_B3_cad8_seed157,lih_vqe,embedded_larger_active_space,ideal,e1,157,,B3,cadence_sweep,full_contract,parallel_fs,parallel_fs,,0.0,8,12,"{'G0': True, 'GA': True, 'GB': False, 'GC': True, 'GD': True, 'GE': True, 'GF': True, 'GH': False}",replay,True,True,False,False,2026-03-24T01:29:39+00:00,2026-03-24T01:29:40.099457+00:00,0.1.0,,4496.0,0.01601715087890625,0.0368,,,,,,,,1.0,,,,,1.0,,,1.0,0.0,0.0,,,,0.784,14.843663222150603,7.150513785226004
ideal_e1_lih_vqe_B3_cad8_seed163,lih_vqe,embedded_larger_active_space,ideal,e1,163,,B3,cadence_sweep,full_contract,parallel_fs,parallel_fs,,0.0,8,12,"{'G0': True, 'GA': True, 'GB': False, 'GC': True, 'GD': True, 'GE': True, 'GF': True, 'GH': False}",replay,True,True,False,False,2026-03-24T15:35:35+00:00,2026-03-24T15:35:36.099457+00:00,0.1.0,,4496.0,0.01601715087890625,0.0368,,,,,,,,1.0,,,,,1.0,,,1.0,0.0,0.0,,,,0.784,14.843663222150603,7.150513785226004
ideal_e1_lih_vqe_B3_cad16_seed11,lih_vqe,embedded_larger_active_space,ideal,e1,11,,B3,cadence_sweep,full_contract,parallel_fs,parallel_fs,,0.0,16,12,"{'G0': True, 'GA': True, 'GB': False, 'GC': True, 'GD': True, 'GE': True, 'GF': True, 'GH': False}",replay,True,True,False,False,2026-03-09T03:58:17+00:00,2026-03-09T03:58:18.099457+00:00,0.1.0,,4496.0,0.01601715087890625,0.0368,,,,,,,,1.0,,,,,1.0,,,1.0,0.0,0.0,,,,1.68,31.80784976175129,7.150513785226004
ideal_e1_lih_vqe_B3_cad16_seed17,lih_vqe,embedded_larger_active_space,ideal,e1,17,,B3,cadence_sweep,full_contract,parallel_fs,parallel_fs,,0.0,16,12,"{'G0': True, 'GA': True, 'GB': False, 'GC': True, 'GD': True, 'GE': True, 'GF': True, 'GH': False}",replay,True,True,False,False,2026-03-16T03:46:52+00:00,2026-03-16T03:46:53.099457+00:00,0.1.0,,4496.0,0.01601715087890625,0.0368,,,,,,,,1.0,,,,,1.0,,,1.0,0.0,0.0,,,,1.68,31.80784976175129,7.150513785226004
ideal_e1_lih_vqe_B3_cad16_seed23,lih_vqe,embedded_larger_active_space,ideal,e1,23,,B3,cadence_sweep,full_contract,parallel_fs,parallel_fs,,0.0,16,12,"{'G0': True, 'GA': True, 'GB': False, 'GC': True, 'GD': True, 'GE': True, 'GF': True, 'GH': False}",replay,True,True,False,False,2026-03-01T15:12:20+00:00,2026-03-01T15:12:21.099457+00:00,0.1.0,,4496.0,0.01601715087890625,0.0368,,,,,,,,1.0,,,,,1.0,,,1.0,0.0,0.0,,,,1.68,31.80784976175129,7.150513785226004
ideal_e1_lih_vqe_B3_cad16_seed31,lih_vqe,embedded_larger_active_space,ideal,e1,31,,B3,cadence_sweep,full_contract,parallel_fs,parallel_fs,,0.0,16,12,"{'G0': True, 'GA': True, 'GB': False, 'GC': True, 'GD': True, 'GE': True, 'GF': True, 'GH': False}",replay,True,True,False,False,2026-03-10T05:30:00+00:00,2026-03-10T05:30:01.099457+00:00,0.1.0,,4496.0,0.01601715087890625,0.0368,,,,,,,,1.0,,,,,1.0,,,1.0,0.0,0.0,,,,1.68,31.80784976175129,7.150513785226004
ideal_e1_lih_vqe_B3_cad16_seed43,lih_vqe,embedded_larger_active_space,ideal,e1,43,,B3,cadence_sweep,full_contract,parallel_fs,parallel_fs,,0.0,16,12,"{'G0': True, 'GA': True, 'GB': False, 'GC': True, 'GD': True, 'GE': True, 'GF': True, 'GH': False}",replay,True,True,False,False,2026-03-13T10:24:26+00:00,2026-03-13T10:24:27.099457+00:00,0.1.0,,4496.0,0.01601715087890625,0.0368,,,,,,,,1.0,,,,,1.0,,,1.0,0.0,0.0,,,,1.68,31.80784976175129,7.150513785226004
ideal_e1_lih_vqe_B3_cad16_seed59,lih_vqe,embedded_larger_active_space,ideal,e1,59,,B3,cadence_sweep,full_contract,parallel_fs,parallel_fs,,0.0,16,12,"{'G0': True, 'GA': True, 'GB': False, 'GC': True, 'GD': True, 'GE': True, 'GF': True, 'GH': False}",replay,True,True,False,False,2026-03-07T03:01:24+00:00,2026-03-07T03:01:25.099457+00:00,0.1.0,,4496.0,0.01601715087890625,0.0368,,,,,,,,1.0,,,,,1.0,,,1.0,0.0,0.0,,,,1.68,31.80784976175129,7.150513785226004
ideal_e1_lih_vqe_B3_cad16_seed71,lih_vqe,embedded_larger_active_space,ideal,e1,71,,B3,cadence_sweep,full_contract,parallel_fs,parallel_fs,,0.0,16,12,"{'G0': True, 'GA': True, 'GB': False, 'GC': True, 'GD': True, 'GE': True, 'GF': True, 'GH': False}",replay,True,True,False,False,2026-03-14T15:27:10+00:00,2026-03-14T15:27:11.099457+00:00,0.1.0,,4496.0,0.01601715087890625,0.0368,,,,,,,,1.0,,,,,1.0,,,1.0,0.0,0.0,,,,1.68,31.80784976175129,7.150513785226004
ideal_e1_lih_vqe_B3_cad16_seed83,lih_vqe,embedded_larger_active_space,ideal,e1,83,,B3,cadence_sweep,full_contract,parallel_fs,parallel_fs,,0.0,16,12,"{'G0': True, 'GA': True, 'GB': False, 'GC': True, 'GD': True, 'GE': True, 'GF': True, 'GH': False}",replay,True,True,False,False,2026-03-19T13:03:30+00:00,2026-03-19T13:03:31.099457+00:00,0.1.0,,4496.0,0.01601715087890625,0.0368,,,,,,,,1.0,,,,,1.0,,,1.0,0.0,0.0,,,,1.68,31.80784976175129,7.150513785226004
ideal_e1_lih_vqe_B3_cad16_seed97,lih_vqe,embedded_larger_active_space,ideal,e1,97,,B3,cadence_sweep,full_contract,parallel_fs,parallel_fs,,0.0,16,12,"{'G0': True, 'GA': True, 'GB': False, 'GC': True, 'GD': True, 'GE': True, 'GF': True, 'GH': False}",replay,True,True,False,False,2026-03-30T14:42:51+00:00,2026-03-30T14:42:52.099457+00:00,0.1.0,,4496.0,0.01601715087890625,0.0368,,,,,,,,1.0,,,,,1.0,,,1.0,0.0,0.0,,,,1.68,31.80784976175129,7.150513785226004
ideal_e1_lih_vqe_B3_cad16_seed101,lih_vqe,embedded_larger_active_space,ideal,e1,101,,B3,cadence_sweep,full_contract,parallel_fs,parallel_fs,,0.0,16,12,"{'G0': True, 'GA': True, 'GB': False, 'GC': True, 'GD': True, 'GE': True, 'GF': True, 'GH': False}",replay,True,True,False,False,2026-03-06T23:53:18+00:00,2026-03-06T23:53:19.099457+00:00,0.1.0,,4496.0,0.01601715087890625,0.0368,,,,,,,,1.0,,,,,1.0,,,1.0,0.0,0.0,,,,1.68,31.80784976175129,7.150513785226004
ideal_e1_lih_vqe_B3_cad16_seed107,lih_vqe,embedded_larger_active_space,ideal,e1,107,,B3,cadence_sweep,full_contract,parallel_fs,parallel_fs,,0.0,16,12,"{'G0': True, 'GA': True, 'GB': False, 'GC': True, 'GD': True, 'GE': True, 'GF': True, 'GH': False}",replay,True,True,False,False,2026-03-01T15:32:36+00:00,2026-03-01T15:32:37.099457+00:00,0.1.0,,4496.0,0.01601715087890625,0.0368,,,,,,,,1.0,,,,,1.0,,,1.0,0.0,0.0,,,,1.68,31.80784976175129,7.150513785226004
ideal_e1_lih_vqe_B3_cad16_seed113,lih_vqe,embedded_larger_active_space,ideal,e1,113,,B3,cadence_sweep,full_contract,parallel_fs,parallel_fs,,0.0,16,12,"{'G0': True, 'GA': True, 'GB': False, 'GC': True, 'GD': True, 'GE': True, 'GF': True, 'GH': False}",replay,True,True,False,False,2026-03-23T00:59:20+00:00,2026-03-23T00:59:21.099457+00:00,0.1.0,,4496.0,0.01601715087890625,0.0368,,,,,,,,1.0,,,,,1.0,,,1.0,0.0,0.0,,,,1.68,31.80784976175129,7.150513785226004
ideal_e1_lih_vqe_B3_cad16_seed127,lih_vqe,embedded_larger_active_space,ideal,e1,127,,B3,cadence_sweep,full_contract,parallel_fs,parallel_fs,,0.0,16,12,"{'G0': True, 'GA': True, 'GB': False, 'GC': True, 'GD': True, 'GE': True, 'GF': True, 'GH': False}",replay,True,True,False,False,2026-03-01T07:46:24+00:00,2026-03-01T07:46:25.099457+00:00,0.1.0,,4496.0,0.01601715087890625,0.0368,,,,,,,,1.0,,,,,1.0,,,1.0,0.0,0.0,,,,1.68,31.80784976175129,7.150513785226004
ideal_e1_lih_vqe_B3_cad16_seed131,lih_vqe,embedded_larger_active_space,ideal,e1,131,,B3,cadence_sweep,full_contract,parallel_fs,parallel_fs,,0.0,16,12,"{'G0': True, 'GA': True, 'GB': False, 'GC': True, 'GD': True, 'GE': True, 'GF': True, 'GH': False}",replay,True,True,False,False,2026-03-06T15:26:21+00:00,2026-03-06T15:26:22.099457+00:00,0.1.0,,4496.0,0.01601715087890625,0.0368,,,,,,,,1.0,,,,,1.0,,,1.0,0.0,0.0,,,,1.68,31.80784976175129,7.150513785226004
ideal_e1_lih_vqe_B3_cad16_seed137,lih_vqe,embedded_larger_active_space,ideal,e1,137,,B3,cadence_sweep,full_contract,parallel_fs,parallel_fs,,0.0,16,12,"{'G0': True, 'GA': True, 'GB': False, 'GC': True, 'GD': True, 'GE': True, 'GF': True, 'GH': False}",replay,True,True,False,False,2026-03-05T22:36:31+00:00,2026-03-05T22:36:32.099457+00:00,0.1.0,,4496.0,0.01601715087890625,0.0368,,,,,,,,1.0,,,,,1.0,,,1.0,0.0,0.0,,,,1.68,31.80784976175129,7.150513785226004
ideal_e1_lih_vqe_B3_cad16_seed149,lih_vqe,embedded_larger_active_space,ideal,e1,149,,B3,cadence_sweep,full_contract,parallel_fs,parallel_fs,,0.0,16,12,"{'G0': True, 'GA': True, 'GB': False, 'GC': True, 'GD': True, 'GE': True, 'GF': True, 'GH': False}",replay,True,True,False,False,2026-03-06T06:09:56+00:00,2026-03-06T06:09:57.099457+00:00,0.1.0,,4496.0,0.01601715087890625,0.0368,,,,,,,,1.0,,,,,1.0,,,1.0,0.0,0.0,,,,1.68,31.80784976175129,7.150513785226004
ideal_e1_lih_vqe_B3_cad16_seed157,lih_vqe,embedded_larger_active_space,ideal,e1,157,,B3,cadence_sweep,full_contract,parallel_fs,parallel_fs,,0.0,16,12,"{'G0': True, 'GA': True, 'GB': False, 'GC': True, 'GD': True, 'GE': True, 'GF': True, 'GH': False}",replay,True,True,False,False,2026-03-14T01:47:53+00:00,2026-03-14T01:47:54.099457+00:00,0.1.0,,4496.0,0.01601715087890625,0.0368,,,,,,,,1.0,,,,,1.0,,,1.0,0.0,0.0,,,,1.68,31.80784976175129,7.150513785226004
ideal_e1_lih_vqe_B3_cad16_seed163,lih_vqe,embedded_larger_active_space,ideal,e1,163,,B3,cadence_sweep,full_contract,parallel_fs,parallel_fs,,0.0,16,12,"{'G0': True, 'GA': True, 'GB': False, 'GC': True, 'GD': True, 'GE': True, 'GF': True, 'GH': False}",replay,True,True,False,False,2026-03-06T01:27:38+00:00,2026-03-06T01:27:39.099457+00:00,0.1.0,,4496.0,0.01601715087890625,0.0368,,,,,,,,1.0,,,,,1.0,,,1.0,0.0,0.0,,,,1.68,31.80784976175129,7.150513785226004
ideal_e1_lih_vqe_B4_cad1_seed11,lih_vqe,embedded_larger_active_space,ideal,e1,11,,B4,cadence_sweep,full_contract,parallel_fs,parallel_fs,,0.0,1,12,"{'G0': True, 'GA': True, 'GB': True, 'GC': True, 'GD': True, 'GE': True, 'GF': True, 'GH': True}",replay,True,True,False,False,2026-03-29T03:07:27+00:00,2026-03-29T03:07:28.099462+00:00,0.1.0,,5737.0,0.01602188491821289,0.0368,,,,,,,,1.0,,,,,1.0,,,1.0,0.0,0.0,,,,0.24142160000000001,4.570484381119809,1.2609303121429274
ideal_e1_lih_vqe_B4_cad1_seed17,lih_vqe,embedded_larger_active_space,ideal,e1,17,,B4,cadence_sweep,full_contract,parallel_fs,parallel_fs,,0.0,1,12,"{'G0': True, 'GA': True, 'GB': True, 'GC': True, 'GD': True, 'GE': True, 'GF': True, 'GH': True}",replay,True,True,False,False,2026-03-28T12:15:58+00:00,2026-03-28T12:15:59.099462+00:00,0.1.0,,5737.0,0.01602188491821289,0.0368,,,,,,,,1.0,,,,,1.0,,,1.0,0.0,0.0,,,,0.24142160000000001,4.570484381119809,1.2609303121429274
ideal_e1_lih_vqe_B4_cad1_seed23,lih_vqe,embedded_larger_active_space,ideal,e1,23,,B4,cadence_sweep,full_contract,parallel_fs,parallel_fs,,0.0,1,12,"{'G0': True, 'GA': True, 'GB': True, 'GC': True, 'GD': True, 'GE': True, 'GF': True, 'GH': True}",replay,True,True,False,False,2026-03-15T00:53:41+00:00,2026-03-15T00:53:42.099462+00:00,0.1.0,,5737.0,0.01602188491821289,0.0368,,,,,,,,1.0,,,,,1.0,,,1.0,0.0,0.0,,,,0.24142160000000001,4.570484381119809,1.2609303121429274
ideal_e1_lih_vqe_B4_cad1_seed31,lih_vqe,embedded_larger_active_space,ideal,e1,31,,B4,cadence_sweep,full_contract,parallel_fs,parallel_fs,,0.0,1,12,"{'G0': True, 'GA': True, 'GB': True, 'GC': True, 'GD': True, 'GE': True, 'GF': True, 'GH': True}",replay,True,True,False,False,2026-03-12T09:10:10+00:00,2026-03-12T09:10:11.099462+00:00,0.1.0,,5737.0,0.01602188491821289,0.0368,,,,,,,,1.0,,,,,1.0,,,1.0,0.0,0.0,,,,0.24142160000000001,4.570484381119809,1.2609303121429274
ideal_e1_lih_vqe_B4_cad1_seed43,lih_vqe,embedded_larger_active_space,ideal,e1,43,,B4,cadence_sweep,full_contract,parallel_fs,parallel_fs,,0.0,1,12,"{'G0': True, 'GA': True, 'GB': True, 'GC': True, 'GD': True, 'GE': True, 'GF': True, 'GH': True}",replay,True,True,False,False,2026-03-12T15:50:07+00:00,2026-03-12T15:50:08.099462+00:00,0.1.0,,5737.0,0.01602188491821289,0.0368,,,,,,,,1.0,,,,,1.0,,,1.0,0.0,0.0,,,,0.24142160000000001,4.570484381119809,1.2609303121429274
ideal_e1_lih_vqe_B4_cad1_seed59,lih_vqe,embedded_larger_active_space,ideal,e1,59,,B4,cadence_sweep,full_contract,parallel_fs,parallel_fs,,0.0,1,12,"{'G0': True, 'GA': True, 'GB': True, 'GC': True, 'GD': True, 'GE': True, 'GF': True, 'GH': True}",replay,True,True,False,False,2026-03-12T16:48:17+00:00,2026-03-12T16:48:18.099462+00:00,0.1.0,,5737.0,0.01602188491821289,0.0368,,,,,,,,1.0,,,,,1.0,,,1.0,0.0,0.0,,,,0.24142160000000001,4.570484381119809,1.2609303121429274
ideal_e1_lih_vqe_B4_cad1_seed71,lih_vqe,embedded_larger_active_space,ideal,e1,71,,B4,cadence_sweep,full_contract,parallel_fs,parallel_fs,,0.0,1,12,"{'G0': True, 'GA': True, 'GB': True, 'GC': True, 'GD': True, 'GE': True, 'GF': True, 'GH': True}",replay,True,True,False,False,2026-03-28T07:37:05+00:00,2026-03-28T07:37:06.099462+00:00,0.1.0,,5737.0,0.01602188491821289,0.0368,,,,,,,,1.0,,,,,1.0,,,1.0,0.0,0.0,,,,0.24142160000000001,4.570484381119809,1.2609303121429274
ideal_e1_lih_vqe_B4_cad1_seed83,lih_vqe,embedded_larger_active_space,ideal,e1,83,,B4,cadence_sweep,full_contract,parallel_fs,parallel_fs,,0.0,1,12,"{'G0': True, 'GA': True, 'GB': True, 'GC': True, 'GD': True, 'GE': True, 'GF': True, 'GH': True}",replay,True,True,False,False,2026-03-10T05:28:56+00:00,2026-03-10T05:28:57.099462+00:00,0.1.0,,5737.0,0.01602188491821289,0.0368,,,,,,,,1.0,,,,,1.0,,,1.0,0.0,0.0,,,,0.24142160000000001,4.570484381119809,1.2609303121429274
ideal_e1_lih_vqe_B4_cad1_seed97,lih_vqe,embedded_larger_active_space,ideal,e1,97,,B4,cadence_sweep,full_contract,parallel_fs,parallel_fs,,0.0,1,12,"{'G0': True, 'GA': True, 'GB': True, 'GC': True, 'GD': True, 'GE': True, 'GF': True, 'GH': True}",replay,True,True,False,False,2026-03-18T06:43:49+00:00,2026-03-18T06:43:50.099462+00:00,0.1.0,,5737.0,0.01602188491821289,0.0368,,,,,,,,1.0,,,,,1.0,,,1.0,0.0,0.0,,,,0.24142160000000001,4.570484381119809,1.2609303121429274
ideal_e1_lih_vqe_B4_cad1_seed101,lih_vqe,embedded_larger_active_space,ideal,e1,101,,B4,cadence_sweep,full_contract,parallel_fs,parallel_fs,,0.0,1,12,"{'G0': True, 'GA': True, 'GB': True, 'GC': True, 'GD': True, 'GE': True, 'GF': True, 'GH': True}",replay,True,True,False,False,2026-03-25T19:30:08+00:00,2026-03-25T19:30:09.099462+00:00,0.1.0,,5737.0,0.01602188491821289,0.0368,,,,,,,,1.0,,,,,1.0,,,1.0,0.0,0.0,,,,0.24142160000000001,4.570484381119809,1.2609303121429274
ideal_e1_lih_vqe_B4_cad1_seed107,lih_vqe,embedded_larger_active_space,ideal,e1,107,,B4,cadence_sweep,full_contract,parallel_fs,parallel_fs,,0.0,1,12,"{'G0': True, 'GA': True, 'GB': True, 'GC': True, 'GD': True, 'GE': True, 'GF': True, 'GH': True}",replay,True,True,False,False,2026-03-17T22:21:49+00:00,2026-03-17T22:21:50.099462+00:00,0.1.0,,5737.0,0.01602188491821289,0.0368,,,,,,,,1.0,,,,,1.0,,,1.0,0.0,0.0,,,,0.24142160000000001,4.570484381119809,1.2609303121429274
ideal_e1_lih_vqe_B4_cad1_seed113,lih_vqe,embedded_larger_active_space,ideal,e1,113,,B4,cadence_sweep,full_contract,parallel_fs,parallel_fs,,0.0,1,12,"{'G0': True, 'GA': True, 'GB': True, 'GC': True, 'GD': True, 'GE': True, 'GF': True, 'GH': True}",replay,True,True,False,False,2026-03-10T11:01:47+00:00,2026-03-10T11:01:48.099462+00:00,0.1.0,,5737.0,0.01602188491821289,0.0368,,,,,,,,1.0,,,,,1.0,,,1.0,0.0,0.0,,,,0.24142160000000001,4.570484381119809,1.2609303121429274
ideal_e1_lih_vqe_B4_cad1_seed127,lih_vqe,embedded_larger_active_space,ideal,e1,127,,B4,cadence_sweep,full_contract,parallel_fs,parallel_fs,,0.0,1,12,"{'G0': True, 'GA': True, 'GB': True, 'GC': True, 'GD': True, 'GE': True, 'GF': True, 'GH': True}",replay,True,True,False,False,2026-03-11T14:08:04+00:00,2026-03-11T14:08:05.099462+00:00,0.1.0,,5737.0,0.01602188491821289,0.0368,,,,,,,,1.0,,,,,1.0,,,1.0,0.0,0.0,,,,0.24142160000000001,4.570484381119809,1.2609303121429274
ideal_e1_lih_vqe_B4_cad1_seed131,lih_vqe,embedded_larger_active_space,ideal,e1,131,,B4,cadence_sweep,full_contract,parallel_fs,parallel_fs,,0.0,1,12,"{'G0': True, 'GA': True, 'GB': True, 'GC': True, 'GD': True, 'GE': True, 'GF': True, 'GH': True}",replay,True,True,False,False,2026-03-10T05:09:54+00:00,2026-03-10T05:09:55.099462+00:00,0.1.0,,5737.0,0.01602188491821289,0.0368,,,,,,,,1.0,,,,,1.0,,,1.0,0.0,0.0,,,,0.24142160000000001,4.570484381119809,1.2609303121429274
ideal_e1_lih_vqe_B4_cad1_seed137,lih_vqe,embedded_larger_active_space,ideal,e1,137,,B4,cadence_sweep,full_contract,parallel_fs,parallel_fs,,0.0,1,12,"{'G0': True, 'GA': True, 'GB': True, 'GC': True, 'GD': True, 'GE': True, 'GF': True, 'GH': True}",replay,True,True,False,False,2026-03-11T00:06:58+00:00,2026-03-11T00:06:59.099462+00:00,0.1.0,,5737.0,0.01602188491821289,0.0368,,,,,,,,1.0,,,,,1.0,,,1.0,0.0,0.0,,,,0.24142160000000001,4.570484381119809,1.2609303121429274
ideal_e1_lih_vqe_B4_cad1_seed149,lih_vqe,embedded_larger_active_space,ideal,e1,149,,B4,cadence_sweep,full_contract,parallel_fs,parallel_fs,,0.0,1,12,"{'G0': True, 'GA': True, 'GB': True, 'GC': True, 'GD': True, 'GE': True, 'GF': True, 'GH': True}",replay,True,True,False,False,2026-03-23T21:21:18+00:00,2026-03-23T21:21:19.099462+00:00,0.1.0,,5737.0,0.01602188491821289,0.0368,,,,,,,,1.0,,,,,1.0,,,1.0,0.0,0.0,,,,0.24142160000000001,4.570484381119809,1.2609303121429274
ideal_e1_lih_vqe_B4_cad1_seed157,lih_vqe,embedded_larger_active_space,ideal,e1,157,,B4,cadence_sweep,full_contract,parallel_fs,parallel_fs,,0.0,1,12,"{'G0': True, 'GA': True, 'GB': True, 'GC': True, 'GD': True, 'GE': True, 'GF': True, 'GH': True}",replay,True,True,False,False,2026-03-04T18:24:47+00:00,2026-03-04T18:24:48.099462+00:00,0.1.0,,5737.0,0.01602188491821289,0.0368,,,,,,,,1.0,,,,,1.0,,,1.0,0.0,0.0,,,,0.24142160000000001,4.570484381119809,1.2609303121429274
ideal_e1_lih_vqe_B4_cad1_seed163,lih_vqe,embedded_larger_active_space,ideal,e1,163,,B4,cadence_sweep,full_contract,parallel_fs,parallel_fs,,0.0,1,12,"{'G0': True, 'GA': True, 'GB': True, 'GC': True, 'GD': True, 'GE': True, 'GF': True, 'GH': True}",replay,True,True,False,False,2026-03-13T14:55:47+00:00,2026-03-13T14:55:48.099462+00:00,0.1.0,,5737.0,0.01602188491821289,0.0368,,,,,,,,1.0,,,,,1.0,,,1.0,0.0,0.0,,,,0.24142160000000001,4.570484381119809,1.2609303121429274
ideal_e1_lih_vqe_B4_cad2_seed11,lih_vqe,embedded_larger_active_space,ideal,e1,11,,B4,cadence_sweep,full_contract,parallel_fs,parallel_fs,,0.0,2,12,"{'G0': True, 'GA': True, 'GB': True, 'GC': True, 'GD': True, 'GE': True, 'GF': True, 'GH': True}",replay,True,True,False,False,2026-03-21T05:32:12+00:00,2026-03-21T05:32:13.099462+00:00,0.1.0,,5747.0,0.01602192306518555,0.0368,,,,,,,,1.0,,,,,1.0,,,1.0,0.0,0.0,,,,1.7611328000000002,33.34094439967005,0.6914107516219683
ideal_e1_lih_vqe_B4_cad2_seed17,lih_vqe,embedded_larger_active_space,ideal,e1,17,,B4,cadence_sweep,full_contract,parallel_fs,parallel_fs,,0.0,2,12,"{'G0': True, 'GA': True, 'GB': True, 'GC': True, 'GD': True, 'GE': True, 'GF': True, 'GH': True}",replay,True,True,False,False,2026-03-29T18:25:44+00:00,2026-03-29T18:25:45.099462+00:00,0.1.0,,5747.0,0.01602192306518555,0.0368,,,,,,,,1.0,,,,,1.0,,,1.0,0.0,0.0,,,,1.7611328000000002,33.34094439967005,0.6914107516219683
ideal_e1_lih_vqe_B4_cad2_seed23,lih_vqe,embedded_larger_active_space,ideal,e1,23,,B4,cadence_sweep,full_contract,parallel_fs,parallel_fs,,0.0,2,12,"{'G0': True, 'GA': True, 'GB': True, 'GC': True, 'GD': True, 'GE': True, 'GF': True, 'GH': True}",replay,True,True,False,False,2026-03-17T14:55:56+00:00,2026-03-17T14:55:57.099462+00:00,0.1.0,,5747.0,0.01602192306518555,0.0368,,,,,,,,1.0,,,,,1.0,,,1.0,0.0,0.0,,,,1.7611328000000002,33.34094439967005,0.6914107516219683
ideal_e1_lih_vqe_B4_cad2_seed31,lih_vqe,embedded_larger_active_space,ideal,e1,31,,B4,cadence_sweep,full_contract,parallel_fs,parallel_fs,,0.0,2,12,"{'G0': True, 'GA': True, 'GB': True, 'GC': True, 'GD': True, 'GE': True, 'GF': True, 'GH': True}",replay,True,True,False,False,2026-03-05T06:52:04+00:00,2026-03-05T06:52:05.099462+00:00,0.1.0,,5747.0,0.01602192306518555,0.0368,,,,,,,,1.0,,,,,1.0,,,1.0,0.0,0.0,,,,1.7611328000000002,33.34094439967005,0.6914107516219683
ideal_e1_lih_vqe_B4_cad2_seed43,lih_vqe,embedded_larger_active_space,ideal,e1,43,,B4,cadence_sweep,full_contract,parallel_fs,parallel_fs,,0.0,2,12,"{'G0': True, 'GA': True, 'GB': True, 'GC': True, 'GD': True, 'GE': True, 'GF': True, 'GH': True}",replay,True,True,False,False,2026-03-14T05:51:06+00:00,2026-03-14T05:51:07.099462+00:00,0.1.0,,5747.0,0.01602192306518555,0.0368,,,,,,,,1.0,,,,,1.0,,,1.0,0.0,0.0,,,,1.7611328000000002,33.34094439967005,0.6914107516219683
ideal_e1_lih_vqe_B4_cad2_seed59,lih_vqe,embedded_larger_active_space,ideal,e1,59,,B4,cadence_sweep,full_contract,parallel_fs,parallel_fs,,0.0,2,12,"{'G0': True, 'GA': True, 'GB': True, 'GC': True, 'GD': True, 'GE': True, 'GF': True, 'GH': True}",replay,True,True,False,False,2026-03-05T01:33:33+00:00,2026-03-05T01:33:34.099462+00:00,0.1.0,,5747.0,0.01602192306518555,0.0368,,,,,,,,1.0,,,,,1.0,,,1.0,0.0,0.0,,,,1.7611328000000002,33.34094439967005,0.6914107516219683
ideal_e1_lih_vqe_B4_cad2_seed71,lih_vqe,embedded_larger_active_space,ideal,e1,71,,B4,cadence_sweep,full_contract,parallel_fs,parallel_fs,,0.0,2,12,"{'G0': True, 'GA': True, 'GB': True, 'GC': True, 'GD': True, 'GE': True, 'GF': True, 'GH': True}",replay,True,True,False,False,2026-03-17T19:58:13+00:00,2026-03-17T19:58:14.099462+00:00,0.1.0,,5747.0,0.01602192306518555,0.0368,,,,,,,,1.0,,,,,1.0,,,1.0,0.0,0.0,,,,1.7611328000000002,33.34094439967005,0.6914107516219683
ideal_e1_lih_vqe_B4_cad2_seed83,lih_vqe,embedded_larger_active_space,ideal,e1,83,,B4,cadence_sweep,full_contract,parallel_fs,parallel_fs,,0.0,2,12,"{'G0': True, 'GA': True, 'GB': True, 'GC': True, 'GD': True, 'GE': True, 'GF': True, 'GH': True}",replay,True,True,False,False,2026-03-23T15:33:35+00:00,2026-03-23T15:33:36.099462+00:00,0.1.0,,5747.0,0.01602192306518555,0.0368,,,,,,,,1.0,,,,,1.0,,,1.0,0.0,0.0,,,,1.7611328000000002,33.34094439967005,0.6914107516219683
ideal_e1_lih_vqe_B4_cad2_seed97,lih_vqe,embedded_larger_active_space,ideal,e1,97,,B4,cadence_sweep,full_contract,parallel_fs,parallel_fs,,0.0,2,12,"{'G0': True, 'GA': True, 'GB': True, 'GC': True, 'GD': True, 'GE': True, 'GF': True, 'GH': True}",replay,True,True,False,False,2026-03-09T00:04:11+00:00,2026-03-09T00:04:12.099462+00:00,0.1.0,,5747.0,0.01602192306518555,0.0368,,,,,,,,1.0,,,,,1.0,,,1.0,0.0,0.0,,,,1.7611328000000002,33.34094439967005,0.6914107516219683
ideal_e1_lih_vqe_B4_cad2_seed101,lih_vqe,embedded_larger_active_space,ideal,e1,101,,B4,cadence_sweep,full_contract,parallel_fs,parallel_fs,,0.0,2,12,"{'G0': True, 'GA': True, 'GB': True, 'GC': True, 'GD': True, 'GE': True, 'GF': True, 'GH': True}",replay,True,True,False,False,2026-03-18T19:33:19+00:00,2026-03-18T19:33:20.099462+00:00,0.1.0,,5747.0,0.01602192306518555,0.0368,,,,,,,,1.0,,,,,1.0,,,1.0,0.0,0.0,,,,1.7611328000000002,33.34094439967005,0.6914107516219683
ideal_e1_lih_vqe_B4_cad2_seed107,lih_vqe,embedded_larger_active_space,ideal,e1,107,,B4,cadence_sweep,full_contract,parallel_fs,parallel_fs,,0.0,2,12,"{'G0': True, 'GA': True, 'GB': True, 'GC': True, 'GD': True, 'GE': True, 'GF': True, 'GH': True}",replay,True,True,False,False,2026-03-18T19:50:30+00:00,2026-03-18T19:50:31.099462+00:00,0.1.0,,5747.0,0.01602192306518555,0.0368,,,,,,,,1.0,,,,,1.0,,,1.0,0.0,0.0,,,,1.7611328000000002,33.34094439967005,0.6914107516219683
ideal_e1_lih_vqe_B4_cad2_seed113,lih_vqe,embedded_larger_active_space,ideal,e1,113,,B4,cadence_sweep,full_contract,parallel_fs,parallel_fs,,0.0,2,12,"{'G0': True, 'GA': True, 'GB': True, 'GC': True, 'GD': True, 'GE': True, 'GF': True, 'GH': True}",replay,True,True,False,False,2026-03-23T03:29:28+00:00,2026-03-23T03:29:29.099462+00:00,0.1.0,,5747.0,0.01602192306518555,0.0368,,,,,,,,1.0,,,,,1.0,,,1.0,0.0,0.0,,,,1.7611328000000002,33.34094439967005,0.6914107516219683
ideal_e1_lih_vqe_B4_cad2_seed127,lih_vqe,embedded_larger_active_space,ideal,e1,127,,B4,cadence_sweep,full_contract,parallel_fs,parallel_fs,,0.0,2,12,"{'G0': True, 'GA': True, 'GB': True, 'GC': True, 'GD': True, 'GE': True, 'GF': True, 'GH': True}",replay,True,True,False,False,2026-03-28T20:00:19+00:00,2026-03-28T20:00:20.099462+00:00,0.1.0,,5747.0,0.01602192306518555,0.0368,,,,,,,,1.0,,,,,1.0,,,1.0,0.0,0.0,,,,1.7611328000000002,33.34094439967005,0.6914107516219683
ideal_e1_lih_vqe_B4_cad2_seed131,lih_vqe,embedded_larger_active_space,ideal,e1,131,,B4,cadence_sweep,full_contract,parallel_fs,parallel_fs,,0.0,2,12,"{'G0': True, 'GA': True, 'GB': True, 'GC': True, 'GD': True, 'GE': True, 'GF': True, 'GH': True}",replay,True,True,False,False,2026-03-23T19:40:35+00:00,2026-03-23T19:40:36.099462+00:00,0.1.0,,5747.0,0.01602192306518555,0.0368,,,,,,,,1.0,,,,,1.0,,,1.0,0.0,0.0,,,,1.7611328000000002,33.34094439967005,0.6914107516219683
ideal_e1_lih_vqe_B4_cad2_seed137,lih_vqe,embedded_larger_active_space,ideal,e1,137,,B4,cadence_sweep,full_contract,parallel_fs,parallel_fs,,0.0,2,12,"{'G0': True, 'GA': True, 'GB': True, 'GC': True, 'GD': True, 'GE': True, 'GF': True, 'GH': True}",replay,True,True,False,False,2026-03-03T03:39:16+00:00,2026-03-03T03:39:17.099462+00:00,0.1.0,,5747.0,0.01602192306518555,0.0368,,,,,,,,1.0,,,,,1.0,,,1.0,0.0,0.0,,,,1.7611328000000002,33.34094439967005,0.6914107516219683
ideal_e1_lih_vqe_B4_cad2_seed149,lih_vqe,embedded_larger_active_space,ideal,e1,149,,B4,cadence_sweep,full_contract,parallel_fs,parallel_fs,,0.0,2,12,"{'G0': True, 'GA': True, 'GB': True, 'GC': True, 'GD': True, 'GE': True, 'GF': True, 'GH': True}",replay,True,True,False,False,2026-03-02T11:38:47+00:00,2026-03-02T11:38:48.099462+00:00,0.1.0,,5747.0,0.01602192306518555,0.0368,,,,,,,,1.0,,,,,1.0,,,1.0,0.0,0.0,,,,1.7611328000000002,33.34094439967005,0.6914107516219683
ideal_e1_lih_vqe_B4_cad2_seed157,lih_vqe,embedded_larger_active_space,ideal,e1,157,,B4,cadence_sweep,full_contract,parallel_fs,parallel_fs,,0.0,2,12,"{'G0': True, 'GA': True, 'GB': True, 'GC': True, 'GD': True, 'GE': True, 'GF': True, 'GH': True}",replay,True,True,False,False,2026-03-21T17:53:07+00:00,2026-03-21T17:53:08.099462+00:00,0.1.0,,5747.0,0.01602192306518555,0.0368,,,,,,,,1.0,,,,,1.0,,,1.0,0.0,0.0,,,,1.7611328000000002,33.34094439967005,0.6914107516219683
ideal_e1_lih_vqe_B4_cad2_seed163,lih_vqe,embedded_larger_active_space,ideal,e1,163,,B4,cadence_sweep,full_contract,parallel_fs,parallel_fs,,0.0,2,12,"{'G0': True, 'GA': True, 'GB': True, 'GC': True, 'GD': True, 'GE': True, 'GF': True, 'GH': True}",replay,True,True,False,False,2026-03-27T15:11:47+00:00,2026-03-27T15:11:48.099462+00:00,0.1.0,,5747.0,0.01602192306518555,0.0368,,,,,,,,1.0,,,,,1.0,,,1.0,0.0,0.0,,,,1.7611328000000002,33.34094439967005,0.6914107516219683
ideal_e1_lih_vqe_B4_cad4_seed11,lih_vqe,embedded_larger_active_space,ideal,e1,11,,B4,cadence_sweep,full_contract,parallel_fs,parallel_fs,,0.0,4,12,"{'G0': True, 'GA': True, 'GB': True, 'GC': True, 'GD': True, 'GE': True, 'GF': True, 'GH': True}",replay,True,True,False,False,2026-03-12T21:48:23+00:00,2026-03-12T21:48:24.099462+00:00,0.1.0,,5765.0,0.01602199172973633,0.0368,,,,,,,,1.0,,,,,1.0,,,1.0,0.0,0.0,,,,10.056076800000001,190.37670619184354,0.3632643412568093
ideal_e1_lih_vqe_B4_cad4_seed17,lih_vqe,embedded_larger_active_space,ideal,e1,17,,B4,cadence_sweep,full_contract,parallel_fs,parallel_fs,,0.0,4,12,"{'G0': True, 'GA': True, 'GB': True, 'GC': True, 'GD': True, 'GE': True, 'GF': True, 'GH': True}",replay,True,True,False,False,2026-03-21T04:46:23+00:00,2026-03-21T04:46:24.099462+00:00,0.1.0,,5765.0,0.01602199172973633,0.0368,,,,,,,,1.0,,,,,1.0,,,1.0,0.0,0.0,,,,10.056076800000001,190.37670619184354,0.3632643412568093
ideal_e1_lih_vqe_B4_cad4_seed23,lih_vqe,embedded_larger_active_space,ideal,e1,23,,B4,cadence_sweep,full_contract,parallel_fs,parallel_fs,,0.0,4,12,"{'G0': True, 'GA': True, 'GB': True, 'GC': True, 'GD': True, 'GE': True, 'GF': True, 'GH': True}",replay,True,True,False,False,2026-03-02T18:42:49+00:00,2026-03-02T18:42:50.099462+00:00,0.1.0,,5765.0,0.01602199172973633,0.0368,,,,,,,,1.0,,,,,1.0,,,1.0,0.0,0.0,,,,10.056076800000001,190.37670619184354,0.3632643412568093
ideal_e1_lih_vqe_B4_cad4_seed31,lih_vqe,embedded_larger_active_space,ideal,e1,31,,B4,cadence_sweep,full_contract,parallel_fs,parallel_fs,,0.0,4,12,"{'G0': True, 'GA': True, 'GB': True, 'GC': True, 'GD': True, 'GE': True, 'GF': True, 'GH': True}",replay,True,True,False,False,2026-03-26T18:32:26+00:00,2026-03-26T18:32:27.099462+00:00,0.1.0,,5765.0,0.01602199172973633,0.0368,,,,,,,,1.0,,,,,1.0,,,1.0,0.0,0.0,,,,10.056076800000001,190.37670619184354,0.3632643412568093
ideal_e1_lih_vqe_B4_cad4_seed43,lih_vqe,embedded_larger_active_space,ideal,e1,43,,B4,cadence_sweep,full_contract,parallel_fs,parallel_fs,,0.0,4,12,"{'G0': True, 'GA': True, 'GB': True, 'GC': True, 'GD': True, 'GE': True, 'GF': True, 'GH': True}",replay,True,True,False,False,2026-03-20T22:21:26+00:00,2026-03-20T22:21:27.099462+00:00,0.1.0,,5765.0,0.01602199172973633,0.0368,,,,,,,,1.0,,,,,1.0,,,1.0,0.0,0.0,,,,10.056076800000001,190.37670619184354,0.3632643412568093
ideal_e1_lih_vqe_B4_cad4_seed59,lih_vqe,embedded_larger_active_space,ideal,e1,59,,B4,cadence_sweep,full_contract,parallel_fs,parallel_fs,,0.0,4,12,"{'G0': True, 'GA': True, 'GB': True, 'GC': True, 'GD': True, 'GE': True, 'GF': True, 'GH': True}",replay,True,True,False,False,2026-03-08T13:30:53+00:00,2026-03-08T13:30:54.099462+00:00,0.1.0,,5765.0,0.01602199172973633,0.0368,,,,,,,,1.0,,,,,1.0,,,1.0,0.0,0.0,,,,10.056076800000001,190.37670619184354,0.3632643412568093
ideal_e1_lih_vqe_B4_cad4_seed71,lih_vqe,embedded_larger_active_space,ideal,e1,71,,B4,cadence_sweep,full_contract,parallel_fs,parallel_fs,,0.0,4,12,"{'G0': True, 'GA': True, 'GB': True, 'GC': True, 'GD': True, 'GE': True, 'GF': True, 'GH': True}",replay,True,True,False,False,2026-03-01T16:17:52+00:00,2026-03-01T16:17:53.099462+00:00,0.1.0,,5765.0,0.01602199172973633,0.0368,,,,,,,,1.0,,,,,1.0,,,1.0,0.0,0.0,,,,10.056076800000001,190.37670619184354,0.3632643412568093
ideal_e1_lih_vqe_B4_cad4_seed83,lih_vqe,embedded_larger_active_space,ideal,e1,83,,B4,cadence_sweep,full_contract,parallel_fs,parallel_fs,,0.0,4,12,"{'G0': True, 'GA': True, 'GB': True, 'GC': True, 'GD': True, 'GE': True, 'GF': True, 'GH': True}",replay,True,True,False,False,2026-03-26T12:04:51+00:00,2026-03-26T12:04:52.099462+00:00,0.1.0,,5765.0,0.01602199172973633,0.0368,,,,,,,,1.0,,,,,1.0,,,1.0,0.0,0.0,,,,10.056076800000001,190.37670619184354,0.3632643412568093
ideal_e1_lih_vqe_B4_cad4_seed97,lih_vqe,embedded_larger_active_space,ideal,e1,97,,B4,cadence_sweep,full_contract,parallel_fs,parallel_fs,,0.0,4,12,"{'G0': True, 'GA': True, 'GB': True, 'GC': True, 'GD': True, 'GE': True, 'GF': True, 'GH': True}",replay,True,True,False,False,2026-03-27T19:12:44+00:00,2026-03-27T19:12:45.099462+00:00,0.1.0,,5765.0,0.01602199172973633,0.0368,,,,,,,,1.0,,,,,1.0,,,1.0,0.0,0.0,,,,10.056076800000001,190.37670619184354,0.3632643412568093
ideal_e1_lih_vqe_B4_cad4_seed101,lih_vqe,embedded_larger_active_space,ideal,e1,101,,B4,cadence_sweep,full_contract,parallel_fs,parallel_fs,,0.0,4,12,"{'G0': True, 'GA': True, 'GB': True, 'GC': True, 'GD': True, 'GE': True, 'GF': True, 'GH': True}",replay,True,True,False,False,2026-03-08T17:48:22+00:00,2026-03-08T17:48:23.099462+00:00,0.1.0,,5765.0,0.01602199172973633,0.0368,,,,,,,,1.0,,,,,1.0,,,1.0,0.0,0.0,,,,10.056076800000001,190.37670619184354,0.3632643412568093
ideal_e1_lih_vqe_B4_cad4_seed107,lih_vqe,embedded_larger_active_space,ideal,e1,107,,B4,cadence_sweep,full_contract,parallel_fs,parallel_fs,,0.0,4,12,"{'G0': True, 'GA': True, 'GB': True, 'GC': True, 'GD': True, 'GE': True, 'GF': True, 'GH': True}",replay,True,True,False,False,2026-03-04T19:46:25+00:00,2026-03-04T19:46:26.099462+00:00,0.1.0,,5765.0,0.01602199172973633,0.0368,,,,,,,,1.0,,,,,1.0,,,1.0,0.0,0.0,,,,10.056076800000001,190.37670619184354,0.3632643412568093
ideal_e1_lih_vqe_B4_cad4_seed113,lih_vqe,embedded_larger_active_space,ideal,e1,113,,B4,cadence_sweep,full_contract,parallel_fs,parallel_fs,,0.0,4,12,"{'G0': True, 'GA': True, 'GB': True, 'GC': True, 'GD': True, 'GE': True, 'GF': True, 'GH': True}",replay,True,True,False,False,2026-03-26T10:17:03+00:00,2026-03-26T10:17:04.099462+00:00,0.1.0,,5765.0,0.01602199172973633,0.0368,,,,,,,,1.0,,,,,1.0,,,1.0,0.0,0.0,,,,10.056076800000001,190.37670619184354,0.3632643412568093
ideal_e1_lih_vqe_B4_cad4_seed127,lih_vqe,embedded_larger_active_space,ideal,e1,127,,B4,cadence_sweep,full_contract,parallel_fs,parallel_fs,,0.0,4,12,"{'G0': True, 'GA': True, 'GB': True, 'GC': True, 'GD': True, 'GE': True, 'GF': True, 'GH': True}",replay,True,True,False,False,2026-03-13T09:06:36+00:00,2026-03-13T09:06:37.099462+00:00,0.1.0,,5765.0,0.01602199172973633,0.0368,,,,,,,,1.0,,,,,1.0,,,1.0,0.0,0.0,,,,10.056076800000001,190.37670619184354,0.3632643412568093
ideal_e1_lih_vqe_B4_cad4_seed131,lih_vqe,embedded_larger_active_space,ideal,e1,131,,B4,cadence_sweep,full_contract,parallel_fs,parallel_fs,,0.0,4,12,"{'G0': True, 'GA': True, 'GB': True, 'GC': True, 'GD': True, 'GE': True, 'GF': True, 'GH': True}",replay,True,True,False,False,2026-03-19T11:22:38+00:00,2026-03-19T11:22:39.099462+00:00,0.1.0,,5765.0,0.01602199172973633,0.0368,,,,,,,,1.0,,,,,1.0,,,1.0,0.0,0.0,,,,10.056076800000001,190.37670619184354,0.3632643412568093
ideal_e1_lih_vqe_B4_cad4_seed137,lih_vqe,embedded_larger_active_space,ideal,e1,137,,B4,cadence_sweep,full_contract,parallel_fs,parallel_fs,,0.0,4,12,"{'G0': True, 'GA': True, 'GB': True, 'GC': True, 'GD': True, 'GE': True, 'GF': True, 'GH': True}",replay,True,True,False,False,2026-03-05T03:38:29+00:00,2026-03-05T03:38:30.099462+00:00,0.1.0,,5765.0,0.01602199172973633,0.0368,,,,,,,,1.0,,,,,1.0,,,1.0,0.0,0.0,,,,10.056076800000001,190.37670619184354,0.3632643412568093
ideal_e1_lih_vqe_B4_cad4_seed149,lih_vqe,embedded_larger_active_space,ideal,e1,149,,B4,cadence_sweep,full_contract,parallel_fs,parallel_fs,,0.0,4,12,"{'G0': True, 'GA': True, 'GB': True, 'GC': True, 'GD': True, 'GE': True, 'GF': True, 'GH': True}",replay,True,True,False,False,2026-03-05T09:47:07+00:00,2026-03-05T09:47:08.099462+00:00,0.1.0,,5765.0,0.01602199172973633,0.0368,,,,,,,,1.0,,,,,1.0,,,1.0,0.0,0.0,,,,10.056076800000001,190.37670619184354,0.3632643412568093
ideal_e1_lih_vqe_B4_cad4_seed157,lih_vqe,embedded_larger_active_space,ideal,e1,157,,B4,cadence_sweep,full_contract,parallel_fs,parallel_fs,,0.0,4,12,"{'G0': True, 'GA': True, 'GB': True, 'GC': True, 'GD': True, 'GE': True, 'GF': True, 'GH': True}",replay,True,True,False,False,2026-03-30T09:54:24+00:00,2026-03-30T09:54:25.099462+00:00,0.1.0,,5765.0,0.01602199172973633,0.0368,,,,,,,,1.0,,,,,1.0,,,1.0,0.0,0.0,,,,10.056076800000001,190.37670619184354,0.3632643412568093
ideal_e1_lih_vqe_B4_cad4_seed163,lih_vqe,embedded_larger_active_space,ideal,e1,163,,B4,cadence_sweep,full_contract,parallel_fs,parallel_fs,,0.0,4,12,"{'G0': True, 'GA': True, 'GB': True, 'GC': True, 'GD': True, 'GE': True, 'GF': True, 'GH': True}",replay,True,True,False,False,2026-03-18T11:25:01+00:00,2026-03-18T11:25:02.099462+00:00,0.1.0,,5765.0,0.01602199172973633,0.0368,,,,,,,,1.0,,,,,1.0,,,1.0,0.0,0.0,,,,10.056076800000001,190.37670619184354,0.3632643412568093
ideal_e1_lih_vqe_B4_cad8_seed11,lih_vqe,embedded_larger_active_space,ideal,e1,11,,B4,cadence_sweep,full_contract,parallel_fs,parallel_fs,,0.0,8,12,"{'G0': True, 'GA': True, 'GB': True, 'GC': True, 'GD': True, 'GE': True, 'GF': True, 'GH': True}",replay,True,True,False,False,2026-03-16T00:30:48+00:00,2026-03-16T00:30:49.099462+00:00,0.1.0,,5801.0,0.016022129058837892,0.0368,,,,,,,,1.0,,,,,1.0,,,1.0,0.0,0.0,,,,45.7366784,865.8620774080217,0.1863662372845545
ideal_e1_lih_vqe_B4_cad8_seed17,lih_vqe,embedded_larger_active_space,ideal,e1,17,,B4,cadence_sweep,full_contract,parallel_fs,parallel_fs,,0.0,8,12,"{'G0': True, 'GA': True, 'GB': True, 'GC': True, 'GD': True, 'GE': True, 'GF': True, 'GH': True}",replay,True,True,False,False,2026-03-20T02:09:44+00:00,2026-03-20T02:09:45.099462+00:00,0.1.0,,5801.0,0.016022129058837892,0.0368,,,,,,,,1.0,,,,,1.0,,,1.0,0.0,0.0,,,,45.7366784,865.8620774080217,0.1863662372845545
ideal_e1_lih_vqe_B4_cad8_seed23,lih_vqe,embedded_larger_active_space,ideal,e1,23,,B4,cadence_sweep,full_contract,parallel_fs,parallel_fs,,0.0,8,12,"{'G0': True, 'GA': True, 'GB': True, 'GC': True, 'GD': True, 'GE': True, 'GF': True, 'GH': True}",replay,True,True,False,False,2026-03-19T15:34:16+00:00,2026-03-19T15:34:17.099462+00:00,0.1.0,,5801.0,0.016022129058837892,0.0368,,,,,,,,1.0,,,,,1.0,,,1.0,0.0,0.0,,,,45.7366784,865.8620774080217,0.1863662372845545
ideal_e1_lih_vqe_B4_cad8_seed31,lih_vqe,embedded_larger_active_space,ideal,e1,31,,B4,cadence_sweep,full_contract,parallel_fs,parallel_fs,,0.0,8,12,"{'G0': True, 'GA': True, 'GB': True, 'GC': True, 'GD': True, 'GE': True, 'GF': True, 'GH': True}",replay,True,True,False,False,2026-03-29T20:23:21+00:00,2026-03-29T20:23:22.099462+00:00,0.1.0,,5801.0,0.016022129058837892,0.0368,,,,,,,,1.0,,,,,1.0,,,1.0,0.0,0.0,,,,45.7366784,865.8620774080217,0.1863662372845545
ideal_e1_lih_vqe_B4_cad8_seed43,lih_vqe,embedded_larger_active_space,ideal,e1,43,,B4,cadence_sweep,full_contract,parallel_fs,parallel_fs,,0.0,8,12,"{'G0': True, 'GA': True, 'GB': True, 'GC': True, 'GD': True, 'GE': True, 'GF': True, 'GH': True}",replay,True,True,False,False,2026-03-11T17:51:14+00:00,2026-03-11T17:51:15.099462+00:00,0.1.0,,5801.0,0.016022129058837892,0.0368,,,,,,,,1.0,,,,,1.0,,,1.0,0.0,0.0,,,,45.7366784,865.8620774080217,0.1863662372845545
ideal_e1_lih_vqe_B4_cad8_seed59,lih_vqe,embedded_larger_active_space,ideal,e1,59,,B4,cadence_sweep,full_contract,parallel_fs,parallel_fs,,0.0,8,12,"{'G0': True, 'GA': True, 'GB': True, 'GC': True, 'GD': True, 'GE': True, 'GF': True, 'GH': True}",replay,True,True,False,False,2026-03-01T18:49:27+00:00,2026-03-01T18:49:28.099462+00:00,0.1.0,,5801.0,0.016022129058837892,0.0368,,,,,,,,1.0,,,,,1.0,,,1.0,0.0,0.0,,,,45.7366784,865.8620774080217,0.1863662372845545
ideal_e1_lih_vqe_B4_cad8_seed71,lih_vqe,embedded_larger_active_space,ideal,e1,71,,B4,cadence_sweep,full_contract,parallel_fs,parallel_fs,,0.0,8,12,"{'G0': True, 'GA': True, 'GB': True, 'GC': True, 'GD': True, 'GE': True, 'GF': True, 'GH': True}",replay,True,True,False,False,2026-03-17T01:06:03+00:00,2026-03-17T01:06:04.099462+00:00,0.1.0,,5801.0,0.016022129058837892,0.0368,,,,,,,,1.0,,,,,1.0,,,1.0,0.0,0.0,,,,45.7366784,865.8620774080217,0.1863662372845545
ideal_e1_lih_vqe_B4_cad8_seed83,lih_vqe,embedded_larger_active_space,ideal,e1,83,,B4,cadence_sweep,full_contract,parallel_fs,parallel_fs,,0.0,8,12,"{'G0': True, 'GA': True, 'GB': True, 'GC': True, 'GD': True, 'GE': True, 'GF': True, 'GH': True}",replay,True,True,False,False,2026-03-24T13:14:21+00:00,2026-03-24T13:14:22.099462+00:00,0.1.0,,5801.0,0.016022129058837892,0.0368,,,,,,,,1.0,,,,,1.0,,,1.0,0.0,0.0,,,,45.7366784,865.8620774080217,0.1863662372845545
ideal_e1_lih_vqe_B4_cad8_seed97,lih_vqe,embedded_larger_active_space,ideal,e1,97,,B4,cadence_sweep,full_contract,parallel_fs,parallel_fs,,0.0,8,12,"{'G0': True, 'GA': True, 'GB': True, 'GC': True, 'GD': True, 'GE': True, 'GF': True, 'GH': True}",replay,True,True,False,False,2026-03-13T16:33:23+00:00,2026-03-13T16:33:24.099462+00:00,0.1.0,,5801.0,0.016022129058837892,0.0368,,,,,,,,1.0,,,,,1.0,,,1.0,0.0,0.0,,,,45.7366784,865.8620774080217,0.1863662372845545
ideal_e1_lih_vqe_B4_cad8_seed101,lih_vqe,embedded_larger_active_space,ideal,e1,101,,B4,cadence_sweep,full_contract,parallel_fs,parallel_fs,,0.0,8,12,"{'G0': True, 'GA': True, 'GB': True, 'GC': True, 'GD': True, 'GE': True, 'GF': True, 'GH': True}",replay,True,True,False,False,2026-03-11T21:26:48+00:00,2026-03-11T21:26:49.099462+00:00,0.1.0,,5801.0,0.016022129058837892,0.0368,,,,,,,,1.0,,,,,1.0,,,1.0,0.0,0.0,,,,45.7366784,865.8620774080217,0.1863662372845545
ideal_e1_lih_vqe_B4_cad8_seed107,lih_vqe,embedded_larger_active_space,ideal,e1,107,,B4,cadence_sweep,full_contract,parallel_fs,parallel_fs,,0.0,8,12,"{'G0': True, 'GA': True, 'GB': True, 'GC': True, 'GD': True, 'GE': True, 'GF': True, 'GH': True}",replay,True,True,False,False,2026-03-06T13:30:25+00:00,2026-03-06T13:30:26.099462+00:00,0.1.0,,5801.0,0.016022129058837892,0.0368,,,,,,,,1.0,,,,,1.0,,,1.0,0.0,0.0,,,,45.7366784,865.8620774080217,0.1863662372845545
ideal_e1_lih_vqe_B4_cad8_seed113,lih_vqe,embedded_larger_active_space,ideal,e1,113,,B4,cadence_sweep,full_contract,parallel_fs,parallel_fs,,0.0,8,12,"{'G0': True, 'GA': True, 'GB': True, 'GC': True, 'GD': True, 'GE': True, 'GF': True, 'GH': True}",replay,True,True,False,False,2026-03-17T09:25:38+00:00,2026-03-17T09:25:39.099462+00:00,0.1.0,,5801.0,0.016022129058837892,0.0368,,,,,,,,1.0,,,,,1.0,,,1.0,0.0,0.0,,,,45.7366784,865.8620774080217,0.1863662372845545
ideal_e1_lih_vqe_B4_cad8_seed127,lih_vqe,embedded_larger_active_space,ideal,e1,127,,B4,cadence_sweep,full_contract,parallel_fs,parallel_fs,,0.0,8,12,"{'G0': True, 'GA': True, 'GB': True, 'GC': True, 'GD': True, 'GE': True, 'GF': True, 'GH': True}",replay,True,True,False,False,2026-03-12T22:40:39+00:00,2026-03-12T22:40:40.099462+00:00,0.1.0,,5801.0,0.016022129058837892,0.0368,,,,,,,,1.0,,,,,1.0,,,1.0,0.0,0.0,,,,45.7366784,865.8620774080217,0.1863662372845545
ideal_e1_lih_vqe_B4_cad8_seed131,lih_vqe,embedded_larger_active_space,ideal,e1,131,,B4,cadence_sweep,full_contract,parallel_fs,parallel_fs,,0.0,8,12,"{'G0': True, 'GA': True, 'GB': True, 'GC': True, 'GD': True, 'GE': True, 'GF': True, 'GH': True}",replay,True,True,False,False,2026-03-08T09:43:48+00:00,2026-03-08T09:43:49.099462+00:00,0.1.0,,5801.0,0.016022129058837892,0.0368,,,,,,,,1.0,,,,,1.0,,,1.0,0.0,0.0,,,,45.7366784,865.8620774080217,0.1863662372845545
ideal_e1_lih_vqe_B4_cad8_seed137,lih_vqe,embedded_larger_active_space,ideal,e1,137,,B4,cadence_sweep,full_contract,parallel_fs,parallel_fs,,0.0,8,12,"{'G0': True, 'GA': True, 'GB': True, 'GC': True, 'GD': True, 'GE': True, 'GF': True, 'GH': True}",replay,True,True,False,False,2026-03-20T12:57:18+00:00,2026-03-20T12:57:19.099462+00:00,0.1.0,,5801.0,0.016022129058837892,0.0368,,,,,,,,1.0,,,,,1.0,,,1.0,0.0,0.0,,,,45.7366784,865.8620774080217,0.1863662372845545
ideal_e1_lih_vqe_B4_cad8_seed149,lih_vqe,embedded_larger_active_space,ideal,e1,149,,B4,cadence_sweep,full_contract,parallel_fs,parallel_fs,,0.0,8,12,"{'G0': True, 'GA': True, 'GB': True, 'GC': True, 'GD': True, 'GE': True, 'GF': True, 'GH': True}",replay,True,True,False,False,2026-03-26T00:27:08+00:00,2026-03-26T00:27:09.099462+00:00,0.1.0,,5801.0,0.016022129058837892,0.0368,,,,,,,,1.0,,,,,1.0,,,1.0,0.0,0.0,,,,45.7366784,865.8620774080217,0.1863662372845545
ideal_e1_lih_vqe_B4_cad8_seed157,lih_vqe,embedded_larger_active_space,ideal,e1,157,,B4,cadence_sweep,full_contract,parallel_fs,parallel_fs,,0.0,8,12,"{'G0': True, 'GA': True, 'GB': True, 'GC': True, 'GD': True, 'GE': True, 'GF': True, 'GH': True}",replay,True,True,False,False,2026-03-14T15:35:49+00:00,2026-03-14T15:35:50.099462+00:00,0.1.0,,5801.0,0.016022129058837892,0.0368,,,,,,,,1.0,,,,,1.0,,,1.0,0.0,0.0,,,,45.7366784,865.8620774080217,0.1863662372845545
ideal_e1_lih_vqe_B4_cad8_seed163,lih_vqe,embedded_larger_active_space,ideal,e1,163,,B4,cadence_sweep,full_contract,parallel_fs,parallel_fs,,0.0,8,12,"{'G0': True, 'GA': True, 'GB': True, 'GC': True, 'GD': True, 'GE': True, 'GF': True, 'GH': True}",replay,True,True,False,False,2026-03-18T04:12:40+00:00,2026-03-18T04:12:41.099462+00:00,0.1.0,,5801.0,0.016022129058837892,0.0368,,,,,,,,1.0,,,,,1.0,,,1.0,0.0,0.0,,,,45.7366784,865.8620774080217,0.1863662372845545
ideal_e1_lih_vqe_B4_cad16_seed11,lih_vqe,embedded_larger_active_space,ideal,e1,11,,B4,cadence_sweep,full_contract,parallel_fs,parallel_fs,,0.0,16,12,"{'G0': True, 'GA': True, 'GB': True, 'GC': True, 'GD': True, 'GE': True, 'GF': True, 'GH': True}",replay,True,True,False,False,2026-03-29T09:40:01+00:00,2026-03-29T09:40:02.099462+00:00,0.1.0,,5873.0,0.016022403717041014,0.0368,,,,,,,,1.0,,,,,1.0,,,1.0,0.0,0.0,,,,193.460736,3662.4750557799343,0.09441471491882857
ideal_e1_lih_vqe_B4_cad16_seed17,lih_vqe,embedded_larger_active_space,ideal,e1,17,,B4,cadence_sweep,full_contract,parallel_fs,parallel_fs,,0.0,16,12,"{'G0': True, 'GA': True, 'GB': True, 'GC': True, 'GD': True, 'GE': True, 'GF': True, 'GH': True}",replay,True,True,False,False,2026-03-02T21:45:25+00:00,2026-03-02T21:45:26.099462+00:00,0.1.0,,5873.0,0.016022403717041014,0.0368,,,,,,,,1.0,,,,,1.0,,,1.0,0.0,0.0,,,,193.460736,3662.4750557799343,0.09441471491882857
ideal_e1_lih_vqe_B4_cad16_seed23,lih_vqe,embedded_larger_active_space,ideal,e1,23,,B4,cadence_sweep,full_contract,parallel_fs,parallel_fs,,0.0,16,12,"{'G0': True, 'GA': True, 'GB': True, 'GC': True, 'GD': True, 'GE': True, 'GF': True, 'GH': True}",replay,True,True,False,False,2026-03-29T01:58:32+00:00,2026-03-29T01:58:33.099462+00:00,0.1.0,,5873.0,0.016022403717041014,0.0368,,,,,,,,1.0,,,,,1.0,,,1.0,0.0,0.0,,,,193.460736,3662.4750557799343,0.09441471491882857
ideal_e1_lih_vqe_B4_cad16_seed31,lih_vqe,embedded_larger_active_space,ideal,e1,31,,B4,cadence_sweep,full_contract,parallel_fs,parallel_fs,,0.0,16,12,"{'G0': True, 'GA': True, 'GB': True, 'GC': True, 'GD': True, 'GE': True, 'GF': True, 'GH': True}",replay,True,True,False,False,2026-03-02T16:36:59+00:00,2026-03-02T16:37:00.099462+00:00,0.1.0,,5873.0,0.016022403717041014,0.0368,,,,,,,,1.0,,,,,1.0,,,1.0,0.0,0.0,,,,193.460736,3662.4750557799343,0.09441471491882857
ideal_e1_lih_vqe_B4_cad16_seed43,lih_vqe,embedded_larger_active_space,ideal,e1,43,,B4,cadence_sweep,full_contract,parallel_fs,parallel_fs,,0.0,16,12,"{'G0': True, 'GA': True, 'GB': True, 'GC': True, 'GD': True, 'GE': True, 'GF': True, 'GH': True}",replay,True,True,False,False,2026-03-05T02:18:27+00:00,2026-03-05T02:18:28.099462+00:00,0.1.0,,5873.0,0.016022403717041014,0.0368,,,,,,,,1.0,,,,,1.0,,,1.0,0.0,0.0,,,,193.460736,3662.4750557799343,0.09441471491882857
ideal_e1_lih_vqe_B4_cad16_seed59,lih_vqe,embedded_larger_active_space,ideal,e1,59,,B4,cadence_sweep,full_contract,parallel_fs,parallel_fs,,0.0,16,12,"{'G0': True, 'GA': True, 'GB': True, 'GC': True, 'GD': True, 'GE': True, 'GF': True, 'GH': True}",replay,True,True,False,False,2026-03-27T13:17:45+00:00,2026-03-27T13:17:46.099462+00:00,0.1.0,,5873.0,0.016022403717041014,0.0368,,,,,,,,1.0,,,,,1.0,,,1.0,0.0,0.0,,,,193.460736,3662.4750557799343,0.09441471491882857
ideal_e1_lih_vqe_B4_cad16_seed71,lih_vqe,embedded_larger_active_space,ideal,e1,71,,B4,cadence_sweep,full_contract,parallel_fs,parallel_fs,,0.0,16,12,"{'G0': True, 'GA': True, 'GB': True, 'GC': True, 'GD': True, 'GE': True, 'GF': True, 'GH': True}",replay,True,True,False,False,2026-03-09T02:54:39+00:00,2026-03-09T02:54:40.099462+00:00,0.1.0,,5873.0,0.016022403717041014,0.0368,,,,,,,,1.0,,,,,1.0,,,1.0,0.0,0.0,,,,193.460736,3662.4750557799343,0.09441471491882857
ideal_e1_lih_vqe_B4_cad16_seed83,lih_vqe,embedded_larger_active_space,ideal,e1,83,,B4,cadence_sweep,full_contract,parallel_fs,parallel_fs,,0.0,16,12,"{'G0': True, 'GA': True, 'GB': True, 'GC': True, 'GD': True, 'GE': True, 'GF': True, 'GH': True}",replay,True,True,False,False,2026-03-01T14:43:14+00:00,2026-03-01T14:43:15.099462+00:00,0.1.0,,5873.0,0.016022403717041014,0.0368,,,,,,,,1.0,,,,,1.0,,,1.0,0.0,0.0,,,,193.460736,3662.4750557799343,0.09441471491882857
ideal_e1_lih_vqe_B4_cad16_seed97,lih_vqe,embedded_larger_active_space,ideal,e1,97,,B4,cadence_sweep,full_contract,parallel_fs,parallel_fs,,0.0,16,12,"{'G0': True, 'GA': True, 'GB': True, 'GC': True, 'GD': True, 'GE': True, 'GF': True, 'GH': True}",replay,True,True,False,False,2026-03-16T08:31:03+00:00,2026-03-16T08:31:04.099462+00:00,0.1.0,,5873.0,0.016022403717041014,0.0368,,,,,,,,1.0,,,,,1.0,,,1.0,0.0,0.0,,,,193.460736,3662.4750557799343,0.09441471491882857
ideal_e1_lih_vqe_B4_cad16_seed101,lih_vqe,embedded_larger_active_space,ideal,e1,101,,B4,cadence_sweep,full_contract,parallel_fs,parallel_fs,,0.0,16,12,"{'G0': True, 'GA': True, 'GB': True, 'GC': True, 'GD': True, 'GE': True, 'GF': True, 'GH': True}",replay,True,True,False,False,2026-03-27T09:25:41+00:00,2026-03-27T09:25:42.099462+00:00,0.1.0,,5873.0,0.016022403717041014,0.0368,,,,,,,,1.0,,,,,1.0,,,1.0,0.0,0.0,,,,193.460736,3662.4750557799343,0.09441471491882857
ideal_e1_lih_vqe_B4_cad16_seed107,lih_vqe,embedded_larger_active_space,ideal,e1,107,,B4,cadence_sweep,full_contract,parallel_fs,parallel_fs,,0.0,16,12,"{'G0': True, 'GA': True, 'GB': True, 'GC': True, 'GD': True, 'GE': True, 'GF': True, 'GH': True}",replay,True,True,False,False,2026-03-26T09:54:37+00:00,2026-03-26T09:54:38.099462+00:00,0.1.0,,5873.0,0.016022403717041014,0.0368,,,,,,,,1.0,,,,,1.0,,,1.0,0.0,0.0,,,,193.460736,3662.4750557799343,0.09441471491882857
ideal_e1_lih_vqe_B4_cad16_seed113,lih_vqe,embedded_larger_active_space,ideal,e1,113,,B4,cadence_sweep,full_contract,parallel_fs,parallel_fs,,0.0,16,12,"{'G0': True, 'GA': True, 'GB': True, 'GC': True, 'GD': True, 'GE': True, 'GF': True, 'GH': True}",replay,True,True,False,False,2026-03-03T17:02:45+00:00,2026-03-03T17:02:46.099462+00:00,0.1.0,,5874.0,0.01602240753173828,0.0368,,,,,,,,1.0,,,,,1.0,,,1.0,0.0,0.0,,,,193.460736,3662.474791285485,0.09441473739757529
ideal_e1_lih_vqe_B4_cad16_seed127,lih_vqe,embedded_larger_active_space,ideal,e1,127,,B4,cadence_sweep,full_contract,parallel_fs,parallel_fs,,0.0,16,12,"{'G0': True, 'GA': True, 'GB': True, 'GC': True, 'GD': True, 'GE': True, 'GF': True, 'GH': True}",replay,True,True,False,False,2026-03-21T20:41:28+00:00,2026-03-21T20:41:29.099462+00:00,0.1.0,,5874.0,0.01602240753173828,0.0368,,,,,,,,1.0,,,,,1.0,,,1.0,0.0,0.0,,,,193.460736,3662.474791285485,0.09441473739757529
ideal_e1_lih_vqe_B4_cad16_seed131,lih_vqe,embedded_larger_active_space,ideal,e1,131,,B4,cadence_sweep,full_contract,parallel_fs,parallel_fs,,0.0,16,12,"{'G0': True, 'GA': True, 'GB': True, 'GC': True, 'GD': True, 'GE': True, 'GF': True, 'GH': True}",replay,True,True,False,False,2026-03-08T07:09:53+00:00,2026-03-08T07:09:54.099462+00:00,0.1.0,,5874.0,0.01602240753173828,0.0368,,,,,,,,1.0,,,,,1.0,,,1.0,0.0,0.0,,,,193.460736,3662.474791285485,0.09441473739757529
ideal_e1_lih_vqe_B4_cad16_seed137,lih_vqe,embedded_larger_active_space,ideal,e1,137,,B4,cadence_sweep,full_contract,parallel_fs,parallel_fs,,0.0,16,12,"{'G0': True, 'GA': True, 'GB': True, 'GC': True, 'GD': True, 'GE': True, 'GF': True, 'GH': True}",replay,True,True,False,False,2026-03-30T05:53:54+00:00,2026-03-30T05:53:55.099462+00:00,0.1.0,,5874.0,0.01602240753173828,0.0368,,,,,,,,1.0,,,,,1.0,,,1.0,0.0,0.0,,,,193.460736,3662.474791285485,0.09441473739757529
ideal_e1_lih_vqe_B4_cad16_seed149,lih_vqe,embedded_larger_active_space,ideal,e1,149,,B4,cadence_sweep,full_contract,parallel_fs,parallel_fs,,0.0,16,12,"{'G0': True, 'GA': True, 'GB': True, 'GC': True, 'GD': True, 'GE': True, 'GF': True, 'GH': True}",replay,True,True,False,False,2026-03-29T03:42:37+00:00,2026-03-29T03:42:38.099462+00:00,0.1.0,,5874.0,0.01602240753173828,0.0368,,,,,,,,1.0,,,,,1.0,,,1.0,0.0,0.0,,,,193.460736,3662.474791285485,0.09441473739757529
ideal_e1_lih_vqe_B4_cad16_seed157,lih_vqe,embedded_larger_active_space,ideal,e1,157,,B4,cadence_sweep,full_contract,parallel_fs,parallel_fs,,0.0,16,12,"{'G0': True, 'GA': True, 'GB': True, 'GC': True, 'GD': True, 'GE': True, 'GF': True, 'GH': True}",replay,True,True,False,False,2026-03-29T09:04:59+00:00,2026-03-29T09:05:00.099462+00:00,0.1.0,,5874.0,0.01602240753173828,0.0368,,,,,,,,1.0,,,,,1.0,,,1.0,0.0,0.0,,,,193.460736,3662.474791285485,0.09441473739757529
ideal_e1_lih_vqe_B4_cad16_seed163,lih_vqe,embedded_larger_active_space,ideal,e1,163,,B4,cadence_sweep,full_contract,parallel_fs,parallel_fs,,0.0,16,12,"{'G0': True, 'GA': True, 'GB': True, 'GC': True, 'GD': True, 'GE': True, 'GF': True, 'GH': True}",replay,True,True,False,False,2026-03-16T10:06:38+00:00,2026-03-16T10:06:39.099462+00:00,0.1.0,,5874.0,0.01602240753173828,0.0368,,,,,,,,1.0,,,,,1.0,,,1.0,0.0,0.0,,,,193.460736,3662.474791285485,0.09441473739757529
ideal_e1_lih_vqe_B5_cad1_seed11,lih_vqe,embedded_larger_active_space,ideal,e1,11,,B5,cadence_sweep,full_contract,parallel_fs,parallel_fs,,0.0,1,12,"{'G0': True, 'GA': True, 'GB': True, 'GC': True, 'GD': True, 'GE': True, 'GF': True, 'GH': True}",replay,True,True,False,False,2026-03-13T23:03:12+00:00,2026-03-13T23:03:13.099462+00:00,0.1.0,,5794.0,0.01602210235595703,0.0368,,,,,,,,1.0,,,,,1.0,,,1.0,0.0,0.0,,,,0.40812590000000004,7.726422875971984,0.8931136901579205
ideal_e1_lih_vqe_B5_cad1_seed17,lih_vqe,embedded_larger_active_space,ideal,e1,17,,B5,cadence_sweep,full_contract,parallel_fs,parallel_fs,,0.0,1,12,"{'G0': True, 'GA': True, 'GB': True, 'GC': True, 'GD': True, 'GE': True, 'GF': True, 'GH': True}",replay,True,True,False,False,2026-03-16T21:59:32+00:00,2026-03-16T21:59:33.099462+00:00,0.1.0,,5794.0,0.01602210235595703,0.0368,,,,,,,,1.0,,,,,1.0,,,1.0,0.0,0.0,,,,0.40812590000000004,7.726422875971984,0.8931136901579205
ideal_e1_lih_vqe_B5_cad1_seed23,lih_vqe,embedded_larger_active_space,ideal,e1,23,,B5,cadence_sweep,full_contract,parallel_fs,parallel_fs,,0.0,1,12,"{'G0': True, 'GA': True, 'GB': True, 'GC': True, 'GD': True, 'GE': True, 'GF': True, 'GH': True}",replay,True,True,False,False,2026-03-15T06:13:00+00:00,2026-03-15T06:13:01.099462+00:00,0.1.0,,5794.0,0.01602210235595703,0.0368,,,,,,,,1.0,,,,,1.0,,,1.0,0.0,0.0,,,,0.40812590000000004,7.726422875971984,0.8931136901579205
ideal_e1_lih_vqe_B5_cad1_seed31,lih_vqe,embedded_larger_active_space,ideal,e1,31,,B5,cadence_sweep,full_contract,parallel_fs,parallel_fs,,0.0,1,12,"{'G0': True, 'GA': True, 'GB': True, 'GC': True, 'GD': True, 'GE': True, 'GF': True, 'GH': True}",replay,True,True,False,False,2026-03-02T00:23:40+00:00,2026-03-02T00:23:41.099462+00:00,0.1.0,,5794.0,0.01602210235595703,0.0368,,,,,,,,1.0,,,,,1.0,,,1.0,0.0,0.0,,,,0.40812590000000004,7.726422875971984,0.8931136901579205
ideal_e1_lih_vqe_B5_cad1_seed43,lih_vqe,embedded_larger_active_space,ideal,e1,43,,B5,cadence_sweep,full_contract,parallel_fs,parallel_fs,,0.0,1,12,"{'G0': True, 'GA': True, 'GB': True, 'GC': True, 'GD': True, 'GE': True, 'GF': True, 'GH': True}",replay,True,True,False,False,2026-03-03T04:56:55+00:00,2026-03-03T04:56:56.099462+00:00,0.1.0,,5794.0,0.01602210235595703,0.0368,,,,,,,,1.0,,,,,1.0,,,1.0,0.0,0.0,,,,0.40812590000000004,7.726422875971984,0.8931136901579205
ideal_e1_lih_vqe_B5_cad1_seed59,lih_vqe,embedded_larger_active_space,ideal,e1,59,,B5,cadence_sweep,full_contract,parallel_fs,parallel_fs,,0.0,1,12,"{'G0': True, 'GA': True, 'GB': True, 'GC': True, 'GD': True, 'GE': True, 'GF': True, 'GH': True}",replay,True,True,False,False,2026-03-09T13:08:52+00:00,2026-03-09T13:08:53.099462+00:00,0.1.0,,5794.0,0.01602210235595703,0.0368,,,,,,,,1.0,,,,,1.0,,,1.0,0.0,0.0,,,,0.40812590000000004,7.726422875971984,0.8931136901579205
ideal_e1_lih_vqe_B5_cad1_seed71,lih_vqe,embedded_larger_active_space,ideal,e1,71,,B5,cadence_sweep,full_contract,parallel_fs,parallel_fs,,0.0,1,12,"{'G0': True, 'GA': True, 'GB': True, 'GC': True, 'GD': True, 'GE': True, 'GF': True, 'GH': True}",replay,True,True,False,False,2026-03-30T00:34:11+00:00,2026-03-30T00:34:12.099462+00:00,0.1.0,,5794.0,0.01602210235595703,0.0368,,,,,,,,1.0,,,,,1.0,,,1.0,0.0,0.0,,,,0.40812590000000004,7.726422875971984,0.8931136901579205
ideal_e1_lih_vqe_B5_cad1_seed83,lih_vqe,embedded_larger_active_space,ideal,e1,83,,B5,cadence_sweep,full_contract,parallel_fs,parallel_fs,,0.0,1,12,"{'G0': True, 'GA': True, 'GB': True, 'GC': True, 'GD': True, 'GE': True, 'GF': True, 'GH': True}",replay,True,True,False,False,2026-03-23T01:15:49+00:00,2026-03-23T01:15:50.099462+00:00,0.1.0,,5794.0,0.01602210235595703,0.0368,,,,,,,,1.0,,,,,1.0,,,1.0,0.0,0.0,,,,0.40812590000000004,7.726422875971984,0.8931136901579205
ideal_e1_lih_vqe_B5_cad1_seed97,lih_vqe,embedded_larger_active_space,ideal,e1,97,,B5,cadence_sweep,full_contract,parallel_fs,parallel_fs,,0.0,1,12,"{'G0': True, 'GA': True, 'GB': True, 'GC': True, 'GD': True, 'GE': True, 'GF': True, 'GH': True}",replay,True,True,False,False,2026-03-15T01:16:13+00:00,2026-03-15T01:16:14.099462+00:00,0.1.0,,5794.0,0.01602210235595703,0.0368,,,,,,,,1.0,,,,,1.0,,,1.0,0.0,0.0,,,,0.40812590000000004,7.726422875971984,0.8931136901579205
ideal_e1_lih_vqe_B5_cad1_seed101,lih_vqe,embedded_larger_active_space,ideal,e1,101,,B5,cadence_sweep,full_contract,parallel_fs,parallel_fs,,0.0,1,12,"{'G0': True, 'GA': True, 'GB': True, 'GC': True, 'GD': True, 'GE': True, 'GF': True, 'GH': True}",replay,True,True,False,False,2026-03-12T06:38:00+00:00,2026-03-12T06:38:01.099462+00:00,0.1.0,,5794.0,0.01602210235595703,0.0368,,,,,,,,1.0,,,,,1.0,,,1.0,0.0,0.0,,,,0.40812590000000004,7.726422875971984,0.8931136901579205
ideal_e1_lih_vqe_B5_cad1_seed107,lih_vqe,embedded_larger_active_space,ideal,e1,107,,B5,cadence_sweep,full_contract,parallel_fs,parallel_fs,,0.0,1,12,"{'G0': True, 'GA': True, 'GB': True, 'GC': True, 'GD': True, 'GE': True, 'GF': True, 'GH': True}",replay,True,True,False,False,2026-03-11T05:30:43+00:00,2026-03-11T05:30:44.099462+00:00,0.1.0,,5794.0,0.01602210235595703,0.0368,,,,,,,,1.0,,,,,1.0,,,1.0,0.0,0.0,,,,0.40812590000000004,7.726422875971984,0.8931136901579205
ideal_e1_lih_vqe_B5_cad1_seed113,lih_vqe,embedded_larger_active_space,ideal,e1,113,,B5,cadence_sweep,full_contract,parallel_fs,parallel_fs,,0.0,1,12,"{'G0': True, 'GA': True, 'GB': True, 'GC': True, 'GD': True, 'GE': True, 'GF': True, 'GH': True}",replay,True,True,False,False,2026-03-15T12:09:09+00:00,2026-03-15T12:09:10.099462+00:00,0.1.0,,5794.0,0.01602210235595703,0.0368,,,,,,,,1.0,,,,,1.0,,,1.0,0.0,0.0,,,,0.40812590000000004,7.726422875971984,0.8931136901579205
ideal_e1_lih_vqe_B5_cad1_seed127,lih_vqe,embedded_larger_active_space,ideal,e1,127,,B5,cadence_sweep,full_contract,parallel_fs,parallel_fs,,0.0,1,12,"{'G0': True, 'GA': True, 'GB': True, 'GC': True, 'GD': True, 'GE': True, 'GF': True, 'GH': True}",replay,True,True,False,False,2026-03-07T09:06:54+00:00,2026-03-07T09:06:55.099462+00:00,0.1.0,,5794.0,0.01602210235595703,0.0368,,,,,,,,1.0,,,,,1.0,,,1.0,0.0,0.0,,,,0.40812590000000004,7.726422875971984,0.8931136901579205
ideal_e1_lih_vqe_B5_cad1_seed131,lih_vqe,embedded_larger_active_space,ideal,e1,131,,B5,cadence_sweep,full_contract,parallel_fs,parallel_fs,,0.0,1,12,"{'G0': True, 'GA': True, 'GB': True, 'GC': True, 'GD': True, 'GE': True, 'GF': True, 'GH': True}",replay,True,True,False,False,2026-03-29T01:20:11+00:00,2026-03-29T01:20:12.099462+00:00,0.1.0,,5794.0,0.01602210235595703,0.0368,,,,,,,,1.0,,,,,1.0,,,1.0,0.0,0.0,,,,0.40812590000000004,7.726422875971984,0.8931136901579205
ideal_e1_lih_vqe_B5_cad1_seed137,lih_vqe,embedded_larger_active_space,ideal,e1,137,,B5,cadence_sweep,full_contract,parallel_fs,parallel_fs,,0.0,1,12,"{'G0': True, 'GA': True, 'GB': True, 'GC': True, 'GD': True, 'GE': True, 'GF': True, 'GH': True}",replay,True,True,False,False,2026-03-06T10:53:02+00:00,2026-03-06T10:53:03.099462+00:00,0.1.0,,5794.0,0.01602210235595703,0.0368,,,,,,,,1.0,,,,,1.0,,,1.0,0.0,0.0,,,,0.40812590000000004,7.726422875971984,0.8931136901579205
ideal_e1_lih_vqe_B5_cad1_seed149,lih_vqe,embedded_larger_active_space,ideal,e1,149,,B5,cadence_sweep,full_contract,parallel_fs,parallel_fs,,0.0,1,12,"{'G0': True, 'GA': True, 'GB': True, 'GC': True, 'GD': True, 'GE': True, 'GF': True, 'GH': True}",replay,True,True,False,False,2026-03-13T19:59:10+00:00,2026-03-13T19:59:11.099462+00:00,0.1.0,,5794.0,0.01602210235595703,0.0368,,,,,,,,1.0,,,,,1.0,,,1.0,0.0,0.0,,,,0.40812590000000004,7.726422875971984,0.8931136901579205
ideal_e1_lih_vqe_B5_cad1_seed157,lih_vqe,embedded_larger_active_space,ideal,e1,157,,B5,cadence_sweep,full_contract,parallel_fs,parallel_fs,,0.0,1,12,"{'G0': True, 'GA': True, 'GB': True, 'GC': True, 'GD': True, 'GE': True, 'GF': True, 'GH': True}",replay,True,True,False,False,2026-03-12T14:09:06+00:00,2026-03-12T14:09:07.099462+00:00,0.1.0,,5794.0,0.01602210235595703,0.0368,,,,,,,,1.0,,,,,1.0,,,1.0,0.0,0.0,,,,0.40812590000000004,7.726422875971984,0.8931136901579205
ideal_e1_lih_vqe_B5_cad1_seed163,lih_vqe,embedded_larger_active_space,ideal,e1,163,,B5,cadence_sweep,full_contract,parallel_fs,parallel_fs,,0.0,1,12,"{'G0': True, 'GA': True, 'GB': True, 'GC': True, 'GD': True, 'GE': True, 'GF': True, 'GH': True}",replay,True,True,False,False,2026-03-15T22:37:28+00:00,2026-03-15T22:37:29.099462+00:00,0.1.0,,5794.0,0.01602210235595703,0.0368,,,,,,,,1.0,,,,,1.0,,,1.0,0.0,0.0,,,,0.40812590000000004,7.726422875971984,0.8931136901579205
ideal_e1_lih_vqe_B5_cad2_seed11,lih_vqe,embedded_larger_active_space,ideal,e1,11,,B5,cadence_sweep,full_contract,parallel_fs,parallel_fs,,0.0,2,12,"{'G0': True, 'GA': True, 'GB': True, 'GC': True, 'GD': True, 'GE': True, 'GF': True, 'GH': True}",replay,True,True,False,False,2026-03-19T18:46:48+00:00,2026-03-19T18:46:49.099462+00:00,0.1.0,,5804.0,0.016022140502929688,0.0368,,,,,,,,1.0,,,,,1.0,,,1.0,0.0,0.0,,,,2.5849460000000004,48.936790054099205,0.5640407133327356
ideal_e1_lih_vqe_B5_cad2_seed17,lih_vqe,embedded_larger_active_space,ideal,e1,17,,B5,cadence_sweep,full_contract,parallel_fs,parallel_fs,,0.0,2,12,"{'G0': True, 'GA': True, 'GB': True, 'GC': True, 'GD': True, 'GE': True, 'GF': True, 'GH': True}",replay,True,True,False,False,2026-03-04T08:52:14+00:00,2026-03-04T08:52:15.099462+00:00,0.1.0,,5804.0,0.016022140502929688,0.0368,,,,,,,,1.0,,,,,1.0,,,1.0,0.0,0.0,,,,2.5849460000000004,48.936790054099205,0.5640407133327356
ideal_e1_lih_vqe_B5_cad2_seed23,lih_vqe,embedded_larger_active_space,ideal,e1,23,,B5,cadence_sweep,full_contract,parallel_fs,parallel_fs,,0.0,2,12,"{'G0': True, 'GA': True, 'GB': True, 'GC': True, 'GD': True, 'GE': True, 'GF': True, 'GH': True}",replay,True,True,False,False,2026-03-13T13:37:53+00:00,2026-03-13T13:37:54.099462+00:00,0.1.0,,5804.0,0.016022140502929688,0.0368,,,,,,,,1.0,,,,,1.0,,,1.0,0.0,0.0,,,,2.5849460000000004,48.936790054099205,0.5640407133327356
ideal_e1_lih_vqe_B5_cad2_seed31,lih_vqe,embedded_larger_active_space,ideal,e1,31,,B5,cadence_sweep,full_contract,parallel_fs,parallel_fs,,0.0,2,12,"{'G0': True, 'GA': True, 'GB': True, 'GC': True, 'GD': True, 'GE': True, 'GF': True, 'GH': True}",replay,True,True,False,False,2026-03-17T04:53:53+00:00,2026-03-17T04:53:54.099462+00:00,0.1.0,,5804.0,0.016022140502929688,0.0368,,,,,,,,1.0,,,,,1.0,,,1.0,0.0,0.0,,,,2.5849460000000004,48.936790054099205,0.5640407133327356
ideal_e1_lih_vqe_B5_cad2_seed43,lih_vqe,embedded_larger_active_space,ideal,e1,43,,B5,cadence_sweep,full_contract,parallel_fs,parallel_fs,,0.0,2,12,"{'G0': True, 'GA': True, 'GB': True, 'GC': True, 'GD': True, 'GE': True, 'GF': True, 'GH': True}",replay,True,True,False,False,2026-03-03T07:13:25+00:00,2026-03-03T07:13:26.099462+00:00,0.1.0,,5804.0,0.016022140502929688,0.0368,,,,,,,,1.0,,,,,1.0,,,1.0,0.0,0.0,,,,2.5849460000000004,48.936790054099205,0.5640407133327356
ideal_e1_lih_vqe_B5_cad2_seed59,lih_vqe,embedded_larger_active_space,ideal,e1,59,,B5,cadence_sweep,full_contract,parallel_fs,parallel_fs,,0.0,2,12,"{'G0': True, 'GA': True, 'GB': True, 'GC': True, 'GD': True, 'GE': True, 'GF': True, 'GH': True}",replay,True,True,False,False,2026-03-02T17:43:34+00:00,2026-03-02T17:43:35.099462+00:00,0.1.0,,5804.0,0.016022140502929688,0.0368,,,,,,,,1.0,,,,,1.0,,,1.0,0.0,0.0,,,,2.5849460000000004,48.936790054099205,0.5640407133327356
ideal_e1_lih_vqe_B5_cad2_seed71,lih_vqe,embedded_larger_active_space,ideal,e1,71,,B5,cadence_sweep,full_contract,parallel_fs,parallel_fs,,0.0,2,12,"{'G0': True, 'GA': True, 'GB': True, 'GC': True, 'GD': True, 'GE': True, 'GF': True, 'GH': True}",replay,True,True,False,False,2026-03-18T16:14:30+00:00,2026-03-18T16:14:31.099462+00:00,0.1.0,,5804.0,0.016022140502929688,0.0368,,,,,,,,1.0,,,,,1.0,,,1.0,0.0,0.0,,,,2.5849460000000004,48.936790054099205,0.5640407133327356
ideal_e1_lih_vqe_B5_cad2_seed83,lih_vqe,embedded_larger_active_space,ideal,e1,83,,B5,cadence_sweep,full_contract,parallel_fs,parallel_fs,,0.0,2,12,"{'G0': True, 'GA': True, 'GB': True, 'GC': True, 'GD': True, 'GE': True, 'GF': True, 'GH': True}",replay,True,True,False,False,2026-03-15T00:19:07+00:00,2026-03-15T00:19:08.099462+00:00,0.1.0,,5804.0,0.016022140502929688,0.0368,,,,,,,,1.0,,,,,1.0,,,1.0,0.0,0.0,,,,2.5849460000000004,48.936790054099205,0.5640407133327356
ideal_e1_lih_vqe_B5_cad2_seed97,lih_vqe,embedded_larger_active_space,ideal,e1,97,,B5,cadence_sweep,full_contract,parallel_fs,parallel_fs,,0.0,2,12,"{'G0': True, 'GA': True, 'GB': True, 'GC': True, 'GD': True, 'GE': True, 'GF': True, 'GH': True}",replay,True,True,False,False,2026-03-03T12:36:03+00:00,2026-03-03T12:36:04.099462+00:00,0.1.0,,5804.0,0.016022140502929688,0.0368,,,,,,,,1.0,,,,,1.0,,,1.0,0.0,0.0,,,,2.5849460000000004,48.936790054099205,0.5640407133327356
ideal_e1_lih_vqe_B5_cad2_seed101,lih_vqe,embedded_larger_active_space,ideal,e1,101,,B5,cadence_sweep,full_contract,parallel_fs,parallel_fs,,0.0,2,12,"{'G0': True, 'GA': True, 'GB': True, 'GC': True, 'GD': True, 'GE': True, 'GF': True, 'GH': True}",replay,True,True,False,False,2026-03-07T19:54:34+00:00,2026-03-07T19:54:35.099462+00:00,0.1.0,,5804.0,0.016022140502929688,0.0368,,,,,,,,1.0,,,,,1.0,,,1.0,0.0,0.0,,,,2.5849460000000004,48.936790054099205,0.5640407133327356
ideal_e1_lih_vqe_B5_cad2_seed107,lih_vqe,embedded_larger_active_space,ideal,e1,107,,B5,cadence_sweep,full_contract,parallel_fs,parallel_fs,,0.0,2,12,"{'G0': True, 'GA': True, 'GB': True, 'GC': True, 'GD': True, 'GE': True, 'GF': True, 'GH': True}",replay,True,True,False,False,2026-03-12T00:12:58+00:00,2026-03-12T00:12:59.099462+00:00,0.1.0,,5804.0,0.016022140502929688,0.0368,,,,,,,,1.0,,,,,1.0,,,1.0,0.0,0.0,,,,2.5849460000000004,48.936790054099205,0.5640407133327356
ideal_e1_lih_vqe_B5_cad2_seed113,lih_vqe,embedded_larger_active_space,ideal,e1,113,,B5,cadence_sweep,full_contract,parallel_fs,parallel_fs,,0.0,2,12,"{'G0': True, 'GA': True, 'GB': True, 'GC': True, 'GD': True, 'GE': True, 'GF': True, 'GH': True}",replay,True,True,False,False,2026-03-13T00:11:08+00:00,2026-03-13T00:11:09.099462+00:00,0.1.0,,5804.0,0.016022140502929688,0.0368,,,,,,,,1.0,,,,,1.0,,,1.0,0.0,0.0,,,,2.5849460000000004,48.936790054099205,0.5640407133327356
ideal_e1_lih_vqe_B5_cad2_seed127,lih_vqe,embedded_larger_active_space,ideal,e1,127,,B5,cadence_sweep,full_contract,parallel_fs,parallel_fs,,0.0,2,12,"{'G0': True, 'GA': True, 'GB': True, 'GC': True, 'GD': True, 'GE': True, 'GF': True, 'GH': True}",replay,True,True,False,False,2026-03-09T18:29:27+00:00,2026-03-09T18:29:28.099462+00:00,0.1.0,,5804.0,0.016022140502929688,0.0368,,,,,,,,1.0,,,,,1.0,,,1.0,0.0,0.0,,,,2.5849460000000004,48.936790054099205,0.5640407133327356
ideal_e1_lih_vqe_B5_cad2_seed131,lih_vqe,embedded_larger_active_space,ideal,e1,131,,B5,cadence_sweep,full_contract,parallel_fs,parallel_fs,,0.0,2,12,"{'G0': True, 'GA': True, 'GB': True, 'GC': True, 'GD': True, 'GE': True, 'GF': True, 'GH': True}",replay,True,True,False,False,2026-03-21T12:49:09+00:00,2026-03-21T12:49:10.099462+00:00,0.1.0,,5804.0,0.016022140502929688,0.0368,,,,,,,,1.0,,,,,1.0,,,1.0,0.0,0.0,,,,2.5849460000000004,48.936790054099205,0.5640407133327356
ideal_e1_lih_vqe_B5_cad2_seed137,lih_vqe,embedded_larger_active_space,ideal,e1,137,,B5,cadence_sweep,full_contract,parallel_fs,parallel_fs,,0.0,2,12,"{'G0': True, 'GA': True, 'GB': True, 'GC': True, 'GD': True, 'GE': True, 'GF': True, 'GH': True}",replay,True,True,False,False,2026-03-09T08:01:36+00:00,2026-03-09T08:01:37.099462+00:00,0.1.0,,5804.0,0.016022140502929688,0.0368,,,,,,,,1.0,,,,,1.0,,,1.0,0.0,0.0,,,,2.5849460000000004,48.936790054099205,0.5640407133327356
ideal_e1_lih_vqe_B5_cad2_seed149,lih_vqe,embedded_larger_active_space,ideal,e1,149,,B5,cadence_sweep,full_contract,parallel_fs,parallel_fs,,0.0,2,12,"{'G0': True, 'GA': True, 'GB': True, 'GC': True, 'GD': True, 'GE': True, 'GF': True, 'GH': True}",replay,True,True,False,False,2026-03-13T12:26:35+00:00,2026-03-13T12:26:36.099462+00:00,0.1.0,,5804.0,0.016022140502929688,0.0368,,,,,,,,1.0,,,,,1.0,,,1.0,0.0,0.0,,,,2.5849460000000004,48.936790054099205,0.5640407133327356
ideal_e1_lih_vqe_B5_cad2_seed157,lih_vqe,embedded_larger_active_space,ideal,e1,157,,B5,cadence_sweep,full_contract,parallel_fs,parallel_fs,,0.0,2,12,"{'G0': True, 'GA': True, 'GB': True, 'GC': True, 'GD': True, 'GE': True, 'GF': True, 'GH': True}",replay,True,True,False,False,2026-03-09T21:59:35+00:00,2026-03-09T21:59:36.099462+00:00,0.1.0,,5804.0,0.016022140502929688,0.0368,,,,,,,,1.0,,,,,1.0,,,1.0,0.0,0.0,,,,2.5849460000000004,48.936790054099205,0.5640407133327356
ideal_e1_lih_vqe_B5_cad2_seed163,lih_vqe,embedded_larger_active_space,ideal,e1,163,,B5,cadence_sweep,full_contract,parallel_fs,parallel_fs,,0.0,2,12,"{'G0': True, 'GA': True, 'GB': True, 'GC': True, 'GD': True, 'GE': True, 'GF': True, 'GH': True}",replay,True,True,False,False,2026-03-28T10:11:01+00:00,2026-03-28T10:11:02.099462+00:00,0.1.0,,5804.0,0.016022140502929688,0.0368,,,,,,,,1.0,,,,,1.0,,,1.0,0.0,0.0,,,,2.5849460000000004,48.936790054099205,0.5640407133327356
ideal_e1_lih_vqe_B5_cad4_seed11,lih_vqe,embedded_larger_active_space,ideal,e1,11,,B5,cadence_sweep,full_contract,parallel_fs,parallel_fs,,0.0,4,12,"{'G0': True, 'GA': True, 'GB': True, 'GC': True, 'GD': True, 'GE': True, 'GF': True, 'GH': True}",replay,True,True,False,False,2026-03-27T01:53:43+00:00,2026-03-27T01:53:44.099462+00:00,0.1.0,,5822.0,0.01602220916748047,0.0368,,,,,,,,1.0,,,,,1.0,,,1.0,0.0,0.0,,,,13.4694924,254.99676390461107,0.32473852561230654
ideal_e1_lih_vqe_B5_cad4_seed17,lih_vqe,embedded_larger_active_space,ideal,e1,17,,B5,cadence_sweep,full_contract,parallel_fs,parallel_fs,,0.0,4,12,"{'G0': True, 'GA': True, 'GB': True, 'GC': True, 'GD': True, 'GE': True, 'GF': True, 'GH': True}",replay,True,True,False,False,2026-03-15T06:04:33+00:00,2026-03-15T06:04:34.099462+00:00,0.1.0,,5822.0,0.01602220916748047,0.0368,,,,,,,,1.0,,,,,1.0,,,1.0,0.0,0.0,,,,13.4694924,254.99676390461107,0.32473852561230654
ideal_e1_lih_vqe_B5_cad4_seed23,lih_vqe,embedded_larger_active_space,ideal,e1,23,,B5,cadence_sweep,full_contract,parallel_fs,parallel_fs,,0.0,4,12,"{'G0': True, 'GA': True, 'GB': True, 'GC': True, 'GD': True, 'GE': True, 'GF': True, 'GH': True}",replay,True,True,False,False,2026-03-06T16:16:06+00:00,2026-03-06T16:16:07.099462+00:00,0.1.0,,5822.0,0.01602220916748047,0.0368,,,,,,,,1.0,,,,,1.0,,,1.0,0.0,0.0,,,,13.4694924,254.99676390461107,0.32473852561230654
ideal_e1_lih_vqe_B5_cad4_seed31,lih_vqe,embedded_larger_active_space,ideal,e1,31,,B5,cadence_sweep,full_contract,parallel_fs,parallel_fs,,0.0,4,12,"{'G0': True, 'GA': True, 'GB': True, 'GC': True, 'GD': True, 'GE': True, 'GF': True, 'GH': True}",replay,True,True,False,False,2026-03-10T23:02:58+00:00,2026-03-10T23:02:59.099462+00:00,0.1.0,,5822.0,0.01602220916748047,0.0368,,,,,,,,1.0,,,,,1.0,,,1.0,0.0,0.0,,,,13.4694924,254.99676390461107,0.32473852561230654
ideal_e1_lih_vqe_B5_cad4_seed43,lih_vqe,embedded_larger_active_space,ideal,e1,43,,B5,cadence_sweep,full_contract,parallel_fs,parallel_fs,,0.0,4,12,"{'G0': True, 'GA': True, 'GB': True, 'GC': True, 'GD': True, 'GE': True, 'GF': True, 'GH': True}",replay,True,True,False,False,2026-03-28T23:10:43+00:00,2026-03-28T23:10:44.099462+00:00,0.1.0,,5822.0,0.01602220916748047,0.0368,,,,,,,,1.0,,,,,1.0,,,1.0,0.0,0.0,,,,13.4694924,254.99676390461107,0.32473852561230654
ideal_e1_lih_vqe_B5_cad4_seed59,lih_vqe,embedded_larger_active_space,ideal,e1,59,,B5,cadence_sweep,full_contract,parallel_fs,parallel_fs,,0.0,4,12,"{'G0': True, 'GA': True, 'GB': True, 'GC': True, 'GD': True, 'GE': True, 'GF': True, 'GH': True}",replay,True,True,False,False,2026-03-19T03:01:38+00:00,2026-03-19T03:01:39.099462+00:00,0.1.0,,5822.0,0.01602220916748047,0.0368,,,,,,,,1.0,,,,,1.0,,,1.0,0.0,0.0,,,,13.4694924,254.99676390461107,0.32473852561230654
ideal_e1_lih_vqe_B5_cad4_seed71,lih_vqe,embedded_larger_active_space,ideal,e1,71,,B5,cadence_sweep,full_contract,parallel_fs,parallel_fs,,0.0,4,12,"{'G0': True, 'GA': True, 'GB': True, 'GC': True, 'GD': True, 'GE': True, 'GF': True, 'GH': True}",replay,True,True,False,False,2026-03-10T09:54:38+00:00,2026-03-10T09:54:39.099462+00:00,0.1.0,,5822.0,0.01602220916748047,0.0368,,,,,,,,1.0,,,,,1.0,,,1.0,0.0,0.0,,,,13.4694924,254.99676390461107,0.32473852561230654
ideal_e1_lih_vqe_B5_cad4_seed83,lih_vqe,embedded_larger_active_space,ideal,e1,83,,B5,cadence_sweep,full_contract,parallel_fs,parallel_fs,,0.0,4,12,"{'G0': True, 'GA': True, 'GB': True, 'GC': True, 'GD': True, 'GE': True, 'GF': True, 'GH': True}",replay,True,True,False,False,2026-03-27T18:16:52+00:00,2026-03-27T18:16:53.099462+00:00,0.1.0,,5822.0,0.01602220916748047,0.0368,,,,,,,,1.0,,,,,1.0,,,1.0,0.0,0.0,,,,13.4694924,254.99676390461107,0.32473852561230654
ideal_e1_lih_vqe_B5_cad4_seed97,lih_vqe,embedded_larger_active_space,ideal,e1,97,,B5,cadence_sweep,full_contract,parallel_fs,parallel_fs,,0.0,4,12,"{'G0': True, 'GA': True, 'GB': True, 'GC': True, 'GD': True, 'GE': True, 'GF': True, 'GH': True}",replay,True,True,False,False,2026-03-02T01:13:58+00:00,2026-03-02T01:13:59.099462+00:00,0.1.0,,5822.0,0.01602220916748047,0.0368,,,,,,,,1.0,,,,,1.0,,,1.0,0.0,0.0,,,,13.4694924,254.99676390461107,0.32473852561230654
ideal_e1_lih_vqe_B5_cad4_seed101,lih_vqe,embedded_larger_active_space,ideal,e1,101,,B5,cadence_sweep,full_contract,parallel_fs,parallel_fs,,0.0,4,12,"{'G0': True, 'GA': True, 'GB': True, 'GC': True, 'GD': True, 'GE': True, 'GF': True, 'GH': True}",replay,True,True,False,False,2026-03-23T10:18:43+00:00,2026-03-23T10:18:44.099462+00:00,0.1.0,,5822.0,0.01602220916748047,0.0368,,,,,,,,1.0,,,,,1.0,,,1.0,0.0,0.0,,,,13.4694924,254.99676390461107,0.32473852561230654
ideal_e1_lih_vqe_B5_cad4_seed107,lih_vqe,embedded_larger_active_space,ideal,e1,107,,B5,cadence_sweep,full_contract,parallel_fs,parallel_fs,,0.0,4,12,"{'G0': True, 'GA': True, 'GB': True, 'GC': True, 'GD': True, 'GE': True, 'GF': True, 'GH': True}",replay,True,True,False,False,2026-03-14T14:03:12+00:00,2026-03-14T14:03:13.099462+00:00,0.1.0,,5822.0,0.01602220916748047,0.0368,,,,,,,,1.0,,,,,1.0,,,1.0,0.0,0.0,,,,13.4694924,254.99676390461107,0.32473852561230654
ideal_e1_lih_vqe_B5_cad4_seed113,lih_vqe,embedded_larger_active_space,ideal,e1,113,,B5,cadence_sweep,full_contract,parallel_fs,parallel_fs,,0.0,4,12,"{'G0': True, 'GA': True, 'GB': True, 'GC': True, 'GD': True, 'GE': True, 'GF': True, 'GH': True}",replay,True,True,False,False,2026-03-29T23:54:12+00:00,2026-03-29T23:54:13.099462+00:00,0.1.0,,5822.0,0.01602220916748047,0.0368,,,,,,,,1.0,,,,,1.0,,,1.0,0.0,0.0,,,,13.4694924,254.99676390461107,0.32473852561230654
ideal_e1_lih_vqe_B5_cad4_seed127,lih_vqe,embedded_larger_active_space,ideal,e1,127,,B5,cadence_sweep,full_contract,parallel_fs,parallel_fs,,0.0,4,12,"{'G0': True, 'GA': True, 'GB': True, 'GC': True, 'GD': True, 'GE': True, 'GF': True, 'GH': True}",replay,True,True,False,False,2026-03-03T16:58:59+00:00,2026-03-03T16:59:00.099462+00:00,0.1.0,,5822.0,0.01602220916748047,0.0368,,,,,,,,1.0,,,,,1.0,,,1.0,0.0,0.0,,,,13.4694924,254.99676390461107,0.32473852561230654
ideal_e1_lih_vqe_B5_cad4_seed131,lih_vqe,embedded_larger_active_space,ideal,e1,131,,B5,cadence_sweep,full_contract,parallel_fs,parallel_fs,,0.0,4,12,"{'G0': True, 'GA': True, 'GB': True, 'GC': True, 'GD': True, 'GE': True, 'GF': True, 'GH': True}",replay,True,True,False,False,2026-03-23T21:55:00+00:00,2026-03-23T21:55:01.099462+00:00,0.1.0,,5822.0,0.01602220916748047,0.0368,,,,,,,,1.0,,,,,1.0,,,1.0,0.0,0.0,,,,13.4694924,254.99676390461107,0.32473852561230654
ideal_e1_lih_vqe_B5_cad4_seed137,lih_vqe,embedded_larger_active_space,ideal,e1,137,,B5,cadence_sweep,full_contract,parallel_fs,parallel_fs,,0.0,4,12,"{'G0': True, 'GA': True, 'GB': True, 'GC': True, 'GD': True, 'GE': True, 'GF': True, 'GH': True}",replay,True,True,False,False,2026-03-07T18:42:46+00:00,2026-03-07T18:42:47.099462+00:00,0.1.0,,5822.0,0.01602220916748047,0.0368,,,,,,,,1.0,,,,,1.0,,,1.0,0.0,0.0,,,,13.4694924,254.99676390461107,0.32473852561230654
ideal_e1_lih_vqe_B5_cad4_seed149,lih_vqe,embedded_larger_active_space,ideal,e1,149,,B5,cadence_sweep,full_contract,parallel_fs,parallel_fs,,0.0,4,12,"{'G0': True, 'GA': True, 'GB': True, 'GC': True, 'GD': True, 'GE': True, 'GF': True, 'GH': True}",replay,True,True,False,False,2026-03-15T04:15:19+00:00,2026-03-15T04:15:20.099462+00:00,0.1.0,,5822.0,0.01602220916748047,0.0368,,,,,,,,1.0,,,,,1.0,,,1.0,0.0,0.0,,,,13.4694924,254.99676390461107,0.32473852561230654
ideal_e1_lih_vqe_B5_cad4_seed157,lih_vqe,embedded_larger_active_space,ideal,e1,157,,B5,cadence_sweep,full_contract,parallel_fs,parallel_fs,,0.0,4,12,"{'G0': True, 'GA': True, 'GB': True, 'GC': True, 'GD': True, 'GE': True, 'GF': True, 'GH': True}",replay,True,True,False,False,2026-03-16T16:53:15+00:00,2026-03-16T16:53:16.099462+00:00,0.1.0,,5822.0,0.01602220916748047,0.0368,,,,,,,,1.0,,,,,1.0,,,1.0,0.0,0.0,,,,13.4694924,254.99676390461107,0.32473852561230654
ideal_e1_lih_vqe_B5_cad4_seed163,lih_vqe,embedded_larger_active_space,ideal,e1,163,,B5,cadence_sweep,full_contract,parallel_fs,parallel_fs,,0.0,4,12,"{'G0': True, 'GA': True, 'GB': True, 'GC': True, 'GD': True, 'GE': True, 'GF': True, 'GH': True}",replay,True,True,False,False,2026-03-20T00:06:02+00:00,2026-03-20T00:06:03.099462+00:00,0.1.0,,5822.0,0.01602220916748047,0.0368,,,,,,,,1.0,,,,,1.0,,,1.0,0.0,0.0,,,,13.4694924,254.99676390461107,0.32473852561230654
ideal_e1_lih_vqe_B5_cad8_seed11,lih_vqe,embedded_larger_active_space,ideal,e1,11,,B5,cadence_sweep,full_contract,parallel_fs,parallel_fs,,0.0,8,12,"{'G0': True, 'GA': True, 'GB': True, 'GC': True, 'GD': True, 'GE': True, 'GF': True, 'GH': True}",replay,True,True,False,False,2026-03-30T22:51:08+00:00,2026-03-30T22:51:09.099462+00:00,0.1.0,,5858.0,0.016022346496582032,0.0368,,,,,,,,1.0,,,,,1.0,,,1.0,0.0,0.0,,,,58.097202800000005,1099.8603177115444,0.17567514831063008
ideal_e1_lih_vqe_B5_cad8_seed17,lih_vqe,embedded_larger_active_space,ideal,e1,17,,B5,cadence_sweep,full_contract,parallel_fs,parallel_fs,,0.0,8,12,"{'G0': True, 'GA': True, 'GB': True, 'GC': True, 'GD': True, 'GE': True, 'GF': True, 'GH': True}",replay,True,True,False,False,2026-03-17T13:43:38+00:00,2026-03-17T13:43:39.099462+00:00,0.1.0,,5858.0,0.016022346496582032,0.0368,,,,,,,,1.0,,,,,1.0,,,1.0,0.0,0.0,,,,58.097202800000005,1099.8603177115444,0.17567514831063008
ideal_e1_lih_vqe_B5_cad8_seed23,lih_vqe,embedded_larger_active_space,ideal,e1,23,,B5,cadence_sweep,full_contract,parallel_fs,parallel_fs,,0.0,8,12,"{'G0': True, 'GA': True, 'GB': True, 'GC': True, 'GD': True, 'GE': True, 'GF': True, 'GH': True}",replay,True,True,False,False,2026-03-03T07:53:21+00:00,2026-03-03T07:53:22.099462+00:00,0.1.0,,5858.0,0.016022346496582032,0.0368,,,,,,,,1.0,,,,,1.0,,,1.0,0.0,0.0,,,,58.097202800000005,1099.8603177115444,0.17567514831063008
ideal_e1_lih_vqe_B5_cad8_seed31,lih_vqe,embedded_larger_active_space,ideal,e1,31,,B5,cadence_sweep,full_contract,parallel_fs,parallel_fs,,0.0,8,12,"{'G0': True, 'GA': True, 'GB': True, 'GC': True, 'GD': True, 'GE': True, 'GF': True, 'GH': True}",replay,True,True,False,False,2026-03-19T11:10:30+00:00,2026-03-19T11:10:31.099462+00:00,0.1.0,,5858.0,0.016022346496582032,0.0368,,,,,,,,1.0,,,,,1.0,,,1.0,0.0,0.0,,,,58.097202800000005,1099.8603177115444,0.17567514831063008
ideal_e1_lih_vqe_B5_cad8_seed43,lih_vqe,embedded_larger_active_space,ideal,e1,43,,B5,cadence_sweep,full_contract,parallel_fs,parallel_fs,,0.0,8,12,"{'G0': True, 'GA': True, 'GB': True, 'GC': True, 'GD': True, 'GE': True, 'GF': True, 'GH': True}",replay,True,True,False,False,2026-03-10T11:34:44+00:00,2026-03-10T11:34:45.099462+00:00,0.1.0,,5858.0,0.016022346496582032,0.0368,,,,,,,,1.0,,,,,1.0,,,1.0,0.0,0.0,,,,58.097202800000005,1099.8603177115444,0.17567514831063008
ideal_e1_lih_vqe_B5_cad8_seed59,lih_vqe,embedded_larger_active_space,ideal,e1,59,,B5,cadence_sweep,full_contract,parallel_fs,parallel_fs,,0.0,8,12,"{'G0': True, 'GA': True, 'GB': True, 'GC': True, 'GD': True, 'GE': True, 'GF': True, 'GH': True}",replay,True,True,False,False,2026-03-24T02:39:27+00:00,2026-03-24T02:39:28.099462+00:00,0.1.0,,5858.0,0.016022346496582032,0.0368,,,,,,,,1.0,,,,,1.0,,,1.0,0.0,0.0,,,,58.097202800000005,1099.8603177115444,0.17567514831063008
ideal_e1_lih_vqe_B5_cad8_seed71,lih_vqe,embedded_larger_active_space,ideal,e1,71,,B5,cadence_sweep,full_contract,parallel_fs,parallel_fs,,0.0,8,12,"{'G0': True, 'GA': True, 'GB': True, 'GC': True, 'GD': True, 'GE': True, 'GF': True, 'GH': True}",replay,True,True,False,False,2026-03-21T06:34:09+00:00,2026-03-21T06:34:10.099462+00:00,0.1.0,,5858.0,0.016022346496582032,0.0368,,,,,,,,1.0,,,,,1.0,,,1.0,0.0,0.0,,,,58.097202800000005,1099.8603177115444,0.17567514831063008
ideal_e1_lih_vqe_B5_cad8_seed83,lih_vqe,embedded_larger_active_space,ideal,e1,83,,B5,cadence_sweep,full_contract,parallel_fs,parallel_fs,,0.0,8,12,"{'G0': True, 'GA': True, 'GB': True, 'GC': True, 'GD': True, 'GE': True, 'GF': True, 'GH': True}",replay,True,True,False,False,2026-03-21T07:02:31+00:00,2026-03-21T07:02:32.099462+00:00,0.1.0,,5858.0,0.016022346496582032,0.0368,,,,,,,,1.0,,,,,1.0,,,1.0,0.0,0.0,,,,58.097202800000005,1099.8603177115444,0.17567514831063008
ideal_e1_lih_vqe_B5_cad8_seed97,lih_vqe,embedded_larger_active_space,ideal,e1,97,,B5,cadence_sweep,full_contract,parallel_fs,parallel_fs,,0.0,8,12,"{'G0': True, 'GA': True, 'GB': True, 'GC': True, 'GD': True, 'GE': True, 'GF': True, 'GH': True}",replay,True,True,False,False,2026-03-28T06:06:15+00:00,2026-03-28T06:06:16.099462+00:00,0.1.0,,5858.0,0.016022346496582032,0.0368,,,,,,,,1.0,,,,,1.0,,,1.0,0.0,0.0,,,,58.097202800000005,1099.8603177115444,0.17567514831063008
ideal_e1_lih_vqe_B5_cad8_seed101,lih_vqe,embedded_larger_active_space,ideal,e1,101,,B5,cadence_sweep,full_contract,parallel_fs,parallel_fs,,0.0,8,12,"{'G0': True, 'GA': True, 'GB': True, 'GC': True, 'GD': True, 'GE': True, 'GF': True, 'GH': True}",replay,True,True,False,False,2026-03-10T22:23:26+00:00,2026-03-10T22:23:27.099462+00:00,0.1.0,,5858.0,0.016022346496582032,0.0368,,,,,,,,1.0,,,,,1.0,,,1.0,0.0,0.0,,,,58.097202800000005,1099.8603177115444,0.17567514831063008
ideal_e1_lih_vqe_B5_cad8_seed107,lih_vqe,embedded_larger_active_space,ideal,e1,107,,B5,cadence_sweep,full_contract,parallel_fs,parallel_fs,,0.0,8,12,"{'G0': True, 'GA': True, 'GB': True, 'GC': True, 'GD': True, 'GE': True, 'GF': True, 'GH': True}",replay,True,True,False,False,2026-03-25T23:21:06+00:00,2026-03-25T23:21:07.099462+00:00,0.1.0,,5858.0,0.016022346496582032,0.0368,,,,,,,,1.0,,,,,1.0,,,1.0,0.0,0.0,,,,58.097202800000005,1099.8603177115444,0.17567514831063008
ideal_e1_lih_vqe_B5_cad8_seed113,lih_vqe,embedded_larger_active_space,ideal,e1,113,,B5,cadence_sweep,full_contract,parallel_fs,parallel_fs,,0.0,8,12,"{'G0': True, 'GA': True, 'GB': True, 'GC': True, 'GD': True, 'GE': True, 'GF': True, 'GH': True}",replay,True,True,False,False,2026-03-17T02:05:39+00:00,2026-03-17T02:05:40.099462+00:00,0.1.0,,5858.0,0.016022346496582032,0.0368,,,,,,,,1.0,,,,,1.0,,,1.0,0.0,0.0,,,,58.097202800000005,1099.8603177115444,0.17567514831063008
ideal_e1_lih_vqe_B5_cad8_seed127,lih_vqe,embedded_larger_active_space,ideal,e1,127,,B5,cadence_sweep,full_contract,parallel_fs,parallel_fs,,0.0,8,12,"{'G0': True, 'GA': True, 'GB': True, 'GC': True, 'GD': True, 'GE': True, 'GF': True, 'GH': True}",replay,True,True,False,False,2026-03-24T21:35:57+00:00,2026-03-24T21:35:58.099462+00:00,0.1.0,,5858.0,0.016022346496582032,0.0368,,,,,,,,1.0,,,,,1.0,,,1.0,0.0,0.0,,,,58.097202800000005,1099.8603177115444,0.17567514831063008
ideal_e1_lih_vqe_B5_cad8_seed131,lih_vqe,embedded_larger_active_space,ideal,e1,131,,B5,cadence_sweep,full_contract,parallel_fs,parallel_fs,,0.0,8,12,"{'G0': True, 'GA': True, 'GB': True, 'GC': True, 'GD': True, 'GE': True, 'GF': True, 'GH': True}",replay,True,True,False,False,2026-03-23T21:38:09+00:00,2026-03-23T21:38:10.099462+00:00,0.1.0,,5858.0,0.016022346496582032,0.0368,,,,,,,,1.0,,,,,1.0,,,1.0,0.0,0.0,,,,58.097202800000005,1099.8603177115444,0.17567514831063008
ideal_e1_lih_vqe_B5_cad8_seed137,lih_vqe,embedded_larger_active_space,ideal,e1,137,,B5,cadence_sweep,full_contract,parallel_fs,parallel_fs,,0.0,8,12,"{'G0': True, 'GA': True, 'GB': True, 'GC': True, 'GD': True, 'GE': True, 'GF': True, 'GH': True}",replay,True,True,False,False,2026-03-14T04:58:38+00:00,2026-03-14T04:58:39.099462+00:00,0.1.0,,5858.0,0.016022346496582032,0.0368,,,,,,,,1.0,,,,,1.0,,,1.0,0.0,0.0,,,,58.097202800000005,1099.8603177115444,0.17567514831063008
ideal_e1_lih_vqe_B5_cad8_seed149,lih_vqe,embedded_larger_active_space,ideal,e1,149,,B5,cadence_sweep,full_contract,parallel_fs,parallel_fs,,0.0,8,12,"{'G0': True, 'GA': True, 'GB': True, 'GC': True, 'GD': True, 'GE': True, 'GF': True, 'GH': True}",replay,True,True,False,False,2026-03-02T00:32:43+00:00,2026-03-02T00:32:44.099462+00:00,0.1.0,,5858.0,0.016022346496582032,0.0368,,,,,,,,1.0,,,,,1.0,,,1.0,0.0,0.0,,,,58.097202800000005,1099.8603177115444,0.17567514831063008
ideal_e1_lih_vqe_B5_cad8_seed157,lih_vqe,embedded_larger_active_space,ideal,e1,157,,B5,cadence_sweep,full_contract,parallel_fs,parallel_fs,,0.0,8,12,"{'G0': True, 'GA': True, 'GB': True, 'GC': True, 'GD': True, 'GE': True, 'GF': True, 'GH': True}",replay,True,True,False,False,2026-03-16T05:18:55+00:00,2026-03-16T05:18:56.099462+00:00,0.1.0,,5858.0,0.016022346496582032,0.0368,,,,,,,,1.0,,,,,1.0,,,1.0,0.0,0.0,,,,58.097202800000005,1099.8603177115444,0.17567514831063008
ideal_e1_lih_vqe_B5_cad8_seed163,lih_vqe,embedded_larger_active_space,ideal,e1,163,,B5,cadence_sweep,full_contract,parallel_fs,parallel_fs,,0.0,8,12,"{'G0': True, 'GA': True, 'GB': True, 'GC': True, 'GD': True, 'GE': True, 'GF': True, 'GH': True}",replay,True,True,False,False,2026-03-04T18:35:57+00:00,2026-03-04T18:35:58.099462+00:00,0.1.0,,5858.0,0.016022346496582032,0.0368,,,,,,,,1.0,,,,,1.0,,,1.0,0.0,0.0,,,,58.097202800000005,1099.8603177115444,0.17567514831063008
ideal_e1_lih_vqe_B5_cad16_seed11,lih_vqe,embedded_larger_active_space,ideal,e1,11,,B5,cadence_sweep,full_contract,parallel_fs,parallel_fs,,0.0,16,12,"{'G0': True, 'GA': True, 'GB': True, 'GC': True, 'GD': True, 'GE': True, 'GF': True, 'GH': True}",replay,True,True,False,False,2026-03-08T04:32:10+00:00,2026-03-08T04:32:11.099463+00:00,0.1.0,,5930.0,0.016022621154785158,0.0368,,,,,,,,1.0,,,,,1.0,,,1.0,0.0,0.0,,,,238.78709400000002,4520.5460989958565,0.09159154085723635
ideal_e1_lih_vqe_B5_cad16_seed17,lih_vqe,embedded_larger_active_space,ideal,e1,17,,B5,cadence_sweep,full_contract,parallel_fs,parallel_fs,,0.0,16,12,"{'G0': True, 'GA': True, 'GB': True, 'GC': True, 'GD': True, 'GE': True, 'GF': True, 'GH': True}",replay,True,True,False,False,2026-03-08T09:03:37+00:00,2026-03-08T09:03:38.099463+00:00,0.1.0,,5930.0,0.016022621154785158,0.0368,,,,,,,,1.0,,,,,1.0,,,1.0,0.0,0.0,,,,238.78709400000002,4520.5460989958565,0.09159154085723635
ideal_e1_lih_vqe_B5_cad16_seed23,lih_vqe,embedded_larger_active_space,ideal,e1,23,,B5,cadence_sweep,full_contract,parallel_fs,parallel_fs,,0.0,16,12,"{'G0': True, 'GA': True, 'GB': True, 'GC': True, 'GD': True, 'GE': True, 'GF': True, 'GH': True}",replay,True,True,False,False,2026-03-08T21:22:14+00:00,2026-03-08T21:22:15.099463+00:00,0.1.0,,5930.0,0.016022621154785158,0.0368,,,,,,,,1.0,,,,,1.0,,,1.0,0.0,0.0,,,,238.78709400000002,4520.5460989958565,0.09159154085723635
ideal_e1_lih_vqe_B5_cad16_seed31,lih_vqe,embedded_larger_active_space,ideal,e1,31,,B5,cadence_sweep,full_contract,parallel_fs,parallel_fs,,0.0,16,12,"{'G0': True, 'GA': True, 'GB': True, 'GC': True, 'GD': True, 'GE': True, 'GF': True, 'GH': True}",replay,True,True,False,False,2026-03-06T13:29:04+00:00,2026-03-06T13:29:05.099463+00:00,0.1.0,,5930.0,0.016022621154785158,0.0368,,,,,,,,1.0,,,,,1.0,,,1.0,0.0,0.0,,,,238.78709400000002,4520.5460989958565,0.09159154085723635
ideal_e1_lih_vqe_B5_cad16_seed43,lih_vqe,embedded_larger_active_space,ideal,e1,43,,B5,cadence_sweep,full_contract,parallel_fs,parallel_fs,,0.0,16,12,"{'G0': True, 'GA': True, 'GB': True, 'GC': True, 'GD': True, 'GE': True, 'GF': True, 'GH': True}",replay,True,True,False,False,2026-03-09T05:47:32+00:00,2026-03-09T05:47:33.099463+00:00,0.1.0,,5930.0,0.016022621154785158,0.0368,,,,,,,,1.0,,,,,1.0,,,1.0,0.0,0.0,,,,238.78709400000002,4520.5460989958565,0.09159154085723635
ideal_e1_lih_vqe_B5_cad16_seed59,lih_vqe,embedded_larger_active_space,ideal,e1,59,,B5,cadence_sweep,full_contract,parallel_fs,parallel_fs,,0.0,16,12,"{'G0': True, 'GA': True, 'GB': True, 'GC': True, 'GD': True, 'GE': True, 'GF': True, 'GH': True}",replay,True,True,False,False,2026-03-05T16:12:25+00:00,2026-03-05T16:12:26.099463+00:00,0.1.0,,5930.0,0.016022621154785158,0.0368,,,,,,,,1.0,,,,,1.0,,,1.0,0.0,0.0,,,,238.78709400000002,4520.5460989958565,0.09159154085723635
ideal_e1_lih_vqe_B5_cad16_seed71,lih_vqe,embedded_larger_active_space,ideal,e1,71,,B5,cadence_sweep,full_contract,parallel_fs,parallel_fs,,0.0,16,12,"{'G0': True, 'GA': True, 'GB': True, 'GC': True, 'GD': True, 'GE': True, 'GF': True, 'GH': True}",replay,True,True,False,False,2026-03-08T13:23:05+00:00,2026-03-08T13:23:06.099463+00:00,0.1.0,,5930.0,0.016022621154785158,0.0368,,,,,,,,1.0,,,,,1.0,,,1.0,0.0,0.0,,,,238.78709400000002,4520.5460989958565,0.09159154085723635
ideal_e1_lih_vqe_B5_cad16_seed83,lih_vqe,embedded_larger_active_space,ideal,e1,83,,B5,cadence_sweep,full_contract,parallel_fs,parallel_fs,,0.0,16,12,"{'G0': True, 'GA': True, 'GB': True, 'GC': True, 'GD': True, 'GE': True, 'GF': True, 'GH': True}",replay,True,True,False,False,2026-03-22T22:13:21+00:00,2026-03-22T22:13:22.099463+00:00,0.1.0,,5930.0,0.016022621154785158,0.0368,,,,,,,,1.0,,,,,1.0,,,1.0,0.0,0.0,,,,238.78709400000002,4520.5460989958565,0.09159154085723635
ideal_e1_lih_vqe_B5_cad16_seed97,lih_vqe,embedded_larger_active_space,ideal,e1,97,,B5,cadence_sweep,full_contract,parallel_fs,parallel_fs,,0.0,16,12,"{'G0': True, 'GA': True, 'GB': True, 'GC': True, 'GD': True, 'GE': True, 'GF': True, 'GH': True}",replay,True,True,False,False,2026-03-23T22:55:15+00:00,2026-03-23T22:55:16.099463+00:00,0.1.0,,5930.0,0.016022621154785158,0.0368,,,,,,,,1.0,,,,,1.0,,,1.0,0.0,0.0,,,,238.78709400000002,4520.5460989958565,0.09159154085723635
ideal_e1_lih_vqe_B5_cad16_seed101,lih_vqe,embedded_larger_active_space,ideal,e1,101,,B5,cadence_sweep,full_contract,parallel_fs,parallel_fs,,0.0,16,12,"{'G0': True, 'GA': True, 'GB': True, 'GC': True, 'GD': True, 'GE': True, 'GF': True, 'GH': True}",replay,True,True,False,False,2026-03-23T06:42:13+00:00,2026-03-23T06:42:14.099463+00:00,0.1.0,,5930.0,0.016022621154785158,0.0368,,,,,,,,1.0,,,,,1.0,,,1.0,0.0,0.0,,,,238.78709400000002,4520.5460989958565,0.09159154085723635
ideal_e1_lih_vqe_B5_cad16_seed107,lih_vqe,embedded_larger_active_space,ideal,e1,107,,B5,cadence_sweep,full_contract,parallel_fs,parallel_fs,,0.0,16,12,"{'G0': True, 'GA': True, 'GB': True, 'GC': True, 'GD': True, 'GE': True, 'GF': True, 'GH': True}",replay,True,True,False,False,2026-03-22T16:16:42+00:00,2026-03-22T16:16:43.099463+00:00,0.1.0,,5930.0,0.016022621154785158,0.0368,,,,,,,,1.0,,,,,1.0,,,1.0,0.0,0.0,,,,238.78709400000002,4520.5460989958565,0.09159154085723635
ideal_e1_lih_vqe_B5_cad16_seed113,lih_vqe,embedded_larger_active_space,ideal,e1,113,,B5,cadence_sweep,full_contract,parallel_fs,parallel_fs,,0.0,16,12,"{'G0': True, 'GA': True, 'GB': True, 'GC': True, 'GD': True, 'GE': True, 'GF': True, 'GH': True}",replay,True,True,False,False,2026-03-01T12:15:39+00:00,2026-03-01T12:15:40.099463+00:00,0.1.0,,5930.0,0.016022621154785158,0.0368,,,,,,,,1.0,,,,,1.0,,,1.0,0.0,0.0,,,,238.78709400000002,4520.5460989958565,0.09159154085723635
ideal_e1_lih_vqe_B5_cad16_seed127,lih_vqe,embedded_larger_active_space,ideal,e1,127,,B5,cadence_sweep,full_contract,parallel_fs,parallel_fs,,0.0,16,12,"{'G0': True, 'GA': True, 'GB': True, 'GC': True, 'GD': True, 'GE': True, 'GF': True, 'GH': True}",replay,True,True,False,False,2026-03-16T01:58:35+00:00,2026-03-16T01:58:36.099463+00:00,0.1.0,,5930.0,0.016022621154785158,0.0368,,,,,,,,1.0,,,,,1.0,,,1.0,0.0,0.0,,,,238.78709400000002,4520.5460989958565,0.09159154085723635
ideal_e1_lih_vqe_B5_cad16_seed131,lih_vqe,embedded_larger_active_space,ideal,e1,131,,B5,cadence_sweep,full_contract,parallel_fs,parallel_fs,,0.0,16,12,"{'G0': True, 'GA': True, 'GB': True, 'GC': True, 'GD': True, 'GE': True, 'GF': True, 'GH': True}",replay,True,True,False,False,2026-03-06T19:05:03+00:00,2026-03-06T19:05:04.099463+00:00,0.1.0,,5930.0,0.016022621154785158,0.0368,,,,,,,,1.0,,,,,1.0,,,1.0,0.0,0.0,,,,238.78709400000002,4520.5460989958565,0.09159154085723635
ideal_e1_lih_vqe_B5_cad16_seed137,lih_vqe,embedded_larger_active_space,ideal,e1,137,,B5,cadence_sweep,full_contract,parallel_fs,parallel_fs,,0.0,16,12,"{'G0': True, 'GA': True, 'GB': True, 'GC': True, 'GD': True, 'GE': True, 'GF': True, 'GH': True}",replay,True,True,False,False,2026-03-17T12:09:51+00:00,2026-03-17T12:09:52.099463+00:00,0.1.0,,5930.0,0.016022621154785158,0.0368,,,,,,,,1.0,,,,,1.0,,,1.0,0.0,0.0,,,,238.78709400000002,4520.5460989958565,0.09159154085723635
ideal_e1_lih_vqe_B5_cad16_seed149,lih_vqe,embedded_larger_active_space,ideal,e1,149,,B5,cadence_sweep,full_contract,parallel_fs,parallel_fs,,0.0,16,12,"{'G0': True, 'GA': True, 'GB': True, 'GC': True, 'GD': True, 'GE': True, 'GF': True, 'GH': True}",replay,True,True,False,False,2026-03-05T12:06:03+00:00,2026-03-05T12:06:04.099463+00:00,0.1.0,,5930.0,0.016022621154785158,0.0368,,,,,,,,1.0,,,,,1.0,,,1.0,0.0,0.0,,,,238.78709400000002,4520.5460989958565,0.09159154085723635
ideal_e1_lih_vqe_B5_cad16_seed157,lih_vqe,embedded_larger_active_space,ideal,e1,157,,B5,cadence_sweep,full_contract,parallel_fs,parallel_fs,,0.0,16,12,"{'G0': True, 'GA': True, 'GB': True, 'GC': True, 'GD': True, 'GE': True, 'GF': True, 'GH': True}",replay,True,True,False,False,2026-03-28T03:43:45+00:00,2026-03-28T03:43:46.099463+00:00,0.1.0,,5930.0,0.016022621154785158,0.0368,,,,,,,,1.0,,,,,1.0,,,1.0,0.0,0.0,,,,238.78709400000002,4520.5460989958565,0.09159154085723635
ideal_e1_lih_vqe_B5_cad16_seed163,lih_vqe,embedded_larger_active_space,ideal,e1,163,,B5,cadence_sweep,full_contract,parallel_fs,parallel_fs,,0.0,16,12,"{'G0': True, 'GA': True, 'GB': True, 'GC': True, 'GD': True, 'GE': True, 'GF': True, 'GH': True}",replay,True,True,False,False,2026-03-09T20:45:33+00:00,2026-03-09T20:45:34.099463+00:00,0.1.0,,5930.0,0.016022621154785158,0.0368,,,,,,,,1.0,,,,,1.0,,,1.0,0.0,0.0,,,,238.78709400000002,4520.5460989958565,0.09159154085723635
ideal_e1_h2_vqe_B1_cad1_seed11,h2_vqe,embedded_same_family_active_space,ideal,e1,11,,B1,cadence_sweep,full_contract,parallel_fs,parallel_fs,,0.0,1,12,"{'G0': True, 'GA': True, 'GB': False, 'GC': False, 'GD': False, 'GE': False, 'GF': False, 'GH': False}",replay,True,True,False,False,2026-03-16T05:23:45+00:00,2026-03-16T05:23:45.994483+00:00,0.1.0,,698.0,0.016002662658691408,0.0848,,,,,,,,1.0,,,,,1.0,,,1.0,0.0,0.0,,,,0.0032800000000000004,0.03253882301805638,19.51544226669684
ideal_e1_h2_vqe_B1_cad1_seed17,h2_vqe,embedded_same_family_active_space,ideal,e1,17,,B1,cadence_sweep,full_contract,parallel_fs,parallel_fs,,0.0,1,12,"{'G0': True, 'GA': True, 'GB': False, 'GC': False, 'GD': False, 'GE': False, 'GF': False, 'GH': False}",replay,True,True,False,False,2026-03-01T05:26:58+00:00,2026-03-01T05:26:58.994483+00:00,0.1.0,,698.0,0.016002662658691408,0.0848,,,,,,,,1.0,,,,,1.0,,,1.0,0.0,0.0,,,,0.0032800000000000004,0.03253882301805638,19.51544226669684
ideal_e1_h2_vqe_B1_cad1_seed23,h2_vqe,embedded_same_family_active_space,ideal,e1,23,,B1,cadence_sweep,full_contract,parallel_fs,parallel_fs,,0.0,1,12,"{'G0': True, 'GA': True, 'GB': False, 'GC': False, 'GD': False, 'GE': False, 'GF': False, 'GH': False}",replay,True,True,False,False,2026-03-25T20:48:08+00:00,2026-03-25T20:48:08.994483+00:00,0.1.0,,698.0,0.016002662658691408,0.0848,,,,,,,,1.0,,,,,1.0,,,1.0,0.0,0.0,,,,0.0032800000000000004,0.03253882301805638,19.51544226669684
ideal_e1_h2_vqe_B1_cad1_seed31,h2_vqe,embedded_same_family_active_space,ideal,e1,31,,B1,cadence_sweep,full_contract,parallel_fs,parallel_fs,,0.0,1,12,"{'G0': True, 'GA': True, 'GB': False, 'GC': False, 'GD': False, 'GE': False, 'GF': False, 'GH': False}",replay,True,True,False,False,2026-03-14T07:13:03+00:00,2026-03-14T07:13:03.994483+00:00,0.1.0,,698.0,0.016002662658691408,0.0848,,,,,,,,1.0,,,,,1.0,,,1.0,0.0,0.0,,,,0.0032800000000000004,0.03253882301805638,19.51544226669684
ideal_e1_h2_vqe_B1_cad1_seed43,h2_vqe,embedded_same_family_active_space,ideal,e1,43,,B1,cadence_sweep,full_contract,parallel_fs,parallel_fs,,0.0,1,12,"{'G0': True, 'GA': True, 'GB': False, 'GC': False, 'GD': False, 'GE': False, 'GF': False, 'GH': False}",replay,True,True,False,False,2026-03-13T17:42:36+00:00,2026-03-13T17:42:36.994483+00:00,0.1.0,,698.0,0.016002662658691408,0.0848,,,,,,,,1.0,,,,,1.0,,,1.0,0.0,0.0,,,,0.0032800000000000004,0.03253882301805638,19.51544226669684
ideal_e1_h2_vqe_B1_cad1_seed59,h2_vqe,embedded_same_family_active_space,ideal,e1,59,,B1,cadence_sweep,full_contract,parallel_fs,parallel_fs,,0.0,1,12,"{'G0': True, 'GA': True, 'GB': False, 'GC': False, 'GD': False, 'GE': False, 'GF': False, 'GH': False}",replay,True,True,False,False,2026-03-09T05:43:06+00:00,2026-03-09T05:43:06.994483+00:00,0.1.0,,698.0,0.016002662658691408,0.0848,,,,,,,,1.0,,,,,1.0,,,1.0,0.0,0.0,,,,0.0032800000000000004,0.03253882301805638,19.51544226669684
ideal_e1_h2_vqe_B1_cad1_seed71,h2_vqe,embedded_same_family_active_space,ideal,e1,71,,B1,cadence_sweep,full_contract,parallel_fs,parallel_fs,,0.0,1,12,"{'G0': True, 'GA': True, 'GB': False, 'GC': False, 'GD': False, 'GE': False, 'GF': False, 'GH': False}",replay,True,True,False,False,2026-03-03T02:31:57+00:00,2026-03-03T02:31:57.994483+00:00,0.1.0,,698.0,0.016002662658691408,0.0848,,,,,,,,1.0,,,,,1.0,,,1.0,0.0,0.0,,,,0.0032800000000000004,0.03253882301805638,19.51544226669684
ideal_e1_h2_vqe_B1_cad1_seed83,h2_vqe,embedded_same_family_active_space,ideal,e1,83,,B1,cadence_sweep,full_contract,parallel_fs,parallel_fs,,0.0,1,12,"{'G0': True, 'GA': True, 'GB': False, 'GC': False, 'GD': False, 'GE': False, 'GF': False, 'GH': False}",replay,True,True,False,False,2026-03-22T19:59:45+00:00,2026-03-22T19:59:45.994483+00:00,0.1.0,,698.0,0.016002662658691408,0.0848,,,,,,,,1.0,,,,,1.0,,,1.0,0.0,0.0,,,,0.0032800000000000004,0.03253882301805638,19.51544226669684
ideal_e1_h2_vqe_B1_cad1_seed97,h2_vqe,embedded_same_family_active_space,ideal,e1,97,,B1,cadence_sweep,full_contract,parallel_fs,parallel_fs,,0.0,1,12,"{'G0': True, 'GA': True, 'GB': False, 'GC': False, 'GD': False, 'GE': False, 'GF': False, 'GH': False}",replay,True,True,False,False,2026-03-24T09:36:02+00:00,2026-03-24T09:36:02.994483+00:00,0.1.0,,698.0,0.016002662658691408,0.0848,,,,,,,,1.0,,,,,1.0,,,1.0,0.0,0.0,,,,0.0032800000000000004,0.03253882301805638,19.51544226669684
ideal_e1_h2_vqe_B1_cad1_seed101,h2_vqe,embedded_same_family_active_space,ideal,e1,101,,B1,cadence_sweep,full_contract,parallel_fs,parallel_fs,,0.0,1,12,"{'G0': True, 'GA': True, 'GB': False, 'GC': False, 'GD': False, 'GE': False, 'GF': False, 'GH': False}",replay,True,True,False,False,2026-03-11T08:59:31+00:00,2026-03-11T08:59:31.994483+00:00,0.1.0,,698.0,0.016002662658691408,0.0848,,,,,,,,1.0,,,,,1.0,,,1.0,0.0,0.0,,,,0.0032800000000000004,0.03253882301805638,19.51544226669684
ideal_e1_h2_vqe_B1_cad1_seed107,h2_vqe,embedded_same_family_active_space,ideal,e1,107,,B1,cadence_sweep,full_contract,parallel_fs,parallel_fs,,0.0,1,12,"{'G0': True, 'GA': True, 'GB': False, 'GC': False, 'GD': False, 'GE': False, 'GF': False, 'GH': False}",replay,True,True,False,False,2026-03-02T02:36:03+00:00,2026-03-02T02:36:03.994483+00:00,0.1.0,,698.0,0.016002662658691408,0.0848,,,,,,,,1.0,,,,,1.0,,,1.0,0.0,0.0,,,,0.0032800000000000004,0.03253882301805638,19.51544226669684
ideal_e1_h2_vqe_B1_cad1_seed113,h2_vqe,embedded_same_family_active_space,ideal,e1,113,,B1,cadence_sweep,full_contract,parallel_fs,parallel_fs,,0.0,1,12,"{'G0': True, 'GA': True, 'GB': False, 'GC': False, 'GD': False, 'GE': False, 'GF': False, 'GH': False}",replay,True,True,False,False,2026-03-20T03:13:57+00:00,2026-03-20T03:13:57.994483+00:00,0.1.0,,698.0,0.016002662658691408,0.0848,,,,,,,,1.0,,,,,1.0,,,1.0,0.0,0.0,,,,0.0032800000000000004,0.03253882301805638,19.51544226669684
ideal_e1_h2_vqe_B1_cad1_seed127,h2_vqe,embedded_same_family_active_space,ideal,e1,127,,B1,cadence_sweep,full_contract,parallel_fs,parallel_fs,,0.0,1,12,"{'G0': True, 'GA': True, 'GB': False, 'GC': False, 'GD': False, 'GE': False, 'GF': False, 'GH': False}",replay,True,True,False,False,2026-03-20T17:11:05+00:00,2026-03-20T17:11:05.994483+00:00,0.1.0,,698.0,0.016002662658691408,0.0848,,,,,,,,1.0,,,,,1.0,,,1.0,0.0,0.0,,,,0.0032800000000000004,0.03253882301805638,19.51544226669684
ideal_e1_h2_vqe_B1_cad1_seed131,h2_vqe,embedded_same_family_active_space,ideal,e1,131,,B1,cadence_sweep,full_contract,parallel_fs,parallel_fs,,0.0,1,12,"{'G0': True, 'GA': True, 'GB': False, 'GC': False, 'GD': False, 'GE': False, 'GF': False, 'GH': False}",replay,True,True,False,False,2026-03-15T01:36:59+00:00,2026-03-15T01:36:59.994483+00:00,0.1.0,,698.0,0.016002662658691408,0.0848,,,,,,,,1.0,,,,,1.0,,,1.0,0.0,0.0,,,,0.0032800000000000004,0.03253882301805638,19.51544226669684
ideal_e1_h2_vqe_B1_cad1_seed137,h2_vqe,embedded_same_family_active_space,ideal,e1,137,,B1,cadence_sweep,full_contract,parallel_fs,parallel_fs,,0.0,1,12,"{'G0': True, 'GA': True, 'GB': False, 'GC': False, 'GD': False, 'GE': False, 'GF': False, 'GH': False}",replay,True,True,False,False,2026-03-05T17:12:54+00:00,2026-03-05T17:12:54.994483+00:00,0.1.0,,698.0,0.016002662658691408,0.0848,,,,,,,,1.0,,,,,1.0,,,1.0,0.0,0.0,,,,0.0032800000000000004,0.03253882301805638,19.51544226669684
ideal_e1_h2_vqe_B1_cad1_seed149,h2_vqe,embedded_same_family_active_space,ideal,e1,149,,B1,cadence_sweep,full_contract,parallel_fs,parallel_fs,,0.0,1,12,"{'G0': True, 'GA': True, 'GB': False, 'GC': False, 'GD': False, 'GE': False, 'GF': False, 'GH': False}",replay,True,True,False,False,2026-03-12T22:45:27+00:00,2026-03-12T22:45:27.994483+00:00,0.1.0,,698.0,0.016002662658691408,0.0848,,,,,,,,1.0,,,,,1.0,,,1.0,0.0,0.0,,,,0.0032800000000000004,0.03253882301805638,19.51544226669684
ideal_e1_h2_vqe_B1_cad1_seed157,h2_vqe,embedded_same_family_active_space,ideal,e1,157,,B1,cadence_sweep,full_contract,parallel_fs,parallel_fs,,0.0,1,12,"{'G0': True, 'GA': True, 'GB': False, 'GC': False, 'GD': False, 'GE': False, 'GF': False, 'GH': False}",replay,True,True,False,False,2026-03-11T01:24:29+00:00,2026-03-11T01:24:29.994483+00:00,0.1.0,,698.0,0.016002662658691408,0.0848,,,,,,,,1.0,,,,,1.0,,,1.0,0.0,0.0,,,,0.0032800000000000004,0.03253882301805638,19.51544226669684
ideal_e1_h2_vqe_B1_cad1_seed163,h2_vqe,embedded_same_family_active_space,ideal,e1,163,,B1,cadence_sweep,full_contract,parallel_fs,parallel_fs,,0.0,1,12,"{'G0': True, 'GA': True, 'GB': False, 'GC': False, 'GD': False, 'GE': False, 'GF': False, 'GH': False}",replay,True,True,False,False,2026-03-22T08:39:23+00:00,2026-03-22T08:39:23.994483+00:00,0.1.0,,698.0,0.016002662658691408,0.0848,,,,,,,,1.0,,,,,1.0,,,1.0,0.0,0.0,,,,0.0032800000000000004,0.03253882301805638,19.51544226669684
ideal_e1_h2_vqe_B1_cad2_seed11,h2_vqe,embedded_same_family_active_space,ideal,e1,11,,B1,cadence_sweep,full_contract,parallel_fs,parallel_fs,,0.0,2,12,"{'G0': True, 'GA': True, 'GB': False, 'GC': False, 'GD': False, 'GE': False, 'GF': False, 'GH': False}",replay,True,True,False,False,2026-03-01T23:08:55+00:00,2026-03-01T23:08:55.994483+00:00,0.1.0,,698.0,0.016002662658691408,0.0848,,,,,,,,1.0,,,,,1.0,,,1.0,0.0,0.0,,,,0.013120000000000001,0.1301552920722255,19.51544226669684
ideal_e1_h2_vqe_B1_cad2_seed17,h2_vqe,embedded_same_family_active_space,ideal,e1,17,,B1,cadence_sweep,full_contract,parallel_fs,parallel_fs,,0.0,2,12,"{'G0': True, 'GA': True, 'GB': False, 'GC': False, 'GD': False, 'GE': False, 'GF': False, 'GH': False}",replay,True,True,False,False,2026-03-26T22:55:39+00:00,2026-03-26T22:55:39.994483+00:00,0.1.0,,698.0,0.016002662658691408,0.0848,,,,,,,,1.0,,,,,1.0,,,1.0,0.0,0.0,,,,0.013120000000000001,0.1301552920722255,19.51544226669684
ideal_e1_h2_vqe_B1_cad2_seed23,h2_vqe,embedded_same_family_active_space,ideal,e1,23,,B1,cadence_sweep,full_contract,parallel_fs,parallel_fs,,0.0,2,12,"{'G0': True, 'GA': True, 'GB': False, 'GC': False, 'GD': False, 'GE': False, 'GF': False, 'GH': False}",replay,True,True,False,False,2026-03-08T12:40:35+00:00,2026-03-08T12:40:35.994483+00:00,0.1.0,,698.0,0.016002662658691408,0.0848,,,,,,,,1.0,,,,,1.0,,,1.0,0.0,0.0,,,,0.013120000000000001,0.1301552920722255,19.51544226669684
ideal_e1_h2_vqe_B1_cad2_seed31,h2_vqe,embedded_same_family_active_space,ideal,e1,31,,B1,cadence_sweep,full_contract,parallel_fs,parallel_fs,,0.0,2,12,"{'G0': True, 'GA': True, 'GB': False, 'GC': False, 'GD': False, 'GE': False, 'GF': False, 'GH': False}",replay,True,True,False,False,2026-03-26T20:01:02+00:00,2026-03-26T20:01:02.994483+00:00,0.1.0,,698.0,0.016002662658691408,0.0848,,,,,,,,1.0,,,,,1.0,,,1.0,0.0,0.0,,,,0.013120000000000001,0.1301552920722255,19.51544226669684
ideal_e1_h2_vqe_B1_cad2_seed43,h2_vqe,embedded_same_family_active_space,ideal,e1,43,,B1,cadence_sweep,full_contract,parallel_fs,parallel_fs,,0.0,2,12,"{'G0': True, 'GA': True, 'GB': False, 'GC': False, 'GD': False, 'GE': False, 'GF': False, 'GH': False}",replay,True,True,False,False,2026-03-16T07:35:54+00:00,2026-03-16T07:35:54.994483+00:00,0.1.0,,698.0,0.016002662658691408,0.0848,,,,,,,,1.0,,,,,1.0,,,1.0,0.0,0.0,,,,0.013120000000000001,0.1301552920722255,19.51544226669684
ideal_e1_h2_vqe_B1_cad2_seed59,h2_vqe,embedded_same_family_active_space,ideal,e1,59,,B1,cadence_sweep,full_contract,parallel_fs,parallel_fs,,0.0,2,12,"{'G0': True, 'GA': True, 'GB': False, 'GC': False, 'GD': False, 'GE': False, 'GF': False, 'GH': False}",replay,True,True,False,False,2026-03-14T15:37:39+00:00,2026-03-14T15:37:39.994483+00:00,0.1.0,,698.0,0.016002662658691408,0.0848,,,,,,,,1.0,,,,,1.0,,,1.0,0.0,0.0,,,,0.013120000000000001,0.1301552920722255,19.51544226669684
ideal_e1_h2_vqe_B1_cad2_seed71,h2_vqe,embedded_same_family_active_space,ideal,e1,71,,B1,cadence_sweep,full_contract,parallel_fs,parallel_fs,,0.0,2,12,"{'G0': True, 'GA': True, 'GB': False, 'GC': False, 'GD': False, 'GE': False, 'GF': False, 'GH': False}",replay,True,True,False,False,2026-03-03T04:06:51+00:00,2026-03-03T04:06:51.994483+00:00,0.1.0,,698.0,0.016002662658691408,0.0848,,,,,,,,1.0,,,,,1.0,,,1.0,0.0,0.0,,,,0.013120000000000001,0.1301552920722255,19.51544226669684
ideal_e1_h2_vqe_B1_cad2_seed83,h2_vqe,embedded_same_family_active_space,ideal,e1,83,,B1,cadence_sweep,full_contract,parallel_fs,parallel_fs,,0.0,2,12,"{'G0': True, 'GA': True, 'GB': False, 'GC': False, 'GD': False, 'GE': False, 'GF': False, 'GH': False}",replay,True,True,False,False,2026-03-24T03:47:33+00:00,2026-03-24T03:47:33.994483+00:00,0.1.0,,698.0,0.016002662658691408,0.0848,,,,,,,,1.0,,,,,1.0,,,1.0,0.0,0.0,,,,0.013120000000000001,0.1301552920722255,19.51544226669684
ideal_e1_h2_vqe_B1_cad2_seed97,h2_vqe,embedded_same_family_active_space,ideal,e1,97,,B1,cadence_sweep,full_contract,parallel_fs,parallel_fs,,0.0,2,12,"{'G0': True, 'GA': True, 'GB': False, 'GC': False, 'GD': False, 'GE': False, 'GF': False, 'GH': False}",replay,True,True,False,False,2026-03-13T08:35:30+00:00,2026-03-13T08:35:30.994483+00:00,0.1.0,,698.0,0.016002662658691408,0.0848,,,,,,,,1.0,,,,,1.0,,,1.0,0.0,0.0,,,,0.013120000000000001,0.1301552920722255,19.51544226669684
ideal_e1_h2_vqe_B1_cad2_seed101,h2_vqe,embedded_same_family_active_space,ideal,e1,101,,B1,cadence_sweep,full_contract,parallel_fs,parallel_fs,,0.0,2,12,"{'G0': True, 'GA': True, 'GB': False, 'GC': False, 'GD': False, 'GE': False, 'GF': False, 'GH': False}",replay,True,True,False,False,2026-03-29T23:57:53+00:00,2026-03-29T23:57:53.994483+00:00,0.1.0,,698.0,0.016002662658691408,0.0848,,,,,,,,1.0,,,,,1.0,,,1.0,0.0,0.0,,,,0.013120000000000001,0.1301552920722255,19.51544226669684
ideal_e1_h2_vqe_B1_cad2_seed107,h2_vqe,embedded_same_family_active_space,ideal,e1,107,,B1,cadence_sweep,full_contract,parallel_fs,parallel_fs,,0.0,2,12,"{'G0': True, 'GA': True, 'GB': False, 'GC': False, 'GD': False, 'GE': False, 'GF': False, 'GH': False}",replay,True,True,False,False,2026-03-07T04:21:36+00:00,2026-03-07T04:21:36.994483+00:00,0.1.0,,698.0,0.016002662658691408,0.0848,,,,,,,,1.0,,,,,1.0,,,1.0,0.0,0.0,,,,0.013120000000000001,0.1301552920722255,19.51544226669684
ideal_e1_h2_vqe_B1_cad2_seed113,h2_vqe,embedded_same_family_active_space,ideal,e1,113,,B1,cadence_sweep,full_contract,parallel_fs,parallel_fs,,0.0,2,12,"{'G0': True, 'GA': True, 'GB': False, 'GC': False, 'GD': False, 'GE': False, 'GF': False, 'GH': False}",replay,True,True,False,False,2026-03-29T04:48:54+00:00,2026-03-29T04:48:54.994483+00:00,0.1.0,,698.0,0.016002662658691408,0.0848,,,,,,,,1.0,,,,,1.0,,,1.0,0.0,0.0,,,,0.013120000000000001,0.1301552920722255,19.51544226669684
ideal_e1_h2_vqe_B1_cad2_seed127,h2_vqe,embedded_same_family_active_space,ideal,e1,127,,B1,cadence_sweep,full_contract,parallel_fs,parallel_fs,,0.0,2,12,"{'G0': True, 'GA': True, 'GB': False, 'GC': False, 'GD': False, 'GE': False, 'GF': False, 'GH': False}",replay,True,True,False,False,2026-03-25T15:54:05+00:00,2026-03-25T15:54:05.994483+00:00,0.1.0,,698.0,0.016002662658691408,0.0848,,,,,,,,1.0,,,,,1.0,,,1.0,0.0,0.0,,,,0.013120000000000001,0.1301552920722255,19.51544226669684
ideal_e1_h2_vqe_B1_cad2_seed131,h2_vqe,embedded_same_family_active_space,ideal,e1,131,,B1,cadence_sweep,full_contract,parallel_fs,parallel_fs,,0.0,2,12,"{'G0': True, 'GA': True, 'GB': False, 'GC': False, 'GD': False, 'GE': False, 'GF': False, 'GH': False}",replay,True,True,False,False,2026-03-03T15:57:24+00:00,2026-03-03T15:57:24.994483+00:00,0.1.0,,698.0,0.016002662658691408,0.0848,,,,,,,,1.0,,,,,1.0,,,1.0,0.0,0.0,,,,0.013120000000000001,0.1301552920722255,19.51544226669684
ideal_e1_h2_vqe_B1_cad2_seed137,h2_vqe,embedded_same_family_active_space,ideal,e1,137,,B1,cadence_sweep,full_contract,parallel_fs,parallel_fs,,0.0,2,12,"{'G0': True, 'GA': True, 'GB': False, 'GC': False, 'GD': False, 'GE': False, 'GF': False, 'GH': False}",replay,True,True,False,False,2026-03-03T00:10:45+00:00,2026-03-03T00:10:45.994483+00:00,0.1.0,,698.0,0.016002662658691408,0.0848,,,,,,,,1.0,,,,,1.0,,,1.0,0.0,0.0,,,,0.013120000000000001,0.1301552920722255,19.51544226669684
ideal_e1_h2_vqe_B1_cad2_seed149,h2_vqe,embedded_same_family_active_space,ideal,e1,149,,B1,cadence_sweep,full_contract,parallel_fs,parallel_fs,,0.0,2,12,"{'G0': True, 'GA': True, 'GB': False, 'GC': False, 'GD': False, 'GE': False, 'GF': False, 'GH': False}",replay,True,True,False,False,2026-03-06T11:44:53+00:00,2026-03-06T11:44:53.994483+00:00,0.1.0,,698.0,0.016002662658691408,0.0848,,,,,,,,1.0,,,,,1.0,,,1.0,0.0,0.0,,,,0.013120000000000001,0.1301552920722255,19.51544226669684
ideal_e1_h2_vqe_B1_cad2_seed157,h2_vqe,embedded_same_family_active_space,ideal,e1,157,,B1,cadence_sweep,full_contract,parallel_fs,parallel_fs,,0.0,2,12,"{'G0': True, 'GA': True, 'GB': False, 'GC': False, 'GD': False, 'GE': False, 'GF': False, 'GH': False}",replay,True,True,False,False,2026-03-21T01:30:08+00:00,2026-03-21T01:30:08.994483+00:00,0.1.0,,698.0,0.016002662658691408,0.0848,,,,,,,,1.0,,,,,1.0,,,1.0,0.0,0.0,,,,0.013120000000000001,0.1301552920722255,19.51544226669684
ideal_e1_h2_vqe_B1_cad2_seed163,h2_vqe,embedded_same_family_active_space,ideal,e1,163,,B1,cadence_sweep,full_contract,parallel_fs,parallel_fs,,0.0,2,12,"{'G0': True, 'GA': True, 'GB': False, 'GC': False, 'GD': False, 'GE': False, 'GF': False, 'GH': False}",replay,True,True,False,False,2026-03-05T06:21:30+00:00,2026-03-05T06:21:30.994483+00:00,0.1.0,,698.0,0.016002662658691408,0.0848,,,,,,,,1.0,,,,,1.0,,,1.0,0.0,0.0,,,,0.013120000000000001,0.1301552920722255,19.51544226669684
ideal_e1_h2_vqe_B1_cad4_seed11,h2_vqe,embedded_same_family_active_space,ideal,e1,11,,B1,cadence_sweep,full_contract,parallel_fs,parallel_fs,,0.0,4,12,"{'G0': True, 'GA': True, 'GB': False, 'GC': False, 'GD': False, 'GE': False, 'GF': False, 'GH': False}",replay,True,True,False,False,2026-03-20T21:06:21+00:00,2026-03-20T21:06:21.994483+00:00,0.1.0,,698.0,0.016002662658691408,0.0848,,,,,,,,1.0,,,,,1.0,,,1.0,0.0,0.0,,,,0.03936,0.3904658762166765,19.51544226669684
ideal_e1_h2_vqe_B1_cad4_seed17,h2_vqe,embedded_same_family_active_space,ideal,e1,17,,B1,cadence_sweep,full_contract,parallel_fs,parallel_fs,,0.0,4,12,"{'G0': True, 'GA': True, 'GB': False, 'GC': False, 'GD': False, 'GE': False, 'GF': False, 'GH': False}",replay,True,True,False,False,2026-03-04T01:13:31+00:00,2026-03-04T01:13:31.994483+00:00,0.1.0,,698.0,0.016002662658691408,0.0848,,,,,,,,1.0,,,,,1.0,,,1.0,0.0,0.0,,,,0.03936,0.3904658762166765,19.51544226669684
ideal_e1_h2_vqe_B1_cad4_seed23,h2_vqe,embedded_same_family_active_space,ideal,e1,23,,B1,cadence_sweep,full_contract,parallel_fs,parallel_fs,,0.0,4,12,"{'G0': True, 'GA': True, 'GB': False, 'GC': False, 'GD': False, 'GE': False, 'GF': False, 'GH': False}",replay,True,True,False,False,2026-03-24T03:06:38+00:00,2026-03-24T03:06:38.994483+00:00,0.1.0,,698.0,0.016002662658691408,0.0848,,,,,,,,1.0,,,,,1.0,,,1.0,0.0,0.0,,,,0.03936,0.3904658762166765,19.51544226669684
ideal_e1_h2_vqe_B1_cad4_seed31,h2_vqe,embedded_same_family_active_space,ideal,e1,31,,B1,cadence_sweep,full_contract,parallel_fs,parallel_fs,,0.0,4,12,"{'G0': True, 'GA': True, 'GB': False, 'GC': False, 'GD': False, 'GE': False, 'GF': False, 'GH': False}",replay,True,True,False,False,2026-03-14T14:47:59+00:00,2026-03-14T14:47:59.994483+00:00,0.1.0,,698.0,0.016002662658691408,0.0848,,,,,,,,1.0,,,,,1.0,,,1.0,0.0,0.0,,,,0.03936,0.3904658762166765,19.51544226669684
ideal_e1_h2_vqe_B1_cad4_seed43,h2_vqe,embedded_same_family_active_space,ideal,e1,43,,B1,cadence_sweep,full_contract,parallel_fs,parallel_fs,,0.0,4,12,"{'G0': True, 'GA': True, 'GB': False, 'GC': False, 'GD': False, 'GE': False, 'GF': False, 'GH': False}",replay,True,True,False,False,2026-03-17T19:59:05+00:00,2026-03-17T19:59:05.994483+00:00,0.1.0,,698.0,0.016002662658691408,0.0848,,,,,,,,1.0,,,,,1.0,,,1.0,0.0,0.0,,,,0.03936,0.3904658762166765,19.51544226669684
ideal_e1_h2_vqe_B1_cad4_seed59,h2_vqe,embedded_same_family_active_space,ideal,e1,59,,B1,cadence_sweep,full_contract,parallel_fs,parallel_fs,,0.0,4,12,"{'G0': True, 'GA': True, 'GB': False, 'GC': False, 'GD': False, 'GE': False, 'GF': False, 'GH': False}",replay,True,True,False,False,2026-03-25T11:13:47+00:00,2026-03-25T11:13:47.994483+00:00,0.1.0,,698.0,0.016002662658691408,0.0848,,,,,,,,1.0,,,,,1.0,,,1.0,0.0,0.0,,,,0.03936,0.3904658762166765,19.51544226669684
ideal_e1_h2_vqe_B1_cad4_seed71,h2_vqe,embedded_same_family_active_space,ideal,e1,71,,B1,cadence_sweep,full_contract,parallel_fs,parallel_fs,,0.0,4,12,"{'G0': True, 'GA': True, 'GB': False, 'GC': False, 'GD': False, 'GE': False, 'GF': False, 'GH': False}",replay,True,True,False,False,2026-03-18T03:42:51+00:00,2026-03-18T03:42:51.994483+00:00,0.1.0,,698.0,0.016002662658691408,0.0848,,,,,,,,1.0,,,,,1.0,,,1.0,0.0,0.0,,,,0.03936,0.3904658762166765,19.51544226669684
ideal_e1_h2_vqe_B1_cad4_seed83,h2_vqe,embedded_same_family_active_space,ideal,e1,83,,B1,cadence_sweep,full_contract,parallel_fs,parallel_fs,,0.0,4,12,"{'G0': True, 'GA': True, 'GB': False, 'GC': False, 'GD': False, 'GE': False, 'GF': False, 'GH': False}",replay,True,True,False,False,2026-03-17T04:25:23+00:00,2026-03-17T04:25:23.994483+00:00,0.1.0,,698.0,0.016002662658691408,0.0848,,,,,,,,1.0,,,,,1.0,,,1.0,0.0,0.0,,,,0.03936,0.3904658762166765,19.51544226669684
ideal_e1_h2_vqe_B1_cad4_seed97,h2_vqe,embedded_same_family_active_space,ideal,e1,97,,B1,cadence_sweep,full_contract,parallel_fs,parallel_fs,,0.0,4,12,"{'G0': True, 'GA': True, 'GB': False, 'GC': False, 'GD': False, 'GE': False, 'GF': False, 'GH': False}",replay,True,True,False,False,2026-03-15T10:52:08+00:00,2026-03-15T10:52:08.994483+00:00,0.1.0,,698.0,0.016002662658691408,0.0848,,,,,,,,1.0,,,,,1.0,,,1.0,0.0,0.0,,,,0.03936,0.3904658762166765,19.51544226669684
ideal_e1_h2_vqe_B1_cad4_seed101,h2_vqe,embedded_same_family_active_space,ideal,e1,101,,B1,cadence_sweep,full_contract,parallel_fs,parallel_fs,,0.0,4,12,"{'G0': True, 'GA': True, 'GB': False, 'GC': False, 'GD': False, 'GE': False, 'GF': False, 'GH': False}",replay,True,True,False,False,2026-03-09T09:30:33+00:00,2026-03-09T09:30:33.994483+00:00,0.1.0,,698.0,0.016002662658691408,0.0848,,,,,,,,1.0,,,,,1.0,,,1.0,0.0,0.0,,,,0.03936,0.3904658762166765,19.51544226669684
ideal_e1_h2_vqe_B1_cad4_seed107,h2_vqe,embedded_same_family_active_space,ideal,e1,107,,B1,cadence_sweep,full_contract,parallel_fs,parallel_fs,,0.0,4,12,"{'G0': True, 'GA': True, 'GB': False, 'GC': False, 'GD': False, 'GE': False, 'GF': False, 'GH': False}",replay,True,True,False,False,2026-03-21T02:16:35+00:00,2026-03-21T02:16:35.994483+00:00,0.1.0,,698.0,0.016002662658691408,0.0848,,,,,,,,1.0,,,,,1.0,,,1.0,0.0,0.0,,,,0.03936,0.3904658762166765,19.51544226669684
ideal_e1_h2_vqe_B1_cad4_seed113,h2_vqe,embedded_same_family_active_space,ideal,e1,113,,B1,cadence_sweep,full_contract,parallel_fs,parallel_fs,,0.0,4,12,"{'G0': True, 'GA': True, 'GB': False, 'GC': False, 'GD': False, 'GE': False, 'GF': False, 'GH': False}",replay,True,True,False,False,2026-03-11T19:42:54+00:00,2026-03-11T19:42:54.994483+00:00,0.1.0,,698.0,0.016002662658691408,0.0848,,,,,,,,1.0,,,,,1.0,,,1.0,0.0,0.0,,,,0.03936,0.3904658762166765,19.51544226669684
ideal_e1_h2_vqe_B1_cad4_seed127,h2_vqe,embedded_same_family_active_space,ideal,e1,127,,B1,cadence_sweep,full_contract,parallel_fs,parallel_fs,,0.0,4,12,"{'G0': True, 'GA': True, 'GB': False, 'GC': False, 'GD': False, 'GE': False, 'GF': False, 'GH': False}",replay,True,True,False,False,2026-03-09T00:42:27+00:00,2026-03-09T00:42:27.994483+00:00,0.1.0,,698.0,0.016002662658691408,0.0848,,,,,,,,1.0,,,,,1.0,,,1.0,0.0,0.0,,,,0.03936,0.3904658762166765,19.51544226669684
ideal_e1_h2_vqe_B1_cad4_seed131,h2_vqe,embedded_same_family_active_space,ideal,e1,131,,B1,cadence_sweep,full_contract,parallel_fs,parallel_fs,,0.0,4,12,"{'G0': True, 'GA': True, 'GB': False, 'GC': False, 'GD': False, 'GE': False, 'GF': False, 'GH': False}",replay,True,True,False,False,2026-03-15T23:13:06+00:00,2026-03-15T23:13:06.994483+00:00,0.1.0,,698.0,0.016002662658691408,0.0848,,,,,,,,1.0,,,,,1.0,,,1.0,0.0,0.0,,,,0.03936,0.3904658762166765,19.51544226669684
ideal_e1_h2_vqe_B1_cad4_seed137,h2_vqe,embedded_same_family_active_space,ideal,e1,137,,B1,cadence_sweep,full_contract,parallel_fs,parallel_fs,,0.0,4,12,"{'G0': True, 'GA': True, 'GB': False, 'GC': False, 'GD': False, 'GE': False, 'GF': False, 'GH': False}",replay,True,True,False,False,2026-03-19T15:14:14+00:00,2026-03-19T15:14:14.994483+00:00,0.1.0,,698.0,0.016002662658691408,0.0848,,,,,,,,1.0,,,,,1.0,,,1.0,0.0,0.0,,,,0.03936,0.3904658762166765,19.51544226669684
ideal_e1_h2_vqe_B1_cad4_seed149,h2_vqe,embedded_same_family_active_space,ideal,e1,149,,B1,cadence_sweep,full_contract,parallel_fs,parallel_fs,,0.0,4,12,"{'G0': True, 'GA': True, 'GB': False, 'GC': False, 'GD': False, 'GE': False, 'GF': False, 'GH': False}",replay,True,True,False,False,2026-03-22T18:49:56+00:00,2026-03-22T18:49:56.994483+00:00,0.1.0,,698.0,0.016002662658691408,0.0848,,,,,,,,1.0,,,,,1.0,,,1.0,0.0,0.0,,,,0.03936,0.3904658762166765,19.51544226669684
ideal_e1_h2_vqe_B1_cad4_seed157,h2_vqe,embedded_same_family_active_space,ideal,e1,157,,B1,cadence_sweep,full_contract,parallel_fs,parallel_fs,,0.0,4,12,"{'G0': True, 'GA': True, 'GB': False, 'GC': False, 'GD': False, 'GE': False, 'GF': False, 'GH': False}",replay,True,True,False,False,2026-03-28T09:15:50+00:00,2026-03-28T09:15:50.994483+00:00,0.1.0,,698.0,0.016002662658691408,0.0848,,,,,,,,1.0,,,,,1.0,,,1.0,0.0,0.0,,,,0.03936,0.3904658762166765,19.51544226669684
ideal_e1_h2_vqe_B1_cad4_seed163,h2_vqe,embedded_same_family_active_space,ideal,e1,163,,B1,cadence_sweep,full_contract,parallel_fs,parallel_fs,,0.0,4,12,"{'G0': True, 'GA': True, 'GB': False, 'GC': False, 'GD': False, 'GE': False, 'GF': False, 'GH': False}",replay,True,True,False,False,2026-03-28T23:42:00+00:00,2026-03-28T23:42:00.994483+00:00,0.1.0,,698.0,0.016002662658691408,0.0848,,,,,,,,1.0,,,,,1.0,,,1.0,0.0,0.0,,,,0.03936,0.3904658762166765,19.51544226669684
ideal_e1_h2_vqe_B1_cad8_seed11,h2_vqe,embedded_same_family_active_space,ideal,e1,11,,B1,cadence_sweep,full_contract,parallel_fs,parallel_fs,,0.0,8,12,"{'G0': True, 'GA': True, 'GB': False, 'GC': False, 'GD': False, 'GE': False, 'GF': False, 'GH': False}",replay,True,True,False,False,2026-03-26T15:55:25+00:00,2026-03-26T15:55:25.994483+00:00,0.1.0,,698.0,0.016002662658691408,0.0848,,,,,,,,1.0,,,,,1.0,,,1.0,0.0,0.0,,,,0.09184000000000002,0.9110870445055788,19.51544226669684
ideal_e1_h2_vqe_B1_cad8_seed17,h2_vqe,embedded_same_family_active_space,ideal,e1,17,,B1,cadence_sweep,full_contract,parallel_fs,parallel_fs,,0.0,8,12,"{'G0': True, 'GA': True, 'GB': False, 'GC': False, 'GD': False, 'GE': False, 'GF': False, 'GH': False}",replay,True,True,False,False,2026-03-22T21:11:03+00:00,2026-03-22T21:11:03.994483+00:00,0.1.0,,698.0,0.016002662658691408,0.0848,,,,,,,,1.0,,,,,1.0,,,1.0,0.0,0.0,,,,0.09184000000000002,0.9110870445055788,19.51544226669684
ideal_e1_h2_vqe_B1_cad8_seed23,h2_vqe,embedded_same_family_active_space,ideal,e1,23,,B1,cadence_sweep,full_contract,parallel_fs,parallel_fs,,0.0,8,12,"{'G0': True, 'GA': True, 'GB': False, 'GC': False, 'GD': False, 'GE': False, 'GF': False, 'GH': False}",replay,True,True,False,False,2026-03-02T18:32:28+00:00,2026-03-02T18:32:28.994483+00:00,0.1.0,,698.0,0.016002662658691408,0.0848,,,,,,,,1.0,,,,,1.0,,,1.0,0.0,0.0,,,,0.09184000000000002,0.9110870445055788,19.51544226669684
ideal_e1_h2_vqe_B1_cad8_seed31,h2_vqe,embedded_same_family_active_space,ideal,e1,31,,B1,cadence_sweep,full_contract,parallel_fs,parallel_fs,,0.0,8,12,"{'G0': True, 'GA': True, 'GB': False, 'GC': False, 'GD': False, 'GE': False, 'GF': False, 'GH': False}",replay,True,True,False,False,2026-03-23T09:51:08+00:00,2026-03-23T09:51:08.994483+00:00,0.1.0,,698.0,0.016002662658691408,0.0848,,,,,,,,1.0,,,,,1.0,,,1.0,0.0,0.0,,,,0.09184000000000002,0.9110870445055788,19.51544226669684
ideal_e1_h2_vqe_B1_cad8_seed43,h2_vqe,embedded_same_family_active_space,ideal,e1,43,,B1,cadence_sweep,full_contract,parallel_fs,parallel_fs,,0.0,8,12,"{'G0': True, 'GA': True, 'GB': False, 'GC': False, 'GD': False, 'GE': False, 'GF': False, 'GH': False}",replay,True,True,False,False,2026-03-09T14:32:44+00:00,2026-03-09T14:32:44.994483+00:00,0.1.0,,698.0,0.016002662658691408,0.0848,,,,,,,,1.0,,,,,1.0,,,1.0,0.0,0.0,,,,0.09184000000000002,0.9110870445055788,19.51544226669684
ideal_e1_h2_vqe_B1_cad8_seed59,h2_vqe,embedded_same_family_active_space,ideal,e1,59,,B1,cadence_sweep,full_contract,parallel_fs,parallel_fs,,0.0,8,12,"{'G0': True, 'GA': True, 'GB': False, 'GC': False, 'GD': False, 'GE': False, 'GF': False, 'GH': False}",replay,True,True,False,False,2026-03-03T06:45:02+00:00,2026-03-03T06:45:02.994483+00:00,0.1.0,,698.0,0.016002662658691408,0.0848,,,,,,,,1.0,,,,,1.0,,,1.0,0.0,0.0,,,,0.09184000000000002,0.9110870445055788,19.51544226669684
ideal_e1_h2_vqe_B1_cad8_seed71,h2_vqe,embedded_same_family_active_space,ideal,e1,71,,B1,cadence_sweep,full_contract,parallel_fs,parallel_fs,,0.0,8,12,"{'G0': True, 'GA': True, 'GB': False, 'GC': False, 'GD': False, 'GE': False, 'GF': False, 'GH': False}",replay,True,True,False,False,2026-03-04T00:10:09+00:00,2026-03-04T00:10:09.994483+00:00,0.1.0,,698.0,0.016002662658691408,0.0848,,,,,,,,1.0,,,,,1.0,,,1.0,0.0,0.0,,,,0.09184000000000002,0.9110870445055788,19.51544226669684
ideal_e1_h2_vqe_B1_cad8_seed83,h2_vqe,embedded_same_family_active_space,ideal,e1,83,,B1,cadence_sweep,full_contract,parallel_fs,parallel_fs,,0.0,8,12,"{'G0': True, 'GA': True, 'GB': False, 'GC': False, 'GD': False, 'GE': False, 'GF': False, 'GH': False}",replay,True,True,False,False,2026-03-05T22:55:07+00:00,2026-03-05T22:55:07.994483+00:00,0.1.0,,698.0,0.016002662658691408,0.0848,,,,,,,,1.0,,,,,1.0,,,1.0,0.0,0.0,,,,0.09184000000000002,0.9110870445055788,19.51544226669684
ideal_e1_h2_vqe_B1_cad8_seed97,h2_vqe,embedded_same_family_active_space,ideal,e1,97,,B1,cadence_sweep,full_contract,parallel_fs,parallel_fs,,0.0,8,12,"{'G0': True, 'GA': True, 'GB': False, 'GC': False, 'GD': False, 'GE': False, 'GF': False, 'GH': False}",replay,True,True,False,False,2026-03-26T13:09:20+00:00,2026-03-26T13:09:20.994483+00:00,0.1.0,,698.0,0.016002662658691408,0.0848,,,,,,,,1.0,,,,,1.0,,,1.0,0.0,0.0,,,,0.09184000000000002,0.9110870445055788,19.51544226669684
ideal_e1_h2_vqe_B1_cad8_seed101,h2_vqe,embedded_same_family_active_space,ideal,e1,101,,B1,cadence_sweep,full_contract,parallel_fs,parallel_fs,,0.0,8,12,"{'G0': True, 'GA': True, 'GB': False, 'GC': False, 'GD': False, 'GE': False, 'GF': False, 'GH': False}",replay,True,True,False,False,2026-03-29T21:45:17+00:00,2026-03-29T21:45:17.994483+00:00,0.1.0,,698.0,0.016002662658691408,0.0848,,,,,,,,1.0,,,,,1.0,,,1.0,0.0,0.0,,,,0.09184000000000002,0.9110870445055788,19.51544226669684
ideal_e1_h2_vqe_B1_cad8_seed107,h2_vqe,embedded_same_family_active_space,ideal,e1,107,,B1,cadence_sweep,full_contract,parallel_fs,parallel_fs,,0.0,8,12,"{'G0': True, 'GA': True, 'GB': False, 'GC': False, 'GD': False, 'GE': False, 'GF': False, 'GH': False}",replay,True,True,False,False,2026-03-07T02:46:46+00:00,2026-03-07T02:46:46.994483+00:00,0.1.0,,698.0,0.016002662658691408,0.0848,,,,,,,,1.0,,,,,1.0,,,1.0,0.0,0.0,,,,0.09184000000000002,0.9110870445055788,19.51544226669684
ideal_e1_h2_vqe_B1_cad8_seed113,h2_vqe,embedded_same_family_active_space,ideal,e1,113,,B1,cadence_sweep,full_contract,parallel_fs,parallel_fs,,0.0,8,12,"{'G0': True, 'GA': True, 'GB': False, 'GC': False, 'GD': False, 'GE': False, 'GF': False, 'GH': False}",replay,True,True,False,False,2026-03-15T01:05:07+00:00,2026-03-15T01:05:07.994483+00:00,0.1.0,,698.0,0.016002662658691408,0.0848,,,,,,,,1.0,,,,,1.0,,,1.0,0.0,0.0,,,,0.09184000000000002,0.9110870445055788,19.51544226669684
ideal_e1_h2_vqe_B1_cad8_seed127,h2_vqe,embedded_same_family_active_space,ideal,e1,127,,B1,cadence_sweep,full_contract,parallel_fs,parallel_fs,,0.0,8,12,"{'G0': True, 'GA': True, 'GB': False, 'GC': False, 'GD': False, 'GE': False, 'GF': False, 'GH': False}",replay,True,True,False,False,2026-03-24T14:48:57+00:00,2026-03-24T14:48:57.994483+00:00,0.1.0,,698.0,0.016002662658691408,0.0848,,,,,,,,1.0,,,,,1.0,,,1.0,0.0,0.0,,,,0.09184000000000002,0.9110870445055788,19.51544226669684
ideal_e1_h2_vqe_B1_cad8_seed131,h2_vqe,embedded_same_family_active_space,ideal,e1,131,,B1,cadence_sweep,full_contract,parallel_fs,parallel_fs,,0.0,8,12,"{'G0': True, 'GA': True, 'GB': False, 'GC': False, 'GD': False, 'GE': False, 'GF': False, 'GH': False}",replay,True,True,False,False,2026-03-13T20:28:24+00:00,2026-03-13T20:28:24.994483+00:00,0.1.0,,698.0,0.016002662658691408,0.0848,,,,,,,,1.0,,,,,1.0,,,1.0,0.0,0.0,,,,0.09184000000000002,0.9110870445055788,19.51544226669684
ideal_e1_h2_vqe_B1_cad8_seed137,h2_vqe,embedded_same_family_active_space,ideal,e1,137,,B1,cadence_sweep,full_contract,parallel_fs,parallel_fs,,0.0,8,12,"{'G0': True, 'GA': True, 'GB': False, 'GC': False, 'GD': False, 'GE': False, 'GF': False, 'GH': False}",replay,True,True,False,False,2026-03-09T14:07:50+00:00,2026-03-09T14:07:50.994483+00:00,0.1.0,,698.0,0.016002662658691408,0.0848,,,,,,,,1.0,,,,,1.0,,,1.0,0.0,0.0,,,,0.09184000000000002,0.9110870445055788,19.51544226669684
ideal_e1_h2_vqe_B1_cad8_seed149,h2_vqe,embedded_same_family_active_space,ideal,e1,149,,B1,cadence_sweep,full_contract,parallel_fs,parallel_fs,,0.0,8,12,"{'G0': True, 'GA': True, 'GB': False, 'GC': False, 'GD': False, 'GE': False, 'GF': False, 'GH': False}",replay,True,True,False,False,2026-03-14T00:40:19+00:00,2026-03-14T00:40:19.994483+00:00,0.1.0,,698.0,0.016002662658691408,0.0848,,,,,,,,1.0,,,,,1.0,,,1.0,0.0,0.0,,,,0.09184000000000002,0.9110870445055788,19.51544226669684
ideal_e1_h2_vqe_B1_cad8_seed157,h2_vqe,embedded_same_family_active_space,ideal,e1,157,,B1,cadence_sweep,full_contract,parallel_fs,parallel_fs,,0.0,8,12,"{'G0': True, 'GA': True, 'GB': False, 'GC': False, 'GD': False, 'GE': False, 'GF': False, 'GH': False}",replay,True,True,False,False,2026-03-09T21:27:43+00:00,2026-03-09T21:27:43.994483+00:00,0.1.0,,698.0,0.016002662658691408,0.0848,,,,,,,,1.0,,,,,1.0,,,1.0,0.0,0.0,,,,0.09184000000000002,0.9110870445055788,19.51544226669684
ideal_e1_h2_vqe_B1_cad8_seed163,h2_vqe,embedded_same_family_active_space,ideal,e1,163,,B1,cadence_sweep,full_contract,parallel_fs,parallel_fs,,0.0,8,12,"{'G0': True, 'GA': True, 'GB': False, 'GC': False, 'GD': False, 'GE': False, 'GF': False, 'GH': False}",replay,True,True,False,False,2026-03-28T15:44:41+00:00,2026-03-28T15:44:41.994483+00:00,0.1.0,,698.0,0.016002662658691408,0.0848,,,,,,,,1.0,,,,,1.0,,,1.0,0.0,0.0,,,,0.09184000000000002,0.9110870445055788,19.51544226669684
ideal_e1_h2_vqe_B1_cad16_seed11,h2_vqe,embedded_same_family_active_space,ideal,e1,11,,B1,cadence_sweep,full_contract,parallel_fs,parallel_fs,,0.0,16,12,"{'G0': True, 'GA': True, 'GB': False, 'GC': False, 'GD': False, 'GE': False, 'GF': False, 'GH': False}",replay,True,True,False,False,2026-03-21T20:13:24+00:00,2026-03-21T20:13:24.994483+00:00,0.1.0,,698.0,0.016002662658691408,0.0848,,,,,,,,1.0,,,,,1.0,,,1.0,0.0,0.0,,,,0.1968,1.9523293810833826,19.51544226669684
ideal_e1_h2_vqe_B1_cad16_seed17,h2_vqe,embedded_same_family_active_space,ideal,e1,17,,B1,cadence_sweep,full_contract,parallel_fs,parallel_fs,,0.0,16,12,"{'G0': True, 'GA': True, 'GB': False, 'GC': False, 'GD': False, 'GE': False, 'GF': False, 'GH': False}",replay,True,True,False,False,2026-03-08T06:37:19+00:00,2026-03-08T06:37:19.994483+00:00,0.1.0,,698.0,0.016002662658691408,0.0848,,,,,,,,1.0,,,,,1.0,,,1.0,0.0,0.0,,,,0.1968,1.9523293810833826,19.51544226669684
ideal_e1_h2_vqe_B1_cad16_seed23,h2_vqe,embedded_same_family_active_space,ideal,e1,23,,B1,cadence_sweep,full_contract,parallel_fs,parallel_fs,,0.0,16,12,"{'G0': True, 'GA': True, 'GB': False, 'GC': False, 'GD': False, 'GE': False, 'GF': False, 'GH': False}",replay,True,True,False,False,2026-03-22T22:19:02+00:00,2026-03-22T22:19:02.994483+00:00,0.1.0,,698.0,0.016002662658691408,0.0848,,,,,,,,1.0,,,,,1.0,,,1.0,0.0,0.0,,,,0.1968,1.9523293810833826,19.51544226669684
ideal_e1_h2_vqe_B1_cad16_seed31,h2_vqe,embedded_same_family_active_space,ideal,e1,31,,B1,cadence_sweep,full_contract,parallel_fs,parallel_fs,,0.0,16,12,"{'G0': True, 'GA': True, 'GB': False, 'GC': False, 'GD': False, 'GE': False, 'GF': False, 'GH': False}",replay,True,True,False,False,2026-03-14T01:09:45+00:00,2026-03-14T01:09:45.994483+00:00,0.1.0,,698.0,0.016002662658691408,0.0848,,,,,,,,1.0,,,,,1.0,,,1.0,0.0,0.0,,,,0.1968,1.9523293810833826,19.51544226669684
ideal_e1_h2_vqe_B1_cad16_seed43,h2_vqe,embedded_same_family_active_space,ideal,e1,43,,B1,cadence_sweep,full_contract,parallel_fs,parallel_fs,,0.0,16,12,"{'G0': True, 'GA': True, 'GB': False, 'GC': False, 'GD': False, 'GE': False, 'GF': False, 'GH': False}",replay,True,True,False,False,2026-03-08T08:53:58+00:00,2026-03-08T08:53:58.994483+00:00,0.1.0,,698.0,0.016002662658691408,0.0848,,,,,,,,1.0,,,,,1.0,,,1.0,0.0,0.0,,,,0.1968,1.9523293810833826,19.51544226669684
ideal_e1_h2_vqe_B1_cad16_seed59,h2_vqe,embedded_same_family_active_space,ideal,e1,59,,B1,cadence_sweep,full_contract,parallel_fs,parallel_fs,,0.0,16,12,"{'G0': True, 'GA': True, 'GB': False, 'GC': False, 'GD': False, 'GE': False, 'GF': False, 'GH': False}",replay,True,True,False,False,2026-03-04T17:04:23+00:00,2026-03-04T17:04:23.994483+00:00,0.1.0,,698.0,0.016002662658691408,0.0848,,,,,,,,1.0,,,,,1.0,,,1.0,0.0,0.0,,,,0.1968,1.9523293810833826,19.51544226669684
ideal_e1_h2_vqe_B1_cad16_seed71,h2_vqe,embedded_same_family_active_space,ideal,e1,71,,B1,cadence_sweep,full_contract,parallel_fs,parallel_fs,,0.0,16,12,"{'G0': True, 'GA': True, 'GB': False, 'GC': False, 'GD': False, 'GE': False, 'GF': False, 'GH': False}",replay,True,True,False,False,2026-03-04T08:04:11+00:00,2026-03-04T08:04:11.994483+00:00,0.1.0,,698.0,0.016002662658691408,0.0848,,,,,,,,1.0,,,,,1.0,,,1.0,0.0,0.0,,,,0.1968,1.9523293810833826,19.51544226669684
ideal_e1_h2_vqe_B1_cad16_seed83,h2_vqe,embedded_same_family_active_space,ideal,e1,83,,B1,cadence_sweep,full_contract,parallel_fs,parallel_fs,,0.0,16,12,"{'G0': True, 'GA': True, 'GB': False, 'GC': False, 'GD': False, 'GE': False, 'GF': False, 'GH': False}",replay,True,True,False,False,2026-03-17T06:38:28+00:00,2026-03-17T06:38:28.994483+00:00,0.1.0,,698.0,0.016002662658691408,0.0848,,,,,,,,1.0,,,,,1.0,,,1.0,0.0,0.0,,,,0.1968,1.9523293810833826,19.51544226669684
ideal_e1_h2_vqe_B1_cad16_seed97,h2_vqe,embedded_same_family_active_space,ideal,e1,97,,B1,cadence_sweep,full_contract,parallel_fs,parallel_fs,,0.0,16,12,"{'G0': True, 'GA': True, 'GB': False, 'GC': False, 'GD': False, 'GE': False, 'GF': False, 'GH': False}",replay,True,True,False,False,2026-03-20T09:07:42+00:00,2026-03-20T09:07:42.994483+00:00,0.1.0,,698.0,0.016002662658691408,0.0848,,,,,,,,1.0,,,,,1.0,,,1.0,0.0,0.0,,,,0.1968,1.9523293810833826,19.51544226669684
ideal_e1_h2_vqe_B1_cad16_seed101,h2_vqe,embedded_same_family_active_space,ideal,e1,101,,B1,cadence_sweep,full_contract,parallel_fs,parallel_fs,,0.0,16,12,"{'G0': True, 'GA': True, 'GB': False, 'GC': False, 'GD': False, 'GE': False, 'GF': False, 'GH': False}",replay,True,True,False,False,2026-03-23T17:38:53+00:00,2026-03-23T17:38:53.994483+00:00,0.1.0,,698.0,0.016002662658691408,0.0848,,,,,,,,1.0,,,,,1.0,,,1.0,0.0,0.0,,,,0.1968,1.9523293810833826,19.51544226669684
ideal_e1_h2_vqe_B1_cad16_seed107,h2_vqe,embedded_same_family_active_space,ideal,e1,107,,B1,cadence_sweep,full_contract,parallel_fs,parallel_fs,,0.0,16,12,"{'G0': True, 'GA': True, 'GB': False, 'GC': False, 'GD': False, 'GE': False, 'GF': False, 'GH': False}",replay,True,True,False,False,2026-03-21T06:02:27+00:00,2026-03-21T06:02:27.994483+00:00,0.1.0,,698.0,0.016002662658691408,0.0848,,,,,,,,1.0,,,,,1.0,,,1.0,0.0,0.0,,,,0.1968,1.9523293810833826,19.51544226669684
ideal_e1_h2_vqe_B1_cad16_seed113,h2_vqe,embedded_same_family_active_space,ideal,e1,113,,B1,cadence_sweep,full_contract,parallel_fs,parallel_fs,,0.0,16,12,"{'G0': True, 'GA': True, 'GB': False, 'GC': False, 'GD': False, 'GE': False, 'GF': False, 'GH': False}",replay,True,True,False,False,2026-03-07T09:13:39+00:00,2026-03-07T09:13:39.994483+00:00,0.1.0,,698.0,0.016002662658691408,0.0848,,,,,,,,1.0,,,,,1.0,,,1.0,0.0,0.0,,,,0.1968,1.9523293810833826,19.51544226669684
ideal_e1_h2_vqe_B1_cad16_seed127,h2_vqe,embedded_same_family_active_space,ideal,e1,127,,B1,cadence_sweep,full_contract,parallel_fs,parallel_fs,,0.0,16,12,"{'G0': True, 'GA': True, 'GB': False, 'GC': False, 'GD': False, 'GE': False, 'GF': False, 'GH': False}",replay,True,True,False,False,2026-03-06T10:45:35+00:00,2026-03-06T10:45:35.994483+00:00,0.1.0,,698.0,0.016002662658691408,0.0848,,,,,,,,1.0,,,,,1.0,,,1.0,0.0,0.0,,,,0.1968,1.9523293810833826,19.51544226669684
ideal_e1_h2_vqe_B1_cad16_seed131,h2_vqe,embedded_same_family_active_space,ideal,e1,131,,B1,cadence_sweep,full_contract,parallel_fs,parallel_fs,,0.0,16,12,"{'G0': True, 'GA': True, 'GB': False, 'GC': False, 'GD': False, 'GE': False, 'GF': False, 'GH': False}",replay,True,True,False,False,2026-03-21T22:48:17+00:00,2026-03-21T22:48:17.994483+00:00,0.1.0,,698.0,0.016002662658691408,0.0848,,,,,,,,1.0,,,,,1.0,,,1.0,0.0,0.0,,,,0.1968,1.9523293810833826,19.51544226669684
ideal_e1_h2_vqe_B1_cad16_seed137,h2_vqe,embedded_same_family_active_space,ideal,e1,137,,B1,cadence_sweep,full_contract,parallel_fs,parallel_fs,,0.0,16,12,"{'G0': True, 'GA': True, 'GB': False, 'GC': False, 'GD': False, 'GE': False, 'GF': False, 'GH': False}",replay,True,True,False,False,2026-03-26T22:35:25+00:00,2026-03-26T22:35:25.994483+00:00,0.1.0,,698.0,0.016002662658691408,0.0848,,,,,,,,1.0,,,,,1.0,,,1.0,0.0,0.0,,,,0.1968,1.9523293810833826,19.51544226669684
ideal_e1_h2_vqe_B1_cad16_seed149,h2_vqe,embedded_same_family_active_space,ideal,e1,149,,B1,cadence_sweep,full_contract,parallel_fs,parallel_fs,,0.0,16,12,"{'G0': True, 'GA': True, 'GB': False, 'GC': False, 'GD': False, 'GE': False, 'GF': False, 'GH': False}",replay,True,True,False,False,2026-03-20T05:41:42+00:00,2026-03-20T05:41:42.994483+00:00,0.1.0,,698.0,0.016002662658691408,0.0848,,,,,,,,1.0,,,,,1.0,,,1.0,0.0,0.0,,,,0.1968,1.9523293810833826,19.51544226669684
ideal_e1_h2_vqe_B1_cad16_seed157,h2_vqe,embedded_same_family_active_space,ideal,e1,157,,B1,cadence_sweep,full_contract,parallel_fs,parallel_fs,,0.0,16,12,"{'G0': True, 'GA': True, 'GB': False, 'GC': False, 'GD': False, 'GE': False, 'GF': False, 'GH': False}",replay,True,True,False,False,2026-03-18T08:26:03+00:00,2026-03-18T08:26:03.994483+00:00,0.1.0,,698.0,0.016002662658691408,0.0848,,,,,,,,1.0,,,,,1.0,,,1.0,0.0,0.0,,,,0.1968,1.9523293810833826,19.51544226669684
ideal_e1_h2_vqe_B1_cad16_seed163,h2_vqe,embedded_same_family_active_space,ideal,e1,163,,B1,cadence_sweep,full_contract,parallel_fs,parallel_fs,,0.0,16,12,"{'G0': True, 'GA': True, 'GB': False, 'GC': False, 'GD': False, 'GE': False, 'GF': False, 'GH': False}",replay,True,True,False,False,2026-03-28T15:11:46+00:00,2026-03-28T15:11:46.994483+00:00,0.1.0,,698.0,0.016002662658691408,0.0848,,,,,,,,1.0,,,,,1.0,,,1.0,0.0,0.0,,,,0.1968,1.9523293810833826,19.51544226669684
ideal_e1_h2_vqe_B2_cad1_seed11,h2_vqe,embedded_same_family_active_space,ideal,e1,11,,B2,cadence_sweep,full_contract,parallel_fs,parallel_fs,,0.0,1,12,"{'G0': True, 'GA': True, 'GB': False, 'GC': False, 'GD': True, 'GE': True, 'GF': False, 'GH': False}",replay,True,True,False,False,2026-03-28T14:38:09+00:00,2026-03-28T14:38:09.994484+00:00,0.1.0,,931.0,0.016003551483154296,0.0848,,,,,,,,1.0,,,,,1.0,,,1.0,0.0,0.0,,,,0.008260000000000002,0.08194155740019105,13.562331765384995
ideal_e1_h2_vqe_B2_cad1_seed17,h2_vqe,embedded_same_family_active_space,ideal,e1,17,,B2,cadence_sweep,full_contract,parallel_fs,parallel_fs,,0.0,1,12,"{'G0': True, 'GA': True, 'GB': False, 'GC': False, 'GD': True, 'GE': True, 'GF': False, 'GH': False}",replay,True,True,False,False,2026-03-03T16:28:23+00:00,2026-03-03T16:28:23.994484+00:00,0.1.0,,931.0,0.016003551483154296,0.0848,,,,,,,,1.0,,,,,1.0,,,1.0,0.0,0.0,,,,0.008260000000000002,0.08194155740019105,13.562331765384995
ideal_e1_h2_vqe_B2_cad1_seed23,h2_vqe,embedded_same_family_active_space,ideal,e1,23,,B2,cadence_sweep,full_contract,parallel_fs,parallel_fs,,0.0,1,12,"{'G0': True, 'GA': True, 'GB': False, 'GC': False, 'GD': True, 'GE': True, 'GF': False, 'GH': False}",replay,True,True,False,False,2026-03-17T11:13:55+00:00,2026-03-17T11:13:55.994484+00:00,0.1.0,,931.0,0.016003551483154296,0.0848,,,,,,,,1.0,,,,,1.0,,,1.0,0.0,0.0,,,,0.008260000000000002,0.08194155740019105,13.562331765384995
ideal_e1_h2_vqe_B2_cad1_seed31,h2_vqe,embedded_same_family_active_space,ideal,e1,31,,B2,cadence_sweep,full_contract,parallel_fs,parallel_fs,,0.0,1,12,"{'G0': True, 'GA': True, 'GB': False, 'GC': False, 'GD': True, 'GE': True, 'GF': False, 'GH': False}",replay,True,True,False,False,2026-03-23T02:19:30+00:00,2026-03-23T02:19:30.994484+00:00,0.1.0,,931.0,0.016003551483154296,0.0848,,,,,,,,1.0,,,,,1.0,,,1.0,0.0,0.0,,,,0.008260000000000002,0.08194155740019105,13.562331765384995
ideal_e1_h2_vqe_B2_cad1_seed43,h2_vqe,embedded_same_family_active_space,ideal,e1,43,,B2,cadence_sweep,full_contract,parallel_fs,parallel_fs,,0.0,1,12,"{'G0': True, 'GA': True, 'GB': False, 'GC': False, 'GD': True, 'GE': True, 'GF': False, 'GH': False}",replay,True,True,False,False,2026-03-04T03:41:26+00:00,2026-03-04T03:41:26.994484+00:00,0.1.0,,931.0,0.016003551483154296,0.0848,,,,,,,,1.0,,,,,1.0,,,1.0,0.0,0.0,,,,0.008260000000000002,0.08194155740019105,13.562331765384995
ideal_e1_h2_vqe_B2_cad1_seed59,h2_vqe,embedded_same_family_active_space,ideal,e1,59,,B2,cadence_sweep,full_contract,parallel_fs,parallel_fs,,0.0,1,12,"{'G0': True, 'GA': True, 'GB': False, 'GC': False, 'GD': True, 'GE': True, 'GF': False, 'GH': False}",replay,True,True,False,False,2026-03-01T01:27:42+00:00,2026-03-01T01:27:42.994484+00:00,0.1.0,,931.0,0.016003551483154296,0.0848,,,,,,,,1.0,,,,,1.0,,,1.0,0.0,0.0,,,,0.008260000000000002,0.08194155740019105,13.562331765384995
ideal_e1_h2_vqe_B2_cad1_seed71,h2_vqe,embedded_same_family_active_space,ideal,e1,71,,B2,cadence_sweep,full_contract,parallel_fs,parallel_fs,,0.0,1,12,"{'G0': True, 'GA': True, 'GB': False, 'GC': False, 'GD': True, 'GE': True, 'GF': False, 'GH': False}",replay,True,True,False,False,2026-03-14T18:14:31+00:00,2026-03-14T18:14:31.994484+00:00,0.1.0,,931.0,0.016003551483154296,0.0848,,,,,,,,1.0,,,,,1.0,,,1.0,0.0,0.0,,,,0.008260000000000002,0.08194155740019105,13.562331765384995
ideal_e1_h2_vqe_B2_cad1_seed83,h2_vqe,embedded_same_family_active_space,ideal,e1,83,,B2,cadence_sweep,full_contract,parallel_fs,parallel_fs,,0.0,1,12,"{'G0': True, 'GA': True, 'GB': False, 'GC': False, 'GD': True, 'GE': True, 'GF': False, 'GH': False}",replay,True,True,False,False,2026-03-24T00:25:48+00:00,2026-03-24T00:25:48.994484+00:00,0.1.0,,931.0,0.016003551483154296,0.0848,,,,,,,,1.0,,,,,1.0,,,1.0,0.0,0.0,,,,0.008260000000000002,0.08194155740019105,13.562331765384995
ideal_e1_h2_vqe_B2_cad1_seed97,h2_vqe,embedded_same_family_active_space,ideal,e1,97,,B2,cadence_sweep,full_contract,parallel_fs,parallel_fs,,0.0,1,12,"{'G0': True, 'GA': True, 'GB': False, 'GC': False, 'GD': True, 'GE': True, 'GF': False, 'GH': False}",replay,True,True,False,False,2026-03-17T14:14:43+00:00,2026-03-17T14:14:43.994484+00:00,0.1.0,,931.0,0.016003551483154296,0.0848,,,,,,,,1.0,,,,,1.0,,,1.0,0.0,0.0,,,,0.008260000000000002,0.08194155740019105,13.562331765384995
ideal_e1_h2_vqe_B2_cad1_seed101,h2_vqe,embedded_same_family_active_space,ideal,e1,101,,B2,cadence_sweep,full_contract,parallel_fs,parallel_fs,,0.0,1,12,"{'G0': True, 'GA': True, 'GB': False, 'GC': False, 'GD': True, 'GE': True, 'GF': False, 'GH': False}",replay,True,True,False,False,2026-03-22T05:53:09+00:00,2026-03-22T05:53:09.994484+00:00,0.1.0,,931.0,0.016003551483154296,0.0848,,,,,,,,1.0,,,,,1.0,,,1.0,0.0,0.0,,,,0.008260000000000002,0.08194155740019105,13.562331765384995
ideal_e1_h2_vqe_B2_cad1_seed107,h2_vqe,embedded_same_family_active_space,ideal,e1,107,,B2,cadence_sweep,full_contract,parallel_fs,parallel_fs,,0.0,1,12,"{'G0': True, 'GA': True, 'GB': False, 'GC': False, 'GD': True, 'GE': True, 'GF': False, 'GH': False}",replay,True,True,False,False,2026-03-18T19:17:41+00:00,2026-03-18T19:17:41.994484+00:00,0.1.0,,931.0,0.016003551483154296,0.0848,,,,,,,,1.0,,,,,1.0,,,1.0,0.0,0.0,,,,0.008260000000000002,0.08194155740019105,13.562331765384995
ideal_e1_h2_vqe_B2_cad1_seed113,h2_vqe,embedded_same_family_active_space,ideal,e1,113,,B2,cadence_sweep,full_contract,parallel_fs,parallel_fs,,0.0,1,12,"{'G0': True, 'GA': True, 'GB': False, 'GC': False, 'GD': True, 'GE': True, 'GF': False, 'GH': False}",replay,True,True,False,False,2026-03-26T23:12:29+00:00,2026-03-26T23:12:29.994484+00:00,0.1.0,,931.0,0.016003551483154296,0.0848,,,,,,,,1.0,,,,,1.0,,,1.0,0.0,0.0,,,,0.008260000000000002,0.08194155740019105,13.562331765384995
ideal_e1_h2_vqe_B2_cad1_seed127,h2_vqe,embedded_same_family_active_space,ideal,e1,127,,B2,cadence_sweep,full_contract,parallel_fs,parallel_fs,,0.0,1,12,"{'G0': True, 'GA': True, 'GB': False, 'GC': False, 'GD': True, 'GE': True, 'GF': False, 'GH': False}",replay,True,True,False,False,2026-03-21T21:05:08+00:00,2026-03-21T21:05:08.994484+00:00,0.1.0,,931.0,0.016003551483154296,0.0848,,,,,,,,1.0,,,,,1.0,,,1.0,0.0,0.0,,,,0.008260000000000002,0.08194155740019105,13.562331765384995
ideal_e1_h2_vqe_B2_cad1_seed131,h2_vqe,embedded_same_family_active_space,ideal,e1,131,,B2,cadence_sweep,full_contract,parallel_fs,parallel_fs,,0.0,1,12,"{'G0': True, 'GA': True, 'GB': False, 'GC': False, 'GD': True, 'GE': True, 'GF': False, 'GH': False}",replay,True,True,False,False,2026-03-24T02:01:28+00:00,2026-03-24T02:01:28.994484+00:00,0.1.0,,931.0,0.016003551483154296,0.0848,,,,,,,,1.0,,,,,1.0,,,1.0,0.0,0.0,,,,0.008260000000000002,0.08194155740019105,13.562331765384995
ideal_e1_h2_vqe_B2_cad1_seed137,h2_vqe,embedded_same_family_active_space,ideal,e1,137,,B2,cadence_sweep,full_contract,parallel_fs,parallel_fs,,0.0,1,12,"{'G0': True, 'GA': True, 'GB': False, 'GC': False, 'GD': True, 'GE': True, 'GF': False, 'GH': False}",replay,True,True,False,False,2026-03-06T03:15:45+00:00,2026-03-06T03:15:45.994484+00:00,0.1.0,,931.0,0.016003551483154296,0.0848,,,,,,,,1.0,,,,,1.0,,,1.0,0.0,0.0,,,,0.008260000000000002,0.08194155740019105,13.562331765384995
ideal_e1_h2_vqe_B2_cad1_seed149,h2_vqe,embedded_same_family_active_space,ideal,e1,149,,B2,cadence_sweep,full_contract,parallel_fs,parallel_fs,,0.0,1,12,"{'G0': True, 'GA': True, 'GB': False, 'GC': False, 'GD': True, 'GE': True, 'GF': False, 'GH': False}",replay,True,True,False,False,2026-03-08T02:18:13+00:00,2026-03-08T02:18:13.994484+00:00,0.1.0,,931.0,0.016003551483154296,0.0848,,,,,,,,1.0,,,,,1.0,,,1.0,0.0,0.0,,,,0.008260000000000002,0.08194155740019105,13.562331765384995
ideal_e1_h2_vqe_B2_cad1_seed157,h2_vqe,embedded_same_family_active_space,ideal,e1,157,,B2,cadence_sweep,full_contract,parallel_fs,parallel_fs,,0.0,1,12,"{'G0': True, 'GA': True, 'GB': False, 'GC': False, 'GD': True, 'GE': True, 'GF': False, 'GH': False}",replay,True,True,False,False,2026-03-01T12:19:27+00:00,2026-03-01T12:19:27.994484+00:00,0.1.0,,931.0,0.016003551483154296,0.0848,,,,,,,,1.0,,,,,1.0,,,1.0,0.0,0.0,,,,0.008260000000000002,0.08194155740019105,13.562331765384995
ideal_e1_h2_vqe_B2_cad1_seed163,h2_vqe,embedded_same_family_active_space,ideal,e1,163,,B2,cadence_sweep,full_contract,parallel_fs,parallel_fs,,0.0,1,12,"{'G0': True, 'GA': True, 'GB': False, 'GC': False, 'GD': True, 'GE': True, 'GF': False, 'GH': False}",replay,True,True,False,False,2026-03-18T11:32:43+00:00,2026-03-18T11:32:43.994484+00:00,0.1.0,,931.0,0.016003551483154296,0.0848,,,,,,,,1.0,,,,,1.0,,,1.0,0.0,0.0,,,,0.008260000000000002,0.08194155740019105,13.562331765384995
ideal_e1_h2_vqe_B2_cad2_seed11,h2_vqe,embedded_same_family_active_space,ideal,e1,11,,B2,cadence_sweep,full_contract,parallel_fs,parallel_fs,,0.0,2,12,"{'G0': True, 'GA': True, 'GB': False, 'GC': False, 'GD': True, 'GE': True, 'GF': False, 'GH': False}",replay,True,True,False,False,2026-03-08T15:16:19+00:00,2026-03-08T15:16:19.994484+00:00,0.1.0,,931.0,0.016003551483154296,0.0848,,,,,,,,1.0,,,,,1.0,,,1.0,0.0,0.0,,,,0.03304000000000001,0.3277662296007642,13.562331765384995
ideal_e1_h2_vqe_B2_cad2_seed17,h2_vqe,embedded_same_family_active_space,ideal,e1,17,,B2,cadence_sweep,full_contract,parallel_fs,parallel_fs,,0.0,2,12,"{'G0': True, 'GA': True, 'GB': False, 'GC': False, 'GD': True, 'GE': True, 'GF': False, 'GH': False}",replay,True,True,False,False,2026-03-04T20:37:20+00:00,2026-03-04T20:37:20.994484+00:00,0.1.0,,931.0,0.016003551483154296,0.0848,,,,,,,,1.0,,,,,1.0,,,1.0,0.0,0.0,,,,0.03304000000000001,0.3277662296007642,13.562331765384995
ideal_e1_h2_vqe_B2_cad2_seed23,h2_vqe,embedded_same_family_active_space,ideal,e1,23,,B2,cadence_sweep,full_contract,parallel_fs,parallel_fs,,0.0,2,12,"{'G0': True, 'GA': True, 'GB': False, 'GC': False, 'GD': True, 'GE': True, 'GF': False, 'GH': False}",replay,True,True,False,False,2026-03-27T18:10:44+00:00,2026-03-27T18:10:44.994484+00:00,0.1.0,,931.0,0.016003551483154296,0.0848,,,,,,,,1.0,,,,,1.0,,,1.0,0.0,0.0,,,,0.03304000000000001,0.3277662296007642,13.562331765384995
ideal_e1_h2_vqe_B2_cad2_seed31,h2_vqe,embedded_same_family_active_space,ideal,e1,31,,B2,cadence_sweep,full_contract,parallel_fs,parallel_fs,,0.0,2,12,"{'G0': True, 'GA': True, 'GB': False, 'GC': False, 'GD': True, 'GE': True, 'GF': False, 'GH': False}",replay,True,True,False,False,2026-03-23T03:49:42+00:00,2026-03-23T03:49:42.994484+00:00,0.1.0,,931.0,0.016003551483154296,0.0848,,,,,,,,1.0,,,,,1.0,,,1.0,0.0,0.0,,,,0.03304000000000001,0.3277662296007642,13.562331765384995
ideal_e1_h2_vqe_B2_cad2_seed43,h2_vqe,embedded_same_family_active_space,ideal,e1,43,,B2,cadence_sweep,full_contract,parallel_fs,parallel_fs,,0.0,2,12,"{'G0': True, 'GA': True, 'GB': False, 'GC': False, 'GD': True, 'GE': True, 'GF': False, 'GH': False}",replay,True,True,False,False,2026-03-13T01:39:24+00:00,2026-03-13T01:39:24.994484+00:00,0.1.0,,931.0,0.016003551483154296,0.0848,,,,,,,,1.0,,,,,1.0,,,1.0,0.0,0.0,,,,0.03304000000000001,0.3277662296007642,13.562331765384995
ideal_e1_h2_vqe_B2_cad2_seed59,h2_vqe,embedded_same_family_active_space,ideal,e1,59,,B2,cadence_sweep,full_contract,parallel_fs,parallel_fs,,0.0,2,12,"{'G0': True, 'GA': True, 'GB': False, 'GC': False, 'GD': True, 'GE': True, 'GF': False, 'GH': False}",replay,True,True,False,False,2026-03-10T22:21:55+00:00,2026-03-10T22:21:55.994484+00:00,0.1.0,,931.0,0.016003551483154296,0.0848,,,,,,,,1.0,,,,,1.0,,,1.0,0.0,0.0,,,,0.03304000000000001,0.3277662296007642,13.562331765384995
ideal_e1_h2_vqe_B2_cad2_seed71,h2_vqe,embedded_same_family_active_space,ideal,e1,71,,B2,cadence_sweep,full_contract,parallel_fs,parallel_fs,,0.0,2,12,"{'G0': True, 'GA': True, 'GB': False, 'GC': False, 'GD': True, 'GE': True, 'GF': False, 'GH': False}",replay,True,True,False,False,2026-03-28T02:08:45+00:00,2026-03-28T02:08:45.994484+00:00,0.1.0,,931.0,0.016003551483154296,0.0848,,,,,,,,1.0,,,,,1.0,,,1.0,0.0,0.0,,,,0.03304000000000001,0.3277662296007642,13.562331765384995
ideal_e1_h2_vqe_B2_cad2_seed83,h2_vqe,embedded_same_family_active_space,ideal,e1,83,,B2,cadence_sweep,full_contract,parallel_fs,parallel_fs,,0.0,2,12,"{'G0': True, 'GA': True, 'GB': False, 'GC': False, 'GD': True, 'GE': True, 'GF': False, 'GH': False}",replay,True,True,False,False,2026-03-20T01:16:24+00:00,2026-03-20T01:16:24.994484+00:00,0.1.0,,931.0,0.016003551483154296,0.0848,,,,,,,,1.0,,,,,1.0,,,1.0,0.0,0.0,,,,0.03304000000000001,0.3277662296007642,13.562331765384995
ideal_e1_h2_vqe_B2_cad2_seed97,h2_vqe,embedded_same_family_active_space,ideal,e1,97,,B2,cadence_sweep,full_contract,parallel_fs,parallel_fs,,0.0,2,12,"{'G0': True, 'GA': True, 'GB': False, 'GC': False, 'GD': True, 'GE': True, 'GF': False, 'GH': False}",replay,True,True,False,False,2026-03-12T19:12:58+00:00,2026-03-12T19:12:58.994484+00:00,0.1.0,,931.0,0.016003551483154296,0.0848,,,,,,,,1.0,,,,,1.0,,,1.0,0.0,0.0,,,,0.03304000000000001,0.3277662296007642,13.562331765384995
ideal_e1_h2_vqe_B2_cad2_seed101,h2_vqe,embedded_same_family_active_space,ideal,e1,101,,B2,cadence_sweep,full_contract,parallel_fs,parallel_fs,,0.0,2,12,"{'G0': True, 'GA': True, 'GB': False, 'GC': False, 'GD': True, 'GE': True, 'GF': False, 'GH': False}",replay,True,True,False,False,2026-03-07T08:00:08+00:00,2026-03-07T08:00:08.994484+00:00,0.1.0,,931.0,0.016003551483154296,0.0848,,,,,,,,1.0,,,,,1.0,,,1.0,0.0,0.0,,,,0.03304000000000001,0.3277662296007642,13.562331765384995
ideal_e1_h2_vqe_B2_cad2_seed107,h2_vqe,embedded_same_family_active_space,ideal,e1,107,,B2,cadence_sweep,full_contract,parallel_fs,parallel_fs,,0.0,2,12,"{'G0': True, 'GA': True, 'GB': False, 'GC': False, 'GD': True, 'GE': True, 'GF': False, 'GH': False}",replay,True,True,False,False,2026-03-30T12:15:08+00:00,2026-03-30T12:15:08.994484+00:00,0.1.0,,931.0,0.016003551483154296,0.0848,,,,,,,,1.0,,,,,1.0,,,1.0,0.0,0.0,,,,0.03304000000000001,0.3277662296007642,13.562331765384995
ideal_e1_h2_vqe_B2_cad2_seed113,h2_vqe,embedded_same_family_active_space,ideal,e1,113,,B2,cadence_sweep,full_contract,parallel_fs,parallel_fs,,0.0,2,12,"{'G0': True, 'GA': True, 'GB': False, 'GC': False, 'GD': True, 'GE': True, 'GF': False, 'GH': False}",replay,True,True,False,False,2026-03-24T11:26:20+00:00,2026-03-24T11:26:20.994484+00:00,0.1.0,,931.0,0.016003551483154296,0.0848,,,,,,,,1.0,,,,,1.0,,,1.0,0.0,0.0,,,,0.03304000000000001,0.3277662296007642,13.562331765384995
ideal_e1_h2_vqe_B2_cad2_seed127,h2_vqe,embedded_same_family_active_space,ideal,e1,127,,B2,cadence_sweep,full_contract,parallel_fs,parallel_fs,,0.0,2,12,"{'G0': True, 'GA': True, 'GB': False, 'GC': False, 'GD': True, 'GE': True, 'GF': False, 'GH': False}",replay,True,True,False,False,2026-03-07T11:03:47+00:00,2026-03-07T11:03:47.994484+00:00,0.1.0,,931.0,0.016003551483154296,0.0848,,,,,,,,1.0,,,,,1.0,,,1.0,0.0,0.0,,,,0.03304000000000001,0.3277662296007642,13.562331765384995
ideal_e1_h2_vqe_B2_cad2_seed131,h2_vqe,embedded_same_family_active_space,ideal,e1,131,,B2,cadence_sweep,full_contract,parallel_fs,parallel_fs,,0.0,2,12,"{'G0': True, 'GA': True, 'GB': False, 'GC': False, 'GD': True, 'GE': True, 'GF': False, 'GH': False}",replay,True,True,False,False,2026-03-18T09:43:36+00:00,2026-03-18T09:43:36.994484+00:00,0.1.0,,931.0,0.016003551483154296,0.0848,,,,,,,,1.0,,,,,1.0,,,1.0,0.0,0.0,,,,0.03304000000000001,0.3277662296007642,13.562331765384995
ideal_e1_h2_vqe_B2_cad2_seed137,h2_vqe,embedded_same_family_active_space,ideal,e1,137,,B2,cadence_sweep,full_contract,parallel_fs,parallel_fs,,0.0,2,12,"{'G0': True, 'GA': True, 'GB': False, 'GC': False, 'GD': True, 'GE': True, 'GF': False, 'GH': False}",replay,True,True,False,False,2026-03-08T10:46:21+00:00,2026-03-08T10:46:21.994484+00:00,0.1.0,,931.0,0.016003551483154296,0.0848,,,,,,,,1.0,,,,,1.0,,,1.0,0.0,0.0,,,,0.03304000000000001,0.3277662296007642,13.562331765384995
ideal_e1_h2_vqe_B2_cad2_seed149,h2_vqe,embedded_same_family_active_space,ideal,e1,149,,B2,cadence_sweep,full_contract,parallel_fs,parallel_fs,,0.0,2,12,"{'G0': True, 'GA': True, 'GB': False, 'GC': False, 'GD': True, 'GE': True, 'GF': False, 'GH': False}",replay,True,True,False,False,2026-03-10T11:15:16+00:00,2026-03-10T11:15:16.994484+00:00,0.1.0,,931.0,0.016003551483154296,0.0848,,,,,,,,1.0,,,,,1.0,,,1.0,0.0,0.0,,,,0.03304000000000001,0.3277662296007642,13.562331765384995
ideal_e1_h2_vqe_B2_cad2_seed157,h2_vqe,embedded_same_family_active_space,ideal,e1,157,,B2,cadence_sweep,full_contract,parallel_fs,parallel_fs,,0.0,2,12,"{'G0': True, 'GA': True, 'GB': False, 'GC': False, 'GD': True, 'GE': True, 'GF': False, 'GH': False}",replay,True,True,False,False,2026-03-15T12:59:42+00:00,2026-03-15T12:59:42.994484+00:00,0.1.0,,931.0,0.016003551483154296,0.0848,,,,,,,,1.0,,,,,1.0,,,1.0,0.0,0.0,,,,0.03304000000000001,0.3277662296007642,13.562331765384995
ideal_e1_h2_vqe_B2_cad2_seed163,h2_vqe,embedded_same_family_active_space,ideal,e1,163,,B2,cadence_sweep,full_contract,parallel_fs,parallel_fs,,0.0,2,12,"{'G0': True, 'GA': True, 'GB': False, 'GC': False, 'GD': True, 'GE': True, 'GF': False, 'GH': False}",replay,True,True,False,False,2026-03-12T17:12:46+00:00,2026-03-12T17:12:46.994484+00:00,0.1.0,,931.0,0.016003551483154296,0.0848,,,,,,,,1.0,,,,,1.0,,,1.0,0.0,0.0,,,,0.03304000000000001,0.3277662296007642,13.562331765384995
ideal_e1_h2_vqe_B2_cad4_seed11,h2_vqe,embedded_same_family_active_space,ideal,e1,11,,B2,cadence_sweep,full_contract,parallel_fs,parallel_fs,,0.0,4,12,"{'G0': True, 'GA': True, 'GB': False, 'GC': False, 'GD': True, 'GE': True, 'GF': False, 'GH': False}",replay,True,True,False,False,2026-03-30T14:17:40+00:00,2026-03-30T14:17:40.994484+00:00,0.1.0,,931.0,0.016003551483154296,0.0848,,,,,,,,1.0,,,,,1.0,,,1.0,0.0,0.0,,,,0.09912000000000001,0.9832986888022925,13.562331765384995
ideal_e1_h2_vqe_B2_cad4_seed17,h2_vqe,embedded_same_family_active_space,ideal,e1,17,,B2,cadence_sweep,full_contract,parallel_fs,parallel_fs,,0.0,4,12,"{'G0': True, 'GA': True, 'GB': False, 'GC': False, 'GD': True, 'GE': True, 'GF': False, 'GH': False}",replay,True,True,False,False,2026-03-16T11:45:27+00:00,2026-03-16T11:45:27.994484+00:00,0.1.0,,931.0,0.016003551483154296,0.0848,,,,,,,,1.0,,,,,1.0,,,1.0,0.0,0.0,,,,0.09912000000000001,0.9832986888022925,13.562331765384995
ideal_e1_h2_vqe_B2_cad4_seed23,h2_vqe,embedded_same_family_active_space,ideal,e1,23,,B2,cadence_sweep,full_contract,parallel_fs,parallel_fs,,0.0,4,12,"{'G0': True, 'GA': True, 'GB': False, 'GC': False, 'GD': True, 'GE': True, 'GF': False, 'GH': False}",replay,True,True,False,False,2026-03-14T14:33:18+00:00,2026-03-14T14:33:18.994484+00:00,0.1.0,,931.0,0.016003551483154296,0.0848,,,,,,,,1.0,,,,,1.0,,,1.0,0.0,0.0,,,,0.09912000000000001,0.9832986888022925,13.562331765384995
ideal_e1_h2_vqe_B2_cad4_seed31,h2_vqe,embedded_same_family_active_space,ideal,e1,31,,B2,cadence_sweep,full_contract,parallel_fs,parallel_fs,,0.0,4,12,"{'G0': True, 'GA': True, 'GB': False, 'GC': False, 'GD': True, 'GE': True, 'GF': False, 'GH': False}",replay,True,True,False,False,2026-03-04T01:42:50+00:00,2026-03-04T01:42:50.994484+00:00,0.1.0,,931.0,0.016003551483154296,0.0848,,,,,,,,1.0,,,,,1.0,,,1.0,0.0,0.0,,,,0.09912000000000001,0.9832986888022925,13.562331765384995
ideal_e1_h2_vqe_B2_cad4_seed43,h2_vqe,embedded_same_family_active_space,ideal,e1,43,,B2,cadence_sweep,full_contract,parallel_fs,parallel_fs,,0.0,4,12,"{'G0': True, 'GA': True, 'GB': False, 'GC': False, 'GD': True, 'GE': True, 'GF': False, 'GH': False}",replay,True,True,False,False,2026-03-10T13:22:36+00:00,2026-03-10T13:22:36.994484+00:00,0.1.0,,931.0,0.016003551483154296,0.0848,,,,,,,,1.0,,,,,1.0,,,1.0,0.0,0.0,,,,0.09912000000000001,0.9832986888022925,13.562331765384995
ideal_e1_h2_vqe_B2_cad4_seed59,h2_vqe,embedded_same_family_active_space,ideal,e1,59,,B2,cadence_sweep,full_contract,parallel_fs,parallel_fs,,0.0,4,12,"{'G0': True, 'GA': True, 'GB': False, 'GC': False, 'GD': True, 'GE': True, 'GF': False, 'GH': False}",replay,True,True,False,False,2026-03-15T20:30:33+00:00,2026-03-15T20:30:33.994484+00:00,0.1.0,,931.0,0.016003551483154296,0.0848,,,,,,,,1.0,,,,,1.0,,,1.0,0.0,0.0,,,,0.09912000000000001,0.9832986888022925,13.562331765384995
ideal_e1_h2_vqe_B2_cad4_seed71,h2_vqe,embedded_same_family_active_space,ideal,e1,71,,B2,cadence_sweep,full_contract,parallel_fs,parallel_fs,,0.0,4,12,"{'G0': True, 'GA': True, 'GB': False, 'GC': False, 'GD': True, 'GE': True, 'GF': False, 'GH': False}",replay,True,True,False,False,2026-03-28T14:42:52+00:00,2026-03-28T14:42:52.994484+00:00,0.1.0,,931.0,0.016003551483154296,0.0848,,,,,,,,1.0,,,,,1.0,,,1.0,0.0,0.0,,,,0.09912000000000001,0.9832986888022925,13.562331765384995
ideal_e1_h2_vqe_B2_cad4_seed83,h2_vqe,embedded_same_family_active_space,ideal,e1,83,,B2,cadence_sweep,full_contract,parallel_fs,parallel_fs,,0.0,4,12,"{'G0': True, 'GA': True, 'GB': False, 'GC': False, 'GD': True, 'GE': True, 'GF': False, 'GH': False}",replay,True,True,False,False,2026-03-28T17:41:05+00:00,2026-03-28T17:41:05.994484+00:00,0.1.0,,931.0,0.016003551483154296,0.0848,,,,,,,,1.0,,,,,1.0,,,1.0,0.0,0.0,,,,0.09912000000000001,0.9832986888022925,13.562331765384995
ideal_e1_h2_vqe_B2_cad4_seed97,h2_vqe,embedded_same_family_active_space,ideal,e1,97,,B2,cadence_sweep,full_contract,parallel_fs,parallel_fs,,0.0,4,12,"{'G0': True, 'GA': True, 'GB': False, 'GC': False, 'GD': True, 'GE': True, 'GF': False, 'GH': False}",replay,True,True,False,False,2026-03-22T23:48:25+00:00,2026-03-22T23:48:25.994484+00:00,0.1.0,,931.0,0.016003551483154296,0.0848,,,,,,,,1.0,,,,,1.0,,,1.0,0.0,0.0,,,,0.09912000000000001,0.9832986888022925,13.562331765384995
ideal_e1_h2_vqe_B2_cad4_seed101,h2_vqe,embedded_same_family_active_space,ideal,e1,101,,B2,cadence_sweep,full_contract,parallel_fs,parallel_fs,,0.0,4,12,"{'G0': True, 'GA': True, 'GB': False, 'GC': False, 'GD': True, 'GE': True, 'GF': False, 'GH': False}",replay,True,True,False,False,2026-03-07T19:58:31+00:00,2026-03-07T19:58:31.994484+00:00,0.1.0,,931.0,0.016003551483154296,0.0848,,,,,,,,1.0,,,,,1.0,,,1.0,0.0,0.0,,,,0.09912000000000001,0.9832986888022925,13.562331765384995
ideal_e1_h2_vqe_B2_cad4_seed107,h2_vqe,embedded_same_family_active_space,ideal,e1,107,,B2,cadence_sweep,full_contract,parallel_fs,parallel_fs,,0.0,4,12,"{'G0': True, 'GA': True, 'GB': False, 'GC': False, 'GD': True, 'GE': True, 'GF': False, 'GH': False}",replay,True,True,False,False,2026-03-23T00:13:45+00:00,2026-03-23T00:13:45.994484+00:00,0.1.0,,931.0,0.016003551483154296,0.0848,,,,,,,,1.0,,,,,1.0,,,1.0,0.0,0.0,,,,0.09912000000000001,0.9832986888022925,13.562331765384995
ideal_e1_h2_vqe_B2_cad4_seed113,h2_vqe,embedded_same_family_active_space,ideal,e1,113,,B2,cadence_sweep,full_contract,parallel_fs,parallel_fs,,0.0,4,12,"{'G0': True, 'GA': True, 'GB': False, 'GC': False, 'GD': True, 'GE': True, 'GF': False, 'GH': False}",replay,True,True,False,False,2026-03-11T14:22:41+00:00,2026-03-11T14:22:41.994484+00:00,0.1.0,,931.0,0.016003551483154296,0.0848,,,,,,,,1.0,,,,,1.0,,,1.0,0.0,0.0,,,,0.09912000000000001,0.9832986888022925,13.562331765384995
ideal_e1_h2_vqe_B2_cad4_seed127,h2_vqe,embedded_same_family_active_space,ideal,e1,127,,B2,cadence_sweep,full_contract,parallel_fs,parallel_fs,,0.0,4,12,"{'G0': True, 'GA': True, 'GB': False, 'GC': False, 'GD': True, 'GE': True, 'GF': False, 'GH': False}",replay,True,True,False,False,2026-03-19T09:48:00+00:00,2026-03-19T09:48:00.994484+00:00,0.1.0,,931.0,0.016003551483154296,0.0848,,,,,,,,1.0,,,,,1.0,,,1.0,0.0,0.0,,,,0.09912000000000001,0.9832986888022925,13.562331765384995
ideal_e1_h2_vqe_B2_cad4_seed131,h2_vqe,embedded_same_family_active_space,ideal,e1,131,,B2,cadence_sweep,full_contract,parallel_fs,parallel_fs,,0.0,4,12,"{'G0': True, 'GA': True, 'GB': False, 'GC': False, 'GD': True, 'GE': True, 'GF': False, 'GH': False}",replay,True,True,False,False,2026-03-09T03:24:12+00:00,2026-03-09T03:24:12.994484+00:00,0.1.0,,931.0,0.016003551483154296,0.0848,,,,,,,,1.0,,,,,1.0,,,1.0,0.0,0.0,,,,0.09912000000000001,0.9832986888022925,13.562331765384995
ideal_e1_h2_vqe_B2_cad4_seed137,h2_vqe,embedded_same_family_active_space,ideal,e1,137,,B2,cadence_sweep,full_contract,parallel_fs,parallel_fs,,0.0,4,12,"{'G0': True, 'GA': True, 'GB': False, 'GC': False, 'GD': True, 'GE': True, 'GF': False, 'GH': False}",replay,True,True,False,False,2026-03-07T22:45:49+00:00,2026-03-07T22:45:49.994484+00:00,0.1.0,,931.0,0.016003551483154296,0.0848,,,,,,,,1.0,,,,,1.0,,,1.0,0.0,0.0,,,,0.09912000000000001,0.9832986888022925,13.562331765384995
ideal_e1_h2_vqe_B2_cad4_seed149,h2_vqe,embedded_same_family_active_space,ideal,e1,149,,B2,cadence_sweep,full_contract,parallel_fs,parallel_fs,,0.0,4,12,"{'G0': True, 'GA': True, 'GB': False, 'GC': False, 'GD': True, 'GE': True, 'GF': False, 'GH': False}",replay,True,True,False,False,2026-03-19T07:37:39+00:00,2026-03-19T07:37:39.994484+00:00,0.1.0,,931.0,0.016003551483154296,0.0848,,,,,,,,1.0,,,,,1.0,,,1.0,0.0,0.0,,,,0.09912000000000001,0.9832986888022925,13.562331765384995
ideal_e1_h2_vqe_B2_cad4_seed157,h2_vqe,embedded_same_family_active_space,ideal,e1,157,,B2,cadence_sweep,full_contract,parallel_fs,parallel_fs,,0.0,4,12,"{'G0': True, 'GA': True, 'GB': False, 'GC': False, 'GD': True, 'GE': True, 'GF': False, 'GH': False}",replay,True,True,False,False,2026-03-07T10:42:53+00:00,2026-03-07T10:42:53.994484+00:00,0.1.0,,931.0,0.016003551483154296,0.0848,,,,,,,,1.0,,,,,1.0,,,1.0,0.0,0.0,,,,0.09912000000000001,0.9832986888022925,13.562331765384995
ideal_e1_h2_vqe_B2_cad4_seed163,h2_vqe,embedded_same_family_active_space,ideal,e1,163,,B2,cadence_sweep,full_contract,parallel_fs,parallel_fs,,0.0,4,12,"{'G0': True, 'GA': True, 'GB': False, 'GC': False, 'GD': True, 'GE': True, 'GF': False, 'GH': False}",replay,True,True,False,False,2026-03-10T07:42:07+00:00,2026-03-10T07:42:07.994484+00:00,0.1.0,,931.0,0.016003551483154296,0.0848,,,,,,,,1.0,,,,,1.0,,,1.0,0.0,0.0,,,,0.09912000000000001,0.9832986888022925,13.562331765384995
ideal_e1_h2_vqe_B2_cad8_seed11,h2_vqe,embedded_same_family_active_space,ideal,e1,11,,B2,cadence_sweep,full_contract,parallel_fs,parallel_fs,,0.0,8,12,"{'G0': True, 'GA': True, 'GB': False, 'GC': False, 'GD': True, 'GE': True, 'GF': False, 'GH': False}",replay,True,True,False,False,2026-03-20T22:57:59+00:00,2026-03-20T22:57:59.994484+00:00,0.1.0,,931.0,0.016003551483154296,0.0848,,,,,,,,1.0,,,,,1.0,,,1.0,0.0,0.0,,,,0.23128000000000004,2.2943636072053493,13.562331765384995
ideal_e1_h2_vqe_B2_cad8_seed17,h2_vqe,embedded_same_family_active_space,ideal,e1,17,,B2,cadence_sweep,full_contract,parallel_fs,parallel_fs,,0.0,8,12,"{'G0': True, 'GA': True, 'GB': False, 'GC': False, 'GD': True, 'GE': True, 'GF': False, 'GH': False}",replay,True,True,False,False,2026-03-23T03:38:22+00:00,2026-03-23T03:38:22.994484+00:00,0.1.0,,931.0,0.016003551483154296,0.0848,,,,,,,,1.0,,,,,1.0,,,1.0,0.0,0.0,,,,0.23128000000000004,2.2943636072053493,13.562331765384995
ideal_e1_h2_vqe_B2_cad8_seed23,h2_vqe,embedded_same_family_active_space,ideal,e1,23,,B2,cadence_sweep,full_contract,parallel_fs,parallel_fs,,0.0,8,12,"{'G0': True, 'GA': True, 'GB': False, 'GC': False, 'GD': True, 'GE': True, 'GF': False, 'GH': False}",replay,True,True,False,False,2026-03-04T00:29:53+00:00,2026-03-04T00:29:53.994484+00:00,0.1.0,,931.0,0.016003551483154296,0.0848,,,,,,,,1.0,,,,,1.0,,,1.0,0.0,0.0,,,,0.23128000000000004,2.2943636072053493,13.562331765384995
ideal_e1_h2_vqe_B2_cad8_seed31,h2_vqe,embedded_same_family_active_space,ideal,e1,31,,B2,cadence_sweep,full_contract,parallel_fs,parallel_fs,,0.0,8,12,"{'G0': True, 'GA': True, 'GB': False, 'GC': False, 'GD': True, 'GE': True, 'GF': False, 'GH': False}",replay,True,True,False,False,2026-03-05T03:52:22+00:00,2026-03-05T03:52:22.994484+00:00,0.1.0,,931.0,0.016003551483154296,0.0848,,,,,,,,1.0,,,,,1.0,,,1.0,0.0,0.0,,,,0.23128000000000004,2.2943636072053493,13.562331765384995
ideal_e1_h2_vqe_B2_cad8_seed43,h2_vqe,embedded_same_family_active_space,ideal,e1,43,,B2,cadence_sweep,full_contract,parallel_fs,parallel_fs,,0.0,8,12,"{'G0': True, 'GA': True, 'GB': False, 'GC': False, 'GD': True, 'GE': True, 'GF': False, 'GH': False}",replay,True,True,False,False,2026-03-22T16:17:45+00:00,2026-03-22T16:17:45.994484+00:00,0.1.0,,931.0,0.016003551483154296,0.0848,,,,,,,,1.0,,,,,1.0,,,1.0,0.0,0.0,,,,0.23128000000000004,2.2943636072053493,13.562331765384995
ideal_e1_h2_vqe_B2_cad8_seed59,h2_vqe,embedded_same_family_active_space,ideal,e1,59,,B2,cadence_sweep,full_contract,parallel_fs,parallel_fs,,0.0,8,12,"{'G0': True, 'GA': True, 'GB': False, 'GC': False, 'GD': True, 'GE': True, 'GF': False, 'GH': False}",replay,True,True,False,False,2026-03-22T09:31:25+00:00,2026-03-22T09:31:25.994484+00:00,0.1.0,,931.0,0.016003551483154296,0.0848,,,,,,,,1.0,,,,,1.0,,,1.0,0.0,0.0,,,,0.23128000000000004,2.2943636072053493,13.562331765384995
ideal_e1_h2_vqe_B2_cad8_seed71,h2_vqe,embedded_same_family_active_space,ideal,e1,71,,B2,cadence_sweep,full_contract,parallel_fs,parallel_fs,,0.0,8,12,"{'G0': True, 'GA': True, 'GB': False, 'GC': False, 'GD': True, 'GE': True, 'GF': False, 'GH': False}",replay,True,True,False,False,2026-03-29T00:29:00+00:00,2026-03-29T00:29:00.994484+00:00,0.1.0,,931.0,0.016003551483154296,0.0848,,,,,,,,1.0,,,,,1.0,,,1.0,0.0,0.0,,,,0.23128000000000004,2.2943636072053493,13.562331765384995
ideal_e1_h2_vqe_B2_cad8_seed83,h2_vqe,embedded_same_family_active_space,ideal,e1,83,,B2,cadence_sweep,full_contract,parallel_fs,parallel_fs,,0.0,8,12,"{'G0': True, 'GA': True, 'GB': False, 'GC': False, 'GD': True, 'GE': True, 'GF': False, 'GH': False}",replay,True,True,False,False,2026-03-03T07:25:05+00:00,2026-03-03T07:25:05.994484+00:00,0.1.0,,931.0,0.016003551483154296,0.0848,,,,,,,,1.0,,,,,1.0,,,1.0,0.0,0.0,,,,0.23128000000000004,2.2943636072053493,13.562331765384995
ideal_e1_h2_vqe_B2_cad8_seed97,h2_vqe,embedded_same_family_active_space,ideal,e1,97,,B2,cadence_sweep,full_contract,parallel_fs,parallel_fs,,0.0,8,12,"{'G0': True, 'GA': True, 'GB': False, 'GC': False, 'GD': True, 'GE': True, 'GF': False, 'GH': False}",replay,True,True,False,False,2026-03-25T15:33:11+00:00,2026-03-25T15:33:11.994484+00:00,0.1.0,,931.0,0.016003551483154296,0.0848,,,,,,,,1.0,,,,,1.0,,,1.0,0.0,0.0,,,,0.23128000000000004,2.2943636072053493,13.562331765384995
ideal_e1_h2_vqe_B2_cad8_seed101,h2_vqe,embedded_same_family_active_space,ideal,e1,101,,B2,cadence_sweep,full_contract,parallel_fs,parallel_fs,,0.0,8,12,"{'G0': True, 'GA': True, 'GB': False, 'GC': False, 'GD': True, 'GE': True, 'GF': False, 'GH': False}",replay,True,True,False,False,2026-03-14T15:20:23+00:00,2026-03-14T15:20:23.994484+00:00,0.1.0,,931.0,0.016003551483154296,0.0848,,,,,,,,1.0,,,,,1.0,,,1.0,0.0,0.0,,,,0.23128000000000004,2.2943636072053493,13.562331765384995
ideal_e1_h2_vqe_B2_cad8_seed107,h2_vqe,embedded_same_family_active_space,ideal,e1,107,,B2,cadence_sweep,full_contract,parallel_fs,parallel_fs,,0.0,8,12,"{'G0': True, 'GA': True, 'GB': False, 'GC': False, 'GD': True, 'GE': True, 'GF': False, 'GH': False}",replay,True,True,False,False,2026-03-03T02:51:11+00:00,2026-03-03T02:51:11.994484+00:00,0.1.0,,931.0,0.016003551483154296,0.0848,,,,,,,,1.0,,,,,1.0,,,1.0,0.0,0.0,,,,0.23128000000000004,2.2943636072053493,13.562331765384995
ideal_e1_h2_vqe_B2_cad8_seed113,h2_vqe,embedded_same_family_active_space,ideal,e1,113,,B2,cadence_sweep,full_contract,parallel_fs,parallel_fs,,0.0,8,12,"{'G0': True, 'GA': True, 'GB': False, 'GC': False, 'GD': True, 'GE': True, 'GF': False, 'GH': False}",replay,True,True,False,False,2026-03-01T12:56:16+00:00,2026-03-01T12:56:16.994484+00:00,0.1.0,,931.0,0.016003551483154296,0.0848,,,,,,,,1.0,,,,,1.0,,,1.0,0.0,0.0,,,,0.23128000000000004,2.2943636072053493,13.562331765384995
ideal_e1_h2_vqe_B2_cad8_seed127,h2_vqe,embedded_same_family_active_space,ideal,e1,127,,B2,cadence_sweep,full_contract,parallel_fs,parallel_fs,,0.0,8,12,"{'G0': True, 'GA': True, 'GB': False, 'GC': False, 'GD': True, 'GE': True, 'GF': False, 'GH': False}",replay,True,True,False,False,2026-03-14T04:21:27+00:00,2026-03-14T04:21:27.994484+00:00,0.1.0,,931.0,0.016003551483154296,0.0848,,,,,,,,1.0,,,,,1.0,,,1.0,0.0,0.0,,,,0.23128000000000004,2.2943636072053493,13.562331765384995
ideal_e1_h2_vqe_B2_cad8_seed131,h2_vqe,embedded_same_family_active_space,ideal,e1,131,,B2,cadence_sweep,full_contract,parallel_fs,parallel_fs,,0.0,8,12,"{'G0': True, 'GA': True, 'GB': False, 'GC': False, 'GD': True, 'GE': True, 'GF': False, 'GH': False}",replay,True,True,False,False,2026-03-28T15:51:56+00:00,2026-03-28T15:51:56.994484+00:00,0.1.0,,931.0,0.016003551483154296,0.0848,,,,,,,,1.0,,,,,1.0,,,1.0,0.0,0.0,,,,0.23128000000000004,2.2943636072053493,13.562331765384995
ideal_e1_h2_vqe_B2_cad8_seed137,h2_vqe,embedded_same_family_active_space,ideal,e1,137,,B2,cadence_sweep,full_contract,parallel_fs,parallel_fs,,0.0,8,12,"{'G0': True, 'GA': True, 'GB': False, 'GC': False, 'GD': True, 'GE': True, 'GF': False, 'GH': False}",replay,True,True,False,False,2026-03-07T18:34:01+00:00,2026-03-07T18:34:01.994484+00:00,0.1.0,,931.0,0.016003551483154296,0.0848,,,,,,,,1.0,,,,,1.0,,,1.0,0.0,0.0,,,,0.23128000000000004,2.2943636072053493,13.562331765384995
ideal_e1_h2_vqe_B2_cad8_seed149,h2_vqe,embedded_same_family_active_space,ideal,e1,149,,B2,cadence_sweep,full_contract,parallel_fs,parallel_fs,,0.0,8,12,"{'G0': True, 'GA': True, 'GB': False, 'GC': False, 'GD': True, 'GE': True, 'GF': False, 'GH': False}",replay,True,True,False,False,2026-03-13T23:58:46+00:00,2026-03-13T23:58:46.994484+00:00,0.1.0,,931.0,0.016003551483154296,0.0848,,,,,,,,1.0,,,,,1.0,,,1.0,0.0,0.0,,,,0.23128000000000004,2.2943636072053493,13.562331765384995
ideal_e1_h2_vqe_B2_cad8_seed157,h2_vqe,embedded_same_family_active_space,ideal,e1,157,,B2,cadence_sweep,full_contract,parallel_fs,parallel_fs,,0.0,8,12,"{'G0': True, 'GA': True, 'GB': False, 'GC': False, 'GD': True, 'GE': True, 'GF': False, 'GH': False}",replay,True,True,False,False,2026-03-27T07:53:14+00:00,2026-03-27T07:53:14.994484+00:00,0.1.0,,931.0,0.016003551483154296,0.0848,,,,,,,,1.0,,,,,1.0,,,1.0,0.0,0.0,,,,0.23128000000000004,2.2943636072053493,13.562331765384995
ideal_e1_h2_vqe_B2_cad8_seed163,h2_vqe,embedded_same_family_active_space,ideal,e1,163,,B2,cadence_sweep,full_contract,parallel_fs,parallel_fs,,0.0,8,12,"{'G0': True, 'GA': True, 'GB': False, 'GC': False, 'GD': True, 'GE': True, 'GF': False, 'GH': False}",replay,True,True,False,False,2026-03-07T06:32:04+00:00,2026-03-07T06:32:04.994484+00:00,0.1.0,,931.0,0.016003551483154296,0.0848,,,,,,,,1.0,,,,,1.0,,,1.0,0.0,0.0,,,,0.23128000000000004,2.2943636072053493,13.562331765384995
ideal_e1_h2_vqe_B2_cad16_seed11,h2_vqe,embedded_same_family_active_space,ideal,e1,11,,B2,cadence_sweep,full_contract,parallel_fs,parallel_fs,,0.0,16,12,"{'G0': True, 'GA': True, 'GB': False, 'GC': False, 'GD': True, 'GE': True, 'GF': False, 'GH': False}",replay,True,True,False,False,2026-03-22T19:19:17+00:00,2026-03-22T19:19:17.994484+00:00,0.1.0,,931.0,0.016003551483154296,0.0848,,,,,,,,1.0,,,,,1.0,,,1.0,0.0,0.0,,,,0.49560000000000004,4.916493444011462,13.562331765384995
ideal_e1_h2_vqe_B2_cad16_seed17,h2_vqe,embedded_same_family_active_space,ideal,e1,17,,B2,cadence_sweep,full_contract,parallel_fs,parallel_fs,,0.0,16,12,"{'G0': True, 'GA': True, 'GB': False, 'GC': False, 'GD': True, 'GE': True, 'GF': False, 'GH': False}",replay,True,True,False,False,2026-03-30T04:52:03+00:00,2026-03-30T04:52:03.994484+00:00,0.1.0,,931.0,0.016003551483154296,0.0848,,,,,,,,1.0,,,,,1.0,,,1.0,0.0,0.0,,,,0.49560000000000004,4.916493444011462,13.562331765384995
ideal_e1_h2_vqe_B2_cad16_seed23,h2_vqe,embedded_same_family_active_space,ideal,e1,23,,B2,cadence_sweep,full_contract,parallel_fs,parallel_fs,,0.0,16,12,"{'G0': True, 'GA': True, 'GB': False, 'GC': False, 'GD': True, 'GE': True, 'GF': False, 'GH': False}",replay,True,True,False,False,2026-03-27T02:55:42+00:00,2026-03-27T02:55:42.994484+00:00,0.1.0,,931.0,0.016003551483154296,0.0848,,,,,,,,1.0,,,,,1.0,,,1.0,0.0,0.0,,,,0.49560000000000004,4.916493444011462,13.562331765384995
ideal_e1_h2_vqe_B2_cad16_seed31,h2_vqe,embedded_same_family_active_space,ideal,e1,31,,B2,cadence_sweep,full_contract,parallel_fs,parallel_fs,,0.0,16,12,"{'G0': True, 'GA': True, 'GB': False, 'GC': False, 'GD': True, 'GE': True, 'GF': False, 'GH': False}",replay,True,True,False,False,2026-03-24T02:46:51+00:00,2026-03-24T02:46:51.994484+00:00,0.1.0,,931.0,0.016003551483154296,0.0848,,,,,,,,1.0,,,,,1.0,,,1.0,0.0,0.0,,,,0.49560000000000004,4.916493444011462,13.562331765384995
ideal_e1_h2_vqe_B2_cad16_seed43,h2_vqe,embedded_same_family_active_space,ideal,e1,43,,B2,cadence_sweep,full_contract,parallel_fs,parallel_fs,,0.0,16,12,"{'G0': True, 'GA': True, 'GB': False, 'GC': False, 'GD': True, 'GE': True, 'GF': False, 'GH': False}",replay,True,True,False,False,2026-03-01T01:34:01+00:00,2026-03-01T01:34:01.994484+00:00,0.1.0,,931.0,0.016003551483154296,0.0848,,,,,,,,1.0,,,,,1.0,,,1.0,0.0,0.0,,,,0.49560000000000004,4.916493444011462,13.562331765384995
ideal_e1_h2_vqe_B2_cad16_seed59,h2_vqe,embedded_same_family_active_space,ideal,e1,59,,B2,cadence_sweep,full_contract,parallel_fs,parallel_fs,,0.0,16,12,"{'G0': True, 'GA': True, 'GB': False, 'GC': False, 'GD': True, 'GE': True, 'GF': False, 'GH': False}",replay,True,True,False,False,2026-03-11T11:18:24+00:00,2026-03-11T11:18:24.994484+00:00,0.1.0,,931.0,0.016003551483154296,0.0848,,,,,,,,1.0,,,,,1.0,,,1.0,0.0,0.0,,,,0.49560000000000004,4.916493444011462,13.562331765384995
ideal_e1_h2_vqe_B2_cad16_seed71,h2_vqe,embedded_same_family_active_space,ideal,e1,71,,B2,cadence_sweep,full_contract,parallel_fs,parallel_fs,,0.0,16,12,"{'G0': True, 'GA': True, 'GB': False, 'GC': False, 'GD': True, 'GE': True, 'GF': False, 'GH': False}",replay,True,True,False,False,2026-03-25T21:13:52+00:00,2026-03-25T21:13:52.994484+00:00,0.1.0,,931.0,0.016003551483154296,0.0848,,,,,,,,1.0,,,,,1.0,,,1.0,0.0,0.0,,,,0.49560000000000004,4.916493444011462,13.562331765384995
ideal_e1_h2_vqe_B2_cad16_seed83,h2_vqe,embedded_same_family_active_space,ideal,e1,83,,B2,cadence_sweep,full_contract,parallel_fs,parallel_fs,,0.0,16,12,"{'G0': True, 'GA': True, 'GB': False, 'GC': False, 'GD': True, 'GE': True, 'GF': False, 'GH': False}",replay,True,True,False,False,2026-03-19T17:49:35+00:00,2026-03-19T17:49:35.994484+00:00,0.1.0,,931.0,0.016003551483154296,0.0848,,,,,,,,1.0,,,,,1.0,,,1.0,0.0,0.0,,,,0.49560000000000004,4.916493444011462,13.562331765384995
ideal_e1_h2_vqe_B2_cad16_seed97,h2_vqe,embedded_same_family_active_space,ideal,e1,97,,B2,cadence_sweep,full_contract,parallel_fs,parallel_fs,,0.0,16,12,"{'G0': True, 'GA': True, 'GB': False, 'GC': False, 'GD': True, 'GE': True, 'GF': False, 'GH': False}",replay,True,True,False,False,2026-03-07T07:39:09+00:00,2026-03-07T07:39:09.994484+00:00,0.1.0,,931.0,0.016003551483154296,0.0848,,,,,,,,1.0,,,,,1.0,,,1.0,0.0,0.0,,,,0.49560000000000004,4.916493444011462,13.562331765384995
ideal_e1_h2_vqe_B2_cad16_seed101,h2_vqe,embedded_same_family_active_space,ideal,e1,101,,B2,cadence_sweep,full_contract,parallel_fs,parallel_fs,,0.0,16,12,"{'G0': True, 'GA': True, 'GB': False, 'GC': False, 'GD': True, 'GE': True, 'GF': False, 'GH': False}",replay,True,True,False,False,2026-03-27T11:43:44+00:00,2026-03-27T11:43:44.994484+00:00,0.1.0,,931.0,0.016003551483154296,0.0848,,,,,,,,1.0,,,,,1.0,,,1.0,0.0,0.0,,,,0.49560000000000004,4.916493444011462,13.562331765384995
ideal_e1_h2_vqe_B2_cad16_seed107,h2_vqe,embedded_same_family_active_space,ideal,e1,107,,B2,cadence_sweep,full_contract,parallel_fs,parallel_fs,,0.0,16,12,"{'G0': True, 'GA': True, 'GB': False, 'GC': False, 'GD': True, 'GE': True, 'GF': False, 'GH': False}",replay,True,True,False,False,2026-03-05T05:46:08+00:00,2026-03-05T05:46:08.994484+00:00,0.1.0,,931.0,0.016003551483154296,0.0848,,,,,,,,1.0,,,,,1.0,,,1.0,0.0,0.0,,,,0.49560000000000004,4.916493444011462,13.562331765384995
ideal_e1_h2_vqe_B2_cad16_seed113,h2_vqe,embedded_same_family_active_space,ideal,e1,113,,B2,cadence_sweep,full_contract,parallel_fs,parallel_fs,,0.0,16,12,"{'G0': True, 'GA': True, 'GB': False, 'GC': False, 'GD': True, 'GE': True, 'GF': False, 'GH': False}",replay,True,True,False,False,2026-03-05T14:10:49+00:00,2026-03-05T14:10:49.994484+00:00,0.1.0,,931.0,0.016003551483154296,0.0848,,,,,,,,1.0,,,,,1.0,,,1.0,0.0,0.0,,,,0.49560000000000004,4.916493444011462,13.562331765384995
ideal_e1_h2_vqe_B2_cad16_seed127,h2_vqe,embedded_same_family_active_space,ideal,e1,127,,B2,cadence_sweep,full_contract,parallel_fs,parallel_fs,,0.0,16,12,"{'G0': True, 'GA': True, 'GB': False, 'GC': False, 'GD': True, 'GE': True, 'GF': False, 'GH': False}",replay,True,True,False,False,2026-03-07T11:09:14+00:00,2026-03-07T11:09:14.994484+00:00,0.1.0,,931.0,0.016003551483154296,0.0848,,,,,,,,1.0,,,,,1.0,,,1.0,0.0,0.0,,,,0.49560000000000004,4.916493444011462,13.562331765384995
ideal_e1_h2_vqe_B2_cad16_seed131,h2_vqe,embedded_same_family_active_space,ideal,e1,131,,B2,cadence_sweep,full_contract,parallel_fs,parallel_fs,,0.0,16,12,"{'G0': True, 'GA': True, 'GB': False, 'GC': False, 'GD': True, 'GE': True, 'GF': False, 'GH': False}",replay,True,True,False,False,2026-03-20T02:40:14+00:00,2026-03-20T02:40:14.994484+00:00,0.1.0,,931.0,0.016003551483154296,0.0848,,,,,,,,1.0,,,,,1.0,,,1.0,0.0,0.0,,,,0.49560000000000004,4.916493444011462,13.562331765384995
ideal_e1_h2_vqe_B2_cad16_seed137,h2_vqe,embedded_same_family_active_space,ideal,e1,137,,B2,cadence_sweep,full_contract,parallel_fs,parallel_fs,,0.0,16,12,"{'G0': True, 'GA': True, 'GB': False, 'GC': False, 'GD': True, 'GE': True, 'GF': False, 'GH': False}",replay,True,True,False,False,2026-03-19T22:58:12+00:00,2026-03-19T22:58:12.994484+00:00,0.1.0,,931.0,0.016003551483154296,0.0848,,,,,,,,1.0,,,,,1.0,,,1.0,0.0,0.0,,,,0.49560000000000004,4.916493444011462,13.562331765384995
ideal_e1_h2_vqe_B2_cad16_seed149,h2_vqe,embedded_same_family_active_space,ideal,e1,149,,B2,cadence_sweep,full_contract,parallel_fs,parallel_fs,,0.0,16,12,"{'G0': True, 'GA': True, 'GB': False, 'GC': False, 'GD': True, 'GE': True, 'GF': False, 'GH': False}",replay,True,True,False,False,2026-03-30T11:46:43+00:00,2026-03-30T11:46:43.994484+00:00,0.1.0,,931.0,0.016003551483154296,0.0848,,,,,,,,1.0,,,,,1.0,,,1.0,0.0,0.0,,,,0.49560000000000004,4.916493444011462,13.562331765384995
ideal_e1_h2_vqe_B2_cad16_seed157,h2_vqe,embedded_same_family_active_space,ideal,e1,157,,B2,cadence_sweep,full_contract,parallel_fs,parallel_fs,,0.0,16,12,"{'G0': True, 'GA': True, 'GB': False, 'GC': False, 'GD': True, 'GE': True, 'GF': False, 'GH': False}",replay,True,True,False,False,2026-03-01T17:12:43+00:00,2026-03-01T17:12:43.994484+00:00,0.1.0,,931.0,0.016003551483154296,0.0848,,,,,,,,1.0,,,,,1.0,,,1.0,0.0,0.0,,,,0.49560000000000004,4.916493444011462,13.562331765384995
ideal_e1_h2_vqe_B2_cad16_seed163,h2_vqe,embedded_same_family_active_space,ideal,e1,163,,B2,cadence_sweep,full_contract,parallel_fs,parallel_fs,,0.0,16,12,"{'G0': True, 'GA': True, 'GB': False, 'GC': False, 'GD': True, 'GE': True, 'GF': False, 'GH': False}",replay,True,True,False,False,2026-03-13T11:22:58+00:00,2026-03-13T11:22:58.994484+00:00,0.1.0,,931.0,0.016003551483154296,0.0848,,,,,,,,1.0,,,,,1.0,,,1.0,0.0,0.0,,,,0.49560000000000004,4.916493444011462,13.562331765384995
ideal_e1_h2_vqe_B3_cad1_seed11,h2_vqe,embedded_same_family_active_space,ideal,e1,11,,B3,cadence_sweep,full_contract,parallel_fs,parallel_fs,,0.0,1,12,"{'G0': True, 'GA': True, 'GB': False, 'GC': True, 'GD': True, 'GE': True, 'GF': True, 'GH': False}",replay,True,True,False,False,2026-03-24T01:01:25+00:00,2026-03-24T01:01:25.943293+00:00,0.1.0,,3357.0,0.016012805938720703,0.033600000000000005,,,,,,,,1.0,,,,,1.0,,,1.0,0.0,0.0,,,,0.02075,0.4182387915255061,9.646268637783555
ideal_e1_h2_vqe_B3_cad1_seed17,h2_vqe,embedded_same_family_active_space,ideal,e1,17,,B3,cadence_sweep,full_contract,parallel_fs,parallel_fs,,0.0,1,12,"{'G0': True, 'GA': True, 'GB': False, 'GC': True, 'GD': True, 'GE': True, 'GF': True, 'GH': False}",replay,True,True,False,False,2026-03-30T12:50:28+00:00,2026-03-30T12:50:28.943293+00:00,0.1.0,,3357.0,0.016012805938720703,0.033600000000000005,,,,,,,,1.0,,,,,1.0,,,1.0,0.0,0.0,,,,0.02075,0.4182387915255061,9.646268637783555
ideal_e1_h2_vqe_B3_cad1_seed23,h2_vqe,embedded_same_family_active_space,ideal,e1,23,,B3,cadence_sweep,full_contract,parallel_fs,parallel_fs,,0.0,1,12,"{'G0': True, 'GA': True, 'GB': False, 'GC': True, 'GD': True, 'GE': True, 'GF': True, 'GH': False}",replay,True,True,False,False,2026-03-09T06:29:44+00:00,2026-03-09T06:29:44.943293+00:00,0.1.0,,3357.0,0.016012805938720703,0.033600000000000005,,,,,,,,1.0,,,,,1.0,,,1.0,0.0,0.0,,,,0.02075,0.4182387915255061,9.646268637783555
ideal_e1_h2_vqe_B3_cad1_seed31,h2_vqe,embedded_same_family_active_space,ideal,e1,31,,B3,cadence_sweep,full_contract,parallel_fs,parallel_fs,,0.0,1,12,"{'G0': True, 'GA': True, 'GB': False, 'GC': True, 'GD': True, 'GE': True, 'GF': True, 'GH': False}",replay,True,True,False,False,2026-03-25T14:10:16+00:00,2026-03-25T14:10:16.943293+00:00,0.1.0,,3357.0,0.016012805938720703,0.033600000000000005,,,,,,,,1.0,,,,,1.0,,,1.0,0.0,0.0,,,,0.02075,0.4182387915255061,9.646268637783555
ideal_e1_h2_vqe_B3_cad1_seed43,h2_vqe,embedded_same_family_active_space,ideal,e1,43,,B3,cadence_sweep,full_contract,parallel_fs,parallel_fs,,0.0,1,12,"{'G0': True, 'GA': True, 'GB': False, 'GC': True, 'GD': True, 'GE': True, 'GF': True, 'GH': False}",replay,True,True,False,False,2026-03-20T03:58:57+00:00,2026-03-20T03:58:57.943293+00:00,0.1.0,,3357.0,0.016012805938720703,0.033600000000000005,,,,,,,,1.0,,,,,1.0,,,1.0,0.0,0.0,,,,0.02075,0.4182387915255061,9.646268637783555
ideal_e1_h2_vqe_B3_cad1_seed59,h2_vqe,embedded_same_family_active_space,ideal,e1,59,,B3,cadence_sweep,full_contract,parallel_fs,parallel_fs,,0.0,1,12,"{'G0': True, 'GA': True, 'GB': False, 'GC': True, 'GD': True, 'GE': True, 'GF': True, 'GH': False}",replay,True,True,False,False,2026-03-06T13:39:54+00:00,2026-03-06T13:39:54.943293+00:00,0.1.0,,3357.0,0.016012805938720703,0.033600000000000005,,,,,,,,1.0,,,,,1.0,,,1.0,0.0,0.0,,,,0.02075,0.4182387915255061,9.646268637783555
ideal_e1_h2_vqe_B3_cad1_seed71,h2_vqe,embedded_same_family_active_space,ideal,e1,71,,B3,cadence_sweep,full_contract,parallel_fs,parallel_fs,,0.0,1,12,"{'G0': True, 'GA': True, 'GB': False, 'GC': True, 'GD': True, 'GE': True, 'GF': True, 'GH': False}",replay,True,True,False,False,2026-03-11T10:26:39+00:00,2026-03-11T10:26:39.943293+00:00,0.1.0,,3357.0,0.016012805938720703,0.033600000000000005,,,,,,,,1.0,,,,,1.0,,,1.0,0.0,0.0,,,,0.02075,0.4182387915255061,9.646268637783555
ideal_e1_h2_vqe_B3_cad1_seed83,h2_vqe,embedded_same_family_active_space,ideal,e1,83,,B3,cadence_sweep,full_contract,parallel_fs,parallel_fs,,0.0,1,12,"{'G0': True, 'GA': True, 'GB': False, 'GC': True, 'GD': True, 'GE': True, 'GF': True, 'GH': False}",replay,True,True,False,False,2026-03-23T20:57:40+00:00,2026-03-23T20:57:40.943293+00:00,0.1.0,,3357.0,0.016012805938720703,0.033600000000000005,,,,,,,,1.0,,,,,1.0,,,1.0,0.0,0.0,,,,0.02075,0.4182387915255061,9.646268637783555
ideal_e1_h2_vqe_B3_cad1_seed97,h2_vqe,embedded_same_family_active_space,ideal,e1,97,,B3,cadence_sweep,full_contract,parallel_fs,parallel_fs,,0.0,1,12,"{'G0': True, 'GA': True, 'GB': False, 'GC': True, 'GD': True, 'GE': True, 'GF': True, 'GH': False}",replay,True,True,False,False,2026-03-05T20:14:31+00:00,2026-03-05T20:14:31.943293+00:00,0.1.0,,3357.0,0.016012805938720703,0.033600000000000005,,,,,,,,1.0,,,,,1.0,,,1.0,0.0,0.0,,,,0.02075,0.4182387915255061,9.646268637783555
ideal_e1_h2_vqe_B3_cad1_seed101,h2_vqe,embedded_same_family_active_space,ideal,e1,101,,B3,cadence_sweep,full_contract,parallel_fs,parallel_fs,,0.0,1,12,"{'G0': True, 'GA': True, 'GB': False, 'GC': True, 'GD': True, 'GE': True, 'GF': True, 'GH': False}",replay,True,True,False,False,2026-03-13T15:28:19+00:00,2026-03-13T15:28:19.943293+00:00,0.1.0,,3357.0,0.016012805938720703,0.033600000000000005,,,,,,,,1.0,,,,,1.0,,,1.0,0.0,0.0,,,,0.02075,0.4182387915255061,9.646268637783555
ideal_e1_h2_vqe_B3_cad1_seed107,h2_vqe,embedded_same_family_active_space,ideal,e1,107,,B3,cadence_sweep,full_contract,parallel_fs,parallel_fs,,0.0,1,12,"{'G0': True, 'GA': True, 'GB': False, 'GC': True, 'GD': True, 'GE': True, 'GF': True, 'GH': False}",replay,True,True,False,False,2026-03-19T08:02:23+00:00,2026-03-19T08:02:23.943293+00:00,0.1.0,,3357.0,0.016012805938720703,0.033600000000000005,,,,,,,,1.0,,,,,1.0,,,1.0,0.0,0.0,,,,0.02075,0.4182387915255061,9.646268637783555
ideal_e1_h2_vqe_B3_cad1_seed113,h2_vqe,embedded_same_family_active_space,ideal,e1,113,,B3,cadence_sweep,full_contract,parallel_fs,parallel_fs,,0.0,1,12,"{'G0': True, 'GA': True, 'GB': False, 'GC': True, 'GD': True, 'GE': True, 'GF': True, 'GH': False}",replay,True,True,False,False,2026-03-15T11:00:21+00:00,2026-03-15T11:00:21.943293+00:00,0.1.0,,3357.0,0.016012805938720703,0.033600000000000005,,,,,,,,1.0,,,,,1.0,,,1.0,0.0,0.0,,,,0.02075,0.4182387915255061,9.646268637783555
ideal_e1_h2_vqe_B3_cad1_seed127,h2_vqe,embedded_same_family_active_space,ideal,e1,127,,B3,cadence_sweep,full_contract,parallel_fs,parallel_fs,,0.0,1,12,"{'G0': True, 'GA': True, 'GB': False, 'GC': True, 'GD': True, 'GE': True, 'GF': True, 'GH': False}",replay,True,True,False,False,2026-03-24T05:38:19+00:00,2026-03-24T05:38:19.943293+00:00,0.1.0,,3357.0,0.016012805938720703,0.033600000000000005,,,,,,,,1.0,,,,,1.0,,,1.0,0.0,0.0,,,,0.02075,0.4182387915255061,9.646268637783555
ideal_e1_h2_vqe_B3_cad1_seed131,h2_vqe,embedded_same_family_active_space,ideal,e1,131,,B3,cadence_sweep,full_contract,parallel_fs,parallel_fs,,0.0,1,12,"{'G0': True, 'GA': True, 'GB': False, 'GC': True, 'GD': True, 'GE': True, 'GF': True, 'GH': False}",replay,True,True,False,False,2026-03-18T09:22:33+00:00,2026-03-18T09:22:33.943293+00:00,0.1.0,,3357.0,0.016012805938720703,0.033600000000000005,,,,,,,,1.0,,,,,1.0,,,1.0,0.0,0.0,,,,0.02075,0.4182387915255061,9.646268637783555
ideal_e1_h2_vqe_B3_cad1_seed137,h2_vqe,embedded_same_family_active_space,ideal,e1,137,,B3,cadence_sweep,full_contract,parallel_fs,parallel_fs,,0.0,1,12,"{'G0': True, 'GA': True, 'GB': False, 'GC': True, 'GD': True, 'GE': True, 'GF': True, 'GH': False}",replay,True,True,False,False,2026-03-17T23:36:40+00:00,2026-03-17T23:36:40.943293+00:00,0.1.0,,3357.0,0.016012805938720703,0.033600000000000005,,,,,,,,1.0,,,,,1.0,,,1.0,0.0,0.0,,,,0.02075,0.4182387915255061,9.646268637783555
ideal_e1_h2_vqe_B3_cad1_seed149,h2_vqe,embedded_same_family_active_space,ideal,e1,149,,B3,cadence_sweep,full_contract,parallel_fs,parallel_fs,,0.0,1,12,"{'G0': True, 'GA': True, 'GB': False, 'GC': True, 'GD': True, 'GE': True, 'GF': True, 'GH': False}",replay,True,True,False,False,2026-03-20T11:40:23+00:00,2026-03-20T11:40:23.943293+00:00,0.1.0,,3357.0,0.016012805938720703,0.033600000000000005,,,,,,,,1.0,,,,,1.0,,,1.0,0.0,0.0,,,,0.02075,0.4182387915255061,9.646268637783555
ideal_e1_h2_vqe_B3_cad1_seed157,h2_vqe,embedded_same_family_active_space,ideal,e1,157,,B3,cadence_sweep,full_contract,parallel_fs,parallel_fs,,0.0,1,12,"{'G0': True, 'GA': True, 'GB': False, 'GC': True, 'GD': True, 'GE': True, 'GF': True, 'GH': False}",replay,True,True,False,False,2026-03-05T08:09:53+00:00,2026-03-05T08:09:53.943293+00:00,0.1.0,,3357.0,0.016012805938720703,0.033600000000000005,,,,,,,,1.0,,,,,1.0,,,1.0,0.0,0.0,,,,0.02075,0.4182387915255061,9.646268637783555
ideal_e1_h2_vqe_B3_cad1_seed163,h2_vqe,embedded_same_family_active_space,ideal,e1,163,,B3,cadence_sweep,full_contract,parallel_fs,parallel_fs,,0.0,1,12,"{'G0': True, 'GA': True, 'GB': False, 'GC': True, 'GD': True, 'GE': True, 'GF': True, 'GH': False}",replay,True,True,False,False,2026-03-25T09:11:01+00:00,2026-03-25T09:11:01.943293+00:00,0.1.0,,3357.0,0.016012805938720703,0.033600000000000005,,,,,,,,1.0,,,,,1.0,,,1.0,0.0,0.0,,,,0.02075,0.4182387915255061,9.646268637783555
ideal_e1_h2_vqe_B3_cad2_seed11,h2_vqe,embedded_same_family_active_space,ideal,e1,11,,B3,cadence_sweep,full_contract,parallel_fs,parallel_fs,,0.0,2,12,"{'G0': True, 'GA': True, 'GB': False, 'GC': True, 'GD': True, 'GE': True, 'GF': True, 'GH': False}",replay,True,True,False,False,2026-03-17T21:01:33+00:00,2026-03-17T21:01:33.943293+00:00,0.1.0,,3357.0,0.016012805938720703,0.033600000000000005,,,,,,,,1.0,,,,,1.0,,,1.0,0.0,0.0,,,,0.083,1.6729551661020243,9.646268637783555
ideal_e1_h2_vqe_B3_cad2_seed17,h2_vqe,embedded_same_family_active_space,ideal,e1,17,,B3,cadence_sweep,full_contract,parallel_fs,parallel_fs,,0.0,2,12,"{'G0': True, 'GA': True, 'GB': False, 'GC': True, 'GD': True, 'GE': True, 'GF': True, 'GH': False}",replay,True,True,False,False,2026-03-20T00:57:23+00:00,2026-03-20T00:57:23.943293+00:00,0.1.0,,3357.0,0.016012805938720703,0.033600000000000005,,,,,,,,1.0,,,,,1.0,,,1.0,0.0,0.0,,,,0.083,1.6729551661020243,9.646268637783555
ideal_e1_h2_vqe_B3_cad2_seed23,h2_vqe,embedded_same_family_active_space,ideal,e1,23,,B3,cadence_sweep,full_contract,parallel_fs,parallel_fs,,0.0,2,12,"{'G0': True, 'GA': True, 'GB': False, 'GC': True, 'GD': True, 'GE': True, 'GF': True, 'GH': False}",replay,True,True,False,False,2026-03-22T15:20:46+00:00,2026-03-22T15:20:46.943293+00:00,0.1.0,,3357.0,0.016012805938720703,0.033600000000000005,,,,,,,,1.0,,,,,1.0,,,1.0,0.0,0.0,,,,0.083,1.6729551661020243,9.646268637783555
ideal_e1_h2_vqe_B3_cad2_seed31,h2_vqe,embedded_same_family_active_space,ideal,e1,31,,B3,cadence_sweep,full_contract,parallel_fs,parallel_fs,,0.0,2,12,"{'G0': True, 'GA': True, 'GB': False, 'GC': True, 'GD': True, 'GE': True, 'GF': True, 'GH': False}",replay,True,True,False,False,2026-03-09T05:24:17+00:00,2026-03-09T05:24:17.943293+00:00,0.1.0,,3357.0,0.016012805938720703,0.033600000000000005,,,,,,,,1.0,,,,,1.0,,,1.0,0.0,0.0,,,,0.083,1.6729551661020243,9.646268637783555
ideal_e1_h2_vqe_B3_cad2_seed43,h2_vqe,embedded_same_family_active_space,ideal,e1,43,,B3,cadence_sweep,full_contract,parallel_fs,parallel_fs,,0.0,2,12,"{'G0': True, 'GA': True, 'GB': False, 'GC': True, 'GD': True, 'GE': True, 'GF': True, 'GH': False}",replay,True,True,False,False,2026-03-26T15:10:08+00:00,2026-03-26T15:10:08.943293+00:00,0.1.0,,3357.0,0.016012805938720703,0.033600000000000005,,,,,,,,1.0,,,,,1.0,,,1.0,0.0,0.0,,,,0.083,1.6729551661020243,9.646268637783555
ideal_e1_h2_vqe_B3_cad2_seed59,h2_vqe,embedded_same_family_active_space,ideal,e1,59,,B3,cadence_sweep,full_contract,parallel_fs,parallel_fs,,0.0,2,12,"{'G0': True, 'GA': True, 'GB': False, 'GC': True, 'GD': True, 'GE': True, 'GF': True, 'GH': False}",replay,True,True,False,False,2026-03-19T14:49:05+00:00,2026-03-19T14:49:05.943293+00:00,0.1.0,,3357.0,0.016012805938720703,0.033600000000000005,,,,,,,,1.0,,,,,1.0,,,1.0,0.0,0.0,,,,0.083,1.6729551661020243,9.646268637783555
ideal_e1_h2_vqe_B3_cad2_seed71,h2_vqe,embedded_same_family_active_space,ideal,e1,71,,B3,cadence_sweep,full_contract,parallel_fs,parallel_fs,,0.0,2,12,"{'G0': True, 'GA': True, 'GB': False, 'GC': True, 'GD': True, 'GE': True, 'GF': True, 'GH': False}",replay,True,True,False,False,2026-03-02T02:14:28+00:00,2026-03-02T02:14:28.943293+00:00,0.1.0,,3357.0,0.016012805938720703,0.033600000000000005,,,,,,,,1.0,,,,,1.0,,,1.0,0.0,0.0,,,,0.083,1.6729551661020243,9.646268637783555
ideal_e1_h2_vqe_B3_cad2_seed83,h2_vqe,embedded_same_family_active_space,ideal,e1,83,,B3,cadence_sweep,full_contract,parallel_fs,parallel_fs,,0.0,2,12,"{'G0': True, 'GA': True, 'GB': False, 'GC': True, 'GD': True, 'GE': True, 'GF': True, 'GH': False}",replay,True,True,False,False,2026-03-27T03:13:21+00:00,2026-03-27T03:13:21.943293+00:00,0.1.0,,3357.0,0.016012805938720703,0.033600000000000005,,,,,,,,1.0,,,,,1.0,,,1.0,0.0,0.0,,,,0.083,1.6729551661020243,9.646268637783555
ideal_e1_h2_vqe_B3_cad2_seed97,h2_vqe,embedded_same_family_active_space,ideal,e1,97,,B3,cadence_sweep,full_contract,parallel_fs,parallel_fs,,0.0,2,12,"{'G0': True, 'GA': True, 'GB': False, 'GC': True, 'GD': True, 'GE': True, 'GF': True, 'GH': False}",replay,True,True,False,False,2026-03-28T13:57:45+00:00,2026-03-28T13:57:45.943293+00:00,0.1.0,,3357.0,0.016012805938720703,0.033600000000000005,,,,,,,,1.0,,,,,1.0,,,1.0,0.0,0.0,,,,0.083,1.6729551661020243,9.646268637783555
ideal_e1_h2_vqe_B3_cad2_seed101,h2_vqe,embedded_same_family_active_space,ideal,e1,101,,B3,cadence_sweep,full_contract,parallel_fs,parallel_fs,,0.0,2,12,"{'G0': True, 'GA': True, 'GB': False, 'GC': True, 'GD': True, 'GE': True, 'GF': True, 'GH': False}",replay,True,True,False,False,2026-03-11T15:59:57+00:00,2026-03-11T15:59:57.943293+00:00,0.1.0,,3357.0,0.016012805938720703,0.033600000000000005,,,,,,,,1.0,,,,,1.0,,,1.0,0.0,0.0,,,,0.083,1.6729551661020243,9.646268637783555
ideal_e1_h2_vqe_B3_cad2_seed107,h2_vqe,embedded_same_family_active_space,ideal,e1,107,,B3,cadence_sweep,full_contract,parallel_fs,parallel_fs,,0.0,2,12,"{'G0': True, 'GA': True, 'GB': False, 'GC': True, 'GD': True, 'GE': True, 'GF': True, 'GH': False}",replay,True,True,False,False,2026-03-15T15:05:42+00:00,2026-03-15T15:05:42.943293+00:00,0.1.0,,3357.0,0.016012805938720703,0.033600000000000005,,,,,,,,1.0,,,,,1.0,,,1.0,0.0,0.0,,,,0.083,1.6729551661020243,9.646268637783555
ideal_e1_h2_vqe_B3_cad2_seed113,h2_vqe,embedded_same_family_active_space,ideal,e1,113,,B3,cadence_sweep,full_contract,parallel_fs,parallel_fs,,0.0,2,12,"{'G0': True, 'GA': True, 'GB': False, 'GC': True, 'GD': True, 'GE': True, 'GF': True, 'GH': False}",replay,True,True,False,False,2026-03-06T23:14:11+00:00,2026-03-06T23:14:11.943293+00:00,0.1.0,,3357.0,0.016012805938720703,0.033600000000000005,,,,,,,,1.0,,,,,1.0,,,1.0,0.0,0.0,,,,0.083,1.6729551661020243,9.646268637783555
ideal_e1_h2_vqe_B3_cad2_seed127,h2_vqe,embedded_same_family_active_space,ideal,e1,127,,B3,cadence_sweep,full_contract,parallel_fs,parallel_fs,,0.0,2,12,"{'G0': True, 'GA': True, 'GB': False, 'GC': True, 'GD': True, 'GE': True, 'GF': True, 'GH': False}",replay,True,True,False,False,2026-03-06T06:33:58+00:00,2026-03-06T06:33:58.943293+00:00,0.1.0,,3357.0,0.016012805938720703,0.033600000000000005,,,,,,,,1.0,,,,,1.0,,,1.0,0.0,0.0,,,,0.083,1.6729551661020243,9.646268637783555
ideal_e1_h2_vqe_B3_cad2_seed131,h2_vqe,embedded_same_family_active_space,ideal,e1,131,,B3,cadence_sweep,full_contract,parallel_fs,parallel_fs,,0.0,2,12,"{'G0': True, 'GA': True, 'GB': False, 'GC': True, 'GD': True, 'GE': True, 'GF': True, 'GH': False}",replay,True,True,False,False,2026-03-18T18:59:52+00:00,2026-03-18T18:59:52.943293+00:00,0.1.0,,3357.0,0.016012805938720703,0.033600000000000005,,,,,,,,1.0,,,,,1.0,,,1.0,0.0,0.0,,,,0.083,1.6729551661020243,9.646268637783555
ideal_e1_h2_vqe_B3_cad2_seed137,h2_vqe,embedded_same_family_active_space,ideal,e1,137,,B3,cadence_sweep,full_contract,parallel_fs,parallel_fs,,0.0,2,12,"{'G0': True, 'GA': True, 'GB': False, 'GC': True, 'GD': True, 'GE': True, 'GF': True, 'GH': False}",replay,True,True,False,False,2026-03-11T02:56:35+00:00,2026-03-11T02:56:35.943293+00:00,0.1.0,,3357.0,0.016012805938720703,0.033600000000000005,,,,,,,,1.0,,,,,1.0,,,1.0,0.0,0.0,,,,0.083,1.6729551661020243,9.646268637783555
ideal_e1_h2_vqe_B3_cad2_seed149,h2_vqe,embedded_same_family_active_space,ideal,e1,149,,B3,cadence_sweep,full_contract,parallel_fs,parallel_fs,,0.0,2,12,"{'G0': True, 'GA': True, 'GB': False, 'GC': True, 'GD': True, 'GE': True, 'GF': True, 'GH': False}",replay,True,True,False,False,2026-03-09T00:54:44+00:00,2026-03-09T00:54:44.943293+00:00,0.1.0,,3357.0,0.016012805938720703,0.033600000000000005,,,,,,,,1.0,,,,,1.0,,,1.0,0.0,0.0,,,,0.083,1.6729551661020243,9.646268637783555
ideal_e1_h2_vqe_B3_cad2_seed157,h2_vqe,embedded_same_family_active_space,ideal,e1,157,,B3,cadence_sweep,full_contract,parallel_fs,parallel_fs,,0.0,2,12,"{'G0': True, 'GA': True, 'GB': False, 'GC': True, 'GD': True, 'GE': True, 'GF': True, 'GH': False}",replay,True,True,False,False,2026-03-18T22:55:21+00:00,2026-03-18T22:55:21.943293+00:00,0.1.0,,3357.0,0.016012805938720703,0.033600000000000005,,,,,,,,1.0,,,,,1.0,,,1.0,0.0,0.0,,,,0.083,1.6729551661020243,9.646268637783555
ideal_e1_h2_vqe_B3_cad2_seed163,h2_vqe,embedded_same_family_active_space,ideal,e1,163,,B3,cadence_sweep,full_contract,parallel_fs,parallel_fs,,0.0,2,12,"{'G0': True, 'GA': True, 'GB': False, 'GC': True, 'GD': True, 'GE': True, 'GF': True, 'GH': False}",replay,True,True,False,False,2026-03-08T13:50:46+00:00,2026-03-08T13:50:46.943293+00:00,0.1.0,,3357.0,0.016012805938720703,0.033600000000000005,,,,,,,,1.0,,,,,1.0,,,1.0,0.0,0.0,,,,0.083,1.6729551661020243,9.646268637783555
ideal_e1_h2_vqe_B3_cad4_seed11,h2_vqe,embedded_same_family_active_space,ideal,e1,11,,B3,cadence_sweep,full_contract,parallel_fs,parallel_fs,,0.0,4,12,"{'G0': True, 'GA': True, 'GB': False, 'GC': True, 'GD': True, 'GE': True, 'GF': True, 'GH': False}",replay,True,True,False,False,2026-03-15T09:17:46+00:00,2026-03-15T09:17:46.943293+00:00,0.1.0,,3357.0,0.016012805938720703,0.033600000000000005,,,,,,,,1.0,,,,,1.0,,,1.0,0.0,0.0,,,,0.249,5.018865498306073,9.646268637783555
ideal_e1_h2_vqe_B3_cad4_seed17,h2_vqe,embedded_same_family_active_space,ideal,e1,17,,B3,cadence_sweep,full_contract,parallel_fs,parallel_fs,,0.0,4,12,"{'G0': True, 'GA': True, 'GB': False, 'GC': True, 'GD': True, 'GE': True, 'GF': True, 'GH': False}",replay,True,True,False,False,2026-03-03T02:02:05+00:00,2026-03-03T02:02:05.943293+00:00,0.1.0,,3357.0,0.016012805938720703,0.033600000000000005,,,,,,,,1.0,,,,,1.0,,,1.0,0.0,0.0,,,,0.249,5.018865498306073,9.646268637783555
ideal_e1_h2_vqe_B3_cad4_seed23,h2_vqe,embedded_same_family_active_space,ideal,e1,23,,B3,cadence_sweep,full_contract,parallel_fs,parallel_fs,,0.0,4,12,"{'G0': True, 'GA': True, 'GB': False, 'GC': True, 'GD': True, 'GE': True, 'GF': True, 'GH': False}",replay,True,True,False,False,2026-03-18T20:55:31+00:00,2026-03-18T20:55:31.943293+00:00,0.1.0,,3357.0,0.016012805938720703,0.033600000000000005,,,,,,,,1.0,,,,,1.0,,,1.0,0.0,0.0,,,,0.249,5.018865498306073,9.646268637783555
ideal_e1_h2_vqe_B3_cad4_seed31,h2_vqe,embedded_same_family_active_space,ideal,e1,31,,B3,cadence_sweep,full_contract,parallel_fs,parallel_fs,,0.0,4,12,"{'G0': True, 'GA': True, 'GB': False, 'GC': True, 'GD': True, 'GE': True, 'GF': True, 'GH': False}",replay,True,True,False,False,2026-03-24T08:26:31+00:00,2026-03-24T08:26:31.943293+00:00,0.1.0,,3357.0,0.016012805938720703,0.033600000000000005,,,,,,,,1.0,,,,,1.0,,,1.0,0.0,0.0,,,,0.249,5.018865498306073,9.646268637783555
ideal_e1_h2_vqe_B3_cad4_seed43,h2_vqe,embedded_same_family_active_space,ideal,e1,43,,B3,cadence_sweep,full_contract,parallel_fs,parallel_fs,,0.0,4,12,"{'G0': True, 'GA': True, 'GB': False, 'GC': True, 'GD': True, 'GE': True, 'GF': True, 'GH': False}",replay,True,True,False,False,2026-03-22T07:01:29+00:00,2026-03-22T07:01:29.943293+00:00,0.1.0,,3357.0,0.016012805938720703,0.033600000000000005,,,,,,,,1.0,,,,,1.0,,,1.0,0.0,0.0,,,,0.249,5.018865498306073,9.646268637783555
ideal_e1_h2_vqe_B3_cad4_seed59,h2_vqe,embedded_same_family_active_space,ideal,e1,59,,B3,cadence_sweep,full_contract,parallel_fs,parallel_fs,,0.0,4,12,"{'G0': True, 'GA': True, 'GB': False, 'GC': True, 'GD': True, 'GE': True, 'GF': True, 'GH': False}",replay,True,True,False,False,2026-03-23T01:45:01+00:00,2026-03-23T01:45:01.943293+00:00,0.1.0,,3357.0,0.016012805938720703,0.033600000000000005,,,,,,,,1.0,,,,,1.0,,,1.0,0.0,0.0,,,,0.249,5.018865498306073,9.646268637783555
ideal_e1_h2_vqe_B3_cad4_seed71,h2_vqe,embedded_same_family_active_space,ideal,e1,71,,B3,cadence_sweep,full_contract,parallel_fs,parallel_fs,,0.0,4,12,"{'G0': True, 'GA': True, 'GB': False, 'GC': True, 'GD': True, 'GE': True, 'GF': True, 'GH': False}",replay,True,True,False,False,2026-03-17T10:54:58+00:00,2026-03-17T10:54:58.943293+00:00,0.1.0,,3357.0,0.016012805938720703,0.033600000000000005,,,,,,,,1.0,,,,,1.0,,,1.0,0.0,0.0,,,,0.249,5.018865498306073,9.646268637783555
ideal_e1_h2_vqe_B3_cad4_seed83,h2_vqe,embedded_same_family_active_space,ideal,e1,83,,B3,cadence_sweep,full_contract,parallel_fs,parallel_fs,,0.0,4,12,"{'G0': True, 'GA': True, 'GB': False, 'GC': True, 'GD': True, 'GE': True, 'GF': True, 'GH': False}",replay,True,True,False,False,2026-03-27T01:59:06+00:00,2026-03-27T01:59:06.943293+00:00,0.1.0,,3357.0,0.016012805938720703,0.033600000000000005,,,,,,,,1.0,,,,,1.0,,,1.0,0.0,0.0,,,,0.249,5.018865498306073,9.646268637783555
ideal_e1_h2_vqe_B3_cad4_seed97,h2_vqe,embedded_same_family_active_space,ideal,e1,97,,B3,cadence_sweep,full_contract,parallel_fs,parallel_fs,,0.0,4,12,"{'G0': True, 'GA': True, 'GB': False, 'GC': True, 'GD': True, 'GE': True, 'GF': True, 'GH': False}",replay,True,True,False,False,2026-03-30T00:46:00+00:00,2026-03-30T00:46:00.943293+00:00,0.1.0,,3357.0,0.016012805938720703,0.033600000000000005,,,,,,,,1.0,,,,,1.0,,,1.0,0.0,0.0,,,,0.249,5.018865498306073,9.646268637783555
ideal_e1_h2_vqe_B3_cad4_seed101,h2_vqe,embedded_same_family_active_space,ideal,e1,101,,B3,cadence_sweep,full_contract,parallel_fs,parallel_fs,,0.0,4,12,"{'G0': True, 'GA': True, 'GB': False, 'GC': True, 'GD': True, 'GE': True, 'GF': True, 'GH': False}",replay,True,True,False,False,2026-03-29T22:55:23+00:00,2026-03-29T22:55:23.943293+00:00,0.1.0,,3357.0,0.016012805938720703,0.033600000000000005,,,,,,,,1.0,,,,,1.0,,,1.0,0.0,0.0,,,,0.249,5.018865498306073,9.646268637783555
ideal_e1_h2_vqe_B3_cad4_seed107,h2_vqe,embedded_same_family_active_space,ideal,e1,107,,B3,cadence_sweep,full_contract,parallel_fs,parallel_fs,,0.0,4,12,"{'G0': True, 'GA': True, 'GB': False, 'GC': True, 'GD': True, 'GE': True, 'GF': True, 'GH': False}",replay,True,True,False,False,2026-03-22T14:48:13+00:00,2026-03-22T14:48:13.943293+00:00,0.1.0,,3357.0,0.016012805938720703,0.033600000000000005,,,,,,,,1.0,,,,,1.0,,,1.0,0.0,0.0,,,,0.249,5.018865498306073,9.646268637783555
ideal_e1_h2_vqe_B3_cad4_seed113,h2_vqe,embedded_same_family_active_space,ideal,e1,113,,B3,cadence_sweep,full_contract,parallel_fs,parallel_fs,,0.0,4,12,"{'G0': True, 'GA': True, 'GB': False, 'GC': True, 'GD': True, 'GE': True, 'GF': True, 'GH': False}",replay,True,True,False,False,2026-03-18T05:34:05+00:00,2026-03-18T05:34:05.943293+00:00,0.1.0,,3357.0,0.016012805938720703,0.033600000000000005,,,,,,,,1.0,,,,,1.0,,,1.0,0.0,0.0,,,,0.249,5.018865498306073,9.646268637783555
ideal_e1_h2_vqe_B3_cad4_seed127,h2_vqe,embedded_same_family_active_space,ideal,e1,127,,B3,cadence_sweep,full_contract,parallel_fs,parallel_fs,,0.0,4,12,"{'G0': True, 'GA': True, 'GB': False, 'GC': True, 'GD': True, 'GE': True, 'GF': True, 'GH': False}",replay,True,True,False,False,2026-03-09T21:41:10+00:00,2026-03-09T21:41:10.943293+00:00,0.1.0,,3357.0,0.016012805938720703,0.033600000000000005,,,,,,,,1.0,,,,,1.0,,,1.0,0.0,0.0,,,,0.249,5.018865498306073,9.646268637783555
ideal_e1_h2_vqe_B3_cad4_seed131,h2_vqe,embedded_same_family_active_space,ideal,e1,131,,B3,cadence_sweep,full_contract,parallel_fs,parallel_fs,,0.0,4,12,"{'G0': True, 'GA': True, 'GB': False, 'GC': True, 'GD': True, 'GE': True, 'GF': True, 'GH': False}",replay,True,True,False,False,2026-03-06T02:28:46+00:00,2026-03-06T02:28:46.943293+00:00,0.1.0,,3357.0,0.016012805938720703,0.033600000000000005,,,,,,,,1.0,,,,,1.0,,,1.0,0.0,0.0,,,,0.249,5.018865498306073,9.646268637783555
ideal_e1_h2_vqe_B3_cad4_seed137,h2_vqe,embedded_same_family_active_space,ideal,e1,137,,B3,cadence_sweep,full_contract,parallel_fs,parallel_fs,,0.0,4,12,"{'G0': True, 'GA': True, 'GB': False, 'GC': True, 'GD': True, 'GE': True, 'GF': True, 'GH': False}",replay,True,True,False,False,2026-03-24T16:08:27+00:00,2026-03-24T16:08:27.943293+00:00,0.1.0,,3357.0,0.016012805938720703,0.033600000000000005,,,,,,,,1.0,,,,,1.0,,,1.0,0.0,0.0,,,,0.249,5.018865498306073,9.646268637783555
ideal_e1_h2_vqe_B3_cad4_seed149,h2_vqe,embedded_same_family_active_space,ideal,e1,149,,B3,cadence_sweep,full_contract,parallel_fs,parallel_fs,,0.0,4,12,"{'G0': True, 'GA': True, 'GB': False, 'GC': True, 'GD': True, 'GE': True, 'GF': True, 'GH': False}",replay,True,True,False,False,2026-03-26T14:30:00+00:00,2026-03-26T14:30:00.943293+00:00,0.1.0,,3357.0,0.016012805938720703,0.033600000000000005,,,,,,,,1.0,,,,,1.0,,,1.0,0.0,0.0,,,,0.249,5.018865498306073,9.646268637783555
ideal_e1_h2_vqe_B3_cad4_seed157,h2_vqe,embedded_same_family_active_space,ideal,e1,157,,B3,cadence_sweep,full_contract,parallel_fs,parallel_fs,,0.0,4,12,"{'G0': True, 'GA': True, 'GB': False, 'GC': True, 'GD': True, 'GE': True, 'GF': True, 'GH': False}",replay,True,True,False,False,2026-03-11T12:37:30+00:00,2026-03-11T12:37:30.943293+00:00,0.1.0,,3357.0,0.016012805938720703,0.033600000000000005,,,,,,,,1.0,,,,,1.0,,,1.0,0.0,0.0,,,,0.249,5.018865498306073,9.646268637783555
ideal_e1_h2_vqe_B3_cad4_seed163,h2_vqe,embedded_same_family_active_space,ideal,e1,163,,B3,cadence_sweep,full_contract,parallel_fs,parallel_fs,,0.0,4,12,"{'G0': True, 'GA': True, 'GB': False, 'GC': True, 'GD': True, 'GE': True, 'GF': True, 'GH': False}",replay,True,True,False,False,2026-03-14T03:36:59+00:00,2026-03-14T03:36:59.943293+00:00,0.1.0,,3357.0,0.016012805938720703,0.033600000000000005,,,,,,,,1.0,,,,,1.0,,,1.0,0.0,0.0,,,,0.249,5.018865498306073,9.646268637783555
ideal_e1_h2_vqe_B3_cad8_seed11,h2_vqe,embedded_same_family_active_space,ideal,e1,11,,B3,cadence_sweep,full_contract,parallel_fs,parallel_fs,,0.0,8,12,"{'G0': True, 'GA': True, 'GB': False, 'GC': True, 'GD': True, 'GE': True, 'GF': True, 'GH': False}",replay,True,True,False,False,2026-03-23T14:07:01+00:00,2026-03-23T14:07:01.943293+00:00,0.1.0,,3357.0,0.016012805938720703,0.033600000000000005,,,,,,,,1.0,,,,,1.0,,,1.0,0.0,0.0,,,,0.5810000000000001,11.710686162714172,9.646268637783555
ideal_e1_h2_vqe_B3_cad8_seed17,h2_vqe,embedded_same_family_active_space,ideal,e1,17,,B3,cadence_sweep,full_contract,parallel_fs,parallel_fs,,0.0,8,12,"{'G0': True, 'GA': True, 'GB': False, 'GC': True, 'GD': True, 'GE': True, 'GF': True, 'GH': False}",replay,True,True,False,False,2026-03-23T22:49:12+00:00,2026-03-23T22:49:12.943293+00:00,0.1.0,,3357.0,0.016012805938720703,0.033600000000000005,,,,,,,,1.0,,,,,1.0,,,1.0,0.0,0.0,,,,0.5810000000000001,11.710686162714172,9.646268637783555
ideal_e1_h2_vqe_B3_cad8_seed23,h2_vqe,embedded_same_family_active_space,ideal,e1,23,,B3,cadence_sweep,full_contract,parallel_fs,parallel_fs,,0.0,8,12,"{'G0': True, 'GA': True, 'GB': False, 'GC': True, 'GD': True, 'GE': True, 'GF': True, 'GH': False}",replay,True,True,False,False,2026-03-17T18:33:33+00:00,2026-03-17T18:33:33.943293+00:00,0.1.0,,3357.0,0.016012805938720703,0.033600000000000005,,,,,,,,1.0,,,,,1.0,,,1.0,0.0,0.0,,,,0.5810000000000001,11.710686162714172,9.646268637783555
ideal_e1_h2_vqe_B3_cad8_seed31,h2_vqe,embedded_same_family_active_space,ideal,e1,31,,B3,cadence_sweep,full_contract,parallel_fs,parallel_fs,,0.0,8,12,"{'G0': True, 'GA': True, 'GB': False, 'GC': True, 'GD': True, 'GE': True, 'GF': True, 'GH': False}",replay,True,True,False,False,2026-03-16T07:44:29+00:00,2026-03-16T07:44:29.943293+00:00,0.1.0,,3357.0,0.016012805938720703,0.033600000000000005,,,,,,,,1.0,,,,,1.0,,,1.0,0.0,0.0,,,,0.5810000000000001,11.710686162714172,9.646268637783555
ideal_e1_h2_vqe_B3_cad8_seed43,h2_vqe,embedded_same_family_active_space,ideal,e1,43,,B3,cadence_sweep,full_contract,parallel_fs,parallel_fs,,0.0,8,12,"{'G0': True, 'GA': True, 'GB': False, 'GC': True, 'GD': True, 'GE': True, 'GF': True, 'GH': False}",replay,True,True,False,False,2026-03-26T16:28:35+00:00,2026-03-26T16:28:35.943293+00:00,0.1.0,,3357.0,0.016012805938720703,0.033600000000000005,,,,,,,,1.0,,,,,1.0,,,1.0,0.0,0.0,,,,0.5810000000000001,11.710686162714172,9.646268637783555
ideal_e1_h2_vqe_B3_cad8_seed59,h2_vqe,embedded_same_family_active_space,ideal,e1,59,,B3,cadence_sweep,full_contract,parallel_fs,parallel_fs,,0.0,8,12,"{'G0': True, 'GA': True, 'GB': False, 'GC': True, 'GD': True, 'GE': True, 'GF': True, 'GH': False}",replay,True,True,False,False,2026-03-22T04:39:51+00:00,2026-03-22T04:39:51.943293+00:00,0.1.0,,3357.0,0.016012805938720703,0.033600000000000005,,,,,,,,1.0,,,,,1.0,,,1.0,0.0,0.0,,,,0.5810000000000001,11.710686162714172,9.646268637783555
ideal_e1_h2_vqe_B3_cad8_seed71,h2_vqe,embedded_same_family_active_space,ideal,e1,71,,B3,cadence_sweep,full_contract,parallel_fs,parallel_fs,,0.0,8,12,"{'G0': True, 'GA': True, 'GB': False, 'GC': True, 'GD': True, 'GE': True, 'GF': True, 'GH': False}",replay,True,True,False,False,2026-03-22T17:30:55+00:00,2026-03-22T17:30:55.943293+00:00,0.1.0,,3357.0,0.016012805938720703,0.033600000000000005,,,,,,,,1.0,,,,,1.0,,,1.0,0.0,0.0,,,,0.5810000000000001,11.710686162714172,9.646268637783555
ideal_e1_h2_vqe_B3_cad8_seed83,h2_vqe,embedded_same_family_active_space,ideal,e1,83,,B3,cadence_sweep,full_contract,parallel_fs,parallel_fs,,0.0,8,12,"{'G0': True, 'GA': True, 'GB': False, 'GC': True, 'GD': True, 'GE': True, 'GF': True, 'GH': False}",replay,True,True,False,False,2026-03-16T13:44:05+00:00,2026-03-16T13:44:05.943293+00:00,0.1.0,,3357.0,0.016012805938720703,0.033600000000000005,,,,,,,,1.0,,,,,1.0,,,1.0,0.0,0.0,,,,0.5810000000000001,11.710686162714172,9.646268637783555
ideal_e1_h2_vqe_B3_cad8_seed97,h2_vqe,embedded_same_family_active_space,ideal,e1,97,,B3,cadence_sweep,full_contract,parallel_fs,parallel_fs,,0.0,8,12,"{'G0': True, 'GA': True, 'GB': False, 'GC': True, 'GD': True, 'GE': True, 'GF': True, 'GH': False}",replay,True,True,False,False,2026-03-26T05:46:10+00:00,2026-03-26T05:46:10.943293+00:00,0.1.0,,3357.0,0.016012805938720703,0.033600000000000005,,,,,,,,1.0,,,,,1.0,,,1.0,0.0,0.0,,,,0.5810000000000001,11.710686162714172,9.646268637783555
ideal_e1_h2_vqe_B3_cad8_seed101,h2_vqe,embedded_same_family_active_space,ideal,e1,101,,B3,cadence_sweep,full_contract,parallel_fs,parallel_fs,,0.0,8,12,"{'G0': True, 'GA': True, 'GB': False, 'GC': True, 'GD': True, 'GE': True, 'GF': True, 'GH': False}",replay,True,True,False,False,2026-03-20T06:20:42+00:00,2026-03-20T06:20:42.943293+00:00,0.1.0,,3357.0,0.016012805938720703,0.033600000000000005,,,,,,,,1.0,,,,,1.0,,,1.0,0.0,0.0,,,,0.5810000000000001,11.710686162714172,9.646268637783555
ideal_e1_h2_vqe_B3_cad8_seed107,h2_vqe,embedded_same_family_active_space,ideal,e1,107,,B3,cadence_sweep,full_contract,parallel_fs,parallel_fs,,0.0,8,12,"{'G0': True, 'GA': True, 'GB': False, 'GC': True, 'GD': True, 'GE': True, 'GF': True, 'GH': False}",replay,True,True,False,False,2026-03-21T22:20:20+00:00,2026-03-21T22:20:20.943293+00:00,0.1.0,,3357.0,0.016012805938720703,0.033600000000000005,,,,,,,,1.0,,,,,1.0,,,1.0,0.0,0.0,,,,0.5810000000000001,11.710686162714172,9.646268637783555
ideal_e1_h2_vqe_B3_cad8_seed113,h2_vqe,embedded_same_family_active_space,ideal,e1,113,,B3,cadence_sweep,full_contract,parallel_fs,parallel_fs,,0.0,8,12,"{'G0': True, 'GA': True, 'GB': False, 'GC': True, 'GD': True, 'GE': True, 'GF': True, 'GH': False}",replay,True,True,False,False,2026-03-21T01:12:24+00:00,2026-03-21T01:12:24.943293+00:00,0.1.0,,3357.0,0.016012805938720703,0.033600000000000005,,,,,,,,1.0,,,,,1.0,,,1.0,0.0,0.0,,,,0.5810000000000001,11.710686162714172,9.646268637783555
ideal_e1_h2_vqe_B3_cad8_seed127,h2_vqe,embedded_same_family_active_space,ideal,e1,127,,B3,cadence_sweep,full_contract,parallel_fs,parallel_fs,,0.0,8,12,"{'G0': True, 'GA': True, 'GB': False, 'GC': True, 'GD': True, 'GE': True, 'GF': True, 'GH': False}",replay,True,True,False,False,2026-03-17T15:26:14+00:00,2026-03-17T15:26:14.943293+00:00,0.1.0,,3357.0,0.016012805938720703,0.033600000000000005,,,,,,,,1.0,,,,,1.0,,,1.0,0.0,0.0,,,,0.5810000000000001,11.710686162714172,9.646268637783555
ideal_e1_h2_vqe_B3_cad8_seed131,h2_vqe,embedded_same_family_active_space,ideal,e1,131,,B3,cadence_sweep,full_contract,parallel_fs,parallel_fs,,0.0,8,12,"{'G0': True, 'GA': True, 'GB': False, 'GC': True, 'GD': True, 'GE': True, 'GF': True, 'GH': False}",replay,True,True,False,False,2026-03-13T16:20:00+00:00,2026-03-13T16:20:00.943293+00:00,0.1.0,,3357.0,0.016012805938720703,0.033600000000000005,,,,,,,,1.0,,,,,1.0,,,1.0,0.0,0.0,,,,0.5810000000000001,11.710686162714172,9.646268637783555
ideal_e1_h2_vqe_B3_cad8_seed137,h2_vqe,embedded_same_family_active_space,ideal,e1,137,,B3,cadence_sweep,full_contract,parallel_fs,parallel_fs,,0.0,8,12,"{'G0': True, 'GA': True, 'GB': False, 'GC': True, 'GD': True, 'GE': True, 'GF': True, 'GH': False}",replay,True,True,False,False,2026-03-01T18:43:05+00:00,2026-03-01T18:43:05.943293+00:00,0.1.0,,3357.0,0.016012805938720703,0.033600000000000005,,,,,,,,1.0,,,,,1.0,,,1.0,0.0,0.0,,,,0.5810000000000001,11.710686162714172,9.646268637783555
ideal_e1_h2_vqe_B3_cad8_seed149,h2_vqe,embedded_same_family_active_space,ideal,e1,149,,B3,cadence_sweep,full_contract,parallel_fs,parallel_fs,,0.0,8,12,"{'G0': True, 'GA': True, 'GB': False, 'GC': True, 'GD': True, 'GE': True, 'GF': True, 'GH': False}",replay,True,True,False,False,2026-03-16T17:20:59+00:00,2026-03-16T17:20:59.943293+00:00,0.1.0,,3357.0,0.016012805938720703,0.033600000000000005,,,,,,,,1.0,,,,,1.0,,,1.0,0.0,0.0,,,,0.5810000000000001,11.710686162714172,9.646268637783555
ideal_e1_h2_vqe_B3_cad8_seed157,h2_vqe,embedded_same_family_active_space,ideal,e1,157,,B3,cadence_sweep,full_contract,parallel_fs,parallel_fs,,0.0,8,12,"{'G0': True, 'GA': True, 'GB': False, 'GC': True, 'GD': True, 'GE': True, 'GF': True, 'GH': False}",replay,True,True,False,False,2026-03-16T05:36:40+00:00,2026-03-16T05:36:40.943293+00:00,0.1.0,,3357.0,0.016012805938720703,0.033600000000000005,,,,,,,,1.0,,,,,1.0,,,1.0,0.0,0.0,,,,0.5810000000000001,11.710686162714172,9.646268637783555
ideal_e1_h2_vqe_B3_cad8_seed163,h2_vqe,embedded_same_family_active_space,ideal,e1,163,,B3,cadence_sweep,full_contract,parallel_fs,parallel_fs,,0.0,8,12,"{'G0': True, 'GA': True, 'GB': False, 'GC': True, 'GD': True, 'GE': True, 'GF': True, 'GH': False}",replay,True,True,False,False,2026-03-06T14:54:49+00:00,2026-03-06T14:54:49.943293+00:00,0.1.0,,3357.0,0.016012805938720703,0.033600000000000005,,,,,,,,1.0,,,,,1.0,,,1.0,0.0,0.0,,,,0.5810000000000001,11.710686162714172,9.646268637783555
ideal_e1_h2_vqe_B3_cad16_seed11,h2_vqe,embedded_same_family_active_space,ideal,e1,11,,B3,cadence_sweep,full_contract,parallel_fs,parallel_fs,,0.0,16,12,"{'G0': True, 'GA': True, 'GB': False, 'GC': True, 'GD': True, 'GE': True, 'GF': True, 'GH': False}",replay,True,True,False,False,2026-03-07T03:15:01+00:00,2026-03-07T03:15:01.943293+00:00,0.1.0,,3357.0,0.016012805938720703,0.033600000000000005,,,,,,,,1.0,,,,,1.0,,,1.0,0.0,0.0,,,,1.245,25.09432749153037,9.646268637783555
ideal_e1_h2_vqe_B3_cad16_seed17,h2_vqe,embedded_same_family_active_space,ideal,e1,17,,B3,cadence_sweep,full_contract,parallel_fs,parallel_fs,,0.0,16,12,"{'G0': True, 'GA': True, 'GB': False, 'GC': True, 'GD': True, 'GE': True, 'GF': True, 'GH': False}",replay,True,True,False,False,2026-03-28T06:46:47+00:00,2026-03-28T06:46:47.943293+00:00,0.1.0,,3357.0,0.016012805938720703,0.033600000000000005,,,,,,,,1.0,,,,,1.0,,,1.0,0.0,0.0,,,,1.245,25.09432749153037,9.646268637783555
ideal_e1_h2_vqe_B3_cad16_seed23,h2_vqe,embedded_same_family_active_space,ideal,e1,23,,B3,cadence_sweep,full_contract,parallel_fs,parallel_fs,,0.0,16,12,"{'G0': True, 'GA': True, 'GB': False, 'GC': True, 'GD': True, 'GE': True, 'GF': True, 'GH': False}",replay,True,True,False,False,2026-03-04T13:00:39+00:00,2026-03-04T13:00:39.943293+00:00,0.1.0,,3357.0,0.016012805938720703,0.033600000000000005,,,,,,,,1.0,,,,,1.0,,,1.0,0.0,0.0,,,,1.245,25.09432749153037,9.646268637783555
ideal_e1_h2_vqe_B3_cad16_seed31,h2_vqe,embedded_same_family_active_space,ideal,e1,31,,B3,cadence_sweep,full_contract,parallel_fs,parallel_fs,,0.0,16,12,"{'G0': True, 'GA': True, 'GB': False, 'GC': True, 'GD': True, 'GE': True, 'GF': True, 'GH': False}",replay,True,True,False,False,2026-03-22T06:58:16+00:00,2026-03-22T06:58:16.943293+00:00,0.1.0,,3357.0,0.016012805938720703,0.033600000000000005,,,,,,,,1.0,,,,,1.0,,,1.0,0.0,0.0,,,,1.245,25.09432749153037,9.646268637783555
ideal_e1_h2_vqe_B3_cad16_seed43,h2_vqe,embedded_same_family_active_space,ideal,e1,43,,B3,cadence_sweep,full_contract,parallel_fs,parallel_fs,,0.0,16,12,"{'G0': True, 'GA': True, 'GB': False, 'GC': True, 'GD': True, 'GE': True, 'GF': True, 'GH': False}",replay,True,True,False,False,2026-03-29T19:32:07+00:00,2026-03-29T19:32:07.943293+00:00,0.1.0,,3357.0,0.016012805938720703,0.033600000000000005,,,,,,,,1.0,,,,,1.0,,,1.0,0.0,0.0,,,,1.245,25.09432749153037,9.646268637783555
ideal_e1_h2_vqe_B3_cad16_seed59,h2_vqe,embedded_same_family_active_space,ideal,e1,59,,B3,cadence_sweep,full_contract,parallel_fs,parallel_fs,,0.0,16,12,"{'G0': True, 'GA': True, 'GB': False, 'GC': True, 'GD': True, 'GE': True, 'GF': True, 'GH': False}",replay,True,True,False,False,2026-03-30T07:27:20+00:00,2026-03-30T07:27:20.943293+00:00,0.1.0,,3357.0,0.016012805938720703,0.033600000000000005,,,,,,,,1.0,,,,,1.0,,,1.0,0.0,0.0,,,,1.245,25.09432749153037,9.646268637783555
ideal_e1_h2_vqe_B3_cad16_seed71,h2_vqe,embedded_same_family_active_space,ideal,e1,71,,B3,cadence_sweep,full_contract,parallel_fs,parallel_fs,,0.0,16,12,"{'G0': True, 'GA': True, 'GB': False, 'GC': True, 'GD': True, 'GE': True, 'GF': True, 'GH': False}",replay,True,True,False,False,2026-03-01T01:37:25+00:00,2026-03-01T01:37:25.943293+00:00,0.1.0,,3357.0,0.016012805938720703,0.033600000000000005,,,,,,,,1.0,,,,,1.0,,,1.0,0.0,0.0,,,,1.245,25.09432749153037,9.646268637783555
ideal_e1_h2_vqe_B3_cad16_seed83,h2_vqe,embedded_same_family_active_space,ideal,e1,83,,B3,cadence_sweep,full_contract,parallel_fs,parallel_fs,,0.0,16,12,"{'G0': True, 'GA': True, 'GB': False, 'GC': True, 'GD': True, 'GE': True, 'GF': True, 'GH': False}",replay,True,True,False,False,2026-03-18T04:40:50+00:00,2026-03-18T04:40:50.943293+00:00,0.1.0,,3357.0,0.016012805938720703,0.033600000000000005,,,,,,,,1.0,,,,,1.0,,,1.0,0.0,0.0,,,,1.245,25.09432749153037,9.646268637783555
ideal_e1_h2_vqe_B3_cad16_seed97,h2_vqe,embedded_same_family_active_space,ideal,e1,97,,B3,cadence_sweep,full_contract,parallel_fs,parallel_fs,,0.0,16,12,"{'G0': True, 'GA': True, 'GB': False, 'GC': True, 'GD': True, 'GE': True, 'GF': True, 'GH': False}",replay,True,True,False,False,2026-03-15T23:47:37+00:00,2026-03-15T23:47:37.943293+00:00,0.1.0,,3357.0,0.016012805938720703,0.033600000000000005,,,,,,,,1.0,,,,,1.0,,,1.0,0.0,0.0,,,,1.245,25.09432749153037,9.646268637783555
ideal_e1_h2_vqe_B3_cad16_seed101,h2_vqe,embedded_same_family_active_space,ideal,e1,101,,B3,cadence_sweep,full_contract,parallel_fs,parallel_fs,,0.0,16,12,"{'G0': True, 'GA': True, 'GB': False, 'GC': True, 'GD': True, 'GE': True, 'GF': True, 'GH': False}",replay,True,True,False,False,2026-03-06T21:41:33+00:00,2026-03-06T21:41:33.943293+00:00,0.1.0,,3357.0,0.016012805938720703,0.033600000000000005,,,,,,,,1.0,,,,,1.0,,,1.0,0.0,0.0,,,,1.245,25.09432749153037,9.646268637783555
ideal_e1_h2_vqe_B3_cad16_seed107,h2_vqe,embedded_same_family_active_space,ideal,e1,107,,B3,cadence_sweep,full_contract,parallel_fs,parallel_fs,,0.0,16,12,"{'G0': True, 'GA': True, 'GB': False, 'GC': True, 'GD': True, 'GE': True, 'GF': True, 'GH': False}",replay,True,True,False,False,2026-03-01T17:58:26+00:00,2026-03-01T17:58:26.943293+00:00,0.1.0,,3357.0,0.016012805938720703,0.033600000000000005,,,,,,,,1.0,,,,,1.0,,,1.0,0.0,0.0,,,,1.245,25.09432749153037,9.646268637783555
ideal_e1_h2_vqe_B3_cad16_seed113,h2_vqe,embedded_same_family_active_space,ideal,e1,113,,B3,cadence_sweep,full_contract,parallel_fs,parallel_fs,,0.0,16,12,"{'G0': True, 'GA': True, 'GB': False, 'GC': True, 'GD': True, 'GE': True, 'GF': True, 'GH': False}",replay,True,True,False,False,2026-03-27T12:01:04+00:00,2026-03-27T12:01:04.943293+00:00,0.1.0,,3357.0,0.016012805938720703,0.033600000000000005,,,,,,,,1.0,,,,,1.0,,,1.0,0.0,0.0,,,,1.245,25.09432749153037,9.646268637783555
ideal_e1_h2_vqe_B3_cad16_seed127,h2_vqe,embedded_same_family_active_space,ideal,e1,127,,B3,cadence_sweep,full_contract,parallel_fs,parallel_fs,,0.0,16,12,"{'G0': True, 'GA': True, 'GB': False, 'GC': True, 'GD': True, 'GE': True, 'GF': True, 'GH': False}",replay,True,True,False,False,2026-03-14T22:00:05+00:00,2026-03-14T22:00:05.943293+00:00,0.1.0,,3357.0,0.016012805938720703,0.033600000000000005,,,,,,,,1.0,,,,,1.0,,,1.0,0.0,0.0,,,,1.245,25.09432749153037,9.646268637783555
ideal_e1_h2_vqe_B3_cad16_seed131,h2_vqe,embedded_same_family_active_space,ideal,e1,131,,B3,cadence_sweep,full_contract,parallel_fs,parallel_fs,,0.0,16,12,"{'G0': True, 'GA': True, 'GB': False, 'GC': True, 'GD': True, 'GE': True, 'GF': True, 'GH': False}",replay,True,True,False,False,2026-03-22T06:25:01+00:00,2026-03-22T06:25:01.943293+00:00,0.1.0,,3357.0,0.016012805938720703,0.033600000000000005,,,,,,,,1.0,,,,,1.0,,,1.0,0.0,0.0,,,,1.245,25.09432749153037,9.646268637783555
ideal_e1_h2_vqe_B3_cad16_seed137,h2_vqe,embedded_same_family_active_space,ideal,e1,137,,B3,cadence_sweep,full_contract,parallel_fs,parallel_fs,,0.0,16,12,"{'G0': True, 'GA': True, 'GB': False, 'GC': True, 'GD': True, 'GE': True, 'GF': True, 'GH': False}",replay,True,True,False,False,2026-03-08T00:08:24+00:00,2026-03-08T00:08:24.943293+00:00,0.1.0,,3357.0,0.016012805938720703,0.033600000000000005,,,,,,,,1.0,,,,,1.0,,,1.0,0.0,0.0,,,,1.245,25.09432749153037,9.646268637783555
ideal_e1_h2_vqe_B3_cad16_seed149,h2_vqe,embedded_same_family_active_space,ideal,e1,149,,B3,cadence_sweep,full_contract,parallel_fs,parallel_fs,,0.0,16,12,"{'G0': True, 'GA': True, 'GB': False, 'GC': True, 'GD': True, 'GE': True, 'GF': True, 'GH': False}",replay,True,True,False,False,2026-03-05T01:14:14+00:00,2026-03-05T01:14:14.943293+00:00,0.1.0,,3357.0,0.016012805938720703,0.033600000000000005,,,,,,,,1.0,,,,,1.0,,,1.0,0.0,0.0,,,,1.245,25.09432749153037,9.646268637783555
ideal_e1_h2_vqe_B3_cad16_seed157,h2_vqe,embedded_same_family_active_space,ideal,e1,157,,B3,cadence_sweep,full_contract,parallel_fs,parallel_fs,,0.0,16,12,"{'G0': True, 'GA': True, 'GB': False, 'GC': True, 'GD': True, 'GE': True, 'GF': True, 'GH': False}",replay,True,True,False,False,2026-03-22T05:18:27+00:00,2026-03-22T05:18:27.943293+00:00,0.1.0,,3357.0,0.016012805938720703,0.033600000000000005,,,,,,,,1.0,,,,,1.0,,,1.0,0.0,0.0,,,,1.245,25.09432749153037,9.646268637783555
ideal_e1_h2_vqe_B3_cad16_seed163,h2_vqe,embedded_same_family_active_space,ideal,e1,163,,B3,cadence_sweep,full_contract,parallel_fs,parallel_fs,,0.0,16,12,"{'G0': True, 'GA': True, 'GB': False, 'GC': True, 'GD': True, 'GE': True, 'GF': True, 'GH': False}",replay,True,True,False,False,2026-03-02T11:30:17+00:00,2026-03-02T11:30:17.943293+00:00,0.1.0,,3357.0,0.016012805938720703,0.033600000000000005,,,,,,,,1.0,,,,,1.0,,,1.0,0.0,0.0,,,,1.245,25.09432749153037,9.646268637783555
ideal_e1_h2_vqe_B4_cad1_seed11,h2_vqe,embedded_same_family_active_space,ideal,e1,11,,B4,cadence_sweep,full_contract,parallel_fs,parallel_fs,,0.0,1,12,"{'G0': True, 'GA': True, 'GB': True, 'GC': True, 'GD': True, 'GE': True, 'GF': True, 'GH': True}",replay,True,True,False,False,2026-03-28T05:36:57+00:00,2026-03-28T05:36:57.943296+00:00,0.1.0,,4094.0,0.01601561737060547,0.033600000000000005,,,,,,,,1.0,,,,,1.0,,,1.0,0.0,0.0,,,,0.2013392,4.057980343086134,1.5113635598110249
ideal_e1_h2_vqe_B4_cad1_seed17,h2_vqe,embedded_same_family_active_space,ideal,e1,17,,B4,cadence_sweep,full_contract,parallel_fs,parallel_fs,,0.0,1,12,"{'G0': True, 'GA': True, 'GB': True, 'GC': True, 'GD': True, 'GE': True, 'GF': True, 'GH': True}",replay,True,True,False,False,2026-03-20T04:39:12+00:00,2026-03-20T04:39:12.943296+00:00,0.1.0,,4094.0,0.01601561737060547,0.033600000000000005,,,,,,,,1.0,,,,,1.0,,,1.0,0.0,0.0,,,,0.2013392,4.057980343086134,1.5113635598110249
ideal_e1_h2_vqe_B4_cad1_seed23,h2_vqe,embedded_same_family_active_space,ideal,e1,23,,B4,cadence_sweep,full_contract,parallel_fs,parallel_fs,,0.0,1,12,"{'G0': True, 'GA': True, 'GB': True, 'GC': True, 'GD': True, 'GE': True, 'GF': True, 'GH': True}",replay,True,True,False,False,2026-03-22T10:12:03+00:00,2026-03-22T10:12:03.943296+00:00,0.1.0,,4094.0,0.01601561737060547,0.033600000000000005,,,,,,,,1.0,,,,,1.0,,,1.0,0.0,0.0,,,,0.2013392,4.057980343086134,1.5113635598110249
ideal_e1_h2_vqe_B4_cad1_seed31,h2_vqe,embedded_same_family_active_space,ideal,e1,31,,B4,cadence_sweep,full_contract,parallel_fs,parallel_fs,,0.0,1,12,"{'G0': True, 'GA': True, 'GB': True, 'GC': True, 'GD': True, 'GE': True, 'GF': True, 'GH': True}",replay,True,True,False,False,2026-03-16T01:26:22+00:00,2026-03-16T01:26:22.943296+00:00,0.1.0,,4094.0,0.01601561737060547,0.033600000000000005,,,,,,,,1.0,,,,,1.0,,,1.0,0.0,0.0,,,,0.2013392,4.057980343086134,1.5113635598110249
ideal_e1_h2_vqe_B4_cad1_seed43,h2_vqe,embedded_same_family_active_space,ideal,e1,43,,B4,cadence_sweep,full_contract,parallel_fs,parallel_fs,,0.0,1,12,"{'G0': True, 'GA': True, 'GB': True, 'GC': True, 'GD': True, 'GE': True, 'GF': True, 'GH': True}",replay,True,True,False,False,2026-03-14T09:07:01+00:00,2026-03-14T09:07:01.943296+00:00,0.1.0,,4094.0,0.01601561737060547,0.033600000000000005,,,,,,,,1.0,,,,,1.0,,,1.0,0.0,0.0,,,,0.2013392,4.057980343086134,1.5113635598110249
ideal_e1_h2_vqe_B4_cad1_seed59,h2_vqe,embedded_same_family_active_space,ideal,e1,59,,B4,cadence_sweep,full_contract,parallel_fs,parallel_fs,,0.0,1,12,"{'G0': True, 'GA': True, 'GB': True, 'GC': True, 'GD': True, 'GE': True, 'GF': True, 'GH': True}",replay,True,True,False,False,2026-03-26T06:57:16+00:00,2026-03-26T06:57:16.943296+00:00,0.1.0,,4094.0,0.01601561737060547,0.033600000000000005,,,,,,,,1.0,,,,,1.0,,,1.0,0.0,0.0,,,,0.2013392,4.057980343086134,1.5113635598110249
ideal_e1_h2_vqe_B4_cad1_seed71,h2_vqe,embedded_same_family_active_space,ideal,e1,71,,B4,cadence_sweep,full_contract,parallel_fs,parallel_fs,,0.0,1,12,"{'G0': True, 'GA': True, 'GB': True, 'GC': True, 'GD': True, 'GE': True, 'GF': True, 'GH': True}",replay,True,True,False,False,2026-03-23T16:33:09+00:00,2026-03-23T16:33:09.943296+00:00,0.1.0,,4094.0,0.01601561737060547,0.033600000000000005,,,,,,,,1.0,,,,,1.0,,,1.0,0.0,0.0,,,,0.2013392,4.057980343086134,1.5113635598110249
ideal_e1_h2_vqe_B4_cad1_seed83,h2_vqe,embedded_same_family_active_space,ideal,e1,83,,B4,cadence_sweep,full_contract,parallel_fs,parallel_fs,,0.0,1,12,"{'G0': True, 'GA': True, 'GB': True, 'GC': True, 'GD': True, 'GE': True, 'GF': True, 'GH': True}",replay,True,True,False,False,2026-03-21T20:11:36+00:00,2026-03-21T20:11:36.943296+00:00,0.1.0,,4094.0,0.01601561737060547,0.033600000000000005,,,,,,,,1.0,,,,,1.0,,,1.0,0.0,0.0,,,,0.2013392,4.057980343086134,1.5113635598110249
ideal_e1_h2_vqe_B4_cad1_seed97,h2_vqe,embedded_same_family_active_space,ideal,e1,97,,B4,cadence_sweep,full_contract,parallel_fs,parallel_fs,,0.0,1,12,"{'G0': True, 'GA': True, 'GB': True, 'GC': True, 'GD': True, 'GE': True, 'GF': True, 'GH': True}",replay,True,True,False,False,2026-03-24T00:07:28+00:00,2026-03-24T00:07:28.943296+00:00,0.1.0,,4094.0,0.01601561737060547,0.033600000000000005,,,,,,,,1.0,,,,,1.0,,,1.0,0.0,0.0,,,,0.2013392,4.057980343086134,1.5113635598110249
ideal_e1_h2_vqe_B4_cad1_seed101,h2_vqe,embedded_same_family_active_space,ideal,e1,101,,B4,cadence_sweep,full_contract,parallel_fs,parallel_fs,,0.0,1,12,"{'G0': True, 'GA': True, 'GB': True, 'GC': True, 'GD': True, 'GE': True, 'GF': True, 'GH': True}",replay,True,True,False,False,2026-03-10T16:05:39+00:00,2026-03-10T16:05:39.943296+00:00,0.1.0,,4094.0,0.01601561737060547,0.033600000000000005,,,,,,,,1.0,,,,,1.0,,,1.0,0.0,0.0,,,,0.2013392,4.057980343086134,1.5113635598110249
ideal_e1_h2_vqe_B4_cad1_seed107,h2_vqe,embedded_same_family_active_space,ideal,e1,107,,B4,cadence_sweep,full_contract,parallel_fs,parallel_fs,,0.0,1,12,"{'G0': True, 'GA': True, 'GB': True, 'GC': True, 'GD': True, 'GE': True, 'GF': True, 'GH': True}",replay,True,True,False,False,2026-03-04T16:13:01+00:00,2026-03-04T16:13:01.943296+00:00,0.1.0,,4094.0,0.01601561737060547,0.033600000000000005,,,,,,,,1.0,,,,,1.0,,,1.0,0.0,0.0,,,,0.2013392,4.057980343086134,1.5113635598110249
ideal_e1_h2_vqe_B4_cad1_seed113,h2_vqe,embedded_same_family_active_space,ideal,e1,113,,B4,cadence_sweep,full_contract,parallel_fs,parallel_fs,,0.0,1,12,"{'G0': True, 'GA': True, 'GB': True, 'GC': True, 'GD': True, 'GE': True, 'GF': True, 'GH': True}",replay,True,True,False,False,2026-03-30T14:41:59+00:00,2026-03-30T14:41:59.943296+00:00,0.1.0,,4094.0,0.01601561737060547,0.033600000000000005,,,,,,,,1.0,,,,,1.0,,,1.0,0.0,0.0,,,,0.2013392,4.057980343086134,1.5113635598110249
ideal_e1_h2_vqe_B4_cad1_seed127,h2_vqe,embedded_same_family_active_space,ideal,e1,127,,B4,cadence_sweep,full_contract,parallel_fs,parallel_fs,,0.0,1,12,"{'G0': True, 'GA': True, 'GB': True, 'GC': True, 'GD': True, 'GE': True, 'GF': True, 'GH': True}",replay,True,True,False,False,2026-03-02T20:54:44+00:00,2026-03-02T20:54:44.943296+00:00,0.1.0,,4094.0,0.01601561737060547,0.033600000000000005,,,,,,,,1.0,,,,,1.0,,,1.0,0.0,0.0,,,,0.2013392,4.057980343086134,1.5113635598110249
ideal_e1_h2_vqe_B4_cad1_seed131,h2_vqe,embedded_same_family_active_space,ideal,e1,131,,B4,cadence_sweep,full_contract,parallel_fs,parallel_fs,,0.0,1,12,"{'G0': True, 'GA': True, 'GB': True, 'GC': True, 'GD': True, 'GE': True, 'GF': True, 'GH': True}",replay,True,True,False,False,2026-03-27T00:03:18+00:00,2026-03-27T00:03:18.943296+00:00,0.1.0,,4094.0,0.01601561737060547,0.033600000000000005,,,,,,,,1.0,,,,,1.0,,,1.0,0.0,0.0,,,,0.2013392,4.057980343086134,1.5113635598110249
ideal_e1_h2_vqe_B4_cad1_seed137,h2_vqe,embedded_same_family_active_space,ideal,e1,137,,B4,cadence_sweep,full_contract,parallel_fs,parallel_fs,,0.0,1,12,"{'G0': True, 'GA': True, 'GB': True, 'GC': True, 'GD': True, 'GE': True, 'GF': True, 'GH': True}",replay,True,True,False,False,2026-03-18T19:50:22+00:00,2026-03-18T19:50:22.943296+00:00,0.1.0,,4094.0,0.01601561737060547,0.033600000000000005,,,,,,,,1.0,,,,,1.0,,,1.0,0.0,0.0,,,,0.2013392,4.057980343086134,1.5113635598110249
ideal_e1_h2_vqe_B4_cad1_seed149,h2_vqe,embedded_same_family_active_space,ideal,e1,149,,B4,cadence_sweep,full_contract,parallel_fs,parallel_fs,,0.0,1,12,"{'G0': True, 'GA': True, 'GB': True, 'GC': True, 'GD': True, 'GE': True, 'GF': True, 'GH': True}",replay,True,True,False,False,2026-03-14T02:51:22+00:00,2026-03-14T02:51:22.943296+00:00,0.1.0,,4094.0,0.01601561737060547,0.033600000000000005,,,,,,,,1.0,,,,,1.0,,,1.0,0.0,0.0,,,,0.2013392,4.057980343086134,1.5113635598110249
ideal_e1_h2_vqe_B4_cad1_seed157,h2_vqe,embedded_same_family_active_space,ideal,e1,157,,B4,cadence_sweep,full_contract,parallel_fs,parallel_fs,,0.0,1,12,"{'G0': True, 'GA': True, 'GB': True, 'GC': True, 'GD': True, 'GE': True, 'GF': True, 'GH': True}",replay,True,True,False,False,2026-03-02T00:24:43+00:00,2026-03-02T00:24:43.943296+00:00,0.1.0,,4094.0,0.01601561737060547,0.033600000000000005,,,,,,,,1.0,,,,,1.0,,,1.0,0.0,0.0,,,,0.2013392,4.057980343086134,1.5113635598110249
ideal_e1_h2_vqe_B4_cad1_seed163,h2_vqe,embedded_same_family_active_space,ideal,e1,163,,B4,cadence_sweep,full_contract,parallel_fs,parallel_fs,,0.0,1,12,"{'G0': True, 'GA': True, 'GB': True, 'GC': True, 'GD': True, 'GE': True, 'GF': True, 'GH': True}",replay,True,True,False,False,2026-03-23T02:48:58+00:00,2026-03-23T02:48:58.943296+00:00,0.1.0,,4094.0,0.01601561737060547,0.033600000000000005,,,,,,,,1.0,,,,,1.0,,,1.0,0.0,0.0,,,,0.2013392,4.057980343086134,1.5113635598110249
ideal_e1_h2_vqe_B4_cad2_seed11,h2_vqe,embedded_same_family_active_space,ideal,e1,11,,B4,cadence_sweep,full_contract,parallel_fs,parallel_fs,,0.0,2,12,"{'G0': True, 'GA': True, 'GB': True, 'GC': True, 'GD': True, 'GE': True, 'GF': True, 'GH': True}",replay,True,True,False,False,2026-03-15T13:44:07+00:00,2026-03-15T13:44:07.943296+00:00,0.1.0,,4104.0,0.016015655517578126,0.033600000000000005,,,,,,,,1.0,,,,,1.0,,,1.0,0.0,0.0,,,,1.4845536,29.921071978461384,0.8199029117816545
ideal_e1_h2_vqe_B4_cad2_seed17,h2_vqe,embedded_same_family_active_space,ideal,e1,17,,B4,cadence_sweep,full_contract,parallel_fs,parallel_fs,,0.0,2,12,"{'G0': True, 'GA': True, 'GB': True, 'GC': True, 'GD': True, 'GE': True, 'GF': True, 'GH': True}",replay,True,True,False,False,2026-03-24T18:19:47+00:00,2026-03-24T18:19:47.943296+00:00,0.1.0,,4104.0,0.016015655517578126,0.033600000000000005,,,,,,,,1.0,,,,,1.0,,,1.0,0.0,0.0,,,,1.4845536,29.921071978461384,0.8199029117816545
ideal_e1_h2_vqe_B4_cad2_seed23,h2_vqe,embedded_same_family_active_space,ideal,e1,23,,B4,cadence_sweep,full_contract,parallel_fs,parallel_fs,,0.0,2,12,"{'G0': True, 'GA': True, 'GB': True, 'GC': True, 'GD': True, 'GE': True, 'GF': True, 'GH': True}",replay,True,True,False,False,2026-03-12T15:29:15+00:00,2026-03-12T15:29:15.943296+00:00,0.1.0,,4104.0,0.016015655517578126,0.033600000000000005,,,,,,,,1.0,,,,,1.0,,,1.0,0.0,0.0,,,,1.4845536,29.921071978461384,0.8199029117816545
ideal_e1_h2_vqe_B4_cad2_seed31,h2_vqe,embedded_same_family_active_space,ideal,e1,31,,B4,cadence_sweep,full_contract,parallel_fs,parallel_fs,,0.0,2,12,"{'G0': True, 'GA': True, 'GB': True, 'GC': True, 'GD': True, 'GE': True, 'GF': True, 'GH': True}",replay,True,True,False,False,2026-03-21T03:13:59+00:00,2026-03-21T03:13:59.943296+00:00,0.1.0,,4104.0,0.016015655517578126,0.033600000000000005,,,,,,,,1.0,,,,,1.0,,,1.0,0.0,0.0,,,,1.4845536,29.921071978461384,0.8199029117816545
ideal_e1_h2_vqe_B4_cad2_seed43,h2_vqe,embedded_same_family_active_space,ideal,e1,43,,B4,cadence_sweep,full_contract,parallel_fs,parallel_fs,,0.0,2,12,"{'G0': True, 'GA': True, 'GB': True, 'GC': True, 'GD': True, 'GE': True, 'GF': True, 'GH': True}",replay,True,True,False,False,2026-03-02T22:50:57+00:00,2026-03-02T22:50:57.943296+00:00,0.1.0,,4104.0,0.016015655517578126,0.033600000000000005,,,,,,,,1.0,,,,,1.0,,,1.0,0.0,0.0,,,,1.4845536,29.921071978461384,0.8199029117816545
ideal_e1_h2_vqe_B4_cad2_seed59,h2_vqe,embedded_same_family_active_space,ideal,e1,59,,B4,cadence_sweep,full_contract,parallel_fs,parallel_fs,,0.0,2,12,"{'G0': True, 'GA': True, 'GB': True, 'GC': True, 'GD': True, 'GE': True, 'GF': True, 'GH': True}",replay,True,True,False,False,2026-03-21T13:29:50+00:00,2026-03-21T13:29:50.943296+00:00,0.1.0,,4104.0,0.016015655517578126,0.033600000000000005,,,,,,,,1.0,,,,,1.0,,,1.0,0.0,0.0,,,,1.4845536,29.921071978461384,0.8199029117816545
ideal_e1_h2_vqe_B4_cad2_seed71,h2_vqe,embedded_same_family_active_space,ideal,e1,71,,B4,cadence_sweep,full_contract,parallel_fs,parallel_fs,,0.0,2,12,"{'G0': True, 'GA': True, 'GB': True, 'GC': True, 'GD': True, 'GE': True, 'GF': True, 'GH': True}",replay,True,True,False,False,2026-03-11T16:09:34+00:00,2026-03-11T16:09:34.943296+00:00,0.1.0,,4104.0,0.016015655517578126,0.033600000000000005,,,,,,,,1.0,,,,,1.0,,,1.0,0.0,0.0,,,,1.4845536,29.921071978461384,0.8199029117816545
ideal_e1_h2_vqe_B4_cad2_seed83,h2_vqe,embedded_same_family_active_space,ideal,e1,83,,B4,cadence_sweep,full_contract,parallel_fs,parallel_fs,,0.0,2,12,"{'G0': True, 'GA': True, 'GB': True, 'GC': True, 'GD': True, 'GE': True, 'GF': True, 'GH': True}",replay,True,True,False,False,2026-03-01T19:09:05+00:00,2026-03-01T19:09:05.943296+00:00,0.1.0,,4104.0,0.016015655517578126,0.033600000000000005,,,,,,,,1.0,,,,,1.0,,,1.0,0.0,0.0,,,,1.4845536,29.921071978461384,0.8199029117816545
ideal_e1_h2_vqe_B4_cad2_seed97,h2_vqe,embedded_same_family_active_space,ideal,e1,97,,B4,cadence_sweep,full_contract,parallel_fs,parallel_fs,,0.0,2,12,"{'G0': True, 'GA': True, 'GB': True, 'GC': True, 'GD': True, 'GE': True, 'GF': True, 'GH': True}",replay,True,True,False,False,2026-03-13T10:37:09+00:00,2026-03-13T10:37:09.943296+00:00,0.1.0,,4104.0,0.016015655517578126,0.033600000000000005,,,,,,,,1.0,,,,,1.0,,,1.0,0.0,0.0,,,,1.4845536,29.921071978461384,0.8199029117816545
ideal_e1_h2_vqe_B4_cad2_seed101,h2_vqe,embedded_same_family_active_space,ideal,e1,101,,B4,cadence_sweep,full_contract,parallel_fs,parallel_fs,,0.0,2,12,"{'G0': True, 'GA': True, 'GB': True, 'GC': True, 'GD': True, 'GE': True, 'GF': True, 'GH': True}",replay,True,True,False,False,2026-03-05T17:35:51+00:00,2026-03-05T17:35:51.943296+00:00,0.1.0,,4104.0,0.016015655517578126,0.033600000000000005,,,,,,,,1.0,,,,,1.0,,,1.0,0.0,0.0,,,,1.4845536,29.921071978461384,0.8199029117816545
ideal_e1_h2_vqe_B4_cad2_seed107,h2_vqe,embedded_same_family_active_space,ideal,e1,107,,B4,cadence_sweep,full_contract,parallel_fs,parallel_fs,,0.0,2,12,"{'G0': True, 'GA': True, 'GB': True, 'GC': True, 'GD': True, 'GE': True, 'GF': True, 'GH': True}",replay,True,True,False,False,2026-03-29T01:14:30+00:00,2026-03-29T01:14:30.943296+00:00,0.1.0,,4104.0,0.016015655517578126,0.033600000000000005,,,,,,,,1.0,,,,,1.0,,,1.0,0.0,0.0,,,,1.4845536,29.921071978461384,0.8199029117816545
ideal_e1_h2_vqe_B4_cad2_seed113,h2_vqe,embedded_same_family_active_space,ideal,e1,113,,B4,cadence_sweep,full_contract,parallel_fs,parallel_fs,,0.0,2,12,"{'G0': True, 'GA': True, 'GB': True, 'GC': True, 'GD': True, 'GE': True, 'GF': True, 'GH': True}",replay,True,True,False,False,2026-03-30T15:05:42+00:00,2026-03-30T15:05:42.943296+00:00,0.1.0,,4104.0,0.016015655517578126,0.033600000000000005,,,,,,,,1.0,,,,,1.0,,,1.0,0.0,0.0,,,,1.4845536,29.921071978461384,0.8199029117816545
ideal_e1_h2_vqe_B4_cad2_seed127,h2_vqe,embedded_same_family_active_space,ideal,e1,127,,B4,cadence_sweep,full_contract,parallel_fs,parallel_fs,,0.0,2,12,"{'G0': True, 'GA': True, 'GB': True, 'GC': True, 'GD': True, 'GE': True, 'GF': True, 'GH': True}",replay,True,True,False,False,2026-03-04T15:52:08+00:00,2026-03-04T15:52:08.943296+00:00,0.1.0,,4104.0,0.016015655517578126,0.033600000000000005,,,,,,,,1.0,,,,,1.0,,,1.0,0.0,0.0,,,,1.4845536,29.921071978461384,0.8199029117816545
ideal_e1_h2_vqe_B4_cad2_seed131,h2_vqe,embedded_same_family_active_space,ideal,e1,131,,B4,cadence_sweep,full_contract,parallel_fs,parallel_fs,,0.0,2,12,"{'G0': True, 'GA': True, 'GB': True, 'GC': True, 'GD': True, 'GE': True, 'GF': True, 'GH': True}",replay,True,True,False,False,2026-03-02T10:17:00+00:00,2026-03-02T10:17:00.943296+00:00,0.1.0,,4104.0,0.016015655517578126,0.033600000000000005,,,,,,,,1.0,,,,,1.0,,,1.0,0.0,0.0,,,,1.4845536,29.921071978461384,0.8199029117816545
ideal_e1_h2_vqe_B4_cad2_seed137,h2_vqe,embedded_same_family_active_space,ideal,e1,137,,B4,cadence_sweep,full_contract,parallel_fs,parallel_fs,,0.0,2,12,"{'G0': True, 'GA': True, 'GB': True, 'GC': True, 'GD': True, 'GE': True, 'GF': True, 'GH': True}",replay,True,True,False,False,2026-03-04T02:59:32+00:00,2026-03-04T02:59:32.943296+00:00,0.1.0,,4104.0,0.016015655517578126,0.033600000000000005,,,,,,,,1.0,,,,,1.0,,,1.0,0.0,0.0,,,,1.4845536,29.921071978461384,0.8199029117816545
ideal_e1_h2_vqe_B4_cad2_seed149,h2_vqe,embedded_same_family_active_space,ideal,e1,149,,B4,cadence_sweep,full_contract,parallel_fs,parallel_fs,,0.0,2,12,"{'G0': True, 'GA': True, 'GB': True, 'GC': True, 'GD': True, 'GE': True, 'GF': True, 'GH': True}",replay,True,True,False,False,2026-03-08T14:41:00+00:00,2026-03-08T14:41:00.943296+00:00,0.1.0,,4104.0,0.016015655517578126,0.033600000000000005,,,,,,,,1.0,,,,,1.0,,,1.0,0.0,0.0,,,,1.4845536,29.921071978461384,0.8199029117816545
ideal_e1_h2_vqe_B4_cad2_seed157,h2_vqe,embedded_same_family_active_space,ideal,e1,157,,B4,cadence_sweep,full_contract,parallel_fs,parallel_fs,,0.0,2,12,"{'G0': True, 'GA': True, 'GB': True, 'GC': True, 'GD': True, 'GE': True, 'GF': True, 'GH': True}",replay,True,True,False,False,2026-03-20T07:16:09+00:00,2026-03-20T07:16:09.943296+00:00,0.1.0,,4104.0,0.016015655517578126,0.033600000000000005,,,,,,,,1.0,,,,,1.0,,,1.0,0.0,0.0,,,,1.4845536,29.921071978461384,0.8199029117816545
ideal_e1_h2_vqe_B4_cad2_seed163,h2_vqe,embedded_same_family_active_space,ideal,e1,163,,B4,cadence_sweep,full_contract,parallel_fs,parallel_fs,,0.0,2,12,"{'G0': True, 'GA': True, 'GB': True, 'GC': True, 'GD': True, 'GE': True, 'GF': True, 'GH': True}",replay,True,True,False,False,2026-03-30T04:20:56+00:00,2026-03-30T04:20:56.943296+00:00,0.1.0,,4104.0,0.016015655517578126,0.033600000000000005,,,,,,,,1.0,,,,,1.0,,,1.0,0.0,0.0,,,,1.4845536,29.921071978461384,0.8199029117816545
ideal_e1_h2_vqe_B4_cad4_seed11,h2_vqe,embedded_same_family_active_space,ideal,e1,11,,B4,cadence_sweep,full_contract,parallel_fs,parallel_fs,,0.0,4,12,"{'G0': True, 'GA': True, 'GB': True, 'GC': True, 'GD': True, 'GE': True, 'GF': True, 'GH': True}",replay,True,True,False,False,2026-03-21T03:29:04+00:00,2026-03-21T03:29:04.943296+00:00,0.1.0,,4122.0,0.016015724182128908,0.033600000000000005,,,,,,,,1.0,,,,,1.0,,,1.0,0.0,0.0,,,,8.528841600000002,171.89795655692566,0.42814549557649084
ideal_e1_h2_vqe_B4_cad4_seed17,h2_vqe,embedded_same_family_active_space,ideal,e1,17,,B4,cadence_sweep,full_contract,parallel_fs,parallel_fs,,0.0,4,12,"{'G0': True, 'GA': True, 'GB': True, 'GC': True, 'GD': True, 'GE': True, 'GF': True, 'GH': True}",replay,True,True,False,False,2026-03-24T09:43:58+00:00,2026-03-24T09:43:58.943296+00:00,0.1.0,,4122.0,0.016015724182128908,0.033600000000000005,,,,,,,,1.0,,,,,1.0,,,1.0,0.0,0.0,,,,8.528841600000002,171.89795655692566,0.42814549557649084
ideal_e1_h2_vqe_B4_cad4_seed23,h2_vqe,embedded_same_family_active_space,ideal,e1,23,,B4,cadence_sweep,full_contract,parallel_fs,parallel_fs,,0.0,4,12,"{'G0': True, 'GA': True, 'GB': True, 'GC': True, 'GD': True, 'GE': True, 'GF': True, 'GH': True}",replay,True,True,False,False,2026-03-17T03:06:35+00:00,2026-03-17T03:06:35.943296+00:00,0.1.0,,4122.0,0.016015724182128908,0.033600000000000005,,,,,,,,1.0,,,,,1.0,,,1.0,0.0,0.0,,,,8.528841600000002,171.89795655692566,0.42814549557649084
ideal_e1_h2_vqe_B4_cad4_seed31,h2_vqe,embedded_same_family_active_space,ideal,e1,31,,B4,cadence_sweep,full_contract,parallel_fs,parallel_fs,,0.0,4,12,"{'G0': True, 'GA': True, 'GB': True, 'GC': True, 'GD': True, 'GE': True, 'GF': True, 'GH': True}",replay,True,True,False,False,2026-03-01T19:17:02+00:00,2026-03-01T19:17:02.943296+00:00,0.1.0,,4122.0,0.016015724182128908,0.033600000000000005,,,,,,,,1.0,,,,,1.0,,,1.0,0.0,0.0,,,,8.528841600000002,171.89795655692566,0.42814549557649084
ideal_e1_h2_vqe_B4_cad4_seed43,h2_vqe,embedded_same_family_active_space,ideal,e1,43,,B4,cadence_sweep,full_contract,parallel_fs,parallel_fs,,0.0,4,12,"{'G0': True, 'GA': True, 'GB': True, 'GC': True, 'GD': True, 'GE': True, 'GF': True, 'GH': True}",replay,True,True,False,False,2026-03-26T09:25:17+00:00,2026-03-26T09:25:17.943296+00:00,0.1.0,,4122.0,0.016015724182128908,0.033600000000000005,,,,,,,,1.0,,,,,1.0,,,1.0,0.0,0.0,,,,8.528841600000002,171.89795655692566,0.42814549557649084
ideal_e1_h2_vqe_B4_cad4_seed59,h2_vqe,embedded_same_family_active_space,ideal,e1,59,,B4,cadence_sweep,full_contract,parallel_fs,parallel_fs,,0.0,4,12,"{'G0': True, 'GA': True, 'GB': True, 'GC': True, 'GD': True, 'GE': True, 'GF': True, 'GH': True}",replay,True,True,False,False,2026-03-19T03:12:48+00:00,2026-03-19T03:12:48.943296+00:00,0.1.0,,4122.0,0.016015724182128908,0.033600000000000005,,,,,,,,1.0,,,,,1.0,,,1.0,0.0,0.0,,,,8.528841600000002,171.89795655692566,0.42814549557649084
ideal_e1_h2_vqe_B4_cad4_seed71,h2_vqe,embedded_same_family_active_space,ideal,e1,71,,B4,cadence_sweep,full_contract,parallel_fs,parallel_fs,,0.0,4,12,"{'G0': True, 'GA': True, 'GB': True, 'GC': True, 'GD': True, 'GE': True, 'GF': True, 'GH': True}",replay,True,True,False,False,2026-03-09T00:38:57+00:00,2026-03-09T00:38:57.943296+00:00,0.1.0,,4122.0,0.016015724182128908,0.033600000000000005,,,,,,,,1.0,,,,,1.0,,,1.0,0.0,0.0,,,,8.528841600000002,171.89795655692566,0.42814549557649084
ideal_e1_h2_vqe_B4_cad4_seed83,h2_vqe,embedded_same_family_active_space,ideal,e1,83,,B4,cadence_sweep,full_contract,parallel_fs,parallel_fs,,0.0,4,12,"{'G0': True, 'GA': True, 'GB': True, 'GC': True, 'GD': True, 'GE': True, 'GF': True, 'GH': True}",replay,True,True,False,False,2026-03-23T13:05:28+00:00,2026-03-23T13:05:28.943296+00:00,0.1.0,,4122.0,0.016015724182128908,0.033600000000000005,,,,,,,,1.0,,,,,1.0,,,1.0,0.0,0.0,,,,8.528841600000002,171.89795655692566,0.42814549557649084
ideal_e1_h2_vqe_B4_cad4_seed97,h2_vqe,embedded_same_family_active_space,ideal,e1,97,,B4,cadence_sweep,full_contract,parallel_fs,parallel_fs,,0.0,4,12,"{'G0': True, 'GA': True, 'GB': True, 'GC': True, 'GD': True, 'GE': True, 'GF': True, 'GH': True}",replay,True,True,False,False,2026-03-06T23:52:54+00:00,2026-03-06T23:52:54.943296+00:00,0.1.0,,4122.0,0.016015724182128908,0.033600000000000005,,,,,,,,1.0,,,,,1.0,,,1.0,0.0,0.0,,,,8.528841600000002,171.89795655692566,0.42814549557649084
ideal_e1_h2_vqe_B4_cad4_seed101,h2_vqe,embedded_same_family_active_space,ideal,e1,101,,B4,cadence_sweep,full_contract,parallel_fs,parallel_fs,,0.0,4,12,"{'G0': True, 'GA': True, 'GB': True, 'GC': True, 'GD': True, 'GE': True, 'GF': True, 'GH': True}",replay,True,True,False,False,2026-03-16T03:23:18+00:00,2026-03-16T03:23:18.943296+00:00,0.1.0,,4122.0,0.016015724182128908,0.033600000000000005,,,,,,,,1.0,,,,,1.0,,,1.0,0.0,0.0,,,,8.528841600000002,171.89795655692566,0.42814549557649084
ideal_e1_h2_vqe_B4_cad4_seed107,h2_vqe,embedded_same_family_active_space,ideal,e1,107,,B4,cadence_sweep,full_contract,parallel_fs,parallel_fs,,0.0,4,12,"{'G0': True, 'GA': True, 'GB': True, 'GC': True, 'GD': True, 'GE': True, 'GF': True, 'GH': True}",replay,True,True,False,False,2026-03-14T14:13:53+00:00,2026-03-14T14:13:53.943296+00:00,0.1.0,,4122.0,0.016015724182128908,0.033600000000000005,,,,,,,,1.0,,,,,1.0,,,1.0,0.0,0.0,,,,8.528841600000002,171.89795655692566,0.42814549557649084
ideal_e1_h2_vqe_B4_cad4_seed113,h2_vqe,embedded_same_family_active_space,ideal,e1,113,,B4,cadence_sweep,full_contract,parallel_fs,parallel_fs,,0.0,4,12,"{'G0': True, 'GA': True, 'GB': True, 'GC': True, 'GD': True, 'GE': True, 'GF': True, 'GH': True}",replay,True,True,False,False,2026-03-05T17:29:08+00:00,2026-03-05T17:29:08.943296+00:00,0.1.0,,4122.0,0.016015724182128908,0.033600000000000005,,,,,,,,1.0,,,,,1.0,,,1.0,0.0,0.0,,,,8.528841600000002,171.89795655692566,0.42814549557649084
ideal_e1_h2_vqe_B4_cad4_seed127,h2_vqe,embedded_same_family_active_space,ideal,e1,127,,B4,cadence_sweep,full_contract,parallel_fs,parallel_fs,,0.0,4,12,"{'G0': True, 'GA': True, 'GB': True, 'GC': True, 'GD': True, 'GE': True, 'GF': True, 'GH': True}",replay,True,True,False,False,2026-03-27T12:56:05+00:00,2026-03-27T12:56:05.943296+00:00,0.1.0,,4122.0,0.016015724182128908,0.033600000000000005,,,,,,,,1.0,,,,,1.0,,,1.0,0.0,0.0,,,,8.528841600000002,171.89795655692566,0.42814549557649084
ideal_e1_h2_vqe_B4_cad4_seed131,h2_vqe,embedded_same_family_active_space,ideal,e1,131,,B4,cadence_sweep,full_contract,parallel_fs,parallel_fs,,0.0,4,12,"{'G0': True, 'GA': True, 'GB': True, 'GC': True, 'GD': True, 'GE': True, 'GF': True, 'GH': True}",replay,True,True,False,False,2026-03-02T17:33:17+00:00,2026-03-02T17:33:17.943296+00:00,0.1.0,,4122.0,0.016015724182128908,0.033600000000000005,,,,,,,,1.0,,,,,1.0,,,1.0,0.0,0.0,,,,8.528841600000002,171.89795655692566,0.42814549557649084
ideal_e1_h2_vqe_B4_cad4_seed137,h2_vqe,embedded_same_family_active_space,ideal,e1,137,,B4,cadence_sweep,full_contract,parallel_fs,parallel_fs,,0.0,4,12,"{'G0': True, 'GA': True, 'GB': True, 'GC': True, 'GD': True, 'GE': True, 'GF': True, 'GH': True}",replay,True,True,False,False,2026-03-26T11:12:20+00:00,2026-03-26T11:12:20.943296+00:00,0.1.0,,4122.0,0.016015724182128908,0.033600000000000005,,,,,,,,1.0,,,,,1.0,,,1.0,0.0,0.0,,,,8.528841600000002,171.89795655692566,0.42814549557649084
ideal_e1_h2_vqe_B4_cad4_seed149,h2_vqe,embedded_same_family_active_space,ideal,e1,149,,B4,cadence_sweep,full_contract,parallel_fs,parallel_fs,,0.0,4,12,"{'G0': True, 'GA': True, 'GB': True, 'GC': True, 'GD': True, 'GE': True, 'GF': True, 'GH': True}",replay,True,True,False,False,2026-03-04T04:38:13+00:00,2026-03-04T04:38:13.943296+00:00,0.1.0,,4122.0,0.016015724182128908,0.033600000000000005,,,,,,,,1.0,,,,,1.0,,,1.0,0.0,0.0,,,,8.528841600000002,171.89795655692566,0.42814549557649084
ideal_e1_h2_vqe_B4_cad4_seed157,h2_vqe,embedded_same_family_active_space,ideal,e1,157,,B4,cadence_sweep,full_contract,parallel_fs,parallel_fs,,0.0,4,12,"{'G0': True, 'GA': True, 'GB': True, 'GC': True, 'GD': True, 'GE': True, 'GF': True, 'GH': True}",replay,True,True,False,False,2026-03-06T01:38:31+00:00,2026-03-06T01:38:31.943296+00:00,0.1.0,,4122.0,0.016015724182128908,0.033600000000000005,,,,,,,,1.0,,,,,1.0,,,1.0,0.0,0.0,,,,8.528841600000002,171.89795655692566,0.42814549557649084
ideal_e1_h2_vqe_B4_cad4_seed163,h2_vqe,embedded_same_family_active_space,ideal,e1,163,,B4,cadence_sweep,full_contract,parallel_fs,parallel_fs,,0.0,4,12,"{'G0': True, 'GA': True, 'GB': True, 'GC': True, 'GD': True, 'GE': True, 'GF': True, 'GH': True}",replay,True,True,False,False,2026-03-20T20:41:48+00:00,2026-03-20T20:41:48.943296+00:00,0.1.0,,4122.0,0.016015724182128908,0.033600000000000005,,,,,,,,1.0,,,,,1.0,,,1.0,0.0,0.0,,,,8.528841600000002,171.89795655692566,0.42814549557649084
ideal_e1_h2_vqe_B4_cad8_seed11,h2_vqe,embedded_same_family_active_space,ideal,e1,11,,B4,cadence_sweep,full_contract,parallel_fs,parallel_fs,,0.0,8,12,"{'G0': True, 'GA': True, 'GB': True, 'GC': True, 'GD': True, 'GE': True, 'GF': True, 'GH': True}",replay,True,True,False,False,2026-03-07T14:47:28+00:00,2026-03-07T14:47:28.943296+00:00,0.1.0,,4158.0,0.01601586151123047,0.033600000000000005,,,,,,,,1.0,,,,,1.0,,,1.0,0.0,0.0,,,,38.9181408,784.3890968453898,0.21893230634425914
ideal_e1_h2_vqe_B4_cad8_seed17,h2_vqe,embedded_same_family_active_space,ideal,e1,17,,B4,cadence_sweep,full_contract,parallel_fs,parallel_fs,,0.0,8,12,"{'G0': True, 'GA': True, 'GB': True, 'GC': True, 'GD': True, 'GE': True, 'GF': True, 'GH': True}",replay,True,True,False,False,2026-03-14T12:46:41+00:00,2026-03-14T12:46:41.943296+00:00,0.1.0,,4158.0,0.01601586151123047,0.033600000000000005,,,,,,,,1.0,,,,,1.0,,,1.0,0.0,0.0,,,,38.9181408,784.3890968453898,0.21893230634425914
ideal_e1_h2_vqe_B4_cad8_seed23,h2_vqe,embedded_same_family_active_space,ideal,e1,23,,B4,cadence_sweep,full_contract,parallel_fs,parallel_fs,,0.0,8,12,"{'G0': True, 'GA': True, 'GB': True, 'GC': True, 'GD': True, 'GE': True, 'GF': True, 'GH': True}",replay,True,True,False,False,2026-03-24T01:30:13+00:00,2026-03-24T01:30:13.943296+00:00,0.1.0,,4158.0,0.01601586151123047,0.033600000000000005,,,,,,,,1.0,,,,,1.0,,,1.0,0.0,0.0,,,,38.9181408,784.3890968453898,0.21893230634425914
ideal_e1_h2_vqe_B4_cad8_seed31,h2_vqe,embedded_same_family_active_space,ideal,e1,31,,B4,cadence_sweep,full_contract,parallel_fs,parallel_fs,,0.0,8,12,"{'G0': True, 'GA': True, 'GB': True, 'GC': True, 'GD': True, 'GE': True, 'GF': True, 'GH': True}",replay,True,True,False,False,2026-03-12T03:47:09+00:00,2026-03-12T03:47:09.943296+00:00,0.1.0,,4158.0,0.01601586151123047,0.033600000000000005,,,,,,,,1.0,,,,,1.0,,,1.0,0.0,0.0,,,,38.9181408,784.3890968453898,0.21893230634425914
ideal_e1_h2_vqe_B4_cad8_seed43,h2_vqe,embedded_same_family_active_space,ideal,e1,43,,B4,cadence_sweep,full_contract,parallel_fs,parallel_fs,,0.0,8,12,"{'G0': True, 'GA': True, 'GB': True, 'GC': True, 'GD': True, 'GE': True, 'GF': True, 'GH': True}",replay,True,True,False,False,2026-03-24T16:23:42+00:00,2026-03-24T16:23:42.943296+00:00,0.1.0,,4158.0,0.01601586151123047,0.033600000000000005,,,,,,,,1.0,,,,,1.0,,,1.0,0.0,0.0,,,,38.9181408,784.3890968453898,0.21893230634425914
ideal_e1_h2_vqe_B4_cad8_seed59,h2_vqe,embedded_same_family_active_space,ideal,e1,59,,B4,cadence_sweep,full_contract,parallel_fs,parallel_fs,,0.0,8,12,"{'G0': True, 'GA': True, 'GB': True, 'GC': True, 'GD': True, 'GE': True, 'GF': True, 'GH': True}",replay,True,True,False,False,2026-03-15T22:32:01+00:00,2026-03-15T22:32:01.943296+00:00,0.1.0,,4158.0,0.01601586151123047,0.033600000000000005,,,,,,,,1.0,,,,,1.0,,,1.0,0.0,0.0,,,,38.9181408,784.3890968453898,0.21893230634425914
ideal_e1_h2_vqe_B4_cad8_seed71,h2_vqe,embedded_same_family_active_space,ideal,e1,71,,B4,cadence_sweep,full_contract,parallel_fs,parallel_fs,,0.0,8,12,"{'G0': True, 'GA': True, 'GB': True, 'GC': True, 'GD': True, 'GE': True, 'GF': True, 'GH': True}",replay,True,True,False,False,2026-03-20T14:24:37+00:00,2026-03-20T14:24:37.943296+00:00,0.1.0,,4158.0,0.01601586151123047,0.033600000000000005,,,,,,,,1.0,,,,,1.0,,,1.0,0.0,0.0,,,,38.9181408,784.3890968453898,0.21893230634425914
ideal_e1_h2_vqe_B4_cad8_seed83,h2_vqe,embedded_same_family_active_space,ideal,e1,83,,B4,cadence_sweep,full_contract,parallel_fs,parallel_fs,,0.0,8,12,"{'G0': True, 'GA': True, 'GB': True, 'GC': True, 'GD': True, 'GE': True, 'GF': True, 'GH': True}",replay,True,True,False,False,2026-03-21T01:20:01+00:00,2026-03-21T01:20:01.943296+00:00,0.1.0,,4158.0,0.01601586151123047,0.033600000000000005,,,,,,,,1.0,,,,,1.0,,,1.0,0.0,0.0,,,,38.9181408,784.3890968453898,0.21893230634425914
ideal_e1_h2_vqe_B4_cad8_seed97,h2_vqe,embedded_same_family_active_space,ideal,e1,97,,B4,cadence_sweep,full_contract,parallel_fs,parallel_fs,,0.0,8,12,"{'G0': True, 'GA': True, 'GB': True, 'GC': True, 'GD': True, 'GE': True, 'GF': True, 'GH': True}",replay,True,True,False,False,2026-03-02T17:39:27+00:00,2026-03-02T17:39:27.943296+00:00,0.1.0,,4158.0,0.01601586151123047,0.033600000000000005,,,,,,,,1.0,,,,,1.0,,,1.0,0.0,0.0,,,,38.9181408,784.3890968453898,0.21893230634425914
ideal_e1_h2_vqe_B4_cad8_seed101,h2_vqe,embedded_same_family_active_space,ideal,e1,101,,B4,cadence_sweep,full_contract,parallel_fs,parallel_fs,,0.0,8,12,"{'G0': True, 'GA': True, 'GB': True, 'GC': True, 'GD': True, 'GE': True, 'GF': True, 'GH': True}",replay,True,True,False,False,2026-03-11T19:22:27+00:00,2026-03-11T19:22:27.943296+00:00,0.1.0,,4158.0,0.01601586151123047,0.033600000000000005,,,,,,,,1.0,,,,,1.0,,,1.0,0.0,0.0,,,,38.9181408,784.3890968453898,0.21893230634425914
ideal_e1_h2_vqe_B4_cad8_seed107,h2_vqe,embedded_same_family_active_space,ideal,e1,107,,B4,cadence_sweep,full_contract,parallel_fs,parallel_fs,,0.0,8,12,"{'G0': True, 'GA': True, 'GB': True, 'GC': True, 'GD': True, 'GE': True, 'GF': True, 'GH': True}",replay,True,True,False,False,2026-03-16T20:26:39+00:00,2026-03-16T20:26:39.943296+00:00,0.1.0,,4158.0,0.01601586151123047,0.033600000000000005,,,,,,,,1.0,,,,,1.0,,,1.0,0.0,0.0,,,,38.9181408,784.3890968453898,0.21893230634425914
ideal_e1_h2_vqe_B4_cad8_seed113,h2_vqe,embedded_same_family_active_space,ideal,e1,113,,B4,cadence_sweep,full_contract,parallel_fs,parallel_fs,,0.0,8,12,"{'G0': True, 'GA': True, 'GB': True, 'GC': True, 'GD': True, 'GE': True, 'GF': True, 'GH': True}",replay,True,True,False,False,2026-03-14T22:18:18+00:00,2026-03-14T22:18:18.943296+00:00,0.1.0,,4158.0,0.01601586151123047,0.033600000000000005,,,,,,,,1.0,,,,,1.0,,,1.0,0.0,0.0,,,,38.9181408,784.3890968453898,0.21893230634425914
ideal_e1_h2_vqe_B4_cad8_seed127,h2_vqe,embedded_same_family_active_space,ideal,e1,127,,B4,cadence_sweep,full_contract,parallel_fs,parallel_fs,,0.0,8,12,"{'G0': True, 'GA': True, 'GB': True, 'GC': True, 'GD': True, 'GE': True, 'GF': True, 'GH': True}",replay,True,True,False,False,2026-03-02T21:25:03+00:00,2026-03-02T21:25:03.943296+00:00,0.1.0,,4158.0,0.01601586151123047,0.033600000000000005,,,,,,,,1.0,,,,,1.0,,,1.0,0.0,0.0,,,,38.9181408,784.3890968453898,0.21893230634425914
ideal_e1_h2_vqe_B4_cad8_seed131,h2_vqe,embedded_same_family_active_space,ideal,e1,131,,B4,cadence_sweep,full_contract,parallel_fs,parallel_fs,,0.0,8,12,"{'G0': True, 'GA': True, 'GB': True, 'GC': True, 'GD': True, 'GE': True, 'GF': True, 'GH': True}",replay,True,True,False,False,2026-03-03T05:20:35+00:00,2026-03-03T05:20:35.943296+00:00,0.1.0,,4158.0,0.01601586151123047,0.033600000000000005,,,,,,,,1.0,,,,,1.0,,,1.0,0.0,0.0,,,,38.9181408,784.3890968453898,0.21893230634425914
ideal_e1_h2_vqe_B4_cad8_seed137,h2_vqe,embedded_same_family_active_space,ideal,e1,137,,B4,cadence_sweep,full_contract,parallel_fs,parallel_fs,,0.0,8,12,"{'G0': True, 'GA': True, 'GB': True, 'GC': True, 'GD': True, 'GE': True, 'GF': True, 'GH': True}",replay,True,True,False,False,2026-03-15T10:54:18+00:00,2026-03-15T10:54:18.943296+00:00,0.1.0,,4158.0,0.01601586151123047,0.033600000000000005,,,,,,,,1.0,,,,,1.0,,,1.0,0.0,0.0,,,,38.9181408,784.3890968453898,0.21893230634425914
ideal_e1_h2_vqe_B4_cad8_seed149,h2_vqe,embedded_same_family_active_space,ideal,e1,149,,B4,cadence_sweep,full_contract,parallel_fs,parallel_fs,,0.0,8,12,"{'G0': True, 'GA': True, 'GB': True, 'GC': True, 'GD': True, 'GE': True, 'GF': True, 'GH': True}",replay,True,True,False,False,2026-03-28T02:47:11+00:00,2026-03-28T02:47:11.943296+00:00,0.1.0,,4158.0,0.01601586151123047,0.033600000000000005,,,,,,,,1.0,,,,,1.0,,,1.0,0.0,0.0,,,,38.9181408,784.3890968453898,0.21893230634425914
ideal_e1_h2_vqe_B4_cad8_seed157,h2_vqe,embedded_same_family_active_space,ideal,e1,157,,B4,cadence_sweep,full_contract,parallel_fs,parallel_fs,,0.0,8,12,"{'G0': True, 'GA': True, 'GB': True, 'GC': True, 'GD': True, 'GE': True, 'GF': True, 'GH': True}",replay,True,True,False,False,2026-03-24T01:14:59+00:00,2026-03-24T01:14:59.943296+00:00,0.1.0,,4158.0,0.01601586151123047,0.033600000000000005,,,,,,,,1.0,,,,,1.0,,,1.0,0.0,0.0,,,,38.9181408,784.3890968453898,0.21893230634425914
ideal_e1_h2_vqe_B4_cad8_seed163,h2_vqe,embedded_same_family_active_space,ideal,e1,163,,B4,cadence_sweep,full_contract,parallel_fs,parallel_fs,,0.0,8,12,"{'G0': True, 'GA': True, 'GB': True, 'GC': True, 'GD': True, 'GE': True, 'GF': True, 'GH': True}",replay,True,True,False,False,2026-03-08T07:33:19+00:00,2026-03-08T07:33:19.943296+00:00,0.1.0,,4158.0,0.01601586151123047,0.033600000000000005,,,,,,,,1.0,,,,,1.0,,,1.0,0.0,0.0,,,,38.9181408,784.3890968453898,0.21893230634425914
ideal_e1_h2_vqe_B4_cad16_seed11,h2_vqe,embedded_same_family_active_space,ideal,e1,11,,B4,cadence_sweep,full_contract,parallel_fs,parallel_fs,,0.0,16,12,"{'G0': True, 'GA': True, 'GB': True, 'GC': True, 'GD': True, 'GE': True, 'GF': True, 'GH': True}",replay,True,True,False,False,2026-03-03T19:51:38+00:00,2026-03-03T19:51:38.943296+00:00,0.1.0,,4230.0,0.016016136169433592,0.033600000000000005,,,,,,,,1.0,,,,,1.0,,,1.0,0.0,0.0,,,,164.89963200000003,3323.5081312435555,0.11072429338807921
ideal_e1_h2_vqe_B4_cad16_seed17,h2_vqe,embedded_same_family_active_space,ideal,e1,17,,B4,cadence_sweep,full_contract,parallel_fs,parallel_fs,,0.0,16,12,"{'G0': True, 'GA': True, 'GB': True, 'GC': True, 'GD': True, 'GE': True, 'GF': True, 'GH': True}",replay,True,True,False,False,2026-03-08T01:52:38+00:00,2026-03-08T01:52:38.943296+00:00,0.1.0,,4230.0,0.016016136169433592,0.033600000000000005,,,,,,,,1.0,,,,,1.0,,,1.0,0.0,0.0,,,,164.89963200000003,3323.5081312435555,0.11072429338807921
ideal_e1_h2_vqe_B4_cad16_seed23,h2_vqe,embedded_same_family_active_space,ideal,e1,23,,B4,cadence_sweep,full_contract,parallel_fs,parallel_fs,,0.0,16,12,"{'G0': True, 'GA': True, 'GB': True, 'GC': True, 'GD': True, 'GE': True, 'GF': True, 'GH': True}",replay,True,True,False,False,2026-03-20T13:55:00+00:00,2026-03-20T13:55:00.943296+00:00,0.1.0,,4230.0,0.016016136169433592,0.033600000000000005,,,,,,,,1.0,,,,,1.0,,,1.0,0.0,0.0,,,,164.89963200000003,3323.5081312435555,0.11072429338807921
ideal_e1_h2_vqe_B4_cad16_seed31,h2_vqe,embedded_same_family_active_space,ideal,e1,31,,B4,cadence_sweep,full_contract,parallel_fs,parallel_fs,,0.0,16,12,"{'G0': True, 'GA': True, 'GB': True, 'GC': True, 'GD': True, 'GE': True, 'GF': True, 'GH': True}",replay,True,True,False,False,2026-03-08T00:45:25+00:00,2026-03-08T00:45:25.943296+00:00,0.1.0,,4230.0,0.016016136169433592,0.033600000000000005,,,,,,,,1.0,,,,,1.0,,,1.0,0.0,0.0,,,,164.89963200000003,3323.5081312435555,0.11072429338807921
ideal_e1_h2_vqe_B4_cad16_seed43,h2_vqe,embedded_same_family_active_space,ideal,e1,43,,B4,cadence_sweep,full_contract,parallel_fs,parallel_fs,,0.0,16,12,"{'G0': True, 'GA': True, 'GB': True, 'GC': True, 'GD': True, 'GE': True, 'GF': True, 'GH': True}",replay,True,True,False,False,2026-03-29T15:08:58+00:00,2026-03-29T15:08:58.943296+00:00,0.1.0,,4230.0,0.016016136169433592,0.033600000000000005,,,,,,,,1.0,,,,,1.0,,,1.0,0.0,0.0,,,,164.89963200000003,3323.5081312435555,0.11072429338807921
ideal_e1_h2_vqe_B4_cad16_seed59,h2_vqe,embedded_same_family_active_space,ideal,e1,59,,B4,cadence_sweep,full_contract,parallel_fs,parallel_fs,,0.0,16,12,"{'G0': True, 'GA': True, 'GB': True, 'GC': True, 'GD': True, 'GE': True, 'GF': True, 'GH': True}",replay,True,True,False,False,2026-03-18T13:42:08+00:00,2026-03-18T13:42:08.943296+00:00,0.1.0,,4230.0,0.016016136169433592,0.033600000000000005,,,,,,,,1.0,,,,,1.0,,,1.0,0.0,0.0,,,,164.89963200000003,3323.5081312435555,0.11072429338807921
ideal_e1_h2_vqe_B4_cad16_seed71,h2_vqe,embedded_same_family_active_space,ideal,e1,71,,B4,cadence_sweep,full_contract,parallel_fs,parallel_fs,,0.0,16,12,"{'G0': True, 'GA': True, 'GB': True, 'GC': True, 'GD': True, 'GE': True, 'GF': True, 'GH': True}",replay,True,True,False,False,2026-03-03T15:28:57+00:00,2026-03-03T15:28:57.943296+00:00,0.1.0,,4230.0,0.016016136169433592,0.033600000000000005,,,,,,,,1.0,,,,,1.0,,,1.0,0.0,0.0,,,,164.89963200000003,3323.5081312435555,0.11072429338807921
ideal_e1_h2_vqe_B4_cad16_seed83,h2_vqe,embedded_same_family_active_space,ideal,e1,83,,B4,cadence_sweep,full_contract,parallel_fs,parallel_fs,,0.0,16,12,"{'G0': True, 'GA': True, 'GB': True, 'GC': True, 'GD': True, 'GE': True, 'GF': True, 'GH': True}",replay,True,True,False,False,2026-03-23T12:29:05+00:00,2026-03-23T12:29:05.943296+00:00,0.1.0,,4230.0,0.016016136169433592,0.033600000000000005,,,,,,,,1.0,,,,,1.0,,,1.0,0.0,0.0,,,,164.89963200000003,3323.5081312435555,0.11072429338807921
ideal_e1_h2_vqe_B4_cad16_seed97,h2_vqe,embedded_same_family_active_space,ideal,e1,97,,B4,cadence_sweep,full_contract,parallel_fs,parallel_fs,,0.0,16,12,"{'G0': True, 'GA': True, 'GB': True, 'GC': True, 'GD': True, 'GE': True, 'GF': True, 'GH': True}",replay,True,True,False,False,2026-03-24T02:53:49+00:00,2026-03-24T02:53:49.943296+00:00,0.1.0,,4230.0,0.016016136169433592,0.033600000000000005,,,,,,,,1.0,,,,,1.0,,,1.0,0.0,0.0,,,,164.89963200000003,3323.5081312435555,0.11072429338807921
ideal_e1_h2_vqe_B4_cad16_seed101,h2_vqe,embedded_same_family_active_space,ideal,e1,101,,B4,cadence_sweep,full_contract,parallel_fs,parallel_fs,,0.0,16,12,"{'G0': True, 'GA': True, 'GB': True, 'GC': True, 'GD': True, 'GE': True, 'GF': True, 'GH': True}",replay,True,True,False,False,2026-03-06T01:50:12+00:00,2026-03-06T01:50:12.943296+00:00,0.1.0,,4230.0,0.016016136169433592,0.033600000000000005,,,,,,,,1.0,,,,,1.0,,,1.0,0.0,0.0,,,,164.89963200000003,3323.5081312435555,0.11072429338807921
ideal_e1_h2_vqe_B4_cad16_seed107,h2_vqe,embedded_same_family_active_space,ideal,e1,107,,B4,cadence_sweep,full_contract,parallel_fs,parallel_fs,,0.0,16,12,"{'G0': True, 'GA': True, 'GB': True, 'GC': True, 'GD': True, 'GE': True, 'GF': True, 'GH': True}",replay,True,True,False,False,2026-03-11T14:02:45+00:00,2026-03-11T14:02:45.943296+00:00,0.1.0,,4230.0,0.016016136169433592,0.033600000000000005,,,,,,,,1.0,,,,,1.0,,,1.0,0.0,0.0,,,,164.89963200000003,3323.5081312435555,0.11072429338807921
ideal_e1_h2_vqe_B4_cad16_seed113,h2_vqe,embedded_same_family_active_space,ideal,e1,113,,B4,cadence_sweep,full_contract,parallel_fs,parallel_fs,,0.0,16,12,"{'G0': True, 'GA': True, 'GB': True, 'GC': True, 'GD': True, 'GE': True, 'GF': True, 'GH': True}",replay,True,True,False,False,2026-03-20T16:27:24+00:00,2026-03-20T16:27:24.943296+00:00,0.1.0,,4230.0,0.016016136169433592,0.033600000000000005,,,,,,,,1.0,,,,,1.0,,,1.0,0.0,0.0,,,,164.89963200000003,3323.5081312435555,0.11072429338807921
ideal_e1_h2_vqe_B4_cad16_seed127,h2_vqe,embedded_same_family_active_space,ideal,e1,127,,B4,cadence_sweep,full_contract,parallel_fs,parallel_fs,,0.0,16,12,"{'G0': True, 'GA': True, 'GB': True, 'GC': True, 'GD': True, 'GE': True, 'GF': True, 'GH': True}",replay,True,True,False,False,2026-03-14T23:40:15+00:00,2026-03-14T23:40:15.943296+00:00,0.1.0,,4230.0,0.016016136169433592,0.033600000000000005,,,,,,,,1.0,,,,,1.0,,,1.0,0.0,0.0,,,,164.89963200000003,3323.5081312435555,0.11072429338807921
ideal_e1_h2_vqe_B4_cad16_seed131,h2_vqe,embedded_same_family_active_space,ideal,e1,131,,B4,cadence_sweep,full_contract,parallel_fs,parallel_fs,,0.0,16,12,"{'G0': True, 'GA': True, 'GB': True, 'GC': True, 'GD': True, 'GE': True, 'GF': True, 'GH': True}",replay,True,True,False,False,2026-03-11T16:54:32+00:00,2026-03-11T16:54:32.943296+00:00,0.1.0,,4230.0,0.016016136169433592,0.033600000000000005,,,,,,,,1.0,,,,,1.0,,,1.0,0.0,0.0,,,,164.89963200000003,3323.5081312435555,0.11072429338807921
ideal_e1_h2_vqe_B4_cad16_seed137,h2_vqe,embedded_same_family_active_space,ideal,e1,137,,B4,cadence_sweep,full_contract,parallel_fs,parallel_fs,,0.0,16,12,"{'G0': True, 'GA': True, 'GB': True, 'GC': True, 'GD': True, 'GE': True, 'GF': True, 'GH': True}",replay,True,True,False,False,2026-03-08T07:21:24+00:00,2026-03-08T07:21:24.943296+00:00,0.1.0,,4230.0,0.016016136169433592,0.033600000000000005,,,,,,,,1.0,,,,,1.0,,,1.0,0.0,0.0,,,,164.89963200000003,3323.5081312435555,0.11072429338807921
ideal_e1_h2_vqe_B4_cad16_seed149,h2_vqe,embedded_same_family_active_space,ideal,e1,149,,B4,cadence_sweep,full_contract,parallel_fs,parallel_fs,,0.0,16,12,"{'G0': True, 'GA': True, 'GB': True, 'GC': True, 'GD': True, 'GE': True, 'GF': True, 'GH': True}",replay,True,True,False,False,2026-03-01T08:34:57+00:00,2026-03-01T08:34:57.943296+00:00,0.1.0,,4230.0,0.016016136169433592,0.033600000000000005,,,,,,,,1.0,,,,,1.0,,,1.0,0.0,0.0,,,,164.89963200000003,3323.5081312435555,0.11072429338807921
ideal_e1_h2_vqe_B4_cad16_seed157,h2_vqe,embedded_same_family_active_space,ideal,e1,157,,B4,cadence_sweep,full_contract,parallel_fs,parallel_fs,,0.0,16,12,"{'G0': True, 'GA': True, 'GB': True, 'GC': True, 'GD': True, 'GE': True, 'GF': True, 'GH': True}",replay,True,True,False,False,2026-03-06T13:21:49+00:00,2026-03-06T13:21:49.943296+00:00,0.1.0,,4230.0,0.016016136169433592,0.033600000000000005,,,,,,,,1.0,,,,,1.0,,,1.0,0.0,0.0,,,,164.89963200000003,3323.5081312435555,0.11072429338807921
ideal_e1_h2_vqe_B4_cad16_seed163,h2_vqe,embedded_same_family_active_space,ideal,e1,163,,B4,cadence_sweep,full_contract,parallel_fs,parallel_fs,,0.0,16,12,"{'G0': True, 'GA': True, 'GB': True, 'GC': True, 'GD': True, 'GE': True, 'GF': True, 'GH': True}",replay,True,True,False,False,2026-03-06T09:44:58+00:00,2026-03-06T09:44:58.943296+00:00,0.1.0,,4230.0,0.016016136169433592,0.033600000000000005,,,,,,,,1.0,,,,,1.0,,,1.0,0.0,0.0,,,,164.89963200000003,3323.5081312435555,0.11072429338807921
ideal_e1_h2_vqe_B5_cad1_seed11,h2_vqe,embedded_same_family_active_space,ideal,e1,11,,B5,cadence_sweep,full_contract,parallel_fs,parallel_fs,,0.0,1,12,"{'G0': True, 'GA': True, 'GB': True, 'GC': True, 'GD': True, 'GE': True, 'GF': True, 'GH': True}",replay,True,True,False,False,2026-03-02T02:58:18+00:00,2026-03-02T02:58:18.943296+00:00,0.1.0,,4137.0,0.01601578140258789,0.033600000000000005,,,,,,,,1.0,,,,,1.0,,,1.0,0.0,0.0,,,,0.3427333,6.907747702671947,1.06309782827894
ideal_e1_h2_vqe_B5_cad1_seed17,h2_vqe,embedded_same_family_active_space,ideal,e1,17,,B5,cadence_sweep,full_contract,parallel_fs,parallel_fs,,0.0,1,12,"{'G0': True, 'GA': True, 'GB': True, 'GC': True, 'GD': True, 'GE': True, 'GF': True, 'GH': True}",replay,True,True,False,False,2026-03-29T05:26:11+00:00,2026-03-29T05:26:11.943296+00:00,0.1.0,,4137.0,0.01601578140258789,0.033600000000000005,,,,,,,,1.0,,,,,1.0,,,1.0,0.0,0.0,,,,0.3427333,6.907747702671947,1.06309782827894
ideal_e1_h2_vqe_B5_cad1_seed23,h2_vqe,embedded_same_family_active_space,ideal,e1,23,,B5,cadence_sweep,full_contract,parallel_fs,parallel_fs,,0.0,1,12,"{'G0': True, 'GA': True, 'GB': True, 'GC': True, 'GD': True, 'GE': True, 'GF': True, 'GH': True}",replay,True,True,False,False,2026-03-20T18:54:53+00:00,2026-03-20T18:54:53.943296+00:00,0.1.0,,4137.0,0.01601578140258789,0.033600000000000005,,,,,,,,1.0,,,,,1.0,,,1.0,0.0,0.0,,,,0.3427333,6.907747702671947,1.06309782827894
ideal_e1_h2_vqe_B5_cad1_seed31,h2_vqe,embedded_same_family_active_space,ideal,e1,31,,B5,cadence_sweep,full_contract,parallel_fs,parallel_fs,,0.0,1,12,"{'G0': True, 'GA': True, 'GB': True, 'GC': True, 'GD': True, 'GE': True, 'GF': True, 'GH': True}",replay,True,True,False,False,2026-03-26T18:41:15+00:00,2026-03-26T18:41:15.943296+00:00,0.1.0,,4137.0,0.01601578140258789,0.033600000000000005,,,,,,,,1.0,,,,,1.0,,,1.0,0.0,0.0,,,,0.3427333,6.907747702671947,1.06309782827894
ideal_e1_h2_vqe_B5_cad1_seed43,h2_vqe,embedded_same_family_active_space,ideal,e1,43,,B5,cadence_sweep,full_contract,parallel_fs,parallel_fs,,0.0,1,12,"{'G0': True, 'GA': True, 'GB': True, 'GC': True, 'GD': True, 'GE': True, 'GF': True, 'GH': True}",replay,True,True,False,False,2026-03-22T08:39:36+00:00,2026-03-22T08:39:36.943296+00:00,0.1.0,,4137.0,0.01601578140258789,0.033600000000000005,,,,,,,,1.0,,,,,1.0,,,1.0,0.0,0.0,,,,0.3427333,6.907747702671947,1.06309782827894
ideal_e1_h2_vqe_B5_cad1_seed59,h2_vqe,embedded_same_family_active_space,ideal,e1,59,,B5,cadence_sweep,full_contract,parallel_fs,parallel_fs,,0.0,1,12,"{'G0': True, 'GA': True, 'GB': True, 'GC': True, 'GD': True, 'GE': True, 'GF': True, 'GH': True}",replay,True,True,False,False,2026-03-09T02:49:57+00:00,2026-03-09T02:49:57.943296+00:00,0.1.0,,4137.0,0.01601578140258789,0.033600000000000005,,,,,,,,1.0,,,,,1.0,,,1.0,0.0,0.0,,,,0.3427333,6.907747702671947,1.06309782827894
ideal_e1_h2_vqe_B5_cad1_seed71,h2_vqe,embedded_same_family_active_space,ideal,e1,71,,B5,cadence_sweep,full_contract,parallel_fs,parallel_fs,,0.0,1,12,"{'G0': True, 'GA': True, 'GB': True, 'GC': True, 'GD': True, 'GE': True, 'GF': True, 'GH': True}",replay,True,True,False,False,2026-03-03T13:40:05+00:00,2026-03-03T13:40:05.943296+00:00,0.1.0,,4137.0,0.01601578140258789,0.033600000000000005,,,,,,,,1.0,,,,,1.0,,,1.0,0.0,0.0,,,,0.3427333,6.907747702671947,1.06309782827894
ideal_e1_h2_vqe_B5_cad1_seed83,h2_vqe,embedded_same_family_active_space,ideal,e1,83,,B5,cadence_sweep,full_contract,parallel_fs,parallel_fs,,0.0,1,12,"{'G0': True, 'GA': True, 'GB': True, 'GC': True, 'GD': True, 'GE': True, 'GF': True, 'GH': True}",replay,True,True,False,False,2026-03-07T01:06:05+00:00,2026-03-07T01:06:05.943296+00:00,0.1.0,,4137.0,0.01601578140258789,0.033600000000000005,,,,,,,,1.0,,,,,1.0,,,1.0,0.0,0.0,,,,0.3427333,6.907747702671947,1.06309782827894
ideal_e1_h2_vqe_B5_cad1_seed97,h2_vqe,embedded_same_family_active_space,ideal,e1,97,,B5,cadence_sweep,full_contract,parallel_fs,parallel_fs,,0.0,1,12,"{'G0': True, 'GA': True, 'GB': True, 'GC': True, 'GD': True, 'GE': True, 'GF': True, 'GH': True}",replay,True,True,False,False,2026-03-12T06:36:58+00:00,2026-03-12T06:36:58.943296+00:00,0.1.0,,4137.0,0.01601578140258789,0.033600000000000005,,,,,,,,1.0,,,,,1.0,,,1.0,0.0,0.0,,,,0.3427333,6.907747702671947,1.06309782827894
ideal_e1_h2_vqe_B5_cad1_seed101,h2_vqe,embedded_same_family_active_space,ideal,e1,101,,B5,cadence_sweep,full_contract,parallel_fs,parallel_fs,,0.0,1,12,"{'G0': True, 'GA': True, 'GB': True, 'GC': True, 'GD': True, 'GE': True, 'GF': True, 'GH': True}",replay,True,True,False,False,2026-03-09T06:27:20+00:00,2026-03-09T06:27:20.943296+00:00,0.1.0,,4137.0,0.01601578140258789,0.033600000000000005,,,,,,,,1.0,,,,,1.0,,,1.0,0.0,0.0,,,,0.3427333,6.907747702671947,1.06309782827894
ideal_e1_h2_vqe_B5_cad1_seed107,h2_vqe,embedded_same_family_active_space,ideal,e1,107,,B5,cadence_sweep,full_contract,parallel_fs,parallel_fs,,0.0,1,12,"{'G0': True, 'GA': True, 'GB': True, 'GC': True, 'GD': True, 'GE': True, 'GF': True, 'GH': True}",replay,True,True,False,False,2026-03-22T09:49:28+00:00,2026-03-22T09:49:28.943296+00:00,0.1.0,,4137.0,0.01601578140258789,0.033600000000000005,,,,,,,,1.0,,,,,1.0,,,1.0,0.0,0.0,,,,0.3427333,6.907747702671947,1.06309782827894
ideal_e1_h2_vqe_B5_cad1_seed113,h2_vqe,embedded_same_family_active_space,ideal,e1,113,,B5,cadence_sweep,full_contract,parallel_fs,parallel_fs,,0.0,1,12,"{'G0': True, 'GA': True, 'GB': True, 'GC': True, 'GD': True, 'GE': True, 'GF': True, 'GH': True}",replay,True,True,False,False,2026-03-11T12:10:43+00:00,2026-03-11T12:10:43.943296+00:00,0.1.0,,4137.0,0.01601578140258789,0.033600000000000005,,,,,,,,1.0,,,,,1.0,,,1.0,0.0,0.0,,,,0.3427333,6.907747702671947,1.06309782827894
ideal_e1_h2_vqe_B5_cad1_seed127,h2_vqe,embedded_same_family_active_space,ideal,e1,127,,B5,cadence_sweep,full_contract,parallel_fs,parallel_fs,,0.0,1,12,"{'G0': True, 'GA': True, 'GB': True, 'GC': True, 'GD': True, 'GE': True, 'GF': True, 'GH': True}",replay,True,True,False,False,2026-03-19T10:51:03+00:00,2026-03-19T10:51:03.943296+00:00,0.1.0,,4137.0,0.01601578140258789,0.033600000000000005,,,,,,,,1.0,,,,,1.0,,,1.0,0.0,0.0,,,,0.3427333,6.907747702671947,1.06309782827894
ideal_e1_h2_vqe_B5_cad1_seed131,h2_vqe,embedded_same_family_active_space,ideal,e1,131,,B5,cadence_sweep,full_contract,parallel_fs,parallel_fs,,0.0,1,12,"{'G0': True, 'GA': True, 'GB': True, 'GC': True, 'GD': True, 'GE': True, 'GF': True, 'GH': True}",replay,True,True,False,False,2026-03-30T22:51:38+00:00,2026-03-30T22:51:38.943296+00:00,0.1.0,,4137.0,0.01601578140258789,0.033600000000000005,,,,,,,,1.0,,,,,1.0,,,1.0,0.0,0.0,,,,0.3427333,6.907747702671947,1.06309782827894
ideal_e1_h2_vqe_B5_cad1_seed137,h2_vqe,embedded_same_family_active_space,ideal,e1,137,,B5,cadence_sweep,full_contract,parallel_fs,parallel_fs,,0.0,1,12,"{'G0': True, 'GA': True, 'GB': True, 'GC': True, 'GD': True, 'GE': True, 'GF': True, 'GH': True}",replay,True,True,False,False,2026-03-04T16:58:18+00:00,2026-03-04T16:58:18.943296+00:00,0.1.0,,4137.0,0.01601578140258789,0.033600000000000005,,,,,,,,1.0,,,,,1.0,,,1.0,0.0,0.0,,,,0.3427333,6.907747702671947,1.06309782827894
ideal_e1_h2_vqe_B5_cad1_seed149,h2_vqe,embedded_same_family_active_space,ideal,e1,149,,B5,cadence_sweep,full_contract,parallel_fs,parallel_fs,,0.0,1,12,"{'G0': True, 'GA': True, 'GB': True, 'GC': True, 'GD': True, 'GE': True, 'GF': True, 'GH': True}",replay,True,True,False,False,2026-03-09T14:41:31+00:00,2026-03-09T14:41:31.943296+00:00,0.1.0,,4137.0,0.01601578140258789,0.033600000000000005,,,,,,,,1.0,,,,,1.0,,,1.0,0.0,0.0,,,,0.3427333,6.907747702671947,1.06309782827894
ideal_e1_h2_vqe_B5_cad1_seed157,h2_vqe,embedded_same_family_active_space,ideal,e1,157,,B5,cadence_sweep,full_contract,parallel_fs,parallel_fs,,0.0,1,12,"{'G0': True, 'GA': True, 'GB': True, 'GC': True, 'GD': True, 'GE': True, 'GF': True, 'GH': True}",replay,True,True,False,False,2026-03-30T17:49:43+00:00,2026-03-30T17:49:43.943296+00:00,0.1.0,,4137.0,0.01601578140258789,0.033600000000000005,,,,,,,,1.0,,,,,1.0,,,1.0,0.0,0.0,,,,0.3427333,6.907747702671947,1.06309782827894
ideal_e1_h2_vqe_B5_cad1_seed163,h2_vqe,embedded_same_family_active_space,ideal,e1,163,,B5,cadence_sweep,full_contract,parallel_fs,parallel_fs,,0.0,1,12,"{'G0': True, 'GA': True, 'GB': True, 'GC': True, 'GD': True, 'GE': True, 'GF': True, 'GH': True}",replay,True,True,False,False,2026-03-22T03:32:16+00:00,2026-03-22T03:32:16.943296+00:00,0.1.0,,4137.0,0.01601578140258789,0.033600000000000005,,,,,,,,1.0,,,,,1.0,,,1.0,0.0,0.0,,,,0.3427333,6.907747702671947,1.06309782827894
ideal_e1_h2_vqe_B5_cad2_seed11,h2_vqe,embedded_same_family_active_space,ideal,e1,11,,B5,cadence_sweep,full_contract,parallel_fs,parallel_fs,,0.0,2,12,"{'G0': True, 'GA': True, 'GB': True, 'GC': True, 'GD': True, 'GE': True, 'GF': True, 'GH': True}",replay,True,True,False,False,2026-03-01T18:12:48+00:00,2026-03-01T18:12:48.943296+00:00,0.1.0,,4147.0,0.016015819549560547,0.033600000000000005,,,,,,,,1.0,,,,,1.0,,,1.0,0.0,0.0,,,,2.184182,44.02188696728572,0.6672702087142965
ideal_e1_h2_vqe_B5_cad2_seed17,h2_vqe,embedded_same_family_active_space,ideal,e1,17,,B5,cadence_sweep,full_contract,parallel_fs,parallel_fs,,0.0,2,12,"{'G0': True, 'GA': True, 'GB': True, 'GC': True, 'GD': True, 'GE': True, 'GF': True, 'GH': True}",replay,True,True,False,False,2026-03-10T19:48:02+00:00,2026-03-10T19:48:02.943296+00:00,0.1.0,,4147.0,0.016015819549560547,0.033600000000000005,,,,,,,,1.0,,,,,1.0,,,1.0,0.0,0.0,,,,2.184182,44.02188696728572,0.6672702087142965
ideal_e1_h2_vqe_B5_cad2_seed23,h2_vqe,embedded_same_family_active_space,ideal,e1,23,,B5,cadence_sweep,full_contract,parallel_fs,parallel_fs,,0.0,2,12,"{'G0': True, 'GA': True, 'GB': True, 'GC': True, 'GD': True, 'GE': True, 'GF': True, 'GH': True}",replay,True,True,False,False,2026-03-19T09:30:12+00:00,2026-03-19T09:30:12.943296+00:00,0.1.0,,4147.0,0.016015819549560547,0.033600000000000005,,,,,,,,1.0,,,,,1.0,,,1.0,0.0,0.0,,,,2.184182,44.02188696728572,0.6672702087142965
ideal_e1_h2_vqe_B5_cad2_seed31,h2_vqe,embedded_same_family_active_space,ideal,e1,31,,B5,cadence_sweep,full_contract,parallel_fs,parallel_fs,,0.0,2,12,"{'G0': True, 'GA': True, 'GB': True, 'GC': True, 'GD': True, 'GE': True, 'GF': True, 'GH': True}",replay,True,True,False,False,2026-03-09T08:53:37+00:00,2026-03-09T08:53:37.943296+00:00,0.1.0,,4147.0,0.016015819549560547,0.033600000000000005,,,,,,,,1.0,,,,,1.0,,,1.0,0.0,0.0,,,,2.184182,44.02188696728572,0.6672702087142965
ideal_e1_h2_vqe_B5_cad2_seed43,h2_vqe,embedded_same_family_active_space,ideal,e1,43,,B5,cadence_sweep,full_contract,parallel_fs,parallel_fs,,0.0,2,12,"{'G0': True, 'GA': True, 'GB': True, 'GC': True, 'GD': True, 'GE': True, 'GF': True, 'GH': True}",replay,True,True,False,False,2026-03-23T23:08:47+00:00,2026-03-23T23:08:47.943296+00:00,0.1.0,,4147.0,0.016015819549560547,0.033600000000000005,,,,,,,,1.0,,,,,1.0,,,1.0,0.0,0.0,,,,2.184182,44.02188696728572,0.6672702087142965
ideal_e1_h2_vqe_B5_cad2_seed59,h2_vqe,embedded_same_family_active_space,ideal,e1,59,,B5,cadence_sweep,full_contract,parallel_fs,parallel_fs,,0.0,2,12,"{'G0': True, 'GA': True, 'GB': True, 'GC': True, 'GD': True, 'GE': True, 'GF': True, 'GH': True}",replay,True,True,False,False,2026-03-18T14:06:31+00:00,2026-03-18T14:06:31.943296+00:00,0.1.0,,4147.0,0.016015819549560547,0.033600000000000005,,,,,,,,1.0,,,,,1.0,,,1.0,0.0,0.0,,,,2.184182,44.02188696728572,0.6672702087142965
ideal_e1_h2_vqe_B5_cad2_seed71,h2_vqe,embedded_same_family_active_space,ideal,e1,71,,B5,cadence_sweep,full_contract,parallel_fs,parallel_fs,,0.0,2,12,"{'G0': True, 'GA': True, 'GB': True, 'GC': True, 'GD': True, 'GE': True, 'GF': True, 'GH': True}",replay,True,True,False,False,2026-03-13T09:21:44+00:00,2026-03-13T09:21:44.943296+00:00,0.1.0,,4147.0,0.016015819549560547,0.033600000000000005,,,,,,,,1.0,,,,,1.0,,,1.0,0.0,0.0,,,,2.184182,44.02188696728572,0.6672702087142965
ideal_e1_h2_vqe_B5_cad2_seed83,h2_vqe,embedded_same_family_active_space,ideal,e1,83,,B5,cadence_sweep,full_contract,parallel_fs,parallel_fs,,0.0,2,12,"{'G0': True, 'GA': True, 'GB': True, 'GC': True, 'GD': True, 'GE': True, 'GF': True, 'GH': True}",replay,True,True,False,False,2026-03-27T23:02:49+00:00,2026-03-27T23:02:49.943296+00:00,0.1.0,,4147.0,0.016015819549560547,0.033600000000000005,,,,,,,,1.0,,,,,1.0,,,1.0,0.0,0.0,,,,2.184182,44.02188696728572,0.6672702087142965
ideal_e1_h2_vqe_B5_cad2_seed97,h2_vqe,embedded_same_family_active_space,ideal,e1,97,,B5,cadence_sweep,full_contract,parallel_fs,parallel_fs,,0.0,2,12,"{'G0': True, 'GA': True, 'GB': True, 'GC': True, 'GD': True, 'GE': True, 'GF': True, 'GH': True}",replay,True,True,False,False,2026-03-30T12:11:37+00:00,2026-03-30T12:11:37.943296+00:00,0.1.0,,4147.0,0.016015819549560547,0.033600000000000005,,,,,,,,1.0,,,,,1.0,,,1.0,0.0,0.0,,,,2.184182,44.02188696728572,0.6672702087142965
ideal_e1_h2_vqe_B5_cad2_seed101,h2_vqe,embedded_same_family_active_space,ideal,e1,101,,B5,cadence_sweep,full_contract,parallel_fs,parallel_fs,,0.0,2,12,"{'G0': True, 'GA': True, 'GB': True, 'GC': True, 'GD': True, 'GE': True, 'GF': True, 'GH': True}",replay,True,True,False,False,2026-03-28T22:14:37+00:00,2026-03-28T22:14:37.943296+00:00,0.1.0,,4147.0,0.016015819549560547,0.033600000000000005,,,,,,,,1.0,,,,,1.0,,,1.0,0.0,0.0,,,,2.184182,44.02188696728572,0.6672702087142965
ideal_e1_h2_vqe_B5_cad2_seed107,h2_vqe,embedded_same_family_active_space,ideal,e1,107,,B5,cadence_sweep,full_contract,parallel_fs,parallel_fs,,0.0,2,12,"{'G0': True, 'GA': True, 'GB': True, 'GC': True, 'GD': True, 'GE': True, 'GF': True, 'GH': True}",replay,True,True,False,False,2026-03-03T08:03:56+00:00,2026-03-03T08:03:56.943296+00:00,0.1.0,,4147.0,0.016015819549560547,0.033600000000000005,,,,,,,,1.0,,,,,1.0,,,1.0,0.0,0.0,,,,2.184182,44.02188696728572,0.6672702087142965
ideal_e1_h2_vqe_B5_cad2_seed113,h2_vqe,embedded_same_family_active_space,ideal,e1,113,,B5,cadence_sweep,full_contract,parallel_fs,parallel_fs,,0.0,2,12,"{'G0': True, 'GA': True, 'GB': True, 'GC': True, 'GD': True, 'GE': True, 'GF': True, 'GH': True}",replay,True,True,False,False,2026-03-16T09:13:00+00:00,2026-03-16T09:13:00.943296+00:00,0.1.0,,4147.0,0.016015819549560547,0.033600000000000005,,,,,,,,1.0,,,,,1.0,,,1.0,0.0,0.0,,,,2.184182,44.02188696728572,0.6672702087142965
ideal_e1_h2_vqe_B5_cad2_seed127,h2_vqe,embedded_same_family_active_space,ideal,e1,127,,B5,cadence_sweep,full_contract,parallel_fs,parallel_fs,,0.0,2,12,"{'G0': True, 'GA': True, 'GB': True, 'GC': True, 'GD': True, 'GE': True, 'GF': True, 'GH': True}",replay,True,True,False,False,2026-03-30T14:11:22+00:00,2026-03-30T14:11:22.943296+00:00,0.1.0,,4147.0,0.016015819549560547,0.033600000000000005,,,,,,,,1.0,,,,,1.0,,,1.0,0.0,0.0,,,,2.184182,44.02188696728572,0.6672702087142965
ideal_e1_h2_vqe_B5_cad2_seed131,h2_vqe,embedded_same_family_active_space,ideal,e1,131,,B5,cadence_sweep,full_contract,parallel_fs,parallel_fs,,0.0,2,12,"{'G0': True, 'GA': True, 'GB': True, 'GC': True, 'GD': True, 'GE': True, 'GF': True, 'GH': True}",replay,True,True,False,False,2026-03-26T16:39:08+00:00,2026-03-26T16:39:08.943296+00:00,0.1.0,,4147.0,0.016015819549560547,0.033600000000000005,,,,,,,,1.0,,,,,1.0,,,1.0,0.0,0.0,,,,2.184182,44.02188696728572,0.6672702087142965
ideal_e1_h2_vqe_B5_cad2_seed137,h2_vqe,embedded_same_family_active_space,ideal,e1,137,,B5,cadence_sweep,full_contract,parallel_fs,parallel_fs,,0.0,2,12,"{'G0': True, 'GA': True, 'GB': True, 'GC': True, 'GD': True, 'GE': True, 'GF': True, 'GH': True}",replay,True,True,False,False,2026-03-09T12:40:30+00:00,2026-03-09T12:40:30.943296+00:00,0.1.0,,4147.0,0.016015819549560547,0.033600000000000005,,,,,,,,1.0,,,,,1.0,,,1.0,0.0,0.0,,,,2.184182,44.02188696728572,0.6672702087142965
ideal_e1_h2_vqe_B5_cad2_seed149,h2_vqe,embedded_same_family_active_space,ideal,e1,149,,B5,cadence_sweep,full_contract,parallel_fs,parallel_fs,,0.0,2,12,"{'G0': True, 'GA': True, 'GB': True, 'GC': True, 'GD': True, 'GE': True, 'GF': True, 'GH': True}",replay,True,True,False,False,2026-03-26T12:23:01+00:00,2026-03-26T12:23:01.943296+00:00,0.1.0,,4147.0,0.016015819549560547,0.033600000000000005,,,,,,,,1.0,,,,,1.0,,,1.0,0.0,0.0,,,,2.184182,44.02188696728572,0.6672702087142965
ideal_e1_h2_vqe_B5_cad2_seed157,h2_vqe,embedded_same_family_active_space,ideal,e1,157,,B5,cadence_sweep,full_contract,parallel_fs,parallel_fs,,0.0,2,12,"{'G0': True, 'GA': True, 'GB': True, 'GC': True, 'GD': True, 'GE': True, 'GF': True, 'GH': True}",replay,True,True,False,False,2026-03-16T10:43:09+00:00,2026-03-16T10:43:09.943296+00:00,0.1.0,,4147.0,0.016015819549560547,0.033600000000000005,,,,,,,,1.0,,,,,1.0,,,1.0,0.0,0.0,,,,2.184182,44.02188696728572,0.6672702087142965
ideal_e1_h2_vqe_B5_cad2_seed163,h2_vqe,embedded_same_family_active_space,ideal,e1,163,,B5,cadence_sweep,full_contract,parallel_fs,parallel_fs,,0.0,2,12,"{'G0': True, 'GA': True, 'GB': True, 'GC': True, 'GD': True, 'GE': True, 'GF': True, 'GH': True}",replay,True,True,False,False,2026-03-21T04:47:42+00:00,2026-03-21T04:47:42.943296+00:00,0.1.0,,4147.0,0.016015819549560547,0.033600000000000005,,,,,,,,1.0,,,,,1.0,,,1.0,0.0,0.0,,,,2.184182,44.02188696728572,0.6672702087142965
ideal_e1_h2_vqe_B5_cad4_seed11,h2_vqe,embedded_same_family_active_space,ideal,e1,11,,B5,cadence_sweep,full_contract,parallel_fs,parallel_fs,,0.0,4,12,"{'G0': True, 'GA': True, 'GB': True, 'GC': True, 'GD': True, 'GE': True, 'GF': True, 'GH': True}",replay,True,True,False,False,2026-03-07T22:07:34+00:00,2026-03-07T22:07:34.943296+00:00,0.1.0,,4165.0,0.01601588821411133,0.033600000000000005,,,,,,,,1.0,,,,,1.0,,,1.0,0.0,0.0,,,,11.4320388,230.41084643423952,0.3824634922033673
ideal_e1_h2_vqe_B5_cad4_seed17,h2_vqe,embedded_same_family_active_space,ideal,e1,17,,B5,cadence_sweep,full_contract,parallel_fs,parallel_fs,,0.0,4,12,"{'G0': True, 'GA': True, 'GB': True, 'GC': True, 'GD': True, 'GE': True, 'GF': True, 'GH': True}",replay,True,True,False,False,2026-03-01T19:50:19+00:00,2026-03-01T19:50:19.943296+00:00,0.1.0,,4165.0,0.01601588821411133,0.033600000000000005,,,,,,,,1.0,,,,,1.0,,,1.0,0.0,0.0,,,,11.4320388,230.41084643423952,0.3824634922033673
ideal_e1_h2_vqe_B5_cad4_seed23,h2_vqe,embedded_same_family_active_space,ideal,e1,23,,B5,cadence_sweep,full_contract,parallel_fs,parallel_fs,,0.0,4,12,"{'G0': True, 'GA': True, 'GB': True, 'GC': True, 'GD': True, 'GE': True, 'GF': True, 'GH': True}",replay,True,True,False,False,2026-03-15T14:35:06+00:00,2026-03-15T14:35:06.943296+00:00,0.1.0,,4165.0,0.01601588821411133,0.033600000000000005,,,,,,,,1.0,,,,,1.0,,,1.0,0.0,0.0,,,,11.4320388,230.41084643423952,0.3824634922033673
ideal_e1_h2_vqe_B5_cad4_seed31,h2_vqe,embedded_same_family_active_space,ideal,e1,31,,B5,cadence_sweep,full_contract,parallel_fs,parallel_fs,,0.0,4,12,"{'G0': True, 'GA': True, 'GB': True, 'GC': True, 'GD': True, 'GE': True, 'GF': True, 'GH': True}",replay,True,True,False,False,2026-03-18T22:42:54+00:00,2026-03-18T22:42:54.943296+00:00,0.1.0,,4165.0,0.01601588821411133,0.033600000000000005,,,,,,,,1.0,,,,,1.0,,,1.0,0.0,0.0,,,,11.4320388,230.41084643423952,0.3824634922033673
ideal_e1_h2_vqe_B5_cad4_seed43,h2_vqe,embedded_same_family_active_space,ideal,e1,43,,B5,cadence_sweep,full_contract,parallel_fs,parallel_fs,,0.0,4,12,"{'G0': True, 'GA': True, 'GB': True, 'GC': True, 'GD': True, 'GE': True, 'GF': True, 'GH': True}",replay,True,True,False,False,2026-03-28T00:28:08+00:00,2026-03-28T00:28:08.943296+00:00,0.1.0,,4165.0,0.01601588821411133,0.033600000000000005,,,,,,,,1.0,,,,,1.0,,,1.0,0.0,0.0,,,,11.4320388,230.41084643423952,0.3824634922033673
ideal_e1_h2_vqe_B5_cad4_seed59,h2_vqe,embedded_same_family_active_space,ideal,e1,59,,B5,cadence_sweep,full_contract,parallel_fs,parallel_fs,,0.0,4,12,"{'G0': True, 'GA': True, 'GB': True, 'GC': True, 'GD': True, 'GE': True, 'GF': True, 'GH': True}",replay,True,True,False,False,2026-03-12T10:32:25+00:00,2026-03-12T10:32:25.943296+00:00,0.1.0,,4165.0,0.01601588821411133,0.033600000000000005,,,,,,,,1.0,,,,,1.0,,,1.0,0.0,0.0,,,,11.4320388,230.41084643423952,0.3824634922033673
ideal_e1_h2_vqe_B5_cad4_seed71,h2_vqe,embedded_same_family_active_space,ideal,e1,71,,B5,cadence_sweep,full_contract,parallel_fs,parallel_fs,,0.0,4,12,"{'G0': True, 'GA': True, 'GB': True, 'GC': True, 'GD': True, 'GE': True, 'GF': True, 'GH': True}",replay,True,True,False,False,2026-03-02T21:48:01+00:00,2026-03-02T21:48:01.943296+00:00,0.1.0,,4165.0,0.01601588821411133,0.033600000000000005,,,,,,,,1.0,,,,,1.0,,,1.0,0.0,0.0,,,,11.4320388,230.41084643423952,0.3824634922033673
ideal_e1_h2_vqe_B5_cad4_seed83,h2_vqe,embedded_same_family_active_space,ideal,e1,83,,B5,cadence_sweep,full_contract,parallel_fs,parallel_fs,,0.0,4,12,"{'G0': True, 'GA': True, 'GB': True, 'GC': True, 'GD': True, 'GE': True, 'GF': True, 'GH': True}",replay,True,True,False,False,2026-03-10T11:28:33+00:00,2026-03-10T11:28:33.943296+00:00,0.1.0,,4165.0,0.01601588821411133,0.033600000000000005,,,,,,,,1.0,,,,,1.0,,,1.0,0.0,0.0,,,,11.4320388,230.41084643423952,0.3824634922033673
ideal_e1_h2_vqe_B5_cad4_seed97,h2_vqe,embedded_same_family_active_space,ideal,e1,97,,B5,cadence_sweep,full_contract,parallel_fs,parallel_fs,,0.0,4,12,"{'G0': True, 'GA': True, 'GB': True, 'GC': True, 'GD': True, 'GE': True, 'GF': True, 'GH': True}",replay,True,True,False,False,2026-03-12T19:23:03+00:00,2026-03-12T19:23:03.943296+00:00,0.1.0,,4165.0,0.01601588821411133,0.033600000000000005,,,,,,,,1.0,,,,,1.0,,,1.0,0.0,0.0,,,,11.4320388,230.41084643423952,0.3824634922033673
ideal_e1_h2_vqe_B5_cad4_seed101,h2_vqe,embedded_same_family_active_space,ideal,e1,101,,B5,cadence_sweep,full_contract,parallel_fs,parallel_fs,,0.0,4,12,"{'G0': True, 'GA': True, 'GB': True, 'GC': True, 'GD': True, 'GE': True, 'GF': True, 'GH': True}",replay,True,True,False,False,2026-03-29T06:25:05+00:00,2026-03-29T06:25:05.943296+00:00,0.1.0,,4165.0,0.01601588821411133,0.033600000000000005,,,,,,,,1.0,,,,,1.0,,,1.0,0.0,0.0,,,,11.4320388,230.41084643423952,0.3824634922033673
ideal_e1_h2_vqe_B5_cad4_seed107,h2_vqe,embedded_same_family_active_space,ideal,e1,107,,B5,cadence_sweep,full_contract,parallel_fs,parallel_fs,,0.0,4,12,"{'G0': True, 'GA': True, 'GB': True, 'GC': True, 'GD': True, 'GE': True, 'GF': True, 'GH': True}",replay,True,True,False,False,2026-03-16T05:43:48+00:00,2026-03-16T05:43:48.943296+00:00,0.1.0,,4165.0,0.01601588821411133,0.033600000000000005,,,,,,,,1.0,,,,,1.0,,,1.0,0.0,0.0,,,,11.4320388,230.41084643423952,0.3824634922033673
ideal_e1_h2_vqe_B5_cad4_seed113,h2_vqe,embedded_same_family_active_space,ideal,e1,113,,B5,cadence_sweep,full_contract,parallel_fs,parallel_fs,,0.0,4,12,"{'G0': True, 'GA': True, 'GB': True, 'GC': True, 'GD': True, 'GE': True, 'GF': True, 'GH': True}",replay,True,True,False,False,2026-03-02T12:50:37+00:00,2026-03-02T12:50:37.943296+00:00,0.1.0,,4165.0,0.01601588821411133,0.033600000000000005,,,,,,,,1.0,,,,,1.0,,,1.0,0.0,0.0,,,,11.4320388,230.41084643423952,0.3824634922033673
ideal_e1_h2_vqe_B5_cad4_seed127,h2_vqe,embedded_same_family_active_space,ideal,e1,127,,B5,cadence_sweep,full_contract,parallel_fs,parallel_fs,,0.0,4,12,"{'G0': True, 'GA': True, 'GB': True, 'GC': True, 'GD': True, 'GE': True, 'GF': True, 'GH': True}",replay,True,True,False,False,2026-03-18T21:13:00+00:00,2026-03-18T21:13:00.943296+00:00,0.1.0,,4165.0,0.01601588821411133,0.033600000000000005,,,,,,,,1.0,,,,,1.0,,,1.0,0.0,0.0,,,,11.4320388,230.41084643423952,0.3824634922033673
ideal_e1_h2_vqe_B5_cad4_seed131,h2_vqe,embedded_same_family_active_space,ideal,e1,131,,B5,cadence_sweep,full_contract,parallel_fs,parallel_fs,,0.0,4,12,"{'G0': True, 'GA': True, 'GB': True, 'GC': True, 'GD': True, 'GE': True, 'GF': True, 'GH': True}",replay,True,True,False,False,2026-03-14T23:03:09+00:00,2026-03-14T23:03:09.943296+00:00,0.1.0,,4165.0,0.01601588821411133,0.033600000000000005,,,,,,,,1.0,,,,,1.0,,,1.0,0.0,0.0,,,,11.4320388,230.41084643423952,0.3824634922033673
ideal_e1_h2_vqe_B5_cad4_seed137,h2_vqe,embedded_same_family_active_space,ideal,e1,137,,B5,cadence_sweep,full_contract,parallel_fs,parallel_fs,,0.0,4,12,"{'G0': True, 'GA': True, 'GB': True, 'GC': True, 'GD': True, 'GE': True, 'GF': True, 'GH': True}",replay,True,True,False,False,2026-03-11T13:35:39+00:00,2026-03-11T13:35:39.943296+00:00,0.1.0,,4165.0,0.01601588821411133,0.033600000000000005,,,,,,,,1.0,,,,,1.0,,,1.0,0.0,0.0,,,,11.4320388,230.41084643423952,0.3824634922033673
ideal_e1_h2_vqe_B5_cad4_seed149,h2_vqe,embedded_same_family_active_space,ideal,e1,149,,B5,cadence_sweep,full_contract,parallel_fs,parallel_fs,,0.0,4,12,"{'G0': True, 'GA': True, 'GB': True, 'GC': True, 'GD': True, 'GE': True, 'GF': True, 'GH': True}",replay,True,True,False,False,2026-03-19T00:51:55+00:00,2026-03-19T00:51:55.943296+00:00,0.1.0,,4165.0,0.01601588821411133,0.033600000000000005,,,,,,,,1.0,,,,,1.0,,,1.0,0.0,0.0,,,,11.4320388,230.41084643423952,0.3824634922033673
ideal_e1_h2_vqe_B5_cad4_seed157,h2_vqe,embedded_same_family_active_space,ideal,e1,157,,B5,cadence_sweep,full_contract,parallel_fs,parallel_fs,,0.0,4,12,"{'G0': True, 'GA': True, 'GB': True, 'GC': True, 'GD': True, 'GE': True, 'GF': True, 'GH': True}",replay,True,True,False,False,2026-03-25T08:35:31+00:00,2026-03-25T08:35:31.943296+00:00,0.1.0,,4165.0,0.01601588821411133,0.033600000000000005,,,,,,,,1.0,,,,,1.0,,,1.0,0.0,0.0,,,,11.4320388,230.41084643423952,0.3824634922033673
ideal_e1_h2_vqe_B5_cad4_seed163,h2_vqe,embedded_same_family_active_space,ideal,e1,163,,B5,cadence_sweep,full_contract,parallel_fs,parallel_fs,,0.0,4,12,"{'G0': True, 'GA': True, 'GB': True, 'GC': True, 'GD': True, 'GE': True, 'GF': True, 'GH': True}",replay,True,True,False,False,2026-03-30T00:27:33+00:00,2026-03-30T00:27:33.943296+00:00,0.1.0,,4165.0,0.01601588821411133,0.033600000000000005,,,,,,,,1.0,,,,,1.0,,,1.0,0.0,0.0,,,,11.4320388,230.41084643423952,0.3824634922033673
ideal_e1_h2_vqe_B5_cad8_seed11,h2_vqe,embedded_same_family_active_space,ideal,e1,11,,B5,cadence_sweep,full_contract,parallel_fs,parallel_fs,,0.0,8,12,"{'G0': True, 'GA': True, 'GB': True, 'GC': True, 'GD': True, 'GE': True, 'GF': True, 'GH': True}",replay,True,True,False,False,2026-03-02T21:37:03+00:00,2026-03-02T21:37:03.943296+00:00,0.1.0,,4201.0,0.01601602554321289,0.033600000000000005,,,,,,,,1.0,,,,,1.0,,,1.0,0.0,0.0,,,,49.4457236,996.5676020731532,0.20633145858192295
ideal_e1_h2_vqe_B5_cad8_seed17,h2_vqe,embedded_same_family_active_space,ideal,e1,17,,B5,cadence_sweep,full_contract,parallel_fs,parallel_fs,,0.0,8,12,"{'G0': True, 'GA': True, 'GB': True, 'GC': True, 'GD': True, 'GE': True, 'GF': True, 'GH': True}",replay,True,True,False,False,2026-03-06T09:20:42+00:00,2026-03-06T09:20:42.943296+00:00,0.1.0,,4201.0,0.01601602554321289,0.033600000000000005,,,,,,,,1.0,,,,,1.0,,,1.0,0.0,0.0,,,,49.4457236,996.5676020731532,0.20633145858192295
ideal_e1_h2_vqe_B5_cad8_seed23,h2_vqe,embedded_same_family_active_space,ideal,e1,23,,B5,cadence_sweep,full_contract,parallel_fs,parallel_fs,,0.0,8,12,"{'G0': True, 'GA': True, 'GB': True, 'GC': True, 'GD': True, 'GE': True, 'GF': True, 'GH': True}",replay,True,True,False,False,2026-03-14T03:10:52+00:00,2026-03-14T03:10:52.943296+00:00,0.1.0,,4201.0,0.01601602554321289,0.033600000000000005,,,,,,,,1.0,,,,,1.0,,,1.0,0.0,0.0,,,,49.4457236,996.5676020731532,0.20633145858192295
ideal_e1_h2_vqe_B5_cad8_seed31,h2_vqe,embedded_same_family_active_space,ideal,e1,31,,B5,cadence_sweep,full_contract,parallel_fs,parallel_fs,,0.0,8,12,"{'G0': True, 'GA': True, 'GB': True, 'GC': True, 'GD': True, 'GE': True, 'GF': True, 'GH': True}",replay,True,True,False,False,2026-03-04T22:11:31+00:00,2026-03-04T22:11:31.943296+00:00,0.1.0,,4201.0,0.01601602554321289,0.033600000000000005,,,,,,,,1.0,,,,,1.0,,,1.0,0.0,0.0,,,,49.4457236,996.5676020731532,0.20633145858192295
ideal_e1_h2_vqe_B5_cad8_seed43,h2_vqe,embedded_same_family_active_space,ideal,e1,43,,B5,cadence_sweep,full_contract,parallel_fs,parallel_fs,,0.0,8,12,"{'G0': True, 'GA': True, 'GB': True, 'GC': True, 'GD': True, 'GE': True, 'GF': True, 'GH': True}",replay,True,True,False,False,2026-03-15T21:15:59+00:00,2026-03-15T21:15:59.943296+00:00,0.1.0,,4201.0,0.01601602554321289,0.033600000000000005,,,,,,,,1.0,,,,,1.0,,,1.0,0.0,0.0,,,,49.4457236,996.5676020731532,0.20633145858192295
ideal_e1_h2_vqe_B5_cad8_seed59,h2_vqe,embedded_same_family_active_space,ideal,e1,59,,B5,cadence_sweep,full_contract,parallel_fs,parallel_fs,,0.0,8,12,"{'G0': True, 'GA': True, 'GB': True, 'GC': True, 'GD': True, 'GE': True, 'GF': True, 'GH': True}",replay,True,True,False,False,2026-03-21T03:51:25+00:00,2026-03-21T03:51:25.943296+00:00,0.1.0,,4201.0,0.01601602554321289,0.033600000000000005,,,,,,,,1.0,,,,,1.0,,,1.0,0.0,0.0,,,,49.4457236,996.5676020731532,0.20633145858192295
ideal_e1_h2_vqe_B5_cad8_seed71,h2_vqe,embedded_same_family_active_space,ideal,e1,71,,B5,cadence_sweep,full_contract,parallel_fs,parallel_fs,,0.0,8,12,"{'G0': True, 'GA': True, 'GB': True, 'GC': True, 'GD': True, 'GE': True, 'GF': True, 'GH': True}",replay,True,True,False,False,2026-03-27T20:55:53+00:00,2026-03-27T20:55:53.943296+00:00,0.1.0,,4201.0,0.01601602554321289,0.033600000000000005,,,,,,,,1.0,,,,,1.0,,,1.0,0.0,0.0,,,,49.4457236,996.5676020731532,0.20633145858192295
ideal_e1_h2_vqe_B5_cad8_seed83,h2_vqe,embedded_same_family_active_space,ideal,e1,83,,B5,cadence_sweep,full_contract,parallel_fs,parallel_fs,,0.0,8,12,"{'G0': True, 'GA': True, 'GB': True, 'GC': True, 'GD': True, 'GE': True, 'GF': True, 'GH': True}",replay,True,True,False,False,2026-03-16T18:54:59+00:00,2026-03-16T18:54:59.943296+00:00,0.1.0,,4201.0,0.01601602554321289,0.033600000000000005,,,,,,,,1.0,,,,,1.0,,,1.0,0.0,0.0,,,,49.4457236,996.5676020731532,0.20633145858192295
ideal_e1_h2_vqe_B5_cad8_seed97,h2_vqe,embedded_same_family_active_space,ideal,e1,97,,B5,cadence_sweep,full_contract,parallel_fs,parallel_fs,,0.0,8,12,"{'G0': True, 'GA': True, 'GB': True, 'GC': True, 'GD': True, 'GE': True, 'GF': True, 'GH': True}",replay,True,True,False,False,2026-03-08T02:00:29+00:00,2026-03-08T02:00:29.943296+00:00,0.1.0,,4201.0,0.01601602554321289,0.033600000000000005,,,,,,,,1.0,,,,,1.0,,,1.0,0.0,0.0,,,,49.4457236,996.5676020731532,0.20633145858192295
ideal_e1_h2_vqe_B5_cad8_seed101,h2_vqe,embedded_same_family_active_space,ideal,e1,101,,B5,cadence_sweep,full_contract,parallel_fs,parallel_fs,,0.0,8,12,"{'G0': True, 'GA': True, 'GB': True, 'GC': True, 'GD': True, 'GE': True, 'GF': True, 'GH': True}",replay,True,True,False,False,2026-03-07T07:08:59+00:00,2026-03-07T07:08:59.943296+00:00,0.1.0,,4201.0,0.01601602554321289,0.033600000000000005,,,,,,,,1.0,,,,,1.0,,,1.0,0.0,0.0,,,,49.4457236,996.5676020731532,0.20633145858192295
ideal_e1_h2_vqe_B5_cad8_seed107,h2_vqe,embedded_same_family_active_space,ideal,e1,107,,B5,cadence_sweep,full_contract,parallel_fs,parallel_fs,,0.0,8,12,"{'G0': True, 'GA': True, 'GB': True, 'GC': True, 'GD': True, 'GE': True, 'GF': True, 'GH': True}",replay,True,True,False,False,2026-03-12T14:43:13+00:00,2026-03-12T14:43:13.943296+00:00,0.1.0,,4201.0,0.01601602554321289,0.033600000000000005,,,,,,,,1.0,,,,,1.0,,,1.0,0.0,0.0,,,,49.4457236,996.5676020731532,0.20633145858192295
ideal_e1_h2_vqe_B5_cad8_seed113,h2_vqe,embedded_same_family_active_space,ideal,e1,113,,B5,cadence_sweep,full_contract,parallel_fs,parallel_fs,,0.0,8,12,"{'G0': True, 'GA': True, 'GB': True, 'GC': True, 'GD': True, 'GE': True, 'GF': True, 'GH': True}",replay,True,True,False,False,2026-03-23T09:53:02+00:00,2026-03-23T09:53:02.943296+00:00,0.1.0,,4201.0,0.01601602554321289,0.033600000000000005,,,,,,,,1.0,,,,,1.0,,,1.0,0.0,0.0,,,,49.4457236,996.5676020731532,0.20633145858192295
ideal_e1_h2_vqe_B5_cad8_seed127,h2_vqe,embedded_same_family_active_space,ideal,e1,127,,B5,cadence_sweep,full_contract,parallel_fs,parallel_fs,,0.0,8,12,"{'G0': True, 'GA': True, 'GB': True, 'GC': True, 'GD': True, 'GE': True, 'GF': True, 'GH': True}",replay,True,True,False,False,2026-03-14T11:53:38+00:00,2026-03-14T11:53:38.943296+00:00,0.1.0,,4201.0,0.01601602554321289,0.033600000000000005,,,,,,,,1.0,,,,,1.0,,,1.0,0.0,0.0,,,,49.4457236,996.5676020731532,0.20633145858192295
ideal_e1_h2_vqe_B5_cad8_seed131,h2_vqe,embedded_same_family_active_space,ideal,e1,131,,B5,cadence_sweep,full_contract,parallel_fs,parallel_fs,,0.0,8,12,"{'G0': True, 'GA': True, 'GB': True, 'GC': True, 'GD': True, 'GE': True, 'GF': True, 'GH': True}",replay,True,True,False,False,2026-03-06T20:18:57+00:00,2026-03-06T20:18:57.943296+00:00,0.1.0,,4201.0,0.01601602554321289,0.033600000000000005,,,,,,,,1.0,,,,,1.0,,,1.0,0.0,0.0,,,,49.4457236,996.5676020731532,0.20633145858192295
ideal_e1_h2_vqe_B5_cad8_seed137,h2_vqe,embedded_same_family_active_space,ideal,e1,137,,B5,cadence_sweep,full_contract,parallel_fs,parallel_fs,,0.0,8,12,"{'G0': True, 'GA': True, 'GB': True, 'GC': True, 'GD': True, 'GE': True, 'GF': True, 'GH': True}",replay,True,True,False,False,2026-03-30T17:37:16+00:00,2026-03-30T17:37:16.943296+00:00,0.1.0,,4201.0,0.01601602554321289,0.033600000000000005,,,,,,,,1.0,,,,,1.0,,,1.0,0.0,0.0,,,,49.4457236,996.5676020731532,0.20633145858192295
ideal_e1_h2_vqe_B5_cad8_seed149,h2_vqe,embedded_same_family_active_space,ideal,e1,149,,B5,cadence_sweep,full_contract,parallel_fs,parallel_fs,,0.0,8,12,"{'G0': True, 'GA': True, 'GB': True, 'GC': True, 'GD': True, 'GE': True, 'GF': True, 'GH': True}",replay,True,True,False,False,2026-03-26T13:32:49+00:00,2026-03-26T13:32:49.943296+00:00,0.1.0,,4201.0,0.01601602554321289,0.033600000000000005,,,,,,,,1.0,,,,,1.0,,,1.0,0.0,0.0,,,,49.4457236,996.5676020731532,0.20633145858192295
ideal_e1_h2_vqe_B5_cad8_seed157,h2_vqe,embedded_same_family_active_space,ideal,e1,157,,B5,cadence_sweep,full_contract,parallel_fs,parallel_fs,,0.0,8,12,"{'G0': True, 'GA': True, 'GB': True, 'GC': True, 'GD': True, 'GE': True, 'GF': True, 'GH': True}",replay,True,True,False,False,2026-03-07T09:28:44+00:00,2026-03-07T09:28:44.943296+00:00,0.1.0,,4201.0,0.01601602554321289,0.033600000000000005,,,,,,,,1.0,,,,,1.0,,,1.0,0.0,0.0,,,,49.4457236,996.5676020731532,0.20633145858192295
ideal_e1_h2_vqe_B5_cad8_seed163,h2_vqe,embedded_same_family_active_space,ideal,e1,163,,B5,cadence_sweep,full_contract,parallel_fs,parallel_fs,,0.0,8,12,"{'G0': True, 'GA': True, 'GB': True, 'GC': True, 'GD': True, 'GE': True, 'GF': True, 'GH': True}",replay,True,True,False,False,2026-03-26T20:48:03+00:00,2026-03-26T20:48:03.943296+00:00,0.1.0,,4201.0,0.01601602554321289,0.033600000000000005,,,,,,,,1.0,,,,,1.0,,,1.0,0.0,0.0,,,,49.4457236,996.5676020731532,0.20633145858192295
ideal_e1_h2_vqe_B5_cad16_seed11,h2_vqe,embedded_same_family_active_space,ideal,e1,11,,B5,cadence_sweep,full_contract,parallel_fs,parallel_fs,,0.0,16,12,"{'G0': True, 'GA': True, 'GB': True, 'GC': True, 'GD': True, 'GE': True, 'GF': True, 'GH': True}",replay,True,True,False,False,2026-03-30T14:51:34+00:00,2026-03-30T14:51:34.943296+00:00,0.1.0,,4273.0,0.016016300201416016,0.033600000000000005,,,,,,,,1.0,,,,,1.0,,,1.0,0.0,0.0,,,,203.54497800000001,4102.381216933038,0.10740746340070774
ideal_e1_h2_vqe_B5_cad16_seed17,h2_vqe,embedded_same_family_active_space,ideal,e1,17,,B5,cadence_sweep,full_contract,parallel_fs,parallel_fs,,0.0,16,12,"{'G0': True, 'GA': True, 'GB': True, 'GC': True, 'GD': True, 'GE': True, 'GF': True, 'GH': True}",replay,True,True,False,False,2026-03-25T04:40:51+00:00,2026-03-25T04:40:51.943296+00:00,0.1.0,,4273.0,0.016016300201416016,0.033600000000000005,,,,,,,,1.0,,,,,1.0,,,1.0,0.0,0.0,,,,203.54497800000001,4102.381216933038,0.10740746340070774
ideal_e1_h2_vqe_B5_cad16_seed23,h2_vqe,embedded_same_family_active_space,ideal,e1,23,,B5,cadence_sweep,full_contract,parallel_fs,parallel_fs,,0.0,16,12,"{'G0': True, 'GA': True, 'GB': True, 'GC': True, 'GD': True, 'GE': True, 'GF': True, 'GH': True}",replay,True,True,False,False,2026-03-11T20:05:54+00:00,2026-03-11T20:05:54.943296+00:00,0.1.0,,4273.0,0.016016300201416016,0.033600000000000005,,,,,,,,1.0,,,,,1.0,,,1.0,0.0,0.0,,,,203.54497800000001,4102.381216933038,0.10740746340070774
ideal_e1_h2_vqe_B5_cad16_seed31,h2_vqe,embedded_same_family_active_space,ideal,e1,31,,B5,cadence_sweep,full_contract,parallel_fs,parallel_fs,,0.0,16,12,"{'G0': True, 'GA': True, 'GB': True, 'GC': True, 'GD': True, 'GE': True, 'GF': True, 'GH': True}",replay,True,True,False,False,2026-03-03T17:54:04+00:00,2026-03-03T17:54:04.943296+00:00,0.1.0,,4273.0,0.016016300201416016,0.033600000000000005,,,,,,,,1.0,,,,,1.0,,,1.0,0.0,0.0,,,,203.54497800000001,4102.381216933038,0.10740746340070774
ideal_e1_h2_vqe_B5_cad16_seed43,h2_vqe,embedded_same_family_active_space,ideal,e1,43,,B5,cadence_sweep,full_contract,parallel_fs,parallel_fs,,0.0,16,12,"{'G0': True, 'GA': True, 'GB': True, 'GC': True, 'GD': True, 'GE': True, 'GF': True, 'GH': True}",replay,True,True,False,False,2026-03-14T08:37:34+00:00,2026-03-14T08:37:34.943296+00:00,0.1.0,,4273.0,0.016016300201416016,0.033600000000000005,,,,,,,,1.0,,,,,1.0,,,1.0,0.0,0.0,,,,203.54497800000001,4102.381216933038,0.10740746340070774
ideal_e1_h2_vqe_B5_cad16_seed59,h2_vqe,embedded_same_family_active_space,ideal,e1,59,,B5,cadence_sweep,full_contract,parallel_fs,parallel_fs,,0.0,16,12,"{'G0': True, 'GA': True, 'GB': True, 'GC': True, 'GD': True, 'GE': True, 'GF': True, 'GH': True}",replay,True,True,False,False,2026-03-12T03:52:15+00:00,2026-03-12T03:52:15.943296+00:00,0.1.0,,4273.0,0.016016300201416016,0.033600000000000005,,,,,,,,1.0,,,,,1.0,,,1.0,0.0,0.0,,,,203.54497800000001,4102.381216933038,0.10740746340070774
ideal_e1_h2_vqe_B5_cad16_seed71,h2_vqe,embedded_same_family_active_space,ideal,e1,71,,B5,cadence_sweep,full_contract,parallel_fs,parallel_fs,,0.0,16,12,"{'G0': True, 'GA': True, 'GB': True, 'GC': True, 'GD': True, 'GE': True, 'GF': True, 'GH': True}",replay,True,True,False,False,2026-03-10T16:27:15+00:00,2026-03-10T16:27:15.943296+00:00,0.1.0,,4273.0,0.016016300201416016,0.033600000000000005,,,,,,,,1.0,,,,,1.0,,,1.0,0.0,0.0,,,,203.54497800000001,4102.381216933038,0.10740746340070774
ideal_e1_h2_vqe_B5_cad16_seed83,h2_vqe,embedded_same_family_active_space,ideal,e1,83,,B5,cadence_sweep,full_contract,parallel_fs,parallel_fs,,0.0,16,12,"{'G0': True, 'GA': True, 'GB': True, 'GC': True, 'GD': True, 'GE': True, 'GF': True, 'GH': True}",replay,True,True,False,False,2026-03-09T13:29:56+00:00,2026-03-09T13:29:56.943296+00:00,0.1.0,,4273.0,0.016016300201416016,0.033600000000000005,,,,,,,,1.0,,,,,1.0,,,1.0,0.0,0.0,,,,203.54497800000001,4102.381216933038,0.10740746340070774
ideal_e1_h2_vqe_B5_cad16_seed97,h2_vqe,embedded_same_family_active_space,ideal,e1,97,,B5,cadence_sweep,full_contract,parallel_fs,parallel_fs,,0.0,16,12,"{'G0': True, 'GA': True, 'GB': True, 'GC': True, 'GD': True, 'GE': True, 'GF': True, 'GH': True}",replay,True,True,False,False,2026-03-21T13:42:09+00:00,2026-03-21T13:42:09.943296+00:00,0.1.0,,4273.0,0.016016300201416016,0.033600000000000005,,,,,,,,1.0,,,,,1.0,,,1.0,0.0,0.0,,,,203.54497800000001,4102.381216933038,0.10740746340070774
ideal_e1_h2_vqe_B5_cad16_seed101,h2_vqe,embedded_same_family_active_space,ideal,e1,101,,B5,cadence_sweep,full_contract,parallel_fs,parallel_fs,,0.0,16,12,"{'G0': True, 'GA': True, 'GB': True, 'GC': True, 'GD': True, 'GE': True, 'GF': True, 'GH': True}",replay,True,True,False,False,2026-03-16T04:49:07+00:00,2026-03-16T04:49:07.943296+00:00,0.1.0,,4273.0,0.016016300201416016,0.033600000000000005,,,,,,,,1.0,,,,,1.0,,,1.0,0.0,0.0,,,,203.54497800000001,4102.381216933038,0.10740746340070774
ideal_e1_h2_vqe_B5_cad16_seed107,h2_vqe,embedded_same_family_active_space,ideal,e1,107,,B5,cadence_sweep,full_contract,parallel_fs,parallel_fs,,0.0,16,12,"{'G0': True, 'GA': True, 'GB': True, 'GC': True, 'GD': True, 'GE': True, 'GF': True, 'GH': True}",replay,True,True,False,False,2026-03-05T07:20:25+00:00,2026-03-05T07:20:25.943296+00:00,0.1.0,,4273.0,0.016016300201416016,0.033600000000000005,,,,,,,,1.0,,,,,1.0,,,1.0,0.0,0.0,,,,203.54497800000001,4102.381216933038,0.10740746340070774
ideal_e1_h2_vqe_B5_cad16_seed113,h2_vqe,embedded_same_family_active_space,ideal,e1,113,,B5,cadence_sweep,full_contract,parallel_fs,parallel_fs,,0.0,16,12,"{'G0': True, 'GA': True, 'GB': True, 'GC': True, 'GD': True, 'GE': True, 'GF': True, 'GH': True}",replay,True,True,False,False,2026-03-22T11:18:56+00:00,2026-03-22T11:18:56.943296+00:00,0.1.0,,4273.0,0.016016300201416016,0.033600000000000005,,,,,,,,1.0,,,,,1.0,,,1.0,0.0,0.0,,,,203.54497800000001,4102.381216933038,0.10740746340070774
ideal_e1_h2_vqe_B5_cad16_seed127,h2_vqe,embedded_same_family_active_space,ideal,e1,127,,B5,cadence_sweep,full_contract,parallel_fs,parallel_fs,,0.0,16,12,"{'G0': True, 'GA': True, 'GB': True, 'GC': True, 'GD': True, 'GE': True, 'GF': True, 'GH': True}",replay,True,True,False,False,2026-03-20T18:25:42+00:00,2026-03-20T18:25:42.943296+00:00,0.1.0,,4273.0,0.016016300201416016,0.033600000000000005,,,,,,,,1.0,,,,,1.0,,,1.0,0.0,0.0,,,,203.54497800000001,4102.381216933038,0.10740746340070774
ideal_e1_h2_vqe_B5_cad16_seed131,h2_vqe,embedded_same_family_active_space,ideal,e1,131,,B5,cadence_sweep,full_contract,parallel_fs,parallel_fs,,0.0,16,12,"{'G0': True, 'GA': True, 'GB': True, 'GC': True, 'GD': True, 'GE': True, 'GF': True, 'GH': True}",replay,True,True,False,False,2026-03-15T09:17:31+00:00,2026-03-15T09:17:31.943296+00:00,0.1.0,,4273.0,0.016016300201416016,0.033600000000000005,,,,,,,,1.0,,,,,1.0,,,1.0,0.0,0.0,,,,203.54497800000001,4102.381216933038,0.10740746340070774
ideal_e1_h2_vqe_B5_cad16_seed137,h2_vqe,embedded_same_family_active_space,ideal,e1,137,,B5,cadence_sweep,full_contract,parallel_fs,parallel_fs,,0.0,16,12,"{'G0': True, 'GA': True, 'GB': True, 'GC': True, 'GD': True, 'GE': True, 'GF': True, 'GH': True}",replay,True,True,False,False,2026-03-18T04:03:54+00:00,2026-03-18T04:03:54.943296+00:00,0.1.0,,4273.0,0.016016300201416016,0.033600000000000005,,,,,,,,1.0,,,,,1.0,,,1.0,0.0,0.0,,,,203.54497800000001,4102.381216933038,0.10740746340070774
ideal_e1_h2_vqe_B5_cad16_seed149,h2_vqe,embedded_same_family_active_space,ideal,e1,149,,B5,cadence_sweep,full_contract,parallel_fs,parallel_fs,,0.0,16,12,"{'G0': True, 'GA': True, 'GB': True, 'GC': True, 'GD': True, 'GE': True, 'GF': True, 'GH': True}",replay,True,True,False,False,2026-03-07T15:30:42+00:00,2026-03-07T15:30:42.943296+00:00,0.1.0,,4273.0,0.016016300201416016,0.033600000000000005,,,,,,,,1.0,,,,,1.0,,,1.0,0.0,0.0,,,,203.54497800000001,4102.381216933038,0.10740746340070774
ideal_e1_h2_vqe_B5_cad16_seed157,h2_vqe,embedded_same_family_active_space,ideal,e1,157,,B5,cadence_sweep,full_contract,parallel_fs,parallel_fs,,0.0,16,12,"{'G0': True, 'GA': True, 'GB': True, 'GC': True, 'GD': True, 'GE': True, 'GF': True, 'GH': True}",replay,True,True,False,False,2026-03-30T21:10:52+00:00,2026-03-30T21:10:52.943296+00:00,0.1.0,,4273.0,0.016016300201416016,0.033600000000000005,,,,,,,,1.0,,,,,1.0,,,1.0,0.0,0.0,,,,203.54497800000001,4102.381216933038,0.10740746340070774
ideal_e1_h2_vqe_B5_cad16_seed163,h2_vqe,embedded_same_family_active_space,ideal,e1,163,,B5,cadence_sweep,full_contract,parallel_fs,parallel_fs,,0.0,16,12,"{'G0': True, 'GA': True, 'GB': True, 'GC': True, 'GD': True, 'GE': True, 'GF': True, 'GH': True}",replay,True,True,False,False,2026-03-06T06:15:01+00:00,2026-03-06T06:15:01.943296+00:00,0.1.0,,4273.0,0.016016300201416016,0.033600000000000005,,,,,,,,1.0,,,,,1.0,,,1.0,0.0,0.0,,,,203.54497800000001,4102.381216933038,0.10740746340070774
ideal_e1_adapt_vqe_B1_cad1_seed11,adapt_vqe,adapt_style_larger_active_space,ideal,e1,11,,B1,cadence_sweep,full_contract,parallel_fs,parallel_fs,,0.0,1,12,"{'G0': True, 'GA': True, 'GB': False, 'GC': False, 'GD': False, 'GE': False, 'GF': False, 'GH': False}",replay,True,True,False,False,2026-03-19T03:54:06+00:00,2026-03-19T03:54:07.026474+00:00,0.1.0,,1049.0,0.01600400161743164,0.06895,,,,,,,,1.0,,,,,1.0,,,1.0,0.0,0.0,,,,0.005200000000000001,0.06120959461588231,12.310770474947414
ideal_e1_adapt_vqe_B1_cad1_seed17,adapt_vqe,adapt_style_larger_active_space,ideal,e1,17,,B1,cadence_sweep,full_contract,parallel_fs,parallel_fs,,0.0,1,12,"{'G0': True, 'GA': True, 'GB': False, 'GC': False, 'GD': False, 'GE': False, 'GF': False, 'GH': False}",replay,True,True,False,False,2026-03-23T14:53:10+00:00,2026-03-23T14:53:11.026474+00:00,0.1.0,,1049.0,0.01600400161743164,0.06895,,,,,,,,1.0,,,,,1.0,,,1.0,0.0,0.0,,,,0.005200000000000001,0.06120959461588231,12.310770474947414
ideal_e1_adapt_vqe_B1_cad1_seed23,adapt_vqe,adapt_style_larger_active_space,ideal,e1,23,,B1,cadence_sweep,full_contract,parallel_fs,parallel_fs,,0.0,1,12,"{'G0': True, 'GA': True, 'GB': False, 'GC': False, 'GD': False, 'GE': False, 'GF': False, 'GH': False}",replay,True,True,False,False,2026-03-25T17:07:12+00:00,2026-03-25T17:07:13.026474+00:00,0.1.0,,1049.0,0.01600400161743164,0.06895,,,,,,,,1.0,,,,,1.0,,,1.0,0.0,0.0,,,,0.005200000000000001,0.06120959461588231,12.310770474947414
ideal_e1_adapt_vqe_B1_cad1_seed31,adapt_vqe,adapt_style_larger_active_space,ideal,e1,31,,B1,cadence_sweep,full_contract,parallel_fs,parallel_fs,,0.0,1,12,"{'G0': True, 'GA': True, 'GB': False, 'GC': False, 'GD': False, 'GE': False, 'GF': False, 'GH': False}",replay,True,True,False,False,2026-03-27T10:52:51+00:00,2026-03-27T10:52:52.026474+00:00,0.1.0,,1049.0,0.01600400161743164,0.06895,,,,,,,,1.0,,,,,1.0,,,1.0,0.0,0.0,,,,0.005200000000000001,0.06120959461588231,12.310770474947414
ideal_e1_adapt_vqe_B1_cad1_seed43,adapt_vqe,adapt_style_larger_active_space,ideal,e1,43,,B1,cadence_sweep,full_contract,parallel_fs,parallel_fs,,0.0,1,12,"{'G0': True, 'GA': True, 'GB': False, 'GC': False, 'GD': False, 'GE': False, 'GF': False, 'GH': False}",replay,True,True,False,False,2026-03-03T15:40:13+00:00,2026-03-03T15:40:14.026474+00:00,0.1.0,,1049.0,0.01600400161743164,0.06895,,,,,,,,1.0,,,,,1.0,,,1.0,0.0,0.0,,,,0.005200000000000001,0.06120959461588231,12.310770474947414
ideal_e1_adapt_vqe_B1_cad1_seed59,adapt_vqe,adapt_style_larger_active_space,ideal,e1,59,,B1,cadence_sweep,full_contract,parallel_fs,parallel_fs,,0.0,1,12,"{'G0': True, 'GA': True, 'GB': False, 'GC': False, 'GD': False, 'GE': False, 'GF': False, 'GH': False}",replay,True,True,False,False,2026-03-21T08:52:47+00:00,2026-03-21T08:52:48.026474+00:00,0.1.0,,1049.0,0.01600400161743164,0.06895,,,,,,,,1.0,,,,,1.0,,,1.0,0.0,0.0,,,,0.005200000000000001,0.06120959461588231,12.310770474947414
ideal_e1_adapt_vqe_B1_cad1_seed71,adapt_vqe,adapt_style_larger_active_space,ideal,e1,71,,B1,cadence_sweep,full_contract,parallel_fs,parallel_fs,,0.0,1,12,"{'G0': True, 'GA': True, 'GB': False, 'GC': False, 'GD': False, 'GE': False, 'GF': False, 'GH': False}",replay,True,True,False,False,2026-03-09T06:30:27+00:00,2026-03-09T06:30:28.026474+00:00,0.1.0,,1049.0,0.01600400161743164,0.06895,,,,,,,,1.0,,,,,1.0,,,1.0,0.0,0.0,,,,0.005200000000000001,0.06120959461588231,12.310770474947414
ideal_e1_adapt_vqe_B1_cad1_seed83,adapt_vqe,adapt_style_larger_active_space,ideal,e1,83,,B1,cadence_sweep,full_contract,parallel_fs,parallel_fs,,0.0,1,12,"{'G0': True, 'GA': True, 'GB': False, 'GC': False, 'GD': False, 'GE': False, 'GF': False, 'GH': False}",replay,True,True,False,False,2026-03-14T01:20:50+00:00,2026-03-14T01:20:51.026474+00:00,0.1.0,,1049.0,0.01600400161743164,0.06895,,,,,,,,1.0,,,,,1.0,,,1.0,0.0,0.0,,,,0.005200000000000001,0.06120959461588231,12.310770474947414
ideal_e1_adapt_vqe_B1_cad1_seed97,adapt_vqe,adapt_style_larger_active_space,ideal,e1,97,,B1,cadence_sweep,full_contract,parallel_fs,parallel_fs,,0.0,1,12,"{'G0': True, 'GA': True, 'GB': False, 'GC': False, 'GD': False, 'GE': False, 'GF': False, 'GH': False}",replay,True,True,False,False,2026-03-17T20:15:25+00:00,2026-03-17T20:15:26.026474+00:00,0.1.0,,1049.0,0.01600400161743164,0.06895,,,,,,,,1.0,,,,,1.0,,,1.0,0.0,0.0,,,,0.005200000000000001,0.06120959461588231,12.310770474947414
ideal_e1_adapt_vqe_B1_cad1_seed101,adapt_vqe,adapt_style_larger_active_space,ideal,e1,101,,B1,cadence_sweep,full_contract,parallel_fs,parallel_fs,,0.0,1,12,"{'G0': True, 'GA': True, 'GB': False, 'GC': False, 'GD': False, 'GE': False, 'GF': False, 'GH': False}",replay,True,True,False,False,2026-03-17T18:51:45+00:00,2026-03-17T18:51:46.026474+00:00,0.1.0,,1049.0,0.01600400161743164,0.06895,,,,,,,,1.0,,,,,1.0,,,1.0,0.0,0.0,,,,0.005200000000000001,0.06120959461588231,12.310770474947414
ideal_e1_adapt_vqe_B1_cad1_seed107,adapt_vqe,adapt_style_larger_active_space,ideal,e1,107,,B1,cadence_sweep,full_contract,parallel_fs,parallel_fs,,0.0,1,12,"{'G0': True, 'GA': True, 'GB': False, 'GC': False, 'GD': False, 'GE': False, 'GF': False, 'GH': False}",replay,True,True,False,False,2026-03-13T17:42:13+00:00,2026-03-13T17:42:14.026474+00:00,0.1.0,,1049.0,0.01600400161743164,0.06895,,,,,,,,1.0,,,,,1.0,,,1.0,0.0,0.0,,,,0.005200000000000001,0.06120959461588231,12.310770474947414
ideal_e1_adapt_vqe_B1_cad1_seed113,adapt_vqe,adapt_style_larger_active_space,ideal,e1,113,,B1,cadence_sweep,full_contract,parallel_fs,parallel_fs,,0.0,1,12,"{'G0': True, 'GA': True, 'GB': False, 'GC': False, 'GD': False, 'GE': False, 'GF': False, 'GH': False}",replay,True,True,False,False,2026-03-04T01:54:28+00:00,2026-03-04T01:54:29.026474+00:00,0.1.0,,1049.0,0.01600400161743164,0.06895,,,,,,,,1.0,,,,,1.0,,,1.0,0.0,0.0,,,,0.005200000000000001,0.06120959461588231,12.310770474947414
ideal_e1_adapt_vqe_B1_cad1_seed127,adapt_vqe,adapt_style_larger_active_space,ideal,e1,127,,B1,cadence_sweep,full_contract,parallel_fs,parallel_fs,,0.0,1,12,"{'G0': True, 'GA': True, 'GB': False, 'GC': False, 'GD': False, 'GE': False, 'GF': False, 'GH': False}",replay,True,True,False,False,2026-03-30T00:05:16+00:00,2026-03-30T00:05:17.026474+00:00,0.1.0,,1049.0,0.01600400161743164,0.06895,,,,,,,,1.0,,,,,1.0,,,1.0,0.0,0.0,,,,0.005200000000000001,0.06120959461588231,12.310770474947414
ideal_e1_adapt_vqe_B1_cad1_seed131,adapt_vqe,adapt_style_larger_active_space,ideal,e1,131,,B1,cadence_sweep,full_contract,parallel_fs,parallel_fs,,0.0,1,12,"{'G0': True, 'GA': True, 'GB': False, 'GC': False, 'GD': False, 'GE': False, 'GF': False, 'GH': False}",replay,True,True,False,False,2026-03-06T10:53:27+00:00,2026-03-06T10:53:28.026474+00:00,0.1.0,,1049.0,0.01600400161743164,0.06895,,,,,,,,1.0,,,,,1.0,,,1.0,0.0,0.0,,,,0.005200000000000001,0.06120959461588231,12.310770474947414
ideal_e1_adapt_vqe_B1_cad1_seed137,adapt_vqe,adapt_style_larger_active_space,ideal,e1,137,,B1,cadence_sweep,full_contract,parallel_fs,parallel_fs,,0.0,1,12,"{'G0': True, 'GA': True, 'GB': False, 'GC': False, 'GD': False, 'GE': False, 'GF': False, 'GH': False}",replay,True,True,False,False,2026-03-10T16:44:56+00:00,2026-03-10T16:44:57.026474+00:00,0.1.0,,1049.0,0.01600400161743164,0.06895,,,,,,,,1.0,,,,,1.0,,,1.0,0.0,0.0,,,,0.005200000000000001,0.06120959461588231,12.310770474947414
ideal_e1_adapt_vqe_B1_cad1_seed149,adapt_vqe,adapt_style_larger_active_space,ideal,e1,149,,B1,cadence_sweep,full_contract,parallel_fs,parallel_fs,,0.0,1,12,"{'G0': True, 'GA': True, 'GB': False, 'GC': False, 'GD': False, 'GE': False, 'GF': False, 'GH': False}",replay,True,True,False,False,2026-03-27T21:25:21+00:00,2026-03-27T21:25:22.026474+00:00,0.1.0,,1049.0,0.01600400161743164,0.06895,,,,,,,,1.0,,,,,1.0,,,1.0,0.0,0.0,,,,0.005200000000000001,0.06120959461588231,12.310770474947414
ideal_e1_adapt_vqe_B1_cad1_seed157,adapt_vqe,adapt_style_larger_active_space,ideal,e1,157,,B1,cadence_sweep,full_contract,parallel_fs,parallel_fs,,0.0,1,12,"{'G0': True, 'GA': True, 'GB': False, 'GC': False, 'GD': False, 'GE': False, 'GF': False, 'GH': False}",replay,True,True,False,False,2026-03-23T03:52:16+00:00,2026-03-23T03:52:17.026474+00:00,0.1.0,,1049.0,0.01600400161743164,0.06895,,,,,,,,1.0,,,,,1.0,,,1.0,0.0,0.0,,,,0.005200000000000001,0.06120959461588231,12.310770474947414
ideal_e1_adapt_vqe_B1_cad1_seed163,adapt_vqe,adapt_style_larger_active_space,ideal,e1,163,,B1,cadence_sweep,full_contract,parallel_fs,parallel_fs,,0.0,1,12,"{'G0': True, 'GA': True, 'GB': False, 'GC': False, 'GD': False, 'GE': False, 'GF': False, 'GH': False}",replay,True,True,False,False,2026-03-06T13:59:03+00:00,2026-03-06T13:59:04.026474+00:00,0.1.0,,1049.0,0.01600400161743164,0.06895,,,,,,,,1.0,,,,,1.0,,,1.0,0.0,0.0,,,,0.005200000000000001,0.06120959461588231,12.310770474947414
ideal_e1_adapt_vqe_B1_cad2_seed11,adapt_vqe,adapt_style_larger_active_space,ideal,e1,11,,B1,cadence_sweep,full_contract,parallel_fs,parallel_fs,,0.0,2,12,"{'G0': True, 'GA': True, 'GB': False, 'GC': False, 'GD': False, 'GE': False, 'GF': False, 'GH': False}",replay,True,True,False,False,2026-03-04T01:07:23+00:00,2026-03-04T01:07:24.026474+00:00,0.1.0,,1049.0,0.01600400161743164,0.06895,,,,,,,,1.0,,,,,1.0,,,1.0,0.0,0.0,,,,0.020800000000000003,0.24483837846352924,12.310770474947414
ideal_e1_adapt_vqe_B1_cad2_seed17,adapt_vqe,adapt_style_larger_active_space,ideal,e1,17,,B1,cadence_sweep,full_contract,parallel_fs,parallel_fs,,0.0,2,12,"{'G0': True, 'GA': True, 'GB': False, 'GC': False, 'GD': False, 'GE': False, 'GF': False, 'GH': False}",replay,True,True,False,False,2026-03-25T05:21:11+00:00,2026-03-25T05:21:12.026474+00:00,0.1.0,,1049.0,0.01600400161743164,0.06895,,,,,,,,1.0,,,,,1.0,,,1.0,0.0,0.0,,,,0.020800000000000003,0.24483837846352924,12.310770474947414
ideal_e1_adapt_vqe_B1_cad2_seed23,adapt_vqe,adapt_style_larger_active_space,ideal,e1,23,,B1,cadence_sweep,full_contract,parallel_fs,parallel_fs,,0.0,2,12,"{'G0': True, 'GA': True, 'GB': False, 'GC': False, 'GD': False, 'GE': False, 'GF': False, 'GH': False}",replay,True,True,False,False,2026-03-19T05:43:15+00:00,2026-03-19T05:43:16.026474+00:00,0.1.0,,1049.0,0.01600400161743164,0.06895,,,,,,,,1.0,,,,,1.0,,,1.0,0.0,0.0,,,,0.020800000000000003,0.24483837846352924,12.310770474947414
ideal_e1_adapt_vqe_B1_cad2_seed31,adapt_vqe,adapt_style_larger_active_space,ideal,e1,31,,B1,cadence_sweep,full_contract,parallel_fs,parallel_fs,,0.0,2,12,"{'G0': True, 'GA': True, 'GB': False, 'GC': False, 'GD': False, 'GE': False, 'GF': False, 'GH': False}",replay,True,True,False,False,2026-03-12T14:34:02+00:00,2026-03-12T14:34:03.026474+00:00,0.1.0,,1049.0,0.01600400161743164,0.06895,,,,,,,,1.0,,,,,1.0,,,1.0,0.0,0.0,,,,0.020800000000000003,0.24483837846352924,12.310770474947414
ideal_e1_adapt_vqe_B1_cad2_seed43,adapt_vqe,adapt_style_larger_active_space,ideal,e1,43,,B1,cadence_sweep,full_contract,parallel_fs,parallel_fs,,0.0,2,12,"{'G0': True, 'GA': True, 'GB': False, 'GC': False, 'GD': False, 'GE': False, 'GF': False, 'GH': False}",replay,True,True,False,False,2026-03-15T13:11:39+00:00,2026-03-15T13:11:40.026474+00:00,0.1.0,,1049.0,0.01600400161743164,0.06895,,,,,,,,1.0,,,,,1.0,,,1.0,0.0,0.0,,,,0.020800000000000003,0.24483837846352924,12.310770474947414
ideal_e1_adapt_vqe_B1_cad2_seed59,adapt_vqe,adapt_style_larger_active_space,ideal,e1,59,,B1,cadence_sweep,full_contract,parallel_fs,parallel_fs,,0.0,2,12,"{'G0': True, 'GA': True, 'GB': False, 'GC': False, 'GD': False, 'GE': False, 'GF': False, 'GH': False}",replay,True,True,False,False,2026-03-20T00:01:10+00:00,2026-03-20T00:01:11.026474+00:00,0.1.0,,1049.0,0.01600400161743164,0.06895,,,,,,,,1.0,,,,,1.0,,,1.0,0.0,0.0,,,,0.020800000000000003,0.24483837846352924,12.310770474947414
ideal_e1_adapt_vqe_B1_cad2_seed71,adapt_vqe,adapt_style_larger_active_space,ideal,e1,71,,B1,cadence_sweep,full_contract,parallel_fs,parallel_fs,,0.0,2,12,"{'G0': True, 'GA': True, 'GB': False, 'GC': False, 'GD': False, 'GE': False, 'GF': False, 'GH': False}",replay,True,True,False,False,2026-03-18T17:38:58+00:00,2026-03-18T17:38:59.026474+00:00,0.1.0,,1049.0,0.01600400161743164,0.06895,,,,,,,,1.0,,,,,1.0,,,1.0,0.0,0.0,,,,0.020800000000000003,0.24483837846352924,12.310770474947414
ideal_e1_adapt_vqe_B1_cad2_seed83,adapt_vqe,adapt_style_larger_active_space,ideal,e1,83,,B1,cadence_sweep,full_contract,parallel_fs,parallel_fs,,0.0,2,12,"{'G0': True, 'GA': True, 'GB': False, 'GC': False, 'GD': False, 'GE': False, 'GF': False, 'GH': False}",replay,True,True,False,False,2026-03-03T02:06:52+00:00,2026-03-03T02:06:53.026474+00:00,0.1.0,,1049.0,0.01600400161743164,0.06895,,,,,,,,1.0,,,,,1.0,,,1.0,0.0,0.0,,,,0.020800000000000003,0.24483837846352924,12.310770474947414
ideal_e1_adapt_vqe_B1_cad2_seed97,adapt_vqe,adapt_style_larger_active_space,ideal,e1,97,,B1,cadence_sweep,full_contract,parallel_fs,parallel_fs,,0.0,2,12,"{'G0': True, 'GA': True, 'GB': False, 'GC': False, 'GD': False, 'GE': False, 'GF': False, 'GH': False}",replay,True,True,False,False,2026-03-28T22:43:33+00:00,2026-03-28T22:43:34.026474+00:00,0.1.0,,1049.0,0.01600400161743164,0.06895,,,,,,,,1.0,,,,,1.0,,,1.0,0.0,0.0,,,,0.020800000000000003,0.24483837846352924,12.310770474947414
ideal_e1_adapt_vqe_B1_cad2_seed101,adapt_vqe,adapt_style_larger_active_space,ideal,e1,101,,B1,cadence_sweep,full_contract,parallel_fs,parallel_fs,,0.0,2,12,"{'G0': True, 'GA': True, 'GB': False, 'GC': False, 'GD': False, 'GE': False, 'GF': False, 'GH': False}",replay,True,True,False,False,2026-03-25T10:40:57+00:00,2026-03-25T10:40:58.026474+00:00,0.1.0,,1049.0,0.01600400161743164,0.06895,,,,,,,,1.0,,,,,1.0,,,1.0,0.0,0.0,,,,0.020800000000000003,0.24483837846352924,12.310770474947414
ideal_e1_adapt_vqe_B1_cad2_seed107,adapt_vqe,adapt_style_larger_active_space,ideal,e1,107,,B1,cadence_sweep,full_contract,parallel_fs,parallel_fs,,0.0,2,12,"{'G0': True, 'GA': True, 'GB': False, 'GC': False, 'GD': False, 'GE': False, 'GF': False, 'GH': False}",replay,True,True,False,False,2026-03-22T22:33:22+00:00,2026-03-22T22:33:23.026474+00:00,0.1.0,,1049.0,0.01600400161743164,0.06895,,,,,,,,1.0,,,,,1.0,,,1.0,0.0,0.0,,,,0.020800000000000003,0.24483837846352924,12.310770474947414
ideal_e1_adapt_vqe_B1_cad2_seed113,adapt_vqe,adapt_style_larger_active_space,ideal,e1,113,,B1,cadence_sweep,full_contract,parallel_fs,parallel_fs,,0.0,2,12,"{'G0': True, 'GA': True, 'GB': False, 'GC': False, 'GD': False, 'GE': False, 'GF': False, 'GH': False}",replay,True,True,False,False,2026-03-04T13:03:34+00:00,2026-03-04T13:03:35.026474+00:00,0.1.0,,1049.0,0.01600400161743164,0.06895,,,,,,,,1.0,,,,,1.0,,,1.0,0.0,0.0,,,,0.020800000000000003,0.24483837846352924,12.310770474947414
ideal_e1_adapt_vqe_B1_cad2_seed127,adapt_vqe,adapt_style_larger_active_space,ideal,e1,127,,B1,cadence_sweep,full_contract,parallel_fs,parallel_fs,,0.0,2,12,"{'G0': True, 'GA': True, 'GB': False, 'GC': False, 'GD': False, 'GE': False, 'GF': False, 'GH': False}",replay,True,True,False,False,2026-03-02T11:49:58+00:00,2026-03-02T11:49:59.026474+00:00,0.1.0,,1049.0,0.01600400161743164,0.06895,,,,,,,,1.0,,,,,1.0,,,1.0,0.0,0.0,,,,0.020800000000000003,0.24483837846352924,12.310770474947414
ideal_e1_adapt_vqe_B1_cad2_seed131,adapt_vqe,adapt_style_larger_active_space,ideal,e1,131,,B1,cadence_sweep,full_contract,parallel_fs,parallel_fs,,0.0,2,12,"{'G0': True, 'GA': True, 'GB': False, 'GC': False, 'GD': False, 'GE': False, 'GF': False, 'GH': False}",replay,True,True,False,False,2026-03-05T13:28:57+00:00,2026-03-05T13:28:58.026474+00:00,0.1.0,,1049.0,0.01600400161743164,0.06895,,,,,,,,1.0,,,,,1.0,,,1.0,0.0,0.0,,,,0.020800000000000003,0.24483837846352924,12.310770474947414
ideal_e1_adapt_vqe_B1_cad2_seed137,adapt_vqe,adapt_style_larger_active_space,ideal,e1,137,,B1,cadence_sweep,full_contract,parallel_fs,parallel_fs,,0.0,2,12,"{'G0': True, 'GA': True, 'GB': False, 'GC': False, 'GD': False, 'GE': False, 'GF': False, 'GH': False}",replay,True,True,False,False,2026-03-01T02:25:54+00:00,2026-03-01T02:25:55.026474+00:00,0.1.0,,1049.0,0.01600400161743164,0.06895,,,,,,,,1.0,,,,,1.0,,,1.0,0.0,0.0,,,,0.020800000000000003,0.24483837846352924,12.310770474947414
ideal_e1_adapt_vqe_B1_cad2_seed149,adapt_vqe,adapt_style_larger_active_space,ideal,e1,149,,B1,cadence_sweep,full_contract,parallel_fs,parallel_fs,,0.0,2,12,"{'G0': True, 'GA': True, 'GB': False, 'GC': False, 'GD': False, 'GE': False, 'GF': False, 'GH': False}",replay,True,True,False,False,2026-03-12T10:43:30+00:00,2026-03-12T10:43:31.026474+00:00,0.1.0,,1049.0,0.01600400161743164,0.06895,,,,,,,,1.0,,,,,1.0,,,1.0,0.0,0.0,,,,0.020800000000000003,0.24483837846352924,12.310770474947414
ideal_e1_adapt_vqe_B1_cad2_seed157,adapt_vqe,adapt_style_larger_active_space,ideal,e1,157,,B1,cadence_sweep,full_contract,parallel_fs,parallel_fs,,0.0,2,12,"{'G0': True, 'GA': True, 'GB': False, 'GC': False, 'GD': False, 'GE': False, 'GF': False, 'GH': False}",replay,True,True,False,False,2026-03-12T00:34:51+00:00,2026-03-12T00:34:52.026474+00:00,0.1.0,,1049.0,0.01600400161743164,0.06895,,,,,,,,1.0,,,,,1.0,,,1.0,0.0,0.0,,,,0.020800000000000003,0.24483837846352924,12.310770474947414
ideal_e1_adapt_vqe_B1_cad2_seed163,adapt_vqe,adapt_style_larger_active_space,ideal,e1,163,,B1,cadence_sweep,full_contract,parallel_fs,parallel_fs,,0.0,2,12,"{'G0': True, 'GA': True, 'GB': False, 'GC': False, 'GD': False, 'GE': False, 'GF': False, 'GH': False}",replay,True,True,False,False,2026-03-06T08:29:33+00:00,2026-03-06T08:29:34.026474+00:00,0.1.0,,1049.0,0.01600400161743164,0.06895,,,,,,,,1.0,,,,,1.0,,,1.0,0.0,0.0,,,,0.020800000000000003,0.24483837846352924,12.310770474947414
ideal_e1_adapt_vqe_B1_cad4_seed11,adapt_vqe,adapt_style_larger_active_space,ideal,e1,11,,B1,cadence_sweep,full_contract,parallel_fs,parallel_fs,,0.0,4,12,"{'G0': True, 'GA': True, 'GB': False, 'GC': False, 'GD': False, 'GE': False, 'GF': False, 'GH': False}",replay,True,True,False,False,2026-03-24T18:13:24+00:00,2026-03-24T18:13:25.026474+00:00,0.1.0,,1049.0,0.01600400161743164,0.06895,,,,,,,,1.0,,,,,1.0,,,1.0,0.0,0.0,,,,0.0624,0.7345151353905877,12.310770474947414
ideal_e1_adapt_vqe_B1_cad4_seed17,adapt_vqe,adapt_style_larger_active_space,ideal,e1,17,,B1,cadence_sweep,full_contract,parallel_fs,parallel_fs,,0.0,4,12,"{'G0': True, 'GA': True, 'GB': False, 'GC': False, 'GD': False, 'GE': False, 'GF': False, 'GH': False}",replay,True,True,False,False,2026-03-23T03:07:13+00:00,2026-03-23T03:07:14.026474+00:00,0.1.0,,1049.0,0.01600400161743164,0.06895,,,,,,,,1.0,,,,,1.0,,,1.0,0.0,0.0,,,,0.0624,0.7345151353905877,12.310770474947414
ideal_e1_adapt_vqe_B1_cad4_seed23,adapt_vqe,adapt_style_larger_active_space,ideal,e1,23,,B1,cadence_sweep,full_contract,parallel_fs,parallel_fs,,0.0,4,12,"{'G0': True, 'GA': True, 'GB': False, 'GC': False, 'GD': False, 'GE': False, 'GF': False, 'GH': False}",replay,True,True,False,False,2026-03-25T21:40:42+00:00,2026-03-25T21:40:43.026474+00:00,0.1.0,,1049.0,0.01600400161743164,0.06895,,,,,,,,1.0,,,,,1.0,,,1.0,0.0,0.0,,,,0.0624,0.7345151353905877,12.310770474947414
ideal_e1_adapt_vqe_B1_cad4_seed31,adapt_vqe,adapt_style_larger_active_space,ideal,e1,31,,B1,cadence_sweep,full_contract,parallel_fs,parallel_fs,,0.0,4,12,"{'G0': True, 'GA': True, 'GB': False, 'GC': False, 'GD': False, 'GE': False, 'GF': False, 'GH': False}",replay,True,True,False,False,2026-03-23T13:25:29+00:00,2026-03-23T13:25:30.026474+00:00,0.1.0,,1049.0,0.01600400161743164,0.06895,,,,,,,,1.0,,,,,1.0,,,1.0,0.0,0.0,,,,0.0624,0.7345151353905877,12.310770474947414
ideal_e1_adapt_vqe_B1_cad4_seed43,adapt_vqe,adapt_style_larger_active_space,ideal,e1,43,,B1,cadence_sweep,full_contract,parallel_fs,parallel_fs,,0.0,4,12,"{'G0': True, 'GA': True, 'GB': False, 'GC': False, 'GD': False, 'GE': False, 'GF': False, 'GH': False}",replay,True,True,False,False,2026-03-13T11:56:56+00:00,2026-03-13T11:56:57.026474+00:00,0.1.0,,1049.0,0.01600400161743164,0.06895,,,,,,,,1.0,,,,,1.0,,,1.0,0.0,0.0,,,,0.0624,0.7345151353905877,12.310770474947414
ideal_e1_adapt_vqe_B1_cad4_seed59,adapt_vqe,adapt_style_larger_active_space,ideal,e1,59,,B1,cadence_sweep,full_contract,parallel_fs,parallel_fs,,0.0,4,12,"{'G0': True, 'GA': True, 'GB': False, 'GC': False, 'GD': False, 'GE': False, 'GF': False, 'GH': False}",replay,True,True,False,False,2026-03-09T16:32:12+00:00,2026-03-09T16:32:13.026474+00:00,0.1.0,,1049.0,0.01600400161743164,0.06895,,,,,,,,1.0,,,,,1.0,,,1.0,0.0,0.0,,,,0.0624,0.7345151353905877,12.310770474947414
ideal_e1_adapt_vqe_B1_cad4_seed71,adapt_vqe,adapt_style_larger_active_space,ideal,e1,71,,B1,cadence_sweep,full_contract,parallel_fs,parallel_fs,,0.0,4,12,"{'G0': True, 'GA': True, 'GB': False, 'GC': False, 'GD': False, 'GE': False, 'GF': False, 'GH': False}",replay,True,True,False,False,2026-03-21T20:45:32+00:00,2026-03-21T20:45:33.026474+00:00,0.1.0,,1049.0,0.01600400161743164,0.06895,,,,,,,,1.0,,,,,1.0,,,1.0,0.0,0.0,,,,0.0624,0.7345151353905877,12.310770474947414
ideal_e1_adapt_vqe_B1_cad4_seed83,adapt_vqe,adapt_style_larger_active_space,ideal,e1,83,,B1,cadence_sweep,full_contract,parallel_fs,parallel_fs,,0.0,4,12,"{'G0': True, 'GA': True, 'GB': False, 'GC': False, 'GD': False, 'GE': False, 'GF': False, 'GH': False}",replay,True,True,False,False,2026-03-19T05:00:07+00:00,2026-03-19T05:00:08.026474+00:00,0.1.0,,1049.0,0.01600400161743164,0.06895,,,,,,,,1.0,,,,,1.0,,,1.0,0.0,0.0,,,,0.0624,0.7345151353905877,12.310770474947414
ideal_e1_adapt_vqe_B1_cad4_seed97,adapt_vqe,adapt_style_larger_active_space,ideal,e1,97,,B1,cadence_sweep,full_contract,parallel_fs,parallel_fs,,0.0,4,12,"{'G0': True, 'GA': True, 'GB': False, 'GC': False, 'GD': False, 'GE': False, 'GF': False, 'GH': False}",replay,True,True,False,False,2026-03-13T06:47:58+00:00,2026-03-13T06:47:59.026474+00:00,0.1.0,,1049.0,0.01600400161743164,0.06895,,,,,,,,1.0,,,,,1.0,,,1.0,0.0,0.0,,,,0.0624,0.7345151353905877,12.310770474947414
ideal_e1_adapt_vqe_B1_cad4_seed101,adapt_vqe,adapt_style_larger_active_space,ideal,e1,101,,B1,cadence_sweep,full_contract,parallel_fs,parallel_fs,,0.0,4,12,"{'G0': True, 'GA': True, 'GB': False, 'GC': False, 'GD': False, 'GE': False, 'GF': False, 'GH': False}",replay,True,True,False,False,2026-03-08T08:42:11+00:00,2026-03-08T08:42:12.026474+00:00,0.1.0,,1049.0,0.01600400161743164,0.06895,,,,,,,,1.0,,,,,1.0,,,1.0,0.0,0.0,,,,0.0624,0.7345151353905877,12.310770474947414
ideal_e1_adapt_vqe_B1_cad4_seed107,adapt_vqe,adapt_style_larger_active_space,ideal,e1,107,,B1,cadence_sweep,full_contract,parallel_fs,parallel_fs,,0.0,4,12,"{'G0': True, 'GA': True, 'GB': False, 'GC': False, 'GD': False, 'GE': False, 'GF': False, 'GH': False}",replay,True,True,False,False,2026-03-13T17:24:53+00:00,2026-03-13T17:24:54.026474+00:00,0.1.0,,1049.0,0.01600400161743164,0.06895,,,,,,,,1.0,,,,,1.0,,,1.0,0.0,0.0,,,,0.0624,0.7345151353905877,12.310770474947414
ideal_e1_adapt_vqe_B1_cad4_seed113,adapt_vqe,adapt_style_larger_active_space,ideal,e1,113,,B1,cadence_sweep,full_contract,parallel_fs,parallel_fs,,0.0,4,12,"{'G0': True, 'GA': True, 'GB': False, 'GC': False, 'GD': False, 'GE': False, 'GF': False, 'GH': False}",replay,True,True,False,False,2026-03-07T00:21:16+00:00,2026-03-07T00:21:17.026474+00:00,0.1.0,,1049.0,0.01600400161743164,0.06895,,,,,,,,1.0,,,,,1.0,,,1.0,0.0,0.0,,,,0.0624,0.7345151353905877,12.310770474947414
ideal_e1_adapt_vqe_B1_cad4_seed127,adapt_vqe,adapt_style_larger_active_space,ideal,e1,127,,B1,cadence_sweep,full_contract,parallel_fs,parallel_fs,,0.0,4,12,"{'G0': True, 'GA': True, 'GB': False, 'GC': False, 'GD': False, 'GE': False, 'GF': False, 'GH': False}",replay,True,True,False,False,2026-03-11T19:23:38+00:00,2026-03-11T19:23:39.026474+00:00,0.1.0,,1049.0,0.01600400161743164,0.06895,,,,,,,,1.0,,,,,1.0,,,1.0,0.0,0.0,,,,0.0624,0.7345151353905877,12.310770474947414
ideal_e1_adapt_vqe_B1_cad4_seed131,adapt_vqe,adapt_style_larger_active_space,ideal,e1,131,,B1,cadence_sweep,full_contract,parallel_fs,parallel_fs,,0.0,4,12,"{'G0': True, 'GA': True, 'GB': False, 'GC': False, 'GD': False, 'GE': False, 'GF': False, 'GH': False}",replay,True,True,False,False,2026-03-13T16:05:46+00:00,2026-03-13T16:05:47.026474+00:00,0.1.0,,1049.0,0.01600400161743164,0.06895,,,,,,,,1.0,,,,,1.0,,,1.0,0.0,0.0,,,,0.0624,0.7345151353905877,12.310770474947414
ideal_e1_adapt_vqe_B1_cad4_seed137,adapt_vqe,adapt_style_larger_active_space,ideal,e1,137,,B1,cadence_sweep,full_contract,parallel_fs,parallel_fs,,0.0,4,12,"{'G0': True, 'GA': True, 'GB': False, 'GC': False, 'GD': False, 'GE': False, 'GF': False, 'GH': False}",replay,True,True,False,False,2026-03-30T05:57:30+00:00,2026-03-30T05:57:31.026474+00:00,0.1.0,,1049.0,0.01600400161743164,0.06895,,,,,,,,1.0,,,,,1.0,,,1.0,0.0,0.0,,,,0.0624,0.7345151353905877,12.310770474947414
ideal_e1_adapt_vqe_B1_cad4_seed149,adapt_vqe,adapt_style_larger_active_space,ideal,e1,149,,B1,cadence_sweep,full_contract,parallel_fs,parallel_fs,,0.0,4,12,"{'G0': True, 'GA': True, 'GB': False, 'GC': False, 'GD': False, 'GE': False, 'GF': False, 'GH': False}",replay,True,True,False,False,2026-03-05T05:42:04+00:00,2026-03-05T05:42:05.026474+00:00,0.1.0,,1049.0,0.01600400161743164,0.06895,,,,,,,,1.0,,,,,1.0,,,1.0,0.0,0.0,,,,0.0624,0.7345151353905877,12.310770474947414
ideal_e1_adapt_vqe_B1_cad4_seed157,adapt_vqe,adapt_style_larger_active_space,ideal,e1,157,,B1,cadence_sweep,full_contract,parallel_fs,parallel_fs,,0.0,4,12,"{'G0': True, 'GA': True, 'GB': False, 'GC': False, 'GD': False, 'GE': False, 'GF': False, 'GH': False}",replay,True,True,False,False,2026-03-13T02:52:21+00:00,2026-03-13T02:52:22.026474+00:00,0.1.0,,1049.0,0.01600400161743164,0.06895,,,,,,,,1.0,,,,,1.0,,,1.0,0.0,0.0,,,,0.0624,0.7345151353905877,12.310770474947414
ideal_e1_adapt_vqe_B1_cad4_seed163,adapt_vqe,adapt_style_larger_active_space,ideal,e1,163,,B1,cadence_sweep,full_contract,parallel_fs,parallel_fs,,0.0,4,12,"{'G0': True, 'GA': True, 'GB': False, 'GC': False, 'GD': False, 'GE': False, 'GF': False, 'GH': False}",replay,True,True,False,False,2026-03-05T04:46:56+00:00,2026-03-05T04:46:57.026474+00:00,0.1.0,,1049.0,0.01600400161743164,0.06895,,,,,,,,1.0,,,,,1.0,,,1.0,0.0,0.0,,,,0.0624,0.7345151353905877,12.310770474947414
ideal_e1_adapt_vqe_B1_cad8_seed11,adapt_vqe,adapt_style_larger_active_space,ideal,e1,11,,B1,cadence_sweep,full_contract,parallel_fs,parallel_fs,,0.0,8,12,"{'G0': True, 'GA': True, 'GB': False, 'GC': False, 'GD': False, 'GE': False, 'GF': False, 'GH': False}",replay,True,True,False,False,2026-03-12T16:37:05+00:00,2026-03-12T16:37:06.026474+00:00,0.1.0,,1049.0,0.01600400161743164,0.06895,,,,,,,,1.0,,,,,1.0,,,1.0,0.0,0.0,,,,0.1456,1.7138686492447046,12.310770474947414
ideal_e1_adapt_vqe_B1_cad8_seed17,adapt_vqe,adapt_style_larger_active_space,ideal,e1,17,,B1,cadence_sweep,full_contract,parallel_fs,parallel_fs,,0.0,8,12,"{'G0': True, 'GA': True, 'GB': False, 'GC': False, 'GD': False, 'GE': False, 'GF': False, 'GH': False}",replay,True,True,False,False,2026-03-23T16:48:50+00:00,2026-03-23T16:48:51.026474+00:00,0.1.0,,1049.0,0.01600400161743164,0.06895,,,,,,,,1.0,,,,,1.0,,,1.0,0.0,0.0,,,,0.1456,1.7138686492447046,12.310770474947414
ideal_e1_adapt_vqe_B1_cad8_seed23,adapt_vqe,adapt_style_larger_active_space,ideal,e1,23,,B1,cadence_sweep,full_contract,parallel_fs,parallel_fs,,0.0,8,12,"{'G0': True, 'GA': True, 'GB': False, 'GC': False, 'GD': False, 'GE': False, 'GF': False, 'GH': False}",replay,True,True,False,False,2026-03-13T06:24:14+00:00,2026-03-13T06:24:15.026474+00:00,0.1.0,,1049.0,0.01600400161743164,0.06895,,,,,,,,1.0,,,,,1.0,,,1.0,0.0,0.0,,,,0.1456,1.7138686492447046,12.310770474947414
ideal_e1_adapt_vqe_B1_cad8_seed31,adapt_vqe,adapt_style_larger_active_space,ideal,e1,31,,B1,cadence_sweep,full_contract,parallel_fs,parallel_fs,,0.0,8,12,"{'G0': True, 'GA': True, 'GB': False, 'GC': False, 'GD': False, 'GE': False, 'GF': False, 'GH': False}",replay,True,True,False,False,2026-03-22T22:06:06+00:00,2026-03-22T22:06:07.026474+00:00,0.1.0,,1049.0,0.01600400161743164,0.06895,,,,,,,,1.0,,,,,1.0,,,1.0,0.0,0.0,,,,0.1456,1.7138686492447046,12.310770474947414
ideal_e1_adapt_vqe_B1_cad8_seed43,adapt_vqe,adapt_style_larger_active_space,ideal,e1,43,,B1,cadence_sweep,full_contract,parallel_fs,parallel_fs,,0.0,8,12,"{'G0': True, 'GA': True, 'GB': False, 'GC': False, 'GD': False, 'GE': False, 'GF': False, 'GH': False}",replay,True,True,False,False,2026-03-03T05:32:50+00:00,2026-03-03T05:32:51.026474+00:00,0.1.0,,1049.0,0.01600400161743164,0.06895,,,,,,,,1.0,,,,,1.0,,,1.0,0.0,0.0,,,,0.1456,1.7138686492447046,12.310770474947414
ideal_e1_adapt_vqe_B1_cad8_seed59,adapt_vqe,adapt_style_larger_active_space,ideal,e1,59,,B1,cadence_sweep,full_contract,parallel_fs,parallel_fs,,0.0,8,12,"{'G0': True, 'GA': True, 'GB': False, 'GC': False, 'GD': False, 'GE': False, 'GF': False, 'GH': False}",replay,True,True,False,False,2026-03-18T09:23:46+00:00,2026-03-18T09:23:47.026474+00:00,0.1.0,,1049.0,0.01600400161743164,0.06895,,,,,,,,1.0,,,,,1.0,,,1.0,0.0,0.0,,,,0.1456,1.7138686492447046,12.310770474947414
ideal_e1_adapt_vqe_B1_cad8_seed71,adapt_vqe,adapt_style_larger_active_space,ideal,e1,71,,B1,cadence_sweep,full_contract,parallel_fs,parallel_fs,,0.0,8,12,"{'G0': True, 'GA': True, 'GB': False, 'GC': False, 'GD': False, 'GE': False, 'GF': False, 'GH': False}",replay,True,True,False,False,2026-03-03T00:36:25+00:00,2026-03-03T00:36:26.026474+00:00,0.1.0,,1049.0,0.01600400161743164,0.06895,,,,,,,,1.0,,,,,1.0,,,1.0,0.0,0.0,,,,0.1456,1.7138686492447046,12.310770474947414
ideal_e1_adapt_vqe_B1_cad8_seed83,adapt_vqe,adapt_style_larger_active_space,ideal,e1,83,,B1,cadence_sweep,full_contract,parallel_fs,parallel_fs,,0.0,8,12,"{'G0': True, 'GA': True, 'GB': False, 'GC': False, 'GD': False, 'GE': False, 'GF': False, 'GH': False}",replay,True,True,False,False,2026-03-03T09:06:16+00:00,2026-03-03T09:06:17.026474+00:00,0.1.0,,1049.0,0.01600400161743164,0.06895,,,,,,,,1.0,,,,,1.0,,,1.0,0.0,0.0,,,,0.1456,1.7138686492447046,12.310770474947414
ideal_e1_adapt_vqe_B1_cad8_seed97,adapt_vqe,adapt_style_larger_active_space,ideal,e1,97,,B1,cadence_sweep,full_contract,parallel_fs,parallel_fs,,0.0,8,12,"{'G0': True, 'GA': True, 'GB': False, 'GC': False, 'GD': False, 'GE': False, 'GF': False, 'GH': False}",replay,True,True,False,False,2026-03-09T23:43:28+00:00,2026-03-09T23:43:29.026474+00:00,0.1.0,,1049.0,0.01600400161743164,0.06895,,,,,,,,1.0,,,,,1.0,,,1.0,0.0,0.0,,,,0.1456,1.7138686492447046,12.310770474947414
ideal_e1_adapt_vqe_B1_cad8_seed101,adapt_vqe,adapt_style_larger_active_space,ideal,e1,101,,B1,cadence_sweep,full_contract,parallel_fs,parallel_fs,,0.0,8,12,"{'G0': True, 'GA': True, 'GB': False, 'GC': False, 'GD': False, 'GE': False, 'GF': False, 'GH': False}",replay,True,True,False,False,2026-03-11T02:42:56+00:00,2026-03-11T02:42:57.026474+00:00,0.1.0,,1049.0,0.01600400161743164,0.06895,,,,,,,,1.0,,,,,1.0,,,1.0,0.0,0.0,,,,0.1456,1.7138686492447046,12.310770474947414
ideal_e1_adapt_vqe_B1_cad8_seed107,adapt_vqe,adapt_style_larger_active_space,ideal,e1,107,,B1,cadence_sweep,full_contract,parallel_fs,parallel_fs,,0.0,8,12,"{'G0': True, 'GA': True, 'GB': False, 'GC': False, 'GD': False, 'GE': False, 'GF': False, 'GH': False}",replay,True,True,False,False,2026-03-07T11:06:40+00:00,2026-03-07T11:06:41.026474+00:00,0.1.0,,1049.0,0.01600400161743164,0.06895,,,,,,,,1.0,,,,,1.0,,,1.0,0.0,0.0,,,,0.1456,1.7138686492447046,12.310770474947414
ideal_e1_adapt_vqe_B1_cad8_seed113,adapt_vqe,adapt_style_larger_active_space,ideal,e1,113,,B1,cadence_sweep,full_contract,parallel_fs,parallel_fs,,0.0,8,12,"{'G0': True, 'GA': True, 'GB': False, 'GC': False, 'GD': False, 'GE': False, 'GF': False, 'GH': False}",replay,True,True,False,False,2026-03-02T05:29:31+00:00,2026-03-02T05:29:32.026474+00:00,0.1.0,,1049.0,0.01600400161743164,0.06895,,,,,,,,1.0,,,,,1.0,,,1.0,0.0,0.0,,,,0.1456,1.7138686492447046,12.310770474947414
ideal_e1_adapt_vqe_B1_cad8_seed127,adapt_vqe,adapt_style_larger_active_space,ideal,e1,127,,B1,cadence_sweep,full_contract,parallel_fs,parallel_fs,,0.0,8,12,"{'G0': True, 'GA': True, 'GB': False, 'GC': False, 'GD': False, 'GE': False, 'GF': False, 'GH': False}",replay,True,True,False,False,2026-03-14T20:55:20+00:00,2026-03-14T20:55:21.026474+00:00,0.1.0,,1049.0,0.01600400161743164,0.06895,,,,,,,,1.0,,,,,1.0,,,1.0,0.0,0.0,,,,0.1456,1.7138686492447046,12.310770474947414
ideal_e1_adapt_vqe_B1_cad8_seed131,adapt_vqe,adapt_style_larger_active_space,ideal,e1,131,,B1,cadence_sweep,full_contract,parallel_fs,parallel_fs,,0.0,8,12,"{'G0': True, 'GA': True, 'GB': False, 'GC': False, 'GD': False, 'GE': False, 'GF': False, 'GH': False}",replay,True,True,False,False,2026-03-28T12:36:22+00:00,2026-03-28T12:36:23.026474+00:00,0.1.0,,1049.0,0.01600400161743164,0.06895,,,,,,,,1.0,,,,,1.0,,,1.0,0.0,0.0,,,,0.1456,1.7138686492447046,12.310770474947414
ideal_e1_adapt_vqe_B1_cad8_seed137,adapt_vqe,adapt_style_larger_active_space,ideal,e1,137,,B1,cadence_sweep,full_contract,parallel_fs,parallel_fs,,0.0,8,12,"{'G0': True, 'GA': True, 'GB': False, 'GC': False, 'GD': False, 'GE': False, 'GF': False, 'GH': False}",replay,True,True,False,False,2026-03-04T22:42:37+00:00,2026-03-04T22:42:38.026474+00:00,0.1.0,,1049.0,0.01600400161743164,0.06895,,,,,,,,1.0,,,,,1.0,,,1.0,0.0,0.0,,,,0.1456,1.7138686492447046,12.310770474947414
ideal_e1_adapt_vqe_B1_cad8_seed149,adapt_vqe,adapt_style_larger_active_space,ideal,e1,149,,B1,cadence_sweep,full_contract,parallel_fs,parallel_fs,,0.0,8,12,"{'G0': True, 'GA': True, 'GB': False, 'GC': False, 'GD': False, 'GE': False, 'GF': False, 'GH': False}",replay,True,True,False,False,2026-03-01T15:52:41+00:00,2026-03-01T15:52:42.026474+00:00,0.1.0,,1049.0,0.01600400161743164,0.06895,,,,,,,,1.0,,,,,1.0,,,1.0,0.0,0.0,,,,0.1456,1.7138686492447046,12.310770474947414
ideal_e1_adapt_vqe_B1_cad8_seed157,adapt_vqe,adapt_style_larger_active_space,ideal,e1,157,,B1,cadence_sweep,full_contract,parallel_fs,parallel_fs,,0.0,8,12,"{'G0': True, 'GA': True, 'GB': False, 'GC': False, 'GD': False, 'GE': False, 'GF': False, 'GH': False}",replay,True,True,False,False,2026-03-18T00:31:13+00:00,2026-03-18T00:31:14.026474+00:00,0.1.0,,1049.0,0.01600400161743164,0.06895,,,,,,,,1.0,,,,,1.0,,,1.0,0.0,0.0,,,,0.1456,1.7138686492447046,12.310770474947414
ideal_e1_adapt_vqe_B1_cad8_seed163,adapt_vqe,adapt_style_larger_active_space,ideal,e1,163,,B1,cadence_sweep,full_contract,parallel_fs,parallel_fs,,0.0,8,12,"{'G0': True, 'GA': True, 'GB': False, 'GC': False, 'GD': False, 'GE': False, 'GF': False, 'GH': False}",replay,True,True,False,False,2026-03-16T03:10:13+00:00,2026-03-16T03:10:14.026474+00:00,0.1.0,,1049.0,0.01600400161743164,0.06895,,,,,,,,1.0,,,,,1.0,,,1.0,0.0,0.0,,,,0.1456,1.7138686492447046,12.310770474947414
ideal_e1_adapt_vqe_B1_cad16_seed11,adapt_vqe,adapt_style_larger_active_space,ideal,e1,11,,B1,cadence_sweep,full_contract,parallel_fs,parallel_fs,,0.0,16,12,"{'G0': True, 'GA': True, 'GB': False, 'GC': False, 'GD': False, 'GE': False, 'GF': False, 'GH': False}",replay,True,True,False,False,2026-03-26T05:33:45+00:00,2026-03-26T05:33:46.026474+00:00,0.1.0,,1049.0,0.01600400161743164,0.06895,,,,,,,,1.0,,,,,1.0,,,1.0,0.0,0.0,,,,0.312,3.6725756769529383,12.310770474947414
ideal_e1_adapt_vqe_B1_cad16_seed17,adapt_vqe,adapt_style_larger_active_space,ideal,e1,17,,B1,cadence_sweep,full_contract,parallel_fs,parallel_fs,,0.0,16,12,"{'G0': True, 'GA': True, 'GB': False, 'GC': False, 'GD': False, 'GE': False, 'GF': False, 'GH': False}",replay,True,True,False,False,2026-03-24T15:48:18+00:00,2026-03-24T15:48:19.026474+00:00,0.1.0,,1049.0,0.01600400161743164,0.06895,,,,,,,,1.0,,,,,1.0,,,1.0,0.0,0.0,,,,0.312,3.6725756769529383,12.310770474947414
ideal_e1_adapt_vqe_B1_cad16_seed23,adapt_vqe,adapt_style_larger_active_space,ideal,e1,23,,B1,cadence_sweep,full_contract,parallel_fs,parallel_fs,,0.0,16,12,"{'G0': True, 'GA': True, 'GB': False, 'GC': False, 'GD': False, 'GE': False, 'GF': False, 'GH': False}",replay,True,True,False,False,2026-03-23T02:32:39+00:00,2026-03-23T02:32:40.026474+00:00,0.1.0,,1049.0,0.01600400161743164,0.06895,,,,,,,,1.0,,,,,1.0,,,1.0,0.0,0.0,,,,0.312,3.6725756769529383,12.310770474947414
ideal_e1_adapt_vqe_B1_cad16_seed31,adapt_vqe,adapt_style_larger_active_space,ideal,e1,31,,B1,cadence_sweep,full_contract,parallel_fs,parallel_fs,,0.0,16,12,"{'G0': True, 'GA': True, 'GB': False, 'GC': False, 'GD': False, 'GE': False, 'GF': False, 'GH': False}",replay,True,True,False,False,2026-03-12T01:09:16+00:00,2026-03-12T01:09:17.026474+00:00,0.1.0,,1049.0,0.01600400161743164,0.06895,,,,,,,,1.0,,,,,1.0,,,1.0,0.0,0.0,,,,0.312,3.6725756769529383,12.310770474947414
ideal_e1_adapt_vqe_B1_cad16_seed43,adapt_vqe,adapt_style_larger_active_space,ideal,e1,43,,B1,cadence_sweep,full_contract,parallel_fs,parallel_fs,,0.0,16,12,"{'G0': True, 'GA': True, 'GB': False, 'GC': False, 'GD': False, 'GE': False, 'GF': False, 'GH': False}",replay,True,True,False,False,2026-03-25T15:13:58+00:00,2026-03-25T15:13:59.026474+00:00,0.1.0,,1049.0,0.01600400161743164,0.06895,,,,,,,,1.0,,,,,1.0,,,1.0,0.0,0.0,,,,0.312,3.6725756769529383,12.310770474947414
ideal_e1_adapt_vqe_B1_cad16_seed59,adapt_vqe,adapt_style_larger_active_space,ideal,e1,59,,B1,cadence_sweep,full_contract,parallel_fs,parallel_fs,,0.0,16,12,"{'G0': True, 'GA': True, 'GB': False, 'GC': False, 'GD': False, 'GE': False, 'GF': False, 'GH': False}",replay,True,True,False,False,2026-03-14T16:36:06+00:00,2026-03-14T16:36:07.026474+00:00,0.1.0,,1049.0,0.01600400161743164,0.06895,,,,,,,,1.0,,,,,1.0,,,1.0,0.0,0.0,,,,0.312,3.6725756769529383,12.310770474947414
ideal_e1_adapt_vqe_B1_cad16_seed71,adapt_vqe,adapt_style_larger_active_space,ideal,e1,71,,B1,cadence_sweep,full_contract,parallel_fs,parallel_fs,,0.0,16,12,"{'G0': True, 'GA': True, 'GB': False, 'GC': False, 'GD': False, 'GE': False, 'GF': False, 'GH': False}",replay,True,True,False,False,2026-03-09T23:14:46+00:00,2026-03-09T23:14:47.026474+00:00,0.1.0,,1049.0,0.01600400161743164,0.06895,,,,,,,,1.0,,,,,1.0,,,1.0,0.0,0.0,,,,0.312,3.6725756769529383,12.310770474947414
ideal_e1_adapt_vqe_B1_cad16_seed83,adapt_vqe,adapt_style_larger_active_space,ideal,e1,83,,B1,cadence_sweep,full_contract,parallel_fs,parallel_fs,,0.0,16,12,"{'G0': True, 'GA': True, 'GB': False, 'GC': False, 'GD': False, 'GE': False, 'GF': False, 'GH': False}",replay,True,True,False,False,2026-03-26T21:47:52+00:00,2026-03-26T21:47:53.026474+00:00,0.1.0,,1049.0,0.01600400161743164,0.06895,,,,,,,,1.0,,,,,1.0,,,1.0,0.0,0.0,,,,0.312,3.6725756769529383,12.310770474947414
ideal_e1_adapt_vqe_B1_cad16_seed97,adapt_vqe,adapt_style_larger_active_space,ideal,e1,97,,B1,cadence_sweep,full_contract,parallel_fs,parallel_fs,,0.0,16,12,"{'G0': True, 'GA': True, 'GB': False, 'GC': False, 'GD': False, 'GE': False, 'GF': False, 'GH': False}",replay,True,True,False,False,2026-03-02T15:00:41+00:00,2026-03-02T15:00:42.026474+00:00,0.1.0,,1049.0,0.01600400161743164,0.06895,,,,,,,,1.0,,,,,1.0,,,1.0,0.0,0.0,,,,0.312,3.6725756769529383,12.310770474947414
ideal_e1_adapt_vqe_B1_cad16_seed101,adapt_vqe,adapt_style_larger_active_space,ideal,e1,101,,B1,cadence_sweep,full_contract,parallel_fs,parallel_fs,,0.0,16,12,"{'G0': True, 'GA': True, 'GB': False, 'GC': False, 'GD': False, 'GE': False, 'GF': False, 'GH': False}",replay,True,True,False,False,2026-03-09T08:51:22+00:00,2026-03-09T08:51:23.026474+00:00,0.1.0,,1049.0,0.01600400161743164,0.06895,,,,,,,,1.0,,,,,1.0,,,1.0,0.0,0.0,,,,0.312,3.6725756769529383,12.310770474947414
ideal_e1_adapt_vqe_B1_cad16_seed107,adapt_vqe,adapt_style_larger_active_space,ideal,e1,107,,B1,cadence_sweep,full_contract,parallel_fs,parallel_fs,,0.0,16,12,"{'G0': True, 'GA': True, 'GB': False, 'GC': False, 'GD': False, 'GE': False, 'GF': False, 'GH': False}",replay,True,True,False,False,2026-03-06T06:50:24+00:00,2026-03-06T06:50:25.026474+00:00,0.1.0,,1049.0,0.01600400161743164,0.06895,,,,,,,,1.0,,,,,1.0,,,1.0,0.0,0.0,,,,0.312,3.6725756769529383,12.310770474947414
ideal_e1_adapt_vqe_B1_cad16_seed113,adapt_vqe,adapt_style_larger_active_space,ideal,e1,113,,B1,cadence_sweep,full_contract,parallel_fs,parallel_fs,,0.0,16,12,"{'G0': True, 'GA': True, 'GB': False, 'GC': False, 'GD': False, 'GE': False, 'GF': False, 'GH': False}",replay,True,True,False,False,2026-03-14T09:29:47+00:00,2026-03-14T09:29:48.026474+00:00,0.1.0,,1049.0,0.01600400161743164,0.06895,,,,,,,,1.0,,,,,1.0,,,1.0,0.0,0.0,,,,0.312,3.6725756769529383,12.310770474947414
ideal_e1_adapt_vqe_B1_cad16_seed127,adapt_vqe,adapt_style_larger_active_space,ideal,e1,127,,B1,cadence_sweep,full_contract,parallel_fs,parallel_fs,,0.0,16,12,"{'G0': True, 'GA': True, 'GB': False, 'GC': False, 'GD': False, 'GE': False, 'GF': False, 'GH': False}",replay,True,True,False,False,2026-03-22T20:46:45+00:00,2026-03-22T20:46:46.026474+00:00,0.1.0,,1049.0,0.01600400161743164,0.06895,,,,,,,,1.0,,,,,1.0,,,1.0,0.0,0.0,,,,0.312,3.6725756769529383,12.310770474947414
ideal_e1_adapt_vqe_B1_cad16_seed131,adapt_vqe,adapt_style_larger_active_space,ideal,e1,131,,B1,cadence_sweep,full_contract,parallel_fs,parallel_fs,,0.0,16,12,"{'G0': True, 'GA': True, 'GB': False, 'GC': False, 'GD': False, 'GE': False, 'GF': False, 'GH': False}",replay,True,True,False,False,2026-03-15T11:56:16+00:00,2026-03-15T11:56:17.026474+00:00,0.1.0,,1049.0,0.01600400161743164,0.06895,,,,,,,,1.0,,,,,1.0,,,1.0,0.0,0.0,,,,0.312,3.6725756769529383,12.310770474947414
ideal_e1_adapt_vqe_B1_cad16_seed137,adapt_vqe,adapt_style_larger_active_space,ideal,e1,137,,B1,cadence_sweep,full_contract,parallel_fs,parallel_fs,,0.0,16,12,"{'G0': True, 'GA': True, 'GB': False, 'GC': False, 'GD': False, 'GE': False, 'GF': False, 'GH': False}",replay,True,True,False,False,2026-03-17T22:13:50+00:00,2026-03-17T22:13:51.026474+00:00,0.1.0,,1049.0,0.01600400161743164,0.06895,,,,,,,,1.0,,,,,1.0,,,1.0,0.0,0.0,,,,0.312,3.6725756769529383,12.310770474947414
ideal_e1_adapt_vqe_B1_cad16_seed149,adapt_vqe,adapt_style_larger_active_space,ideal,e1,149,,B1,cadence_sweep,full_contract,parallel_fs,parallel_fs,,0.0,16,12,"{'G0': True, 'GA': True, 'GB': False, 'GC': False, 'GD': False, 'GE': False, 'GF': False, 'GH': False}",replay,True,True,False,False,2026-03-29T12:04:54+00:00,2026-03-29T12:04:55.026474+00:00,0.1.0,,1049.0,0.01600400161743164,0.06895,,,,,,,,1.0,,,,,1.0,,,1.0,0.0,0.0,,,,0.312,3.6725756769529383,12.310770474947414
ideal_e1_adapt_vqe_B1_cad16_seed157,adapt_vqe,adapt_style_larger_active_space,ideal,e1,157,,B1,cadence_sweep,full_contract,parallel_fs,parallel_fs,,0.0,16,12,"{'G0': True, 'GA': True, 'GB': False, 'GC': False, 'GD': False, 'GE': False, 'GF': False, 'GH': False}",replay,True,True,False,False,2026-03-15T00:58:37+00:00,2026-03-15T00:58:38.026474+00:00,0.1.0,,1049.0,0.01600400161743164,0.06895,,,,,,,,1.0,,,,,1.0,,,1.0,0.0,0.0,,,,0.312,3.6725756769529383,12.310770474947414
ideal_e1_adapt_vqe_B1_cad16_seed163,adapt_vqe,adapt_style_larger_active_space,ideal,e1,163,,B1,cadence_sweep,full_contract,parallel_fs,parallel_fs,,0.0,16,12,"{'G0': True, 'GA': True, 'GB': False, 'GC': False, 'GD': False, 'GE': False, 'GF': False, 'GH': False}",replay,True,True,False,False,2026-03-25T07:06:54+00:00,2026-03-25T07:06:55.026474+00:00,0.1.0,,1049.0,0.01600400161743164,0.06895,,,,,,,,1.0,,,,,1.0,,,1.0,0.0,0.0,,,,0.312,3.6725756769529383,12.310770474947414
ideal_e1_adapt_vqe_B2_cad1_seed11,adapt_vqe,adapt_style_larger_active_space,ideal,e1,11,,B2,cadence_sweep,full_contract,parallel_fs,parallel_fs,,0.0,1,12,"{'G0': True, 'GA': True, 'GB': False, 'GC': False, 'GD': True, 'GE': True, 'GF': False, 'GH': False}",replay,True,True,False,False,2026-03-18T08:55:57+00:00,2026-03-18T08:55:58.026475+00:00,0.1.0,,1288.0,0.016004913330078124,0.06895,,,,,,,,1.0,,,,,1.0,,,1.0,0.0,0.0,,,,0.011900000000000003,0.14007429980847064,9.414654900045955
ideal_e1_adapt_vqe_B2_cad1_seed17,adapt_vqe,adapt_style_larger_active_space,ideal,e1,17,,B2,cadence_sweep,full_contract,parallel_fs,parallel_fs,,0.0,1,12,"{'G0': True, 'GA': True, 'GB': False, 'GC': False, 'GD': True, 'GE': True, 'GF': False, 'GH': False}",replay,True,True,False,False,2026-03-24T18:16:01+00:00,2026-03-24T18:16:02.026475+00:00,0.1.0,,1288.0,0.016004913330078124,0.06895,,,,,,,,1.0,,,,,1.0,,,1.0,0.0,0.0,,,,0.011900000000000003,0.14007429980847064,9.414654900045955
ideal_e1_adapt_vqe_B2_cad1_seed23,adapt_vqe,adapt_style_larger_active_space,ideal,e1,23,,B2,cadence_sweep,full_contract,parallel_fs,parallel_fs,,0.0,1,12,"{'G0': True, 'GA': True, 'GB': False, 'GC': False, 'GD': True, 'GE': True, 'GF': False, 'GH': False}",replay,True,True,False,False,2026-03-28T15:48:27+00:00,2026-03-28T15:48:28.026475+00:00,0.1.0,,1288.0,0.016004913330078124,0.06895,,,,,,,,1.0,,,,,1.0,,,1.0,0.0,0.0,,,,0.011900000000000003,0.14007429980847064,9.414654900045955
ideal_e1_adapt_vqe_B2_cad1_seed31,adapt_vqe,adapt_style_larger_active_space,ideal,e1,31,,B2,cadence_sweep,full_contract,parallel_fs,parallel_fs,,0.0,1,12,"{'G0': True, 'GA': True, 'GB': False, 'GC': False, 'GD': True, 'GE': True, 'GF': False, 'GH': False}",replay,True,True,False,False,2026-03-15T22:06:26+00:00,2026-03-15T22:06:27.026475+00:00,0.1.0,,1288.0,0.016004913330078124,0.06895,,,,,,,,1.0,,,,,1.0,,,1.0,0.0,0.0,,,,0.011900000000000003,0.14007429980847064,9.414654900045955
ideal_e1_adapt_vqe_B2_cad1_seed43,adapt_vqe,adapt_style_larger_active_space,ideal,e1,43,,B2,cadence_sweep,full_contract,parallel_fs,parallel_fs,,0.0,1,12,"{'G0': True, 'GA': True, 'GB': False, 'GC': False, 'GD': True, 'GE': True, 'GF': False, 'GH': False}",replay,True,True,False,False,2026-03-07T11:00:24+00:00,2026-03-07T11:00:25.026475+00:00,0.1.0,,1288.0,0.016004913330078124,0.06895,,,,,,,,1.0,,,,,1.0,,,1.0,0.0,0.0,,,,0.011900000000000003,0.14007429980847064,9.414654900045955
ideal_e1_adapt_vqe_B2_cad1_seed59,adapt_vqe,adapt_style_larger_active_space,ideal,e1,59,,B2,cadence_sweep,full_contract,parallel_fs,parallel_fs,,0.0,1,12,"{'G0': True, 'GA': True, 'GB': False, 'GC': False, 'GD': True, 'GE': True, 'GF': False, 'GH': False}",replay,True,True,False,False,2026-03-06T15:10:24+00:00,2026-03-06T15:10:25.026475+00:00,0.1.0,,1288.0,0.016004913330078124,0.06895,,,,,,,,1.0,,,,,1.0,,,1.0,0.0,0.0,,,,0.011900000000000003,0.14007429980847064,9.414654900045955
ideal_e1_adapt_vqe_B2_cad1_seed71,adapt_vqe,adapt_style_larger_active_space,ideal,e1,71,,B2,cadence_sweep,full_contract,parallel_fs,parallel_fs,,0.0,1,12,"{'G0': True, 'GA': True, 'GB': False, 'GC': False, 'GD': True, 'GE': True, 'GF': False, 'GH': False}",replay,True,True,False,False,2026-03-04T16:25:25+00:00,2026-03-04T16:25:26.026475+00:00,0.1.0,,1288.0,0.016004913330078124,0.06895,,,,,,,,1.0,,,,,1.0,,,1.0,0.0,0.0,,,,0.011900000000000003,0.14007429980847064,9.414654900045955
ideal_e1_adapt_vqe_B2_cad1_seed83,adapt_vqe,adapt_style_larger_active_space,ideal,e1,83,,B2,cadence_sweep,full_contract,parallel_fs,parallel_fs,,0.0,1,12,"{'G0': True, 'GA': True, 'GB': False, 'GC': False, 'GD': True, 'GE': True, 'GF': False, 'GH': False}",replay,True,True,False,False,2026-03-16T06:37:38+00:00,2026-03-16T06:37:39.026475+00:00,0.1.0,,1288.0,0.016004913330078124,0.06895,,,,,,,,1.0,,,,,1.0,,,1.0,0.0,0.0,,,,0.011900000000000003,0.14007429980847064,9.414654900045955
ideal_e1_adapt_vqe_B2_cad1_seed97,adapt_vqe,adapt_style_larger_active_space,ideal,e1,97,,B2,cadence_sweep,full_contract,parallel_fs,parallel_fs,,0.0,1,12,"{'G0': True, 'GA': True, 'GB': False, 'GC': False, 'GD': True, 'GE': True, 'GF': False, 'GH': False}",replay,True,True,False,False,2026-03-30T23:33:26+00:00,2026-03-30T23:33:27.026475+00:00,0.1.0,,1288.0,0.016004913330078124,0.06895,,,,,,,,1.0,,,,,1.0,,,1.0,0.0,0.0,,,,0.011900000000000003,0.14007429980847064,9.414654900045955
ideal_e1_adapt_vqe_B2_cad1_seed101,adapt_vqe,adapt_style_larger_active_space,ideal,e1,101,,B2,cadence_sweep,full_contract,parallel_fs,parallel_fs,,0.0,1,12,"{'G0': True, 'GA': True, 'GB': False, 'GC': False, 'GD': True, 'GE': True, 'GF': False, 'GH': False}",replay,True,True,False,False,2026-03-28T03:45:30+00:00,2026-03-28T03:45:31.026475+00:00,0.1.0,,1288.0,0.016004913330078124,0.06895,,,,,,,,1.0,,,,,1.0,,,1.0,0.0,0.0,,,,0.011900000000000003,0.14007429980847064,9.414654900045955
ideal_e1_adapt_vqe_B2_cad1_seed107,adapt_vqe,adapt_style_larger_active_space,ideal,e1,107,,B2,cadence_sweep,full_contract,parallel_fs,parallel_fs,,0.0,1,12,"{'G0': True, 'GA': True, 'GB': False, 'GC': False, 'GD': True, 'GE': True, 'GF': False, 'GH': False}",replay,True,True,False,False,2026-03-11T19:21:35+00:00,2026-03-11T19:21:36.026475+00:00,0.1.0,,1288.0,0.016004913330078124,0.06895,,,,,,,,1.0,,,,,1.0,,,1.0,0.0,0.0,,,,0.011900000000000003,0.14007429980847064,9.414654900045955
ideal_e1_adapt_vqe_B2_cad1_seed113,adapt_vqe,adapt_style_larger_active_space,ideal,e1,113,,B2,cadence_sweep,full_contract,parallel_fs,parallel_fs,,0.0,1,12,"{'G0': True, 'GA': True, 'GB': False, 'GC': False, 'GD': True, 'GE': True, 'GF': False, 'GH': False}",replay,True,True,False,False,2026-03-26T01:53:15+00:00,2026-03-26T01:53:16.026475+00:00,0.1.0,,1288.0,0.016004913330078124,0.06895,,,,,,,,1.0,,,,,1.0,,,1.0,0.0,0.0,,,,0.011900000000000003,0.14007429980847064,9.414654900045955
ideal_e1_adapt_vqe_B2_cad1_seed127,adapt_vqe,adapt_style_larger_active_space,ideal,e1,127,,B2,cadence_sweep,full_contract,parallel_fs,parallel_fs,,0.0,1,12,"{'G0': True, 'GA': True, 'GB': False, 'GC': False, 'GD': True, 'GE': True, 'GF': False, 'GH': False}",replay,True,True,False,False,2026-03-18T03:31:47+00:00,2026-03-18T03:31:48.026475+00:00,0.1.0,,1288.0,0.016004913330078124,0.06895,,,,,,,,1.0,,,,,1.0,,,1.0,0.0,0.0,,,,0.011900000000000003,0.14007429980847064,9.414654900045955
ideal_e1_adapt_vqe_B2_cad1_seed131,adapt_vqe,adapt_style_larger_active_space,ideal,e1,131,,B2,cadence_sweep,full_contract,parallel_fs,parallel_fs,,0.0,1,12,"{'G0': True, 'GA': True, 'GB': False, 'GC': False, 'GD': True, 'GE': True, 'GF': False, 'GH': False}",replay,True,True,False,False,2026-03-27T00:00:26+00:00,2026-03-27T00:00:27.026475+00:00,0.1.0,,1288.0,0.016004913330078124,0.06895,,,,,,,,1.0,,,,,1.0,,,1.0,0.0,0.0,,,,0.011900000000000003,0.14007429980847064,9.414654900045955
ideal_e1_adapt_vqe_B2_cad1_seed137,adapt_vqe,adapt_style_larger_active_space,ideal,e1,137,,B2,cadence_sweep,full_contract,parallel_fs,parallel_fs,,0.0,1,12,"{'G0': True, 'GA': True, 'GB': False, 'GC': False, 'GD': True, 'GE': True, 'GF': False, 'GH': False}",replay,True,True,False,False,2026-03-21T23:12:55+00:00,2026-03-21T23:12:56.026475+00:00,0.1.0,,1288.0,0.016004913330078124,0.06895,,,,,,,,1.0,,,,,1.0,,,1.0,0.0,0.0,,,,0.011900000000000003,0.14007429980847064,9.414654900045955
ideal_e1_adapt_vqe_B2_cad1_seed149,adapt_vqe,adapt_style_larger_active_space,ideal,e1,149,,B2,cadence_sweep,full_contract,parallel_fs,parallel_fs,,0.0,1,12,"{'G0': True, 'GA': True, 'GB': False, 'GC': False, 'GD': True, 'GE': True, 'GF': False, 'GH': False}",replay,True,True,False,False,2026-03-17T03:31:28+00:00,2026-03-17T03:31:29.026475+00:00,0.1.0,,1288.0,0.016004913330078124,0.06895,,,,,,,,1.0,,,,,1.0,,,1.0,0.0,0.0,,,,0.011900000000000003,0.14007429980847064,9.414654900045955
ideal_e1_adapt_vqe_B2_cad1_seed157,adapt_vqe,adapt_style_larger_active_space,ideal,e1,157,,B2,cadence_sweep,full_contract,parallel_fs,parallel_fs,,0.0,1,12,"{'G0': True, 'GA': True, 'GB': False, 'GC': False, 'GD': True, 'GE': True, 'GF': False, 'GH': False}",replay,True,True,False,False,2026-03-20T08:16:39+00:00,2026-03-20T08:16:40.026475+00:00,0.1.0,,1288.0,0.016004913330078124,0.06895,,,,,,,,1.0,,,,,1.0,,,1.0,0.0,0.0,,,,0.011900000000000003,0.14007429980847064,9.414654900045955
ideal_e1_adapt_vqe_B2_cad1_seed163,adapt_vqe,adapt_style_larger_active_space,ideal,e1,163,,B2,cadence_sweep,full_contract,parallel_fs,parallel_fs,,0.0,1,12,"{'G0': True, 'GA': True, 'GB': False, 'GC': False, 'GD': True, 'GE': True, 'GF': False, 'GH': False}",replay,True,True,False,False,2026-03-20T22:38:11+00:00,2026-03-20T22:38:12.026475+00:00,0.1.0,,1288.0,0.016004913330078124,0.06895,,,,,,,,1.0,,,,,1.0,,,1.0,0.0,0.0,,,,0.011900000000000003,0.14007429980847064,9.414654900045955
ideal_e1_adapt_vqe_B2_cad2_seed11,adapt_vqe,adapt_style_larger_active_space,ideal,e1,11,,B2,cadence_sweep,full_contract,parallel_fs,parallel_fs,,0.0,2,12,"{'G0': True, 'GA': True, 'GB': False, 'GC': False, 'GD': True, 'GE': True, 'GF': False, 'GH': False}",replay,True,True,False,False,2026-03-12T16:52:02+00:00,2026-03-12T16:52:03.026475+00:00,0.1.0,,1288.0,0.016004913330078124,0.06895,,,,,,,,1.0,,,,,1.0,,,1.0,0.0,0.0,,,,0.04760000000000001,0.5602971992338825,9.414654900045955
ideal_e1_adapt_vqe_B2_cad2_seed17,adapt_vqe,adapt_style_larger_active_space,ideal,e1,17,,B2,cadence_sweep,full_contract,parallel_fs,parallel_fs,,0.0,2,12,"{'G0': True, 'GA': True, 'GB': False, 'GC': False, 'GD': True, 'GE': True, 'GF': False, 'GH': False}",replay,True,True,False,False,2026-03-19T03:04:13+00:00,2026-03-19T03:04:14.026475+00:00,0.1.0,,1288.0,0.016004913330078124,0.06895,,,,,,,,1.0,,,,,1.0,,,1.0,0.0,0.0,,,,0.04760000000000001,0.5602971992338825,9.414654900045955
ideal_e1_adapt_vqe_B2_cad2_seed23,adapt_vqe,adapt_style_larger_active_space,ideal,e1,23,,B2,cadence_sweep,full_contract,parallel_fs,parallel_fs,,0.0,2,12,"{'G0': True, 'GA': True, 'GB': False, 'GC': False, 'GD': True, 'GE': True, 'GF': False, 'GH': False}",replay,True,True,False,False,2026-03-06T05:37:36+00:00,2026-03-06T05:37:37.026475+00:00,0.1.0,,1288.0,0.016004913330078124,0.06895,,,,,,,,1.0,,,,,1.0,,,1.0,0.0,0.0,,,,0.04760000000000001,0.5602971992338825,9.414654900045955
ideal_e1_adapt_vqe_B2_cad2_seed31,adapt_vqe,adapt_style_larger_active_space,ideal,e1,31,,B2,cadence_sweep,full_contract,parallel_fs,parallel_fs,,0.0,2,12,"{'G0': True, 'GA': True, 'GB': False, 'GC': False, 'GD': True, 'GE': True, 'GF': False, 'GH': False}",replay,True,True,False,False,2026-03-20T12:48:16+00:00,2026-03-20T12:48:17.026475+00:00,0.1.0,,1288.0,0.016004913330078124,0.06895,,,,,,,,1.0,,,,,1.0,,,1.0,0.0,0.0,,,,0.04760000000000001,0.5602971992338825,9.414654900045955
ideal_e1_adapt_vqe_B2_cad2_seed43,adapt_vqe,adapt_style_larger_active_space,ideal,e1,43,,B2,cadence_sweep,full_contract,parallel_fs,parallel_fs,,0.0,2,12,"{'G0': True, 'GA': True, 'GB': False, 'GC': False, 'GD': True, 'GE': True, 'GF': False, 'GH': False}",replay,True,True,False,False,2026-03-09T02:13:56+00:00,2026-03-09T02:13:57.026475+00:00,0.1.0,,1288.0,0.016004913330078124,0.06895,,,,,,,,1.0,,,,,1.0,,,1.0,0.0,0.0,,,,0.04760000000000001,0.5602971992338825,9.414654900045955
ideal_e1_adapt_vqe_B2_cad2_seed59,adapt_vqe,adapt_style_larger_active_space,ideal,e1,59,,B2,cadence_sweep,full_contract,parallel_fs,parallel_fs,,0.0,2,12,"{'G0': True, 'GA': True, 'GB': False, 'GC': False, 'GD': True, 'GE': True, 'GF': False, 'GH': False}",replay,True,True,False,False,2026-03-30T05:39:38+00:00,2026-03-30T05:39:39.026475+00:00,0.1.0,,1288.0,0.016004913330078124,0.06895,,,,,,,,1.0,,,,,1.0,,,1.0,0.0,0.0,,,,0.04760000000000001,0.5602971992338825,9.414654900045955
ideal_e1_adapt_vqe_B2_cad2_seed71,adapt_vqe,adapt_style_larger_active_space,ideal,e1,71,,B2,cadence_sweep,full_contract,parallel_fs,parallel_fs,,0.0,2,12,"{'G0': True, 'GA': True, 'GB': False, 'GC': False, 'GD': True, 'GE': True, 'GF': False, 'GH': False}",replay,True,True,False,False,2026-03-23T17:09:42+00:00,2026-03-23T17:09:43.026475+00:00,0.1.0,,1288.0,0.016004913330078124,0.06895,,,,,,,,1.0,,,,,1.0,,,1.0,0.0,0.0,,,,0.04760000000000001,0.5602971992338825,9.414654900045955
ideal_e1_adapt_vqe_B2_cad2_seed83,adapt_vqe,adapt_style_larger_active_space,ideal,e1,83,,B2,cadence_sweep,full_contract,parallel_fs,parallel_fs,,0.0,2,12,"{'G0': True, 'GA': True, 'GB': False, 'GC': False, 'GD': True, 'GE': True, 'GF': False, 'GH': False}",replay,True,True,False,False,2026-03-28T13:32:24+00:00,2026-03-28T13:32:25.026475+00:00,0.1.0,,1288.0,0.016004913330078124,0.06895,,,,,,,,1.0,,,,,1.0,,,1.0,0.0,0.0,,,,0.04760000000000001,0.5602971992338825,9.414654900045955
ideal_e1_adapt_vqe_B2_cad2_seed97,adapt_vqe,adapt_style_larger_active_space,ideal,e1,97,,B2,cadence_sweep,full_contract,parallel_fs,parallel_fs,,0.0,2,12,"{'G0': True, 'GA': True, 'GB': False, 'GC': False, 'GD': True, 'GE': True, 'GF': False, 'GH': False}",replay,True,True,False,False,2026-03-09T06:45:04+00:00,2026-03-09T06:45:05.026475+00:00,0.1.0,,1288.0,0.016004913330078124,0.06895,,,,,,,,1.0,,,,,1.0,,,1.0,0.0,0.0,,,,0.04760000000000001,0.5602971992338825,9.414654900045955
ideal_e1_adapt_vqe_B2_cad2_seed101,adapt_vqe,adapt_style_larger_active_space,ideal,e1,101,,B2,cadence_sweep,full_contract,parallel_fs,parallel_fs,,0.0,2,12,"{'G0': True, 'GA': True, 'GB': False, 'GC': False, 'GD': True, 'GE': True, 'GF': False, 'GH': False}",replay,True,True,False,False,2026-03-06T01:41:48+00:00,2026-03-06T01:41:49.026475+00:00,0.1.0,,1288.0,0.016004913330078124,0.06895,,,,,,,,1.0,,,,,1.0,,,1.0,0.0,0.0,,,,0.04760000000000001,0.5602971992338825,9.414654900045955
ideal_e1_adapt_vqe_B2_cad2_seed107,adapt_vqe,adapt_style_larger_active_space,ideal,e1,107,,B2,cadence_sweep,full_contract,parallel_fs,parallel_fs,,0.0,2,12,"{'G0': True, 'GA': True, 'GB': False, 'GC': False, 'GD': True, 'GE': True, 'GF': False, 'GH': False}",replay,True,True,False,False,2026-03-06T12:42:28+00:00,2026-03-06T12:42:29.026475+00:00,0.1.0,,1288.0,0.016004913330078124,0.06895,,,,,,,,1.0,,,,,1.0,,,1.0,0.0,0.0,,,,0.04760000000000001,0.5602971992338825,9.414654900045955
ideal_e1_adapt_vqe_B2_cad2_seed113,adapt_vqe,adapt_style_larger_active_space,ideal,e1,113,,B2,cadence_sweep,full_contract,parallel_fs,parallel_fs,,0.0,2,12,"{'G0': True, 'GA': True, 'GB': False, 'GC': False, 'GD': True, 'GE': True, 'GF': False, 'GH': False}",replay,True,True,False,False,2026-03-13T02:01:38+00:00,2026-03-13T02:01:39.026475+00:00,0.1.0,,1288.0,0.016004913330078124,0.06895,,,,,,,,1.0,,,,,1.0,,,1.0,0.0,0.0,,,,0.04760000000000001,0.5602971992338825,9.414654900045955
ideal_e1_adapt_vqe_B2_cad2_seed127,adapt_vqe,adapt_style_larger_active_space,ideal,e1,127,,B2,cadence_sweep,full_contract,parallel_fs,parallel_fs,,0.0,2,12,"{'G0': True, 'GA': True, 'GB': False, 'GC': False, 'GD': True, 'GE': True, 'GF': False, 'GH': False}",replay,True,True,False,False,2026-03-19T21:00:50+00:00,2026-03-19T21:00:51.026475+00:00,0.1.0,,1288.0,0.016004913330078124,0.06895,,,,,,,,1.0,,,,,1.0,,,1.0,0.0,0.0,,,,0.04760000000000001,0.5602971992338825,9.414654900045955
ideal_e1_adapt_vqe_B2_cad2_seed131,adapt_vqe,adapt_style_larger_active_space,ideal,e1,131,,B2,cadence_sweep,full_contract,parallel_fs,parallel_fs,,0.0,2,12,"{'G0': True, 'GA': True, 'GB': False, 'GC': False, 'GD': True, 'GE': True, 'GF': False, 'GH': False}",replay,True,True,False,False,2026-03-02T12:22:10+00:00,2026-03-02T12:22:11.026475+00:00,0.1.0,,1288.0,0.016004913330078124,0.06895,,,,,,,,1.0,,,,,1.0,,,1.0,0.0,0.0,,,,0.04760000000000001,0.5602971992338825,9.414654900045955
ideal_e1_adapt_vqe_B2_cad2_seed137,adapt_vqe,adapt_style_larger_active_space,ideal,e1,137,,B2,cadence_sweep,full_contract,parallel_fs,parallel_fs,,0.0,2,12,"{'G0': True, 'GA': True, 'GB': False, 'GC': False, 'GD': True, 'GE': True, 'GF': False, 'GH': False}",replay,True,True,False,False,2026-03-20T06:57:08+00:00,2026-03-20T06:57:09.026475+00:00,0.1.0,,1288.0,0.016004913330078124,0.06895,,,,,,,,1.0,,,,,1.0,,,1.0,0.0,0.0,,,,0.04760000000000001,0.5602971992338825,9.414654900045955
ideal_e1_adapt_vqe_B2_cad2_seed149,adapt_vqe,adapt_style_larger_active_space,ideal,e1,149,,B2,cadence_sweep,full_contract,parallel_fs,parallel_fs,,0.0,2,12,"{'G0': True, 'GA': True, 'GB': False, 'GC': False, 'GD': True, 'GE': True, 'GF': False, 'GH': False}",replay,True,True,False,False,2026-03-03T05:01:05+00:00,2026-03-03T05:01:06.026475+00:00,0.1.0,,1288.0,0.016004913330078124,0.06895,,,,,,,,1.0,,,,,1.0,,,1.0,0.0,0.0,,,,0.04760000000000001,0.5602971992338825,9.414654900045955
ideal_e1_adapt_vqe_B2_cad2_seed157,adapt_vqe,adapt_style_larger_active_space,ideal,e1,157,,B2,cadence_sweep,full_contract,parallel_fs,parallel_fs,,0.0,2,12,"{'G0': True, 'GA': True, 'GB': False, 'GC': False, 'GD': True, 'GE': True, 'GF': False, 'GH': False}",replay,True,True,False,False,2026-03-02T19:27:13+00:00,2026-03-02T19:27:14.026475+00:00,0.1.0,,1288.0,0.016004913330078124,0.06895,,,,,,,,1.0,,,,,1.0,,,1.0,0.0,0.0,,,,0.04760000000000001,0.5602971992338825,9.414654900045955
ideal_e1_adapt_vqe_B2_cad2_seed163,adapt_vqe,adapt_style_larger_active_space,ideal,e1,163,,B2,cadence_sweep,full_contract,parallel_fs,parallel_fs,,0.0,2,12,"{'G0': True, 'GA': True, 'GB': False, 'GC': False, 'GD': True, 'GE': True, 'GF': False, 'GH': False}",replay,True,True,False,False,2026-03-24T13:55:45+00:00,2026-03-24T13:55:46.026475+00:00,0.1.0,,1288.0,0.016004913330078124,0.06895,,,,,,,,1.0,,,,,1.0,,,1.0,0.0,0.0,,,,0.04760000000000001,0.5602971992338825,9.414654900045955
ideal_e1_adapt_vqe_B2_cad4_seed11,adapt_vqe,adapt_style_larger_active_space,ideal,e1,11,,B2,cadence_sweep,full_contract,parallel_fs,parallel_fs,,0.0,4,12,"{'G0': True, 'GA': True, 'GB': False, 'GC': False, 'GD': True, 'GE': True, 'GF': False, 'GH': False}",replay,True,True,False,False,2026-03-25T00:51:56+00:00,2026-03-25T00:51:57.026475+00:00,0.1.0,,1288.0,0.016004913330078124,0.06895,,,,,,,,1.0,,,,,1.0,,,1.0,0.0,0.0,,,,0.1428,1.6808915977016474,9.414654900045955
ideal_e1_adapt_vqe_B2_cad4_seed17,adapt_vqe,adapt_style_larger_active_space,ideal,e1,17,,B2,cadence_sweep,full_contract,parallel_fs,parallel_fs,,0.0,4,12,"{'G0': True, 'GA': True, 'GB': False, 'GC': False, 'GD': True, 'GE': True, 'GF': False, 'GH': False}",replay,True,True,False,False,2026-03-17T14:52:07+00:00,2026-03-17T14:52:08.026475+00:00,0.1.0,,1288.0,0.016004913330078124,0.06895,,,,,,,,1.0,,,,,1.0,,,1.0,0.0,0.0,,,,0.1428,1.6808915977016474,9.414654900045955
ideal_e1_adapt_vqe_B2_cad4_seed23,adapt_vqe,adapt_style_larger_active_space,ideal,e1,23,,B2,cadence_sweep,full_contract,parallel_fs,parallel_fs,,0.0,4,12,"{'G0': True, 'GA': True, 'GB': False, 'GC': False, 'GD': True, 'GE': True, 'GF': False, 'GH': False}",replay,True,True,False,False,2026-03-16T12:18:46+00:00,2026-03-16T12:18:47.026475+00:00,0.1.0,,1288.0,0.016004913330078124,0.06895,,,,,,,,1.0,,,,,1.0,,,1.0,0.0,0.0,,,,0.1428,1.6808915977016474,9.414654900045955
ideal_e1_adapt_vqe_B2_cad4_seed31,adapt_vqe,adapt_style_larger_active_space,ideal,e1,31,,B2,cadence_sweep,full_contract,parallel_fs,parallel_fs,,0.0,4,12,"{'G0': True, 'GA': True, 'GB': False, 'GC': False, 'GD': True, 'GE': True, 'GF': False, 'GH': False}",replay,True,True,False,False,2026-03-24T01:15:14+00:00,2026-03-24T01:15:15.026475+00:00,0.1.0,,1288.0,0.016004913330078124,0.06895,,,,,,,,1.0,,,,,1.0,,,1.0,0.0,0.0,,,,0.1428,1.6808915977016474,9.414654900045955
ideal_e1_adapt_vqe_B2_cad4_seed43,adapt_vqe,adapt_style_larger_active_space,ideal,e1,43,,B2,cadence_sweep,full_contract,parallel_fs,parallel_fs,,0.0,4,12,"{'G0': True, 'GA': True, 'GB': False, 'GC': False, 'GD': True, 'GE': True, 'GF': False, 'GH': False}",replay,True,True,False,False,2026-03-19T18:34:08+00:00,2026-03-19T18:34:09.026475+00:00,0.1.0,,1288.0,0.016004913330078124,0.06895,,,,,,,,1.0,,,,,1.0,,,1.0,0.0,0.0,,,,0.1428,1.6808915977016474,9.414654900045955
ideal_e1_adapt_vqe_B2_cad4_seed59,adapt_vqe,adapt_style_larger_active_space,ideal,e1,59,,B2,cadence_sweep,full_contract,parallel_fs,parallel_fs,,0.0,4,12,"{'G0': True, 'GA': True, 'GB': False, 'GC': False, 'GD': True, 'GE': True, 'GF': False, 'GH': False}",replay,True,True,False,False,2026-03-05T04:29:47+00:00,2026-03-05T04:29:48.026475+00:00,0.1.0,,1288.0,0.016004913330078124,0.06895,,,,,,,,1.0,,,,,1.0,,,1.0,0.0,0.0,,,,0.1428,1.6808915977016474,9.414654900045955
ideal_e1_adapt_vqe_B2_cad4_seed71,adapt_vqe,adapt_style_larger_active_space,ideal,e1,71,,B2,cadence_sweep,full_contract,parallel_fs,parallel_fs,,0.0,4,12,"{'G0': True, 'GA': True, 'GB': False, 'GC': False, 'GD': True, 'GE': True, 'GF': False, 'GH': False}",replay,True,True,False,False,2026-03-21T14:15:39+00:00,2026-03-21T14:15:40.026475+00:00,0.1.0,,1288.0,0.016004913330078124,0.06895,,,,,,,,1.0,,,,,1.0,,,1.0,0.0,0.0,,,,0.1428,1.6808915977016474,9.414654900045955
ideal_e1_adapt_vqe_B2_cad4_seed83,adapt_vqe,adapt_style_larger_active_space,ideal,e1,83,,B2,cadence_sweep,full_contract,parallel_fs,parallel_fs,,0.0,4,12,"{'G0': True, 'GA': True, 'GB': False, 'GC': False, 'GD': True, 'GE': True, 'GF': False, 'GH': False}",replay,True,True,False,False,2026-03-17T17:23:26+00:00,2026-03-17T17:23:27.026475+00:00,0.1.0,,1288.0,0.016004913330078124,0.06895,,,,,,,,1.0,,,,,1.0,,,1.0,0.0,0.0,,,,0.1428,1.6808915977016474,9.414654900045955
ideal_e1_adapt_vqe_B2_cad4_seed97,adapt_vqe,adapt_style_larger_active_space,ideal,e1,97,,B2,cadence_sweep,full_contract,parallel_fs,parallel_fs,,0.0,4,12,"{'G0': True, 'GA': True, 'GB': False, 'GC': False, 'GD': True, 'GE': True, 'GF': False, 'GH': False}",replay,True,True,False,False,2026-03-25T09:11:37+00:00,2026-03-25T09:11:38.026475+00:00,0.1.0,,1288.0,0.016004913330078124,0.06895,,,,,,,,1.0,,,,,1.0,,,1.0,0.0,0.0,,,,0.1428,1.6808915977016474,9.414654900045955
ideal_e1_adapt_vqe_B2_cad4_seed101,adapt_vqe,adapt_style_larger_active_space,ideal,e1,101,,B2,cadence_sweep,full_contract,parallel_fs,parallel_fs,,0.0,4,12,"{'G0': True, 'GA': True, 'GB': False, 'GC': False, 'GD': True, 'GE': True, 'GF': False, 'GH': False}",replay,True,True,False,False,2026-03-26T13:25:43+00:00,2026-03-26T13:25:44.026475+00:00,0.1.0,,1288.0,0.016004913330078124,0.06895,,,,,,,,1.0,,,,,1.0,,,1.0,0.0,0.0,,,,0.1428,1.6808915977016474,9.414654900045955
ideal_e1_adapt_vqe_B2_cad4_seed107,adapt_vqe,adapt_style_larger_active_space,ideal,e1,107,,B2,cadence_sweep,full_contract,parallel_fs,parallel_fs,,0.0,4,12,"{'G0': True, 'GA': True, 'GB': False, 'GC': False, 'GD': True, 'GE': True, 'GF': False, 'GH': False}",replay,True,True,False,False,2026-03-17T09:00:20+00:00,2026-03-17T09:00:21.026475+00:00,0.1.0,,1288.0,0.016004913330078124,0.06895,,,,,,,,1.0,,,,,1.0,,,1.0,0.0,0.0,,,,0.1428,1.6808915977016474,9.414654900045955
ideal_e1_adapt_vqe_B2_cad4_seed113,adapt_vqe,adapt_style_larger_active_space,ideal,e1,113,,B2,cadence_sweep,full_contract,parallel_fs,parallel_fs,,0.0,4,12,"{'G0': True, 'GA': True, 'GB': False, 'GC': False, 'GD': True, 'GE': True, 'GF': False, 'GH': False}",replay,True,True,False,False,2026-03-24T04:35:59+00:00,2026-03-24T04:36:00.026475+00:00,0.1.0,,1288.0,0.016004913330078124,0.06895,,,,,,,,1.0,,,,,1.0,,,1.0,0.0,0.0,,,,0.1428,1.6808915977016474,9.414654900045955
ideal_e1_adapt_vqe_B2_cad4_seed127,adapt_vqe,adapt_style_larger_active_space,ideal,e1,127,,B2,cadence_sweep,full_contract,parallel_fs,parallel_fs,,0.0,4,12,"{'G0': True, 'GA': True, 'GB': False, 'GC': False, 'GD': True, 'GE': True, 'GF': False, 'GH': False}",replay,True,True,False,False,2026-03-20T02:37:56+00:00,2026-03-20T02:37:57.026475+00:00,0.1.0,,1288.0,0.016004913330078124,0.06895,,,,,,,,1.0,,,,,1.0,,,1.0,0.0,0.0,,,,0.1428,1.6808915977016474,9.414654900045955
ideal_e1_adapt_vqe_B2_cad4_seed131,adapt_vqe,adapt_style_larger_active_space,ideal,e1,131,,B2,cadence_sweep,full_contract,parallel_fs,parallel_fs,,0.0,4,12,"{'G0': True, 'GA': True, 'GB': False, 'GC': False, 'GD': True, 'GE': True, 'GF': False, 'GH': False}",replay,True,True,False,False,2026-03-02T13:49:18+00:00,2026-03-02T13:49:19.026475+00:00,0.1.0,,1288.0,0.016004913330078124,0.06895,,,,,,,,1.0,,,,,1.0,,,1.0,0.0,0.0,,,,0.1428,1.6808915977016474,9.414654900045955
ideal_e1_adapt_vqe_B2_cad4_seed137,adapt_vqe,adapt_style_larger_active_space,ideal,e1,137,,B2,cadence_sweep,full_contract,parallel_fs,parallel_fs,,0.0,4,12,"{'G0': True, 'GA': True, 'GB': False, 'GC': False, 'GD': True, 'GE': True, 'GF': False, 'GH': False}",replay,True,True,False,False,2026-03-08T03:45:17+00:00,2026-03-08T03:45:18.026475+00:00,0.1.0,,1288.0,0.016004913330078124,0.06895,,,,,,,,1.0,,,,,1.0,,,1.0,0.0,0.0,,,,0.1428,1.6808915977016474,9.414654900045955
ideal_e1_adapt_vqe_B2_cad4_seed149,adapt_vqe,adapt_style_larger_active_space,ideal,e1,149,,B2,cadence_sweep,full_contract,parallel_fs,parallel_fs,,0.0,4,12,"{'G0': True, 'GA': True, 'GB': False, 'GC': False, 'GD': True, 'GE': True, 'GF': False, 'GH': False}",replay,True,True,False,False,2026-03-10T14:52:13+00:00,2026-03-10T14:52:14.026475+00:00,0.1.0,,1288.0,0.016004913330078124,0.06895,,,,,,,,1.0,,,,,1.0,,,1.0,0.0,0.0,,,,0.1428,1.6808915977016474,9.414654900045955
ideal_e1_adapt_vqe_B2_cad4_seed157,adapt_vqe,adapt_style_larger_active_space,ideal,e1,157,,B2,cadence_sweep,full_contract,parallel_fs,parallel_fs,,0.0,4,12,"{'G0': True, 'GA': True, 'GB': False, 'GC': False, 'GD': True, 'GE': True, 'GF': False, 'GH': False}",replay,True,True,False,False,2026-03-26T16:26:44+00:00,2026-03-26T16:26:45.026475+00:00,0.1.0,,1288.0,0.016004913330078124,0.06895,,,,,,,,1.0,,,,,1.0,,,1.0,0.0,0.0,,,,0.1428,1.6808915977016474,9.414654900045955
ideal_e1_adapt_vqe_B2_cad4_seed163,adapt_vqe,adapt_style_larger_active_space,ideal,e1,163,,B2,cadence_sweep,full_contract,parallel_fs,parallel_fs,,0.0,4,12,"{'G0': True, 'GA': True, 'GB': False, 'GC': False, 'GD': True, 'GE': True, 'GF': False, 'GH': False}",replay,True,True,False,False,2026-03-15T08:10:10+00:00,2026-03-15T08:10:11.026475+00:00,0.1.0,,1288.0,0.016004913330078124,0.06895,,,,,,,,1.0,,,,,1.0,,,1.0,0.0,0.0,,,,0.1428,1.6808915977016474,9.414654900045955
ideal_e1_adapt_vqe_B2_cad8_seed11,adapt_vqe,adapt_style_larger_active_space,ideal,e1,11,,B2,cadence_sweep,full_contract,parallel_fs,parallel_fs,,0.0,8,12,"{'G0': True, 'GA': True, 'GB': False, 'GC': False, 'GD': True, 'GE': True, 'GF': False, 'GH': False}",replay,True,True,False,False,2026-03-24T14:50:22+00:00,2026-03-24T14:50:23.026475+00:00,0.1.0,,1288.0,0.016004913330078124,0.06895,,,,,,,,1.0,,,,,1.0,,,1.0,0.0,0.0,,,,0.33320000000000005,3.922080394637178,9.414654900045955
ideal_e1_adapt_vqe_B2_cad8_seed17,adapt_vqe,adapt_style_larger_active_space,ideal,e1,17,,B2,cadence_sweep,full_contract,parallel_fs,parallel_fs,,0.0,8,12,"{'G0': True, 'GA': True, 'GB': False, 'GC': False, 'GD': True, 'GE': True, 'GF': False, 'GH': False}",replay,True,True,False,False,2026-03-18T12:53:59+00:00,2026-03-18T12:54:00.026475+00:00,0.1.0,,1288.0,0.016004913330078124,0.06895,,,,,,,,1.0,,,,,1.0,,,1.0,0.0,0.0,,,,0.33320000000000005,3.922080394637178,9.414654900045955
ideal_e1_adapt_vqe_B2_cad8_seed23,adapt_vqe,adapt_style_larger_active_space,ideal,e1,23,,B2,cadence_sweep,full_contract,parallel_fs,parallel_fs,,0.0,8,12,"{'G0': True, 'GA': True, 'GB': False, 'GC': False, 'GD': True, 'GE': True, 'GF': False, 'GH': False}",replay,True,True,False,False,2026-03-29T07:10:46+00:00,2026-03-29T07:10:47.026475+00:00,0.1.0,,1288.0,0.016004913330078124,0.06895,,,,,,,,1.0,,,,,1.0,,,1.0,0.0,0.0,,,,0.33320000000000005,3.922080394637178,9.414654900045955
ideal_e1_adapt_vqe_B2_cad8_seed31,adapt_vqe,adapt_style_larger_active_space,ideal,e1,31,,B2,cadence_sweep,full_contract,parallel_fs,parallel_fs,,0.0,8,12,"{'G0': True, 'GA': True, 'GB': False, 'GC': False, 'GD': True, 'GE': True, 'GF': False, 'GH': False}",replay,True,True,False,False,2026-03-28T07:55:25+00:00,2026-03-28T07:55:26.026475+00:00,0.1.0,,1288.0,0.016004913330078124,0.06895,,,,,,,,1.0,,,,,1.0,,,1.0,0.0,0.0,,,,0.33320000000000005,3.922080394637178,9.414654900045955
ideal_e1_adapt_vqe_B2_cad8_seed43,adapt_vqe,adapt_style_larger_active_space,ideal,e1,43,,B2,cadence_sweep,full_contract,parallel_fs,parallel_fs,,0.0,8,12,"{'G0': True, 'GA': True, 'GB': False, 'GC': False, 'GD': True, 'GE': True, 'GF': False, 'GH': False}",replay,True,True,False,False,2026-03-07T17:16:01+00:00,2026-03-07T17:16:02.026475+00:00,0.1.0,,1288.0,0.016004913330078124,0.06895,,,,,,,,1.0,,,,,1.0,,,1.0,0.0,0.0,,,,0.33320000000000005,3.922080394637178,9.414654900045955
ideal_e1_adapt_vqe_B2_cad8_seed59,adapt_vqe,adapt_style_larger_active_space,ideal,e1,59,,B2,cadence_sweep,full_contract,parallel_fs,parallel_fs,,0.0,8,12,"{'G0': True, 'GA': True, 'GB': False, 'GC': False, 'GD': True, 'GE': True, 'GF': False, 'GH': False}",replay,True,True,False,False,2026-03-04T12:38:53+00:00,2026-03-04T12:38:54.026475+00:00,0.1.0,,1288.0,0.016004913330078124,0.06895,,,,,,,,1.0,,,,,1.0,,,1.0,0.0,0.0,,,,0.33320000000000005,3.922080394637178,9.414654900045955
ideal_e1_adapt_vqe_B2_cad8_seed71,adapt_vqe,adapt_style_larger_active_space,ideal,e1,71,,B2,cadence_sweep,full_contract,parallel_fs,parallel_fs,,0.0,8,12,"{'G0': True, 'GA': True, 'GB': False, 'GC': False, 'GD': True, 'GE': True, 'GF': False, 'GH': False}",replay,True,True,False,False,2026-03-17T07:25:29+00:00,2026-03-17T07:25:30.026475+00:00,0.1.0,,1288.0,0.016004913330078124,0.06895,,,,,,,,1.0,,,,,1.0,,,1.0,0.0,0.0,,,,0.33320000000000005,3.922080394637178,9.414654900045955
ideal_e1_adapt_vqe_B2_cad8_seed83,adapt_vqe,adapt_style_larger_active_space,ideal,e1,83,,B2,cadence_sweep,full_contract,parallel_fs,parallel_fs,,0.0,8,12,"{'G0': True, 'GA': True, 'GB': False, 'GC': False, 'GD': True, 'GE': True, 'GF': False, 'GH': False}",replay,True,True,False,False,2026-03-11T00:11:55+00:00,2026-03-11T00:11:56.026475+00:00,0.1.0,,1288.0,0.016004913330078124,0.06895,,,,,,,,1.0,,,,,1.0,,,1.0,0.0,0.0,,,,0.33320000000000005,3.922080394637178,9.414654900045955
ideal_e1_adapt_vqe_B2_cad8_seed97,adapt_vqe,adapt_style_larger_active_space,ideal,e1,97,,B2,cadence_sweep,full_contract,parallel_fs,parallel_fs,,0.0,8,12,"{'G0': True, 'GA': True, 'GB': False, 'GC': False, 'GD': True, 'GE': True, 'GF': False, 'GH': False}",replay,True,True,False,False,2026-03-16T18:56:05+00:00,2026-03-16T18:56:06.026475+00:00,0.1.0,,1288.0,0.016004913330078124,0.06895,,,,,,,,1.0,,,,,1.0,,,1.0,0.0,0.0,,,,0.33320000000000005,3.922080394637178,9.414654900045955
ideal_e1_adapt_vqe_B2_cad8_seed101,adapt_vqe,adapt_style_larger_active_space,ideal,e1,101,,B2,cadence_sweep,full_contract,parallel_fs,parallel_fs,,0.0,8,12,"{'G0': True, 'GA': True, 'GB': False, 'GC': False, 'GD': True, 'GE': True, 'GF': False, 'GH': False}",replay,True,True,False,False,2026-03-23T09:37:52+00:00,2026-03-23T09:37:53.026475+00:00,0.1.0,,1288.0,0.016004913330078124,0.06895,,,,,,,,1.0,,,,,1.0,,,1.0,0.0,0.0,,,,0.33320000000000005,3.922080394637178,9.414654900045955
ideal_e1_adapt_vqe_B2_cad8_seed107,adapt_vqe,adapt_style_larger_active_space,ideal,e1,107,,B2,cadence_sweep,full_contract,parallel_fs,parallel_fs,,0.0,8,12,"{'G0': True, 'GA': True, 'GB': False, 'GC': False, 'GD': True, 'GE': True, 'GF': False, 'GH': False}",replay,True,True,False,False,2026-03-06T07:53:18+00:00,2026-03-06T07:53:19.026475+00:00,0.1.0,,1288.0,0.016004913330078124,0.06895,,,,,,,,1.0,,,,,1.0,,,1.0,0.0,0.0,,,,0.33320000000000005,3.922080394637178,9.414654900045955
ideal_e1_adapt_vqe_B2_cad8_seed113,adapt_vqe,adapt_style_larger_active_space,ideal,e1,113,,B2,cadence_sweep,full_contract,parallel_fs,parallel_fs,,0.0,8,12,"{'G0': True, 'GA': True, 'GB': False, 'GC': False, 'GD': True, 'GE': True, 'GF': False, 'GH': False}",replay,True,True,False,False,2026-03-28T18:22:04+00:00,2026-03-28T18:22:05.026475+00:00,0.1.0,,1288.0,0.016004913330078124,0.06895,,,,,,,,1.0,,,,,1.0,,,1.0,0.0,0.0,,,,0.33320000000000005,3.922080394637178,9.414654900045955
ideal_e1_adapt_vqe_B2_cad8_seed127,adapt_vqe,adapt_style_larger_active_space,ideal,e1,127,,B2,cadence_sweep,full_contract,parallel_fs,parallel_fs,,0.0,8,12,"{'G0': True, 'GA': True, 'GB': False, 'GC': False, 'GD': True, 'GE': True, 'GF': False, 'GH': False}",replay,True,True,False,False,2026-03-21T23:45:35+00:00,2026-03-21T23:45:36.026475+00:00,0.1.0,,1288.0,0.016004913330078124,0.06895,,,,,,,,1.0,,,,,1.0,,,1.0,0.0,0.0,,,,0.33320000000000005,3.922080394637178,9.414654900045955
ideal_e1_adapt_vqe_B2_cad8_seed131,adapt_vqe,adapt_style_larger_active_space,ideal,e1,131,,B2,cadence_sweep,full_contract,parallel_fs,parallel_fs,,0.0,8,12,"{'G0': True, 'GA': True, 'GB': False, 'GC': False, 'GD': True, 'GE': True, 'GF': False, 'GH': False}",replay,True,True,False,False,2026-03-19T22:38:11+00:00,2026-03-19T22:38:12.026475+00:00,0.1.0,,1288.0,0.016004913330078124,0.06895,,,,,,,,1.0,,,,,1.0,,,1.0,0.0,0.0,,,,0.33320000000000005,3.922080394637178,9.414654900045955
ideal_e1_adapt_vqe_B2_cad8_seed137,adapt_vqe,adapt_style_larger_active_space,ideal,e1,137,,B2,cadence_sweep,full_contract,parallel_fs,parallel_fs,,0.0,8,12,"{'G0': True, 'GA': True, 'GB': False, 'GC': False, 'GD': True, 'GE': True, 'GF': False, 'GH': False}",replay,True,True,False,False,2026-03-05T14:08:10+00:00,2026-03-05T14:08:11.026475+00:00,0.1.0,,1288.0,0.016004913330078124,0.06895,,,,,,,,1.0,,,,,1.0,,,1.0,0.0,0.0,,,,0.33320000000000005,3.922080394637178,9.414654900045955
ideal_e1_adapt_vqe_B2_cad8_seed149,adapt_vqe,adapt_style_larger_active_space,ideal,e1,149,,B2,cadence_sweep,full_contract,parallel_fs,parallel_fs,,0.0,8,12,"{'G0': True, 'GA': True, 'GB': False, 'GC': False, 'GD': True, 'GE': True, 'GF': False, 'GH': False}",replay,True,True,False,False,2026-03-21T15:52:21+00:00,2026-03-21T15:52:22.026475+00:00,0.1.0,,1288.0,0.016004913330078124,0.06895,,,,,,,,1.0,,,,,1.0,,,1.0,0.0,0.0,,,,0.33320000000000005,3.922080394637178,9.414654900045955
ideal_e1_adapt_vqe_B2_cad8_seed157,adapt_vqe,adapt_style_larger_active_space,ideal,e1,157,,B2,cadence_sweep,full_contract,parallel_fs,parallel_fs,,0.0,8,12,"{'G0': True, 'GA': True, 'GB': False, 'GC': False, 'GD': True, 'GE': True, 'GF': False, 'GH': False}",replay,True,True,False,False,2026-03-21T07:57:38+00:00,2026-03-21T07:57:39.026475+00:00,0.1.0,,1288.0,0.016004913330078124,0.06895,,,,,,,,1.0,,,,,1.0,,,1.0,0.0,0.0,,,,0.33320000000000005,3.922080394637178,9.414654900045955
ideal_e1_adapt_vqe_B2_cad8_seed163,adapt_vqe,adapt_style_larger_active_space,ideal,e1,163,,B2,cadence_sweep,full_contract,parallel_fs,parallel_fs,,0.0,8,12,"{'G0': True, 'GA': True, 'GB': False, 'GC': False, 'GD': True, 'GE': True, 'GF': False, 'GH': False}",replay,True,True,False,False,2026-03-01T04:26:25+00:00,2026-03-01T04:26:26.026475+00:00,0.1.0,,1288.0,0.016004913330078124,0.06895,,,,,,,,1.0,,,,,1.0,,,1.0,0.0,0.0,,,,0.33320000000000005,3.922080394637178,9.414654900045955
ideal_e1_adapt_vqe_B2_cad16_seed11,adapt_vqe,adapt_style_larger_active_space,ideal,e1,11,,B2,cadence_sweep,full_contract,parallel_fs,parallel_fs,,0.0,16,12,"{'G0': True, 'GA': True, 'GB': False, 'GC': False, 'GD': True, 'GE': True, 'GF': False, 'GH': False}",replay,True,True,False,False,2026-03-04T17:44:25+00:00,2026-03-04T17:44:26.026475+00:00,0.1.0,,1288.0,0.016004913330078124,0.06895,,,,,,,,1.0,,,,,1.0,,,1.0,0.0,0.0,,,,0.7140000000000001,8.404457988508238,9.414654900045955
ideal_e1_adapt_vqe_B2_cad16_seed17,adapt_vqe,adapt_style_larger_active_space,ideal,e1,17,,B2,cadence_sweep,full_contract,parallel_fs,parallel_fs,,0.0,16,12,"{'G0': True, 'GA': True, 'GB': False, 'GC': False, 'GD': True, 'GE': True, 'GF': False, 'GH': False}",replay,True,True,False,False,2026-03-17T23:46:35+00:00,2026-03-17T23:46:36.026475+00:00,0.1.0,,1288.0,0.016004913330078124,0.06895,,,,,,,,1.0,,,,,1.0,,,1.0,0.0,0.0,,,,0.7140000000000001,8.404457988508238,9.414654900045955
ideal_e1_adapt_vqe_B2_cad16_seed23,adapt_vqe,adapt_style_larger_active_space,ideal,e1,23,,B2,cadence_sweep,full_contract,parallel_fs,parallel_fs,,0.0,16,12,"{'G0': True, 'GA': True, 'GB': False, 'GC': False, 'GD': True, 'GE': True, 'GF': False, 'GH': False}",replay,True,True,False,False,2026-03-17T06:01:21+00:00,2026-03-17T06:01:22.026475+00:00,0.1.0,,1288.0,0.016004913330078124,0.06895,,,,,,,,1.0,,,,,1.0,,,1.0,0.0,0.0,,,,0.7140000000000001,8.404457988508238,9.414654900045955
ideal_e1_adapt_vqe_B2_cad16_seed31,adapt_vqe,adapt_style_larger_active_space,ideal,e1,31,,B2,cadence_sweep,full_contract,parallel_fs,parallel_fs,,0.0,16,12,"{'G0': True, 'GA': True, 'GB': False, 'GC': False, 'GD': True, 'GE': True, 'GF': False, 'GH': False}",replay,True,True,False,False,2026-03-25T07:01:28+00:00,2026-03-25T07:01:29.026475+00:00,0.1.0,,1288.0,0.016004913330078124,0.06895,,,,,,,,1.0,,,,,1.0,,,1.0,0.0,0.0,,,,0.7140000000000001,8.404457988508238,9.414654900045955
ideal_e1_adapt_vqe_B2_cad16_seed43,adapt_vqe,adapt_style_larger_active_space,ideal,e1,43,,B2,cadence_sweep,full_contract,parallel_fs,parallel_fs,,0.0,16,12,"{'G0': True, 'GA': True, 'GB': False, 'GC': False, 'GD': True, 'GE': True, 'GF': False, 'GH': False}",replay,True,True,False,False,2026-03-21T15:39:07+00:00,2026-03-21T15:39:08.026475+00:00,0.1.0,,1288.0,0.016004913330078124,0.06895,,,,,,,,1.0,,,,,1.0,,,1.0,0.0,0.0,,,,0.7140000000000001,8.404457988508238,9.414654900045955
ideal_e1_adapt_vqe_B2_cad16_seed59,adapt_vqe,adapt_style_larger_active_space,ideal,e1,59,,B2,cadence_sweep,full_contract,parallel_fs,parallel_fs,,0.0,16,12,"{'G0': True, 'GA': True, 'GB': False, 'GC': False, 'GD': True, 'GE': True, 'GF': False, 'GH': False}",replay,True,True,False,False,2026-03-13T06:48:35+00:00,2026-03-13T06:48:36.026475+00:00,0.1.0,,1288.0,0.016004913330078124,0.06895,,,,,,,,1.0,,,,,1.0,,,1.0,0.0,0.0,,,,0.7140000000000001,8.404457988508238,9.414654900045955
ideal_e1_adapt_vqe_B2_cad16_seed71,adapt_vqe,adapt_style_larger_active_space,ideal,e1,71,,B2,cadence_sweep,full_contract,parallel_fs,parallel_fs,,0.0,16,12,"{'G0': True, 'GA': True, 'GB': False, 'GC': False, 'GD': True, 'GE': True, 'GF': False, 'GH': False}",replay,True,True,False,False,2026-03-16T06:44:53+00:00,2026-03-16T06:44:54.026475+00:00,0.1.0,,1288.0,0.016004913330078124,0.06895,,,,,,,,1.0,,,,,1.0,,,1.0,0.0,0.0,,,,0.7140000000000001,8.404457988508238,9.414654900045955
ideal_e1_adapt_vqe_B2_cad16_seed83,adapt_vqe,adapt_style_larger_active_space,ideal,e1,83,,B2,cadence_sweep,full_contract,parallel_fs,parallel_fs,,0.0,16,12,"{'G0': True, 'GA': True, 'GB': False, 'GC': False, 'GD': True, 'GE': True, 'GF': False, 'GH': False}",replay,True,True,False,False,2026-03-23T11:06:02+00:00,2026-03-23T11:06:03.026475+00:00,0.1.0,,1288.0,0.016004913330078124,0.06895,,,,,,,,1.0,,,,,1.0,,,1.0,0.0,0.0,,,,0.7140000000000001,8.404457988508238,9.414654900045955
ideal_e1_adapt_vqe_B2_cad16_seed97,adapt_vqe,adapt_style_larger_active_space,ideal,e1,97,,B2,cadence_sweep,full_contract,parallel_fs,parallel_fs,,0.0,16,12,"{'G0': True, 'GA': True, 'GB': False, 'GC': False, 'GD': True, 'GE': True, 'GF': False, 'GH': False}",replay,True,True,False,False,2026-03-28T17:47:42+00:00,2026-03-28T17:47:43.026475+00:00,0.1.0,,1288.0,0.016004913330078124,0.06895,,,,,,,,1.0,,,,,1.0,,,1.0,0.0,0.0,,,,0.7140000000000001,8.404457988508238,9.414654900045955
ideal_e1_adapt_vqe_B2_cad16_seed101,adapt_vqe,adapt_style_larger_active_space,ideal,e1,101,,B2,cadence_sweep,full_contract,parallel_fs,parallel_fs,,0.0,16,12,"{'G0': True, 'GA': True, 'GB': False, 'GC': False, 'GD': True, 'GE': True, 'GF': False, 'GH': False}",replay,True,True,False,False,2026-03-15T09:34:00+00:00,2026-03-15T09:34:01.026475+00:00,0.1.0,,1288.0,0.016004913330078124,0.06895,,,,,,,,1.0,,,,,1.0,,,1.0,0.0,0.0,,,,0.7140000000000001,8.404457988508238,9.414654900045955
ideal_e1_adapt_vqe_B2_cad16_seed107,adapt_vqe,adapt_style_larger_active_space,ideal,e1,107,,B2,cadence_sweep,full_contract,parallel_fs,parallel_fs,,0.0,16,12,"{'G0': True, 'GA': True, 'GB': False, 'GC': False, 'GD': True, 'GE': True, 'GF': False, 'GH': False}",replay,True,True,False,False,2026-03-10T02:14:03+00:00,2026-03-10T02:14:04.026475+00:00,0.1.0,,1288.0,0.016004913330078124,0.06895,,,,,,,,1.0,,,,,1.0,,,1.0,0.0,0.0,,,,0.7140000000000001,8.404457988508238,9.414654900045955
ideal_e1_adapt_vqe_B2_cad16_seed113,adapt_vqe,adapt_style_larger_active_space,ideal,e1,113,,B2,cadence_sweep,full_contract,parallel_fs,parallel_fs,,0.0,16,12,"{'G0': True, 'GA': True, 'GB': False, 'GC': False, 'GD': True, 'GE': True, 'GF': False, 'GH': False}",replay,True,True,False,False,2026-03-15T14:14:02+00:00,2026-03-15T14:14:03.026475+00:00,0.1.0,,1288.0,0.016004913330078124,0.06895,,,,,,,,1.0,,,,,1.0,,,1.0,0.0,0.0,,,,0.7140000000000001,8.404457988508238,9.414654900045955
ideal_e1_adapt_vqe_B2_cad16_seed127,adapt_vqe,adapt_style_larger_active_space,ideal,e1,127,,B2,cadence_sweep,full_contract,parallel_fs,parallel_fs,,0.0,16,12,"{'G0': True, 'GA': True, 'GB': False, 'GC': False, 'GD': True, 'GE': True, 'GF': False, 'GH': False}",replay,True,True,False,False,2026-03-02T16:21:47+00:00,2026-03-02T16:21:48.026475+00:00,0.1.0,,1288.0,0.016004913330078124,0.06895,,,,,,,,1.0,,,,,1.0,,,1.0,0.0,0.0,,,,0.7140000000000001,8.404457988508238,9.414654900045955
ideal_e1_adapt_vqe_B2_cad16_seed131,adapt_vqe,adapt_style_larger_active_space,ideal,e1,131,,B2,cadence_sweep,full_contract,parallel_fs,parallel_fs,,0.0,16,12,"{'G0': True, 'GA': True, 'GB': False, 'GC': False, 'GD': True, 'GE': True, 'GF': False, 'GH': False}",replay,True,True,False,False,2026-03-15T16:41:42+00:00,2026-03-15T16:41:43.026475+00:00,0.1.0,,1288.0,0.016004913330078124,0.06895,,,,,,,,1.0,,,,,1.0,,,1.0,0.0,0.0,,,,0.7140000000000001,8.404457988508238,9.414654900045955
ideal_e1_adapt_vqe_B2_cad16_seed137,adapt_vqe,adapt_style_larger_active_space,ideal,e1,137,,B2,cadence_sweep,full_contract,parallel_fs,parallel_fs,,0.0,16,12,"{'G0': True, 'GA': True, 'GB': False, 'GC': False, 'GD': True, 'GE': True, 'GF': False, 'GH': False}",replay,True,True,False,False,2026-03-24T07:39:44+00:00,2026-03-24T07:39:45.026475+00:00,0.1.0,,1288.0,0.016004913330078124,0.06895,,,,,,,,1.0,,,,,1.0,,,1.0,0.0,0.0,,,,0.7140000000000001,8.404457988508238,9.414654900045955
ideal_e1_adapt_vqe_B2_cad16_seed149,adapt_vqe,adapt_style_larger_active_space,ideal,e1,149,,B2,cadence_sweep,full_contract,parallel_fs,parallel_fs,,0.0,16,12,"{'G0': True, 'GA': True, 'GB': False, 'GC': False, 'GD': True, 'GE': True, 'GF': False, 'GH': False}",replay,True,True,False,False,2026-03-25T17:13:25+00:00,2026-03-25T17:13:26.026475+00:00,0.1.0,,1288.0,0.016004913330078124,0.06895,,,,,,,,1.0,,,,,1.0,,,1.0,0.0,0.0,,,,0.7140000000000001,8.404457988508238,9.414654900045955
ideal_e1_adapt_vqe_B2_cad16_seed157,adapt_vqe,adapt_style_larger_active_space,ideal,e1,157,,B2,cadence_sweep,full_contract,parallel_fs,parallel_fs,,0.0,16,12,"{'G0': True, 'GA': True, 'GB': False, 'GC': False, 'GD': True, 'GE': True, 'GF': False, 'GH': False}",replay,True,True,False,False,2026-03-18T13:49:07+00:00,2026-03-18T13:49:08.026475+00:00,0.1.0,,1288.0,0.016004913330078124,0.06895,,,,,,,,1.0,,,,,1.0,,,1.0,0.0,0.0,,,,0.7140000000000001,8.404457988508238,9.414654900045955
ideal_e1_adapt_vqe_B2_cad16_seed163,adapt_vqe,adapt_style_larger_active_space,ideal,e1,163,,B2,cadence_sweep,full_contract,parallel_fs,parallel_fs,,0.0,16,12,"{'G0': True, 'GA': True, 'GB': False, 'GC': False, 'GD': True, 'GE': True, 'GF': False, 'GH': False}",replay,True,True,False,False,2026-03-04T15:45:14+00:00,2026-03-04T15:45:15.026475+00:00,0.1.0,,1288.0,0.016004913330078124,0.06895,,,,,,,,1.0,,,,,1.0,,,1.0,0.0,0.0,,,,0.7140000000000001,8.404457988508238,9.414654900045955
ideal_e1_adapt_vqe_B3_cad1_seed11,adapt_vqe,adapt_style_larger_active_space,ideal,e1,11,,B3,cadence_sweep,full_contract,parallel_fs,parallel_fs,,0.0,1,12,"{'G0': True, 'GA': True, 'GB': False, 'GC': True, 'GD': True, 'GE': True, 'GF': True, 'GH': False}",replay,True,True,False,False,2026-03-03T05:03:57+00:00,2026-03-03T05:03:57.988931+00:00,0.1.0,,2764.0,0.01601054382324219,0.031400000000000004,,,,,,,,1.0,,,,,1.0,,,1.0,0.0,0.0,,,,0.024625,0.5193992309349555,8.127179605706695
ideal_e1_adapt_vqe_B3_cad1_seed17,adapt_vqe,adapt_style_larger_active_space,ideal,e1,17,,B3,cadence_sweep,full_contract,parallel_fs,parallel_fs,,0.0,1,12,"{'G0': True, 'GA': True, 'GB': False, 'GC': True, 'GD': True, 'GE': True, 'GF': True, 'GH': False}",replay,True,True,False,False,2026-03-10T01:00:14+00:00,2026-03-10T01:00:14.988931+00:00,0.1.0,,2764.0,0.01601054382324219,0.031400000000000004,,,,,,,,1.0,,,,,1.0,,,1.0,0.0,0.0,,,,0.024625,0.5193992309349555,8.127179605706695
ideal_e1_adapt_vqe_B3_cad1_seed23,adapt_vqe,adapt_style_larger_active_space,ideal,e1,23,,B3,cadence_sweep,full_contract,parallel_fs,parallel_fs,,0.0,1,12,"{'G0': True, 'GA': True, 'GB': False, 'GC': True, 'GD': True, 'GE': True, 'GF': True, 'GH': False}",replay,True,True,False,False,2026-03-30T23:10:02+00:00,2026-03-30T23:10:02.988931+00:00,0.1.0,,2764.0,0.01601054382324219,0.031400000000000004,,,,,,,,1.0,,,,,1.0,,,1.0,0.0,0.0,,,,0.024625,0.5193992309349555,8.127179605706695
ideal_e1_adapt_vqe_B3_cad1_seed31,adapt_vqe,adapt_style_larger_active_space,ideal,e1,31,,B3,cadence_sweep,full_contract,parallel_fs,parallel_fs,,0.0,1,12,"{'G0': True, 'GA': True, 'GB': False, 'GC': True, 'GD': True, 'GE': True, 'GF': True, 'GH': False}",replay,True,True,False,False,2026-03-16T16:47:40+00:00,2026-03-16T16:47:40.988931+00:00,0.1.0,,2764.0,0.01601054382324219,0.031400000000000004,,,,,,,,1.0,,,,,1.0,,,1.0,0.0,0.0,,,,0.024625,0.5193992309349555,8.127179605706695
ideal_e1_adapt_vqe_B3_cad1_seed43,adapt_vqe,adapt_style_larger_active_space,ideal,e1,43,,B3,cadence_sweep,full_contract,parallel_fs,parallel_fs,,0.0,1,12,"{'G0': True, 'GA': True, 'GB': False, 'GC': True, 'GD': True, 'GE': True, 'GF': True, 'GH': False}",replay,True,True,False,False,2026-03-15T12:02:32+00:00,2026-03-15T12:02:32.988931+00:00,0.1.0,,2764.0,0.01601054382324219,0.031400000000000004,,,,,,,,1.0,,,,,1.0,,,1.0,0.0,0.0,,,,0.024625,0.5193992309349555,8.127179605706695
ideal_e1_adapt_vqe_B3_cad1_seed59,adapt_vqe,adapt_style_larger_active_space,ideal,e1,59,,B3,cadence_sweep,full_contract,parallel_fs,parallel_fs,,0.0,1,12,"{'G0': True, 'GA': True, 'GB': False, 'GC': True, 'GD': True, 'GE': True, 'GF': True, 'GH': False}",replay,True,True,False,False,2026-03-14T01:48:42+00:00,2026-03-14T01:48:42.988931+00:00,0.1.0,,2764.0,0.01601054382324219,0.031400000000000004,,,,,,,,1.0,,,,,1.0,,,1.0,0.0,0.0,,,,0.024625,0.5193992309349555,8.127179605706695
ideal_e1_adapt_vqe_B3_cad1_seed71,adapt_vqe,adapt_style_larger_active_space,ideal,e1,71,,B3,cadence_sweep,full_contract,parallel_fs,parallel_fs,,0.0,1,12,"{'G0': True, 'GA': True, 'GB': False, 'GC': True, 'GD': True, 'GE': True, 'GF': True, 'GH': False}",replay,True,True,False,False,2026-03-21T14:13:38+00:00,2026-03-21T14:13:38.988931+00:00,0.1.0,,2764.0,0.01601054382324219,0.031400000000000004,,,,,,,,1.0,,,,,1.0,,,1.0,0.0,0.0,,,,0.024625,0.5193992309349555,8.127179605706695
ideal_e1_adapt_vqe_B3_cad1_seed83,adapt_vqe,adapt_style_larger_active_space,ideal,e1,83,,B3,cadence_sweep,full_contract,parallel_fs,parallel_fs,,0.0,1,12,"{'G0': True, 'GA': True, 'GB': False, 'GC': True, 'GD': True, 'GE': True, 'GF': True, 'GH': False}",replay,True,True,False,False,2026-03-10T17:13:37+00:00,2026-03-10T17:13:37.988931+00:00,0.1.0,,2764.0,0.01601054382324219,0.031400000000000004,,,,,,,,1.0,,,,,1.0,,,1.0,0.0,0.0,,,,0.024625,0.5193992309349555,8.127179605706695
ideal_e1_adapt_vqe_B3_cad1_seed97,adapt_vqe,adapt_style_larger_active_space,ideal,e1,97,,B3,cadence_sweep,full_contract,parallel_fs,parallel_fs,,0.0,1,12,"{'G0': True, 'GA': True, 'GB': False, 'GC': True, 'GD': True, 'GE': True, 'GF': True, 'GH': False}",replay,True,True,False,False,2026-03-28T15:38:26+00:00,2026-03-28T15:38:26.988931+00:00,0.1.0,,2764.0,0.01601054382324219,0.031400000000000004,,,,,,,,1.0,,,,,1.0,,,1.0,0.0,0.0,,,,0.024625,0.5193992309349555,8.127179605706695
ideal_e1_adapt_vqe_B3_cad1_seed101,adapt_vqe,adapt_style_larger_active_space,ideal,e1,101,,B3,cadence_sweep,full_contract,parallel_fs,parallel_fs,,0.0,1,12,"{'G0': True, 'GA': True, 'GB': False, 'GC': True, 'GD': True, 'GE': True, 'GF': True, 'GH': False}",replay,True,True,False,False,2026-03-04T07:23:34+00:00,2026-03-04T07:23:34.988931+00:00,0.1.0,,2764.0,0.01601054382324219,0.031400000000000004,,,,,,,,1.0,,,,,1.0,,,1.0,0.0,0.0,,,,0.024625,0.5193992309349555,8.127179605706695
ideal_e1_adapt_vqe_B3_cad1_seed107,adapt_vqe,adapt_style_larger_active_space,ideal,e1,107,,B3,cadence_sweep,full_contract,parallel_fs,parallel_fs,,0.0,1,12,"{'G0': True, 'GA': True, 'GB': False, 'GC': True, 'GD': True, 'GE': True, 'GF': True, 'GH': False}",replay,True,True,False,False,2026-03-07T12:28:58+00:00,2026-03-07T12:28:58.988931+00:00,0.1.0,,2764.0,0.01601054382324219,0.031400000000000004,,,,,,,,1.0,,,,,1.0,,,1.0,0.0,0.0,,,,0.024625,0.5193992309349555,8.127179605706695
ideal_e1_adapt_vqe_B3_cad1_seed113,adapt_vqe,adapt_style_larger_active_space,ideal,e1,113,,B3,cadence_sweep,full_contract,parallel_fs,parallel_fs,,0.0,1,12,"{'G0': True, 'GA': True, 'GB': False, 'GC': True, 'GD': True, 'GE': True, 'GF': True, 'GH': False}",replay,True,True,False,False,2026-03-01T19:00:42+00:00,2026-03-01T19:00:42.988931+00:00,0.1.0,,2764.0,0.01601054382324219,0.031400000000000004,,,,,,,,1.0,,,,,1.0,,,1.0,0.0,0.0,,,,0.024625,0.5193992309349555,8.127179605706695
ideal_e1_adapt_vqe_B3_cad1_seed127,adapt_vqe,adapt_style_larger_active_space,ideal,e1,127,,B3,cadence_sweep,full_contract,parallel_fs,parallel_fs,,0.0,1,12,"{'G0': True, 'GA': True, 'GB': False, 'GC': True, 'GD': True, 'GE': True, 'GF': True, 'GH': False}",replay,True,True,False,False,2026-03-08T06:27:33+00:00,2026-03-08T06:27:33.988931+00:00,0.1.0,,2764.0,0.01601054382324219,0.031400000000000004,,,,,,,,1.0,,,,,1.0,,,1.0,0.0,0.0,,,,0.024625,0.5193992309349555,8.127179605706695
ideal_e1_adapt_vqe_B3_cad1_seed131,adapt_vqe,adapt_style_larger_active_space,ideal,e1,131,,B3,cadence_sweep,full_contract,parallel_fs,parallel_fs,,0.0,1,12,"{'G0': True, 'GA': True, 'GB': False, 'GC': True, 'GD': True, 'GE': True, 'GF': True, 'GH': False}",replay,True,True,False,False,2026-03-10T13:16:12+00:00,2026-03-10T13:16:12.988931+00:00,0.1.0,,2764.0,0.01601054382324219,0.031400000000000004,,,,,,,,1.0,,,,,1.0,,,1.0,0.0,0.0,,,,0.024625,0.5193992309349555,8.127179605706695
ideal_e1_adapt_vqe_B3_cad1_seed137,adapt_vqe,adapt_style_larger_active_space,ideal,e1,137,,B3,cadence_sweep,full_contract,parallel_fs,parallel_fs,,0.0,1,12,"{'G0': True, 'GA': True, 'GB': False, 'GC': True, 'GD': True, 'GE': True, 'GF': True, 'GH': False}",replay,True,True,False,False,2026-03-08T20:37:43+00:00,2026-03-08T20:37:43.988931+00:00,0.1.0,,2764.0,0.01601054382324219,0.031400000000000004,,,,,,,,1.0,,,,,1.0,,,1.0,0.0,0.0,,,,0.024625,0.5193992309349555,8.127179605706695
ideal_e1_adapt_vqe_B3_cad1_seed149,adapt_vqe,adapt_style_larger_active_space,ideal,e1,149,,B3,cadence_sweep,full_contract,parallel_fs,parallel_fs,,0.0,1,12,"{'G0': True, 'GA': True, 'GB': False, 'GC': True, 'GD': True, 'GE': True, 'GF': True, 'GH': False}",replay,True,True,False,False,2026-03-10T12:45:25+00:00,2026-03-10T12:45:25.988931+00:00,0.1.0,,2764.0,0.01601054382324219,0.031400000000000004,,,,,,,,1.0,,,,,1.0,,,1.0,0.0,0.0,,,,0.024625,0.5193992309349555,8.127179605706695
ideal_e1_adapt_vqe_B3_cad1_seed157,adapt_vqe,adapt_style_larger_active_space,ideal,e1,157,,B3,cadence_sweep,full_contract,parallel_fs,parallel_fs,,0.0,1,12,"{'G0': True, 'GA': True, 'GB': False, 'GC': True, 'GD': True, 'GE': True, 'GF': True, 'GH': False}",replay,True,True,False,False,2026-03-02T21:39:31+00:00,2026-03-02T21:39:31.988931+00:00,0.1.0,,2764.0,0.01601054382324219,0.031400000000000004,,,,,,,,1.0,,,,,1.0,,,1.0,0.0,0.0,,,,0.024625,0.5193992309349555,8.127179605706695
ideal_e1_adapt_vqe_B3_cad1_seed163,adapt_vqe,adapt_style_larger_active_space,ideal,e1,163,,B3,cadence_sweep,full_contract,parallel_fs,parallel_fs,,0.0,1,12,"{'G0': True, 'GA': True, 'GB': False, 'GC': True, 'GD': True, 'GE': True, 'GF': True, 'GH': False}",replay,True,True,False,False,2026-03-23T04:42:20+00:00,2026-03-23T04:42:20.988931+00:00,0.1.0,,2764.0,0.01601054382324219,0.031400000000000004,,,,,,,,1.0,,,,,1.0,,,1.0,0.0,0.0,,,,0.024625,0.5193992309349555,8.127179605706695
ideal_e1_adapt_vqe_B3_cad2_seed11,adapt_vqe,adapt_style_larger_active_space,ideal,e1,11,,B3,cadence_sweep,full_contract,parallel_fs,parallel_fs,,0.0,2,12,"{'G0': True, 'GA': True, 'GB': False, 'GC': True, 'GD': True, 'GE': True, 'GF': True, 'GH': False}",replay,True,True,False,False,2026-03-23T05:22:26+00:00,2026-03-23T05:22:26.988931+00:00,0.1.0,,2764.0,0.01601054382324219,0.031400000000000004,,,,,,,,1.0,,,,,1.0,,,1.0,0.0,0.0,,,,0.0985,2.077596923739822,8.127179605706695
ideal_e1_adapt_vqe_B3_cad2_seed17,adapt_vqe,adapt_style_larger_active_space,ideal,e1,17,,B3,cadence_sweep,full_contract,parallel_fs,parallel_fs,,0.0,2,12,"{'G0': True, 'GA': True, 'GB': False, 'GC': True, 'GD': True, 'GE': True, 'GF': True, 'GH': False}",replay,True,True,False,False,2026-03-03T10:00:22+00:00,2026-03-03T10:00:22.988931+00:00,0.1.0,,2764.0,0.01601054382324219,0.031400000000000004,,,,,,,,1.0,,,,,1.0,,,1.0,0.0,0.0,,,,0.0985,2.077596923739822,8.127179605706695
ideal_e1_adapt_vqe_B3_cad2_seed23,adapt_vqe,adapt_style_larger_active_space,ideal,e1,23,,B3,cadence_sweep,full_contract,parallel_fs,parallel_fs,,0.0,2,12,"{'G0': True, 'GA': True, 'GB': False, 'GC': True, 'GD': True, 'GE': True, 'GF': True, 'GH': False}",replay,True,True,False,False,2026-03-13T20:49:08+00:00,2026-03-13T20:49:08.988931+00:00,0.1.0,,2764.0,0.01601054382324219,0.031400000000000004,,,,,,,,1.0,,,,,1.0,,,1.0,0.0,0.0,,,,0.0985,2.077596923739822,8.127179605706695
ideal_e1_adapt_vqe_B3_cad2_seed31,adapt_vqe,adapt_style_larger_active_space,ideal,e1,31,,B3,cadence_sweep,full_contract,parallel_fs,parallel_fs,,0.0,2,12,"{'G0': True, 'GA': True, 'GB': False, 'GC': True, 'GD': True, 'GE': True, 'GF': True, 'GH': False}",replay,True,True,False,False,2026-03-11T15:55:45+00:00,2026-03-11T15:55:45.988931+00:00,0.1.0,,2764.0,0.01601054382324219,0.031400000000000004,,,,,,,,1.0,,,,,1.0,,,1.0,0.0,0.0,,,,0.0985,2.077596923739822,8.127179605706695
ideal_e1_adapt_vqe_B3_cad2_seed43,adapt_vqe,adapt_style_larger_active_space,ideal,e1,43,,B3,cadence_sweep,full_contract,parallel_fs,parallel_fs,,0.0,2,12,"{'G0': True, 'GA': True, 'GB': False, 'GC': True, 'GD': True, 'GE': True, 'GF': True, 'GH': False}",replay,True,True,False,False,2026-03-03T11:32:39+00:00,2026-03-03T11:32:39.988931+00:00,0.1.0,,2764.0,0.01601054382324219,0.031400000000000004,,,,,,,,1.0,,,,,1.0,,,1.0,0.0,0.0,,,,0.0985,2.077596923739822,8.127179605706695
ideal_e1_adapt_vqe_B3_cad2_seed59,adapt_vqe,adapt_style_larger_active_space,ideal,e1,59,,B3,cadence_sweep,full_contract,parallel_fs,parallel_fs,,0.0,2,12,"{'G0': True, 'GA': True, 'GB': False, 'GC': True, 'GD': True, 'GE': True, 'GF': True, 'GH': False}",replay,True,True,False,False,2026-03-26T07:38:33+00:00,2026-03-26T07:38:33.988931+00:00,0.1.0,,2764.0,0.01601054382324219,0.031400000000000004,,,,,,,,1.0,,,,,1.0,,,1.0,0.0,0.0,,,,0.0985,2.077596923739822,8.127179605706695
ideal_e1_adapt_vqe_B3_cad2_seed71,adapt_vqe,adapt_style_larger_active_space,ideal,e1,71,,B3,cadence_sweep,full_contract,parallel_fs,parallel_fs,,0.0,2,12,"{'G0': True, 'GA': True, 'GB': False, 'GC': True, 'GD': True, 'GE': True, 'GF': True, 'GH': False}",replay,True,True,False,False,2026-03-18T01:06:24+00:00,2026-03-18T01:06:24.988931+00:00,0.1.0,,2764.0,0.01601054382324219,0.031400000000000004,,,,,,,,1.0,,,,,1.0,,,1.0,0.0,0.0,,,,0.0985,2.077596923739822,8.127179605706695
ideal_e1_adapt_vqe_B3_cad2_seed83,adapt_vqe,adapt_style_larger_active_space,ideal,e1,83,,B3,cadence_sweep,full_contract,parallel_fs,parallel_fs,,0.0,2,12,"{'G0': True, 'GA': True, 'GB': False, 'GC': True, 'GD': True, 'GE': True, 'GF': True, 'GH': False}",replay,True,True,False,False,2026-03-28T02:29:17+00:00,2026-03-28T02:29:17.988931+00:00,0.1.0,,2764.0,0.01601054382324219,0.031400000000000004,,,,,,,,1.0,,,,,1.0,,,1.0,0.0,0.0,,,,0.0985,2.077596923739822,8.127179605706695
ideal_e1_adapt_vqe_B3_cad2_seed97,adapt_vqe,adapt_style_larger_active_space,ideal,e1,97,,B3,cadence_sweep,full_contract,parallel_fs,parallel_fs,,0.0,2,12,"{'G0': True, 'GA': True, 'GB': False, 'GC': True, 'GD': True, 'GE': True, 'GF': True, 'GH': False}",replay,True,True,False,False,2026-03-08T13:03:25+00:00,2026-03-08T13:03:25.988931+00:00,0.1.0,,2764.0,0.01601054382324219,0.031400000000000004,,,,,,,,1.0,,,,,1.0,,,1.0,0.0,0.0,,,,0.0985,2.077596923739822,8.127179605706695
ideal_e1_adapt_vqe_B3_cad2_seed101,adapt_vqe,adapt_style_larger_active_space,ideal,e1,101,,B3,cadence_sweep,full_contract,parallel_fs,parallel_fs,,0.0,2,12,"{'G0': True, 'GA': True, 'GB': False, 'GC': True, 'GD': True, 'GE': True, 'GF': True, 'GH': False}",replay,True,True,False,False,2026-03-04T09:10:53+00:00,2026-03-04T09:10:53.988931+00:00,0.1.0,,2764.0,0.01601054382324219,0.031400000000000004,,,,,,,,1.0,,,,,1.0,,,1.0,0.0,0.0,,,,0.0985,2.077596923739822,8.127179605706695
ideal_e1_adapt_vqe_B3_cad2_seed107,adapt_vqe,adapt_style_larger_active_space,ideal,e1,107,,B3,cadence_sweep,full_contract,parallel_fs,parallel_fs,,0.0,2,12,"{'G0': True, 'GA': True, 'GB': False, 'GC': True, 'GD': True, 'GE': True, 'GF': True, 'GH': False}",replay,True,True,False,False,2026-03-08T13:19:22+00:00,2026-03-08T13:19:22.988931+00:00,0.1.0,,2764.0,0.01601054382324219,0.031400000000000004,,,,,,,,1.0,,,,,1.0,,,1.0,0.0,0.0,,,,0.0985,2.077596923739822,8.127179605706695
ideal_e1_adapt_vqe_B3_cad2_seed113,adapt_vqe,adapt_style_larger_active_space,ideal,e1,113,,B3,cadence_sweep,full_contract,parallel_fs,parallel_fs,,0.0,2,12,"{'G0': True, 'GA': True, 'GB': False, 'GC': True, 'GD': True, 'GE': True, 'GF': True, 'GH': False}",replay,True,True,False,False,2026-03-27T08:13:37+00:00,2026-03-27T08:13:37.988931+00:00,0.1.0,,2764.0,0.01601054382324219,0.031400000000000004,,,,,,,,1.0,,,,,1.0,,,1.0,0.0,0.0,,,,0.0985,2.077596923739822,8.127179605706695
ideal_e1_adapt_vqe_B3_cad2_seed127,adapt_vqe,adapt_style_larger_active_space,ideal,e1,127,,B3,cadence_sweep,full_contract,parallel_fs,parallel_fs,,0.0,2,12,"{'G0': True, 'GA': True, 'GB': False, 'GC': True, 'GD': True, 'GE': True, 'GF': True, 'GH': False}",replay,True,True,False,False,2026-03-28T15:41:55+00:00,2026-03-28T15:41:55.988931+00:00,0.1.0,,2764.0,0.01601054382324219,0.031400000000000004,,,,,,,,1.0,,,,,1.0,,,1.0,0.0,0.0,,,,0.0985,2.077596923739822,8.127179605706695
ideal_e1_adapt_vqe_B3_cad2_seed131,adapt_vqe,adapt_style_larger_active_space,ideal,e1,131,,B3,cadence_sweep,full_contract,parallel_fs,parallel_fs,,0.0,2,12,"{'G0': True, 'GA': True, 'GB': False, 'GC': True, 'GD': True, 'GE': True, 'GF': True, 'GH': False}",replay,True,True,False,False,2026-03-16T00:34:56+00:00,2026-03-16T00:34:56.988931+00:00,0.1.0,,2764.0,0.01601054382324219,0.031400000000000004,,,,,,,,1.0,,,,,1.0,,,1.0,0.0,0.0,,,,0.0985,2.077596923739822,8.127179605706695
ideal_e1_adapt_vqe_B3_cad2_seed137,adapt_vqe,adapt_style_larger_active_space,ideal,e1,137,,B3,cadence_sweep,full_contract,parallel_fs,parallel_fs,,0.0,2,12,"{'G0': True, 'GA': True, 'GB': False, 'GC': True, 'GD': True, 'GE': True, 'GF': True, 'GH': False}",replay,True,True,False,False,2026-03-11T07:50:18+00:00,2026-03-11T07:50:18.988931+00:00,0.1.0,,2764.0,0.01601054382324219,0.031400000000000004,,,,,,,,1.0,,,,,1.0,,,1.0,0.0,0.0,,,,0.0985,2.077596923739822,8.127179605706695
ideal_e1_adapt_vqe_B3_cad2_seed149,adapt_vqe,adapt_style_larger_active_space,ideal,e1,149,,B3,cadence_sweep,full_contract,parallel_fs,parallel_fs,,0.0,2,12,"{'G0': True, 'GA': True, 'GB': False, 'GC': True, 'GD': True, 'GE': True, 'GF': True, 'GH': False}",replay,True,True,False,False,2026-03-24T03:19:56+00:00,2026-03-24T03:19:56.988931+00:00,0.1.0,,2764.0,0.01601054382324219,0.031400000000000004,,,,,,,,1.0,,,,,1.0,,,1.0,0.0,0.0,,,,0.0985,2.077596923739822,8.127179605706695
ideal_e1_adapt_vqe_B3_cad2_seed157,adapt_vqe,adapt_style_larger_active_space,ideal,e1,157,,B3,cadence_sweep,full_contract,parallel_fs,parallel_fs,,0.0,2,12,"{'G0': True, 'GA': True, 'GB': False, 'GC': True, 'GD': True, 'GE': True, 'GF': True, 'GH': False}",replay,True,True,False,False,2026-03-25T16:12:58+00:00,2026-03-25T16:12:58.988931+00:00,0.1.0,,2764.0,0.01601054382324219,0.031400000000000004,,,,,,,,1.0,,,,,1.0,,,1.0,0.0,0.0,,,,0.0985,2.077596923739822,8.127179605706695
ideal_e1_adapt_vqe_B3_cad2_seed163,adapt_vqe,adapt_style_larger_active_space,ideal,e1,163,,B3,cadence_sweep,full_contract,parallel_fs,parallel_fs,,0.0,2,12,"{'G0': True, 'GA': True, 'GB': False, 'GC': True, 'GD': True, 'GE': True, 'GF': True, 'GH': False}",replay,True,True,False,False,2026-03-29T10:37:32+00:00,2026-03-29T10:37:32.988931+00:00,0.1.0,,2764.0,0.01601054382324219,0.031400000000000004,,,,,,,,1.0,,,,,1.0,,,1.0,0.0,0.0,,,,0.0985,2.077596923739822,8.127179605706695
ideal_e1_adapt_vqe_B3_cad4_seed11,adapt_vqe,adapt_style_larger_active_space,ideal,e1,11,,B3,cadence_sweep,full_contract,parallel_fs,parallel_fs,,0.0,4,12,"{'G0': True, 'GA': True, 'GB': False, 'GC': True, 'GD': True, 'GE': True, 'GF': True, 'GH': False}",replay,True,True,False,False,2026-03-28T19:11:26+00:00,2026-03-28T19:11:26.988931+00:00,0.1.0,,2764.0,0.01601054382324219,0.031400000000000004,,,,,,,,1.0,,,,,1.0,,,1.0,0.0,0.0,,,,0.2955,6.232790771219466,8.127179605706695
ideal_e1_adapt_vqe_B3_cad4_seed17,adapt_vqe,adapt_style_larger_active_space,ideal,e1,17,,B3,cadence_sweep,full_contract,parallel_fs,parallel_fs,,0.0,4,12,"{'G0': True, 'GA': True, 'GB': False, 'GC': True, 'GD': True, 'GE': True, 'GF': True, 'GH': False}",replay,True,True,False,False,2026-03-21T17:24:10+00:00,2026-03-21T17:24:10.988931+00:00,0.1.0,,2764.0,0.01601054382324219,0.031400000000000004,,,,,,,,1.0,,,,,1.0,,,1.0,0.0,0.0,,,,0.2955,6.232790771219466,8.127179605706695
ideal_e1_adapt_vqe_B3_cad4_seed23,adapt_vqe,adapt_style_larger_active_space,ideal,e1,23,,B3,cadence_sweep,full_contract,parallel_fs,parallel_fs,,0.0,4,12,"{'G0': True, 'GA': True, 'GB': False, 'GC': True, 'GD': True, 'GE': True, 'GF': True, 'GH': False}",replay,True,True,False,False,2026-03-06T04:09:03+00:00,2026-03-06T04:09:03.988931+00:00,0.1.0,,2764.0,0.01601054382324219,0.031400000000000004,,,,,,,,1.0,,,,,1.0,,,1.0,0.0,0.0,,,,0.2955,6.232790771219466,8.127179605706695
ideal_e1_adapt_vqe_B3_cad4_seed31,adapt_vqe,adapt_style_larger_active_space,ideal,e1,31,,B3,cadence_sweep,full_contract,parallel_fs,parallel_fs,,0.0,4,12,"{'G0': True, 'GA': True, 'GB': False, 'GC': True, 'GD': True, 'GE': True, 'GF': True, 'GH': False}",replay,True,True,False,False,2026-03-15T00:13:57+00:00,2026-03-15T00:13:57.988931+00:00,0.1.0,,2764.0,0.01601054382324219,0.031400000000000004,,,,,,,,1.0,,,,,1.0,,,1.0,0.0,0.0,,,,0.2955,6.232790771219466,8.127179605706695
ideal_e1_adapt_vqe_B3_cad4_seed43,adapt_vqe,adapt_style_larger_active_space,ideal,e1,43,,B3,cadence_sweep,full_contract,parallel_fs,parallel_fs,,0.0,4,12,"{'G0': True, 'GA': True, 'GB': False, 'GC': True, 'GD': True, 'GE': True, 'GF': True, 'GH': False}",replay,True,True,False,False,2026-03-15T18:17:36+00:00,2026-03-15T18:17:36.988931+00:00,0.1.0,,2764.0,0.01601054382324219,0.031400000000000004,,,,,,,,1.0,,,,,1.0,,,1.0,0.0,0.0,,,,0.2955,6.232790771219466,8.127179605706695
ideal_e1_adapt_vqe_B3_cad4_seed59,adapt_vqe,adapt_style_larger_active_space,ideal,e1,59,,B3,cadence_sweep,full_contract,parallel_fs,parallel_fs,,0.0,4,12,"{'G0': True, 'GA': True, 'GB': False, 'GC': True, 'GD': True, 'GE': True, 'GF': True, 'GH': False}",replay,True,True,False,False,2026-03-13T04:48:13+00:00,2026-03-13T04:48:13.988931+00:00,0.1.0,,2764.0,0.01601054382324219,0.031400000000000004,,,,,,,,1.0,,,,,1.0,,,1.0,0.0,0.0,,,,0.2955,6.232790771219466,8.127179605706695
ideal_e1_adapt_vqe_B3_cad4_seed71,adapt_vqe,adapt_style_larger_active_space,ideal,e1,71,,B3,cadence_sweep,full_contract,parallel_fs,parallel_fs,,0.0,4,12,"{'G0': True, 'GA': True, 'GB': False, 'GC': True, 'GD': True, 'GE': True, 'GF': True, 'GH': False}",replay,True,True,False,False,2026-03-19T04:01:30+00:00,2026-03-19T04:01:30.988931+00:00,0.1.0,,2764.0,0.01601054382324219,0.031400000000000004,,,,,,,,1.0,,,,,1.0,,,1.0,0.0,0.0,,,,0.2955,6.232790771219466,8.127179605706695
ideal_e1_adapt_vqe_B3_cad4_seed83,adapt_vqe,adapt_style_larger_active_space,ideal,e1,83,,B3,cadence_sweep,full_contract,parallel_fs,parallel_fs,,0.0,4,12,"{'G0': True, 'GA': True, 'GB': False, 'GC': True, 'GD': True, 'GE': True, 'GF': True, 'GH': False}",replay,True,True,False,False,2026-03-08T22:04:57+00:00,2026-03-08T22:04:57.988931+00:00,0.1.0,,2764.0,0.01601054382324219,0.031400000000000004,,,,,,,,1.0,,,,,1.0,,,1.0,0.0,0.0,,,,0.2955,6.232790771219466,8.127179605706695
ideal_e1_adapt_vqe_B3_cad4_seed97,adapt_vqe,adapt_style_larger_active_space,ideal,e1,97,,B3,cadence_sweep,full_contract,parallel_fs,parallel_fs,,0.0,4,12,"{'G0': True, 'GA': True, 'GB': False, 'GC': True, 'GD': True, 'GE': True, 'GF': True, 'GH': False}",replay,True,True,False,False,2026-03-04T13:02:32+00:00,2026-03-04T13:02:32.988931+00:00,0.1.0,,2764.0,0.01601054382324219,0.031400000000000004,,,,,,,,1.0,,,,,1.0,,,1.0,0.0,0.0,,,,0.2955,6.232790771219466,8.127179605706695
ideal_e1_adapt_vqe_B3_cad4_seed101,adapt_vqe,adapt_style_larger_active_space,ideal,e1,101,,B3,cadence_sweep,full_contract,parallel_fs,parallel_fs,,0.0,4,12,"{'G0': True, 'GA': True, 'GB': False, 'GC': True, 'GD': True, 'GE': True, 'GF': True, 'GH': False}",replay,True,True,False,False,2026-03-21T19:42:03+00:00,2026-03-21T19:42:03.988931+00:00,0.1.0,,2764.0,0.01601054382324219,0.031400000000000004,,,,,,,,1.0,,,,,1.0,,,1.0,0.0,0.0,,,,0.2955,6.232790771219466,8.127179605706695
ideal_e1_adapt_vqe_B3_cad4_seed107,adapt_vqe,adapt_style_larger_active_space,ideal,e1,107,,B3,cadence_sweep,full_contract,parallel_fs,parallel_fs,,0.0,4,12,"{'G0': True, 'GA': True, 'GB': False, 'GC': True, 'GD': True, 'GE': True, 'GF': True, 'GH': False}",replay,True,True,False,False,2026-03-28T19:01:14+00:00,2026-03-28T19:01:14.988931+00:00,0.1.0,,2764.0,0.01601054382324219,0.031400000000000004,,,,,,,,1.0,,,,,1.0,,,1.0,0.0,0.0,,,,0.2955,6.232790771219466,8.127179605706695
ideal_e1_adapt_vqe_B3_cad4_seed113,adapt_vqe,adapt_style_larger_active_space,ideal,e1,113,,B3,cadence_sweep,full_contract,parallel_fs,parallel_fs,,0.0,4,12,"{'G0': True, 'GA': True, 'GB': False, 'GC': True, 'GD': True, 'GE': True, 'GF': True, 'GH': False}",replay,True,True,False,False,2026-03-20T00:34:53+00:00,2026-03-20T00:34:53.988931+00:00,0.1.0,,2764.0,0.01601054382324219,0.031400000000000004,,,,,,,,1.0,,,,,1.0,,,1.0,0.0,0.0,,,,0.2955,6.232790771219466,8.127179605706695
ideal_e1_adapt_vqe_B3_cad4_seed127,adapt_vqe,adapt_style_larger_active_space,ideal,e1,127,,B3,cadence_sweep,full_contract,parallel_fs,parallel_fs,,0.0,4,12,"{'G0': True, 'GA': True, 'GB': False, 'GC': True, 'GD': True, 'GE': True, 'GF': True, 'GH': False}",replay,True,True,False,False,2026-03-20T22:44:27+00:00,2026-03-20T22:44:27.988931+00:00,0.1.0,,2764.0,0.01601054382324219,0.031400000000000004,,,,,,,,1.0,,,,,1.0,,,1.0,0.0,0.0,,,,0.2955,6.232790771219466,8.127179605706695
ideal_e1_adapt_vqe_B3_cad4_seed131,adapt_vqe,adapt_style_larger_active_space,ideal,e1,131,,B3,cadence_sweep,full_contract,parallel_fs,parallel_fs,,0.0,4,12,"{'G0': True, 'GA': True, 'GB': False, 'GC': True, 'GD': True, 'GE': True, 'GF': True, 'GH': False}",replay,True,True,False,False,2026-03-29T07:51:49+00:00,2026-03-29T07:51:49.988931+00:00,0.1.0,,2764.0,0.01601054382324219,0.031400000000000004,,,,,,,,1.0,,,,,1.0,,,1.0,0.0,0.0,,,,0.2955,6.232790771219466,8.127179605706695
ideal_e1_adapt_vqe_B3_cad4_seed137,adapt_vqe,adapt_style_larger_active_space,ideal,e1,137,,B3,cadence_sweep,full_contract,parallel_fs,parallel_fs,,0.0,4,12,"{'G0': True, 'GA': True, 'GB': False, 'GC': True, 'GD': True, 'GE': True, 'GF': True, 'GH': False}",replay,True,True,False,False,2026-03-08T14:13:44+00:00,2026-03-08T14:13:44.988931+00:00,0.1.0,,2764.0,0.01601054382324219,0.031400000000000004,,,,,,,,1.0,,,,,1.0,,,1.0,0.0,0.0,,,,0.2955,6.232790771219466,8.127179605706695
ideal_e1_adapt_vqe_B3_cad4_seed149,adapt_vqe,adapt_style_larger_active_space,ideal,e1,149,,B3,cadence_sweep,full_contract,parallel_fs,parallel_fs,,0.0,4,12,"{'G0': True, 'GA': True, 'GB': False, 'GC': True, 'GD': True, 'GE': True, 'GF': True, 'GH': False}",replay,True,True,False,False,2026-03-08T05:06:25+00:00,2026-03-08T05:06:25.988931+00:00,0.1.0,,2764.0,0.01601054382324219,0.031400000000000004,,,,,,,,1.0,,,,,1.0,,,1.0,0.0,0.0,,,,0.2955,6.232790771219466,8.127179605706695
ideal_e1_adapt_vqe_B3_cad4_seed157,adapt_vqe,adapt_style_larger_active_space,ideal,e1,157,,B3,cadence_sweep,full_contract,parallel_fs,parallel_fs,,0.0,4,12,"{'G0': True, 'GA': True, 'GB': False, 'GC': True, 'GD': True, 'GE': True, 'GF': True, 'GH': False}",replay,True,True,False,False,2026-03-03T22:47:59+00:00,2026-03-03T22:47:59.988931+00:00,0.1.0,,2764.0,0.01601054382324219,0.031400000000000004,,,,,,,,1.0,,,,,1.0,,,1.0,0.0,0.0,,,,0.2955,6.232790771219466,8.127179605706695
ideal_e1_adapt_vqe_B3_cad4_seed163,adapt_vqe,adapt_style_larger_active_space,ideal,e1,163,,B3,cadence_sweep,full_contract,parallel_fs,parallel_fs,,0.0,4,12,"{'G0': True, 'GA': True, 'GB': False, 'GC': True, 'GD': True, 'GE': True, 'GF': True, 'GH': False}",replay,True,True,False,False,2026-03-12T05:22:41+00:00,2026-03-12T05:22:41.988931+00:00,0.1.0,,2764.0,0.01601054382324219,0.031400000000000004,,,,,,,,1.0,,,,,1.0,,,1.0,0.0,0.0,,,,0.2955,6.232790771219466,8.127179605706695
ideal_e1_adapt_vqe_B3_cad8_seed11,adapt_vqe,adapt_style_larger_active_space,ideal,e1,11,,B3,cadence_sweep,full_contract,parallel_fs,parallel_fs,,0.0,8,12,"{'G0': True, 'GA': True, 'GB': False, 'GC': True, 'GD': True, 'GE': True, 'GF': True, 'GH': False}",replay,True,True,False,False,2026-03-04T01:24:45+00:00,2026-03-04T01:24:45.988931+00:00,0.1.0,,2764.0,0.01601054382324219,0.031400000000000004,,,,,,,,1.0,,,,,1.0,,,1.0,0.0,0.0,,,,0.6895,14.543178466178754,8.127179605706695
ideal_e1_adapt_vqe_B3_cad8_seed17,adapt_vqe,adapt_style_larger_active_space,ideal,e1,17,,B3,cadence_sweep,full_contract,parallel_fs,parallel_fs,,0.0,8,12,"{'G0': True, 'GA': True, 'GB': False, 'GC': True, 'GD': True, 'GE': True, 'GF': True, 'GH': False}",replay,True,True,False,False,2026-03-27T04:26:36+00:00,2026-03-27T04:26:36.988931+00:00,0.1.0,,2764.0,0.01601054382324219,0.031400000000000004,,,,,,,,1.0,,,,,1.0,,,1.0,0.0,0.0,,,,0.6895,14.543178466178754,8.127179605706695
ideal_e1_adapt_vqe_B3_cad8_seed23,adapt_vqe,adapt_style_larger_active_space,ideal,e1,23,,B3,cadence_sweep,full_contract,parallel_fs,parallel_fs,,0.0,8,12,"{'G0': True, 'GA': True, 'GB': False, 'GC': True, 'GD': True, 'GE': True, 'GF': True, 'GH': False}",replay,True,True,False,False,2026-03-08T16:40:39+00:00,2026-03-08T16:40:39.988931+00:00,0.1.0,,2764.0,0.01601054382324219,0.031400000000000004,,,,,,,,1.0,,,,,1.0,,,1.0,0.0,0.0,,,,0.6895,14.543178466178754,8.127179605706695
ideal_e1_adapt_vqe_B3_cad8_seed31,adapt_vqe,adapt_style_larger_active_space,ideal,e1,31,,B3,cadence_sweep,full_contract,parallel_fs,parallel_fs,,0.0,8,12,"{'G0': True, 'GA': True, 'GB': False, 'GC': True, 'GD': True, 'GE': True, 'GF': True, 'GH': False}",replay,True,True,False,False,2026-03-14T16:27:32+00:00,2026-03-14T16:27:32.988931+00:00,0.1.0,,2764.0,0.01601054382324219,0.031400000000000004,,,,,,,,1.0,,,,,1.0,,,1.0,0.0,0.0,,,,0.6895,14.543178466178754,8.127179605706695
ideal_e1_adapt_vqe_B3_cad8_seed43,adapt_vqe,adapt_style_larger_active_space,ideal,e1,43,,B3,cadence_sweep,full_contract,parallel_fs,parallel_fs,,0.0,8,12,"{'G0': True, 'GA': True, 'GB': False, 'GC': True, 'GD': True, 'GE': True, 'GF': True, 'GH': False}",replay,True,True,False,False,2026-03-24T22:56:58+00:00,2026-03-24T22:56:58.988931+00:00,0.1.0,,2764.0,0.01601054382324219,0.031400000000000004,,,,,,,,1.0,,,,,1.0,,,1.0,0.0,0.0,,,,0.6895,14.543178466178754,8.127179605706695
ideal_e1_adapt_vqe_B3_cad8_seed59,adapt_vqe,adapt_style_larger_active_space,ideal,e1,59,,B3,cadence_sweep,full_contract,parallel_fs,parallel_fs,,0.0,8,12,"{'G0': True, 'GA': True, 'GB': False, 'GC': True, 'GD': True, 'GE': True, 'GF': True, 'GH': False}",replay,True,True,False,False,2026-03-11T18:35:08+00:00,2026-03-11T18:35:08.988931+00:00,0.1.0,,2764.0,0.01601054382324219,0.031400000000000004,,,,,,,,1.0,,,,,1.0,,,1.0,0.0,0.0,,,,0.6895,14.543178466178754,8.127179605706695
ideal_e1_adapt_vqe_B3_cad8_seed71,adapt_vqe,adapt_style_larger_active_space,ideal,e1,71,,B3,cadence_sweep,full_contract,parallel_fs,parallel_fs,,0.0,8,12,"{'G0': True, 'GA': True, 'GB': False, 'GC': True, 'GD': True, 'GE': True, 'GF': True, 'GH': False}",replay,True,True,False,False,2026-03-12T09:52:42+00:00,2026-03-12T09:52:42.988931+00:00,0.1.0,,2764.0,0.01601054382324219,0.031400000000000004,,,,,,,,1.0,,,,,1.0,,,1.0,0.0,0.0,,,,0.6895,14.543178466178754,8.127179605706695
ideal_e1_adapt_vqe_B3_cad8_seed83,adapt_vqe,adapt_style_larger_active_space,ideal,e1,83,,B3,cadence_sweep,full_contract,parallel_fs,parallel_fs,,0.0,8,12,"{'G0': True, 'GA': True, 'GB': False, 'GC': True, 'GD': True, 'GE': True, 'GF': True, 'GH': False}",replay,True,True,False,False,2026-03-14T16:59:52+00:00,2026-03-14T16:59:52.988931+00:00,0.1.0,,2764.0,0.01601054382324219,0.031400000000000004,,,,,,,,1.0,,,,,1.0,,,1.0,0.0,0.0,,,,0.6895,14.543178466178754,8.127179605706695
ideal_e1_adapt_vqe_B3_cad8_seed97,adapt_vqe,adapt_style_larger_active_space,ideal,e1,97,,B3,cadence_sweep,full_contract,parallel_fs,parallel_fs,,0.0,8,12,"{'G0': True, 'GA': True, 'GB': False, 'GC': True, 'GD': True, 'GE': True, 'GF': True, 'GH': False}",replay,True,True,False,False,2026-03-16T19:32:41+00:00,2026-03-16T19:32:41.988931+00:00,0.1.0,,2764.0,0.01601054382324219,0.031400000000000004,,,,,,,,1.0,,,,,1.0,,,1.0,0.0,0.0,,,,0.6895,14.543178466178754,8.127179605706695
ideal_e1_adapt_vqe_B3_cad8_seed101,adapt_vqe,adapt_style_larger_active_space,ideal,e1,101,,B3,cadence_sweep,full_contract,parallel_fs,parallel_fs,,0.0,8,12,"{'G0': True, 'GA': True, 'GB': False, 'GC': True, 'GD': True, 'GE': True, 'GF': True, 'GH': False}",replay,True,True,False,False,2026-03-17T01:44:24+00:00,2026-03-17T01:44:24.988931+00:00,0.1.0,,2764.0,0.01601054382324219,0.031400000000000004,,,,,,,,1.0,,,,,1.0,,,1.0,0.0,0.0,,,,0.6895,14.543178466178754,8.127179605706695
ideal_e1_adapt_vqe_B3_cad8_seed107,adapt_vqe,adapt_style_larger_active_space,ideal,e1,107,,B3,cadence_sweep,full_contract,parallel_fs,parallel_fs,,0.0,8,12,"{'G0': True, 'GA': True, 'GB': False, 'GC': True, 'GD': True, 'GE': True, 'GF': True, 'GH': False}",replay,True,True,False,False,2026-03-13T08:09:50+00:00,2026-03-13T08:09:50.988931+00:00,0.1.0,,2764.0,0.01601054382324219,0.031400000000000004,,,,,,,,1.0,,,,,1.0,,,1.0,0.0,0.0,,,,0.6895,14.543178466178754,8.127179605706695
ideal_e1_adapt_vqe_B3_cad8_seed113,adapt_vqe,adapt_style_larger_active_space,ideal,e1,113,,B3,cadence_sweep,full_contract,parallel_fs,parallel_fs,,0.0,8,12,"{'G0': True, 'GA': True, 'GB': False, 'GC': True, 'GD': True, 'GE': True, 'GF': True, 'GH': False}",replay,True,True,False,False,2026-03-03T23:06:51+00:00,2026-03-03T23:06:51.988931+00:00,0.1.0,,2764.0,0.01601054382324219,0.031400000000000004,,,,,,,,1.0,,,,,1.0,,,1.0,0.0,0.0,,,,0.6895,14.543178466178754,8.127179605706695
ideal_e1_adapt_vqe_B3_cad8_seed127,adapt_vqe,adapt_style_larger_active_space,ideal,e1,127,,B3,cadence_sweep,full_contract,parallel_fs,parallel_fs,,0.0,8,12,"{'G0': True, 'GA': True, 'GB': False, 'GC': True, 'GD': True, 'GE': True, 'GF': True, 'GH': False}",replay,True,True,False,False,2026-03-04T10:07:01+00:00,2026-03-04T10:07:01.988931+00:00,0.1.0,,2764.0,0.01601054382324219,0.031400000000000004,,,,,,,,1.0,,,,,1.0,,,1.0,0.0,0.0,,,,0.6895,14.543178466178754,8.127179605706695
ideal_e1_adapt_vqe_B3_cad8_seed131,adapt_vqe,adapt_style_larger_active_space,ideal,e1,131,,B3,cadence_sweep,full_contract,parallel_fs,parallel_fs,,0.0,8,12,"{'G0': True, 'GA': True, 'GB': False, 'GC': True, 'GD': True, 'GE': True, 'GF': True, 'GH': False}",replay,True,True,False,False,2026-03-11T15:58:18+00:00,2026-03-11T15:58:18.988931+00:00,0.1.0,,2764.0,0.01601054382324219,0.031400000000000004,,,,,,,,1.0,,,,,1.0,,,1.0,0.0,0.0,,,,0.6895,14.543178466178754,8.127179605706695
ideal_e1_adapt_vqe_B3_cad8_seed137,adapt_vqe,adapt_style_larger_active_space,ideal,e1,137,,B3,cadence_sweep,full_contract,parallel_fs,parallel_fs,,0.0,8,12,"{'G0': True, 'GA': True, 'GB': False, 'GC': True, 'GD': True, 'GE': True, 'GF': True, 'GH': False}",replay,True,True,False,False,2026-03-13T20:30:45+00:00,2026-03-13T20:30:45.988931+00:00,0.1.0,,2764.0,0.01601054382324219,0.031400000000000004,,,,,,,,1.0,,,,,1.0,,,1.0,0.0,0.0,,,,0.6895,14.543178466178754,8.127179605706695
ideal_e1_adapt_vqe_B3_cad8_seed149,adapt_vqe,adapt_style_larger_active_space,ideal,e1,149,,B3,cadence_sweep,full_contract,parallel_fs,parallel_fs,,0.0,8,12,"{'G0': True, 'GA': True, 'GB': False, 'GC': True, 'GD': True, 'GE': True, 'GF': True, 'GH': False}",replay,True,True,False,False,2026-03-21T01:42:12+00:00,2026-03-21T01:42:12.988931+00:00,0.1.0,,2764.0,0.01601054382324219,0.031400000000000004,,,,,,,,1.0,,,,,1.0,,,1.0,0.0,0.0,,,,0.6895,14.543178466178754,8.127179605706695
ideal_e1_adapt_vqe_B3_cad8_seed157,adapt_vqe,adapt_style_larger_active_space,ideal,e1,157,,B3,cadence_sweep,full_contract,parallel_fs,parallel_fs,,0.0,8,12,"{'G0': True, 'GA': True, 'GB': False, 'GC': True, 'GD': True, 'GE': True, 'GF': True, 'GH': False}",replay,True,True,False,False,2026-03-20T11:43:04+00:00,2026-03-20T11:43:04.988931+00:00,0.1.0,,2764.0,0.01601054382324219,0.031400000000000004,,,,,,,,1.0,,,,,1.0,,,1.0,0.0,0.0,,,,0.6895,14.543178466178754,8.127179605706695
ideal_e1_adapt_vqe_B3_cad8_seed163,adapt_vqe,adapt_style_larger_active_space,ideal,e1,163,,B3,cadence_sweep,full_contract,parallel_fs,parallel_fs,,0.0,8,12,"{'G0': True, 'GA': True, 'GB': False, 'GC': True, 'GD': True, 'GE': True, 'GF': True, 'GH': False}",replay,True,True,False,False,2026-03-03T12:15:01+00:00,2026-03-03T12:15:01.988931+00:00,0.1.0,,2764.0,0.01601054382324219,0.031400000000000004,,,,,,,,1.0,,,,,1.0,,,1.0,0.0,0.0,,,,0.6895,14.543178466178754,8.127179605706695
ideal_e1_adapt_vqe_B3_cad16_seed11,adapt_vqe,adapt_style_larger_active_space,ideal,e1,11,,B3,cadence_sweep,full_contract,parallel_fs,parallel_fs,,0.0,16,12,"{'G0': True, 'GA': True, 'GB': False, 'GC': True, 'GD': True, 'GE': True, 'GF': True, 'GH': False}",replay,True,True,False,False,2026-03-10T20:38:50+00:00,2026-03-10T20:38:50.988931+00:00,0.1.0,,2764.0,0.01601054382324219,0.031400000000000004,,,,,,,,1.0,,,,,1.0,,,1.0,0.0,0.0,,,,1.4775,31.16395385609733,8.127179605706695
ideal_e1_adapt_vqe_B3_cad16_seed17,adapt_vqe,adapt_style_larger_active_space,ideal,e1,17,,B3,cadence_sweep,full_contract,parallel_fs,parallel_fs,,0.0,16,12,"{'G0': True, 'GA': True, 'GB': False, 'GC': True, 'GD': True, 'GE': True, 'GF': True, 'GH': False}",replay,True,True,False,False,2026-03-05T06:33:34+00:00,2026-03-05T06:33:34.988931+00:00,0.1.0,,2764.0,0.01601054382324219,0.031400000000000004,,,,,,,,1.0,,,,,1.0,,,1.0,0.0,0.0,,,,1.4775,31.16395385609733,8.127179605706695
ideal_e1_adapt_vqe_B3_cad16_seed23,adapt_vqe,adapt_style_larger_active_space,ideal,e1,23,,B3,cadence_sweep,full_contract,parallel_fs,parallel_fs,,0.0,16,12,"{'G0': True, 'GA': True, 'GB': False, 'GC': True, 'GD': True, 'GE': True, 'GF': True, 'GH': False}",replay,True,True,False,False,2026-03-11T11:13:54+00:00,2026-03-11T11:13:54.988931+00:00,0.1.0,,2764.0,0.01601054382324219,0.031400000000000004,,,,,,,,1.0,,,,,1.0,,,1.0,0.0,0.0,,,,1.4775,31.16395385609733,8.127179605706695
ideal_e1_adapt_vqe_B3_cad16_seed31,adapt_vqe,adapt_style_larger_active_space,ideal,e1,31,,B3,cadence_sweep,full_contract,parallel_fs,parallel_fs,,0.0,16,12,"{'G0': True, 'GA': True, 'GB': False, 'GC': True, 'GD': True, 'GE': True, 'GF': True, 'GH': False}",replay,True,True,False,False,2026-03-28T22:34:35+00:00,2026-03-28T22:34:35.988931+00:00,0.1.0,,2764.0,0.01601054382324219,0.031400000000000004,,,,,,,,1.0,,,,,1.0,,,1.0,0.0,0.0,,,,1.4775,31.16395385609733,8.127179605706695
ideal_e1_adapt_vqe_B3_cad16_seed43,adapt_vqe,adapt_style_larger_active_space,ideal,e1,43,,B3,cadence_sweep,full_contract,parallel_fs,parallel_fs,,0.0,16,12,"{'G0': True, 'GA': True, 'GB': False, 'GC': True, 'GD': True, 'GE': True, 'GF': True, 'GH': False}",replay,True,True,False,False,2026-03-09T20:47:43+00:00,2026-03-09T20:47:43.988931+00:00,0.1.0,,2764.0,0.01601054382324219,0.031400000000000004,,,,,,,,1.0,,,,,1.0,,,1.0,0.0,0.0,,,,1.4775,31.16395385609733,8.127179605706695
ideal_e1_adapt_vqe_B3_cad16_seed59,adapt_vqe,adapt_style_larger_active_space,ideal,e1,59,,B3,cadence_sweep,full_contract,parallel_fs,parallel_fs,,0.0,16,12,"{'G0': True, 'GA': True, 'GB': False, 'GC': True, 'GD': True, 'GE': True, 'GF': True, 'GH': False}",replay,True,True,False,False,2026-03-19T21:22:16+00:00,2026-03-19T21:22:16.988931+00:00,0.1.0,,2764.0,0.01601054382324219,0.031400000000000004,,,,,,,,1.0,,,,,1.0,,,1.0,0.0,0.0,,,,1.4775,31.16395385609733,8.127179605706695
ideal_e1_adapt_vqe_B3_cad16_seed71,adapt_vqe,adapt_style_larger_active_space,ideal,e1,71,,B3,cadence_sweep,full_contract,parallel_fs,parallel_fs,,0.0,16,12,"{'G0': True, 'GA': True, 'GB': False, 'GC': True, 'GD': True, 'GE': True, 'GF': True, 'GH': False}",replay,True,True,False,False,2026-03-09T10:25:48+00:00,2026-03-09T10:25:48.988931+00:00,0.1.0,,2764.0,0.01601054382324219,0.031400000000000004,,,,,,,,1.0,,,,,1.0,,,1.0,0.0,0.0,,,,1.4775,31.16395385609733,8.127179605706695
ideal_e1_adapt_vqe_B3_cad16_seed83,adapt_vqe,adapt_style_larger_active_space,ideal,e1,83,,B3,cadence_sweep,full_contract,parallel_fs,parallel_fs,,0.0,16,12,"{'G0': True, 'GA': True, 'GB': False, 'GC': True, 'GD': True, 'GE': True, 'GF': True, 'GH': False}",replay,True,True,False,False,2026-03-19T10:49:05+00:00,2026-03-19T10:49:05.988931+00:00,0.1.0,,2764.0,0.01601054382324219,0.031400000000000004,,,,,,,,1.0,,,,,1.0,,,1.0,0.0,0.0,,,,1.4775,31.16395385609733,8.127179605706695
ideal_e1_adapt_vqe_B3_cad16_seed97,adapt_vqe,adapt_style_larger_active_space,ideal,e1,97,,B3,cadence_sweep,full_contract,parallel_fs,parallel_fs,,0.0,16,12,"{'G0': True, 'GA': True, 'GB': False, 'GC': True, 'GD': True, 'GE': True, 'GF': True, 'GH': False}",replay,True,True,False,False,2026-03-29T15:41:48+00:00,2026-03-29T15:41:48.988931+00:00,0.1.0,,2764.0,0.01601054382324219,0.031400000000000004,,,,,,,,1.0,,,,,1.0,,,1.0,0.0,0.0,,,,1.4775,31.16395385609733,8.127179605706695
ideal_e1_adapt_vqe_B3_cad16_seed101,adapt_vqe,adapt_style_larger_active_space,ideal,e1,101,,B3,cadence_sweep,full_contract,parallel_fs,parallel_fs,,0.0,16,12,"{'G0': True, 'GA': True, 'GB': False, 'GC': True, 'GD': True, 'GE': True, 'GF': True, 'GH': False}",replay,True,True,False,False,2026-03-24T04:22:01+00:00,2026-03-24T04:22:01.988931+00:00,0.1.0,,2764.0,0.01601054382324219,0.031400000000000004,,,,,,,,1.0,,,,,1.0,,,1.0,0.0,0.0,,,,1.4775,31.16395385609733,8.127179605706695
ideal_e1_adapt_vqe_B3_cad16_seed107,adapt_vqe,adapt_style_larger_active_space,ideal,e1,107,,B3,cadence_sweep,full_contract,parallel_fs,parallel_fs,,0.0,16,12,"{'G0': True, 'GA': True, 'GB': False, 'GC': True, 'GD': True, 'GE': True, 'GF': True, 'GH': False}",replay,True,True,False,False,2026-03-28T21:46:34+00:00,2026-03-28T21:46:34.988931+00:00,0.1.0,,2764.0,0.01601054382324219,0.031400000000000004,,,,,,,,1.0,,,,,1.0,,,1.0,0.0,0.0,,,,1.4775,31.16395385609733,8.127179605706695
ideal_e1_adapt_vqe_B3_cad16_seed113,adapt_vqe,adapt_style_larger_active_space,ideal,e1,113,,B3,cadence_sweep,full_contract,parallel_fs,parallel_fs,,0.0,16,12,"{'G0': True, 'GA': True, 'GB': False, 'GC': True, 'GD': True, 'GE': True, 'GF': True, 'GH': False}",replay,True,True,False,False,2026-03-13T10:26:34+00:00,2026-03-13T10:26:34.988931+00:00,0.1.0,,2764.0,0.01601054382324219,0.031400000000000004,,,,,,,,1.0,,,,,1.0,,,1.0,0.0,0.0,,,,1.4775,31.16395385609733,8.127179605706695
ideal_e1_adapt_vqe_B3_cad16_seed127,adapt_vqe,adapt_style_larger_active_space,ideal,e1,127,,B3,cadence_sweep,full_contract,parallel_fs,parallel_fs,,0.0,16,12,"{'G0': True, 'GA': True, 'GB': False, 'GC': True, 'GD': True, 'GE': True, 'GF': True, 'GH': False}",replay,True,True,False,False,2026-03-19T11:34:01+00:00,2026-03-19T11:34:01.988931+00:00,0.1.0,,2764.0,0.01601054382324219,0.031400000000000004,,,,,,,,1.0,,,,,1.0,,,1.0,0.0,0.0,,,,1.4775,31.16395385609733,8.127179605706695
ideal_e1_adapt_vqe_B3_cad16_seed131,adapt_vqe,adapt_style_larger_active_space,ideal,e1,131,,B3,cadence_sweep,full_contract,parallel_fs,parallel_fs,,0.0,16,12,"{'G0': True, 'GA': True, 'GB': False, 'GC': True, 'GD': True, 'GE': True, 'GF': True, 'GH': False}",replay,True,True,False,False,2026-03-22T14:13:39+00:00,2026-03-22T14:13:39.988931+00:00,0.1.0,,2764.0,0.01601054382324219,0.031400000000000004,,,,,,,,1.0,,,,,1.0,,,1.0,0.0,0.0,,,,1.4775,31.16395385609733,8.127179605706695
ideal_e1_adapt_vqe_B3_cad16_seed137,adapt_vqe,adapt_style_larger_active_space,ideal,e1,137,,B3,cadence_sweep,full_contract,parallel_fs,parallel_fs,,0.0,16,12,"{'G0': True, 'GA': True, 'GB': False, 'GC': True, 'GD': True, 'GE': True, 'GF': True, 'GH': False}",replay,True,True,False,False,2026-03-24T17:41:08+00:00,2026-03-24T17:41:08.988931+00:00,0.1.0,,2764.0,0.01601054382324219,0.031400000000000004,,,,,,,,1.0,,,,,1.0,,,1.0,0.0,0.0,,,,1.4775,31.16395385609733,8.127179605706695
ideal_e1_adapt_vqe_B3_cad16_seed149,adapt_vqe,adapt_style_larger_active_space,ideal,e1,149,,B3,cadence_sweep,full_contract,parallel_fs,parallel_fs,,0.0,16,12,"{'G0': True, 'GA': True, 'GB': False, 'GC': True, 'GD': True, 'GE': True, 'GF': True, 'GH': False}",replay,True,True,False,False,2026-03-24T12:10:04+00:00,2026-03-24T12:10:04.988931+00:00,0.1.0,,2764.0,0.01601054382324219,0.031400000000000004,,,,,,,,1.0,,,,,1.0,,,1.0,0.0,0.0,,,,1.4775,31.16395385609733,8.127179605706695
ideal_e1_adapt_vqe_B3_cad16_seed157,adapt_vqe,adapt_style_larger_active_space,ideal,e1,157,,B3,cadence_sweep,full_contract,parallel_fs,parallel_fs,,0.0,16,12,"{'G0': True, 'GA': True, 'GB': False, 'GC': True, 'GD': True, 'GE': True, 'GF': True, 'GH': False}",replay,True,True,False,False,2026-03-20T19:49:25+00:00,2026-03-20T19:49:25.988931+00:00,0.1.0,,2764.0,0.01601054382324219,0.031400000000000004,,,,,,,,1.0,,,,,1.0,,,1.0,0.0,0.0,,,,1.4775,31.16395385609733,8.127179605706695
ideal_e1_adapt_vqe_B3_cad16_seed163,adapt_vqe,adapt_style_larger_active_space,ideal,e1,163,,B3,cadence_sweep,full_contract,parallel_fs,parallel_fs,,0.0,16,12,"{'G0': True, 'GA': True, 'GB': False, 'GC': True, 'GD': True, 'GE': True, 'GF': True, 'GH': False}",replay,True,True,False,False,2026-03-12T19:04:44+00:00,2026-03-12T19:04:44.988931+00:00,0.1.0,,2764.0,0.01601054382324219,0.031400000000000004,,,,,,,,1.0,,,,,1.0,,,1.0,0.0,0.0,,,,1.4775,31.16395385609733,8.127179605706695
ideal_e1_adapt_vqe_B4_cad1_seed11,adapt_vqe,adapt_style_larger_active_space,ideal,e1,11,,B4,cadence_sweep,full_contract,parallel_fs,parallel_fs,,0.0,1,12,"{'G0': True, 'GA': True, 'GB': True, 'GC': True, 'GD': True, 'GE': True, 'GF': True, 'GH': True}",replay,True,True,False,False,2026-03-01T08:15:49+00:00,2026-03-01T08:15:49.988934+00:00,0.1.0,,3573.0,0.01601362991333008,0.031400000000000004,,,,,,,,1.0,,,,,1.0,,,1.0,0.0,0.0,,,,0.21631880000000003,4.562375848367247,1.406530400285465
ideal_e1_adapt_vqe_B4_cad1_seed17,adapt_vqe,adapt_style_larger_active_space,ideal,e1,17,,B4,cadence_sweep,full_contract,parallel_fs,parallel_fs,,0.0,1,12,"{'G0': True, 'GA': True, 'GB': True, 'GC': True, 'GD': True, 'GE': True, 'GF': True, 'GH': True}",replay,True,True,False,False,2026-03-12T20:40:03+00:00,2026-03-12T20:40:03.988934+00:00,0.1.0,,3573.0,0.01601362991333008,0.031400000000000004,,,,,,,,1.0,,,,,1.0,,,1.0,0.0,0.0,,,,0.21631880000000003,4.562375848367247,1.406530400285465
ideal_e1_adapt_vqe_B4_cad1_seed23,adapt_vqe,adapt_style_larger_active_space,ideal,e1,23,,B4,cadence_sweep,full_contract,parallel_fs,parallel_fs,,0.0,1,12,"{'G0': True, 'GA': True, 'GB': True, 'GC': True, 'GD': True, 'GE': True, 'GF': True, 'GH': True}",replay,True,True,False,False,2026-03-07T23:18:12+00:00,2026-03-07T23:18:12.988934+00:00,0.1.0,,3573.0,0.01601362991333008,0.031400000000000004,,,,,,,,1.0,,,,,1.0,,,1.0,0.0,0.0,,,,0.21631880000000003,4.562375848367247,1.406530400285465
ideal_e1_adapt_vqe_B4_cad1_seed31,adapt_vqe,adapt_style_larger_active_space,ideal,e1,31,,B4,cadence_sweep,full_contract,parallel_fs,parallel_fs,,0.0,1,12,"{'G0': True, 'GA': True, 'GB': True, 'GC': True, 'GD': True, 'GE': True, 'GF': True, 'GH': True}",replay,True,True,False,False,2026-03-22T18:44:48+00:00,2026-03-22T18:44:48.988934+00:00,0.1.0,,3573.0,0.01601362991333008,0.031400000000000004,,,,,,,,1.0,,,,,1.0,,,1.0,0.0,0.0,,,,0.21631880000000003,4.562375848367247,1.406530400285465
ideal_e1_adapt_vqe_B4_cad1_seed43,adapt_vqe,adapt_style_larger_active_space,ideal,e1,43,,B4,cadence_sweep,full_contract,parallel_fs,parallel_fs,,0.0,1,12,"{'G0': True, 'GA': True, 'GB': True, 'GC': True, 'GD': True, 'GE': True, 'GF': True, 'GH': True}",replay,True,True,False,False,2026-03-02T01:55:03+00:00,2026-03-02T01:55:03.988934+00:00,0.1.0,,3573.0,0.01601362991333008,0.031400000000000004,,,,,,,,1.0,,,,,1.0,,,1.0,0.0,0.0,,,,0.21631880000000003,4.562375848367247,1.406530400285465
ideal_e1_adapt_vqe_B4_cad1_seed59,adapt_vqe,adapt_style_larger_active_space,ideal,e1,59,,B4,cadence_sweep,full_contract,parallel_fs,parallel_fs,,0.0,1,12,"{'G0': True, 'GA': True, 'GB': True, 'GC': True, 'GD': True, 'GE': True, 'GF': True, 'GH': True}",replay,True,True,False,False,2026-03-30T02:32:30+00:00,2026-03-30T02:32:30.988934+00:00,0.1.0,,3573.0,0.01601362991333008,0.031400000000000004,,,,,,,,1.0,,,,,1.0,,,1.0,0.0,0.0,,,,0.21631880000000003,4.562375848367247,1.406530400285465
ideal_e1_adapt_vqe_B4_cad1_seed71,adapt_vqe,adapt_style_larger_active_space,ideal,e1,71,,B4,cadence_sweep,full_contract,parallel_fs,parallel_fs,,0.0,1,12,"{'G0': True, 'GA': True, 'GB': True, 'GC': True, 'GD': True, 'GE': True, 'GF': True, 'GH': True}",replay,True,True,False,False,2026-03-19T20:21:04+00:00,2026-03-19T20:21:04.988934+00:00,0.1.0,,3573.0,0.01601362991333008,0.031400000000000004,,,,,,,,1.0,,,,,1.0,,,1.0,0.0,0.0,,,,0.21631880000000003,4.562375848367247,1.406530400285465
ideal_e1_adapt_vqe_B4_cad1_seed83,adapt_vqe,adapt_style_larger_active_space,ideal,e1,83,,B4,cadence_sweep,full_contract,parallel_fs,parallel_fs,,0.0,1,12,"{'G0': True, 'GA': True, 'GB': True, 'GC': True, 'GD': True, 'GE': True, 'GF': True, 'GH': True}",replay,True,True,False,False,2026-03-20T19:19:11+00:00,2026-03-20T19:19:11.988934+00:00,0.1.0,,3573.0,0.01601362991333008,0.031400000000000004,,,,,,,,1.0,,,,,1.0,,,1.0,0.0,0.0,,,,0.21631880000000003,4.562375848367247,1.406530400285465
ideal_e1_adapt_vqe_B4_cad1_seed97,adapt_vqe,adapt_style_larger_active_space,ideal,e1,97,,B4,cadence_sweep,full_contract,parallel_fs,parallel_fs,,0.0,1,12,"{'G0': True, 'GA': True, 'GB': True, 'GC': True, 'GD': True, 'GE': True, 'GF': True, 'GH': True}",replay,True,True,False,False,2026-03-26T16:54:12+00:00,2026-03-26T16:54:12.988934+00:00,0.1.0,,3573.0,0.01601362991333008,0.031400000000000004,,,,,,,,1.0,,,,,1.0,,,1.0,0.0,0.0,,,,0.21631880000000003,4.562375848367247,1.406530400285465
ideal_e1_adapt_vqe_B4_cad1_seed101,adapt_vqe,adapt_style_larger_active_space,ideal,e1,101,,B4,cadence_sweep,full_contract,parallel_fs,parallel_fs,,0.0,1,12,"{'G0': True, 'GA': True, 'GB': True, 'GC': True, 'GD': True, 'GE': True, 'GF': True, 'GH': True}",replay,True,True,False,False,2026-03-29T00:06:11+00:00,2026-03-29T00:06:11.988934+00:00,0.1.0,,3573.0,0.01601362991333008,0.031400000000000004,,,,,,,,1.0,,,,,1.0,,,1.0,0.0,0.0,,,,0.21631880000000003,4.562375848367247,1.406530400285465
ideal_e1_adapt_vqe_B4_cad1_seed107,adapt_vqe,adapt_style_larger_active_space,ideal,e1,107,,B4,cadence_sweep,full_contract,parallel_fs,parallel_fs,,0.0,1,12,"{'G0': True, 'GA': True, 'GB': True, 'GC': True, 'GD': True, 'GE': True, 'GF': True, 'GH': True}",replay,True,True,False,False,2026-03-28T10:57:39+00:00,2026-03-28T10:57:39.988934+00:00,0.1.0,,3573.0,0.01601362991333008,0.031400000000000004,,,,,,,,1.0,,,,,1.0,,,1.0,0.0,0.0,,,,0.21631880000000003,4.562375848367247,1.406530400285465
ideal_e1_adapt_vqe_B4_cad1_seed113,adapt_vqe,adapt_style_larger_active_space,ideal,e1,113,,B4,cadence_sweep,full_contract,parallel_fs,parallel_fs,,0.0,1,12,"{'G0': True, 'GA': True, 'GB': True, 'GC': True, 'GD': True, 'GE': True, 'GF': True, 'GH': True}",replay,True,True,False,False,2026-03-30T19:51:12+00:00,2026-03-30T19:51:12.988934+00:00,0.1.0,,3573.0,0.01601362991333008,0.031400000000000004,,,,,,,,1.0,,,,,1.0,,,1.0,0.0,0.0,,,,0.21631880000000003,4.562375848367247,1.406530400285465
ideal_e1_adapt_vqe_B4_cad1_seed127,adapt_vqe,adapt_style_larger_active_space,ideal,e1,127,,B4,cadence_sweep,full_contract,parallel_fs,parallel_fs,,0.0,1,12,"{'G0': True, 'GA': True, 'GB': True, 'GC': True, 'GD': True, 'GE': True, 'GF': True, 'GH': True}",replay,True,True,False,False,2026-03-16T15:11:13+00:00,2026-03-16T15:11:13.988934+00:00,0.1.0,,3573.0,0.01601362991333008,0.031400000000000004,,,,,,,,1.0,,,,,1.0,,,1.0,0.0,0.0,,,,0.21631880000000003,4.562375848367247,1.406530400285465
ideal_e1_adapt_vqe_B4_cad1_seed131,adapt_vqe,adapt_style_larger_active_space,ideal,e1,131,,B4,cadence_sweep,full_contract,parallel_fs,parallel_fs,,0.0,1,12,"{'G0': True, 'GA': True, 'GB': True, 'GC': True, 'GD': True, 'GE': True, 'GF': True, 'GH': True}",replay,True,True,False,False,2026-03-22T17:35:30+00:00,2026-03-22T17:35:30.988934+00:00,0.1.0,,3573.0,0.01601362991333008,0.031400000000000004,,,,,,,,1.0,,,,,1.0,,,1.0,0.0,0.0,,,,0.21631880000000003,4.562375848367247,1.406530400285465
ideal_e1_adapt_vqe_B4_cad1_seed137,adapt_vqe,adapt_style_larger_active_space,ideal,e1,137,,B4,cadence_sweep,full_contract,parallel_fs,parallel_fs,,0.0,1,12,"{'G0': True, 'GA': True, 'GB': True, 'GC': True, 'GD': True, 'GE': True, 'GF': True, 'GH': True}",replay,True,True,False,False,2026-03-06T22:52:51+00:00,2026-03-06T22:52:51.988934+00:00,0.1.0,,3573.0,0.01601362991333008,0.031400000000000004,,,,,,,,1.0,,,,,1.0,,,1.0,0.0,0.0,,,,0.21631880000000003,4.562375848367247,1.406530400285465
ideal_e1_adapt_vqe_B4_cad1_seed149,adapt_vqe,adapt_style_larger_active_space,ideal,e1,149,,B4,cadence_sweep,full_contract,parallel_fs,parallel_fs,,0.0,1,12,"{'G0': True, 'GA': True, 'GB': True, 'GC': True, 'GD': True, 'GE': True, 'GF': True, 'GH': True}",replay,True,True,False,False,2026-03-04T03:25:33+00:00,2026-03-04T03:25:33.988934+00:00,0.1.0,,3573.0,0.01601362991333008,0.031400000000000004,,,,,,,,1.0,,,,,1.0,,,1.0,0.0,0.0,,,,0.21631880000000003,4.562375848367247,1.406530400285465
ideal_e1_adapt_vqe_B4_cad1_seed157,adapt_vqe,adapt_style_larger_active_space,ideal,e1,157,,B4,cadence_sweep,full_contract,parallel_fs,parallel_fs,,0.0,1,12,"{'G0': True, 'GA': True, 'GB': True, 'GC': True, 'GD': True, 'GE': True, 'GF': True, 'GH': True}",replay,True,True,False,False,2026-03-21T10:13:23+00:00,2026-03-21T10:13:23.988934+00:00,0.1.0,,3573.0,0.01601362991333008,0.031400000000000004,,,,,,,,1.0,,,,,1.0,,,1.0,0.0,0.0,,,,0.21631880000000003,4.562375848367247,1.406530400285465
ideal_e1_adapt_vqe_B4_cad1_seed163,adapt_vqe,adapt_style_larger_active_space,ideal,e1,163,,B4,cadence_sweep,full_contract,parallel_fs,parallel_fs,,0.0,1,12,"{'G0': True, 'GA': True, 'GB': True, 'GC': True, 'GD': True, 'GE': True, 'GF': True, 'GH': True}",replay,True,True,False,False,2026-03-11T07:40:50+00:00,2026-03-11T07:40:50.988934+00:00,0.1.0,,3573.0,0.01601362991333008,0.031400000000000004,,,,,,,,1.0,,,,,1.0,,,1.0,0.0,0.0,,,,0.21631880000000003,4.562375848367247,1.406530400285465
ideal_e1_adapt_vqe_B4_cad2_seed11,adapt_vqe,adapt_style_larger_active_space,ideal,e1,11,,B4,cadence_sweep,full_contract,parallel_fs,parallel_fs,,0.0,2,12,"{'G0': True, 'GA': True, 'GB': True, 'GC': True, 'GD': True, 'GE': True, 'GF': True, 'GH': True}",replay,True,True,False,False,2026-03-21T23:10:21+00:00,2026-03-21T23:10:21.988934+00:00,0.1.0,,3583.0,0.016013668060302733,0.031400000000000004,,,,,,,,1.0,,,,,1.0,,,1.0,0.0,0.0,,,,1.5808304000000002,33.34123818451321,0.7698730822629724
ideal_e1_adapt_vqe_B4_cad2_seed17,adapt_vqe,adapt_style_larger_active_space,ideal,e1,17,,B4,cadence_sweep,full_contract,parallel_fs,parallel_fs,,0.0,2,12,"{'G0': True, 'GA': True, 'GB': True, 'GC': True, 'GD': True, 'GE': True, 'GF': True, 'GH': True}",replay,True,True,False,False,2026-03-04T23:33:24+00:00,2026-03-04T23:33:24.988934+00:00,0.1.0,,3583.0,0.016013668060302733,0.031400000000000004,,,,,,,,1.0,,,,,1.0,,,1.0,0.0,0.0,,,,1.5808304000000002,33.34123818451321,0.7698730822629724
ideal_e1_adapt_vqe_B4_cad2_seed23,adapt_vqe,adapt_style_larger_active_space,ideal,e1,23,,B4,cadence_sweep,full_contract,parallel_fs,parallel_fs,,0.0,2,12,"{'G0': True, 'GA': True, 'GB': True, 'GC': True, 'GD': True, 'GE': True, 'GF': True, 'GH': True}",replay,True,True,False,False,2026-03-29T03:14:52+00:00,2026-03-29T03:14:52.988934+00:00,0.1.0,,3583.0,0.016013668060302733,0.031400000000000004,,,,,,,,1.0,,,,,1.0,,,1.0,0.0,0.0,,,,1.5808304000000002,33.34123818451321,0.7698730822629724
ideal_e1_adapt_vqe_B4_cad2_seed31,adapt_vqe,adapt_style_larger_active_space,ideal,e1,31,,B4,cadence_sweep,full_contract,parallel_fs,parallel_fs,,0.0,2,12,"{'G0': True, 'GA': True, 'GB': True, 'GC': True, 'GD': True, 'GE': True, 'GF': True, 'GH': True}",replay,True,True,False,False,2026-03-08T02:03:00+00:00,2026-03-08T02:03:00.988934+00:00,0.1.0,,3583.0,0.016013668060302733,0.031400000000000004,,,,,,,,1.0,,,,,1.0,,,1.0,0.0,0.0,,,,1.5808304000000002,33.34123818451321,0.7698730822629724
ideal_e1_adapt_vqe_B4_cad2_seed43,adapt_vqe,adapt_style_larger_active_space,ideal,e1,43,,B4,cadence_sweep,full_contract,parallel_fs,parallel_fs,,0.0,2,12,"{'G0': True, 'GA': True, 'GB': True, 'GC': True, 'GD': True, 'GE': True, 'GF': True, 'GH': True}",replay,True,True,False,False,2026-03-27T12:02:34+00:00,2026-03-27T12:02:34.988934+00:00,0.1.0,,3583.0,0.016013668060302733,0.031400000000000004,,,,,,,,1.0,,,,,1.0,,,1.0,0.0,0.0,,,,1.5808304000000002,33.34123818451321,0.7698730822629724
ideal_e1_adapt_vqe_B4_cad2_seed59,adapt_vqe,adapt_style_larger_active_space,ideal,e1,59,,B4,cadence_sweep,full_contract,parallel_fs,parallel_fs,,0.0,2,12,"{'G0': True, 'GA': True, 'GB': True, 'GC': True, 'GD': True, 'GE': True, 'GF': True, 'GH': True}",replay,True,True,False,False,2026-03-27T07:15:13+00:00,2026-03-27T07:15:13.988934+00:00,0.1.0,,3583.0,0.016013668060302733,0.031400000000000004,,,,,,,,1.0,,,,,1.0,,,1.0,0.0,0.0,,,,1.5808304000000002,33.34123818451321,0.7698730822629724
ideal_e1_adapt_vqe_B4_cad2_seed71,adapt_vqe,adapt_style_larger_active_space,ideal,e1,71,,B4,cadence_sweep,full_contract,parallel_fs,parallel_fs,,0.0,2,12,"{'G0': True, 'GA': True, 'GB': True, 'GC': True, 'GD': True, 'GE': True, 'GF': True, 'GH': True}",replay,True,True,False,False,2026-03-27T01:08:53+00:00,2026-03-27T01:08:53.988934+00:00,0.1.0,,3583.0,0.016013668060302733,0.031400000000000004,,,,,,,,1.0,,,,,1.0,,,1.0,0.0,0.0,,,,1.5808304000000002,33.34123818451321,0.7698730822629724
ideal_e1_adapt_vqe_B4_cad2_seed83,adapt_vqe,adapt_style_larger_active_space,ideal,e1,83,,B4,cadence_sweep,full_contract,parallel_fs,parallel_fs,,0.0,2,12,"{'G0': True, 'GA': True, 'GB': True, 'GC': True, 'GD': True, 'GE': True, 'GF': True, 'GH': True}",replay,True,True,False,False,2026-03-03T04:38:13+00:00,2026-03-03T04:38:13.988934+00:00,0.1.0,,3583.0,0.016013668060302733,0.031400000000000004,,,,,,,,1.0,,,,,1.0,,,1.0,0.0,0.0,,,,1.5808304000000002,33.34123818451321,0.7698730822629724
ideal_e1_adapt_vqe_B4_cad2_seed97,adapt_vqe,adapt_style_larger_active_space,ideal,e1,97,,B4,cadence_sweep,full_contract,parallel_fs,parallel_fs,,0.0,2,12,"{'G0': True, 'GA': True, 'GB': True, 'GC': True, 'GD': True, 'GE': True, 'GF': True, 'GH': True}",replay,True,True,False,False,2026-03-05T19:11:03+00:00,2026-03-05T19:11:03.988934+00:00,0.1.0,,3583.0,0.016013668060302733,0.031400000000000004,,,,,,,,1.0,,,,,1.0,,,1.0,0.0,0.0,,,,1.5808304000000002,33.34123818451321,0.7698730822629724
ideal_e1_adapt_vqe_B4_cad2_seed101,adapt_vqe,adapt_style_larger_active_space,ideal,e1,101,,B4,cadence_sweep,full_contract,parallel_fs,parallel_fs,,0.0,2,12,"{'G0': True, 'GA': True, 'GB': True, 'GC': True, 'GD': True, 'GE': True, 'GF': True, 'GH': True}",replay,True,True,False,False,2026-03-24T15:50:09+00:00,2026-03-24T15:50:09.988934+00:00,0.1.0,,3583.0,0.016013668060302733,0.031400000000000004,,,,,,,,1.0,,,,,1.0,,,1.0,0.0,0.0,,,,1.5808304000000002,33.34123818451321,0.7698730822629724
ideal_e1_adapt_vqe_B4_cad2_seed107,adapt_vqe,adapt_style_larger_active_space,ideal,e1,107,,B4,cadence_sweep,full_contract,parallel_fs,parallel_fs,,0.0,2,12,"{'G0': True, 'GA': True, 'GB': True, 'GC': True, 'GD': True, 'GE': True, 'GF': True, 'GH': True}",replay,True,True,False,False,2026-03-25T19:39:12+00:00,2026-03-25T19:39:12.988934+00:00,0.1.0,,3583.0,0.016013668060302733,0.031400000000000004,,,,,,,,1.0,,,,,1.0,,,1.0,0.0,0.0,,,,1.5808304000000002,33.34123818451321,0.7698730822629724
ideal_e1_adapt_vqe_B4_cad2_seed113,adapt_vqe,adapt_style_larger_active_space,ideal,e1,113,,B4,cadence_sweep,full_contract,parallel_fs,parallel_fs,,0.0,2,12,"{'G0': True, 'GA': True, 'GB': True, 'GC': True, 'GD': True, 'GE': True, 'GF': True, 'GH': True}",replay,True,True,False,False,2026-03-04T02:23:44+00:00,2026-03-04T02:23:44.988934+00:00,0.1.0,,3583.0,0.016013668060302733,0.031400000000000004,,,,,,,,1.0,,,,,1.0,,,1.0,0.0,0.0,,,,1.5808304000000002,33.34123818451321,0.7698730822629724
ideal_e1_adapt_vqe_B4_cad2_seed127,adapt_vqe,adapt_style_larger_active_space,ideal,e1,127,,B4,cadence_sweep,full_contract,parallel_fs,parallel_fs,,0.0,2,12,"{'G0': True, 'GA': True, 'GB': True, 'GC': True, 'GD': True, 'GE': True, 'GF': True, 'GH': True}",replay,True,True,False,False,2026-03-14T06:00:45+00:00,2026-03-14T06:00:45.988934+00:00,0.1.0,,3583.0,0.016013668060302733,0.031400000000000004,,,,,,,,1.0,,,,,1.0,,,1.0,0.0,0.0,,,,1.5808304000000002,33.34123818451321,0.7698730822629724
ideal_e1_adapt_vqe_B4_cad2_seed131,adapt_vqe,adapt_style_larger_active_space,ideal,e1,131,,B4,cadence_sweep,full_contract,parallel_fs,parallel_fs,,0.0,2,12,"{'G0': True, 'GA': True, 'GB': True, 'GC': True, 'GD': True, 'GE': True, 'GF': True, 'GH': True}",replay,True,True,False,False,2026-03-23T20:56:55+00:00,2026-03-23T20:56:55.988934+00:00,0.1.0,,3583.0,0.016013668060302733,0.031400000000000004,,,,,,,,1.0,,,,,1.0,,,1.0,0.0,0.0,,,,1.5808304000000002,33.34123818451321,0.7698730822629724
ideal_e1_adapt_vqe_B4_cad2_seed137,adapt_vqe,adapt_style_larger_active_space,ideal,e1,137,,B4,cadence_sweep,full_contract,parallel_fs,parallel_fs,,0.0,2,12,"{'G0': True, 'GA': True, 'GB': True, 'GC': True, 'GD': True, 'GE': True, 'GF': True, 'GH': True}",replay,True,True,False,False,2026-03-24T07:46:07+00:00,2026-03-24T07:46:07.988934+00:00,0.1.0,,3583.0,0.016013668060302733,0.031400000000000004,,,,,,,,1.0,,,,,1.0,,,1.0,0.0,0.0,,,,1.5808304000000002,33.34123818451321,0.7698730822629724
ideal_e1_adapt_vqe_B4_cad2_seed149,adapt_vqe,adapt_style_larger_active_space,ideal,e1,149,,B4,cadence_sweep,full_contract,parallel_fs,parallel_fs,,0.0,2,12,"{'G0': True, 'GA': True, 'GB': True, 'GC': True, 'GD': True, 'GE': True, 'GF': True, 'GH': True}",replay,True,True,False,False,2026-03-29T03:02:29+00:00,2026-03-29T03:02:29.988934+00:00,0.1.0,,3583.0,0.016013668060302733,0.031400000000000004,,,,,,,,1.0,,,,,1.0,,,1.0,0.0,0.0,,,,1.5808304000000002,33.34123818451321,0.7698730822629724
ideal_e1_adapt_vqe_B4_cad2_seed157,adapt_vqe,adapt_style_larger_active_space,ideal,e1,157,,B4,cadence_sweep,full_contract,parallel_fs,parallel_fs,,0.0,2,12,"{'G0': True, 'GA': True, 'GB': True, 'GC': True, 'GD': True, 'GE': True, 'GF': True, 'GH': True}",replay,True,True,False,False,2026-03-04T15:54:40+00:00,2026-03-04T15:54:40.988934+00:00,0.1.0,,3583.0,0.016013668060302733,0.031400000000000004,,,,,,,,1.0,,,,,1.0,,,1.0,0.0,0.0,,,,1.5808304000000002,33.34123818451321,0.7698730822629724
ideal_e1_adapt_vqe_B4_cad2_seed163,adapt_vqe,adapt_style_larger_active_space,ideal,e1,163,,B4,cadence_sweep,full_contract,parallel_fs,parallel_fs,,0.0,2,12,"{'G0': True, 'GA': True, 'GB': True, 'GC': True, 'GD': True, 'GE': True, 'GF': True, 'GH': True}",replay,True,True,False,False,2026-03-19T14:43:30+00:00,2026-03-19T14:43:30.988934+00:00,0.1.0,,3583.0,0.016013668060302733,0.031400000000000004,,,,,,,,1.0,,,,,1.0,,,1.0,0.0,0.0,,,,1.5808304000000002,33.34123818451321,0.7698730822629724
ideal_e1_adapt_vqe_B4_cad4_seed11,adapt_vqe,adapt_style_larger_active_space,ideal,e1,11,,B4,cadence_sweep,full_contract,parallel_fs,parallel_fs,,0.0,4,12,"{'G0': True, 'GA': True, 'GB': True, 'GC': True, 'GD': True, 'GE': True, 'GF': True, 'GH': True}",replay,True,True,False,False,2026-03-04T10:04:05+00:00,2026-03-04T10:04:05.988934+00:00,0.1.0,,3601.0,0.016013736724853515,0.031400000000000004,,,,,,,,1.0,,,,,1.0,,,1.0,0.0,0.0,,,,9.035822400000002,190.5739354068579,0.40407301202230367
ideal_e1_adapt_vqe_B4_cad4_seed17,adapt_vqe,adapt_style_larger_active_space,ideal,e1,17,,B4,cadence_sweep,full_contract,parallel_fs,parallel_fs,,0.0,4,12,"{'G0': True, 'GA': True, 'GB': True, 'GC': True, 'GD': True, 'GE': True, 'GF': True, 'GH': True}",replay,True,True,False,False,2026-03-24T00:34:01+00:00,2026-03-24T00:34:01.988934+00:00,0.1.0,,3601.0,0.016013736724853515,0.031400000000000004,,,,,,,,1.0,,,,,1.0,,,1.0,0.0,0.0,,,,9.035822400000002,190.5739354068579,0.40407301202230367
ideal_e1_adapt_vqe_B4_cad4_seed23,adapt_vqe,adapt_style_larger_active_space,ideal,e1,23,,B4,cadence_sweep,full_contract,parallel_fs,parallel_fs,,0.0,4,12,"{'G0': True, 'GA': True, 'GB': True, 'GC': True, 'GD': True, 'GE': True, 'GF': True, 'GH': True}",replay,True,True,False,False,2026-03-29T09:42:08+00:00,2026-03-29T09:42:08.988934+00:00,0.1.0,,3601.0,0.016013736724853515,0.031400000000000004,,,,,,,,1.0,,,,,1.0,,,1.0,0.0,0.0,,,,9.035822400000002,190.5739354068579,0.40407301202230367
ideal_e1_adapt_vqe_B4_cad4_seed31,adapt_vqe,adapt_style_larger_active_space,ideal,e1,31,,B4,cadence_sweep,full_contract,parallel_fs,parallel_fs,,0.0,4,12,"{'G0': True, 'GA': True, 'GB': True, 'GC': True, 'GD': True, 'GE': True, 'GF': True, 'GH': True}",replay,True,True,False,False,2026-03-22T05:20:22+00:00,2026-03-22T05:20:22.988934+00:00,0.1.0,,3601.0,0.016013736724853515,0.031400000000000004,,,,,,,,1.0,,,,,1.0,,,1.0,0.0,0.0,,,,9.035822400000002,190.5739354068579,0.40407301202230367
ideal_e1_adapt_vqe_B4_cad4_seed43,adapt_vqe,adapt_style_larger_active_space,ideal,e1,43,,B4,cadence_sweep,full_contract,parallel_fs,parallel_fs,,0.0,4,12,"{'G0': True, 'GA': True, 'GB': True, 'GC': True, 'GD': True, 'GE': True, 'GF': True, 'GH': True}",replay,True,True,False,False,2026-03-21T20:29:04+00:00,2026-03-21T20:29:04.988934+00:00,0.1.0,,3601.0,0.016013736724853515,0.031400000000000004,,,,,,,,1.0,,,,,1.0,,,1.0,0.0,0.0,,,,9.035822400000002,190.5739354068579,0.40407301202230367
ideal_e1_adapt_vqe_B4_cad4_seed59,adapt_vqe,adapt_style_larger_active_space,ideal,e1,59,,B4,cadence_sweep,full_contract,parallel_fs,parallel_fs,,0.0,4,12,"{'G0': True, 'GA': True, 'GB': True, 'GC': True, 'GD': True, 'GE': True, 'GF': True, 'GH': True}",replay,True,True,False,False,2026-03-02T05:13:16+00:00,2026-03-02T05:13:16.988934+00:00,0.1.0,,3601.0,0.016013736724853515,0.031400000000000004,,,,,,,,1.0,,,,,1.0,,,1.0,0.0,0.0,,,,9.035822400000002,190.5739354068579,0.40407301202230367
ideal_e1_adapt_vqe_B4_cad4_seed71,adapt_vqe,adapt_style_larger_active_space,ideal,e1,71,,B4,cadence_sweep,full_contract,parallel_fs,parallel_fs,,0.0,4,12,"{'G0': True, 'GA': True, 'GB': True, 'GC': True, 'GD': True, 'GE': True, 'GF': True, 'GH': True}",replay,True,True,False,False,2026-03-20T08:30:47+00:00,2026-03-20T08:30:47.988934+00:00,0.1.0,,3601.0,0.016013736724853515,0.031400000000000004,,,,,,,,1.0,,,,,1.0,,,1.0,0.0,0.0,,,,9.035822400000002,190.5739354068579,0.40407301202230367
ideal_e1_adapt_vqe_B4_cad4_seed83,adapt_vqe,adapt_style_larger_active_space,ideal,e1,83,,B4,cadence_sweep,full_contract,parallel_fs,parallel_fs,,0.0,4,12,"{'G0': True, 'GA': True, 'GB': True, 'GC': True, 'GD': True, 'GE': True, 'GF': True, 'GH': True}",replay,True,True,False,False,2026-03-14T17:37:22+00:00,2026-03-14T17:37:22.988934+00:00,0.1.0,,3601.0,0.016013736724853515,0.031400000000000004,,,,,,,,1.0,,,,,1.0,,,1.0,0.0,0.0,,,,9.035822400000002,190.5739354068579,0.40407301202230367
ideal_e1_adapt_vqe_B4_cad4_seed97,adapt_vqe,adapt_style_larger_active_space,ideal,e1,97,,B4,cadence_sweep,full_contract,parallel_fs,parallel_fs,,0.0,4,12,"{'G0': True, 'GA': True, 'GB': True, 'GC': True, 'GD': True, 'GE': True, 'GF': True, 'GH': True}",replay,True,True,False,False,2026-03-21T01:18:06+00:00,2026-03-21T01:18:06.988934+00:00,0.1.0,,3601.0,0.016013736724853515,0.031400000000000004,,,,,,,,1.0,,,,,1.0,,,1.0,0.0,0.0,,,,9.035822400000002,190.5739354068579,0.40407301202230367
ideal_e1_adapt_vqe_B4_cad4_seed101,adapt_vqe,adapt_style_larger_active_space,ideal,e1,101,,B4,cadence_sweep,full_contract,parallel_fs,parallel_fs,,0.0,4,12,"{'G0': True, 'GA': True, 'GB': True, 'GC': True, 'GD': True, 'GE': True, 'GF': True, 'GH': True}",replay,True,True,False,False,2026-03-19T05:12:26+00:00,2026-03-19T05:12:26.988934+00:00,0.1.0,,3601.0,0.016013736724853515,0.031400000000000004,,,,,,,,1.0,,,,,1.0,,,1.0,0.0,0.0,,,,9.035822400000002,190.5739354068579,0.40407301202230367
ideal_e1_adapt_vqe_B4_cad4_seed107,adapt_vqe,adapt_style_larger_active_space,ideal,e1,107,,B4,cadence_sweep,full_contract,parallel_fs,parallel_fs,,0.0,4,12,"{'G0': True, 'GA': True, 'GB': True, 'GC': True, 'GD': True, 'GE': True, 'GF': True, 'GH': True}",replay,True,True,False,False,2026-03-12T10:08:55+00:00,2026-03-12T10:08:55.988934+00:00,0.1.0,,3601.0,0.016013736724853515,0.031400000000000004,,,,,,,,1.0,,,,,1.0,,,1.0,0.0,0.0,,,,9.035822400000002,190.5739354068579,0.40407301202230367
ideal_e1_adapt_vqe_B4_cad4_seed113,adapt_vqe,adapt_style_larger_active_space,ideal,e1,113,,B4,cadence_sweep,full_contract,parallel_fs,parallel_fs,,0.0,4,12,"{'G0': True, 'GA': True, 'GB': True, 'GC': True, 'GD': True, 'GE': True, 'GF': True, 'GH': True}",replay,True,True,False,False,2026-03-22T10:03:07+00:00,2026-03-22T10:03:07.988934+00:00,0.1.0,,3601.0,0.016013736724853515,0.031400000000000004,,,,,,,,1.0,,,,,1.0,,,1.0,0.0,0.0,,,,9.035822400000002,190.5739354068579,0.40407301202230367
ideal_e1_adapt_vqe_B4_cad4_seed127,adapt_vqe,adapt_style_larger_active_space,ideal,e1,127,,B4,cadence_sweep,full_contract,parallel_fs,parallel_fs,,0.0,4,12,"{'G0': True, 'GA': True, 'GB': True, 'GC': True, 'GD': True, 'GE': True, 'GF': True, 'GH': True}",replay,True,True,False,False,2026-03-05T02:44:44+00:00,2026-03-05T02:44:44.988934+00:00,0.1.0,,3601.0,0.016013736724853515,0.031400000000000004,,,,,,,,1.0,,,,,1.0,,,1.0,0.0,0.0,,,,9.035822400000002,190.5739354068579,0.40407301202230367
ideal_e1_adapt_vqe_B4_cad4_seed131,adapt_vqe,adapt_style_larger_active_space,ideal,e1,131,,B4,cadence_sweep,full_contract,parallel_fs,parallel_fs,,0.0,4,12,"{'G0': True, 'GA': True, 'GB': True, 'GC': True, 'GD': True, 'GE': True, 'GF': True, 'GH': True}",replay,True,True,False,False,2026-03-07T08:11:48+00:00,2026-03-07T08:11:48.988934+00:00,0.1.0,,3601.0,0.016013736724853515,0.031400000000000004,,,,,,,,1.0,,,,,1.0,,,1.0,0.0,0.0,,,,9.035822400000002,190.5739354068579,0.40407301202230367
ideal_e1_adapt_vqe_B4_cad4_seed137,adapt_vqe,adapt_style_larger_active_space,ideal,e1,137,,B4,cadence_sweep,full_contract,parallel_fs,parallel_fs,,0.0,4,12,"{'G0': True, 'GA': True, 'GB': True, 'GC': True, 'GD': True, 'GE': True, 'GF': True, 'GH': True}",replay,True,True,False,False,2026-03-27T21:38:08+00:00,2026-03-27T21:38:08.988934+00:00,0.1.0,,3601.0,0.016013736724853515,0.031400000000000004,,,,,,,,1.0,,,,,1.0,,,1.0,0.0,0.0,,,,9.035822400000002,190.5739354068579,0.40407301202230367
ideal_e1_adapt_vqe_B4_cad4_seed149,adapt_vqe,adapt_style_larger_active_space,ideal,e1,149,,B4,cadence_sweep,full_contract,parallel_fs,parallel_fs,,0.0,4,12,"{'G0': True, 'GA': True, 'GB': True, 'GC': True, 'GD': True, 'GE': True, 'GF': True, 'GH': True}",replay,True,True,False,False,2026-03-06T10:59:30+00:00,2026-03-06T10:59:30.988934+00:00,0.1.0,,3601.0,0.016013736724853515,0.031400000000000004,,,,,,,,1.0,,,,,1.0,,,1.0,0.0,0.0,,,,9.035822400000002,190.5739354068579,0.40407301202230367
ideal_e1_adapt_vqe_B4_cad4_seed157,adapt_vqe,adapt_style_larger_active_space,ideal,e1,157,,B4,cadence_sweep,full_contract,parallel_fs,parallel_fs,,0.0,4,12,"{'G0': True, 'GA': True, 'GB': True, 'GC': True, 'GD': True, 'GE': True, 'GF': True, 'GH': True}",replay,True,True,False,False,2026-03-26T12:08:46+00:00,2026-03-26T12:08:46.988934+00:00,0.1.0,,3601.0,0.016013736724853515,0.031400000000000004,,,,,,,,1.0,,,,,1.0,,,1.0,0.0,0.0,,,,9.035822400000002,190.5739354068579,0.40407301202230367
ideal_e1_adapt_vqe_B4_cad4_seed163,adapt_vqe,adapt_style_larger_active_space,ideal,e1,163,,B4,cadence_sweep,full_contract,parallel_fs,parallel_fs,,0.0,4,12,"{'G0': True, 'GA': True, 'GB': True, 'GC': True, 'GD': True, 'GE': True, 'GF': True, 'GH': True}",replay,True,True,False,False,2026-03-09T06:27:23+00:00,2026-03-09T06:27:23.988934+00:00,0.1.0,,3601.0,0.016013736724853515,0.031400000000000004,,,,,,,,1.0,,,,,1.0,,,1.0,0.0,0.0,,,,9.035822400000002,190.5739354068579,0.40407301202230367
ideal_e1_adapt_vqe_B4_cad8_seed11,adapt_vqe,adapt_style_larger_active_space,ideal,e1,11,,B4,cadence_sweep,full_contract,parallel_fs,parallel_fs,,0.0,8,12,"{'G0': True, 'GA': True, 'GB': True, 'GC': True, 'GD': True, 'GE': True, 'GF': True, 'GH': True}",replay,True,True,False,False,2026-03-13T12:42:12+00:00,2026-03-13T12:42:12.988934+00:00,0.1.0,,3637.0,0.016013874053955077,0.031400000000000004,,,,,,,,1.0,,,,,1.0,,,1.0,0.0,0.0,,,,41.119131200000005,867.2383773831281,0.207187767544663
ideal_e1_adapt_vqe_B4_cad8_seed17,adapt_vqe,adapt_style_larger_active_space,ideal,e1,17,,B4,cadence_sweep,full_contract,parallel_fs,parallel_fs,,0.0,8,12,"{'G0': True, 'GA': True, 'GB': True, 'GC': True, 'GD': True, 'GE': True, 'GF': True, 'GH': True}",replay,True,True,False,False,2026-03-12T04:20:59+00:00,2026-03-12T04:20:59.988934+00:00,0.1.0,,3637.0,0.016013874053955077,0.031400000000000004,,,,,,,,1.0,,,,,1.0,,,1.0,0.0,0.0,,,,41.119131200000005,867.2383773831281,0.207187767544663
ideal_e1_adapt_vqe_B4_cad8_seed23,adapt_vqe,adapt_style_larger_active_space,ideal,e1,23,,B4,cadence_sweep,full_contract,parallel_fs,parallel_fs,,0.0,8,12,"{'G0': True, 'GA': True, 'GB': True, 'GC': True, 'GD': True, 'GE': True, 'GF': True, 'GH': True}",replay,True,True,False,False,2026-03-06T04:15:13+00:00,2026-03-06T04:15:13.988934+00:00,0.1.0,,3637.0,0.016013874053955077,0.031400000000000004,,,,,,,,1.0,,,,,1.0,,,1.0,0.0,0.0,,,,41.119131200000005,867.2383773831281,0.207187767544663
ideal_e1_adapt_vqe_B4_cad8_seed31,adapt_vqe,adapt_style_larger_active_space,ideal,e1,31,,B4,cadence_sweep,full_contract,parallel_fs,parallel_fs,,0.0,8,12,"{'G0': True, 'GA': True, 'GB': True, 'GC': True, 'GD': True, 'GE': True, 'GF': True, 'GH': True}",replay,True,True,False,False,2026-03-13T08:03:18+00:00,2026-03-13T08:03:18.988934+00:00,0.1.0,,3637.0,0.016013874053955077,0.031400000000000004,,,,,,,,1.0,,,,,1.0,,,1.0,0.0,0.0,,,,41.119131200000005,867.2383773831281,0.207187767544663
ideal_e1_adapt_vqe_B4_cad8_seed43,adapt_vqe,adapt_style_larger_active_space,ideal,e1,43,,B4,cadence_sweep,full_contract,parallel_fs,parallel_fs,,0.0,8,12,"{'G0': True, 'GA': True, 'GB': True, 'GC': True, 'GD': True, 'GE': True, 'GF': True, 'GH': True}",replay,True,True,False,False,2026-03-08T04:33:18+00:00,2026-03-08T04:33:18.988934+00:00,0.1.0,,3637.0,0.016013874053955077,0.031400000000000004,,,,,,,,1.0,,,,,1.0,,,1.0,0.0,0.0,,,,41.119131200000005,867.2383773831281,0.207187767544663
ideal_e1_adapt_vqe_B4_cad8_seed59,adapt_vqe,adapt_style_larger_active_space,ideal,e1,59,,B4,cadence_sweep,full_contract,parallel_fs,parallel_fs,,0.0,8,12,"{'G0': True, 'GA': True, 'GB': True, 'GC': True, 'GD': True, 'GE': True, 'GF': True, 'GH': True}",replay,True,True,False,False,2026-03-30T02:27:30+00:00,2026-03-30T02:27:30.988934+00:00,0.1.0,,3637.0,0.016013874053955077,0.031400000000000004,,,,,,,,1.0,,,,,1.0,,,1.0,0.0,0.0,,,,41.119131200000005,867.2383773831281,0.207187767544663
ideal_e1_adapt_vqe_B4_cad8_seed71,adapt_vqe,adapt_style_larger_active_space,ideal,e1,71,,B4,cadence_sweep,full_contract,parallel_fs,parallel_fs,,0.0,8,12,"{'G0': True, 'GA': True, 'GB': True, 'GC': True, 'GD': True, 'GE': True, 'GF': True, 'GH': True}",replay,True,True,False,False,2026-03-02T07:47:35+00:00,2026-03-02T07:47:35.988934+00:00,0.1.0,,3637.0,0.016013874053955077,0.031400000000000004,,,,,,,,1.0,,,,,1.0,,,1.0,0.0,0.0,,,,41.119131200000005,867.2383773831281,0.207187767544663
ideal_e1_adapt_vqe_B4_cad8_seed83,adapt_vqe,adapt_style_larger_active_space,ideal,e1,83,,B4,cadence_sweep,full_contract,parallel_fs,parallel_fs,,0.0,8,12,"{'G0': True, 'GA': True, 'GB': True, 'GC': True, 'GD': True, 'GE': True, 'GF': True, 'GH': True}",replay,True,True,False,False,2026-03-02T01:48:14+00:00,2026-03-02T01:48:14.988934+00:00,0.1.0,,3637.0,0.016013874053955077,0.031400000000000004,,,,,,,,1.0,,,,,1.0,,,1.0,0.0,0.0,,,,41.119131200000005,867.2383773831281,0.207187767544663
ideal_e1_adapt_vqe_B4_cad8_seed97,adapt_vqe,adapt_style_larger_active_space,ideal,e1,97,,B4,cadence_sweep,full_contract,parallel_fs,parallel_fs,,0.0,8,12,"{'G0': True, 'GA': True, 'GB': True, 'GC': True, 'GD': True, 'GE': True, 'GF': True, 'GH': True}",replay,True,True,False,False,2026-03-19T05:00:32+00:00,2026-03-19T05:00:32.988934+00:00,0.1.0,,3637.0,0.016013874053955077,0.031400000000000004,,,,,,,,1.0,,,,,1.0,,,1.0,0.0,0.0,,,,41.119131200000005,867.2383773831281,0.207187767544663
ideal_e1_adapt_vqe_B4_cad8_seed101,adapt_vqe,adapt_style_larger_active_space,ideal,e1,101,,B4,cadence_sweep,full_contract,parallel_fs,parallel_fs,,0.0,8,12,"{'G0': True, 'GA': True, 'GB': True, 'GC': True, 'GD': True, 'GE': True, 'GF': True, 'GH': True}",replay,True,True,False,False,2026-03-19T10:25:23+00:00,2026-03-19T10:25:23.988934+00:00,0.1.0,,3637.0,0.016013874053955077,0.031400000000000004,,,,,,,,1.0,,,,,1.0,,,1.0,0.0,0.0,,,,41.119131200000005,867.2383773831281,0.207187767544663
ideal_e1_adapt_vqe_B4_cad8_seed107,adapt_vqe,adapt_style_larger_active_space,ideal,e1,107,,B4,cadence_sweep,full_contract,parallel_fs,parallel_fs,,0.0,8,12,"{'G0': True, 'GA': True, 'GB': True, 'GC': True, 'GD': True, 'GE': True, 'GF': True, 'GH': True}",replay,True,True,False,False,2026-03-21T14:53:53+00:00,2026-03-21T14:53:53.988934+00:00,0.1.0,,3637.0,0.016013874053955077,0.031400000000000004,,,,,,,,1.0,,,,,1.0,,,1.0,0.0,0.0,,,,41.119131200000005,867.2383773831281,0.207187767544663
ideal_e1_adapt_vqe_B4_cad8_seed113,adapt_vqe,adapt_style_larger_active_space,ideal,e1,113,,B4,cadence_sweep,full_contract,parallel_fs,parallel_fs,,0.0,8,12,"{'G0': True, 'GA': True, 'GB': True, 'GC': True, 'GD': True, 'GE': True, 'GF': True, 'GH': True}",replay,True,True,False,False,2026-03-06T07:19:01+00:00,2026-03-06T07:19:01.988934+00:00,0.1.0,,3637.0,0.016013874053955077,0.031400000000000004,,,,,,,,1.0,,,,,1.0,,,1.0,0.0,0.0,,,,41.119131200000005,867.2383773831281,0.207187767544663
ideal_e1_adapt_vqe_B4_cad8_seed127,adapt_vqe,adapt_style_larger_active_space,ideal,e1,127,,B4,cadence_sweep,full_contract,parallel_fs,parallel_fs,,0.0,8,12,"{'G0': True, 'GA': True, 'GB': True, 'GC': True, 'GD': True, 'GE': True, 'GF': True, 'GH': True}",replay,True,True,False,False,2026-03-29T11:48:32+00:00,2026-03-29T11:48:32.988934+00:00,0.1.0,,3637.0,0.016013874053955077,0.031400000000000004,,,,,,,,1.0,,,,,1.0,,,1.0,0.0,0.0,,,,41.119131200000005,867.2383773831281,0.207187767544663
ideal_e1_adapt_vqe_B4_cad8_seed131,adapt_vqe,adapt_style_larger_active_space,ideal,e1,131,,B4,cadence_sweep,full_contract,parallel_fs,parallel_fs,,0.0,8,12,"{'G0': True, 'GA': True, 'GB': True, 'GC': True, 'GD': True, 'GE': True, 'GF': True, 'GH': True}",replay,True,True,False,False,2026-03-20T04:11:03+00:00,2026-03-20T04:11:03.988934+00:00,0.1.0,,3637.0,0.016013874053955077,0.031400000000000004,,,,,,,,1.0,,,,,1.0,,,1.0,0.0,0.0,,,,41.119131200000005,867.2383773831281,0.207187767544663
ideal_e1_adapt_vqe_B4_cad8_seed137,adapt_vqe,adapt_style_larger_active_space,ideal,e1,137,,B4,cadence_sweep,full_contract,parallel_fs,parallel_fs,,0.0,8,12,"{'G0': True, 'GA': True, 'GB': True, 'GC': True, 'GD': True, 'GE': True, 'GF': True, 'GH': True}",replay,True,True,False,False,2026-03-25T14:14:48+00:00,2026-03-25T14:14:48.988934+00:00,0.1.0,,3637.0,0.016013874053955077,0.031400000000000004,,,,,,,,1.0,,,,,1.0,,,1.0,0.0,0.0,,,,41.119131200000005,867.2383773831281,0.207187767544663
ideal_e1_adapt_vqe_B4_cad8_seed149,adapt_vqe,adapt_style_larger_active_space,ideal,e1,149,,B4,cadence_sweep,full_contract,parallel_fs,parallel_fs,,0.0,8,12,"{'G0': True, 'GA': True, 'GB': True, 'GC': True, 'GD': True, 'GE': True, 'GF': True, 'GH': True}",replay,True,True,False,False,2026-03-22T14:37:47+00:00,2026-03-22T14:37:47.988934+00:00,0.1.0,,3637.0,0.016013874053955077,0.031400000000000004,,,,,,,,1.0,,,,,1.0,,,1.0,0.0,0.0,,,,41.119131200000005,867.2383773831281,0.207187767544663
ideal_e1_adapt_vqe_B4_cad8_seed157,adapt_vqe,adapt_style_larger_active_space,ideal,e1,157,,B4,cadence_sweep,full_contract,parallel_fs,parallel_fs,,0.0,8,12,"{'G0': True, 'GA': True, 'GB': True, 'GC': True, 'GD': True, 'GE': True, 'GF': True, 'GH': True}",replay,True,True,False,False,2026-03-28T22:03:06+00:00,2026-03-28T22:03:06.988934+00:00,0.1.0,,3637.0,0.016013874053955077,0.031400000000000004,,,,,,,,1.0,,,,,1.0,,,1.0,0.0,0.0,,,,41.119131200000005,867.2383773831281,0.207187767544663
ideal_e1_adapt_vqe_B4_cad8_seed163,adapt_vqe,adapt_style_larger_active_space,ideal,e1,163,,B4,cadence_sweep,full_contract,parallel_fs,parallel_fs,,0.0,8,12,"{'G0': True, 'GA': True, 'GB': True, 'GC': True, 'GD': True, 'GE': True, 'GF': True, 'GH': True}",replay,True,True,False,False,2026-03-29T02:48:47+00:00,2026-03-29T02:48:47.988934+00:00,0.1.0,,3637.0,0.016013874053955077,0.031400000000000004,,,,,,,,1.0,,,,,1.0,,,1.0,0.0,0.0,,,,41.119131200000005,867.2383773831281,0.207187767544663
ideal_e1_adapt_vqe_B4_cad16_seed11,adapt_vqe,adapt_style_larger_active_space,ideal,e1,11,,B4,cadence_sweep,full_contract,parallel_fs,parallel_fs,,0.0,16,12,"{'G0': True, 'GA': True, 'GB': True, 'GC': True, 'GD': True, 'GE': True, 'GF': True, 'GH': True}",replay,True,True,False,False,2026-03-17T16:36:02+00:00,2026-03-17T16:36:02.988934+00:00,0.1.0,,3709.0,0.016014148712158203,0.031400000000000004,,,,,,,,1.0,,,,,1.0,,,1.0,0.0,0.0,,,,173.97904800000003,3669.348764567976,0.10493292003678713
ideal_e1_adapt_vqe_B4_cad16_seed17,adapt_vqe,adapt_style_larger_active_space,ideal,e1,17,,B4,cadence_sweep,full_contract,parallel_fs,parallel_fs,,0.0,16,12,"{'G0': True, 'GA': True, 'GB': True, 'GC': True, 'GD': True, 'GE': True, 'GF': True, 'GH': True}",replay,True,True,False,False,2026-03-17T05:05:52+00:00,2026-03-17T05:05:52.988934+00:00,0.1.0,,3709.0,0.016014148712158203,0.031400000000000004,,,,,,,,1.0,,,,,1.0,,,1.0,0.0,0.0,,,,173.97904800000003,3669.348764567976,0.10493292003678713
ideal_e1_adapt_vqe_B4_cad16_seed23,adapt_vqe,adapt_style_larger_active_space,ideal,e1,23,,B4,cadence_sweep,full_contract,parallel_fs,parallel_fs,,0.0,16,12,"{'G0': True, 'GA': True, 'GB': True, 'GC': True, 'GD': True, 'GE': True, 'GF': True, 'GH': True}",replay,True,True,False,False,2026-03-05T13:10:34+00:00,2026-03-05T13:10:34.988934+00:00,0.1.0,,3709.0,0.016014148712158203,0.031400000000000004,,,,,,,,1.0,,,,,1.0,,,1.0,0.0,0.0,,,,173.97904800000003,3669.348764567976,0.10493292003678713
ideal_e1_adapt_vqe_B4_cad16_seed31,adapt_vqe,adapt_style_larger_active_space,ideal,e1,31,,B4,cadence_sweep,full_contract,parallel_fs,parallel_fs,,0.0,16,12,"{'G0': True, 'GA': True, 'GB': True, 'GC': True, 'GD': True, 'GE': True, 'GF': True, 'GH': True}",replay,True,True,False,False,2026-03-07T19:56:06+00:00,2026-03-07T19:56:06.988934+00:00,0.1.0,,3709.0,0.016014148712158203,0.031400000000000004,,,,,,,,1.0,,,,,1.0,,,1.0,0.0,0.0,,,,173.97904800000003,3669.348764567976,0.10493292003678713
ideal_e1_adapt_vqe_B4_cad16_seed43,adapt_vqe,adapt_style_larger_active_space,ideal,e1,43,,B4,cadence_sweep,full_contract,parallel_fs,parallel_fs,,0.0,16,12,"{'G0': True, 'GA': True, 'GB': True, 'GC': True, 'GD': True, 'GE': True, 'GF': True, 'GH': True}",replay,True,True,False,False,2026-03-14T10:38:33+00:00,2026-03-14T10:38:33.988934+00:00,0.1.0,,3709.0,0.016014148712158203,0.031400000000000004,,,,,,,,1.0,,,,,1.0,,,1.0,0.0,0.0,,,,173.97904800000003,3669.348764567976,0.10493292003678713
ideal_e1_adapt_vqe_B4_cad16_seed59,adapt_vqe,adapt_style_larger_active_space,ideal,e1,59,,B4,cadence_sweep,full_contract,parallel_fs,parallel_fs,,0.0,16,12,"{'G0': True, 'GA': True, 'GB': True, 'GC': True, 'GD': True, 'GE': True, 'GF': True, 'GH': True}",replay,True,True,False,False,2026-03-19T19:41:19+00:00,2026-03-19T19:41:19.988934+00:00,0.1.0,,3709.0,0.016014148712158203,0.031400000000000004,,,,,,,,1.0,,,,,1.0,,,1.0,0.0,0.0,,,,173.97904800000003,3669.348764567976,0.10493292003678713
ideal_e1_adapt_vqe_B4_cad16_seed71,adapt_vqe,adapt_style_larger_active_space,ideal,e1,71,,B4,cadence_sweep,full_contract,parallel_fs,parallel_fs,,0.0,16,12,"{'G0': True, 'GA': True, 'GB': True, 'GC': True, 'GD': True, 'GE': True, 'GF': True, 'GH': True}",replay,True,True,False,False,2026-03-09T03:11:34+00:00,2026-03-09T03:11:34.988934+00:00,0.1.0,,3709.0,0.016014148712158203,0.031400000000000004,,,,,,,,1.0,,,,,1.0,,,1.0,0.0,0.0,,,,173.97904800000003,3669.348764567976,0.10493292003678713
ideal_e1_adapt_vqe_B4_cad16_seed83,adapt_vqe,adapt_style_larger_active_space,ideal,e1,83,,B4,cadence_sweep,full_contract,parallel_fs,parallel_fs,,0.0,16,12,"{'G0': True, 'GA': True, 'GB': True, 'GC': True, 'GD': True, 'GE': True, 'GF': True, 'GH': True}",replay,True,True,False,False,2026-03-03T00:54:55+00:00,2026-03-03T00:54:55.988934+00:00,0.1.0,,3709.0,0.016014148712158203,0.031400000000000004,,,,,,,,1.0,,,,,1.0,,,1.0,0.0,0.0,,,,173.97904800000003,3669.348764567976,0.10493292003678713
ideal_e1_adapt_vqe_B4_cad16_seed97,adapt_vqe,adapt_style_larger_active_space,ideal,e1,97,,B4,cadence_sweep,full_contract,parallel_fs,parallel_fs,,0.0,16,12,"{'G0': True, 'GA': True, 'GB': True, 'GC': True, 'GD': True, 'GE': True, 'GF': True, 'GH': True}",replay,True,True,False,False,2026-03-11T02:48:05+00:00,2026-03-11T02:48:05.988934+00:00,0.1.0,,3709.0,0.016014148712158203,0.031400000000000004,,,,,,,,1.0,,,,,1.0,,,1.0,0.0,0.0,,,,173.97904800000003,3669.348764567976,0.10493292003678713
ideal_e1_adapt_vqe_B4_cad16_seed101,adapt_vqe,adapt_style_larger_active_space,ideal,e1,101,,B4,cadence_sweep,full_contract,parallel_fs,parallel_fs,,0.0,16,12,"{'G0': True, 'GA': True, 'GB': True, 'GC': True, 'GD': True, 'GE': True, 'GF': True, 'GH': True}",replay,True,True,False,False,2026-03-09T13:45:11+00:00,2026-03-09T13:45:11.988934+00:00,0.1.0,,3709.0,0.016014148712158203,0.031400000000000004,,,,,,,,1.0,,,,,1.0,,,1.0,0.0,0.0,,,,173.97904800000003,3669.348764567976,0.10493292003678713
ideal_e1_adapt_vqe_B4_cad16_seed107,adapt_vqe,adapt_style_larger_active_space,ideal,e1,107,,B4,cadence_sweep,full_contract,parallel_fs,parallel_fs,,0.0,16,12,"{'G0': True, 'GA': True, 'GB': True, 'GC': True, 'GD': True, 'GE': True, 'GF': True, 'GH': True}",replay,True,True,False,False,2026-03-22T22:23:54+00:00,2026-03-22T22:23:54.988934+00:00,0.1.0,,3709.0,0.016014148712158203,0.031400000000000004,,,,,,,,1.0,,,,,1.0,,,1.0,0.0,0.0,,,,173.97904800000003,3669.348764567976,0.10493292003678713
ideal_e1_adapt_vqe_B4_cad16_seed113,adapt_vqe,adapt_style_larger_active_space,ideal,e1,113,,B4,cadence_sweep,full_contract,parallel_fs,parallel_fs,,0.0,16,12,"{'G0': True, 'GA': True, 'GB': True, 'GC': True, 'GD': True, 'GE': True, 'GF': True, 'GH': True}",replay,True,True,False,False,2026-03-12T17:26:02+00:00,2026-03-12T17:26:02.988934+00:00,0.1.0,,3709.0,0.016014148712158203,0.031400000000000004,,,,,,,,1.0,,,,,1.0,,,1.0,0.0,0.0,,,,173.97904800000003,3669.348764567976,0.10493292003678713
ideal_e1_adapt_vqe_B4_cad16_seed127,adapt_vqe,adapt_style_larger_active_space,ideal,e1,127,,B4,cadence_sweep,full_contract,parallel_fs,parallel_fs,,0.0,16,12,"{'G0': True, 'GA': True, 'GB': True, 'GC': True, 'GD': True, 'GE': True, 'GF': True, 'GH': True}",replay,True,True,False,False,2026-03-03T00:14:18+00:00,2026-03-03T00:14:18.988934+00:00,0.1.0,,3709.0,0.016014148712158203,0.031400000000000004,,,,,,,,1.0,,,,,1.0,,,1.0,0.0,0.0,,,,173.97904800000003,3669.348764567976,0.10493292003678713
ideal_e1_adapt_vqe_B4_cad16_seed131,adapt_vqe,adapt_style_larger_active_space,ideal,e1,131,,B4,cadence_sweep,full_contract,parallel_fs,parallel_fs,,0.0,16,12,"{'G0': True, 'GA': True, 'GB': True, 'GC': True, 'GD': True, 'GE': True, 'GF': True, 'GH': True}",replay,True,True,False,False,2026-03-08T00:18:31+00:00,2026-03-08T00:18:31.988934+00:00,0.1.0,,3709.0,0.016014148712158203,0.031400000000000004,,,,,,,,1.0,,,,,1.0,,,1.0,0.0,0.0,,,,173.97904800000003,3669.348764567976,0.10493292003678713
ideal_e1_adapt_vqe_B4_cad16_seed137,adapt_vqe,adapt_style_larger_active_space,ideal,e1,137,,B4,cadence_sweep,full_contract,parallel_fs,parallel_fs,,0.0,16,12,"{'G0': True, 'GA': True, 'GB': True, 'GC': True, 'GD': True, 'GE': True, 'GF': True, 'GH': True}",replay,True,True,False,False,2026-03-23T06:42:57+00:00,2026-03-23T06:42:57.988934+00:00,0.1.0,,3709.0,0.016014148712158203,0.031400000000000004,,,,,,,,1.0,,,,,1.0,,,1.0,0.0,0.0,,,,173.97904800000003,3669.348764567976,0.10493292003678713
ideal_e1_adapt_vqe_B4_cad16_seed149,adapt_vqe,adapt_style_larger_active_space,ideal,e1,149,,B4,cadence_sweep,full_contract,parallel_fs,parallel_fs,,0.0,16,12,"{'G0': True, 'GA': True, 'GB': True, 'GC': True, 'GD': True, 'GE': True, 'GF': True, 'GH': True}",replay,True,True,False,False,2026-03-29T10:39:24+00:00,2026-03-29T10:39:24.988934+00:00,0.1.0,,3709.0,0.016014148712158203,0.031400000000000004,,,,,,,,1.0,,,,,1.0,,,1.0,0.0,0.0,,,,173.97904800000003,3669.348764567976,0.10493292003678713
ideal_e1_adapt_vqe_B4_cad16_seed157,adapt_vqe,adapt_style_larger_active_space,ideal,e1,157,,B4,cadence_sweep,full_contract,parallel_fs,parallel_fs,,0.0,16,12,"{'G0': True, 'GA': True, 'GB': True, 'GC': True, 'GD': True, 'GE': True, 'GF': True, 'GH': True}",replay,True,True,False,False,2026-03-28T17:17:12+00:00,2026-03-28T17:17:12.988934+00:00,0.1.0,,3709.0,0.016014148712158203,0.031400000000000004,,,,,,,,1.0,,,,,1.0,,,1.0,0.0,0.0,,,,173.97904800000003,3669.348764567976,0.10493292003678713
ideal_e1_adapt_vqe_B4_cad16_seed163,adapt_vqe,adapt_style_larger_active_space,ideal,e1,163,,B4,cadence_sweep,full_contract,parallel_fs,parallel_fs,,0.0,16,12,"{'G0': True, 'GA': True, 'GB': True, 'GC': True, 'GD': True, 'GE': True, 'GF': True, 'GH': True}",replay,True,True,False,False,2026-03-11T06:52:42+00:00,2026-03-11T06:52:42.988934+00:00,0.1.0,,3709.0,0.016014148712158203,0.031400000000000004,,,,,,,,1.0,,,,,1.0,,,1.0,0.0,0.0,,,,173.97904800000003,3669.348764567976,0.10493292003678713
ideal_e1_adapt_vqe_B5_cad1_seed11,adapt_vqe,adapt_style_larger_active_space,ideal,e1,11,,B5,cadence_sweep,full_contract,parallel_fs,parallel_fs,,0.0,1,12,"{'G0': True, 'GA': True, 'GB': True, 'GC': True, 'GD': True, 'GE': True, 'GF': True, 'GH': True}",replay,True,True,False,False,2026-03-10T01:38:14+00:00,2026-03-10T01:38:14.988934+00:00,0.1.0,,3629.0,0.016013843536376953,0.031400000000000004,,,,,,,,1.0,,,,,1.0,,,1.0,0.0,0.0,,,,0.3661112000000001,7.721609823070164,0.9950936776929403
ideal_e1_adapt_vqe_B5_cad1_seed17,adapt_vqe,adapt_style_larger_active_space,ideal,e1,17,,B5,cadence_sweep,full_contract,parallel_fs,parallel_fs,,0.0,1,12,"{'G0': True, 'GA': True, 'GB': True, 'GC': True, 'GD': True, 'GE': True, 'GF': True, 'GH': True}",replay,True,True,False,False,2026-03-09T04:05:52+00:00,2026-03-09T04:05:52.988934+00:00,0.1.0,,3629.0,0.016013843536376953,0.031400000000000004,,,,,,,,1.0,,,,,1.0,,,1.0,0.0,0.0,,,,0.3661112000000001,7.721609823070164,0.9950936776929403
ideal_e1_adapt_vqe_B5_cad1_seed23,adapt_vqe,adapt_style_larger_active_space,ideal,e1,23,,B5,cadence_sweep,full_contract,parallel_fs,parallel_fs,,0.0,1,12,"{'G0': True, 'GA': True, 'GB': True, 'GC': True, 'GD': True, 'GE': True, 'GF': True, 'GH': True}",replay,True,True,False,False,2026-03-26T05:58:46+00:00,2026-03-26T05:58:46.988934+00:00,0.1.0,,3629.0,0.016013843536376953,0.031400000000000004,,,,,,,,1.0,,,,,1.0,,,1.0,0.0,0.0,,,,0.3661112000000001,7.721609823070164,0.9950936776929403
ideal_e1_adapt_vqe_B5_cad1_seed31,adapt_vqe,adapt_style_larger_active_space,ideal,e1,31,,B5,cadence_sweep,full_contract,parallel_fs,parallel_fs,,0.0,1,12,"{'G0': True, 'GA': True, 'GB': True, 'GC': True, 'GD': True, 'GE': True, 'GF': True, 'GH': True}",replay,True,True,False,False,2026-03-28T07:27:36+00:00,2026-03-28T07:27:36.988934+00:00,0.1.0,,3629.0,0.016013843536376953,0.031400000000000004,,,,,,,,1.0,,,,,1.0,,,1.0,0.0,0.0,,,,0.3661112000000001,7.721609823070164,0.9950936776929403
ideal_e1_adapt_vqe_B5_cad1_seed43,adapt_vqe,adapt_style_larger_active_space,ideal,e1,43,,B5,cadence_sweep,full_contract,parallel_fs,parallel_fs,,0.0,1,12,"{'G0': True, 'GA': True, 'GB': True, 'GC': True, 'GD': True, 'GE': True, 'GF': True, 'GH': True}",replay,True,True,False,False,2026-03-17T19:19:33+00:00,2026-03-17T19:19:33.988934+00:00,0.1.0,,3629.0,0.016013843536376953,0.031400000000000004,,,,,,,,1.0,,,,,1.0,,,1.0,0.0,0.0,,,,0.3661112000000001,7.721609823070164,0.9950936776929403
ideal_e1_adapt_vqe_B5_cad1_seed59,adapt_vqe,adapt_style_larger_active_space,ideal,e1,59,,B5,cadence_sweep,full_contract,parallel_fs,parallel_fs,,0.0,1,12,"{'G0': True, 'GA': True, 'GB': True, 'GC': True, 'GD': True, 'GE': True, 'GF': True, 'GH': True}",replay,True,True,False,False,2026-03-19T03:54:33+00:00,2026-03-19T03:54:33.988934+00:00,0.1.0,,3629.0,0.016013843536376953,0.031400000000000004,,,,,,,,1.0,,,,,1.0,,,1.0,0.0,0.0,,,,0.3661112000000001,7.721609823070164,0.9950936776929403
ideal_e1_adapt_vqe_B5_cad1_seed71,adapt_vqe,adapt_style_larger_active_space,ideal,e1,71,,B5,cadence_sweep,full_contract,parallel_fs,parallel_fs,,0.0,1,12,"{'G0': True, 'GA': True, 'GB': True, 'GC': True, 'GD': True, 'GE': True, 'GF': True, 'GH': True}",replay,True,True,False,False,2026-03-13T22:37:18+00:00,2026-03-13T22:37:18.988934+00:00,0.1.0,,3629.0,0.016013843536376953,0.031400000000000004,,,,,,,,1.0,,,,,1.0,,,1.0,0.0,0.0,,,,0.3661112000000001,7.721609823070164,0.9950936776929403
ideal_e1_adapt_vqe_B5_cad1_seed83,adapt_vqe,adapt_style_larger_active_space,ideal,e1,83,,B5,cadence_sweep,full_contract,parallel_fs,parallel_fs,,0.0,1,12,"{'G0': True, 'GA': True, 'GB': True, 'GC': True, 'GD': True, 'GE': True, 'GF': True, 'GH': True}",replay,True,True,False,False,2026-03-04T05:30:51+00:00,2026-03-04T05:30:51.988934+00:00,0.1.0,,3629.0,0.016013843536376953,0.031400000000000004,,,,,,,,1.0,,,,,1.0,,,1.0,0.0,0.0,,,,0.3661112000000001,7.721609823070164,0.9950936776929403
ideal_e1_adapt_vqe_B5_cad1_seed97,adapt_vqe,adapt_style_larger_active_space,ideal,e1,97,,B5,cadence_sweep,full_contract,parallel_fs,parallel_fs,,0.0,1,12,"{'G0': True, 'GA': True, 'GB': True, 'GC': True, 'GD': True, 'GE': True, 'GF': True, 'GH': True}",replay,True,True,False,False,2026-03-29T12:01:14+00:00,2026-03-29T12:01:14.988934+00:00,0.1.0,,3629.0,0.016013843536376953,0.031400000000000004,,,,,,,,1.0,,,,,1.0,,,1.0,0.0,0.0,,,,0.3661112000000001,7.721609823070164,0.9950936776929403
ideal_e1_adapt_vqe_B5_cad1_seed101,adapt_vqe,adapt_style_larger_active_space,ideal,e1,101,,B5,cadence_sweep,full_contract,parallel_fs,parallel_fs,,0.0,1,12,"{'G0': True, 'GA': True, 'GB': True, 'GC': True, 'GD': True, 'GE': True, 'GF': True, 'GH': True}",replay,True,True,False,False,2026-03-25T15:15:35+00:00,2026-03-25T15:15:35.988934+00:00,0.1.0,,3629.0,0.016013843536376953,0.031400000000000004,,,,,,,,1.0,,,,,1.0,,,1.0,0.0,0.0,,,,0.3661112000000001,7.721609823070164,0.9950936776929403
ideal_e1_adapt_vqe_B5_cad1_seed107,adapt_vqe,adapt_style_larger_active_space,ideal,e1,107,,B5,cadence_sweep,full_contract,parallel_fs,parallel_fs,,0.0,1,12,"{'G0': True, 'GA': True, 'GB': True, 'GC': True, 'GD': True, 'GE': True, 'GF': True, 'GH': True}",replay,True,True,False,False,2026-03-24T01:07:12+00:00,2026-03-24T01:07:12.988934+00:00,0.1.0,,3629.0,0.016013843536376953,0.031400000000000004,,,,,,,,1.0,,,,,1.0,,,1.0,0.0,0.0,,,,0.3661112000000001,7.721609823070164,0.9950936776929403
ideal_e1_adapt_vqe_B5_cad1_seed113,adapt_vqe,adapt_style_larger_active_space,ideal,e1,113,,B5,cadence_sweep,full_contract,parallel_fs,parallel_fs,,0.0,1,12,"{'G0': True, 'GA': True, 'GB': True, 'GC': True, 'GD': True, 'GE': True, 'GF': True, 'GH': True}",replay,True,True,False,False,2026-03-03T18:44:29+00:00,2026-03-03T18:44:29.988934+00:00,0.1.0,,3629.0,0.016013843536376953,0.031400000000000004,,,,,,,,1.0,,,,,1.0,,,1.0,0.0,0.0,,,,0.3661112000000001,7.721609823070164,0.9950936776929403
ideal_e1_adapt_vqe_B5_cad1_seed127,adapt_vqe,adapt_style_larger_active_space,ideal,e1,127,,B5,cadence_sweep,full_contract,parallel_fs,parallel_fs,,0.0,1,12,"{'G0': True, 'GA': True, 'GB': True, 'GC': True, 'GD': True, 'GE': True, 'GF': True, 'GH': True}",replay,True,True,False,False,2026-03-05T02:43:58+00:00,2026-03-05T02:43:58.988934+00:00,0.1.0,,3629.0,0.016013843536376953,0.031400000000000004,,,,,,,,1.0,,,,,1.0,,,1.0,0.0,0.0,,,,0.3661112000000001,7.721609823070164,0.9950936776929403
ideal_e1_adapt_vqe_B5_cad1_seed131,adapt_vqe,adapt_style_larger_active_space,ideal,e1,131,,B5,cadence_sweep,full_contract,parallel_fs,parallel_fs,,0.0,1,12,"{'G0': True, 'GA': True, 'GB': True, 'GC': True, 'GD': True, 'GE': True, 'GF': True, 'GH': True}",replay,True,True,False,False,2026-03-03T23:20:29+00:00,2026-03-03T23:20:29.988934+00:00,0.1.0,,3629.0,0.016013843536376953,0.031400000000000004,,,,,,,,1.0,,,,,1.0,,,1.0,0.0,0.0,,,,0.3661112000000001,7.721609823070164,0.9950936776929403
ideal_e1_adapt_vqe_B5_cad1_seed137,adapt_vqe,adapt_style_larger_active_space,ideal,e1,137,,B5,cadence_sweep,full_contract,parallel_fs,parallel_fs,,0.0,1,12,"{'G0': True, 'GA': True, 'GB': True, 'GC': True, 'GD': True, 'GE': True, 'GF': True, 'GH': True}",replay,True,True,False,False,2026-03-23T14:49:31+00:00,2026-03-23T14:49:31.988934+00:00,0.1.0,,3629.0,0.016013843536376953,0.031400000000000004,,,,,,,,1.0,,,,,1.0,,,1.0,0.0,0.0,,,,0.3661112000000001,7.721609823070164,0.9950936776929403
ideal_e1_adapt_vqe_B5_cad1_seed149,adapt_vqe,adapt_style_larger_active_space,ideal,e1,149,,B5,cadence_sweep,full_contract,parallel_fs,parallel_fs,,0.0,1,12,"{'G0': True, 'GA': True, 'GB': True, 'GC': True, 'GD': True, 'GE': True, 'GF': True, 'GH': True}",replay,True,True,False,False,2026-03-29T01:57:07+00:00,2026-03-29T01:57:07.988934+00:00,0.1.0,,3629.0,0.016013843536376953,0.031400000000000004,,,,,,,,1.0,,,,,1.0,,,1.0,0.0,0.0,,,,0.3661112000000001,7.721609823070164,0.9950936776929403
ideal_e1_adapt_vqe_B5_cad1_seed157,adapt_vqe,adapt_style_larger_active_space,ideal,e1,157,,B5,cadence_sweep,full_contract,parallel_fs,parallel_fs,,0.0,1,12,"{'G0': True, 'GA': True, 'GB': True, 'GC': True, 'GD': True, 'GE': True, 'GF': True, 'GH': True}",replay,True,True,False,False,2026-03-10T19:17:35+00:00,2026-03-10T19:17:35.988934+00:00,0.1.0,,3629.0,0.016013843536376953,0.031400000000000004,,,,,,,,1.0,,,,,1.0,,,1.0,0.0,0.0,,,,0.3661112000000001,7.721609823070164,0.9950936776929403
ideal_e1_adapt_vqe_B5_cad1_seed163,adapt_vqe,adapt_style_larger_active_space,ideal,e1,163,,B5,cadence_sweep,full_contract,parallel_fs,parallel_fs,,0.0,1,12,"{'G0': True, 'GA': True, 'GB': True, 'GC': True, 'GD': True, 'GE': True, 'GF': True, 'GH': True}",replay,True,True,False,False,2026-03-09T13:04:02+00:00,2026-03-09T13:04:02.988934+00:00,0.1.0,,3629.0,0.016013843536376953,0.031400000000000004,,,,,,,,1.0,,,,,1.0,,,1.0,0.0,0.0,,,,0.3661112000000001,7.721609823070164,0.9950936776929403
ideal_e1_adapt_vqe_B5_cad2_seed11,adapt_vqe,adapt_style_larger_active_space,ideal,e1,11,,B5,cadence_sweep,full_contract,parallel_fs,parallel_fs,,0.0,2,12,"{'G0': True, 'GA': True, 'GB': True, 'GC': True, 'GD': True, 'GE': True, 'GF': True, 'GH': True}",replay,True,True,False,False,2026-03-09T15:00:42+00:00,2026-03-09T15:00:42.988934+00:00,0.1.0,,3639.0,0.01601388168334961,0.031400000000000004,,,,,,,,1.0,,,,,1.0,,,1.0,0.0,0.0,,,,2.3212280000000005,48.956717264833195,0.6277984037693903
ideal_e1_adapt_vqe_B5_cad2_seed17,adapt_vqe,adapt_style_larger_active_space,ideal,e1,17,,B5,cadence_sweep,full_contract,parallel_fs,parallel_fs,,0.0,2,12,"{'G0': True, 'GA': True, 'GB': True, 'GC': True, 'GD': True, 'GE': True, 'GF': True, 'GH': True}",replay,True,True,False,False,2026-03-07T13:20:17+00:00,2026-03-07T13:20:17.988934+00:00,0.1.0,,3639.0,0.01601388168334961,0.031400000000000004,,,,,,,,1.0,,,,,1.0,,,1.0,0.0,0.0,,,,2.3212280000000005,48.956717264833195,0.6277984037693903
ideal_e1_adapt_vqe_B5_cad2_seed23,adapt_vqe,adapt_style_larger_active_space,ideal,e1,23,,B5,cadence_sweep,full_contract,parallel_fs,parallel_fs,,0.0,2,12,"{'G0': True, 'GA': True, 'GB': True, 'GC': True, 'GD': True, 'GE': True, 'GF': True, 'GH': True}",replay,True,True,False,False,2026-03-21T00:30:52+00:00,2026-03-21T00:30:52.988934+00:00,0.1.0,,3639.0,0.01601388168334961,0.031400000000000004,,,,,,,,1.0,,,,,1.0,,,1.0,0.0,0.0,,,,2.3212280000000005,48.956717264833195,0.6277984037693903
ideal_e1_adapt_vqe_B5_cad2_seed31,adapt_vqe,adapt_style_larger_active_space,ideal,e1,31,,B5,cadence_sweep,full_contract,parallel_fs,parallel_fs,,0.0,2,12,"{'G0': True, 'GA': True, 'GB': True, 'GC': True, 'GD': True, 'GE': True, 'GF': True, 'GH': True}",replay,True,True,False,False,2026-03-23T20:36:39+00:00,2026-03-23T20:36:39.988934+00:00,0.1.0,,3639.0,0.01601388168334961,0.031400000000000004,,,,,,,,1.0,,,,,1.0,,,1.0,0.0,0.0,,,,2.3212280000000005,48.956717264833195,0.6277984037693903
ideal_e1_adapt_vqe_B5_cad2_seed43,adapt_vqe,adapt_style_larger_active_space,ideal,e1,43,,B5,cadence_sweep,full_contract,parallel_fs,parallel_fs,,0.0,2,12,"{'G0': True, 'GA': True, 'GB': True, 'GC': True, 'GD': True, 'GE': True, 'GF': True, 'GH': True}",replay,True,True,False,False,2026-03-22T01:59:44+00:00,2026-03-22T01:59:44.988934+00:00,0.1.0,,3639.0,0.01601388168334961,0.031400000000000004,,,,,,,,1.0,,,,,1.0,,,1.0,0.0,0.0,,,,2.3212280000000005,48.956717264833195,0.6277984037693903
ideal_e1_adapt_vqe_B5_cad2_seed59,adapt_vqe,adapt_style_larger_active_space,ideal,e1,59,,B5,cadence_sweep,full_contract,parallel_fs,parallel_fs,,0.0,2,12,"{'G0': True, 'GA': True, 'GB': True, 'GC': True, 'GD': True, 'GE': True, 'GF': True, 'GH': True}",replay,True,True,False,False,2026-03-23T15:58:44+00:00,2026-03-23T15:58:44.988934+00:00,0.1.0,,3639.0,0.01601388168334961,0.031400000000000004,,,,,,,,1.0,,,,,1.0,,,1.0,0.0,0.0,,,,2.3212280000000005,48.956717264833195,0.6277984037693903
ideal_e1_adapt_vqe_B5_cad2_seed71,adapt_vqe,adapt_style_larger_active_space,ideal,e1,71,,B5,cadence_sweep,full_contract,parallel_fs,parallel_fs,,0.0,2,12,"{'G0': True, 'GA': True, 'GB': True, 'GC': True, 'GD': True, 'GE': True, 'GF': True, 'GH': True}",replay,True,True,False,False,2026-03-27T07:04:19+00:00,2026-03-27T07:04:19.988934+00:00,0.1.0,,3639.0,0.01601388168334961,0.031400000000000004,,,,,,,,1.0,,,,,1.0,,,1.0,0.0,0.0,,,,2.3212280000000005,48.956717264833195,0.6277984037693903
ideal_e1_adapt_vqe_B5_cad2_seed83,adapt_vqe,adapt_style_larger_active_space,ideal,e1,83,,B5,cadence_sweep,full_contract,parallel_fs,parallel_fs,,0.0,2,12,"{'G0': True, 'GA': True, 'GB': True, 'GC': True, 'GD': True, 'GE': True, 'GF': True, 'GH': True}",replay,True,True,False,False,2026-03-26T13:02:25+00:00,2026-03-26T13:02:25.988934+00:00,0.1.0,,3639.0,0.01601388168334961,0.031400000000000004,,,,,,,,1.0,,,,,1.0,,,1.0,0.0,0.0,,,,2.3212280000000005,48.956717264833195,0.6277984037693903
ideal_e1_adapt_vqe_B5_cad2_seed97,adapt_vqe,adapt_style_larger_active_space,ideal,e1,97,,B5,cadence_sweep,full_contract,parallel_fs,parallel_fs,,0.0,2,12,"{'G0': True, 'GA': True, 'GB': True, 'GC': True, 'GD': True, 'GE': True, 'GF': True, 'GH': True}",replay,True,True,False,False,2026-03-15T12:42:58+00:00,2026-03-15T12:42:58.988934+00:00,0.1.0,,3639.0,0.01601388168334961,0.031400000000000004,,,,,,,,1.0,,,,,1.0,,,1.0,0.0,0.0,,,,2.3212280000000005,48.956717264833195,0.6277984037693903
ideal_e1_adapt_vqe_B5_cad2_seed101,adapt_vqe,adapt_style_larger_active_space,ideal,e1,101,,B5,cadence_sweep,full_contract,parallel_fs,parallel_fs,,0.0,2,12,"{'G0': True, 'GA': True, 'GB': True, 'GC': True, 'GD': True, 'GE': True, 'GF': True, 'GH': True}",replay,True,True,False,False,2026-03-17T17:33:41+00:00,2026-03-17T17:33:41.988934+00:00,0.1.0,,3639.0,0.01601388168334961,0.031400000000000004,,,,,,,,1.0,,,,,1.0,,,1.0,0.0,0.0,,,,2.3212280000000005,48.956717264833195,0.6277984037693903
ideal_e1_adapt_vqe_B5_cad2_seed107,adapt_vqe,adapt_style_larger_active_space,ideal,e1,107,,B5,cadence_sweep,full_contract,parallel_fs,parallel_fs,,0.0,2,12,"{'G0': True, 'GA': True, 'GB': True, 'GC': True, 'GD': True, 'GE': True, 'GF': True, 'GH': True}",replay,True,True,False,False,2026-03-08T02:38:28+00:00,2026-03-08T02:38:28.988934+00:00,0.1.0,,3639.0,0.01601388168334961,0.031400000000000004,,,,,,,,1.0,,,,,1.0,,,1.0,0.0,0.0,,,,2.3212280000000005,48.956717264833195,0.6277984037693903
ideal_e1_adapt_vqe_B5_cad2_seed113,adapt_vqe,adapt_style_larger_active_space,ideal,e1,113,,B5,cadence_sweep,full_contract,parallel_fs,parallel_fs,,0.0,2,12,"{'G0': True, 'GA': True, 'GB': True, 'GC': True, 'GD': True, 'GE': True, 'GF': True, 'GH': True}",replay,True,True,False,False,2026-03-28T16:49:43+00:00,2026-03-28T16:49:43.988934+00:00,0.1.0,,3639.0,0.01601388168334961,0.031400000000000004,,,,,,,,1.0,,,,,1.0,,,1.0,0.0,0.0,,,,2.3212280000000005,48.956717264833195,0.6277984037693903
ideal_e1_adapt_vqe_B5_cad2_seed127,adapt_vqe,adapt_style_larger_active_space,ideal,e1,127,,B5,cadence_sweep,full_contract,parallel_fs,parallel_fs,,0.0,2,12,"{'G0': True, 'GA': True, 'GB': True, 'GC': True, 'GD': True, 'GE': True, 'GF': True, 'GH': True}",replay,True,True,False,False,2026-03-19T08:24:16+00:00,2026-03-19T08:24:16.988934+00:00,0.1.0,,3639.0,0.01601388168334961,0.031400000000000004,,,,,,,,1.0,,,,,1.0,,,1.0,0.0,0.0,,,,2.3212280000000005,48.956717264833195,0.6277984037693903
ideal_e1_adapt_vqe_B5_cad2_seed131,adapt_vqe,adapt_style_larger_active_space,ideal,e1,131,,B5,cadence_sweep,full_contract,parallel_fs,parallel_fs,,0.0,2,12,"{'G0': True, 'GA': True, 'GB': True, 'GC': True, 'GD': True, 'GE': True, 'GF': True, 'GH': True}",replay,True,True,False,False,2026-03-27T06:15:16+00:00,2026-03-27T06:15:16.988934+00:00,0.1.0,,3639.0,0.01601388168334961,0.031400000000000004,,,,,,,,1.0,,,,,1.0,,,1.0,0.0,0.0,,,,2.3212280000000005,48.956717264833195,0.6277984037693903
ideal_e1_adapt_vqe_B5_cad2_seed137,adapt_vqe,adapt_style_larger_active_space,ideal,e1,137,,B5,cadence_sweep,full_contract,parallel_fs,parallel_fs,,0.0,2,12,"{'G0': True, 'GA': True, 'GB': True, 'GC': True, 'GD': True, 'GE': True, 'GF': True, 'GH': True}",replay,True,True,False,False,2026-03-17T00:56:48+00:00,2026-03-17T00:56:48.988934+00:00,0.1.0,,3639.0,0.01601388168334961,0.031400000000000004,,,,,,,,1.0,,,,,1.0,,,1.0,0.0,0.0,,,,2.3212280000000005,48.956717264833195,0.6277984037693903
ideal_e1_adapt_vqe_B5_cad2_seed149,adapt_vqe,adapt_style_larger_active_space,ideal,e1,149,,B5,cadence_sweep,full_contract,parallel_fs,parallel_fs,,0.0,2,12,"{'G0': True, 'GA': True, 'GB': True, 'GC': True, 'GD': True, 'GE': True, 'GF': True, 'GH': True}",replay,True,True,False,False,2026-03-29T11:08:20+00:00,2026-03-29T11:08:20.988934+00:00,0.1.0,,3639.0,0.01601388168334961,0.031400000000000004,,,,,,,,1.0,,,,,1.0,,,1.0,0.0,0.0,,,,2.3212280000000005,48.956717264833195,0.6277984037693903
ideal_e1_adapt_vqe_B5_cad2_seed157,adapt_vqe,adapt_style_larger_active_space,ideal,e1,157,,B5,cadence_sweep,full_contract,parallel_fs,parallel_fs,,0.0,2,12,"{'G0': True, 'GA': True, 'GB': True, 'GC': True, 'GD': True, 'GE': True, 'GF': True, 'GH': True}",replay,True,True,False,False,2026-03-02T11:21:41+00:00,2026-03-02T11:21:41.988934+00:00,0.1.0,,3639.0,0.01601388168334961,0.031400000000000004,,,,,,,,1.0,,,,,1.0,,,1.0,0.0,0.0,,,,2.3212280000000005,48.956717264833195,0.6277984037693903
ideal_e1_adapt_vqe_B5_cad2_seed163,adapt_vqe,adapt_style_larger_active_space,ideal,e1,163,,B5,cadence_sweep,full_contract,parallel_fs,parallel_fs,,0.0,2,12,"{'G0': True, 'GA': True, 'GB': True, 'GC': True, 'GD': True, 'GE': True, 'GF': True, 'GH': True}",replay,True,True,False,False,2026-03-08T08:23:29+00:00,2026-03-08T08:23:29.988934+00:00,0.1.0,,3639.0,0.01601388168334961,0.031400000000000004,,,,,,,,1.0,,,,,1.0,,,1.0,0.0,0.0,,,,2.3212280000000005,48.956717264833195,0.6277984037693903
ideal_e1_adapt_vqe_B5_cad4_seed11,adapt_vqe,adapt_style_larger_active_space,ideal,e1,11,,B5,cadence_sweep,full_contract,parallel_fs,parallel_fs,,0.0,4,12,"{'G0': True, 'GA': True, 'GB': True, 'GC': True, 'GD': True, 'GE': True, 'GF': True, 'GH': True}",replay,True,True,False,False,2026-03-03T08:07:25+00:00,2026-03-03T08:07:25.988934+00:00,0.1.0,,3657.0,0.01601395034790039,0.031400000000000004,,,,,,,,1.0,,,,,1.0,,,1.0,0.0,0.0,,,,12.104383200000003,255.29159901640665,0.3611756479237047
ideal_e1_adapt_vqe_B5_cad4_seed17,adapt_vqe,adapt_style_larger_active_space,ideal,e1,17,,B5,cadence_sweep,full_contract,parallel_fs,parallel_fs,,0.0,4,12,"{'G0': True, 'GA': True, 'GB': True, 'GC': True, 'GD': True, 'GE': True, 'GF': True, 'GH': True}",replay,True,True,False,False,2026-03-12T02:06:04+00:00,2026-03-12T02:06:04.988934+00:00,0.1.0,,3657.0,0.01601395034790039,0.031400000000000004,,,,,,,,1.0,,,,,1.0,,,1.0,0.0,0.0,,,,12.104383200000003,255.29159901640665,0.3611756479237047
ideal_e1_adapt_vqe_B5_cad4_seed23,adapt_vqe,adapt_style_larger_active_space,ideal,e1,23,,B5,cadence_sweep,full_contract,parallel_fs,parallel_fs,,0.0,4,12,"{'G0': True, 'GA': True, 'GB': True, 'GC': True, 'GD': True, 'GE': True, 'GF': True, 'GH': True}",replay,True,True,False,False,2026-03-18T22:28:32+00:00,2026-03-18T22:28:32.988934+00:00,0.1.0,,3657.0,0.01601395034790039,0.031400000000000004,,,,,,,,1.0,,,,,1.0,,,1.0,0.0,0.0,,,,12.104383200000003,255.29159901640665,0.3611756479237047
ideal_e1_adapt_vqe_B5_cad4_seed31,adapt_vqe,adapt_style_larger_active_space,ideal,e1,31,,B5,cadence_sweep,full_contract,parallel_fs,parallel_fs,,0.0,4,12,"{'G0': True, 'GA': True, 'GB': True, 'GC': True, 'GD': True, 'GE': True, 'GF': True, 'GH': True}",replay,True,True,False,False,2026-03-04T17:53:28+00:00,2026-03-04T17:53:28.988934+00:00,0.1.0,,3657.0,0.01601395034790039,0.031400000000000004,,,,,,,,1.0,,,,,1.0,,,1.0,0.0,0.0,,,,12.104383200000003,255.29159901640665,0.3611756479237047
ideal_e1_adapt_vqe_B5_cad4_seed43,adapt_vqe,adapt_style_larger_active_space,ideal,e1,43,,B5,cadence_sweep,full_contract,parallel_fs,parallel_fs,,0.0,4,12,"{'G0': True, 'GA': True, 'GB': True, 'GC': True, 'GD': True, 'GE': True, 'GF': True, 'GH': True}",replay,True,True,False,False,2026-03-10T02:58:23+00:00,2026-03-10T02:58:23.988934+00:00,0.1.0,,3657.0,0.01601395034790039,0.031400000000000004,,,,,,,,1.0,,,,,1.0,,,1.0,0.0,0.0,,,,12.104383200000003,255.29159901640665,0.3611756479237047
ideal_e1_adapt_vqe_B5_cad4_seed59,adapt_vqe,adapt_style_larger_active_space,ideal,e1,59,,B5,cadence_sweep,full_contract,parallel_fs,parallel_fs,,0.0,4,12,"{'G0': True, 'GA': True, 'GB': True, 'GC': True, 'GD': True, 'GE': True, 'GF': True, 'GH': True}",replay,True,True,False,False,2026-03-27T18:37:24+00:00,2026-03-27T18:37:24.988934+00:00,0.1.0,,3657.0,0.01601395034790039,0.031400000000000004,,,,,,,,1.0,,,,,1.0,,,1.0,0.0,0.0,,,,12.104383200000003,255.29159901640665,0.3611756479237047
ideal_e1_adapt_vqe_B5_cad4_seed71,adapt_vqe,adapt_style_larger_active_space,ideal,e1,71,,B5,cadence_sweep,full_contract,parallel_fs,parallel_fs,,0.0,4,12,"{'G0': True, 'GA': True, 'GB': True, 'GC': True, 'GD': True, 'GE': True, 'GF': True, 'GH': True}",replay,True,True,False,False,2026-03-02T21:04:41+00:00,2026-03-02T21:04:41.988934+00:00,0.1.0,,3657.0,0.01601395034790039,0.031400000000000004,,,,,,,,1.0,,,,,1.0,,,1.0,0.0,0.0,,,,12.104383200000003,255.29159901640665,0.3611756479237047
ideal_e1_adapt_vqe_B5_cad4_seed83,adapt_vqe,adapt_style_larger_active_space,ideal,e1,83,,B5,cadence_sweep,full_contract,parallel_fs,parallel_fs,,0.0,4,12,"{'G0': True, 'GA': True, 'GB': True, 'GC': True, 'GD': True, 'GE': True, 'GF': True, 'GH': True}",replay,True,True,False,False,2026-03-06T05:26:41+00:00,2026-03-06T05:26:41.988934+00:00,0.1.0,,3657.0,0.01601395034790039,0.031400000000000004,,,,,,,,1.0,,,,,1.0,,,1.0,0.0,0.0,,,,12.104383200000003,255.29159901640665,0.3611756479237047
ideal_e1_adapt_vqe_B5_cad4_seed97,adapt_vqe,adapt_style_larger_active_space,ideal,e1,97,,B5,cadence_sweep,full_contract,parallel_fs,parallel_fs,,0.0,4,12,"{'G0': True, 'GA': True, 'GB': True, 'GC': True, 'GD': True, 'GE': True, 'GF': True, 'GH': True}",replay,True,True,False,False,2026-03-11T22:15:29+00:00,2026-03-11T22:15:29.988934+00:00,0.1.0,,3657.0,0.01601395034790039,0.031400000000000004,,,,,,,,1.0,,,,,1.0,,,1.0,0.0,0.0,,,,12.104383200000003,255.29159901640665,0.3611756479237047
ideal_e1_adapt_vqe_B5_cad4_seed101,adapt_vqe,adapt_style_larger_active_space,ideal,e1,101,,B5,cadence_sweep,full_contract,parallel_fs,parallel_fs,,0.0,4,12,"{'G0': True, 'GA': True, 'GB': True, 'GC': True, 'GD': True, 'GE': True, 'GF': True, 'GH': True}",replay,True,True,False,False,2026-03-14T03:45:10+00:00,2026-03-14T03:45:10.988934+00:00,0.1.0,,3657.0,0.01601395034790039,0.031400000000000004,,,,,,,,1.0,,,,,1.0,,,1.0,0.0,0.0,,,,12.104383200000003,255.29159901640665,0.3611756479237047
ideal_e1_adapt_vqe_B5_cad4_seed107,adapt_vqe,adapt_style_larger_active_space,ideal,e1,107,,B5,cadence_sweep,full_contract,parallel_fs,parallel_fs,,0.0,4,12,"{'G0': True, 'GA': True, 'GB': True, 'GC': True, 'GD': True, 'GE': True, 'GF': True, 'GH': True}",replay,True,True,False,False,2026-03-29T18:44:37+00:00,2026-03-29T18:44:37.988934+00:00,0.1.0,,3657.0,0.01601395034790039,0.031400000000000004,,,,,,,,1.0,,,,,1.0,,,1.0,0.0,0.0,,,,12.104383200000003,255.29159901640665,0.3611756479237047
ideal_e1_adapt_vqe_B5_cad4_seed113,adapt_vqe,adapt_style_larger_active_space,ideal,e1,113,,B5,cadence_sweep,full_contract,parallel_fs,parallel_fs,,0.0,4,12,"{'G0': True, 'GA': True, 'GB': True, 'GC': True, 'GD': True, 'GE': True, 'GF': True, 'GH': True}",replay,True,True,False,False,2026-03-07T16:03:00+00:00,2026-03-07T16:03:00.988934+00:00,0.1.0,,3657.0,0.01601395034790039,0.031400000000000004,,,,,,,,1.0,,,,,1.0,,,1.0,0.0,0.0,,,,12.104383200000003,255.29159901640665,0.3611756479237047
ideal_e1_adapt_vqe_B5_cad4_seed127,adapt_vqe,adapt_style_larger_active_space,ideal,e1,127,,B5,cadence_sweep,full_contract,parallel_fs,parallel_fs,,0.0,4,12,"{'G0': True, 'GA': True, 'GB': True, 'GC': True, 'GD': True, 'GE': True, 'GF': True, 'GH': True}",replay,True,True,False,False,2026-03-20T15:37:35+00:00,2026-03-20T15:37:35.988934+00:00,0.1.0,,3657.0,0.01601395034790039,0.031400000000000004,,,,,,,,1.0,,,,,1.0,,,1.0,0.0,0.0,,,,12.104383200000003,255.29159901640665,0.3611756479237047
ideal_e1_adapt_vqe_B5_cad4_seed131,adapt_vqe,adapt_style_larger_active_space,ideal,e1,131,,B5,cadence_sweep,full_contract,parallel_fs,parallel_fs,,0.0,4,12,"{'G0': True, 'GA': True, 'GB': True, 'GC': True, 'GD': True, 'GE': True, 'GF': True, 'GH': True}",replay,True,True,False,False,2026-03-18T14:45:23+00:00,2026-03-18T14:45:23.988934+00:00,0.1.0,,3657.0,0.01601395034790039,0.031400000000000004,,,,,,,,1.0,,,,,1.0,,,1.0,0.0,0.0,,,,12.104383200000003,255.29159901640665,0.3611756479237047
ideal_e1_adapt_vqe_B5_cad4_seed137,adapt_vqe,adapt_style_larger_active_space,ideal,e1,137,,B5,cadence_sweep,full_contract,parallel_fs,parallel_fs,,0.0,4,12,"{'G0': True, 'GA': True, 'GB': True, 'GC': True, 'GD': True, 'GE': True, 'GF': True, 'GH': True}",replay,True,True,False,False,2026-03-25T06:15:36+00:00,2026-03-25T06:15:36.988934+00:00,0.1.0,,3657.0,0.01601395034790039,0.031400000000000004,,,,,,,,1.0,,,,,1.0,,,1.0,0.0,0.0,,,,12.104383200000003,255.29159901640665,0.3611756479237047
ideal_e1_adapt_vqe_B5_cad4_seed149,adapt_vqe,adapt_style_larger_active_space,ideal,e1,149,,B5,cadence_sweep,full_contract,parallel_fs,parallel_fs,,0.0,4,12,"{'G0': True, 'GA': True, 'GB': True, 'GC': True, 'GD': True, 'GE': True, 'GF': True, 'GH': True}",replay,True,True,False,False,2026-03-18T09:19:11+00:00,2026-03-18T09:19:11.988934+00:00,0.1.0,,3657.0,0.01601395034790039,0.031400000000000004,,,,,,,,1.0,,,,,1.0,,,1.0,0.0,0.0,,,,12.104383200000003,255.29159901640665,0.3611756479237047
ideal_e1_adapt_vqe_B5_cad4_seed157,adapt_vqe,adapt_style_larger_active_space,ideal,e1,157,,B5,cadence_sweep,full_contract,parallel_fs,parallel_fs,,0.0,4,12,"{'G0': True, 'GA': True, 'GB': True, 'GC': True, 'GD': True, 'GE': True, 'GF': True, 'GH': True}",replay,True,True,False,False,2026-03-18T22:50:10+00:00,2026-03-18T22:50:10.988934+00:00,0.1.0,,3657.0,0.01601395034790039,0.031400000000000004,,,,,,,,1.0,,,,,1.0,,,1.0,0.0,0.0,,,,12.104383200000003,255.29159901640665,0.3611756479237047
ideal_e1_adapt_vqe_B5_cad4_seed163,adapt_vqe,adapt_style_larger_active_space,ideal,e1,163,,B5,cadence_sweep,full_contract,parallel_fs,parallel_fs,,0.0,4,12,"{'G0': True, 'GA': True, 'GB': True, 'GC': True, 'GD': True, 'GE': True, 'GF': True, 'GH': True}",replay,True,True,False,False,2026-03-18T01:26:59+00:00,2026-03-18T01:26:59.988934+00:00,0.1.0,,3657.0,0.01601395034790039,0.031400000000000004,,,,,,,,1.0,,,,,1.0,,,1.0,0.0,0.0,,,,12.104383200000003,255.29159901640665,0.3611756479237047
ideal_e1_adapt_vqe_B5_cad8_seed11,adapt_vqe,adapt_style_larger_active_space,ideal,e1,11,,B5,cadence_sweep,full_contract,parallel_fs,parallel_fs,,0.0,8,12,"{'G0': True, 'GA': True, 'GB': True, 'GC': True, 'GD': True, 'GE': True, 'GF': True, 'GH': True}",replay,True,True,False,False,2026-03-30T08:31:13+00:00,2026-03-30T08:31:13.988934+00:00,0.1.0,,3693.0,0.016014087677001954,0.031400000000000004,,,,,,,,1.0,,,,,1.0,,,1.0,0.0,0.0,,,,52.2334904,1101.6449532010224,0.19529565748204802
ideal_e1_adapt_vqe_B5_cad8_seed17,adapt_vqe,adapt_style_larger_active_space,ideal,e1,17,,B5,cadence_sweep,full_contract,parallel_fs,parallel_fs,,0.0,8,12,"{'G0': True, 'GA': True, 'GB': True, 'GC': True, 'GD': True, 'GE': True, 'GF': True, 'GH': True}",replay,True,True,False,False,2026-03-08T12:00:50+00:00,2026-03-08T12:00:50.988934+00:00,0.1.0,,3693.0,0.016014087677001954,0.031400000000000004,,,,,,,,1.0,,,,,1.0,,,1.0,0.0,0.0,,,,52.2334904,1101.6449532010224,0.19529565748204802
ideal_e1_adapt_vqe_B5_cad8_seed23,adapt_vqe,adapt_style_larger_active_space,ideal,e1,23,,B5,cadence_sweep,full_contract,parallel_fs,parallel_fs,,0.0,8,12,"{'G0': True, 'GA': True, 'GB': True, 'GC': True, 'GD': True, 'GE': True, 'GF': True, 'GH': True}",replay,True,True,False,False,2026-03-19T17:03:35+00:00,2026-03-19T17:03:35.988934+00:00,0.1.0,,3693.0,0.016014087677001954,0.031400000000000004,,,,,,,,1.0,,,,,1.0,,,1.0,0.0,0.0,,,,52.2334904,1101.6449532010224,0.19529565748204802
ideal_e1_adapt_vqe_B5_cad8_seed31,adapt_vqe,adapt_style_larger_active_space,ideal,e1,31,,B5,cadence_sweep,full_contract,parallel_fs,parallel_fs,,0.0,8,12,"{'G0': True, 'GA': True, 'GB': True, 'GC': True, 'GD': True, 'GE': True, 'GF': True, 'GH': True}",replay,True,True,False,False,2026-03-16T15:47:02+00:00,2026-03-16T15:47:02.988934+00:00,0.1.0,,3693.0,0.016014087677001954,0.031400000000000004,,,,,,,,1.0,,,,,1.0,,,1.0,0.0,0.0,,,,52.2334904,1101.6449532010224,0.19529565748204802
ideal_e1_adapt_vqe_B5_cad8_seed43,adapt_vqe,adapt_style_larger_active_space,ideal,e1,43,,B5,cadence_sweep,full_contract,parallel_fs,parallel_fs,,0.0,8,12,"{'G0': True, 'GA': True, 'GB': True, 'GC': True, 'GD': True, 'GE': True, 'GF': True, 'GH': True}",replay,True,True,False,False,2026-03-16T05:37:25+00:00,2026-03-16T05:37:25.988934+00:00,0.1.0,,3693.0,0.016014087677001954,0.031400000000000004,,,,,,,,1.0,,,,,1.0,,,1.0,0.0,0.0,,,,52.2334904,1101.6449532010224,0.19529565748204802
ideal_e1_adapt_vqe_B5_cad8_seed59,adapt_vqe,adapt_style_larger_active_space,ideal,e1,59,,B5,cadence_sweep,full_contract,parallel_fs,parallel_fs,,0.0,8,12,"{'G0': True, 'GA': True, 'GB': True, 'GC': True, 'GD': True, 'GE': True, 'GF': True, 'GH': True}",replay,True,True,False,False,2026-03-27T17:04:55+00:00,2026-03-27T17:04:55.988934+00:00,0.1.0,,3693.0,0.016014087677001954,0.031400000000000004,,,,,,,,1.0,,,,,1.0,,,1.0,0.0,0.0,,,,52.2334904,1101.6449532010224,0.19529565748204802
ideal_e1_adapt_vqe_B5_cad8_seed71,adapt_vqe,adapt_style_larger_active_space,ideal,e1,71,,B5,cadence_sweep,full_contract,parallel_fs,parallel_fs,,0.0,8,12,"{'G0': True, 'GA': True, 'GB': True, 'GC': True, 'GD': True, 'GE': True, 'GF': True, 'GH': True}",replay,True,True,False,False,2026-03-05T12:26:07+00:00,2026-03-05T12:26:07.988934+00:00,0.1.0,,3693.0,0.016014087677001954,0.031400000000000004,,,,,,,,1.0,,,,,1.0,,,1.0,0.0,0.0,,,,52.2334904,1101.6449532010224,0.19529565748204802
ideal_e1_adapt_vqe_B5_cad8_seed83,adapt_vqe,adapt_style_larger_active_space,ideal,e1,83,,B5,cadence_sweep,full_contract,parallel_fs,parallel_fs,,0.0,8,12,"{'G0': True, 'GA': True, 'GB': True, 'GC': True, 'GD': True, 'GE': True, 'GF': True, 'GH': True}",replay,True,True,False,False,2026-03-02T06:18:33+00:00,2026-03-02T06:18:33.988934+00:00,0.1.0,,3693.0,0.016014087677001954,0.031400000000000004,,,,,,,,1.0,,,,,1.0,,,1.0,0.0,0.0,,,,52.2334904,1101.6449532010224,0.19529565748204802
ideal_e1_adapt_vqe_B5_cad8_seed97,adapt_vqe,adapt_style_larger_active_space,ideal,e1,97,,B5,cadence_sweep,full_contract,parallel_fs,parallel_fs,,0.0,8,12,"{'G0': True, 'GA': True, 'GB': True, 'GC': True, 'GD': True, 'GE': True, 'GF': True, 'GH': True}",replay,True,True,False,False,2026-03-29T04:39:25+00:00,2026-03-29T04:39:25.988934+00:00,0.1.0,,3693.0,0.016014087677001954,0.031400000000000004,,,,,,,,1.0,,,,,1.0,,,1.0,0.0,0.0,,,,52.2334904,1101.6449532010224,0.19529565748204802
ideal_e1_adapt_vqe_B5_cad8_seed101,adapt_vqe,adapt_style_larger_active_space,ideal,e1,101,,B5,cadence_sweep,full_contract,parallel_fs,parallel_fs,,0.0,8,12,"{'G0': True, 'GA': True, 'GB': True, 'GC': True, 'GD': True, 'GE': True, 'GF': True, 'GH': True}",replay,True,True,False,False,2026-03-29T01:48:45+00:00,2026-03-29T01:48:45.988934+00:00,0.1.0,,3693.0,0.016014087677001954,0.031400000000000004,,,,,,,,1.0,,,,,1.0,,,1.0,0.0,0.0,,,,52.2334904,1101.6449532010224,0.19529565748204802
ideal_e1_adapt_vqe_B5_cad8_seed107,adapt_vqe,adapt_style_larger_active_space,ideal,e1,107,,B5,cadence_sweep,full_contract,parallel_fs,parallel_fs,,0.0,8,12,"{'G0': True, 'GA': True, 'GB': True, 'GC': True, 'GD': True, 'GE': True, 'GF': True, 'GH': True}",replay,True,True,False,False,2026-03-09T03:35:21+00:00,2026-03-09T03:35:21.988934+00:00,0.1.0,,3693.0,0.016014087677001954,0.031400000000000004,,,,,,,,1.0,,,,,1.0,,,1.0,0.0,0.0,,,,52.2334904,1101.6449532010224,0.19529565748204802
ideal_e1_adapt_vqe_B5_cad8_seed113,adapt_vqe,adapt_style_larger_active_space,ideal,e1,113,,B5,cadence_sweep,full_contract,parallel_fs,parallel_fs,,0.0,8,12,"{'G0': True, 'GA': True, 'GB': True, 'GC': True, 'GD': True, 'GE': True, 'GF': True, 'GH': True}",replay,True,True,False,False,2026-03-17T14:14:43+00:00,2026-03-17T14:14:43.988934+00:00,0.1.0,,3693.0,0.016014087677001954,0.031400000000000004,,,,,,,,1.0,,,,,1.0,,,1.0,0.0,0.0,,,,52.2334904,1101.6449532010224,0.19529565748204802
ideal_e1_adapt_vqe_B5_cad8_seed127,adapt_vqe,adapt_style_larger_active_space,ideal,e1,127,,B5,cadence_sweep,full_contract,parallel_fs,parallel_fs,,0.0,8,12,"{'G0': True, 'GA': True, 'GB': True, 'GC': True, 'GD': True, 'GE': True, 'GF': True, 'GH': True}",replay,True,True,False,False,2026-03-03T10:45:06+00:00,2026-03-03T10:45:06.988934+00:00,0.1.0,,3693.0,0.016014087677001954,0.031400000000000004,,,,,,,,1.0,,,,,1.0,,,1.0,0.0,0.0,,,,52.2334904,1101.6449532010224,0.19529565748204802
ideal_e1_adapt_vqe_B5_cad8_seed131,adapt_vqe,adapt_style_larger_active_space,ideal,e1,131,,B5,cadence_sweep,full_contract,parallel_fs,parallel_fs,,0.0,8,12,"{'G0': True, 'GA': True, 'GB': True, 'GC': True, 'GD': True, 'GE': True, 'GF': True, 'GH': True}",replay,True,True,False,False,2026-03-21T06:26:47+00:00,2026-03-21T06:26:47.988934+00:00,0.1.0,,3693.0,0.016014087677001954,0.031400000000000004,,,,,,,,1.0,,,,,1.0,,,1.0,0.0,0.0,,,,52.2334904,1101.6449532010224,0.19529565748204802
ideal_e1_adapt_vqe_B5_cad8_seed137,adapt_vqe,adapt_style_larger_active_space,ideal,e1,137,,B5,cadence_sweep,full_contract,parallel_fs,parallel_fs,,0.0,8,12,"{'G0': True, 'GA': True, 'GB': True, 'GC': True, 'GD': True, 'GE': True, 'GF': True, 'GH': True}",replay,True,True,False,False,2026-03-05T18:45:06+00:00,2026-03-05T18:45:06.988934+00:00,0.1.0,,3693.0,0.016014087677001954,0.031400000000000004,,,,,,,,1.0,,,,,1.0,,,1.0,0.0,0.0,,,,52.2334904,1101.6449532010224,0.19529565748204802
ideal_e1_adapt_vqe_B5_cad8_seed149,adapt_vqe,adapt_style_larger_active_space,ideal,e1,149,,B5,cadence_sweep,full_contract,parallel_fs,parallel_fs,,0.0,8,12,"{'G0': True, 'GA': True, 'GB': True, 'GC': True, 'GD': True, 'GE': True, 'GF': True, 'GH': True}",replay,True,True,False,False,2026-03-08T04:47:41+00:00,2026-03-08T04:47:41.988934+00:00,0.1.0,,3693.0,0.016014087677001954,0.031400000000000004,,,,,,,,1.0,,,,,1.0,,,1.0,0.0,0.0,,,,52.2334904,1101.6449532010224,0.19529565748204802
ideal_e1_adapt_vqe_B5_cad8_seed157,adapt_vqe,adapt_style_larger_active_space,ideal,e1,157,,B5,cadence_sweep,full_contract,parallel_fs,parallel_fs,,0.0,8,12,"{'G0': True, 'GA': True, 'GB': True, 'GC': True, 'GD': True, 'GE': True, 'GF': True, 'GH': True}",replay,True,True,False,False,2026-03-01T23:00:07+00:00,2026-03-01T23:00:07.988934+00:00,0.1.0,,3693.0,0.016014087677001954,0.031400000000000004,,,,,,,,1.0,,,,,1.0,,,1.0,0.0,0.0,,,,52.2334904,1101.6449532010224,0.19529565748204802
ideal_e1_adapt_vqe_B5_cad8_seed163,adapt_vqe,adapt_style_larger_active_space,ideal,e1,163,,B5,cadence_sweep,full_contract,parallel_fs,parallel_fs,,0.0,8,12,"{'G0': True, 'GA': True, 'GB': True, 'GC': True, 'GD': True, 'GE': True, 'GF': True, 'GH': True}",replay,True,True,False,False,2026-03-06T15:28:10+00:00,2026-03-06T15:28:10.988934+00:00,0.1.0,,3693.0,0.016014087677001954,0.031400000000000004,,,,,,,,1.0,,,,,1.0,,,1.0,0.0,0.0,,,,52.2334904,1101.6449532010224,0.19529565748204802
ideal_e1_adapt_vqe_B5_cad16_seed11,adapt_vqe,adapt_style_larger_active_space,ideal,e1,11,,B5,cadence_sweep,full_contract,parallel_fs,parallel_fs,,0.0,16,12,"{'G0': True, 'GA': True, 'GB': True, 'GC': True, 'GD': True, 'GE': True, 'GF': True, 'GH': True}",replay,True,True,False,False,2026-03-02T08:44:32+00:00,2026-03-02T08:44:32.988934+00:00,0.1.0,,3765.0,0.01601436233520508,0.031400000000000004,,,,,,,,1.0,,,,,1.0,,,1.0,0.0,0.0,,,,214.74289200000004,4529.068438837862,0.10179431032136296
ideal_e1_adapt_vqe_B5_cad16_seed17,adapt_vqe,adapt_style_larger_active_space,ideal,e1,17,,B5,cadence_sweep,full_contract,parallel_fs,parallel_fs,,0.0,16,12,"{'G0': True, 'GA': True, 'GB': True, 'GC': True, 'GD': True, 'GE': True, 'GF': True, 'GH': True}",replay,True,True,False,False,2026-03-28T11:22:30+00:00,2026-03-28T11:22:30.988934+00:00,0.1.0,,3765.0,0.01601436233520508,0.031400000000000004,,,,,,,,1.0,,,,,1.0,,,1.0,0.0,0.0,,,,214.74289200000004,4529.068438837862,0.10179431032136296
ideal_e1_adapt_vqe_B5_cad16_seed23,adapt_vqe,adapt_style_larger_active_space,ideal,e1,23,,B5,cadence_sweep,full_contract,parallel_fs,parallel_fs,,0.0,16,12,"{'G0': True, 'GA': True, 'GB': True, 'GC': True, 'GD': True, 'GE': True, 'GF': True, 'GH': True}",replay,True,True,False,False,2026-03-08T16:32:48+00:00,2026-03-08T16:32:48.988934+00:00,0.1.0,,3765.0,0.01601436233520508,0.031400000000000004,,,,,,,,1.0,,,,,1.0,,,1.0,0.0,0.0,,,,214.74289200000004,4529.068438837862,0.10179431032136296
ideal_e1_adapt_vqe_B5_cad16_seed31,adapt_vqe,adapt_style_larger_active_space,ideal,e1,31,,B5,cadence_sweep,full_contract,parallel_fs,parallel_fs,,0.0,16,12,"{'G0': True, 'GA': True, 'GB': True, 'GC': True, 'GD': True, 'GE': True, 'GF': True, 'GH': True}",replay,True,True,False,False,2026-03-04T12:37:44+00:00,2026-03-04T12:37:44.988934+00:00,0.1.0,,3765.0,0.01601436233520508,0.031400000000000004,,,,,,,,1.0,,,,,1.0,,,1.0,0.0,0.0,,,,214.74289200000004,4529.068438837862,0.10179431032136296
ideal_e1_adapt_vqe_B5_cad16_seed43,adapt_vqe,adapt_style_larger_active_space,ideal,e1,43,,B5,cadence_sweep,full_contract,parallel_fs,parallel_fs,,0.0,16,12,"{'G0': True, 'GA': True, 'GB': True, 'GC': True, 'GD': True, 'GE': True, 'GF': True, 'GH': True}",replay,True,True,False,False,2026-03-16T06:30:06+00:00,2026-03-16T06:30:06.988934+00:00,0.1.0,,3765.0,0.01601436233520508,0.031400000000000004,,,,,,,,1.0,,,,,1.0,,,1.0,0.0,0.0,,,,214.74289200000004,4529.068438837862,0.10179431032136296
ideal_e1_adapt_vqe_B5_cad16_seed59,adapt_vqe,adapt_style_larger_active_space,ideal,e1,59,,B5,cadence_sweep,full_contract,parallel_fs,parallel_fs,,0.0,16,12,"{'G0': True, 'GA': True, 'GB': True, 'GC': True, 'GD': True, 'GE': True, 'GF': True, 'GH': True}",replay,True,True,False,False,2026-03-08T02:19:39+00:00,2026-03-08T02:19:39.988934+00:00,0.1.0,,3765.0,0.01601436233520508,0.031400000000000004,,,,,,,,1.0,,,,,1.0,,,1.0,0.0,0.0,,,,214.74289200000004,4529.068438837862,0.10179431032136296
ideal_e1_adapt_vqe_B5_cad16_seed71,adapt_vqe,adapt_style_larger_active_space,ideal,e1,71,,B5,cadence_sweep,full_contract,parallel_fs,parallel_fs,,0.0,16,12,"{'G0': True, 'GA': True, 'GB': True, 'GC': True, 'GD': True, 'GE': True, 'GF': True, 'GH': True}",replay,True,True,False,False,2026-03-30T20:29:14+00:00,2026-03-30T20:29:14.988934+00:00,0.1.0,,3765.0,0.01601436233520508,0.031400000000000004,,,,,,,,1.0,,,,,1.0,,,1.0,0.0,0.0,,,,214.74289200000004,4529.068438837862,0.10179431032136296
ideal_e1_adapt_vqe_B5_cad16_seed83,adapt_vqe,adapt_style_larger_active_space,ideal,e1,83,,B5,cadence_sweep,full_contract,parallel_fs,parallel_fs,,0.0,16,12,"{'G0': True, 'GA': True, 'GB': True, 'GC': True, 'GD': True, 'GE': True, 'GF': True, 'GH': True}",replay,True,True,False,False,2026-03-29T13:29:28+00:00,2026-03-29T13:29:28.988934+00:00,0.1.0,,3765.0,0.01601436233520508,0.031400000000000004,,,,,,,,1.0,,,,,1.0,,,1.0,0.0,0.0,,,,214.74289200000004,4529.068438837862,0.10179431032136296
ideal_e1_adapt_vqe_B5_cad16_seed97,adapt_vqe,adapt_style_larger_active_space,ideal,e1,97,,B5,cadence_sweep,full_contract,parallel_fs,parallel_fs,,0.0,16,12,"{'G0': True, 'GA': True, 'GB': True, 'GC': True, 'GD': True, 'GE': True, 'GF': True, 'GH': True}",replay,True,True,False,False,2026-03-03T19:55:35+00:00,2026-03-03T19:55:35.988934+00:00,0.1.0,,3765.0,0.01601436233520508,0.031400000000000004,,,,,,,,1.0,,,,,1.0,,,1.0,0.0,0.0,,,,214.74289200000004,4529.068438837862,0.10179431032136296
ideal_e1_adapt_vqe_B5_cad16_seed101,adapt_vqe,adapt_style_larger_active_space,ideal,e1,101,,B5,cadence_sweep,full_contract,parallel_fs,parallel_fs,,0.0,16,12,"{'G0': True, 'GA': True, 'GB': True, 'GC': True, 'GD': True, 'GE': True, 'GF': True, 'GH': True}",replay,True,True,False,False,2026-03-03T01:08:20+00:00,2026-03-03T01:08:20.988934+00:00,0.1.0,,3765.0,0.01601436233520508,0.031400000000000004,,,,,,,,1.0,,,,,1.0,,,1.0,0.0,0.0,,,,214.74289200000004,4529.068438837862,0.10179431032136296
ideal_e1_adapt_vqe_B5_cad16_seed107,adapt_vqe,adapt_style_larger_active_space,ideal,e1,107,,B5,cadence_sweep,full_contract,parallel_fs,parallel_fs,,0.0,16,12,"{'G0': True, 'GA': True, 'GB': True, 'GC': True, 'GD': True, 'GE': True, 'GF': True, 'GH': True}",replay,True,True,False,False,2026-03-25T07:31:28+00:00,2026-03-25T07:31:28.988934+00:00,0.1.0,,3765.0,0.01601436233520508,0.031400000000000004,,,,,,,,1.0,,,,,1.0,,,1.0,0.0,0.0,,,,214.74289200000004,4529.068438837862,0.10179431032136296
ideal_e1_adapt_vqe_B5_cad16_seed113,adapt_vqe,adapt_style_larger_active_space,ideal,e1,113,,B5,cadence_sweep,full_contract,parallel_fs,parallel_fs,,0.0,16,12,"{'G0': True, 'GA': True, 'GB': True, 'GC': True, 'GD': True, 'GE': True, 'GF': True, 'GH': True}",replay,True,True,False,False,2026-03-05T15:35:46+00:00,2026-03-05T15:35:46.988934+00:00,0.1.0,,3765.0,0.01601436233520508,0.031400000000000004,,,,,,,,1.0,,,,,1.0,,,1.0,0.0,0.0,,,,214.74289200000004,4529.068438837862,0.10179431032136296
ideal_e1_adapt_vqe_B5_cad16_seed127,adapt_vqe,adapt_style_larger_active_space,ideal,e1,127,,B5,cadence_sweep,full_contract,parallel_fs,parallel_fs,,0.0,16,12,"{'G0': True, 'GA': True, 'GB': True, 'GC': True, 'GD': True, 'GE': True, 'GF': True, 'GH': True}",replay,True,True,False,False,2026-03-22T14:04:06+00:00,2026-03-22T14:04:06.988934+00:00,0.1.0,,3765.0,0.01601436233520508,0.031400000000000004,,,,,,,,1.0,,,,,1.0,,,1.0,0.0,0.0,,,,214.74289200000004,4529.068438837862,0.10179431032136296
ideal_e1_adapt_vqe_B5_cad16_seed131,adapt_vqe,adapt_style_larger_active_space,ideal,e1,131,,B5,cadence_sweep,full_contract,parallel_fs,parallel_fs,,0.0,16,12,"{'G0': True, 'GA': True, 'GB': True, 'GC': True, 'GD': True, 'GE': True, 'GF': True, 'GH': True}",replay,True,True,False,False,2026-03-20T02:38:54+00:00,2026-03-20T02:38:54.988934+00:00,0.1.0,,3765.0,0.01601436233520508,0.031400000000000004,,,,,,,,1.0,,,,,1.0,,,1.0,0.0,0.0,,,,214.74289200000004,4529.068438837862,0.10179431032136296
ideal_e1_adapt_vqe_B5_cad16_seed137,adapt_vqe,adapt_style_larger_active_space,ideal,e1,137,,B5,cadence_sweep,full_contract,parallel_fs,parallel_fs,,0.0,16,12,"{'G0': True, 'GA': True, 'GB': True, 'GC': True, 'GD': True, 'GE': True, 'GF': True, 'GH': True}",replay,True,True,False,False,2026-03-13T06:38:44+00:00,2026-03-13T06:38:44.988934+00:00,0.1.0,,3765.0,0.01601436233520508,0.031400000000000004,,,,,,,,1.0,,,,,1.0,,,1.0,0.0,0.0,,,,214.74289200000004,4529.068438837862,0.10179431032136296
ideal_e1_adapt_vqe_B5_cad16_seed149,adapt_vqe,adapt_style_larger_active_space,ideal,e1,149,,B5,cadence_sweep,full_contract,parallel_fs,parallel_fs,,0.0,16,12,"{'G0': True, 'GA': True, 'GB': True, 'GC': True, 'GD': True, 'GE': True, 'GF': True, 'GH': True}",replay,True,True,False,False,2026-03-15T14:08:25+00:00,2026-03-15T14:08:25.988934+00:00,0.1.0,,3765.0,0.01601436233520508,0.031400000000000004,,,,,,,,1.0,,,,,1.0,,,1.0,0.0,0.0,,,,214.74289200000004,4529.068438837862,0.10179431032136296
ideal_e1_adapt_vqe_B5_cad16_seed157,adapt_vqe,adapt_style_larger_active_space,ideal,e1,157,,B5,cadence_sweep,full_contract,parallel_fs,parallel_fs,,0.0,16,12,"{'G0': True, 'GA': True, 'GB': True, 'GC': True, 'GD': True, 'GE': True, 'GF': True, 'GH': True}",replay,True,True,False,False,2026-03-06T19:49:43+00:00,2026-03-06T19:49:43.988934+00:00,0.1.0,,3765.0,0.01601436233520508,0.031400000000000004,,,,,,,,1.0,,,,,1.0,,,1.0,0.0,0.0,,,,214.74289200000004,4529.068438837862,0.10179431032136296
ideal_e1_adapt_vqe_B5_cad16_seed163,adapt_vqe,adapt_style_larger_active_space,ideal,e1,163,,B5,cadence_sweep,full_contract,parallel_fs,parallel_fs,,0.0,16,12,"{'G0': True, 'GA': True, 'GB': True, 'GC': True, 'GD': True, 'GE': True, 'GF': True, 'GH': True}",replay,True,True,False,False,2026-03-30T06:23:05+00:00,2026-03-30T06:23:05.988934+00:00,0.1.0,,3765.0,0.01601436233520508,0.031400000000000004,,,,,,,,1.0,,,,,1.0,,,1.0,0.0,0.0,,,,214.74289200000004,4529.068438837862,0.10179431032136296
ideal_e1_adapt_vqe_B6_cad1_seed11,adapt_vqe,adapt_style_larger_active_space,ideal,e1,11,,B6,cadence_sweep,full_contract,parallel_fs,parallel_fs,,0.0,1,12,"{'G0': True, 'GA': True, 'GB': True, 'GC': True, 'GD': True, 'GE': True, 'GF': True, 'GH': True}",replay,True,True,False,False,2026-03-19T11:43:46+00:00,2026-03-19T11:43:46.988935+00:00,0.1.0,,3808.0,0.0160145263671875,0.031400000000000004,,,,,,,,1.0,,,,,1.0,,,1.0,0.0,0.0,,,,0.34866235,7.35349220405345,1.0908691495388105
ideal_e1_adapt_vqe_B6_cad1_seed17,adapt_vqe,adapt_style_larger_active_space,ideal,e1,17,,B6,cadence_sweep,full_contract,parallel_fs,parallel_fs,,0.0,1,12,"{'G0': True, 'GA': True, 'GB': True, 'GC': True, 'GD': True, 'GE': True, 'GF': True, 'GH': True}",replay,True,True,False,False,2026-03-19T03:51:30+00:00,2026-03-19T03:51:30.988935+00:00,0.1.0,,3808.0,0.0160145263671875,0.031400000000000004,,,,,,,,1.0,,,,,1.0,,,1.0,0.0,0.0,,,,0.34866235,7.35349220405345,1.0908691495388105
ideal_e1_adapt_vqe_B6_cad1_seed23,adapt_vqe,adapt_style_larger_active_space,ideal,e1,23,,B6,cadence_sweep,full_contract,parallel_fs,parallel_fs,,0.0,1,12,"{'G0': True, 'GA': True, 'GB': True, 'GC': True, 'GD': True, 'GE': True, 'GF': True, 'GH': True}",replay,True,True,False,False,2026-03-29T01:58:43+00:00,2026-03-29T01:58:43.988935+00:00,0.1.0,,3808.0,0.0160145263671875,0.031400000000000004,,,,,,,,1.0,,,,,1.0,,,1.0,0.0,0.0,,,,0.34866235,7.35349220405345,1.0908691495388105
ideal_e1_adapt_vqe_B6_cad1_seed31,adapt_vqe,adapt_style_larger_active_space,ideal,e1,31,,B6,cadence_sweep,full_contract,parallel_fs,parallel_fs,,0.0,1,12,"{'G0': True, 'GA': True, 'GB': True, 'GC': True, 'GD': True, 'GE': True, 'GF': True, 'GH': True}",replay,True,True,False,False,2026-03-20T06:48:35+00:00,2026-03-20T06:48:35.988935+00:00,0.1.0,,3808.0,0.0160145263671875,0.031400000000000004,,,,,,,,1.0,,,,,1.0,,,1.0,0.0,0.0,,,,0.34866235,7.35349220405345,1.0908691495388105
ideal_e1_adapt_vqe_B6_cad1_seed43,adapt_vqe,adapt_style_larger_active_space,ideal,e1,43,,B6,cadence_sweep,full_contract,parallel_fs,parallel_fs,,0.0,1,12,"{'G0': True, 'GA': True, 'GB': True, 'GC': True, 'GD': True, 'GE': True, 'GF': True, 'GH': True}",replay,True,True,False,False,2026-03-27T05:34:15+00:00,2026-03-27T05:34:15.988935+00:00,0.1.0,,3808.0,0.0160145263671875,0.031400000000000004,,,,,,,,1.0,,,,,1.0,,,1.0,0.0,0.0,,,,0.34866235,7.35349220405345,1.0908691495388105
ideal_e1_adapt_vqe_B6_cad1_seed59,adapt_vqe,adapt_style_larger_active_space,ideal,e1,59,,B6,cadence_sweep,full_contract,parallel_fs,parallel_fs,,0.0,1,12,"{'G0': True, 'GA': True, 'GB': True, 'GC': True, 'GD': True, 'GE': True, 'GF': True, 'GH': True}",replay,True,True,False,False,2026-03-18T05:47:58+00:00,2026-03-18T05:47:58.988935+00:00,0.1.0,,3808.0,0.0160145263671875,0.031400000000000004,,,,,,,,1.0,,,,,1.0,,,1.0,0.0,0.0,,,,0.34866235,7.35349220405345,1.0908691495388105
ideal_e1_adapt_vqe_B6_cad1_seed71,adapt_vqe,adapt_style_larger_active_space,ideal,e1,71,,B6,cadence_sweep,full_contract,parallel_fs,parallel_fs,,0.0,1,12,"{'G0': True, 'GA': True, 'GB': True, 'GC': True, 'GD': True, 'GE': True, 'GF': True, 'GH': True}",replay,True,True,False,False,2026-03-09T16:55:21+00:00,2026-03-09T16:55:21.988935+00:00,0.1.0,,3808.0,0.0160145263671875,0.031400000000000004,,,,,,,,1.0,,,,,1.0,,,1.0,0.0,0.0,,,,0.34866235,7.35349220405345,1.0908691495388105
ideal_e1_adapt_vqe_B6_cad1_seed83,adapt_vqe,adapt_style_larger_active_space,ideal,e1,83,,B6,cadence_sweep,full_contract,parallel_fs,parallel_fs,,0.0,1,12,"{'G0': True, 'GA': True, 'GB': True, 'GC': True, 'GD': True, 'GE': True, 'GF': True, 'GH': True}",replay,True,True,False,False,2026-03-16T13:03:13+00:00,2026-03-16T13:03:13.988935+00:00,0.1.0,,3808.0,0.0160145263671875,0.031400000000000004,,,,,,,,1.0,,,,,1.0,,,1.0,0.0,0.0,,,,0.34866235,7.35349220405345,1.0908691495388105
ideal_e1_adapt_vqe_B6_cad1_seed97,adapt_vqe,adapt_style_larger_active_space,ideal,e1,97,,B6,cadence_sweep,full_contract,parallel_fs,parallel_fs,,0.0,1,12,"{'G0': True, 'GA': True, 'GB': True, 'GC': True, 'GD': True, 'GE': True, 'GF': True, 'GH': True}",replay,True,True,False,False,2026-03-12T17:00:14+00:00,2026-03-12T17:00:14.988935+00:00,0.1.0,,3808.0,0.0160145263671875,0.031400000000000004,,,,,,,,1.0,,,,,1.0,,,1.0,0.0,0.0,,,,0.34866235,7.35349220405345,1.0908691495388105
ideal_e1_adapt_vqe_B6_cad1_seed101,adapt_vqe,adapt_style_larger_active_space,ideal,e1,101,,B6,cadence_sweep,full_contract,parallel_fs,parallel_fs,,0.0,1,12,"{'G0': True, 'GA': True, 'GB': True, 'GC': True, 'GD': True, 'GE': True, 'GF': True, 'GH': True}",replay,True,True,False,False,2026-03-06T04:12:34+00:00,2026-03-06T04:12:34.988935+00:00,0.1.0,,3808.0,0.0160145263671875,0.031400000000000004,,,,,,,,1.0,,,,,1.0,,,1.0,0.0,0.0,,,,0.34866235,7.35349220405345,1.0908691495388105
ideal_e1_adapt_vqe_B6_cad1_seed107,adapt_vqe,adapt_style_larger_active_space,ideal,e1,107,,B6,cadence_sweep,full_contract,parallel_fs,parallel_fs,,0.0,1,12,"{'G0': True, 'GA': True, 'GB': True, 'GC': True, 'GD': True, 'GE': True, 'GF': True, 'GH': True}",replay,True,True,False,False,2026-03-25T04:57:23+00:00,2026-03-25T04:57:23.988935+00:00,0.1.0,,3808.0,0.0160145263671875,0.031400000000000004,,,,,,,,1.0,,,,,1.0,,,1.0,0.0,0.0,,,,0.34866235,7.35349220405345,1.0908691495388105
ideal_e1_adapt_vqe_B6_cad1_seed113,adapt_vqe,adapt_style_larger_active_space,ideal,e1,113,,B6,cadence_sweep,full_contract,parallel_fs,parallel_fs,,0.0,1,12,"{'G0': True, 'GA': True, 'GB': True, 'GC': True, 'GD': True, 'GE': True, 'GF': True, 'GH': True}",replay,True,True,False,False,2026-03-02T09:48:52+00:00,2026-03-02T09:48:52.988935+00:00,0.1.0,,3808.0,0.0160145263671875,0.031400000000000004,,,,,,,,1.0,,,,,1.0,,,1.0,0.0,0.0,,,,0.34866235,7.35349220405345,1.0908691495388105
ideal_e1_adapt_vqe_B6_cad1_seed127,adapt_vqe,adapt_style_larger_active_space,ideal,e1,127,,B6,cadence_sweep,full_contract,parallel_fs,parallel_fs,,0.0,1,12,"{'G0': True, 'GA': True, 'GB': True, 'GC': True, 'GD': True, 'GE': True, 'GF': True, 'GH': True}",replay,True,True,False,False,2026-03-02T23:24:24+00:00,2026-03-02T23:24:24.988935+00:00,0.1.0,,3808.0,0.0160145263671875,0.031400000000000004,,,,,,,,1.0,,,,,1.0,,,1.0,0.0,0.0,,,,0.34866235,7.35349220405345,1.0908691495388105
ideal_e1_adapt_vqe_B6_cad1_seed131,adapt_vqe,adapt_style_larger_active_space,ideal,e1,131,,B6,cadence_sweep,full_contract,parallel_fs,parallel_fs,,0.0,1,12,"{'G0': True, 'GA': True, 'GB': True, 'GC': True, 'GD': True, 'GE': True, 'GF': True, 'GH': True}",replay,True,True,False,False,2026-03-22T21:27:44+00:00,2026-03-22T21:27:44.988935+00:00,0.1.0,,3808.0,0.0160145263671875,0.031400000000000004,,,,,,,,1.0,,,,,1.0,,,1.0,0.0,0.0,,,,0.34866235,7.35349220405345,1.0908691495388105
ideal_e1_adapt_vqe_B6_cad1_seed137,adapt_vqe,adapt_style_larger_active_space,ideal,e1,137,,B6,cadence_sweep,full_contract,parallel_fs,parallel_fs,,0.0,1,12,"{'G0': True, 'GA': True, 'GB': True, 'GC': True, 'GD': True, 'GE': True, 'GF': True, 'GH': True}",replay,True,True,False,False,2026-03-02T08:45:49+00:00,2026-03-02T08:45:49.988935+00:00,0.1.0,,3808.0,0.0160145263671875,0.031400000000000004,,,,,,,,1.0,,,,,1.0,,,1.0,0.0,0.0,,,,0.34866235,7.35349220405345,1.0908691495388105
ideal_e1_adapt_vqe_B6_cad1_seed149,adapt_vqe,adapt_style_larger_active_space,ideal,e1,149,,B6,cadence_sweep,full_contract,parallel_fs,parallel_fs,,0.0,1,12,"{'G0': True, 'GA': True, 'GB': True, 'GC': True, 'GD': True, 'GE': True, 'GF': True, 'GH': True}",replay,True,True,False,False,2026-03-28T05:56:21+00:00,2026-03-28T05:56:21.988935+00:00,0.1.0,,3808.0,0.0160145263671875,0.031400000000000004,,,,,,,,1.0,,,,,1.0,,,1.0,0.0,0.0,,,,0.34866235,7.35349220405345,1.0908691495388105
ideal_e1_adapt_vqe_B6_cad1_seed157,adapt_vqe,adapt_style_larger_active_space,ideal,e1,157,,B6,cadence_sweep,full_contract,parallel_fs,parallel_fs,,0.0,1,12,"{'G0': True, 'GA': True, 'GB': True, 'GC': True, 'GD': True, 'GE': True, 'GF': True, 'GH': True}",replay,True,True,False,False,2026-03-03T19:40:55+00:00,2026-03-03T19:40:55.988935+00:00,0.1.0,,3808.0,0.0160145263671875,0.031400000000000004,,,,,,,,1.0,,,,,1.0,,,1.0,0.0,0.0,,,,0.34866235,7.35349220405345,1.0908691495388105
ideal_e1_adapt_vqe_B6_cad1_seed163,adapt_vqe,adapt_style_larger_active_space,ideal,e1,163,,B6,cadence_sweep,full_contract,parallel_fs,parallel_fs,,0.0,1,12,"{'G0': True, 'GA': True, 'GB': True, 'GC': True, 'GD': True, 'GE': True, 'GF': True, 'GH': True}",replay,True,True,False,False,2026-03-22T08:34:12+00:00,2026-03-22T08:34:12.988935+00:00,0.1.0,,3808.0,0.0160145263671875,0.031400000000000004,,,,,,,,1.0,,,,,1.0,,,1.0,0.0,0.0,,,,0.34866235,7.35349220405345,1.0908691495388105
ideal_e1_adapt_vqe_B6_cad2_seed11,adapt_vqe,adapt_style_larger_active_space,ideal,e1,11,,B6,cadence_sweep,full_contract,parallel_fs,parallel_fs,,0.0,2,12,"{'G0': True, 'GA': True, 'GB': True, 'GC': True, 'GD': True, 'GE': True, 'GF': True, 'GH': True}",replay,True,True,False,False,2026-03-07T21:48:11+00:00,2026-03-07T21:48:11.988935+00:00,0.1.0,,3818.0,0.016014564514160157,0.031400000000000004,,,,,,,,1.0,,,,,1.0,,,1.0,0.0,0.0,,,,2.2890934,48.278275324375734,0.6646227842189466
ideal_e1_adapt_vqe_B6_cad2_seed17,adapt_vqe,adapt_style_larger_active_space,ideal,e1,17,,B6,cadence_sweep,full_contract,parallel_fs,parallel_fs,,0.0,2,12,"{'G0': True, 'GA': True, 'GB': True, 'GC': True, 'GD': True, 'GE': True, 'GF': True, 'GH': True}",replay,True,True,False,False,2026-03-28T15:19:58+00:00,2026-03-28T15:19:58.988935+00:00,0.1.0,,3818.0,0.016014564514160157,0.031400000000000004,,,,,,,,1.0,,,,,1.0,,,1.0,0.0,0.0,,,,2.2890934,48.278275324375734,0.6646227842189466
ideal_e1_adapt_vqe_B6_cad2_seed23,adapt_vqe,adapt_style_larger_active_space,ideal,e1,23,,B6,cadence_sweep,full_contract,parallel_fs,parallel_fs,,0.0,2,12,"{'G0': True, 'GA': True, 'GB': True, 'GC': True, 'GD': True, 'GE': True, 'GF': True, 'GH': True}",replay,True,True,False,False,2026-03-12T05:16:17+00:00,2026-03-12T05:16:17.988935+00:00,0.1.0,,3818.0,0.016014564514160157,0.031400000000000004,,,,,,,,1.0,,,,,1.0,,,1.0,0.0,0.0,,,,2.2890934,48.278275324375734,0.6646227842189466
ideal_e1_adapt_vqe_B6_cad2_seed31,adapt_vqe,adapt_style_larger_active_space,ideal,e1,31,,B6,cadence_sweep,full_contract,parallel_fs,parallel_fs,,0.0,2,12,"{'G0': True, 'GA': True, 'GB': True, 'GC': True, 'GD': True, 'GE': True, 'GF': True, 'GH': True}",replay,True,True,False,False,2026-03-12T07:10:57+00:00,2026-03-12T07:10:57.988935+00:00,0.1.0,,3818.0,0.016014564514160157,0.031400000000000004,,,,,,,,1.0,,,,,1.0,,,1.0,0.0,0.0,,,,2.2890934,48.278275324375734,0.6646227842189466
ideal_e1_adapt_vqe_B6_cad2_seed43,adapt_vqe,adapt_style_larger_active_space,ideal,e1,43,,B6,cadence_sweep,full_contract,parallel_fs,parallel_fs,,0.0,2,12,"{'G0': True, 'GA': True, 'GB': True, 'GC': True, 'GD': True, 'GE': True, 'GF': True, 'GH': True}",replay,True,True,False,False,2026-03-24T01:15:14+00:00,2026-03-24T01:15:14.988935+00:00,0.1.0,,3818.0,0.016014564514160157,0.031400000000000004,,,,,,,,1.0,,,,,1.0,,,1.0,0.0,0.0,,,,2.2890934,48.278275324375734,0.6646227842189466
ideal_e1_adapt_vqe_B6_cad2_seed59,adapt_vqe,adapt_style_larger_active_space,ideal,e1,59,,B6,cadence_sweep,full_contract,parallel_fs,parallel_fs,,0.0,2,12,"{'G0': True, 'GA': True, 'GB': True, 'GC': True, 'GD': True, 'GE': True, 'GF': True, 'GH': True}",replay,True,True,False,False,2026-03-01T23:28:06+00:00,2026-03-01T23:28:06.988935+00:00,0.1.0,,3818.0,0.016014564514160157,0.031400000000000004,,,,,,,,1.0,,,,,1.0,,,1.0,0.0,0.0,,,,2.2890934,48.278275324375734,0.6646227842189466
ideal_e1_adapt_vqe_B6_cad2_seed71,adapt_vqe,adapt_style_larger_active_space,ideal,e1,71,,B6,cadence_sweep,full_contract,parallel_fs,parallel_fs,,0.0,2,12,"{'G0': True, 'GA': True, 'GB': True, 'GC': True, 'GD': True, 'GE': True, 'GF': True, 'GH': True}",replay,True,True,False,False,2026-03-29T08:29:45+00:00,2026-03-29T08:29:45.988935+00:00,0.1.0,,3818.0,0.016014564514160157,0.031400000000000004,,,,,,,,1.0,,,,,1.0,,,1.0,0.0,0.0,,,,2.2890934,48.278275324375734,0.6646227842189466
ideal_e1_adapt_vqe_B6_cad2_seed83,adapt_vqe,adapt_style_larger_active_space,ideal,e1,83,,B6,cadence_sweep,full_contract,parallel_fs,parallel_fs,,0.0,2,12,"{'G0': True, 'GA': True, 'GB': True, 'GC': True, 'GD': True, 'GE': True, 'GF': True, 'GH': True}",replay,True,True,False,False,2026-03-04T07:59:37+00:00,2026-03-04T07:59:37.988935+00:00,0.1.0,,3818.0,0.016014564514160157,0.031400000000000004,,,,,,,,1.0,,,,,1.0,,,1.0,0.0,0.0,,,,2.2890934,48.278275324375734,0.6646227842189466
ideal_e1_adapt_vqe_B6_cad2_seed97,adapt_vqe,adapt_style_larger_active_space,ideal,e1,97,,B6,cadence_sweep,full_contract,parallel_fs,parallel_fs,,0.0,2,12,"{'G0': True, 'GA': True, 'GB': True, 'GC': True, 'GD': True, 'GE': True, 'GF': True, 'GH': True}",replay,True,True,False,False,2026-03-02T12:15:12+00:00,2026-03-02T12:15:12.988935+00:00,0.1.0,,3818.0,0.016014564514160157,0.031400000000000004,,,,,,,,1.0,,,,,1.0,,,1.0,0.0,0.0,,,,2.2890934,48.278275324375734,0.6646227842189466
ideal_e1_adapt_vqe_B6_cad2_seed101,adapt_vqe,adapt_style_larger_active_space,ideal,e1,101,,B6,cadence_sweep,full_contract,parallel_fs,parallel_fs,,0.0,2,12,"{'G0': True, 'GA': True, 'GB': True, 'GC': True, 'GD': True, 'GE': True, 'GF': True, 'GH': True}",replay,True,True,False,False,2026-03-18T17:49:17+00:00,2026-03-18T17:49:17.988935+00:00,0.1.0,,3818.0,0.016014564514160157,0.031400000000000004,,,,,,,,1.0,,,,,1.0,,,1.0,0.0,0.0,,,,2.2890934,48.278275324375734,0.6646227842189466
ideal_e1_adapt_vqe_B6_cad2_seed107,adapt_vqe,adapt_style_larger_active_space,ideal,e1,107,,B6,cadence_sweep,full_contract,parallel_fs,parallel_fs,,0.0,2,12,"{'G0': True, 'GA': True, 'GB': True, 'GC': True, 'GD': True, 'GE': True, 'GF': True, 'GH': True}",replay,True,True,False,False,2026-03-08T14:39:47+00:00,2026-03-08T14:39:47.988935+00:00,0.1.0,,3818.0,0.016014564514160157,0.031400000000000004,,,,,,,,1.0,,,,,1.0,,,1.0,0.0,0.0,,,,2.2890934,48.278275324375734,0.6646227842189466
ideal_e1_adapt_vqe_B6_cad2_seed113,adapt_vqe,adapt_style_larger_active_space,ideal,e1,113,,B6,cadence_sweep,full_contract,parallel_fs,parallel_fs,,0.0,2,12,"{'G0': True, 'GA': True, 'GB': True, 'GC': True, 'GD': True, 'GE': True, 'GF': True, 'GH': True}",replay,True,True,False,False,2026-03-09T10:41:54+00:00,2026-03-09T10:41:54.988935+00:00,0.1.0,,3818.0,0.016014564514160157,0.031400000000000004,,,,,,,,1.0,,,,,1.0,,,1.0,0.0,0.0,,,,2.2890934,48.278275324375734,0.6646227842189466
ideal_e1_adapt_vqe_B6_cad2_seed127,adapt_vqe,adapt_style_larger_active_space,ideal,e1,127,,B6,cadence_sweep,full_contract,parallel_fs,parallel_fs,,0.0,2,12,"{'G0': True, 'GA': True, 'GB': True, 'GC': True, 'GD': True, 'GE': True, 'GF': True, 'GH': True}",replay,True,True,False,False,2026-03-06T00:45:29+00:00,2026-03-06T00:45:29.988935+00:00,0.1.0,,3818.0,0.016014564514160157,0.031400000000000004,,,,,,,,1.0,,,,,1.0,,,1.0,0.0,0.0,,,,2.2890934,48.278275324375734,0.6646227842189466
ideal_e1_adapt_vqe_B6_cad2_seed131,adapt_vqe,adapt_style_larger_active_space,ideal,e1,131,,B6,cadence_sweep,full_contract,parallel_fs,parallel_fs,,0.0,2,12,"{'G0': True, 'GA': True, 'GB': True, 'GC': True, 'GD': True, 'GE': True, 'GF': True, 'GH': True}",replay,True,True,False,False,2026-03-01T10:06:37+00:00,2026-03-01T10:06:37.988935+00:00,0.1.0,,3818.0,0.016014564514160157,0.031400000000000004,,,,,,,,1.0,,,,,1.0,,,1.0,0.0,0.0,,,,2.2890934,48.278275324375734,0.6646227842189466
ideal_e1_adapt_vqe_B6_cad2_seed137,adapt_vqe,adapt_style_larger_active_space,ideal,e1,137,,B6,cadence_sweep,full_contract,parallel_fs,parallel_fs,,0.0,2,12,"{'G0': True, 'GA': True, 'GB': True, 'GC': True, 'GD': True, 'GE': True, 'GF': True, 'GH': True}",replay,True,True,False,False,2026-03-08T07:23:06+00:00,2026-03-08T07:23:06.988935+00:00,0.1.0,,3818.0,0.016014564514160157,0.031400000000000004,,,,,,,,1.0,,,,,1.0,,,1.0,0.0,0.0,,,,2.2890934,48.278275324375734,0.6646227842189466
ideal_e1_adapt_vqe_B6_cad2_seed149,adapt_vqe,adapt_style_larger_active_space,ideal,e1,149,,B6,cadence_sweep,full_contract,parallel_fs,parallel_fs,,0.0,2,12,"{'G0': True, 'GA': True, 'GB': True, 'GC': True, 'GD': True, 'GE': True, 'GF': True, 'GH': True}",replay,True,True,False,False,2026-03-30T14:41:40+00:00,2026-03-30T14:41:40.988935+00:00,0.1.0,,3818.0,0.016014564514160157,0.031400000000000004,,,,,,,,1.0,,,,,1.0,,,1.0,0.0,0.0,,,,2.2890934,48.278275324375734,0.6646227842189466
ideal_e1_adapt_vqe_B6_cad2_seed157,adapt_vqe,adapt_style_larger_active_space,ideal,e1,157,,B6,cadence_sweep,full_contract,parallel_fs,parallel_fs,,0.0,2,12,"{'G0': True, 'GA': True, 'GB': True, 'GC': True, 'GD': True, 'GE': True, 'GF': True, 'GH': True}",replay,True,True,False,False,2026-03-06T06:07:52+00:00,2026-03-06T06:07:52.988935+00:00,0.1.0,,3818.0,0.016014564514160157,0.031400000000000004,,,,,,,,1.0,,,,,1.0,,,1.0,0.0,0.0,,,,2.2890934,48.278275324375734,0.6646227842189466
ideal_e1_adapt_vqe_B6_cad2_seed163,adapt_vqe,adapt_style_larger_active_space,ideal,e1,163,,B6,cadence_sweep,full_contract,parallel_fs,parallel_fs,,0.0,2,12,"{'G0': True, 'GA': True, 'GB': True, 'GC': True, 'GD': True, 'GE': True, 'GF': True, 'GH': True}",replay,True,True,False,False,2026-03-29T21:08:00+00:00,2026-03-29T21:08:00.988935+00:00,0.1.0,,3818.0,0.016014564514160157,0.031400000000000004,,,,,,,,1.0,,,,,1.0,,,1.0,0.0,0.0,,,,2.2890934,48.278275324375734,0.6646227842189466
ideal_e1_adapt_vqe_B6_cad4_seed11,adapt_vqe,adapt_style_larger_active_space,ideal,e1,11,,B6,cadence_sweep,full_contract,parallel_fs,parallel_fs,,0.0,4,12,"{'G0': True, 'GA': True, 'GB': True, 'GC': True, 'GD': True, 'GE': True, 'GF': True, 'GH': True}",replay,True,True,False,False,2026-03-05T15:47:35+00:00,2026-03-05T15:47:35.988935+00:00,0.1.0,,3836.0,0.01601463317871094,0.031400000000000004,,,,,,,,1.0,,,,,1.0,,,1.0,0.0,0.0,,,,12.233944200000002,258.0204333520609,0.3730743234820882
ideal_e1_adapt_vqe_B6_cad4_seed17,adapt_vqe,adapt_style_larger_active_space,ideal,e1,17,,B6,cadence_sweep,full_contract,parallel_fs,parallel_fs,,0.0,4,12,"{'G0': True, 'GA': True, 'GB': True, 'GC': True, 'GD': True, 'GE': True, 'GF': True, 'GH': True}",replay,True,True,False,False,2026-03-01T16:34:02+00:00,2026-03-01T16:34:02.988935+00:00,0.1.0,,3836.0,0.01601463317871094,0.031400000000000004,,,,,,,,1.0,,,,,1.0,,,1.0,0.0,0.0,,,,12.233944200000002,258.0204333520609,0.3730743234820882
ideal_e1_adapt_vqe_B6_cad4_seed23,adapt_vqe,adapt_style_larger_active_space,ideal,e1,23,,B6,cadence_sweep,full_contract,parallel_fs,parallel_fs,,0.0,4,12,"{'G0': True, 'GA': True, 'GB': True, 'GC': True, 'GD': True, 'GE': True, 'GF': True, 'GH': True}",replay,True,True,False,False,2026-03-24T16:22:13+00:00,2026-03-24T16:22:13.988935+00:00,0.1.0,,3836.0,0.01601463317871094,0.031400000000000004,,,,,,,,1.0,,,,,1.0,,,1.0,0.0,0.0,,,,12.233944200000002,258.0204333520609,0.3730743234820882
ideal_e1_adapt_vqe_B6_cad4_seed31,adapt_vqe,adapt_style_larger_active_space,ideal,e1,31,,B6,cadence_sweep,full_contract,parallel_fs,parallel_fs,,0.0,4,12,"{'G0': True, 'GA': True, 'GB': True, 'GC': True, 'GD': True, 'GE': True, 'GF': True, 'GH': True}",replay,True,True,False,False,2026-03-06T11:13:57+00:00,2026-03-06T11:13:57.988935+00:00,0.1.0,,3836.0,0.01601463317871094,0.031400000000000004,,,,,,,,1.0,,,,,1.0,,,1.0,0.0,0.0,,,,12.233944200000002,258.0204333520609,0.3730743234820882
ideal_e1_adapt_vqe_B6_cad4_seed43,adapt_vqe,adapt_style_larger_active_space,ideal,e1,43,,B6,cadence_sweep,full_contract,parallel_fs,parallel_fs,,0.0,4,12,"{'G0': True, 'GA': True, 'GB': True, 'GC': True, 'GD': True, 'GE': True, 'GF': True, 'GH': True}",replay,True,True,False,False,2026-03-01T08:33:18+00:00,2026-03-01T08:33:18.988935+00:00,0.1.0,,3836.0,0.01601463317871094,0.031400000000000004,,,,,,,,1.0,,,,,1.0,,,1.0,0.0,0.0,,,,12.233944200000002,258.0204333520609,0.3730743234820882
ideal_e1_adapt_vqe_B6_cad4_seed59,adapt_vqe,adapt_style_larger_active_space,ideal,e1,59,,B6,cadence_sweep,full_contract,parallel_fs,parallel_fs,,0.0,4,12,"{'G0': True, 'GA': True, 'GB': True, 'GC': True, 'GD': True, 'GE': True, 'GF': True, 'GH': True}",replay,True,True,False,False,2026-03-23T01:52:19+00:00,2026-03-23T01:52:19.988935+00:00,0.1.0,,3836.0,0.01601463317871094,0.031400000000000004,,,,,,,,1.0,,,,,1.0,,,1.0,0.0,0.0,,,,12.233944200000002,258.0204333520609,0.3730743234820882
ideal_e1_adapt_vqe_B6_cad4_seed71,adapt_vqe,adapt_style_larger_active_space,ideal,e1,71,,B6,cadence_sweep,full_contract,parallel_fs,parallel_fs,,0.0,4,12,"{'G0': True, 'GA': True, 'GB': True, 'GC': True, 'GD': True, 'GE': True, 'GF': True, 'GH': True}",replay,True,True,False,False,2026-03-11T02:21:21+00:00,2026-03-11T02:21:21.988935+00:00,0.1.0,,3836.0,0.01601463317871094,0.031400000000000004,,,,,,,,1.0,,,,,1.0,,,1.0,0.0,0.0,,,,12.233944200000002,258.0204333520609,0.3730743234820882
ideal_e1_adapt_vqe_B6_cad4_seed83,adapt_vqe,adapt_style_larger_active_space,ideal,e1,83,,B6,cadence_sweep,full_contract,parallel_fs,parallel_fs,,0.0,4,12,"{'G0': True, 'GA': True, 'GB': True, 'GC': True, 'GD': True, 'GE': True, 'GF': True, 'GH': True}",replay,True,True,False,False,2026-03-28T12:38:43+00:00,2026-03-28T12:38:43.988935+00:00,0.1.0,,3836.0,0.01601463317871094,0.031400000000000004,,,,,,,,1.0,,,,,1.0,,,1.0,0.0,0.0,,,,12.233944200000002,258.0204333520609,0.3730743234820882
ideal_e1_adapt_vqe_B6_cad4_seed97,adapt_vqe,adapt_style_larger_active_space,ideal,e1,97,,B6,cadence_sweep,full_contract,parallel_fs,parallel_fs,,0.0,4,12,"{'G0': True, 'GA': True, 'GB': True, 'GC': True, 'GD': True, 'GE': True, 'GF': True, 'GH': True}",replay,True,True,False,False,2026-03-19T07:28:53+00:00,2026-03-19T07:28:53.988935+00:00,0.1.0,,3836.0,0.01601463317871094,0.031400000000000004,,,,,,,,1.0,,,,,1.0,,,1.0,0.0,0.0,,,,12.233944200000002,258.0204333520609,0.3730743234820882
ideal_e1_adapt_vqe_B6_cad4_seed101,adapt_vqe,adapt_style_larger_active_space,ideal,e1,101,,B6,cadence_sweep,full_contract,parallel_fs,parallel_fs,,0.0,4,12,"{'G0': True, 'GA': True, 'GB': True, 'GC': True, 'GD': True, 'GE': True, 'GF': True, 'GH': True}",replay,True,True,False,False,2026-03-21T09:23:31+00:00,2026-03-21T09:23:31.988935+00:00,0.1.0,,3836.0,0.01601463317871094,0.031400000000000004,,,,,,,,1.0,,,,,1.0,,,1.0,0.0,0.0,,,,12.233944200000002,258.0204333520609,0.3730743234820882
ideal_e1_adapt_vqe_B6_cad4_seed107,adapt_vqe,adapt_style_larger_active_space,ideal,e1,107,,B6,cadence_sweep,full_contract,parallel_fs,parallel_fs,,0.0,4,12,"{'G0': True, 'GA': True, 'GB': True, 'GC': True, 'GD': True, 'GE': True, 'GF': True, 'GH': True}",replay,True,True,False,False,2026-03-23T20:47:36+00:00,2026-03-23T20:47:36.988935+00:00,0.1.0,,3836.0,0.01601463317871094,0.031400000000000004,,,,,,,,1.0,,,,,1.0,,,1.0,0.0,0.0,,,,12.233944200000002,258.0204333520609,0.3730743234820882
ideal_e1_adapt_vqe_B6_cad4_seed113,adapt_vqe,adapt_style_larger_active_space,ideal,e1,113,,B6,cadence_sweep,full_contract,parallel_fs,parallel_fs,,0.0,4,12,"{'G0': True, 'GA': True, 'GB': True, 'GC': True, 'GD': True, 'GE': True, 'GF': True, 'GH': True}",replay,True,True,False,False,2026-03-21T11:23:52+00:00,2026-03-21T11:23:52.988935+00:00,0.1.0,,3836.0,0.01601463317871094,0.031400000000000004,,,,,,,,1.0,,,,,1.0,,,1.0,0.0,0.0,,,,12.233944200000002,258.0204333520609,0.3730743234820882
ideal_e1_adapt_vqe_B6_cad4_seed127,adapt_vqe,adapt_style_larger_active_space,ideal,e1,127,,B6,cadence_sweep,full_contract,parallel_fs,parallel_fs,,0.0,4,12,"{'G0': True, 'GA': True, 'GB': True, 'GC': True, 'GD': True, 'GE': True, 'GF': True, 'GH': True}",replay,True,True,False,False,2026-03-04T13:19:24+00:00,2026-03-04T13:19:24.988935+00:00,0.1.0,,3836.0,0.01601463317871094,0.031400000000000004,,,,,,,,1.0,,,,,1.0,,,1.0,0.0,0.0,,,,12.233944200000002,258.0204333520609,0.3730743234820882
ideal_e1_adapt_vqe_B6_cad4_seed131,adapt_vqe,adapt_style_larger_active_space,ideal,e1,131,,B6,cadence_sweep,full_contract,parallel_fs,parallel_fs,,0.0,4,12,"{'G0': True, 'GA': True, 'GB': True, 'GC': True, 'GD': True, 'GE': True, 'GF': True, 'GH': True}",replay,True,True,False,False,2026-03-12T16:07:21+00:00,2026-03-12T16:07:21.988935+00:00,0.1.0,,3836.0,0.01601463317871094,0.031400000000000004,,,,,,,,1.0,,,,,1.0,,,1.0,0.0,0.0,,,,12.233944200000002,258.0204333520609,0.3730743234820882
ideal_e1_adapt_vqe_B6_cad4_seed137,adapt_vqe,adapt_style_larger_active_space,ideal,e1,137,,B6,cadence_sweep,full_contract,parallel_fs,parallel_fs,,0.0,4,12,"{'G0': True, 'GA': True, 'GB': True, 'GC': True, 'GD': True, 'GE': True, 'GF': True, 'GH': True}",replay,True,True,False,False,2026-03-18T12:05:36+00:00,2026-03-18T12:05:36.988935+00:00,0.1.0,,3836.0,0.01601463317871094,0.031400000000000004,,,,,,,,1.0,,,,,1.0,,,1.0,0.0,0.0,,,,12.233944200000002,258.0204333520609,0.3730743234820882
ideal_e1_adapt_vqe_B6_cad4_seed149,adapt_vqe,adapt_style_larger_active_space,ideal,e1,149,,B6,cadence_sweep,full_contract,parallel_fs,parallel_fs,,0.0,4,12,"{'G0': True, 'GA': True, 'GB': True, 'GC': True, 'GD': True, 'GE': True, 'GF': True, 'GH': True}",replay,True,True,False,False,2026-03-02T11:57:23+00:00,2026-03-02T11:57:23.988935+00:00,0.1.0,,3836.0,0.01601463317871094,0.031400000000000004,,,,,,,,1.0,,,,,1.0,,,1.0,0.0,0.0,,,,12.233944200000002,258.0204333520609,0.3730743234820882
ideal_e1_adapt_vqe_B6_cad4_seed157,adapt_vqe,adapt_style_larger_active_space,ideal,e1,157,,B6,cadence_sweep,full_contract,parallel_fs,parallel_fs,,0.0,4,12,"{'G0': True, 'GA': True, 'GB': True, 'GC': True, 'GD': True, 'GE': True, 'GF': True, 'GH': True}",replay,True,True,False,False,2026-03-12T09:41:19+00:00,2026-03-12T09:41:19.988935+00:00,0.1.0,,3836.0,0.01601463317871094,0.031400000000000004,,,,,,,,1.0,,,,,1.0,,,1.0,0.0,0.0,,,,12.233944200000002,258.0204333520609,0.3730743234820882
ideal_e1_adapt_vqe_B6_cad4_seed163,adapt_vqe,adapt_style_larger_active_space,ideal,e1,163,,B6,cadence_sweep,full_contract,parallel_fs,parallel_fs,,0.0,4,12,"{'G0': True, 'GA': True, 'GB': True, 'GC': True, 'GD': True, 'GE': True, 'GF': True, 'GH': True}",replay,True,True,False,False,2026-03-03T19:57:10+00:00,2026-03-03T19:57:10.988935+00:00,0.1.0,,3836.0,0.01601463317871094,0.031400000000000004,,,,,,,,1.0,,,,,1.0,,,1.0,0.0,0.0,,,,12.233944200000002,258.0204333520609,0.3730743234820882
ideal_e1_adapt_vqe_B6_cad8_seed11,adapt_vqe,adapt_style_larger_active_space,ideal,e1,11,,B6,cadence_sweep,full_contract,parallel_fs,parallel_fs,,0.0,8,12,"{'G0': True, 'GA': True, 'GB': True, 'GC': True, 'GD': True, 'GE': True, 'GF': True, 'GH': True}",replay,True,True,False,False,2026-03-25T14:21:06+00:00,2026-03-25T14:21:06.988935+00:00,0.1.0,,3872.0,0.0160147705078125,0.031400000000000004,,,,,,,,1.0,,,,,1.0,,,1.0,0.0,0.0,,,,53.5903018,1130.2448841584069,0.19872667311038195
ideal_e1_adapt_vqe_B6_cad8_seed17,adapt_vqe,adapt_style_larger_active_space,ideal,e1,17,,B6,cadence_sweep,full_contract,parallel_fs,parallel_fs,,0.0,8,12,"{'G0': True, 'GA': True, 'GB': True, 'GC': True, 'GD': True, 'GE': True, 'GF': True, 'GH': True}",replay,True,True,False,False,2026-03-25T20:48:16+00:00,2026-03-25T20:48:16.988935+00:00,0.1.0,,3872.0,0.0160147705078125,0.031400000000000004,,,,,,,,1.0,,,,,1.0,,,1.0,0.0,0.0,,,,53.5903018,1130.2448841584069,0.19872667311038195
ideal_e1_adapt_vqe_B6_cad8_seed23,adapt_vqe,adapt_style_larger_active_space,ideal,e1,23,,B6,cadence_sweep,full_contract,parallel_fs,parallel_fs,,0.0,8,12,"{'G0': True, 'GA': True, 'GB': True, 'GC': True, 'GD': True, 'GE': True, 'GF': True, 'GH': True}",replay,True,True,False,False,2026-03-23T01:17:53+00:00,2026-03-23T01:17:53.988935+00:00,0.1.0,,3872.0,0.0160147705078125,0.031400000000000004,,,,,,,,1.0,,,,,1.0,,,1.0,0.0,0.0,,,,53.5903018,1130.2448841584069,0.19872667311038195
ideal_e1_adapt_vqe_B6_cad8_seed31,adapt_vqe,adapt_style_larger_active_space,ideal,e1,31,,B6,cadence_sweep,full_contract,parallel_fs,parallel_fs,,0.0,8,12,"{'G0': True, 'GA': True, 'GB': True, 'GC': True, 'GD': True, 'GE': True, 'GF': True, 'GH': True}",replay,True,True,False,False,2026-03-06T20:58:42+00:00,2026-03-06T20:58:42.988935+00:00,0.1.0,,3872.0,0.0160147705078125,0.031400000000000004,,,,,,,,1.0,,,,,1.0,,,1.0,0.0,0.0,,,,53.5903018,1130.2448841584069,0.19872667311038195
ideal_e1_adapt_vqe_B6_cad8_seed43,adapt_vqe,adapt_style_larger_active_space,ideal,e1,43,,B6,cadence_sweep,full_contract,parallel_fs,parallel_fs,,0.0,8,12,"{'G0': True, 'GA': True, 'GB': True, 'GC': True, 'GD': True, 'GE': True, 'GF': True, 'GH': True}",replay,True,True,False,False,2026-03-06T20:54:44+00:00,2026-03-06T20:54:44.988935+00:00,0.1.0,,3872.0,0.0160147705078125,0.031400000000000004,,,,,,,,1.0,,,,,1.0,,,1.0,0.0,0.0,,,,53.5903018,1130.2448841584069,0.19872667311038195
ideal_e1_adapt_vqe_B6_cad8_seed59,adapt_vqe,adapt_style_larger_active_space,ideal,e1,59,,B6,cadence_sweep,full_contract,parallel_fs,parallel_fs,,0.0,8,12,"{'G0': True, 'GA': True, 'GB': True, 'GC': True, 'GD': True, 'GE': True, 'GF': True, 'GH': True}",replay,True,True,False,False,2026-03-13T16:55:08+00:00,2026-03-13T16:55:08.988935+00:00,0.1.0,,3872.0,0.0160147705078125,0.031400000000000004,,,,,,,,1.0,,,,,1.0,,,1.0,0.0,0.0,,,,53.5903018,1130.2448841584069,0.19872667311038195
ideal_e1_adapt_vqe_B6_cad8_seed71,adapt_vqe,adapt_style_larger_active_space,ideal,e1,71,,B6,cadence_sweep,full_contract,parallel_fs,parallel_fs,,0.0,8,12,"{'G0': True, 'GA': True, 'GB': True, 'GC': True, 'GD': True, 'GE': True, 'GF': True, 'GH': True}",replay,True,True,False,False,2026-03-03T10:07:12+00:00,2026-03-03T10:07:12.988935+00:00,0.1.0,,3872.0,0.0160147705078125,0.031400000000000004,,,,,,,,1.0,,,,,1.0,,,1.0,0.0,0.0,,,,53.5903018,1130.2448841584069,0.19872667311038195
ideal_e1_adapt_vqe_B6_cad8_seed83,adapt_vqe,adapt_style_larger_active_space,ideal,e1,83,,B6,cadence_sweep,full_contract,parallel_fs,parallel_fs,,0.0,8,12,"{'G0': True, 'GA': True, 'GB': True, 'GC': True, 'GD': True, 'GE': True, 'GF': True, 'GH': True}",replay,True,True,False,False,2026-03-20T19:34:26+00:00,2026-03-20T19:34:26.988935+00:00,0.1.0,,3872.0,0.0160147705078125,0.031400000000000004,,,,,,,,1.0,,,,,1.0,,,1.0,0.0,0.0,,,,53.5903018,1130.2448841584069,0.19872667311038195
ideal_e1_adapt_vqe_B6_cad8_seed97,adapt_vqe,adapt_style_larger_active_space,ideal,e1,97,,B6,cadence_sweep,full_contract,parallel_fs,parallel_fs,,0.0,8,12,"{'G0': True, 'GA': True, 'GB': True, 'GC': True, 'GD': True, 'GE': True, 'GF': True, 'GH': True}",replay,True,True,False,False,2026-03-26T03:39:48+00:00,2026-03-26T03:39:48.988935+00:00,0.1.0,,3872.0,0.0160147705078125,0.031400000000000004,,,,,,,,1.0,,,,,1.0,,,1.0,0.0,0.0,,,,53.5903018,1130.2448841584069,0.19872667311038195
ideal_e1_adapt_vqe_B6_cad8_seed101,adapt_vqe,adapt_style_larger_active_space,ideal,e1,101,,B6,cadence_sweep,full_contract,parallel_fs,parallel_fs,,0.0,8,12,"{'G0': True, 'GA': True, 'GB': True, 'GC': True, 'GD': True, 'GE': True, 'GF': True, 'GH': True}",replay,True,True,False,False,2026-03-18T15:18:50+00:00,2026-03-18T15:18:50.988935+00:00,0.1.0,,3872.0,0.0160147705078125,0.031400000000000004,,,,,,,,1.0,,,,,1.0,,,1.0,0.0,0.0,,,,53.5903018,1130.2448841584069,0.19872667311038195
ideal_e1_adapt_vqe_B6_cad8_seed107,adapt_vqe,adapt_style_larger_active_space,ideal,e1,107,,B6,cadence_sweep,full_contract,parallel_fs,parallel_fs,,0.0,8,12,"{'G0': True, 'GA': True, 'GB': True, 'GC': True, 'GD': True, 'GE': True, 'GF': True, 'GH': True}",replay,True,True,False,False,2026-03-12T05:32:32+00:00,2026-03-12T05:32:32.988935+00:00,0.1.0,,3872.0,0.0160147705078125,0.031400000000000004,,,,,,,,1.0,,,,,1.0,,,1.0,0.0,0.0,,,,53.5903018,1130.2448841584069,0.19872667311038195
ideal_e1_adapt_vqe_B6_cad8_seed113,adapt_vqe,adapt_style_larger_active_space,ideal,e1,113,,B6,cadence_sweep,full_contract,parallel_fs,parallel_fs,,0.0,8,12,"{'G0': True, 'GA': True, 'GB': True, 'GC': True, 'GD': True, 'GE': True, 'GF': True, 'GH': True}",replay,True,True,False,False,2026-03-05T21:52:12+00:00,2026-03-05T21:52:12.988935+00:00,0.1.0,,3872.0,0.0160147705078125,0.031400000000000004,,,,,,,,1.0,,,,,1.0,,,1.0,0.0,0.0,,,,53.5903018,1130.2448841584069,0.19872667311038195
ideal_e1_adapt_vqe_B6_cad8_seed127,adapt_vqe,adapt_style_larger_active_space,ideal,e1,127,,B6,cadence_sweep,full_contract,parallel_fs,parallel_fs,,0.0,8,12,"{'G0': True, 'GA': True, 'GB': True, 'GC': True, 'GD': True, 'GE': True, 'GF': True, 'GH': True}",replay,True,True,False,False,2026-03-07T13:31:58+00:00,2026-03-07T13:31:58.988935+00:00,0.1.0,,3872.0,0.0160147705078125,0.031400000000000004,,,,,,,,1.0,,,,,1.0,,,1.0,0.0,0.0,,,,53.5903018,1130.2448841584069,0.19872667311038195
ideal_e1_adapt_vqe_B6_cad8_seed131,adapt_vqe,adapt_style_larger_active_space,ideal,e1,131,,B6,cadence_sweep,full_contract,parallel_fs,parallel_fs,,0.0,8,12,"{'G0': True, 'GA': True, 'GB': True, 'GC': True, 'GD': True, 'GE': True, 'GF': True, 'GH': True}",replay,True,True,False,False,2026-03-30T17:24:06+00:00,2026-03-30T17:24:06.988935+00:00,0.1.0,,3872.0,0.0160147705078125,0.031400000000000004,,,,,,,,1.0,,,,,1.0,,,1.0,0.0,0.0,,,,53.5903018,1130.2448841584069,0.19872667311038195
ideal_e1_adapt_vqe_B6_cad8_seed137,adapt_vqe,adapt_style_larger_active_space,ideal,e1,137,,B6,cadence_sweep,full_contract,parallel_fs,parallel_fs,,0.0,8,12,"{'G0': True, 'GA': True, 'GB': True, 'GC': True, 'GD': True, 'GE': True, 'GF': True, 'GH': True}",replay,True,True,False,False,2026-03-29T20:59:28+00:00,2026-03-29T20:59:28.988935+00:00,0.1.0,,3872.0,0.0160147705078125,0.031400000000000004,,,,,,,,1.0,,,,,1.0,,,1.0,0.0,0.0,,,,53.5903018,1130.2448841584069,0.19872667311038195
ideal_e1_adapt_vqe_B6_cad8_seed149,adapt_vqe,adapt_style_larger_active_space,ideal,e1,149,,B6,cadence_sweep,full_contract,parallel_fs,parallel_fs,,0.0,8,12,"{'G0': True, 'GA': True, 'GB': True, 'GC': True, 'GD': True, 'GE': True, 'GF': True, 'GH': True}",replay,True,True,False,False,2026-03-23T20:29:40+00:00,2026-03-23T20:29:40.988935+00:00,0.1.0,,3872.0,0.0160147705078125,0.031400000000000004,,,,,,,,1.0,,,,,1.0,,,1.0,0.0,0.0,,,,53.5903018,1130.2448841584069,0.19872667311038195
ideal_e1_adapt_vqe_B6_cad8_seed157,adapt_vqe,adapt_style_larger_active_space,ideal,e1,157,,B6,cadence_sweep,full_contract,parallel_fs,parallel_fs,,0.0,8,12,"{'G0': True, 'GA': True, 'GB': True, 'GC': True, 'GD': True, 'GE': True, 'GF': True, 'GH': True}",replay,True,True,False,False,2026-03-24T11:12:00+00:00,2026-03-24T11:12:00.988935+00:00,0.1.0,,3872.0,0.0160147705078125,0.031400000000000004,,,,,,,,1.0,,,,,1.0,,,1.0,0.0,0.0,,,,53.5903018,1130.2448841584069,0.19872667311038195
ideal_e1_adapt_vqe_B6_cad8_seed163,adapt_vqe,adapt_style_larger_active_space,ideal,e1,163,,B6,cadence_sweep,full_contract,parallel_fs,parallel_fs,,0.0,8,12,"{'G0': True, 'GA': True, 'GB': True, 'GC': True, 'GD': True, 'GE': True, 'GF': True, 'GH': True}",replay,True,True,False,False,2026-03-21T00:21:00+00:00,2026-03-21T00:21:00.988935+00:00,0.1.0,,3872.0,0.0160147705078125,0.031400000000000004,,,,,,,,1.0,,,,,1.0,,,1.0,0.0,0.0,,,,53.5903018,1130.2448841584069,0.19872667311038195
ideal_e1_adapt_vqe_B6_cad16_seed11,adapt_vqe,adapt_style_larger_active_space,ideal,e1,11,,B6,cadence_sweep,full_contract,parallel_fs,parallel_fs,,0.0,16,12,"{'G0': True, 'GA': True, 'GB': True, 'GC': True, 'GD': True, 'GE': True, 'GF': True, 'GH': True}",replay,True,True,False,False,2026-03-25T11:06:56+00:00,2026-03-25T11:06:56.988935+00:00,0.1.0,,3944.0,0.016015045166015627,0.031400000000000004,,,,,,,,1.0,,,,,1.0,,,1.0,0.0,0.0,,,,222.169641,4685.6359668563255,0.1027207824563765
ideal_e1_adapt_vqe_B6_cad16_seed17,adapt_vqe,adapt_style_larger_active_space,ideal,e1,17,,B6,cadence_sweep,full_contract,parallel_fs,parallel_fs,,0.0,16,12,"{'G0': True, 'GA': True, 'GB': True, 'GC': True, 'GD': True, 'GE': True, 'GF': True, 'GH': True}",replay,True,True,False,False,2026-03-26T10:23:01+00:00,2026-03-26T10:23:01.988935+00:00,0.1.0,,3944.0,0.016015045166015627,0.031400000000000004,,,,,,,,1.0,,,,,1.0,,,1.0,0.0,0.0,,,,222.169641,4685.6359668563255,0.1027207824563765
ideal_e1_adapt_vqe_B6_cad16_seed23,adapt_vqe,adapt_style_larger_active_space,ideal,e1,23,,B6,cadence_sweep,full_contract,parallel_fs,parallel_fs,,0.0,16,12,"{'G0': True, 'GA': True, 'GB': True, 'GC': True, 'GD': True, 'GE': True, 'GF': True, 'GH': True}",replay,True,True,False,False,2026-03-10T05:34:45+00:00,2026-03-10T05:34:45.988935+00:00,0.1.0,,3944.0,0.016015045166015627,0.031400000000000004,,,,,,,,1.0,,,,,1.0,,,1.0,0.0,0.0,,,,222.169641,4685.6359668563255,0.1027207824563765
ideal_e1_adapt_vqe_B6_cad16_seed31,adapt_vqe,adapt_style_larger_active_space,ideal,e1,31,,B6,cadence_sweep,full_contract,parallel_fs,parallel_fs,,0.0,16,12,"{'G0': True, 'GA': True, 'GB': True, 'GC': True, 'GD': True, 'GE': True, 'GF': True, 'GH': True}",replay,True,True,False,False,2026-03-26T06:32:26+00:00,2026-03-26T06:32:26.988935+00:00,0.1.0,,3944.0,0.016015045166015627,0.031400000000000004,,,,,,,,1.0,,,,,1.0,,,1.0,0.0,0.0,,,,222.169641,4685.6359668563255,0.1027207824563765
ideal_e1_adapt_vqe_B6_cad16_seed43,adapt_vqe,adapt_style_larger_active_space,ideal,e1,43,,B6,cadence_sweep,full_contract,parallel_fs,parallel_fs,,0.0,16,12,"{'G0': True, 'GA': True, 'GB': True, 'GC': True, 'GD': True, 'GE': True, 'GF': True, 'GH': True}",replay,True,True,False,False,2026-03-27T09:06:10+00:00,2026-03-27T09:06:10.988935+00:00,0.1.0,,3944.0,0.016015045166015627,0.031400000000000004,,,,,,,,1.0,,,,,1.0,,,1.0,0.0,0.0,,,,222.169641,4685.6359668563255,0.1027207824563765
ideal_e1_adapt_vqe_B6_cad16_seed59,adapt_vqe,adapt_style_larger_active_space,ideal,e1,59,,B6,cadence_sweep,full_contract,parallel_fs,parallel_fs,,0.0,16,12,"{'G0': True, 'GA': True, 'GB': True, 'GC': True, 'GD': True, 'GE': True, 'GF': True, 'GH': True}",replay,True,True,False,False,2026-03-18T22:17:56+00:00,2026-03-18T22:17:56.988935+00:00,0.1.0,,3944.0,0.016015045166015627,0.031400000000000004,,,,,,,,1.0,,,,,1.0,,,1.0,0.0,0.0,,,,222.169641,4685.6359668563255,0.1027207824563765
ideal_e1_adapt_vqe_B6_cad16_seed71,adapt_vqe,adapt_style_larger_active_space,ideal,e1,71,,B6,cadence_sweep,full_contract,parallel_fs,parallel_fs,,0.0,16,12,"{'G0': True, 'GA': True, 'GB': True, 'GC': True, 'GD': True, 'GE': True, 'GF': True, 'GH': True}",replay,True,True,False,False,2026-03-20T17:23:40+00:00,2026-03-20T17:23:40.988935+00:00,0.1.0,,3944.0,0.016015045166015627,0.031400000000000004,,,,,,,,1.0,,,,,1.0,,,1.0,0.0,0.0,,,,222.169641,4685.6359668563255,0.1027207824563765
ideal_e1_adapt_vqe_B6_cad16_seed83,adapt_vqe,adapt_style_larger_active_space,ideal,e1,83,,B6,cadence_sweep,full_contract,parallel_fs,parallel_fs,,0.0,16,12,"{'G0': True, 'GA': True, 'GB': True, 'GC': True, 'GD': True, 'GE': True, 'GF': True, 'GH': True}",replay,True,True,False,False,2026-03-21T19:19:04+00:00,2026-03-21T19:19:04.988935+00:00,0.1.0,,3944.0,0.016015045166015627,0.031400000000000004,,,,,,,,1.0,,,,,1.0,,,1.0,0.0,0.0,,,,222.169641,4685.6359668563255,0.1027207824563765
ideal_e1_adapt_vqe_B6_cad16_seed97,adapt_vqe,adapt_style_larger_active_space,ideal,e1,97,,B6,cadence_sweep,full_contract,parallel_fs,parallel_fs,,0.0,16,12,"{'G0': True, 'GA': True, 'GB': True, 'GC': True, 'GD': True, 'GE': True, 'GF': True, 'GH': True}",replay,True,True,False,False,2026-03-22T23:27:43+00:00,2026-03-22T23:27:43.988935+00:00,0.1.0,,3944.0,0.016015045166015627,0.031400000000000004,,,,,,,,1.0,,,,,1.0,,,1.0,0.0,0.0,,,,222.169641,4685.6359668563255,0.1027207824563765
ideal_e1_adapt_vqe_B6_cad16_seed101,adapt_vqe,adapt_style_larger_active_space,ideal,e1,101,,B6,cadence_sweep,full_contract,parallel_fs,parallel_fs,,0.0,16,12,"{'G0': True, 'GA': True, 'GB': True, 'GC': True, 'GD': True, 'GE': True, 'GF': True, 'GH': True}",replay,True,True,False,False,2026-03-20T13:14:26+00:00,2026-03-20T13:14:26.988935+00:00,0.1.0,,3944.0,0.016015045166015627,0.031400000000000004,,,,,,,,1.0,,,,,1.0,,,1.0,0.0,0.0,,,,222.169641,4685.6359668563255,0.1027207824563765
ideal_e1_adapt_vqe_B6_cad16_seed107,adapt_vqe,adapt_style_larger_active_space,ideal,e1,107,,B6,cadence_sweep,full_contract,parallel_fs,parallel_fs,,0.0,16,12,"{'G0': True, 'GA': True, 'GB': True, 'GC': True, 'GD': True, 'GE': True, 'GF': True, 'GH': True}",replay,True,True,False,False,2026-03-24T00:55:21+00:00,2026-03-24T00:55:21.988935+00:00,0.1.0,,3944.0,0.016015045166015627,0.031400000000000004,,,,,,,,1.0,,,,,1.0,,,1.0,0.0,0.0,,,,222.169641,4685.6359668563255,0.1027207824563765
ideal_e1_adapt_vqe_B6_cad16_seed113,adapt_vqe,adapt_style_larger_active_space,ideal,e1,113,,B6,cadence_sweep,full_contract,parallel_fs,parallel_fs,,0.0,16,12,"{'G0': True, 'GA': True, 'GB': True, 'GC': True, 'GD': True, 'GE': True, 'GF': True, 'GH': True}",replay,True,True,False,False,2026-03-22T00:31:08+00:00,2026-03-22T00:31:08.988935+00:00,0.1.0,,3944.0,0.016015045166015627,0.031400000000000004,,,,,,,,1.0,,,,,1.0,,,1.0,0.0,0.0,,,,222.169641,4685.6359668563255,0.1027207824563765
ideal_e1_adapt_vqe_B6_cad16_seed127,adapt_vqe,adapt_style_larger_active_space,ideal,e1,127,,B6,cadence_sweep,full_contract,parallel_fs,parallel_fs,,0.0,16,12,"{'G0': True, 'GA': True, 'GB': True, 'GC': True, 'GD': True, 'GE': True, 'GF': True, 'GH': True}",replay,True,True,False,False,2026-03-19T08:34:01+00:00,2026-03-19T08:34:01.988935+00:00,0.1.0,,3944.0,0.016015045166015627,0.031400000000000004,,,,,,,,1.0,,,,,1.0,,,1.0,0.0,0.0,,,,222.169641,4685.6359668563255,0.1027207824563765
ideal_e1_adapt_vqe_B6_cad16_seed131,adapt_vqe,adapt_style_larger_active_space,ideal,e1,131,,B6,cadence_sweep,full_contract,parallel_fs,parallel_fs,,0.0,16,12,"{'G0': True, 'GA': True, 'GB': True, 'GC': True, 'GD': True, 'GE': True, 'GF': True, 'GH': True}",replay,True,True,False,False,2026-03-21T11:23:45+00:00,2026-03-21T11:23:45.988935+00:00,0.1.0,,3944.0,0.016015045166015627,0.031400000000000004,,,,,,,,1.0,,,,,1.0,,,1.0,0.0,0.0,,,,222.169641,4685.6359668563255,0.1027207824563765
ideal_e1_adapt_vqe_B6_cad16_seed137,adapt_vqe,adapt_style_larger_active_space,ideal,e1,137,,B6,cadence_sweep,full_contract,parallel_fs,parallel_fs,,0.0,16,12,"{'G0': True, 'GA': True, 'GB': True, 'GC': True, 'GD': True, 'GE': True, 'GF': True, 'GH': True}",replay,True,True,False,False,2026-03-29T20:10:41+00:00,2026-03-29T20:10:41.988935+00:00,0.1.0,,3944.0,0.016015045166015627,0.031400000000000004,,,,,,,,1.0,,,,,1.0,,,1.0,0.0,0.0,,,,222.169641,4685.6359668563255,0.1027207824563765
ideal_e1_adapt_vqe_B6_cad16_seed149,adapt_vqe,adapt_style_larger_active_space,ideal,e1,149,,B6,cadence_sweep,full_contract,parallel_fs,parallel_fs,,0.0,16,12,"{'G0': True, 'GA': True, 'GB': True, 'GC': True, 'GD': True, 'GE': True, 'GF': True, 'GH': True}",replay,True,True,False,False,2026-03-01T08:06:32+00:00,2026-03-01T08:06:32.988935+00:00,0.1.0,,3944.0,0.016015045166015627,0.031400000000000004,,,,,,,,1.0,,,,,1.0,,,1.0,0.0,0.0,,,,222.169641,4685.6359668563255,0.1027207824563765
ideal_e1_adapt_vqe_B6_cad16_seed157,adapt_vqe,adapt_style_larger_active_space,ideal,e1,157,,B6,cadence_sweep,full_contract,parallel_fs,parallel_fs,,0.0,16,12,"{'G0': True, 'GA': True, 'GB': True, 'GC': True, 'GD': True, 'GE': True, 'GF': True, 'GH': True}",replay,True,True,False,False,2026-03-15T23:58:05+00:00,2026-03-15T23:58:05.988935+00:00,0.1.0,,3944.0,0.016015045166015627,0.031400000000000004,,,,,,,,1.0,,,,,1.0,,,1.0,0.0,0.0,,,,222.169641,4685.6359668563255,0.1027207824563765
ideal_e1_adapt_vqe_B6_cad16_seed163,adapt_vqe,adapt_style_larger_active_space,ideal,e1,163,,B6,cadence_sweep,full_contract,parallel_fs,parallel_fs,,0.0,16,12,"{'G0': True, 'GA': True, 'GB': True, 'GC': True, 'GD': True, 'GE': True, 'GF': True, 'GH': True}",replay,True,True,False,False,2026-03-28T10:07:35+00:00,2026-03-28T10:07:35.988935+00:00,0.1.0,,3944.0,0.016015045166015627,0.031400000000000004,,,,,,,,1.0,,,,,1.0,,,1.0,0.0,0.0,,,,222.169641,4685.6359668563255,0.1027207824563765
