run_id,workload_name,workload_variant,setting,evaluation_question,seed,hardware_window,boundary,scenario,baseline_or_ablation,save_backend,restore_backend,restore_backend_pair,delay,cadence,budget_B,artifact_presence,restore_decision,success,stable_continuation,unsafe_restore,over_conservative_block,timestamp_start,timestamp_end,software_version,git_hash,checkpoint_footprint_bytes,save_latency_s,restore_planning_latency_s,recompilation_latency_s,rollback_distance,lost_shots,lost_measurement_groups,recovered_work_fraction,wasted_qpu_work_s,time_to_first_stable_continuation_s,resume_success_rate,post_restore_objective_gap,hellinger_distance,gradient_disagreement,first_step_overshoot,stable_continuation_success,unsafe_restore_rate,over_conservative_block_rate,replay_fraction,migration_fraction,block_fraction,reuse_fraction,redo_fraction,portability_shock,recomputation_avoided_s,cost_quality_score,checkpoint_overhead_pct
ideal_e1_review_qaoa_maxcut_B1_cad1_seed11,qaoa_maxcut,fixed_graph_review_large,ideal,e1_review,11,,B1,cadence_sweep,full_contract,parallel_fs,parallel_fs,,0.0,1,14,"{'G0': True, 'GA': True, 'GB': False, 'GC': False, 'GD': False, 'GE': False, 'GF': False, 'GH': False}",replay,True,True,False,False,2026-03-28T01:19:10+00:00,2026-03-28T01:19:11.487802+00:00,0.1.0,113aead,522.0,0.016001991271972656,0.4706,,,,,,,,1.0,,,,,1.0,,,1.0,0.0,0.0,,,,0.0018400000000000003,0.0037813244355828857,34.78693754776664
ideal_e1_review_qaoa_maxcut_B1_cad1_seed17,qaoa_maxcut,fixed_graph_review_large,ideal,e1_review,17,,B1,cadence_sweep,full_contract,parallel_fs,parallel_fs,,0.0,1,14,"{'G0': True, 'GA': True, 'GB': False, 'GC': False, 'GD': False, 'GE': False, 'GF': False, 'GH': False}",replay,True,True,False,False,2026-03-21T15:48:01+00:00,2026-03-21T15:48:02.502822+00:00,0.1.0,113aead,522.0,0.016001991271972656,0.4757,,,,,,,,1.0,,,,,1.0,,,1.0,0.0,0.0,,,,0.0018400000000000003,0.003742104023699693,34.78693754776664
ideal_e1_review_qaoa_maxcut_B1_cad1_seed23,qaoa_maxcut,fixed_graph_review_large,ideal,e1_review,23,,B1,cadence_sweep,full_contract,parallel_fs,parallel_fs,,0.0,1,14,"{'G0': True, 'GA': True, 'GB': False, 'GC': False, 'GD': False, 'GE': False, 'GF': False, 'GH': False}",replay,True,True,False,False,2026-03-24T01:43:45+00:00,2026-03-24T01:43:46.502822+00:00,0.1.0,113aead,522.0,0.016001991271972656,0.4757,,,,,,,,1.0,,,,,1.0,,,1.0,0.0,0.0,,,,0.0018400000000000003,0.003742104023699693,34.78693754776664
ideal_e1_review_qaoa_maxcut_B1_cad1_seed31,qaoa_maxcut,fixed_graph_review_large,ideal,e1_review,31,,B1,cadence_sweep,full_contract,parallel_fs,parallel_fs,,0.0,1,14,"{'G0': True, 'GA': True, 'GB': False, 'GC': False, 'GD': False, 'GE': False, 'GF': False, 'GH': False}",replay,True,True,False,False,2026-03-17T09:38:33+00:00,2026-03-17T09:38:34.502822+00:00,0.1.0,113aead,522.0,0.016001991271972656,0.4757,,,,,,,,1.0,,,,,1.0,,,1.0,0.0,0.0,,,,0.0018400000000000003,0.003742104023699693,34.78693754776664
ideal_e1_review_qaoa_maxcut_B1_cad1_seed43,qaoa_maxcut,fixed_graph_review_large,ideal,e1_review,43,,B1,cadence_sweep,full_contract,parallel_fs,parallel_fs,,0.0,1,14,"{'G0': True, 'GA': True, 'GB': False, 'GC': False, 'GD': False, 'GE': False, 'GF': False, 'GH': False}",replay,True,True,False,False,2026-03-10T21:56:05+00:00,2026-03-10T21:56:06.502822+00:00,0.1.0,113aead,522.0,0.016001991271972656,0.4757,,,,,,,,1.0,,,,,1.0,,,1.0,0.0,0.0,,,,0.0018400000000000003,0.003742104023699693,34.78693754776664
ideal_e1_review_qaoa_maxcut_B1_cad1_seed59,qaoa_maxcut,fixed_graph_review_large,ideal,e1_review,59,,B1,cadence_sweep,full_contract,parallel_fs,parallel_fs,,0.0,1,14,"{'G0': True, 'GA': True, 'GB': False, 'GC': False, 'GD': False, 'GE': False, 'GF': False, 'GH': False}",replay,True,True,False,False,2026-03-04T21:23:59+00:00,2026-03-04T21:24:00.615472+00:00,0.1.0,113aead,522.0,0.016001991271972656,0.51395,,,,,,,,1.0,,,,,1.0,,,1.0,0.0,0.0,,,,0.0018400000000000003,0.003472012616810242,34.78693754776664
ideal_e1_review_qaoa_maxcut_B1_cad1_seed71,qaoa_maxcut,fixed_graph_review_large,ideal,e1_review,71,,B1,cadence_sweep,full_contract,parallel_fs,parallel_fs,,0.0,1,14,"{'G0': True, 'GA': True, 'GB': False, 'GC': False, 'GD': False, 'GE': False, 'GF': False, 'GH': False}",replay,True,True,False,False,2026-03-11T08:54:39+00:00,2026-03-11T08:54:40.480292+00:00,0.1.0,113aead,522.0,0.016001991271972656,0.46805,,,,,,,,1.0,,,,,1.0,,,1.0,0.0,0.0,,,,0.0018400000000000003,0.0038012445629340788,34.78693754776664
ideal_e1_review_qaoa_maxcut_B1_cad1_seed83,qaoa_maxcut,fixed_graph_review_large,ideal,e1_review,83,,B1,cadence_sweep,full_contract,parallel_fs,parallel_fs,,0.0,1,14,"{'G0': True, 'GA': True, 'GB': False, 'GC': False, 'GD': False, 'GE': False, 'GF': False, 'GH': False}",replay,True,True,False,False,2026-03-26T20:16:55+00:00,2026-03-26T20:16:56.510332+00:00,0.1.0,113aead,522.0,0.016001991271972656,0.47825,,,,,,,,1.0,,,,,1.0,,,1.0,0.0,0.0,,,,0.0018400000000000003,0.003722797343243279,34.78693754776664
ideal_e1_review_qaoa_maxcut_B1_cad4_seed11,qaoa_maxcut,fixed_graph_review_large,ideal,e1_review,11,,B1,cadence_sweep,full_contract,parallel_fs,parallel_fs,,0.0,4,14,"{'G0': True, 'GA': True, 'GB': False, 'GC': False, 'GD': False, 'GE': False, 'GF': False, 'GH': False}",replay,True,True,False,False,2026-03-16T21:53:33+00:00,2026-03-16T21:53:34.487802+00:00,0.1.0,113aead,522.0,0.016001991271972656,0.4706,,,,,,,,1.0,,,,,1.0,,,1.0,0.0,0.0,,,,0.022080000000000002,0.045375893226994625,34.78693754776664
ideal_e1_review_qaoa_maxcut_B1_cad4_seed17,qaoa_maxcut,fixed_graph_review_large,ideal,e1_review,17,,B1,cadence_sweep,full_contract,parallel_fs,parallel_fs,,0.0,4,14,"{'G0': True, 'GA': True, 'GB': False, 'GC': False, 'GD': False, 'GE': False, 'GF': False, 'GH': False}",replay,True,True,False,False,2026-03-03T11:08:46+00:00,2026-03-03T11:08:47.502822+00:00,0.1.0,113aead,522.0,0.016001991271972656,0.4757,,,,,,,,1.0,,,,,1.0,,,1.0,0.0,0.0,,,,0.022080000000000002,0.044905248284396314,34.78693754776664
ideal_e1_review_qaoa_maxcut_B1_cad4_seed23,qaoa_maxcut,fixed_graph_review_large,ideal,e1_review,23,,B1,cadence_sweep,full_contract,parallel_fs,parallel_fs,,0.0,4,14,"{'G0': True, 'GA': True, 'GB': False, 'GC': False, 'GD': False, 'GE': False, 'GF': False, 'GH': False}",replay,True,True,False,False,2026-03-14T08:46:59+00:00,2026-03-14T08:47:00.502822+00:00,0.1.0,113aead,522.0,0.016001991271972656,0.4757,,,,,,,,1.0,,,,,1.0,,,1.0,0.0,0.0,,,,0.022080000000000002,0.044905248284396314,34.78693754776664
ideal_e1_review_qaoa_maxcut_B1_cad4_seed31,qaoa_maxcut,fixed_graph_review_large,ideal,e1_review,31,,B1,cadence_sweep,full_contract,parallel_fs,parallel_fs,,0.0,4,14,"{'G0': True, 'GA': True, 'GB': False, 'GC': False, 'GD': False, 'GE': False, 'GF': False, 'GH': False}",replay,True,True,False,False,2026-03-27T10:37:27+00:00,2026-03-27T10:37:28.502822+00:00,0.1.0,113aead,522.0,0.016001991271972656,0.4757,,,,,,,,1.0,,,,,1.0,,,1.0,0.0,0.0,,,,0.022080000000000002,0.044905248284396314,34.78693754776664
ideal_e1_review_qaoa_maxcut_B1_cad4_seed43,qaoa_maxcut,fixed_graph_review_large,ideal,e1_review,43,,B1,cadence_sweep,full_contract,parallel_fs,parallel_fs,,0.0,4,14,"{'G0': True, 'GA': True, 'GB': False, 'GC': False, 'GD': False, 'GE': False, 'GF': False, 'GH': False}",replay,True,True,False,False,2026-03-14T09:27:38+00:00,2026-03-14T09:27:39.502822+00:00,0.1.0,113aead,522.0,0.016001991271972656,0.4757,,,,,,,,1.0,,,,,1.0,,,1.0,0.0,0.0,,,,0.022080000000000002,0.044905248284396314,34.78693754776664
ideal_e1_review_qaoa_maxcut_B1_cad4_seed59,qaoa_maxcut,fixed_graph_review_large,ideal,e1_review,59,,B1,cadence_sweep,full_contract,parallel_fs,parallel_fs,,0.0,4,14,"{'G0': True, 'GA': True, 'GB': False, 'GC': False, 'GD': False, 'GE': False, 'GF': False, 'GH': False}",replay,True,True,False,False,2026-03-07T05:20:21+00:00,2026-03-07T05:20:22.615472+00:00,0.1.0,113aead,522.0,0.016001991271972656,0.51395,,,,,,,,1.0,,,,,1.0,,,1.0,0.0,0.0,,,,0.022080000000000002,0.0416641514017229,34.78693754776664
ideal_e1_review_qaoa_maxcut_B1_cad4_seed71,qaoa_maxcut,fixed_graph_review_large,ideal,e1_review,71,,B1,cadence_sweep,full_contract,parallel_fs,parallel_fs,,0.0,4,14,"{'G0': True, 'GA': True, 'GB': False, 'GC': False, 'GD': False, 'GE': False, 'GF': False, 'GH': False}",replay,True,True,False,False,2026-03-19T01:28:08+00:00,2026-03-19T01:28:09.480292+00:00,0.1.0,113aead,522.0,0.016001991271972656,0.46805,,,,,,,,1.0,,,,,1.0,,,1.0,0.0,0.0,,,,0.022080000000000002,0.04561493475520894,34.78693754776664
ideal_e1_review_qaoa_maxcut_B1_cad4_seed83,qaoa_maxcut,fixed_graph_review_large,ideal,e1_review,83,,B1,cadence_sweep,full_contract,parallel_fs,parallel_fs,,0.0,4,14,"{'G0': True, 'GA': True, 'GB': False, 'GC': False, 'GD': False, 'GE': False, 'GF': False, 'GH': False}",replay,True,True,False,False,2026-03-20T22:04:09+00:00,2026-03-20T22:04:10.510332+00:00,0.1.0,113aead,522.0,0.016001991271972656,0.47825,,,,,,,,1.0,,,,,1.0,,,1.0,0.0,0.0,,,,0.022080000000000002,0.04467356811891935,34.78693754776664
ideal_e1_review_qaoa_maxcut_B1_cad8_seed11,qaoa_maxcut,fixed_graph_review_large,ideal,e1_review,11,,B1,cadence_sweep,full_contract,parallel_fs,parallel_fs,,0.0,8,14,"{'G0': True, 'GA': True, 'GB': False, 'GC': False, 'GD': False, 'GE': False, 'GF': False, 'GH': False}",replay,True,True,False,False,2026-03-12T22:30:19+00:00,2026-03-12T22:30:20.487802+00:00,0.1.0,113aead,522.0,0.016001991271972656,0.4706,,,,,,,,1.0,,,,,1.0,,,1.0,0.0,0.0,,,,0.05152000000000001,0.1058770841963208,34.78693754776664
ideal_e1_review_qaoa_maxcut_B1_cad8_seed17,qaoa_maxcut,fixed_graph_review_large,ideal,e1_review,17,,B1,cadence_sweep,full_contract,parallel_fs,parallel_fs,,0.0,8,14,"{'G0': True, 'GA': True, 'GB': False, 'GC': False, 'GD': False, 'GE': False, 'GF': False, 'GH': False}",replay,True,True,False,False,2026-03-17T06:46:45+00:00,2026-03-17T06:46:46.502822+00:00,0.1.0,113aead,522.0,0.016001991271972656,0.4757,,,,,,,,1.0,,,,,1.0,,,1.0,0.0,0.0,,,,0.05152000000000001,0.1047789126635914,34.78693754776664
ideal_e1_review_qaoa_maxcut_B1_cad8_seed23,qaoa_maxcut,fixed_graph_review_large,ideal,e1_review,23,,B1,cadence_sweep,full_contract,parallel_fs,parallel_fs,,0.0,8,14,"{'G0': True, 'GA': True, 'GB': False, 'GC': False, 'GD': False, 'GE': False, 'GF': False, 'GH': False}",replay,True,True,False,False,2026-03-22T20:37:58+00:00,2026-03-22T20:37:59.502822+00:00,0.1.0,113aead,522.0,0.016001991271972656,0.4757,,,,,,,,1.0,,,,,1.0,,,1.0,0.0,0.0,,,,0.05152000000000001,0.1047789126635914,34.78693754776664
ideal_e1_review_qaoa_maxcut_B1_cad8_seed31,qaoa_maxcut,fixed_graph_review_large,ideal,e1_review,31,,B1,cadence_sweep,full_contract,parallel_fs,parallel_fs,,0.0,8,14,"{'G0': True, 'GA': True, 'GB': False, 'GC': False, 'GD': False, 'GE': False, 'GF': False, 'GH': False}",replay,True,True,False,False,2026-03-13T19:17:25+00:00,2026-03-13T19:17:26.502822+00:00,0.1.0,113aead,522.0,0.016001991271972656,0.4757,,,,,,,,1.0,,,,,1.0,,,1.0,0.0,0.0,,,,0.05152000000000001,0.1047789126635914,34.78693754776664
ideal_e1_review_qaoa_maxcut_B1_cad8_seed43,qaoa_maxcut,fixed_graph_review_large,ideal,e1_review,43,,B1,cadence_sweep,full_contract,parallel_fs,parallel_fs,,0.0,8,14,"{'G0': True, 'GA': True, 'GB': False, 'GC': False, 'GD': False, 'GE': False, 'GF': False, 'GH': False}",replay,True,True,False,False,2026-03-13T12:07:01+00:00,2026-03-13T12:07:02.502822+00:00,0.1.0,113aead,522.0,0.016001991271972656,0.4757,,,,,,,,1.0,,,,,1.0,,,1.0,0.0,0.0,,,,0.05152000000000001,0.1047789126635914,34.78693754776664
ideal_e1_review_qaoa_maxcut_B1_cad8_seed59,qaoa_maxcut,fixed_graph_review_large,ideal,e1_review,59,,B1,cadence_sweep,full_contract,parallel_fs,parallel_fs,,0.0,8,14,"{'G0': True, 'GA': True, 'GB': False, 'GC': False, 'GD': False, 'GE': False, 'GF': False, 'GH': False}",replay,True,True,False,False,2026-03-23T02:34:33+00:00,2026-03-23T02:34:34.615472+00:00,0.1.0,113aead,522.0,0.016001991271972656,0.51395,,,,,,,,1.0,,,,,1.0,,,1.0,0.0,0.0,,,,0.05152000000000001,0.09721635327068677,34.78693754776664
ideal_e1_review_qaoa_maxcut_B1_cad8_seed71,qaoa_maxcut,fixed_graph_review_large,ideal,e1_review,71,,B1,cadence_sweep,full_contract,parallel_fs,parallel_fs,,0.0,8,14,"{'G0': True, 'GA': True, 'GB': False, 'GC': False, 'GD': False, 'GE': False, 'GF': False, 'GH': False}",replay,True,True,False,False,2026-03-20T09:51:59+00:00,2026-03-20T09:52:00.480292+00:00,0.1.0,113aead,522.0,0.016001991271972656,0.46805,,,,,,,,1.0,,,,,1.0,,,1.0,0.0,0.0,,,,0.05152000000000001,0.10643484776215421,34.78693754776664
ideal_e1_review_qaoa_maxcut_B1_cad8_seed83,qaoa_maxcut,fixed_graph_review_large,ideal,e1_review,83,,B1,cadence_sweep,full_contract,parallel_fs,parallel_fs,,0.0,8,14,"{'G0': True, 'GA': True, 'GB': False, 'GC': False, 'GD': False, 'GE': False, 'GF': False, 'GH': False}",replay,True,True,False,False,2026-03-23T19:20:45+00:00,2026-03-23T19:20:46.510332+00:00,0.1.0,113aead,522.0,0.016001991271972656,0.47825,,,,,,,,1.0,,,,,1.0,,,1.0,0.0,0.0,,,,0.05152000000000001,0.10423832561081182,34.78693754776664
ideal_e1_review_qaoa_maxcut_B1_cad16_seed11,qaoa_maxcut,fixed_graph_review_large,ideal,e1_review,11,,B1,cadence_sweep,full_contract,parallel_fs,parallel_fs,,0.0,16,14,"{'G0': True, 'GA': True, 'GB': False, 'GC': False, 'GD': False, 'GE': False, 'GF': False, 'GH': False}",replay,True,True,False,False,2026-03-28T07:21:06+00:00,2026-03-28T07:21:07.487802+00:00,0.1.0,113aead,522.0,0.016001991271972656,0.4706,,,,,,,,1.0,,,,,1.0,,,1.0,0.0,0.0,,,,0.11040000000000001,0.22687946613497312,34.78693754776664
ideal_e1_review_qaoa_maxcut_B1_cad16_seed17,qaoa_maxcut,fixed_graph_review_large,ideal,e1_review,17,,B1,cadence_sweep,full_contract,parallel_fs,parallel_fs,,0.0,16,14,"{'G0': True, 'GA': True, 'GB': False, 'GC': False, 'GD': False, 'GE': False, 'GF': False, 'GH': False}",replay,True,True,False,False,2026-03-07T06:05:59+00:00,2026-03-07T06:06:00.502822+00:00,0.1.0,113aead,522.0,0.016001991271972656,0.4757,,,,,,,,1.0,,,,,1.0,,,1.0,0.0,0.0,,,,0.11040000000000001,0.22452624142198158,34.78693754776664
ideal_e1_review_qaoa_maxcut_B1_cad16_seed23,qaoa_maxcut,fixed_graph_review_large,ideal,e1_review,23,,B1,cadence_sweep,full_contract,parallel_fs,parallel_fs,,0.0,16,14,"{'G0': True, 'GA': True, 'GB': False, 'GC': False, 'GD': False, 'GE': False, 'GF': False, 'GH': False}",replay,True,True,False,False,2026-03-22T02:52:23+00:00,2026-03-22T02:52:24.502822+00:00,0.1.0,113aead,522.0,0.016001991271972656,0.4757,,,,,,,,1.0,,,,,1.0,,,1.0,0.0,0.0,,,,0.11040000000000001,0.22452624142198158,34.78693754776664
ideal_e1_review_qaoa_maxcut_B1_cad16_seed31,qaoa_maxcut,fixed_graph_review_large,ideal,e1_review,31,,B1,cadence_sweep,full_contract,parallel_fs,parallel_fs,,0.0,16,14,"{'G0': True, 'GA': True, 'GB': False, 'GC': False, 'GD': False, 'GE': False, 'GF': False, 'GH': False}",replay,True,True,False,False,2026-03-12T20:14:43+00:00,2026-03-12T20:14:44.502822+00:00,0.1.0,113aead,522.0,0.016001991271972656,0.4757,,,,,,,,1.0,,,,,1.0,,,1.0,0.0,0.0,,,,0.11040000000000001,0.22452624142198158,34.78693754776664
ideal_e1_review_qaoa_maxcut_B1_cad16_seed43,qaoa_maxcut,fixed_graph_review_large,ideal,e1_review,43,,B1,cadence_sweep,full_contract,parallel_fs,parallel_fs,,0.0,16,14,"{'G0': True, 'GA': True, 'GB': False, 'GC': False, 'GD': False, 'GE': False, 'GF': False, 'GH': False}",replay,True,True,False,False,2026-03-30T21:24:17+00:00,2026-03-30T21:24:18.502822+00:00,0.1.0,113aead,522.0,0.016001991271972656,0.4757,,,,,,,,1.0,,,,,1.0,,,1.0,0.0,0.0,,,,0.11040000000000001,0.22452624142198158,34.78693754776664
ideal_e1_review_qaoa_maxcut_B1_cad16_seed59,qaoa_maxcut,fixed_graph_review_large,ideal,e1_review,59,,B1,cadence_sweep,full_contract,parallel_fs,parallel_fs,,0.0,16,14,"{'G0': True, 'GA': True, 'GB': False, 'GC': False, 'GD': False, 'GE': False, 'GF': False, 'GH': False}",replay,True,True,False,False,2026-03-20T21:14:05+00:00,2026-03-20T21:14:06.615472+00:00,0.1.0,113aead,522.0,0.016001991271972656,0.51395,,,,,,,,1.0,,,,,1.0,,,1.0,0.0,0.0,,,,0.11040000000000001,0.2083207570086145,34.78693754776664
ideal_e1_review_qaoa_maxcut_B1_cad16_seed71,qaoa_maxcut,fixed_graph_review_large,ideal,e1_review,71,,B1,cadence_sweep,full_contract,parallel_fs,parallel_fs,,0.0,16,14,"{'G0': True, 'GA': True, 'GB': False, 'GC': False, 'GD': False, 'GE': False, 'GF': False, 'GH': False}",replay,True,True,False,False,2026-03-08T19:14:27+00:00,2026-03-08T19:14:28.480292+00:00,0.1.0,113aead,522.0,0.016001991271972656,0.46805,,,,,,,,1.0,,,,,1.0,,,1.0,0.0,0.0,,,,0.11040000000000001,0.2280746737760447,34.78693754776664
ideal_e1_review_qaoa_maxcut_B1_cad16_seed83,qaoa_maxcut,fixed_graph_review_large,ideal,e1_review,83,,B1,cadence_sweep,full_contract,parallel_fs,parallel_fs,,0.0,16,14,"{'G0': True, 'GA': True, 'GB': False, 'GC': False, 'GD': False, 'GE': False, 'GF': False, 'GH': False}",replay,True,True,False,False,2026-03-23T16:09:31+00:00,2026-03-23T16:09:32.510332+00:00,0.1.0,113aead,522.0,0.016001991271972656,0.47825,,,,,,,,1.0,,,,,1.0,,,1.0,0.0,0.0,,,,0.11040000000000001,0.22336784059459674,34.78693754776664
ideal_e1_review_qaoa_maxcut_B2_cad1_seed11,qaoa_maxcut,fixed_graph_review_large,ideal,e1_review,11,,B2,cadence_sweep,full_contract,parallel_fs,parallel_fs,,0.0,1,14,"{'G0': True, 'GA': True, 'GB': False, 'GC': False, 'GD': True, 'GE': True, 'GF': False, 'GH': False}",replay,True,True,False,False,2026-03-02T06:10:20+00:00,2026-03-02T06:10:21.487803+00:00,0.1.0,113aead,717.0,0.016002735137939452,0.4706,,,,,,,,1.0,,,,,1.0,,,1.0,0.0,0.0,,,,0.004060000000000001,0.008343561815058633,27.590922651619742
ideal_e1_review_qaoa_maxcut_B2_cad1_seed17,qaoa_maxcut,fixed_graph_review_large,ideal,e1_review,17,,B2,cadence_sweep,full_contract,parallel_fs,parallel_fs,,0.0,1,14,"{'G0': True, 'GA': True, 'GB': False, 'GC': False, 'GD': True, 'GE': True, 'GF': False, 'GH': False}",replay,True,True,False,False,2026-03-15T01:29:04+00:00,2026-03-15T01:29:05.502823+00:00,0.1.0,113aead,717.0,0.016002735137939452,0.4757,,,,,,,,1.0,,,,,1.0,,,1.0,0.0,0.0,,,,0.004060000000000001,0.008257021386836566,27.590922651619742
ideal_e1_review_qaoa_maxcut_B2_cad1_seed23,qaoa_maxcut,fixed_graph_review_large,ideal,e1_review,23,,B2,cadence_sweep,full_contract,parallel_fs,parallel_fs,,0.0,1,14,"{'G0': True, 'GA': True, 'GB': False, 'GC': False, 'GD': True, 'GE': True, 'GF': False, 'GH': False}",replay,True,True,False,False,2026-03-12T00:17:25+00:00,2026-03-12T00:17:26.502823+00:00,0.1.0,113aead,717.0,0.016002735137939452,0.4757,,,,,,,,1.0,,,,,1.0,,,1.0,0.0,0.0,,,,0.004060000000000001,0.008257021386836566,27.590922651619742
ideal_e1_review_qaoa_maxcut_B2_cad1_seed31,qaoa_maxcut,fixed_graph_review_large,ideal,e1_review,31,,B2,cadence_sweep,full_contract,parallel_fs,parallel_fs,,0.0,1,14,"{'G0': True, 'GA': True, 'GB': False, 'GC': False, 'GD': True, 'GE': True, 'GF': False, 'GH': False}",replay,True,True,False,False,2026-03-04T16:28:29+00:00,2026-03-04T16:28:30.502823+00:00,0.1.0,113aead,717.0,0.016002735137939452,0.4757,,,,,,,,1.0,,,,,1.0,,,1.0,0.0,0.0,,,,0.004060000000000001,0.008257021386836566,27.590922651619742
ideal_e1_review_qaoa_maxcut_B2_cad1_seed43,qaoa_maxcut,fixed_graph_review_large,ideal,e1_review,43,,B2,cadence_sweep,full_contract,parallel_fs,parallel_fs,,0.0,1,14,"{'G0': True, 'GA': True, 'GB': False, 'GC': False, 'GD': True, 'GE': True, 'GF': False, 'GH': False}",replay,True,True,False,False,2026-03-06T06:08:31+00:00,2026-03-06T06:08:32.502823+00:00,0.1.0,113aead,717.0,0.016002735137939452,0.4757,,,,,,,,1.0,,,,,1.0,,,1.0,0.0,0.0,,,,0.004060000000000001,0.008257021386836566,27.590922651619742
ideal_e1_review_qaoa_maxcut_B2_cad1_seed59,qaoa_maxcut,fixed_graph_review_large,ideal,e1_review,59,,B2,cadence_sweep,full_contract,parallel_fs,parallel_fs,,0.0,1,14,"{'G0': True, 'GA': True, 'GB': False, 'GC': False, 'GD': True, 'GE': True, 'GF': False, 'GH': False}",replay,True,True,False,False,2026-03-10T20:48:42+00:00,2026-03-10T20:48:43.615473+00:00,0.1.0,113aead,717.0,0.016002735137939452,0.51395,,,,,,,,1.0,,,,,1.0,,,1.0,0.0,0.0,,,,0.004060000000000001,0.00766106056409585,27.590922651619742
ideal_e1_review_qaoa_maxcut_B2_cad1_seed71,qaoa_maxcut,fixed_graph_review_large,ideal,e1_review,71,,B2,cadence_sweep,full_contract,parallel_fs,parallel_fs,,0.0,1,14,"{'G0': True, 'GA': True, 'GB': False, 'GC': False, 'GD': True, 'GE': True, 'GF': False, 'GH': False}",replay,True,True,False,False,2026-03-11T01:38:22+00:00,2026-03-11T01:38:23.480293+00:00,0.1.0,113aead,717.0,0.016002735137939452,0.46805,,,,,,,,1.0,,,,,1.0,,,1.0,0.0,0.0,,,,0.004060000000000001,0.008387515874366524,27.590922651619742
ideal_e1_review_qaoa_maxcut_B2_cad1_seed83,qaoa_maxcut,fixed_graph_review_large,ideal,e1_review,83,,B2,cadence_sweep,full_contract,parallel_fs,parallel_fs,,0.0,1,14,"{'G0': True, 'GA': True, 'GB': False, 'GC': False, 'GD': True, 'GE': True, 'GF': False, 'GH': False}",replay,True,True,False,False,2026-03-19T21:47:26+00:00,2026-03-19T21:47:27.510333+00:00,0.1.0,113aead,717.0,0.016002735137939452,0.47825,,,,,,,,1.0,,,,,1.0,,,1.0,0.0,0.0,,,,0.004060000000000001,0.008214420905261978,27.590922651619742
ideal_e1_review_qaoa_maxcut_B2_cad4_seed11,qaoa_maxcut,fixed_graph_review_large,ideal,e1_review,11,,B2,cadence_sweep,full_contract,parallel_fs,parallel_fs,,0.0,4,14,"{'G0': True, 'GA': True, 'GB': False, 'GC': False, 'GD': True, 'GE': True, 'GF': False, 'GH': False}",replay,True,True,False,False,2026-03-06T08:51:15+00:00,2026-03-06T08:51:16.487803+00:00,0.1.0,113aead,717.0,0.016002735137939452,0.4706,,,,,,,,1.0,,,,,1.0,,,1.0,0.0,0.0,,,,0.04872000000000001,0.10012274178070359,27.590922651619742
ideal_e1_review_qaoa_maxcut_B2_cad4_seed17,qaoa_maxcut,fixed_graph_review_large,ideal,e1_review,17,,B2,cadence_sweep,full_contract,parallel_fs,parallel_fs,,0.0,4,14,"{'G0': True, 'GA': True, 'GB': False, 'GC': False, 'GD': True, 'GE': True, 'GF': False, 'GH': False}",replay,True,True,False,False,2026-03-11T04:04:31+00:00,2026-03-11T04:04:32.502823+00:00,0.1.0,113aead,717.0,0.016002735137939452,0.4757,,,,,,,,1.0,,,,,1.0,,,1.0,0.0,0.0,,,,0.04872000000000001,0.09908425664203878,27.590922651619742
ideal_e1_review_qaoa_maxcut_B2_cad4_seed23,qaoa_maxcut,fixed_graph_review_large,ideal,e1_review,23,,B2,cadence_sweep,full_contract,parallel_fs,parallel_fs,,0.0,4,14,"{'G0': True, 'GA': True, 'GB': False, 'GC': False, 'GD': True, 'GE': True, 'GF': False, 'GH': False}",replay,True,True,False,False,2026-03-18T12:48:52+00:00,2026-03-18T12:48:53.502823+00:00,0.1.0,113aead,717.0,0.016002735137939452,0.4757,,,,,,,,1.0,,,,,1.0,,,1.0,0.0,0.0,,,,0.04872000000000001,0.09908425664203878,27.590922651619742
ideal_e1_review_qaoa_maxcut_B2_cad4_seed31,qaoa_maxcut,fixed_graph_review_large,ideal,e1_review,31,,B2,cadence_sweep,full_contract,parallel_fs,parallel_fs,,0.0,4,14,"{'G0': True, 'GA': True, 'GB': False, 'GC': False, 'GD': True, 'GE': True, 'GF': False, 'GH': False}",replay,True,True,False,False,2026-03-15T05:35:45+00:00,2026-03-15T05:35:46.502823+00:00,0.1.0,113aead,717.0,0.016002735137939452,0.4757,,,,,,,,1.0,,,,,1.0,,,1.0,0.0,0.0,,,,0.04872000000000001,0.09908425664203878,27.590922651619742
ideal_e1_review_qaoa_maxcut_B2_cad4_seed43,qaoa_maxcut,fixed_graph_review_large,ideal,e1_review,43,,B2,cadence_sweep,full_contract,parallel_fs,parallel_fs,,0.0,4,14,"{'G0': True, 'GA': True, 'GB': False, 'GC': False, 'GD': True, 'GE': True, 'GF': False, 'GH': False}",replay,True,True,False,False,2026-03-17T12:31:52+00:00,2026-03-17T12:31:53.502823+00:00,0.1.0,113aead,717.0,0.016002735137939452,0.4757,,,,,,,,1.0,,,,,1.0,,,1.0,0.0,0.0,,,,0.04872000000000001,0.09908425664203878,27.590922651619742
ideal_e1_review_qaoa_maxcut_B2_cad4_seed59,qaoa_maxcut,fixed_graph_review_large,ideal,e1_review,59,,B2,cadence_sweep,full_contract,parallel_fs,parallel_fs,,0.0,4,14,"{'G0': True, 'GA': True, 'GB': False, 'GC': False, 'GD': True, 'GE': True, 'GF': False, 'GH': False}",replay,True,True,False,False,2026-03-09T22:07:06+00:00,2026-03-09T22:07:07.615473+00:00,0.1.0,113aead,717.0,0.016002735137939452,0.51395,,,,,,,,1.0,,,,,1.0,,,1.0,0.0,0.0,,,,0.04872000000000001,0.0919327267691502,27.590922651619742
ideal_e1_review_qaoa_maxcut_B2_cad4_seed71,qaoa_maxcut,fixed_graph_review_large,ideal,e1_review,71,,B2,cadence_sweep,full_contract,parallel_fs,parallel_fs,,0.0,4,14,"{'G0': True, 'GA': True, 'GB': False, 'GC': False, 'GD': True, 'GE': True, 'GF': False, 'GH': False}",replay,True,True,False,False,2026-03-24T23:41:29+00:00,2026-03-24T23:41:30.480293+00:00,0.1.0,113aead,717.0,0.016002735137939452,0.46805,,,,,,,,1.0,,,,,1.0,,,1.0,0.0,0.0,,,,0.04872000000000001,0.10065019049239828,27.590922651619742
ideal_e1_review_qaoa_maxcut_B2_cad4_seed83,qaoa_maxcut,fixed_graph_review_large,ideal,e1_review,83,,B2,cadence_sweep,full_contract,parallel_fs,parallel_fs,,0.0,4,14,"{'G0': True, 'GA': True, 'GB': False, 'GC': False, 'GD': True, 'GE': True, 'GF': False, 'GH': False}",replay,True,True,False,False,2026-03-28T22:34:03+00:00,2026-03-28T22:34:04.510333+00:00,0.1.0,113aead,717.0,0.016002735137939452,0.47825,,,,,,,,1.0,,,,,1.0,,,1.0,0.0,0.0,,,,0.04872000000000001,0.09857305086314373,27.590922651619742
ideal_e1_review_qaoa_maxcut_B2_cad8_seed11,qaoa_maxcut,fixed_graph_review_large,ideal,e1_review,11,,B2,cadence_sweep,full_contract,parallel_fs,parallel_fs,,0.0,8,14,"{'G0': True, 'GA': True, 'GB': False, 'GC': False, 'GD': True, 'GE': True, 'GF': False, 'GH': False}",replay,True,True,False,False,2026-03-11T20:58:37+00:00,2026-03-11T20:58:38.487803+00:00,0.1.0,113aead,717.0,0.016002735137939452,0.4706,,,,,,,,1.0,,,,,1.0,,,1.0,0.0,0.0,,,,0.11368000000000003,0.23361973082164172,27.590922651619742
ideal_e1_review_qaoa_maxcut_B2_cad8_seed17,qaoa_maxcut,fixed_graph_review_large,ideal,e1_review,17,,B2,cadence_sweep,full_contract,parallel_fs,parallel_fs,,0.0,8,14,"{'G0': True, 'GA': True, 'GB': False, 'GC': False, 'GD': True, 'GE': True, 'GF': False, 'GH': False}",replay,True,True,False,False,2026-03-15T10:54:48+00:00,2026-03-15T10:54:49.502823+00:00,0.1.0,113aead,717.0,0.016002735137939452,0.4757,,,,,,,,1.0,,,,,1.0,,,1.0,0.0,0.0,,,,0.11368000000000003,0.23119659883142382,27.590922651619742
ideal_e1_review_qaoa_maxcut_B2_cad8_seed23,qaoa_maxcut,fixed_graph_review_large,ideal,e1_review,23,,B2,cadence_sweep,full_contract,parallel_fs,parallel_fs,,0.0,8,14,"{'G0': True, 'GA': True, 'GB': False, 'GC': False, 'GD': True, 'GE': True, 'GF': False, 'GH': False}",replay,True,True,False,False,2026-03-21T21:42:42+00:00,2026-03-21T21:42:43.502823+00:00,0.1.0,113aead,717.0,0.016002735137939452,0.4757,,,,,,,,1.0,,,,,1.0,,,1.0,0.0,0.0,,,,0.11368000000000003,0.23119659883142382,27.590922651619742
ideal_e1_review_qaoa_maxcut_B2_cad8_seed31,qaoa_maxcut,fixed_graph_review_large,ideal,e1_review,31,,B2,cadence_sweep,full_contract,parallel_fs,parallel_fs,,0.0,8,14,"{'G0': True, 'GA': True, 'GB': False, 'GC': False, 'GD': True, 'GE': True, 'GF': False, 'GH': False}",replay,True,True,False,False,2026-03-26T02:44:38+00:00,2026-03-26T02:44:39.502823+00:00,0.1.0,113aead,717.0,0.016002735137939452,0.4757,,,,,,,,1.0,,,,,1.0,,,1.0,0.0,0.0,,,,0.11368000000000003,0.23119659883142382,27.590922651619742
ideal_e1_review_qaoa_maxcut_B2_cad8_seed43,qaoa_maxcut,fixed_graph_review_large,ideal,e1_review,43,,B2,cadence_sweep,full_contract,parallel_fs,parallel_fs,,0.0,8,14,"{'G0': True, 'GA': True, 'GB': False, 'GC': False, 'GD': True, 'GE': True, 'GF': False, 'GH': False}",replay,True,True,False,False,2026-03-20T10:27:43+00:00,2026-03-20T10:27:44.502823+00:00,0.1.0,113aead,717.0,0.016002735137939452,0.4757,,,,,,,,1.0,,,,,1.0,,,1.0,0.0,0.0,,,,0.11368000000000003,0.23119659883142382,27.590922651619742
ideal_e1_review_qaoa_maxcut_B2_cad8_seed59,qaoa_maxcut,fixed_graph_review_large,ideal,e1_review,59,,B2,cadence_sweep,full_contract,parallel_fs,parallel_fs,,0.0,8,14,"{'G0': True, 'GA': True, 'GB': False, 'GC': False, 'GD': True, 'GE': True, 'GF': False, 'GH': False}",replay,True,True,False,False,2026-03-11T12:15:34+00:00,2026-03-11T12:15:35.615473+00:00,0.1.0,113aead,717.0,0.016002735137939452,0.51395,,,,,,,,1.0,,,,,1.0,,,1.0,0.0,0.0,,,,0.11368000000000003,0.2145096957946838,27.590922651619742
ideal_e1_review_qaoa_maxcut_B2_cad8_seed71,qaoa_maxcut,fixed_graph_review_large,ideal,e1_review,71,,B2,cadence_sweep,full_contract,parallel_fs,parallel_fs,,0.0,8,14,"{'G0': True, 'GA': True, 'GB': False, 'GC': False, 'GD': True, 'GE': True, 'GF': False, 'GH': False}",replay,True,True,False,False,2026-03-10T17:12:09+00:00,2026-03-10T17:12:10.480293+00:00,0.1.0,113aead,717.0,0.016002735137939452,0.46805,,,,,,,,1.0,,,,,1.0,,,1.0,0.0,0.0,,,,0.11368000000000003,0.23485044448226264,27.590922651619742
ideal_e1_review_qaoa_maxcut_B2_cad8_seed83,qaoa_maxcut,fixed_graph_review_large,ideal,e1_review,83,,B2,cadence_sweep,full_contract,parallel_fs,parallel_fs,,0.0,8,14,"{'G0': True, 'GA': True, 'GB': False, 'GC': False, 'GD': True, 'GE': True, 'GF': False, 'GH': False}",replay,True,True,False,False,2026-03-11T00:57:17+00:00,2026-03-11T00:57:18.510333+00:00,0.1.0,113aead,717.0,0.016002735137939452,0.47825,,,,,,,,1.0,,,,,1.0,,,1.0,0.0,0.0,,,,0.11368000000000003,0.23000378534733537,27.590922651619742
ideal_e1_review_qaoa_maxcut_B2_cad16_seed11,qaoa_maxcut,fixed_graph_review_large,ideal,e1_review,11,,B2,cadence_sweep,full_contract,parallel_fs,parallel_fs,,0.0,16,14,"{'G0': True, 'GA': True, 'GB': False, 'GC': False, 'GD': True, 'GE': True, 'GF': False, 'GH': False}",replay,True,True,False,False,2026-03-17T19:12:59+00:00,2026-03-17T19:13:00.487803+00:00,0.1.0,113aead,717.0,0.016002735137939452,0.4706,,,,,,,,1.0,,,,,1.0,,,1.0,0.0,0.0,,,,0.24360000000000004,0.5006137089035179,27.590922651619742
ideal_e1_review_qaoa_maxcut_B2_cad16_seed17,qaoa_maxcut,fixed_graph_review_large,ideal,e1_review,17,,B2,cadence_sweep,full_contract,parallel_fs,parallel_fs,,0.0,16,14,"{'G0': True, 'GA': True, 'GB': False, 'GC': False, 'GD': True, 'GE': True, 'GF': False, 'GH': False}",replay,True,True,False,False,2026-03-29T17:53:29+00:00,2026-03-29T17:53:30.502823+00:00,0.1.0,113aead,717.0,0.016002735137939452,0.4757,,,,,,,,1.0,,,,,1.0,,,1.0,0.0,0.0,,,,0.24360000000000004,0.49542128321019385,27.590922651619742
ideal_e1_review_qaoa_maxcut_B2_cad16_seed23,qaoa_maxcut,fixed_graph_review_large,ideal,e1_review,23,,B2,cadence_sweep,full_contract,parallel_fs,parallel_fs,,0.0,16,14,"{'G0': True, 'GA': True, 'GB': False, 'GC': False, 'GD': True, 'GE': True, 'GF': False, 'GH': False}",replay,True,True,False,False,2026-03-24T17:05:20+00:00,2026-03-24T17:05:21.502823+00:00,0.1.0,113aead,717.0,0.016002735137939452,0.4757,,,,,,,,1.0,,,,,1.0,,,1.0,0.0,0.0,,,,0.24360000000000004,0.49542128321019385,27.590922651619742
ideal_e1_review_qaoa_maxcut_B2_cad16_seed31,qaoa_maxcut,fixed_graph_review_large,ideal,e1_review,31,,B2,cadence_sweep,full_contract,parallel_fs,parallel_fs,,0.0,16,14,"{'G0': True, 'GA': True, 'GB': False, 'GC': False, 'GD': True, 'GE': True, 'GF': False, 'GH': False}",replay,True,True,False,False,2026-03-07T01:19:22+00:00,2026-03-07T01:19:23.502823+00:00,0.1.0,113aead,717.0,0.016002735137939452,0.4757,,,,,,,,1.0,,,,,1.0,,,1.0,0.0,0.0,,,,0.24360000000000004,0.49542128321019385,27.590922651619742
ideal_e1_review_qaoa_maxcut_B2_cad16_seed43,qaoa_maxcut,fixed_graph_review_large,ideal,e1_review,43,,B2,cadence_sweep,full_contract,parallel_fs,parallel_fs,,0.0,16,14,"{'G0': True, 'GA': True, 'GB': False, 'GC': False, 'GD': True, 'GE': True, 'GF': False, 'GH': False}",replay,True,True,False,False,2026-03-17T12:01:34+00:00,2026-03-17T12:01:35.502823+00:00,0.1.0,113aead,717.0,0.016002735137939452,0.4757,,,,,,,,1.0,,,,,1.0,,,1.0,0.0,0.0,,,,0.24360000000000004,0.49542128321019385,27.590922651619742
ideal_e1_review_qaoa_maxcut_B2_cad16_seed59,qaoa_maxcut,fixed_graph_review_large,ideal,e1_review,59,,B2,cadence_sweep,full_contract,parallel_fs,parallel_fs,,0.0,16,14,"{'G0': True, 'GA': True, 'GB': False, 'GC': False, 'GD': True, 'GE': True, 'GF': False, 'GH': False}",replay,True,True,False,False,2026-03-23T10:34:29+00:00,2026-03-23T10:34:30.615473+00:00,0.1.0,113aead,717.0,0.016002735137939452,0.51395,,,,,,,,1.0,,,,,1.0,,,1.0,0.0,0.0,,,,0.24360000000000004,0.45966363384575093,27.590922651619742
ideal_e1_review_qaoa_maxcut_B2_cad16_seed71,qaoa_maxcut,fixed_graph_review_large,ideal,e1_review,71,,B2,cadence_sweep,full_contract,parallel_fs,parallel_fs,,0.0,16,14,"{'G0': True, 'GA': True, 'GB': False, 'GC': False, 'GD': True, 'GE': True, 'GF': False, 'GH': False}",replay,True,True,False,False,2026-03-27T22:09:32+00:00,2026-03-27T22:09:33.480293+00:00,0.1.0,113aead,717.0,0.016002735137939452,0.46805,,,,,,,,1.0,,,,,1.0,,,1.0,0.0,0.0,,,,0.24360000000000004,0.5032509524619914,27.590922651619742
ideal_e1_review_qaoa_maxcut_B2_cad16_seed83,qaoa_maxcut,fixed_graph_review_large,ideal,e1_review,83,,B2,cadence_sweep,full_contract,parallel_fs,parallel_fs,,0.0,16,14,"{'G0': True, 'GA': True, 'GB': False, 'GC': False, 'GD': True, 'GE': True, 'GF': False, 'GH': False}",replay,True,True,False,False,2026-03-26T17:02:37+00:00,2026-03-26T17:02:38.510333+00:00,0.1.0,113aead,717.0,0.016002735137939452,0.47825,,,,,,,,1.0,,,,,1.0,,,1.0,0.0,0.0,,,,0.24360000000000004,0.49286525431571865,27.590922651619742
ideal_e1_review_qaoa_maxcut_B3_cad1_seed11,qaoa_maxcut,fixed_graph_review_large,ideal,e1_review,11,,B3,cadence_sweep,full_contract,parallel_fs,parallel_fs,,0.0,1,14,"{'G0': True, 'GA': True, 'GB': False, 'GC': True, 'GD': True, 'GE': True, 'GF': True, 'GH': False}",replay,True,True,False,False,2026-03-18T02:10:33+00:00,2026-03-18T02:10:34.132482+00:00,0.1.0,113aead,21605.0,0.016082416534423827,0.11520000000000001,,,,,,,,1.0,,,,,1.0,,,1.0,0.0,0.0,,,,0.07175000000000001,0.5465316825668446,2.8018147272515375
ideal_e1_review_qaoa_maxcut_B3_cad1_seed17,qaoa_maxcut,fixed_graph_review_large,ideal,e1_review,17,,B3,cadence_sweep,full_contract,parallel_fs,parallel_fs,,0.0,1,14,"{'G0': True, 'GA': True, 'GB': False, 'GC': True, 'GD': True, 'GE': True, 'GF': True, 'GH': False}",replay,True,True,False,False,2026-03-23T03:16:15+00:00,2026-03-23T03:16:16.143604+00:00,0.1.0,113aead,21946.0,0.016083717346191406,0.1164,,,,,,,,1.0,,,,,1.0,,,1.0,0.0,0.0,,,,0.07250000000000001,0.547237060163033,2.773054714860587
ideal_e1_review_qaoa_maxcut_B3_cad1_seed23,qaoa_maxcut,fixed_graph_review_large,ideal,e1_review,23,,B3,cadence_sweep,full_contract,parallel_fs,parallel_fs,,0.0,1,14,"{'G0': True, 'GA': True, 'GB': False, 'GC': True, 'GD': True, 'GE': True, 'GF': True, 'GH': False}",replay,True,True,False,False,2026-03-08T19:00:47+00:00,2026-03-08T19:00:48.143604+00:00,0.1.0,113aead,22086.0,0.016084251403808595,0.1164,,,,,,,,1.0,,,,,1.0,,,1.0,0.0,0.0,,,,0.07250000000000001,0.5472348541942685,2.773146793760102
ideal_e1_review_qaoa_maxcut_B3_cad1_seed31,qaoa_maxcut,fixed_graph_review_large,ideal,e1_review,31,,B3,cadence_sweep,full_contract,parallel_fs,parallel_fs,,0.0,1,14,"{'G0': True, 'GA': True, 'GB': False, 'GC': True, 'GD': True, 'GE': True, 'GF': True, 'GH': False}",replay,True,True,False,False,2026-03-17T13:20:59+00:00,2026-03-17T13:21:00.143604+00:00,0.1.0,113aead,22050.0,0.016084114074707032,0.1164,,,,,,,,1.0,,,,,1.0,,,1.0,0.0,0.0,,,,0.07250000000000001,0.5472354214416807,2.773123116328798
ideal_e1_review_qaoa_maxcut_B3_cad1_seed43,qaoa_maxcut,fixed_graph_review_large,ideal,e1_review,43,,B3,cadence_sweep,full_contract,parallel_fs,parallel_fs,,0.0,1,14,"{'G0': True, 'GA': True, 'GB': False, 'GC': True, 'GD': True, 'GE': True, 'GF': True, 'GH': False}",replay,True,True,False,False,2026-03-09T06:25:31+00:00,2026-03-09T06:25:32.143604+00:00,0.1.0,113aead,22050.0,0.016084114074707032,0.1164,,,,,,,,1.0,,,,,1.0,,,1.0,0.0,0.0,,,,0.07250000000000001,0.5472354214416807,2.773123116328798
ideal_e1_review_qaoa_maxcut_B3_cad1_seed59,qaoa_maxcut,fixed_graph_review_large,ideal,e1_review,59,,B3,cadence_sweep,full_contract,parallel_fs,parallel_fs,,0.0,1,14,"{'G0': True, 'GA': True, 'GB': False, 'GC': True, 'GD': True, 'GE': True, 'GF': True, 'GH': False}",replay,True,True,False,False,2026-03-30T10:27:32+00:00,2026-03-30T10:27:33.227012+00:00,0.1.0,113aead,24029.0,0.016091663360595705,0.1254,,,,,,,,1.0,,,,,1.0,,,1.0,0.0,0.0,,,,0.07812500000000001,0.552152672068715,2.574666137695312
ideal_e1_review_qaoa_maxcut_B3_cad1_seed71,qaoa_maxcut,fixed_graph_review_large,ideal,e1_review,71,,B3,cadence_sweep,full_contract,parallel_fs,parallel_fs,,0.0,1,14,"{'G0': True, 'GA': True, 'GB': False, 'GC': True, 'GD': True, 'GE': True, 'GF': True, 'GH': False}",replay,True,True,False,False,2026-03-21T04:41:29+00:00,2026-03-21T04:41:30.126923+00:00,0.1.0,113aead,21727.0,0.016082881927490234,0.11460000000000001,,,,,,,,1.0,,,,,1.0,,,1.0,0.0,0.0,,,,0.07137500000000001,0.546169467242103,2.8166167999107237
ideal_e1_review_qaoa_maxcut_B3_cad1_seed83,qaoa_maxcut,fixed_graph_review_large,ideal,e1_review,83,,B3,cadence_sweep,full_contract,parallel_fs,parallel_fs,,0.0,1,14,"{'G0': True, 'GA': True, 'GB': False, 'GC': True, 'GD': True, 'GE': True, 'GF': True, 'GH': False}",replay,True,True,False,False,2026-03-02T00:49:14+00:00,2026-03-02T00:49:15.149165+00:00,0.1.0,113aead,22373.0,0.016085346221923827,0.117,,,,,,,,1.0,,,,,1.0,,,1.0,0.0,0.0,,,,0.07287500000000001,0.5475809476309942,2.7590645320624057
ideal_e1_review_qaoa_maxcut_B3_cad4_seed11,qaoa_maxcut,fixed_graph_review_large,ideal,e1_review,11,,B3,cadence_sweep,full_contract,parallel_fs,parallel_fs,,0.0,4,14,"{'G0': True, 'GA': True, 'GB': False, 'GC': True, 'GD': True, 'GE': True, 'GF': True, 'GH': False}",replay,True,True,False,False,2026-03-03T11:54:31+00:00,2026-03-03T11:54:32.132482+00:00,0.1.0,113aead,21605.0,0.016082416534423827,0.11520000000000001,,,,,,,,1.0,,,,,1.0,,,1.0,0.0,0.0,,,,0.8610000000000001,6.5583801908021355,2.8018147272515375
ideal_e1_review_qaoa_maxcut_B3_cad4_seed17,qaoa_maxcut,fixed_graph_review_large,ideal,e1_review,17,,B3,cadence_sweep,full_contract,parallel_fs,parallel_fs,,0.0,4,14,"{'G0': True, 'GA': True, 'GB': False, 'GC': True, 'GD': True, 'GE': True, 'GF': True, 'GH': False}",replay,True,True,False,False,2026-03-21T16:40:44+00:00,2026-03-21T16:40:45.143604+00:00,0.1.0,113aead,21946.0,0.016083717346191406,0.1164,,,,,,,,1.0,,,,,1.0,,,1.0,0.0,0.0,,,,0.8700000000000001,6.566844721956397,2.773054714860587
ideal_e1_review_qaoa_maxcut_B3_cad4_seed23,qaoa_maxcut,fixed_graph_review_large,ideal,e1_review,23,,B3,cadence_sweep,full_contract,parallel_fs,parallel_fs,,0.0,4,14,"{'G0': True, 'GA': True, 'GB': False, 'GC': True, 'GD': True, 'GE': True, 'GF': True, 'GH': False}",replay,True,True,False,False,2026-03-13T05:08:59+00:00,2026-03-13T05:09:00.143604+00:00,0.1.0,113aead,22086.0,0.016084251403808595,0.1164,,,,,,,,1.0,,,,,1.0,,,1.0,0.0,0.0,,,,0.8700000000000001,6.566818250331222,2.773146793760102
ideal_e1_review_qaoa_maxcut_B3_cad4_seed31,qaoa_maxcut,fixed_graph_review_large,ideal,e1_review,31,,B3,cadence_sweep,full_contract,parallel_fs,parallel_fs,,0.0,4,14,"{'G0': True, 'GA': True, 'GB': False, 'GC': True, 'GD': True, 'GE': True, 'GF': True, 'GH': False}",replay,True,True,False,False,2026-03-17T15:24:36+00:00,2026-03-17T15:24:37.143604+00:00,0.1.0,113aead,22050.0,0.016084114074707032,0.1164,,,,,,,,1.0,,,,,1.0,,,1.0,0.0,0.0,,,,0.8700000000000001,6.566825057300169,2.773123116328798
ideal_e1_review_qaoa_maxcut_B3_cad4_seed43,qaoa_maxcut,fixed_graph_review_large,ideal,e1_review,43,,B3,cadence_sweep,full_contract,parallel_fs,parallel_fs,,0.0,4,14,"{'G0': True, 'GA': True, 'GB': False, 'GC': True, 'GD': True, 'GE': True, 'GF': True, 'GH': False}",replay,True,True,False,False,2026-03-08T22:21:50+00:00,2026-03-08T22:21:51.143604+00:00,0.1.0,113aead,22050.0,0.016084114074707032,0.1164,,,,,,,,1.0,,,,,1.0,,,1.0,0.0,0.0,,,,0.8700000000000001,6.566825057300169,2.773123116328798
ideal_e1_review_qaoa_maxcut_B3_cad4_seed59,qaoa_maxcut,fixed_graph_review_large,ideal,e1_review,59,,B3,cadence_sweep,full_contract,parallel_fs,parallel_fs,,0.0,4,14,"{'G0': True, 'GA': True, 'GB': False, 'GC': True, 'GD': True, 'GE': True, 'GF': True, 'GH': False}",replay,True,True,False,False,2026-03-28T08:17:44+00:00,2026-03-28T08:17:45.227012+00:00,0.1.0,113aead,24029.0,0.016091663360595705,0.1254,,,,,,,,1.0,,,,,1.0,,,1.0,0.0,0.0,,,,0.9375000000000002,6.625832064824579,2.574666137695312
ideal_e1_review_qaoa_maxcut_B3_cad4_seed71,qaoa_maxcut,fixed_graph_review_large,ideal,e1_review,71,,B3,cadence_sweep,full_contract,parallel_fs,parallel_fs,,0.0,4,14,"{'G0': True, 'GA': True, 'GB': False, 'GC': True, 'GD': True, 'GE': True, 'GF': True, 'GH': False}",replay,True,True,False,False,2026-03-03T02:57:34+00:00,2026-03-03T02:57:35.126923+00:00,0.1.0,113aead,21727.0,0.016082881927490234,0.11460000000000001,,,,,,,,1.0,,,,,1.0,,,1.0,0.0,0.0,,,,0.8565,6.554033606905236,2.8166167999107237
ideal_e1_review_qaoa_maxcut_B3_cad4_seed83,qaoa_maxcut,fixed_graph_review_large,ideal,e1_review,83,,B3,cadence_sweep,full_contract,parallel_fs,parallel_fs,,0.0,4,14,"{'G0': True, 'GA': True, 'GB': False, 'GC': True, 'GD': True, 'GE': True, 'GF': True, 'GH': False}",replay,True,True,False,False,2026-03-20T07:36:36+00:00,2026-03-20T07:36:37.149165+00:00,0.1.0,113aead,22373.0,0.016085346221923827,0.117,,,,,,,,1.0,,,,,1.0,,,1.0,0.0,0.0,,,,0.8745,6.57097137157193,2.7590645320624057
ideal_e1_review_qaoa_maxcut_B3_cad8_seed11,qaoa_maxcut,fixed_graph_review_large,ideal,e1_review,11,,B3,cadence_sweep,full_contract,parallel_fs,parallel_fs,,0.0,8,14,"{'G0': True, 'GA': True, 'GB': False, 'GC': True, 'GD': True, 'GE': True, 'GF': True, 'GH': False}",replay,True,True,False,False,2026-03-16T23:31:34+00:00,2026-03-16T23:31:35.132482+00:00,0.1.0,113aead,21605.0,0.016082416534423827,0.11520000000000001,,,,,,,,1.0,,,,,1.0,,,1.0,0.0,0.0,,,,2.0090000000000003,15.30288711187165,2.8018147272515375
ideal_e1_review_qaoa_maxcut_B3_cad8_seed17,qaoa_maxcut,fixed_graph_review_large,ideal,e1_review,17,,B3,cadence_sweep,full_contract,parallel_fs,parallel_fs,,0.0,8,14,"{'G0': True, 'GA': True, 'GB': False, 'GC': True, 'GD': True, 'GE': True, 'GF': True, 'GH': False}",replay,True,True,False,False,2026-03-22T18:56:58+00:00,2026-03-22T18:56:59.143604+00:00,0.1.0,113aead,21946.0,0.016083717346191406,0.1164,,,,,,,,1.0,,,,,1.0,,,1.0,0.0,0.0,,,,2.0300000000000002,15.322637684564924,2.773054714860587
ideal_e1_review_qaoa_maxcut_B3_cad8_seed23,qaoa_maxcut,fixed_graph_review_large,ideal,e1_review,23,,B3,cadence_sweep,full_contract,parallel_fs,parallel_fs,,0.0,8,14,"{'G0': True, 'GA': True, 'GB': False, 'GC': True, 'GD': True, 'GE': True, 'GF': True, 'GH': False}",replay,True,True,False,False,2026-03-02T16:04:26+00:00,2026-03-02T16:04:27.143604+00:00,0.1.0,113aead,22086.0,0.016084251403808595,0.1164,,,,,,,,1.0,,,,,1.0,,,1.0,0.0,0.0,,,,2.0300000000000002,15.322575917439519,2.773146793760102
ideal_e1_review_qaoa_maxcut_B3_cad8_seed31,qaoa_maxcut,fixed_graph_review_large,ideal,e1_review,31,,B3,cadence_sweep,full_contract,parallel_fs,parallel_fs,,0.0,8,14,"{'G0': True, 'GA': True, 'GB': False, 'GC': True, 'GD': True, 'GE': True, 'GF': True, 'GH': False}",replay,True,True,False,False,2026-03-10T12:17:45+00:00,2026-03-10T12:17:46.143604+00:00,0.1.0,113aead,22050.0,0.016084114074707032,0.1164,,,,,,,,1.0,,,,,1.0,,,1.0,0.0,0.0,,,,2.0300000000000002,15.32259180036706,2.773123116328798
ideal_e1_review_qaoa_maxcut_B3_cad8_seed43,qaoa_maxcut,fixed_graph_review_large,ideal,e1_review,43,,B3,cadence_sweep,full_contract,parallel_fs,parallel_fs,,0.0,8,14,"{'G0': True, 'GA': True, 'GB': False, 'GC': True, 'GD': True, 'GE': True, 'GF': True, 'GH': False}",replay,True,True,False,False,2026-03-12T19:01:16+00:00,2026-03-12T19:01:17.143604+00:00,0.1.0,113aead,22050.0,0.016084114074707032,0.1164,,,,,,,,1.0,,,,,1.0,,,1.0,0.0,0.0,,,,2.0300000000000002,15.32259180036706,2.773123116328798
ideal_e1_review_qaoa_maxcut_B3_cad8_seed59,qaoa_maxcut,fixed_graph_review_large,ideal,e1_review,59,,B3,cadence_sweep,full_contract,parallel_fs,parallel_fs,,0.0,8,14,"{'G0': True, 'GA': True, 'GB': False, 'GC': True, 'GD': True, 'GE': True, 'GF': True, 'GH': False}",replay,True,True,False,False,2026-03-25T16:14:35+00:00,2026-03-25T16:14:36.227012+00:00,0.1.0,113aead,24029.0,0.016091663360595705,0.1254,,,,,,,,1.0,,,,,1.0,,,1.0,0.0,0.0,,,,2.1875000000000004,15.460274817924018,2.574666137695312
ideal_e1_review_qaoa_maxcut_B3_cad8_seed71,qaoa_maxcut,fixed_graph_review_large,ideal,e1_review,71,,B3,cadence_sweep,full_contract,parallel_fs,parallel_fs,,0.0,8,14,"{'G0': True, 'GA': True, 'GB': False, 'GC': True, 'GD': True, 'GE': True, 'GF': True, 'GH': False}",replay,True,True,False,False,2026-03-12T17:44:05+00:00,2026-03-12T17:44:06.126923+00:00,0.1.0,113aead,21727.0,0.016082881927490234,0.11460000000000001,,,,,,,,1.0,,,,,1.0,,,1.0,0.0,0.0,,,,1.9985000000000002,15.292745082778884,2.8166167999107237
ideal_e1_review_qaoa_maxcut_B3_cad8_seed83,qaoa_maxcut,fixed_graph_review_large,ideal,e1_review,83,,B3,cadence_sweep,full_contract,parallel_fs,parallel_fs,,0.0,8,14,"{'G0': True, 'GA': True, 'GB': False, 'GC': True, 'GD': True, 'GE': True, 'GF': True, 'GH': False}",replay,True,True,False,False,2026-03-29T13:26:49+00:00,2026-03-29T13:26:50.149165+00:00,0.1.0,113aead,22373.0,0.016085346221923827,0.117,,,,,,,,1.0,,,,,1.0,,,1.0,0.0,0.0,,,,2.0405,15.332266533667838,2.7590645320624057
ideal_e1_review_qaoa_maxcut_B3_cad16_seed11,qaoa_maxcut,fixed_graph_review_large,ideal,e1_review,11,,B3,cadence_sweep,full_contract,parallel_fs,parallel_fs,,0.0,16,14,"{'G0': True, 'GA': True, 'GB': False, 'GC': True, 'GD': True, 'GE': True, 'GF': True, 'GH': False}",replay,True,True,False,False,2026-03-23T14:51:13+00:00,2026-03-23T14:51:14.132482+00:00,0.1.0,113aead,21605.0,0.016082416534423827,0.11520000000000001,,,,,,,,1.0,,,,,1.0,,,1.0,0.0,0.0,,,,4.305000000000001,32.79190095401068,2.8018147272515375
ideal_e1_review_qaoa_maxcut_B3_cad16_seed17,qaoa_maxcut,fixed_graph_review_large,ideal,e1_review,17,,B3,cadence_sweep,full_contract,parallel_fs,parallel_fs,,0.0,16,14,"{'G0': True, 'GA': True, 'GB': False, 'GC': True, 'GD': True, 'GE': True, 'GF': True, 'GH': False}",replay,True,True,False,False,2026-03-23T06:55:09+00:00,2026-03-23T06:55:10.143604+00:00,0.1.0,113aead,21946.0,0.016083717346191406,0.1164,,,,,,,,1.0,,,,,1.0,,,1.0,0.0,0.0,,,,4.3500000000000005,32.83422360978198,2.773054714860587
ideal_e1_review_qaoa_maxcut_B3_cad16_seed23,qaoa_maxcut,fixed_graph_review_large,ideal,e1_review,23,,B3,cadence_sweep,full_contract,parallel_fs,parallel_fs,,0.0,16,14,"{'G0': True, 'GA': True, 'GB': False, 'GC': True, 'GD': True, 'GE': True, 'GF': True, 'GH': False}",replay,True,True,False,False,2026-03-18T13:46:24+00:00,2026-03-18T13:46:25.143604+00:00,0.1.0,113aead,22086.0,0.016084251403808595,0.1164,,,,,,,,1.0,,,,,1.0,,,1.0,0.0,0.0,,,,4.3500000000000005,32.83409125165611,2.773146793760102
ideal_e1_review_qaoa_maxcut_B3_cad16_seed31,qaoa_maxcut,fixed_graph_review_large,ideal,e1_review,31,,B3,cadence_sweep,full_contract,parallel_fs,parallel_fs,,0.0,16,14,"{'G0': True, 'GA': True, 'GB': False, 'GC': True, 'GD': True, 'GE': True, 'GF': True, 'GH': False}",replay,True,True,False,False,2026-03-29T16:54:05+00:00,2026-03-29T16:54:06.143604+00:00,0.1.0,113aead,22050.0,0.016084114074707032,0.1164,,,,,,,,1.0,,,,,1.0,,,1.0,0.0,0.0,,,,4.3500000000000005,32.83412528650084,2.773123116328798
ideal_e1_review_qaoa_maxcut_B3_cad16_seed43,qaoa_maxcut,fixed_graph_review_large,ideal,e1_review,43,,B3,cadence_sweep,full_contract,parallel_fs,parallel_fs,,0.0,16,14,"{'G0': True, 'GA': True, 'GB': False, 'GC': True, 'GD': True, 'GE': True, 'GF': True, 'GH': False}",replay,True,True,False,False,2026-03-26T05:47:58+00:00,2026-03-26T05:47:59.143604+00:00,0.1.0,113aead,22050.0,0.016084114074707032,0.1164,,,,,,,,1.0,,,,,1.0,,,1.0,0.0,0.0,,,,4.3500000000000005,32.83412528650084,2.773123116328798
ideal_e1_review_qaoa_maxcut_B3_cad16_seed59,qaoa_maxcut,fixed_graph_review_large,ideal,e1_review,59,,B3,cadence_sweep,full_contract,parallel_fs,parallel_fs,,0.0,16,14,"{'G0': True, 'GA': True, 'GB': False, 'GC': True, 'GD': True, 'GE': True, 'GF': True, 'GH': False}",replay,True,True,False,False,2026-03-02T21:58:51+00:00,2026-03-02T21:58:52.227012+00:00,0.1.0,113aead,24029.0,0.016091663360595705,0.1254,,,,,,,,1.0,,,,,1.0,,,1.0,0.0,0.0,,,,4.687500000000001,33.1291603241229,2.574666137695312
ideal_e1_review_qaoa_maxcut_B3_cad16_seed71,qaoa_maxcut,fixed_graph_review_large,ideal,e1_review,71,,B3,cadence_sweep,full_contract,parallel_fs,parallel_fs,,0.0,16,14,"{'G0': True, 'GA': True, 'GB': False, 'GC': True, 'GD': True, 'GE': True, 'GF': True, 'GH': False}",replay,True,True,False,False,2026-03-25T13:58:19+00:00,2026-03-25T13:58:20.126923+00:00,0.1.0,113aead,21727.0,0.016082881927490234,0.11460000000000001,,,,,,,,1.0,,,,,1.0,,,1.0,0.0,0.0,,,,4.282500000000001,32.770168034526186,2.8166167999107237
ideal_e1_review_qaoa_maxcut_B3_cad16_seed83,qaoa_maxcut,fixed_graph_review_large,ideal,e1_review,83,,B3,cadence_sweep,full_contract,parallel_fs,parallel_fs,,0.0,16,14,"{'G0': True, 'GA': True, 'GB': False, 'GC': True, 'GD': True, 'GE': True, 'GF': True, 'GH': False}",replay,True,True,False,False,2026-03-30T08:55:06+00:00,2026-03-30T08:55:07.149165+00:00,0.1.0,113aead,22373.0,0.016085346221923827,0.117,,,,,,,,1.0,,,,,1.0,,,1.0,0.0,0.0,,,,4.3725000000000005,32.85485685785965,2.7590645320624057
ideal_e1_review_qaoa_maxcut_B4_cad1_seed11,qaoa_maxcut,fixed_graph_review_large,ideal,e1_review,11,,B4,cadence_sweep,full_contract,parallel_fs,parallel_fs,,0.0,1,14,"{'G0': True, 'GA': True, 'GB': True, 'GC': True, 'GD': True, 'GE': True, 'GF': True, 'GH': True}",replay,True,True,False,False,2026-03-15T23:55:10+00:00,2026-03-15T23:55:11.126934+00:00,0.1.0,113aead,24521.0,0.01609354019165039,0.11460000000000001,,,,,,,,1.0,,,,,1.0,,,1.0,0.0,0.0,,,,0.2977756,2.278426306023532,1.0268714550196774
ideal_e1_review_qaoa_maxcut_B4_cad1_seed17,qaoa_maxcut,fixed_graph_review_large,ideal,e1_review,17,,B4,cadence_sweep,full_contract,parallel_fs,parallel_fs,,0.0,1,14,"{'G0': True, 'GA': True, 'GB': True, 'GC': True, 'GD': True, 'GE': True, 'GF': True, 'GH': True}",replay,True,True,False,False,2026-03-11T10:26:26+00:00,2026-03-11T10:26:27.149175+00:00,0.1.0,113aead,24941.0,0.016095142364501953,0.117,,,,,,,,1.0,,,,,1.0,,,1.0,0.0,0.0,,,,0.3038252000000001,2.2827670086405334,1.0065251497424739
ideal_e1_review_qaoa_maxcut_B4_cad1_seed23,qaoa_maxcut,fixed_graph_review_large,ideal,e1_review,23,,B4,cadence_sweep,full_contract,parallel_fs,parallel_fs,,0.0,1,14,"{'G0': True, 'GA': True, 'GB': True, 'GC': True, 'GD': True, 'GE': True, 'GF': True, 'GH': True}",replay,True,True,False,False,2026-03-06T19:12:46+00:00,2026-03-06T19:12:47.143614+00:00,0.1.0,113aead,24751.0,0.016094417572021485,0.1164,,,,,,,,1.0,,,,,1.0,,,1.0,0.0,0.0,,,,0.30231280000000005,2.281702169343614,1.0115150065376266
ideal_e1_review_qaoa_maxcut_B4_cad1_seed31,qaoa_maxcut,fixed_graph_review_large,ideal,e1_review,31,,B4,cadence_sweep,full_contract,parallel_fs,parallel_fs,,0.0,1,14,"{'G0': True, 'GA': True, 'GB': True, 'GC': True, 'GD': True, 'GE': True, 'GF': True, 'GH': True}",replay,True,True,False,False,2026-03-27T02:28:36+00:00,2026-03-27T02:28:37.132494+00:00,0.1.0,113aead,24629.0,0.016093952178955078,0.11520000000000001,,,,,,,,1.0,,,,,1.0,,,1.0,0.0,0.0,,,,0.29928800000000005,2.279526170345358,1.0217084928234559
ideal_e1_review_qaoa_maxcut_B4_cad1_seed43,qaoa_maxcut,fixed_graph_review_large,ideal,e1_review,43,,B4,cadence_sweep,full_contract,parallel_fs,parallel_fs,,0.0,1,14,"{'G0': True, 'GA': True, 'GB': True, 'GC': True, 'GD': True, 'GE': True, 'GF': True, 'GH': True}",replay,True,True,False,False,2026-03-11T07:46:07+00:00,2026-03-11T07:46:08.154735+00:00,0.1.0,113aead,24959.0,0.016095211029052734,0.11760000000000001,,,,,,,,1.0,,,,,1.0,,,1.0,0.0,0.0,,,,0.30533760000000004,2.283833487002376,1.0015438961726362
ideal_e1_review_qaoa_maxcut_B4_cad1_seed59,qaoa_maxcut,fixed_graph_review_large,ideal,e1_review,59,,B4,cadence_sweep,full_contract,parallel_fs,parallel_fs,,0.0,1,14,"{'G0': True, 'GA': True, 'GB': True, 'GC': True, 'GD': True, 'GE': True, 'GF': True, 'GH': True}",replay,True,True,False,False,2026-03-11T04:52:22+00:00,2026-03-11T04:52:23.199221+00:00,0.1.0,113aead,26475.0,0.016100994110107424,0.12240000000000001,,,,,,,,1.0,,,,,1.0,,,1.0,0.0,0.0,,,,0.3174368,2.291946003995031,0.9637158895630281
ideal_e1_review_qaoa_maxcut_B4_cad1_seed71,qaoa_maxcut,fixed_graph_review_large,ideal,e1_review,71,,B4,cadence_sweep,full_contract,parallel_fs,parallel_fs,,0.0,1,14,"{'G0': True, 'GA': True, 'GB': True, 'GC': True, 'GD': True, 'GE': True, 'GF': True, 'GH': True}",replay,True,True,False,False,2026-03-23T20:00:51+00:00,2026-03-23T20:00:52.121372+00:00,0.1.0,113aead,24087.0,0.01609188461303711,0.114,,,,,,,,1.0,,,,,1.0,,,1.0,0.0,0.0,,,,0.29626320000000006,2.2773380590283967,1.0320073760349078
ideal_e1_review_qaoa_maxcut_B4_cad1_seed83,qaoa_maxcut,fixed_graph_review_large,ideal,e1_review,83,,B4,cadence_sweep,full_contract,parallel_fs,parallel_fs,,0.0,1,14,"{'G0': True, 'GA': True, 'GB': True, 'GC': True, 'GD': True, 'GE': True, 'GF': True, 'GH': True}",replay,True,True,False,False,2026-03-21T12:48:57+00:00,2026-03-21T12:48:58.143615+00:00,0.1.0,113aead,25020.0,0.01609544372558594,0.1164,,,,,,,,1.0,,,,,1.0,,,1.0,0.0,0.0,,,,0.30231280000000005,2.2816844979675404,1.0115794990689537
ideal_e1_review_qaoa_maxcut_B4_cad4_seed11,qaoa_maxcut,fixed_graph_review_large,ideal,e1_review,11,,B4,cadence_sweep,full_contract,parallel_fs,parallel_fs,,0.0,4,14,"{'G0': True, 'GA': True, 'GB': True, 'GC': True, 'GD': True, 'GE': True, 'GF': True, 'GH': True}",replay,True,True,False,False,2026-03-23T08:01:29+00:00,2026-03-23T08:01:30.132493+00:00,0.1.0,113aead,24463.0,0.016093318939208984,0.11520000000000001,,,,,,,,1.0,,,,,1.0,,,1.0,0.0,0.0,,,,10.439664000000002,79.51405360415744,0.35147459900430206
ideal_e1_review_qaoa_maxcut_B4_cad4_seed17,qaoa_maxcut,fixed_graph_review_large,ideal,e1_review,17,,B4,cadence_sweep,full_contract,parallel_fs,parallel_fs,,0.0,4,14,"{'G0': True, 'GA': True, 'GB': True, 'GC': True, 'GD': True, 'GE': True, 'GF': True, 'GH': True}",replay,True,True,False,False,2026-03-22T11:48:54+00:00,2026-03-22T11:48:55.138054+00:00,0.1.0,113aead,24657.0,0.016094058990478517,0.1158,,,,,,,,1.0,,,,,1.0,,,1.0,0.0,0.0,,,,10.491739200000003,79.54671560117356,0.349746155511481
ideal_e1_review_qaoa_maxcut_B4_cad4_seed23,qaoa_maxcut,fixed_graph_review_large,ideal,e1_review,23,,B4,cadence_sweep,full_contract,parallel_fs,parallel_fs,,0.0,4,14,"{'G0': True, 'GA': True, 'GB': True, 'GC': True, 'GD': True, 'GE': True, 'GF': True, 'GH': True}",replay,True,True,False,False,2026-03-25T23:11:53+00:00,2026-03-25T23:11:54.149175+00:00,0.1.0,113aead,24865.0,0.016094852447509765,0.117,,,,,,,,1.0,,,,,1.0,,,1.0,0.0,0.0,,,,10.595889600000003,79.61156577545952,0.34632546171793127
ideal_e1_review_qaoa_maxcut_B4_cad4_seed31,qaoa_maxcut,fixed_graph_review_large,ideal,e1_review,31,,B4,cadence_sweep,full_contract,parallel_fs,parallel_fs,,0.0,4,14,"{'G0': True, 'GA': True, 'GB': True, 'GC': True, 'GD': True, 'GE': True, 'GF': True, 'GH': True}",replay,True,True,False,False,2026-03-25T19:14:55+00:00,2026-03-25T19:14:56.126934+00:00,0.1.0,113aead,24639.0,0.016093990325927735,0.11460000000000001,,,,,,,,1.0,,,,,1.0,,,1.0,0.0,0.0,,,,10.387588800000001,79.48023297854162,0.353251352644179
ideal_e1_review_qaoa_maxcut_B4_cad4_seed43,qaoa_maxcut,fixed_graph_review_large,ideal,e1_review,43,,B4,cadence_sweep,full_contract,parallel_fs,parallel_fs,,0.0,4,14,"{'G0': True, 'GA': True, 'GB': True, 'GC': True, 'GD': True, 'GE': True, 'GF': True, 'GH': True}",replay,True,True,False,False,2026-03-27T13:43:23+00:00,2026-03-27T13:43:24.149175+00:00,0.1.0,113aead,24969.0,0.01609524917602539,0.117,,,,,,,,1.0,,,,,1.0,,,1.0,0.0,0.0,,,,10.595889600000003,79.6113284703828,0.34633399843405205
ideal_e1_review_qaoa_maxcut_B4_cad4_seed59,qaoa_maxcut,fixed_graph_review_large,ideal,e1_review,59,,B4,cadence_sweep,full_contract,parallel_fs,parallel_fs,,0.0,4,14,"{'G0': True, 'GA': True, 'GB': True, 'GC': True, 'GD': True, 'GE': True, 'GF': True, 'GH': True}",replay,True,True,False,False,2026-03-11T05:05:49+00:00,2026-03-11T05:05:50.204781+00:00,0.1.0,113aead,26521.0,0.01610116958618164,0.12300000000000001,,,,,,,,1.0,,,,,1.0,,,1.0,0.0,0.0,,,,11.116641600000001,79.91767167070844,0.33023162909645426
ideal_e1_review_qaoa_maxcut_B4_cad4_seed71,qaoa_maxcut,fixed_graph_review_large,ideal,e1_review,71,,B4,cadence_sweep,full_contract,parallel_fs,parallel_fs,,0.0,4,14,"{'G0': True, 'GA': True, 'GB': True, 'GC': True, 'GD': True, 'GE': True, 'GF': True, 'GH': True}",replay,True,True,False,False,2026-03-03T11:51:01+00:00,2026-03-03T11:51:02.132493+00:00,0.1.0,113aead,24384.0,0.016093017578125,0.11520000000000001,,,,,,,,1.0,,,,,1.0,,,1.0,0.0,0.0,,,,10.439664000000002,79.51423611532086,0.3514680173435179
ideal_e1_review_qaoa_maxcut_B4_cad4_seed83,qaoa_maxcut,fixed_graph_review_large,ideal,e1_review,83,,B4,cadence_sweep,full_contract,parallel_fs,parallel_fs,,0.0,4,14,"{'G0': True, 'GA': True, 'GB': True, 'GC': True, 'GD': True, 'GE': True, 'GF': True, 'GH': True}",replay,True,True,False,False,2026-03-08T08:24:42+00:00,2026-03-08T08:24:43.143615+00:00,0.1.0,113aead,24987.0,0.016095317840576173,0.1164,,,,,,,,1.0,,,,,1.0,,,1.0,0.0,0.0,,,,10.543814400000002,79.57876981499645,0.34804600388748946
ideal_e1_review_qaoa_maxcut_B4_cad8_seed11,qaoa_maxcut,fixed_graph_review_large,ideal,e1_review,11,,B4,cadence_sweep,full_contract,parallel_fs,parallel_fs,,0.0,8,14,"{'G0': True, 'GA': True, 'GB': True, 'GC': True, 'GD': True, 'GE': True, 'GF': True, 'GH': True}",replay,True,True,False,False,2026-03-14T00:35:00+00:00,2026-03-14T00:35:01.126934+00:00,0.1.0,113aead,24542.0,0.01609362030029297,0.11460000000000001,,,,,,,,1.0,,,,,1.0,,,1.0,0.0,0.0,,,,45.437694400000005,347.6657414156745,0.18842958721417563
ideal_e1_review_qaoa_maxcut_B4_cad8_seed17,qaoa_maxcut,fixed_graph_review_large,ideal,e1_review,17,,B4,cadence_sweep,full_contract,parallel_fs,parallel_fs,,0.0,8,14,"{'G0': True, 'GA': True, 'GB': True, 'GC': True, 'GD': True, 'GE': True, 'GF': True, 'GH': True}",replay,True,True,False,False,2026-03-29T23:16:30+00:00,2026-03-29T23:16:31.149175+00:00,0.1.0,113aead,24919.0,0.01609505844116211,0.117,,,,,,,,1.0,,,,,1.0,,,1.0,0.0,0.0,,,,46.345924800000006,348.2167207619383,0.18475348431709882
ideal_e1_review_qaoa_maxcut_B4_cad8_seed23,qaoa_maxcut,fixed_graph_review_large,ideal,e1_review,23,,B4,cadence_sweep,full_contract,parallel_fs,parallel_fs,,0.0,8,14,"{'G0': True, 'GA': True, 'GB': True, 'GC': True, 'GD': True, 'GE': True, 'GF': True, 'GH': True}",replay,True,True,False,False,2026-03-12T02:12:58+00:00,2026-03-12T02:12:59.149175+00:00,0.1.0,113aead,24822.0,0.016094688415527345,0.117,,,,,,,,1.0,,,,,1.0,,,1.0,0.0,0.0,,,,46.345924800000006,348.2176888630298,0.18474923683172564
ideal_e1_review_qaoa_maxcut_B4_cad8_seed31,qaoa_maxcut,fixed_graph_review_large,ideal,e1_review,31,,B4,cadence_sweep,full_contract,parallel_fs,parallel_fs,,0.0,8,14,"{'G0': True, 'GA': True, 'GB': True, 'GC': True, 'GD': True, 'GE': True, 'GF': True, 'GH': True}",replay,True,True,False,False,2026-03-29T02:09:36+00:00,2026-03-29T02:09:37.138055+00:00,0.1.0,113aead,24804.0,0.016094619750976563,0.1158,,,,,,,,1.0,,,,,1.0,,,1.0,0.0,0.0,,,,45.89180960000001,347.9429993933488,0.18657659791910952
ideal_e1_review_qaoa_maxcut_B4_cad8_seed43,qaoa_maxcut,fixed_graph_review_large,ideal,e1_review,43,,B4,cadence_sweep,full_contract,parallel_fs,parallel_fs,,0.0,8,14,"{'G0': True, 'GA': True, 'GB': True, 'GC': True, 'GD': True, 'GE': True, 'GF': True, 'GH': True}",replay,True,True,False,False,2026-03-02T21:26:42+00:00,2026-03-02T21:26:43.138055+00:00,0.1.0,113aead,24797.0,0.016094593048095702,0.1158,,,,,,,,1.0,,,,,1.0,,,1.0,0.0,0.0,,,,45.89180960000001,347.94306983657356,0.18657628836643025
ideal_e1_review_qaoa_maxcut_B4_cad8_seed59,qaoa_maxcut,fixed_graph_review_large,ideal,e1_review,59,,B4,cadence_sweep,full_contract,parallel_fs,parallel_fs,,0.0,8,14,"{'G0': True, 'GA': True, 'GB': True, 'GC': True, 'GD': True, 'GE': True, 'GF': True, 'GH': True}",replay,True,True,False,False,2026-03-22T03:50:03+00:00,2026-03-22T03:50:04.204781+00:00,0.1.0,113aead,26471.0,0.016100978851318358,0.12300000000000001,,,,,,,,1.0,,,,,1.0,,,1.0,0.0,0.0,,,,48.6165008,349.5050947985419,0.1761895777760576
ideal_e1_review_qaoa_maxcut_B4_cad8_seed71,qaoa_maxcut,fixed_graph_review_large,ideal,e1_review,71,,B4,cadence_sweep,full_contract,parallel_fs,parallel_fs,,0.0,8,14,"{'G0': True, 'GA': True, 'GB': True, 'GC': True, 'GD': True, 'GE': True, 'GF': True, 'GH': True}",replay,True,True,False,False,2026-03-26T20:47:33+00:00,2026-03-26T20:47:34.132493+00:00,0.1.0,113aead,24474.0,0.016093360900878907,0.11520000000000001,,,,,,,,1.0,,,,,1.0,,,1.0,0.0,0.0,,,,45.66475200000001,347.8070154246033,0.18748964188544326
ideal_e1_review_qaoa_maxcut_B4_cad8_seed83,qaoa_maxcut,fixed_graph_review_large,ideal,e1_review,83,,B4,cadence_sweep,full_contract,parallel_fs,parallel_fs,,0.0,8,14,"{'G0': True, 'GA': True, 'GB': True, 'GC': True, 'GD': True, 'GE': True, 'GF': True, 'GH': True}",replay,True,True,False,False,2026-03-02T09:44:17+00:00,2026-03-02T09:44:18.149175+00:00,0.1.0,113aead,24779.0,0.016094524383544924,0.117,,,,,,,,1.0,,,,,1.0,,,1.0,0.0,0.0,,,,46.345924800000006,348.2181180229677,0.18474735392583855
ideal_e1_review_qaoa_maxcut_B4_cad16_seed11,qaoa_maxcut,fixed_graph_review_large,ideal,e1_review,11,,B4,cadence_sweep,full_contract,parallel_fs,parallel_fs,,0.0,16,14,"{'G0': True, 'GA': True, 'GB': True, 'GC': True, 'GD': True, 'GE': True, 'GF': True, 'GH': True}",replay,True,True,False,False,2026-03-01T17:35:17+00:00,2026-03-01T17:35:18.126934+00:00,0.1.0,113aead,24554.0,0.016093666076660157,0.11460000000000001,,,,,,,,1.0,,,,,1.0,,,1.0,0.0,0.0,,,,188.22357600000004,1440.1889674561191,0.09747333313544408
ideal_e1_review_qaoa_maxcut_B4_cad16_seed17,qaoa_maxcut,fixed_graph_review_large,ideal,e1_review,17,,B4,cadence_sweep,full_contract,parallel_fs,parallel_fs,,0.0,16,14,"{'G0': True, 'GA': True, 'GB': True, 'GC': True, 'GD': True, 'GE': True, 'GF': True, 'GH': True}",replay,True,True,False,False,2026-03-01T08:41:23+00:00,2026-03-01T08:41:24.138055+00:00,0.1.0,113aead,24784.0,0.01609454345703125,0.1158,,,,,,,,1.0,,,,,1.0,,,1.0,0.0,0.0,,,,190.10138400000005,1441.3134843742152,0.09651575993268739
ideal_e1_review_qaoa_maxcut_B4_cad16_seed23,qaoa_maxcut,fixed_graph_review_large,ideal,e1_review,23,,B4,cadence_sweep,full_contract,parallel_fs,parallel_fs,,0.0,16,14,"{'G0': True, 'GA': True, 'GB': True, 'GC': True, 'GD': True, 'GE': True, 'GF': True, 'GH': True}",replay,True,True,False,False,2026-03-25T07:10:58+00:00,2026-03-25T07:10:59.138055+00:00,0.1.0,113aead,24888.0,0.016094940185546875,0.1158,,,,,,,,1.0,,,,,1.0,,,1.0,0.0,0.0,,,,190.10138400000005,1441.3091490285346,0.09651813903429253
ideal_e1_review_qaoa_maxcut_B4_cad16_seed31,qaoa_maxcut,fixed_graph_review_large,ideal,e1_review,31,,B4,cadence_sweep,full_contract,parallel_fs,parallel_fs,,0.0,16,14,"{'G0': True, 'GA': True, 'GB': True, 'GC': True, 'GD': True, 'GE': True, 'GF': True, 'GH': True}",replay,True,True,False,False,2026-03-28T09:48:15+00:00,2026-03-28T09:48:16.154735+00:00,0.1.0,113aead,25017.0,0.01609543228149414,0.11760000000000001,,,,,,,,1.0,,,,,1.0,,,1.0,0.0,0.0,,,,192.91809600000002,1442.9669937699384,0.09511182818693856
ideal_e1_review_qaoa_maxcut_B4_cad16_seed43,qaoa_maxcut,fixed_graph_review_large,ideal,e1_review,43,,B4,cadence_sweep,full_contract,parallel_fs,parallel_fs,,0.0,16,14,"{'G0': True, 'GA': True, 'GB': True, 'GC': True, 'GD': True, 'GE': True, 'GF': True, 'GH': True}",replay,True,True,False,False,2026-03-28T02:52:39+00:00,2026-03-28T02:52:40.132495+00:00,0.1.0,113aead,24895.0,0.016094966888427736,0.11520000000000001,,,,,,,,1.0,,,,,1.0,,,1.0,0.0,0.0,,,,189.16248000000004,1440.7443368392571,0.09699736571865422
ideal_e1_review_qaoa_maxcut_B4_cad16_seed59,qaoa_maxcut,fixed_graph_review_large,ideal,e1_review,59,,B4,cadence_sweep,full_contract,parallel_fs,parallel_fs,,0.0,16,14,"{'G0': True, 'GA': True, 'GB': True, 'GC': True, 'GD': True, 'GE': True, 'GF': True, 'GH': True}",replay,True,True,False,False,2026-03-02T01:44:53+00:00,2026-03-02T01:44:54.210342+00:00,0.1.0,113aead,26648.0,0.016101654052734376,0.12360000000000002,,,,,,,,1.0,,,,,1.0,,,1.0,0.0,0.0,,,,202.307136,1448.1370129206446,0.09073276396991349
ideal_e1_review_qaoa_maxcut_B4_cad16_seed71,qaoa_maxcut,fixed_graph_review_large,ideal,e1_review,71,,B4,cadence_sweep,full_contract,parallel_fs,parallel_fs,,0.0,16,14,"{'G0': True, 'GA': True, 'GB': True, 'GC': True, 'GD': True, 'GE': True, 'GF': True, 'GH': True}",replay,True,True,False,False,2026-03-08T05:59:39+00:00,2026-03-08T05:59:40.132494+00:00,0.1.0,113aead,24547.0,0.016093639373779296,0.11520000000000001,,,,,,,,1.0,,,,,1.0,,,1.0,0.0,0.0,,,,189.16248000000004,1440.7589042563911,0.09698936536520558
ideal_e1_review_qaoa_maxcut_B4_cad16_seed83,qaoa_maxcut,fixed_graph_review_large,ideal,e1_review,83,,B4,cadence_sweep,full_contract,parallel_fs,parallel_fs,,0.0,16,14,"{'G0': True, 'GA': True, 'GB': True, 'GC': True, 'GD': True, 'GE': True, 'GF': True, 'GH': True}",replay,True,True,False,False,2026-03-15T15:25:02+00:00,2026-03-15T15:25:03.143615+00:00,0.1.0,113aead,25028.0,0.016095474243164064,0.1164,,,,,,,,1.0,,,,,1.0,,,1.0,0.0,0.0,,,,191.040288,1441.8627435484384,0.096046969093802
ideal_e1_review_qaoa_maxcut_B5_cad1_seed11,qaoa_maxcut,fixed_graph_review_large,ideal,e1_review,11,,B5,cadence_sweep,full_contract,parallel_fs,parallel_fs,,0.0,1,14,"{'G0': True, 'GA': True, 'GB': True, 'GC': True, 'GD': True, 'GE': True, 'GF': True, 'GH': True}",replay,True,True,False,False,2026-03-07T18:14:40+00:00,2026-03-07T18:14:41.126934+00:00,0.1.0,113aead,24537.0,0.016093601226806642,0.11460000000000001,,,,,,,,1.0,,,,,1.0,,,1.0,0.0,0.0,,,,0.46986940000000005,3.5951982009018573,0.7792153051674595
ideal_e1_review_qaoa_maxcut_B5_cad1_seed17,qaoa_maxcut,fixed_graph_review_large,ideal,e1_review,17,,B5,cadence_sweep,full_contract,parallel_fs,parallel_fs,,0.0,1,14,"{'G0': True, 'GA': True, 'GB': True, 'GC': True, 'GD': True, 'GE': True, 'GF': True, 'GH': True}",replay,True,True,False,False,2026-03-21T15:22:04+00:00,2026-03-21T15:22:05.149175+00:00,0.1.0,113aead,24957.0,0.016095203399658205,0.117,,,,,,,,1.0,,,,,1.0,,,1.0,0.0,0.0,,,,0.4793698,3.60170605518028,0.7638484471533754
ideal_e1_review_qaoa_maxcut_B5_cad1_seed23,qaoa_maxcut,fixed_graph_review_large,ideal,e1_review,23,,B5,cadence_sweep,full_contract,parallel_fs,parallel_fs,,0.0,1,14,"{'G0': True, 'GA': True, 'GB': True, 'GC': True, 'GD': True, 'GE': True, 'GF': True, 'GH': True}",replay,True,True,False,False,2026-03-23T11:43:58+00:00,2026-03-23T11:43:59.143614+00:00,0.1.0,113aead,24767.0,0.016094478607177734,0.1164,,,,,,,,1.0,,,,,1.0,,,1.0,0.0,0.0,,,,0.47699470000000005,3.6001100197858316,0.7676173096122314
ideal_e1_review_qaoa_maxcut_B5_cad1_seed31,qaoa_maxcut,fixed_graph_review_large,ideal,e1_review,31,,B5,cadence_sweep,full_contract,parallel_fs,parallel_fs,,0.0,1,14,"{'G0': True, 'GA': True, 'GB': True, 'GC': True, 'GD': True, 'GE': True, 'GF': True, 'GH': True}",replay,True,True,False,False,2026-03-19T08:23:55+00:00,2026-03-19T08:23:56.132494+00:00,0.1.0,113aead,24645.0,0.01609401321411133,0.11520000000000001,,,,,,,,1.0,,,,,1.0,,,1.0,0.0,0.0,,,,0.4722445,3.596847171012088,0.7753161775754566
ideal_e1_review_qaoa_maxcut_B5_cad1_seed43,qaoa_maxcut,fixed_graph_review_large,ideal,e1_review,43,,B5,cadence_sweep,full_contract,parallel_fs,parallel_fs,,0.0,1,14,"{'G0': True, 'GA': True, 'GB': True, 'GC': True, 'GD': True, 'GE': True, 'GF': True, 'GH': True}",replay,True,True,False,False,2026-03-24T17:09:57+00:00,2026-03-24T17:09:58.154735+00:00,0.1.0,113aead,24975.0,0.016095272064208986,0.11760000000000001,,,,,,,,1.0,,,,,1.0,,,1.0,0.0,0.0,,,,0.48174490000000003,3.6033054315386366,0.7600857621134223
ideal_e1_review_qaoa_maxcut_B5_cad1_seed59,qaoa_maxcut,fixed_graph_review_large,ideal,e1_review,59,,B5,cadence_sweep,full_contract,parallel_fs,parallel_fs,,0.0,1,14,"{'G0': True, 'GA': True, 'GB': True, 'GC': True, 'GD': True, 'GE': True, 'GF': True, 'GH': True}",replay,True,True,False,False,2026-03-14T10:58:14+00:00,2026-03-14T10:58:15.199221+00:00,0.1.0,113aead,26491.0,0.016101055145263672,0.12240000000000001,,,,,,,,1.0,,,,,1.0,,,1.0,0.0,0.0,,,,0.5007457000000001,3.6154648747968334,0.7315070395107707
ideal_e1_review_qaoa_maxcut_B5_cad1_seed71,qaoa_maxcut,fixed_graph_review_large,ideal,e1_review,71,,B5,cadence_sweep,full_contract,parallel_fs,parallel_fs,,0.0,1,14,"{'G0': True, 'GA': True, 'GB': True, 'GC': True, 'GD': True, 'GE': True, 'GF': True, 'GH': True}",replay,True,True,False,False,2026-03-09T00:51:44+00:00,2026-03-09T00:51:45.121372+00:00,0.1.0,113aead,24103.0,0.01609194564819336,0.114,,,,,,,,1.0,,,,,1.0,,,1.0,0.0,0.0,,,,0.46749430000000003,3.5935683617511662,0.7830935339669359
ideal_e1_review_qaoa_maxcut_B5_cad1_seed83,qaoa_maxcut,fixed_graph_review_large,ideal,e1_review,83,,B5,cadence_sweep,full_contract,parallel_fs,parallel_fs,,0.0,1,14,"{'G0': True, 'GA': True, 'GB': True, 'GC': True, 'GD': True, 'GE': True, 'GF': True, 'GH': True}",replay,True,True,False,False,2026-03-20T21:17:33+00:00,2026-03-20T21:17:34.143616+00:00,0.1.0,113aead,25036.0,0.016095504760742188,0.1164,,,,,,,,1.0,,,,,1.0,,,1.0,0.0,0.0,,,,0.47699470000000005,3.6000821375891046,0.7676662514423844
ideal_e1_review_qaoa_maxcut_B5_cad4_seed11,qaoa_maxcut,fixed_graph_review_large,ideal,e1_review,11,,B5,cadence_sweep,full_contract,parallel_fs,parallel_fs,,0.0,4,14,"{'G0': True, 'GA': True, 'GB': True, 'GC': True, 'GD': True, 'GE': True, 'GF': True, 'GH': True}",replay,True,True,False,False,2026-03-18T08:57:42+00:00,2026-03-18T08:57:43.132493+00:00,0.1.0,113aead,24479.0,0.016093379974365236,0.11520000000000001,,,,,,,,1.0,,,,,1.0,,,1.0,0.0,0.0,,,,13.866762000000001,105.61661222148031,0.31683623999616556
ideal_e1_review_qaoa_maxcut_B5_cad4_seed17,qaoa_maxcut,fixed_graph_review_large,ideal,e1_review,17,,B5,cadence_sweep,full_contract,parallel_fs,parallel_fs,,0.0,4,14,"{'G0': True, 'GA': True, 'GB': True, 'GC': True, 'GD': True, 'GE': True, 'GF': True, 'GH': True}",replay,True,True,False,False,2026-03-02T11:15:02+00:00,2026-03-02T11:15:03.138054+00:00,0.1.0,113aead,24673.0,0.016094120025634765,0.1158,,,,,,,,1.0,,,,,1.0,,,1.0,0.0,0.0,,,,13.9358856,105.6596427292698,0.31527919309256464
ideal_e1_review_qaoa_maxcut_B5_cad4_seed23,qaoa_maxcut,fixed_graph_review_large,ideal,e1_review,23,,B5,cadence_sweep,full_contract,parallel_fs,parallel_fs,,0.0,4,14,"{'G0': True, 'GA': True, 'GB': True, 'GC': True, 'GD': True, 'GE': True, 'GF': True, 'GH': True}",replay,True,True,False,False,2026-03-27T23:20:39+00:00,2026-03-27T23:20:40.149175+00:00,0.1.0,113aead,24881.0,0.016094913482666017,0.117,,,,,,,,1.0,,,,,1.0,,,1.0,0.0,0.0,,,,14.074132800000003,105.74508395343737,0.312197663842409
ideal_e1_review_qaoa_maxcut_B5_cad4_seed31,qaoa_maxcut,fixed_graph_review_large,ideal,e1_review,31,,B5,cadence_sweep,full_contract,parallel_fs,parallel_fs,,0.0,4,14,"{'G0': True, 'GA': True, 'GB': True, 'GC': True, 'GD': True, 'GE': True, 'GF': True, 'GH': True}",replay,True,True,False,False,2026-03-05T14:11:12+00:00,2026-03-05T14:11:13.126934+00:00,0.1.0,113aead,24655.0,0.016094051361083984,0.11460000000000001,,,,,,,,1.0,,,,,1.0,,,1.0,0.0,0.0,,,,13.7976384,105.57204598302354,0.31843681463459195
ideal_e1_review_qaoa_maxcut_B5_cad4_seed43,qaoa_maxcut,fixed_graph_review_large,ideal,e1_review,43,,B5,cadence_sweep,full_contract,parallel_fs,parallel_fs,,0.0,4,14,"{'G0': True, 'GA': True, 'GB': True, 'GC': True, 'GD': True, 'GE': True, 'GF': True, 'GH': True}",replay,True,True,False,False,2026-03-19T08:09:07+00:00,2026-03-19T08:09:08.149175+00:00,0.1.0,113aead,24985.0,0.01609531021118164,0.117,,,,,,,,1.0,,,,,1.0,,,1.0,0.0,0.0,,,,14.074132800000003,105.74476875006826,0.3122053592994793
ideal_e1_review_qaoa_maxcut_B5_cad4_seed59,qaoa_maxcut,fixed_graph_review_large,ideal,e1_review,59,,B5,cadence_sweep,full_contract,parallel_fs,parallel_fs,,0.0,4,14,"{'G0': True, 'GA': True, 'GB': True, 'GC': True, 'GD': True, 'GE': True, 'GF': True, 'GH': True}",replay,True,True,False,False,2026-03-04T23:42:36+00:00,2026-03-04T23:42:37.204781+00:00,0.1.0,113aead,26537.0,0.016101230621337892,0.12300000000000001,,,,,,,,1.0,,,,,1.0,,,1.0,0.0,0.0,,,,14.765368800000001,106.14836931381554,0.29769902934122744
ideal_e1_review_qaoa_maxcut_B5_cad4_seed71,qaoa_maxcut,fixed_graph_review_large,ideal,e1_review,71,,B5,cadence_sweep,full_contract,parallel_fs,parallel_fs,,0.0,4,14,"{'G0': True, 'GA': True, 'GB': True, 'GC': True, 'GD': True, 'GE': True, 'GF': True, 'GH': True}",replay,True,True,False,False,2026-03-23T15:40:05+00:00,2026-03-23T15:40:06.132493+00:00,0.1.0,113aead,24400.0,0.01609307861328125,0.11520000000000001,,,,,,,,1.0,,,,,1.0,,,1.0,0.0,0.0,,,,13.866762000000001,105.61685464657293,0.316830306990614
ideal_e1_review_qaoa_maxcut_B5_cad4_seed83,qaoa_maxcut,fixed_graph_review_large,ideal,e1_review,83,,B5,cadence_sweep,full_contract,parallel_fs,parallel_fs,,0.0,4,14,"{'G0': True, 'GA': True, 'GB': True, 'GC': True, 'GD': True, 'GE': True, 'GF': True, 'GH': True}",replay,True,True,False,False,2026-03-07T21:02:35+00:00,2026-03-07T21:02:36.143615+00:00,0.1.0,113aead,25003.0,0.01609537887573242,0.1164,,,,,,,,1.0,,,,,1.0,,,1.0,0.0,0.0,,,,14.0050092,105.70186914318963,0.3137476291750633
ideal_e1_review_qaoa_maxcut_B5_cad8_seed11,qaoa_maxcut,fixed_graph_review_large,ideal,e1_review,11,,B5,cadence_sweep,full_contract,parallel_fs,parallel_fs,,0.0,8,14,"{'G0': True, 'GA': True, 'GB': True, 'GC': True, 'GD': True, 'GE': True, 'GF': True, 'GH': True}",replay,True,True,False,False,2026-03-26T00:01:56+00:00,2026-03-26T00:01:57.126934+00:00,0.1.0,113aead,24558.0,0.01609368133544922,0.11460000000000001,,,,,,,,1.0,,,,,1.0,,,1.0,0.0,0.0,,,,57.5786848,440.56211602314403,0.17804635597861299
ideal_e1_review_qaoa_maxcut_B5_cad8_seed17,qaoa_maxcut,fixed_graph_review_large,ideal,e1_review,17,,B5,cadence_sweep,full_contract,parallel_fs,parallel_fs,,0.0,8,14,"{'G0': True, 'GA': True, 'GB': True, 'GC': True, 'GD': True, 'GE': True, 'GF': True, 'GH': True}",replay,True,True,False,False,2026-03-02T15:51:33+00:00,2026-03-02T15:51:34.149175+00:00,0.1.0,113aead,24935.0,0.01609511947631836,0.117,,,,,,,,1.0,,,,,1.0,,,1.0,0.0,0.0,,,,58.729361600000004,441.2585662876221,0.1745735153098411
ideal_e1_review_qaoa_maxcut_B5_cad8_seed23,qaoa_maxcut,fixed_graph_review_large,ideal,e1_review,23,,B5,cadence_sweep,full_contract,parallel_fs,parallel_fs,,0.0,8,14,"{'G0': True, 'GA': True, 'GB': True, 'GC': True, 'GD': True, 'GE': True, 'GF': True, 'GH': True}",replay,True,True,False,False,2026-03-11T02:24:46+00:00,2026-03-11T02:24:47.149175+00:00,0.1.0,113aead,24838.0,0.016094749450683593,0.117,,,,,,,,1.0,,,,,1.0,,,1.0,0.0,0.0,,,,58.729361600000004,441.2597930601413,0.17456950187732753
ideal_e1_review_qaoa_maxcut_B5_cad8_seed31,qaoa_maxcut,fixed_graph_review_large,ideal,e1_review,31,,B5,cadence_sweep,full_contract,parallel_fs,parallel_fs,,0.0,8,14,"{'G0': True, 'GA': True, 'GB': True, 'GC': True, 'GD': True, 'GE': True, 'GF': True, 'GH': True}",replay,True,True,False,False,2026-03-01T03:56:14+00:00,2026-03-01T03:56:15.138055+00:00,0.1.0,113aead,24820.0,0.01609468078613281,0.1158,,,,,,,,1.0,,,,,1.0,,,1.0,0.0,0.0,,,,58.15402320000001,440.9125739823939,0.17629582781413822
ideal_e1_review_qaoa_maxcut_B5_cad8_seed43,qaoa_maxcut,fixed_graph_review_large,ideal,e1_review,43,,B5,cadence_sweep,full_contract,parallel_fs,parallel_fs,,0.0,8,14,"{'G0': True, 'GA': True, 'GB': True, 'GC': True, 'GD': True, 'GE': True, 'GF': True, 'GH': True}",replay,True,True,False,False,2026-03-15T12:22:07+00:00,2026-03-15T12:22:08.138055+00:00,0.1.0,113aead,24813.0,0.016094654083251954,0.1158,,,,,,,,1.0,,,,,1.0,,,1.0,0.0,0.0,,,,58.15402320000001,440.912663247846,0.17629553531958375
ideal_e1_review_qaoa_maxcut_B5_cad8_seed59,qaoa_maxcut,fixed_graph_review_large,ideal,e1_review,59,,B5,cadence_sweep,full_contract,parallel_fs,parallel_fs,,0.0,8,14,"{'G0': True, 'GA': True, 'GB': True, 'GC': True, 'GD': True, 'GE': True, 'GF': True, 'GH': True}",replay,True,True,False,False,2026-03-20T09:59:10+00:00,2026-03-20T09:59:11.204781+00:00,0.1.0,113aead,26487.0,0.01610103988647461,0.12300000000000001,,,,,,,,1.0,,,,,1.0,,,1.0,0.0,0.0,,,,61.606053599999996,442.88708157954045,0.16648302899383133
ideal_e1_review_qaoa_maxcut_B5_cad8_seed71,qaoa_maxcut,fixed_graph_review_large,ideal,e1_review,71,,B5,cadence_sweep,full_contract,parallel_fs,parallel_fs,,0.0,8,14,"{'G0': True, 'GA': True, 'GB': True, 'GC': True, 'GD': True, 'GE': True, 'GF': True, 'GH': True}",replay,True,True,False,False,2026-03-11T17:45:10+00:00,2026-03-11T17:45:11.132493+00:00,0.1.0,113aead,24490.0,0.016093421936035156,0.11520000000000001,,,,,,,,1.0,,,,,1.0,,,1.0,0.0,0.0,,,,57.86635400000001,440.74069474852985,0.1771583841839144
ideal_e1_review_qaoa_maxcut_B5_cad8_seed83,qaoa_maxcut,fixed_graph_review_large,ideal,e1_review,83,,B5,cadence_sweep,full_contract,parallel_fs,parallel_fs,,0.0,8,14,"{'G0': True, 'GA': True, 'GB': True, 'GC': True, 'GD': True, 'GE': True, 'GF': True, 'GH': True}",replay,True,True,False,False,2026-03-14T05:49:02+00:00,2026-03-14T05:49:03.149175+00:00,0.1.0,113aead,24795.0,0.016094585418701172,0.117,,,,,,,,1.0,,,,,1.0,,,1.0,0.0,0.0,,,,58.729361600000004,441.2603368893166,0.17456772272683185
ideal_e1_review_qaoa_maxcut_B5_cad16_seed11,qaoa_maxcut,fixed_graph_review_large,ideal,e1_review,11,,B5,cadence_sweep,full_contract,parallel_fs,parallel_fs,,0.0,16,14,"{'G0': True, 'GA': True, 'GB': True, 'GC': True, 'GD': True, 'GE': True, 'GF': True, 'GH': True}",replay,True,True,False,False,2026-03-05T09:36:54+00:00,2026-03-05T09:36:55.126934+00:00,0.1.0,113aead,24569.0,0.016093723297119143,0.11460000000000001,,,,,,,,1.0,,,,,1.0,,,1.0,0.0,0.0,,,,232.17230400000003,1776.4610123791442,0.09461909074463777
ideal_e1_review_qaoa_maxcut_B5_cad16_seed17,qaoa_maxcut,fixed_graph_review_large,ideal,e1_review,17,,B5,cadence_sweep,full_contract,parallel_fs,parallel_fs,,0.0,16,14,"{'G0': True, 'GA': True, 'GB': True, 'GC': True, 'GD': True, 'GE': True, 'GF': True, 'GH': True}",replay,True,True,False,False,2026-03-10T15:33:14+00:00,2026-03-10T15:33:15.138055+00:00,0.1.0,113aead,24799.0,0.016094600677490235,0.1158,,,,,,,,1.0,,,,,1.0,,,1.0,0.0,0.0,,,,234.48843600000006,1777.847120318239,0.09368960917447615
ideal_e1_review_qaoa_maxcut_B5_cad16_seed23,qaoa_maxcut,fixed_graph_review_large,ideal,e1_review,23,,B5,cadence_sweep,full_contract,parallel_fs,parallel_fs,,0.0,16,14,"{'G0': True, 'GA': True, 'GB': True, 'GC': True, 'GD': True, 'GE': True, 'GF': True, 'GH': True}",replay,True,True,False,False,2026-03-12T22:56:16+00:00,2026-03-12T22:56:17.138055+00:00,0.1.0,113aead,24903.0,0.01609499740600586,0.1158,,,,,,,,1.0,,,,,1.0,,,1.0,0.0,0.0,,,,234.48843600000006,1777.8417727109536,0.09369191860360224
ideal_e1_review_qaoa_maxcut_B5_cad16_seed31,qaoa_maxcut,fixed_graph_review_large,ideal,e1_review,31,,B5,cadence_sweep,full_contract,parallel_fs,parallel_fs,,0.0,16,14,"{'G0': True, 'GA': True, 'GB': True, 'GC': True, 'GD': True, 'GE': True, 'GF': True, 'GH': True}",replay,True,True,False,False,2026-03-20T01:37:54+00:00,2026-03-20T01:37:55.154735+00:00,0.1.0,113aead,25032.0,0.016095489501953126,0.11760000000000001,,,,,,,,1.0,,,,,1.0,,,1.0,0.0,0.0,,,,237.962634,1779.8852817433578,0.09232686157846957
ideal_e1_review_qaoa_maxcut_B5_cad16_seed43,qaoa_maxcut,fixed_graph_review_large,ideal,e1_review,43,,B5,cadence_sweep,full_contract,parallel_fs,parallel_fs,,0.0,16,14,"{'G0': True, 'GA': True, 'GB': True, 'GC': True, 'GD': True, 'GE': True, 'GF': True, 'GH': True}",replay,True,True,False,False,2026-03-23T04:01:08+00:00,2026-03-23T04:01:09.132495+00:00,0.1.0,113aead,24910.0,0.01609502410888672,0.11520000000000001,,,,,,,,1.0,,,,,1.0,,,1.0,0.0,0.0,,,,233.33037000000002,1777.1455665105211,0.09415708683199006
ideal_e1_review_qaoa_maxcut_B5_cad16_seed59,qaoa_maxcut,fixed_graph_review_large,ideal,e1_review,59,,B5,cadence_sweep,full_contract,parallel_fs,parallel_fs,,0.0,16,14,"{'G0': True, 'GA': True, 'GB': True, 'GC': True, 'GD': True, 'GE': True, 'GF': True, 'GH': True}",replay,True,True,False,False,2026-03-24T21:07:09+00:00,2026-03-24T21:07:10.210342+00:00,0.1.0,113aead,26663.0,0.016101711273193358,0.12360000000000002,,,,,,,,1.0,,,,,1.0,,,1.0,0.0,0.0,,,,249.543294,1786.257961522076,0.08807624334681154
ideal_e1_review_qaoa_maxcut_B5_cad16_seed71,qaoa_maxcut,fixed_graph_review_large,ideal,e1_review,71,,B5,cadence_sweep,full_contract,parallel_fs,parallel_fs,,0.0,16,14,"{'G0': True, 'GA': True, 'GB': True, 'GC': True, 'GD': True, 'GE': True, 'GF': True, 'GH': True}",replay,True,True,False,False,2026-03-24T08:38:00+00:00,2026-03-24T08:38:01.132494+00:00,0.1.0,113aead,24562.0,0.01609369659423828,0.11520000000000001,,,,,,,,1.0,,,,,1.0,,,1.0,0.0,0.0,,,,233.33037000000002,1777.163535284599,0.09414932077266774
ideal_e1_review_qaoa_maxcut_B5_cad16_seed83,qaoa_maxcut,fixed_graph_review_large,ideal,e1_review,83,,B5,cadence_sweep,full_contract,parallel_fs,parallel_fs,,0.0,16,14,"{'G0': True, 'GA': True, 'GB': True, 'GC': True, 'GD': True, 'GE': True, 'GF': True, 'GH': True}",replay,True,True,False,False,2026-03-16T21:03:16+00:00,2026-03-16T21:03:17.143616+00:00,0.1.0,113aead,25043.0,0.016095531463623046,0.1164,,,,,,,,1.0,,,,,1.0,,,1.0,0.0,0.0,,,,235.64650199999997,1778.5241464139283,0.09323457068692435
ideal_e1_review_h2_vqe_B1_cad1_seed11,h2_vqe,embedded_expanded_active_space,ideal,e1_review,11,,B1,cadence_sweep,full_contract,parallel_fs,parallel_fs,,0.0,1,14,"{'G0': True, 'GA': True, 'GB': False, 'GC': False, 'GD': False, 'GE': False, 'GF': False, 'GH': False}",replay,True,True,False,False,2026-03-30T04:10:48+00:00,2026-03-30T04:10:49.209524+00:00,0.1.0,113aead,1000.0,0.016003814697265625,0.0848,,,,,,,,1.0,,,,,1.0,,,1.0,0.0,0.0,,,,0.00472,0.04682362482188914,13.562554828191209
ideal_e1_review_h2_vqe_B1_cad1_seed17,h2_vqe,embedded_expanded_active_space,ideal,e1_review,17,,B1,cadence_sweep,full_contract,parallel_fs,parallel_fs,,0.0,1,14,"{'G0': True, 'GA': True, 'GB': False, 'GC': False, 'GD': False, 'GE': False, 'GF': False, 'GH': False}",replay,True,True,False,False,2026-03-06T10:42:14+00:00,2026-03-06T10:42:15.209524+00:00,0.1.0,113aead,1000.0,0.016003814697265625,0.0848,,,,,,,,1.0,,,,,1.0,,,1.0,0.0,0.0,,,,0.00472,0.04682362482188914,13.562554828191209
ideal_e1_review_h2_vqe_B1_cad1_seed23,h2_vqe,embedded_expanded_active_space,ideal,e1_review,23,,B1,cadence_sweep,full_contract,parallel_fs,parallel_fs,,0.0,1,14,"{'G0': True, 'GA': True, 'GB': False, 'GC': False, 'GD': False, 'GE': False, 'GF': False, 'GH': False}",replay,True,True,False,False,2026-03-20T22:25:39+00:00,2026-03-20T22:25:40.209524+00:00,0.1.0,113aead,1000.0,0.016003814697265625,0.0848,,,,,,,,1.0,,,,,1.0,,,1.0,0.0,0.0,,,,0.00472,0.04682362482188914,13.562554828191209
ideal_e1_review_h2_vqe_B1_cad1_seed31,h2_vqe,embedded_expanded_active_space,ideal,e1_review,31,,B1,cadence_sweep,full_contract,parallel_fs,parallel_fs,,0.0,1,14,"{'G0': True, 'GA': True, 'GB': False, 'GC': False, 'GD': False, 'GE': False, 'GF': False, 'GH': False}",replay,True,True,False,False,2026-03-28T07:55:21+00:00,2026-03-28T07:55:22.209524+00:00,0.1.0,113aead,1000.0,0.016003814697265625,0.0848,,,,,,,,1.0,,,,,1.0,,,1.0,0.0,0.0,,,,0.00472,0.04682362482188914,13.562554828191209
ideal_e1_review_h2_vqe_B1_cad1_seed43,h2_vqe,embedded_expanded_active_space,ideal,e1_review,43,,B1,cadence_sweep,full_contract,parallel_fs,parallel_fs,,0.0,1,14,"{'G0': True, 'GA': True, 'GB': False, 'GC': False, 'GD': False, 'GE': False, 'GF': False, 'GH': False}",replay,True,True,False,False,2026-03-17T04:17:24+00:00,2026-03-17T04:17:25.209524+00:00,0.1.0,113aead,1000.0,0.016003814697265625,0.0848,,,,,,,,1.0,,,,,1.0,,,1.0,0.0,0.0,,,,0.00472,0.04682362482188914,13.562554828191209
ideal_e1_review_h2_vqe_B1_cad1_seed59,h2_vqe,embedded_expanded_active_space,ideal,e1_review,59,,B1,cadence_sweep,full_contract,parallel_fs,parallel_fs,,0.0,1,14,"{'G0': True, 'GA': True, 'GB': False, 'GC': False, 'GD': False, 'GE': False, 'GF': False, 'GH': False}",replay,True,True,False,False,2026-03-26T14:16:23+00:00,2026-03-26T14:16:24.209524+00:00,0.1.0,113aead,1000.0,0.016003814697265625,0.0848,,,,,,,,1.0,,,,,1.0,,,1.0,0.0,0.0,,,,0.00472,0.04682362482188914,13.562554828191209
ideal_e1_review_h2_vqe_B1_cad1_seed71,h2_vqe,embedded_expanded_active_space,ideal,e1_review,71,,B1,cadence_sweep,full_contract,parallel_fs,parallel_fs,,0.0,1,14,"{'G0': True, 'GA': True, 'GB': False, 'GC': False, 'GD': False, 'GE': False, 'GF': False, 'GH': False}",replay,True,True,False,False,2026-03-12T18:01:43+00:00,2026-03-12T18:01:44.209524+00:00,0.1.0,113aead,1000.0,0.016003814697265625,0.0848,,,,,,,,1.0,,,,,1.0,,,1.0,0.0,0.0,,,,0.00472,0.04682362482188914,13.562554828191209
ideal_e1_review_h2_vqe_B1_cad1_seed83,h2_vqe,embedded_expanded_active_space,ideal,e1_review,83,,B1,cadence_sweep,full_contract,parallel_fs,parallel_fs,,0.0,1,14,"{'G0': True, 'GA': True, 'GB': False, 'GC': False, 'GD': False, 'GE': False, 'GF': False, 'GH': False}",replay,True,True,False,False,2026-03-08T22:50:14+00:00,2026-03-08T22:50:15.209524+00:00,0.1.0,113aead,1000.0,0.016003814697265625,0.0848,,,,,,,,1.0,,,,,1.0,,,1.0,0.0,0.0,,,,0.00472,0.04682362482188914,13.562554828191209
ideal_e1_review_h2_vqe_B1_cad4_seed11,h2_vqe,embedded_expanded_active_space,ideal,e1_review,11,,B1,cadence_sweep,full_contract,parallel_fs,parallel_fs,,0.0,4,14,"{'G0': True, 'GA': True, 'GB': False, 'GC': False, 'GD': False, 'GE': False, 'GF': False, 'GH': False}",replay,True,True,False,False,2026-03-21T08:47:20+00:00,2026-03-21T08:47:21.209524+00:00,0.1.0,113aead,1000.0,0.016003814697265625,0.0848,,,,,,,,1.0,,,,,1.0,,,1.0,0.0,0.0,,,,0.056639999999999996,0.5618834978626697,13.562554828191209
ideal_e1_review_h2_vqe_B1_cad4_seed17,h2_vqe,embedded_expanded_active_space,ideal,e1_review,17,,B1,cadence_sweep,full_contract,parallel_fs,parallel_fs,,0.0,4,14,"{'G0': True, 'GA': True, 'GB': False, 'GC': False, 'GD': False, 'GE': False, 'GF': False, 'GH': False}",replay,True,True,False,False,2026-03-05T07:50:53+00:00,2026-03-05T07:50:54.209524+00:00,0.1.0,113aead,1000.0,0.016003814697265625,0.0848,,,,,,,,1.0,,,,,1.0,,,1.0,0.0,0.0,,,,0.056639999999999996,0.5618834978626697,13.562554828191209
ideal_e1_review_h2_vqe_B1_cad4_seed23,h2_vqe,embedded_expanded_active_space,ideal,e1_review,23,,B1,cadence_sweep,full_contract,parallel_fs,parallel_fs,,0.0,4,14,"{'G0': True, 'GA': True, 'GB': False, 'GC': False, 'GD': False, 'GE': False, 'GF': False, 'GH': False}",replay,True,True,False,False,2026-03-14T02:10:02+00:00,2026-03-14T02:10:03.209524+00:00,0.1.0,113aead,1000.0,0.016003814697265625,0.0848,,,,,,,,1.0,,,,,1.0,,,1.0,0.0,0.0,,,,0.056639999999999996,0.5618834978626697,13.562554828191209
ideal_e1_review_h2_vqe_B1_cad4_seed31,h2_vqe,embedded_expanded_active_space,ideal,e1_review,31,,B1,cadence_sweep,full_contract,parallel_fs,parallel_fs,,0.0,4,14,"{'G0': True, 'GA': True, 'GB': False, 'GC': False, 'GD': False, 'GE': False, 'GF': False, 'GH': False}",replay,True,True,False,False,2026-03-19T19:29:44+00:00,2026-03-19T19:29:45.209524+00:00,0.1.0,113aead,1000.0,0.016003814697265625,0.0848,,,,,,,,1.0,,,,,1.0,,,1.0,0.0,0.0,,,,0.056639999999999996,0.5618834978626697,13.562554828191209
ideal_e1_review_h2_vqe_B1_cad4_seed43,h2_vqe,embedded_expanded_active_space,ideal,e1_review,43,,B1,cadence_sweep,full_contract,parallel_fs,parallel_fs,,0.0,4,14,"{'G0': True, 'GA': True, 'GB': False, 'GC': False, 'GD': False, 'GE': False, 'GF': False, 'GH': False}",replay,True,True,False,False,2026-03-15T15:45:25+00:00,2026-03-15T15:45:26.209524+00:00,0.1.0,113aead,1000.0,0.016003814697265625,0.0848,,,,,,,,1.0,,,,,1.0,,,1.0,0.0,0.0,,,,0.056639999999999996,0.5618834978626697,13.562554828191209
ideal_e1_review_h2_vqe_B1_cad4_seed59,h2_vqe,embedded_expanded_active_space,ideal,e1_review,59,,B1,cadence_sweep,full_contract,parallel_fs,parallel_fs,,0.0,4,14,"{'G0': True, 'GA': True, 'GB': False, 'GC': False, 'GD': False, 'GE': False, 'GF': False, 'GH': False}",replay,True,True,False,False,2026-03-05T00:17:50+00:00,2026-03-05T00:17:51.209524+00:00,0.1.0,113aead,1000.0,0.016003814697265625,0.0848,,,,,,,,1.0,,,,,1.0,,,1.0,0.0,0.0,,,,0.056639999999999996,0.5618834978626697,13.562554828191209
ideal_e1_review_h2_vqe_B1_cad4_seed71,h2_vqe,embedded_expanded_active_space,ideal,e1_review,71,,B1,cadence_sweep,full_contract,parallel_fs,parallel_fs,,0.0,4,14,"{'G0': True, 'GA': True, 'GB': False, 'GC': False, 'GD': False, 'GE': False, 'GF': False, 'GH': False}",replay,True,True,False,False,2026-03-16T12:34:15+00:00,2026-03-16T12:34:16.209524+00:00,0.1.0,113aead,1000.0,0.016003814697265625,0.0848,,,,,,,,1.0,,,,,1.0,,,1.0,0.0,0.0,,,,0.056639999999999996,0.5618834978626697,13.562554828191209
ideal_e1_review_h2_vqe_B1_cad4_seed83,h2_vqe,embedded_expanded_active_space,ideal,e1_review,83,,B1,cadence_sweep,full_contract,parallel_fs,parallel_fs,,0.0,4,14,"{'G0': True, 'GA': True, 'GB': False, 'GC': False, 'GD': False, 'GE': False, 'GF': False, 'GH': False}",replay,True,True,False,False,2026-03-12T15:11:40+00:00,2026-03-12T15:11:41.209524+00:00,0.1.0,113aead,1000.0,0.016003814697265625,0.0848,,,,,,,,1.0,,,,,1.0,,,1.0,0.0,0.0,,,,0.056639999999999996,0.5618834978626697,13.562554828191209
ideal_e1_review_h2_vqe_B1_cad8_seed11,h2_vqe,embedded_expanded_active_space,ideal,e1_review,11,,B1,cadence_sweep,full_contract,parallel_fs,parallel_fs,,0.0,8,14,"{'G0': True, 'GA': True, 'GB': False, 'GC': False, 'GD': False, 'GE': False, 'GF': False, 'GH': False}",replay,True,True,False,False,2026-03-29T20:49:07+00:00,2026-03-29T20:49:08.209524+00:00,0.1.0,113aead,1000.0,0.016003814697265625,0.0848,,,,,,,,1.0,,,,,1.0,,,1.0,0.0,0.0,,,,0.13216,1.3110614950128958,13.562554828191209
ideal_e1_review_h2_vqe_B1_cad8_seed17,h2_vqe,embedded_expanded_active_space,ideal,e1_review,17,,B1,cadence_sweep,full_contract,parallel_fs,parallel_fs,,0.0,8,14,"{'G0': True, 'GA': True, 'GB': False, 'GC': False, 'GD': False, 'GE': False, 'GF': False, 'GH': False}",replay,True,True,False,False,2026-03-12T01:40:10+00:00,2026-03-12T01:40:11.209524+00:00,0.1.0,113aead,1000.0,0.016003814697265625,0.0848,,,,,,,,1.0,,,,,1.0,,,1.0,0.0,0.0,,,,0.13216,1.3110614950128958,13.562554828191209
ideal_e1_review_h2_vqe_B1_cad8_seed23,h2_vqe,embedded_expanded_active_space,ideal,e1_review,23,,B1,cadence_sweep,full_contract,parallel_fs,parallel_fs,,0.0,8,14,"{'G0': True, 'GA': True, 'GB': False, 'GC': False, 'GD': False, 'GE': False, 'GF': False, 'GH': False}",replay,True,True,False,False,2026-03-17T04:09:26+00:00,2026-03-17T04:09:27.209524+00:00,0.1.0,113aead,1000.0,0.016003814697265625,0.0848,,,,,,,,1.0,,,,,1.0,,,1.0,0.0,0.0,,,,0.13216,1.3110614950128958,13.562554828191209
ideal_e1_review_h2_vqe_B1_cad8_seed31,h2_vqe,embedded_expanded_active_space,ideal,e1_review,31,,B1,cadence_sweep,full_contract,parallel_fs,parallel_fs,,0.0,8,14,"{'G0': True, 'GA': True, 'GB': False, 'GC': False, 'GD': False, 'GE': False, 'GF': False, 'GH': False}",replay,True,True,False,False,2026-03-06T23:24:17+00:00,2026-03-06T23:24:18.209524+00:00,0.1.0,113aead,1000.0,0.016003814697265625,0.0848,,,,,,,,1.0,,,,,1.0,,,1.0,0.0,0.0,,,,0.13216,1.3110614950128958,13.562554828191209
ideal_e1_review_h2_vqe_B1_cad8_seed43,h2_vqe,embedded_expanded_active_space,ideal,e1_review,43,,B1,cadence_sweep,full_contract,parallel_fs,parallel_fs,,0.0,8,14,"{'G0': True, 'GA': True, 'GB': False, 'GC': False, 'GD': False, 'GE': False, 'GF': False, 'GH': False}",replay,True,True,False,False,2026-03-16T00:59:18+00:00,2026-03-16T00:59:19.209524+00:00,0.1.0,113aead,1000.0,0.016003814697265625,0.0848,,,,,,,,1.0,,,,,1.0,,,1.0,0.0,0.0,,,,0.13216,1.3110614950128958,13.562554828191209
ideal_e1_review_h2_vqe_B1_cad8_seed59,h2_vqe,embedded_expanded_active_space,ideal,e1_review,59,,B1,cadence_sweep,full_contract,parallel_fs,parallel_fs,,0.0,8,14,"{'G0': True, 'GA': True, 'GB': False, 'GC': False, 'GD': False, 'GE': False, 'GF': False, 'GH': False}",replay,True,True,False,False,2026-03-09T18:03:22+00:00,2026-03-09T18:03:23.209524+00:00,0.1.0,113aead,1000.0,0.016003814697265625,0.0848,,,,,,,,1.0,,,,,1.0,,,1.0,0.0,0.0,,,,0.13216,1.3110614950128958,13.562554828191209
ideal_e1_review_h2_vqe_B1_cad8_seed71,h2_vqe,embedded_expanded_active_space,ideal,e1_review,71,,B1,cadence_sweep,full_contract,parallel_fs,parallel_fs,,0.0,8,14,"{'G0': True, 'GA': True, 'GB': False, 'GC': False, 'GD': False, 'GE': False, 'GF': False, 'GH': False}",replay,True,True,False,False,2026-03-27T13:23:52+00:00,2026-03-27T13:23:53.209524+00:00,0.1.0,113aead,1000.0,0.016003814697265625,0.0848,,,,,,,,1.0,,,,,1.0,,,1.0,0.0,0.0,,,,0.13216,1.3110614950128958,13.562554828191209
ideal_e1_review_h2_vqe_B1_cad8_seed83,h2_vqe,embedded_expanded_active_space,ideal,e1_review,83,,B1,cadence_sweep,full_contract,parallel_fs,parallel_fs,,0.0,8,14,"{'G0': True, 'GA': True, 'GB': False, 'GC': False, 'GD': False, 'GE': False, 'GF': False, 'GH': False}",replay,True,True,False,False,2026-03-04T22:36:39+00:00,2026-03-04T22:36:40.209524+00:00,0.1.0,113aead,1000.0,0.016003814697265625,0.0848,,,,,,,,1.0,,,,,1.0,,,1.0,0.0,0.0,,,,0.13216,1.3110614950128958,13.562554828191209
ideal_e1_review_h2_vqe_B1_cad16_seed11,h2_vqe,embedded_expanded_active_space,ideal,e1_review,11,,B1,cadence_sweep,full_contract,parallel_fs,parallel_fs,,0.0,16,14,"{'G0': True, 'GA': True, 'GB': False, 'GC': False, 'GD': False, 'GE': False, 'GF': False, 'GH': False}",replay,True,True,False,False,2026-03-28T15:49:43+00:00,2026-03-28T15:49:44.209524+00:00,0.1.0,113aead,1000.0,0.016003814697265625,0.0848,,,,,,,,1.0,,,,,1.0,,,1.0,0.0,0.0,,,,0.28319999999999995,2.809417489313348,13.562554828191209
ideal_e1_review_h2_vqe_B1_cad16_seed17,h2_vqe,embedded_expanded_active_space,ideal,e1_review,17,,B1,cadence_sweep,full_contract,parallel_fs,parallel_fs,,0.0,16,14,"{'G0': True, 'GA': True, 'GB': False, 'GC': False, 'GD': False, 'GE': False, 'GF': False, 'GH': False}",replay,True,True,False,False,2026-03-14T23:45:55+00:00,2026-03-14T23:45:56.209524+00:00,0.1.0,113aead,1000.0,0.016003814697265625,0.0848,,,,,,,,1.0,,,,,1.0,,,1.0,0.0,0.0,,,,0.28319999999999995,2.809417489313348,13.562554828191209
ideal_e1_review_h2_vqe_B1_cad16_seed23,h2_vqe,embedded_expanded_active_space,ideal,e1_review,23,,B1,cadence_sweep,full_contract,parallel_fs,parallel_fs,,0.0,16,14,"{'G0': True, 'GA': True, 'GB': False, 'GC': False, 'GD': False, 'GE': False, 'GF': False, 'GH': False}",replay,True,True,False,False,2026-03-28T06:04:44+00:00,2026-03-28T06:04:45.209524+00:00,0.1.0,113aead,1000.0,0.016003814697265625,0.0848,,,,,,,,1.0,,,,,1.0,,,1.0,0.0,0.0,,,,0.28319999999999995,2.809417489313348,13.562554828191209
ideal_e1_review_h2_vqe_B1_cad16_seed31,h2_vqe,embedded_expanded_active_space,ideal,e1_review,31,,B1,cadence_sweep,full_contract,parallel_fs,parallel_fs,,0.0,16,14,"{'G0': True, 'GA': True, 'GB': False, 'GC': False, 'GD': False, 'GE': False, 'GF': False, 'GH': False}",replay,True,True,False,False,2026-03-27T21:47:05+00:00,2026-03-27T21:47:06.209524+00:00,0.1.0,113aead,1000.0,0.016003814697265625,0.0848,,,,,,,,1.0,,,,,1.0,,,1.0,0.0,0.0,,,,0.28319999999999995,2.809417489313348,13.562554828191209
ideal_e1_review_h2_vqe_B1_cad16_seed43,h2_vqe,embedded_expanded_active_space,ideal,e1_review,43,,B1,cadence_sweep,full_contract,parallel_fs,parallel_fs,,0.0,16,14,"{'G0': True, 'GA': True, 'GB': False, 'GC': False, 'GD': False, 'GE': False, 'GF': False, 'GH': False}",replay,True,True,False,False,2026-03-20T19:56:52+00:00,2026-03-20T19:56:53.209524+00:00,0.1.0,113aead,1000.0,0.016003814697265625,0.0848,,,,,,,,1.0,,,,,1.0,,,1.0,0.0,0.0,,,,0.28319999999999995,2.809417489313348,13.562554828191209
ideal_e1_review_h2_vqe_B1_cad16_seed59,h2_vqe,embedded_expanded_active_space,ideal,e1_review,59,,B1,cadence_sweep,full_contract,parallel_fs,parallel_fs,,0.0,16,14,"{'G0': True, 'GA': True, 'GB': False, 'GC': False, 'GD': False, 'GE': False, 'GF': False, 'GH': False}",replay,True,True,False,False,2026-03-12T09:00:41+00:00,2026-03-12T09:00:42.209524+00:00,0.1.0,113aead,1000.0,0.016003814697265625,0.0848,,,,,,,,1.0,,,,,1.0,,,1.0,0.0,0.0,,,,0.28319999999999995,2.809417489313348,13.562554828191209
ideal_e1_review_h2_vqe_B1_cad16_seed71,h2_vqe,embedded_expanded_active_space,ideal,e1_review,71,,B1,cadence_sweep,full_contract,parallel_fs,parallel_fs,,0.0,16,14,"{'G0': True, 'GA': True, 'GB': False, 'GC': False, 'GD': False, 'GE': False, 'GF': False, 'GH': False}",replay,True,True,False,False,2026-03-16T15:46:38+00:00,2026-03-16T15:46:39.209524+00:00,0.1.0,113aead,1000.0,0.016003814697265625,0.0848,,,,,,,,1.0,,,,,1.0,,,1.0,0.0,0.0,,,,0.28319999999999995,2.809417489313348,13.562554828191209
ideal_e1_review_h2_vqe_B1_cad16_seed83,h2_vqe,embedded_expanded_active_space,ideal,e1_review,83,,B1,cadence_sweep,full_contract,parallel_fs,parallel_fs,,0.0,16,14,"{'G0': True, 'GA': True, 'GB': False, 'GC': False, 'GD': False, 'GE': False, 'GF': False, 'GH': False}",replay,True,True,False,False,2026-03-12T06:52:37+00:00,2026-03-12T06:52:38.209524+00:00,0.1.0,113aead,1000.0,0.016003814697265625,0.0848,,,,,,,,1.0,,,,,1.0,,,1.0,0.0,0.0,,,,0.28319999999999995,2.809417489313348,13.562554828191209
ideal_e1_review_h2_vqe_B2_cad1_seed11,h2_vqe,embedded_expanded_active_space,ideal,e1_review,11,,B2,cadence_sweep,full_contract,parallel_fs,parallel_fs,,0.0,1,14,"{'G0': True, 'GA': True, 'GB': False, 'GC': False, 'GD': True, 'GE': True, 'GF': False, 'GH': False}",replay,True,True,False,False,2026-03-13T00:02:07+00:00,2026-03-13T00:02:08.209525+00:00,0.1.0,113aead,1233.0,0.016004703521728517,0.0848,,,,,,,,1.0,,,,,1.0,,,1.0,0.0,0.0,,,,0.010780000000000001,0.10693945444397211,10.392664624499037
ideal_e1_review_h2_vqe_B2_cad1_seed17,h2_vqe,embedded_expanded_active_space,ideal,e1_review,17,,B2,cadence_sweep,full_contract,parallel_fs,parallel_fs,,0.0,1,14,"{'G0': True, 'GA': True, 'GB': False, 'GC': False, 'GD': True, 'GE': True, 'GF': False, 'GH': False}",replay,True,True,False,False,2026-03-29T15:03:00+00:00,2026-03-29T15:03:01.209525+00:00,0.1.0,113aead,1233.0,0.016004703521728517,0.0848,,,,,,,,1.0,,,,,1.0,,,1.0,0.0,0.0,,,,0.010780000000000001,0.10693945444397211,10.392664624499037
ideal_e1_review_h2_vqe_B2_cad1_seed23,h2_vqe,embedded_expanded_active_space,ideal,e1_review,23,,B2,cadence_sweep,full_contract,parallel_fs,parallel_fs,,0.0,1,14,"{'G0': True, 'GA': True, 'GB': False, 'GC': False, 'GD': True, 'GE': True, 'GF': False, 'GH': False}",replay,True,True,False,False,2026-03-14T00:17:38+00:00,2026-03-14T00:17:39.209525+00:00,0.1.0,113aead,1233.0,0.016004703521728517,0.0848,,,,,,,,1.0,,,,,1.0,,,1.0,0.0,0.0,,,,0.010780000000000001,0.10693945444397211,10.392664624499037
ideal_e1_review_h2_vqe_B2_cad1_seed31,h2_vqe,embedded_expanded_active_space,ideal,e1_review,31,,B2,cadence_sweep,full_contract,parallel_fs,parallel_fs,,0.0,1,14,"{'G0': True, 'GA': True, 'GB': False, 'GC': False, 'GD': True, 'GE': True, 'GF': False, 'GH': False}",replay,True,True,False,False,2026-03-28T08:21:06+00:00,2026-03-28T08:21:07.209525+00:00,0.1.0,113aead,1233.0,0.016004703521728517,0.0848,,,,,,,,1.0,,,,,1.0,,,1.0,0.0,0.0,,,,0.010780000000000001,0.10693945444397211,10.392664624499037
ideal_e1_review_h2_vqe_B2_cad1_seed43,h2_vqe,embedded_expanded_active_space,ideal,e1_review,43,,B2,cadence_sweep,full_contract,parallel_fs,parallel_fs,,0.0,1,14,"{'G0': True, 'GA': True, 'GB': False, 'GC': False, 'GD': True, 'GE': True, 'GF': False, 'GH': False}",replay,True,True,False,False,2026-03-15T06:59:21+00:00,2026-03-15T06:59:22.209525+00:00,0.1.0,113aead,1233.0,0.016004703521728517,0.0848,,,,,,,,1.0,,,,,1.0,,,1.0,0.0,0.0,,,,0.010780000000000001,0.10693945444397211,10.392664624499037
ideal_e1_review_h2_vqe_B2_cad1_seed59,h2_vqe,embedded_expanded_active_space,ideal,e1_review,59,,B2,cadence_sweep,full_contract,parallel_fs,parallel_fs,,0.0,1,14,"{'G0': True, 'GA': True, 'GB': False, 'GC': False, 'GD': True, 'GE': True, 'GF': False, 'GH': False}",replay,True,True,False,False,2026-03-28T15:39:18+00:00,2026-03-28T15:39:19.209525+00:00,0.1.0,113aead,1233.0,0.016004703521728517,0.0848,,,,,,,,1.0,,,,,1.0,,,1.0,0.0,0.0,,,,0.010780000000000001,0.10693945444397211,10.392664624499037
ideal_e1_review_h2_vqe_B2_cad1_seed71,h2_vqe,embedded_expanded_active_space,ideal,e1_review,71,,B2,cadence_sweep,full_contract,parallel_fs,parallel_fs,,0.0,1,14,"{'G0': True, 'GA': True, 'GB': False, 'GC': False, 'GD': True, 'GE': True, 'GF': False, 'GH': False}",replay,True,True,False,False,2026-03-18T15:29:59+00:00,2026-03-18T15:30:00.209525+00:00,0.1.0,113aead,1233.0,0.016004703521728517,0.0848,,,,,,,,1.0,,,,,1.0,,,1.0,0.0,0.0,,,,0.010780000000000001,0.10693945444397211,10.392664624499037
ideal_e1_review_h2_vqe_B2_cad1_seed83,h2_vqe,embedded_expanded_active_space,ideal,e1_review,83,,B2,cadence_sweep,full_contract,parallel_fs,parallel_fs,,0.0,1,14,"{'G0': True, 'GA': True, 'GB': False, 'GC': False, 'GD': True, 'GE': True, 'GF': False, 'GH': False}",replay,True,True,False,False,2026-03-16T05:30:46+00:00,2026-03-16T05:30:47.209525+00:00,0.1.0,113aead,1233.0,0.016004703521728517,0.0848,,,,,,,,1.0,,,,,1.0,,,1.0,0.0,0.0,,,,0.010780000000000001,0.10693945444397211,10.392664624499037
ideal_e1_review_h2_vqe_B2_cad4_seed11,h2_vqe,embedded_expanded_active_space,ideal,e1_review,11,,B2,cadence_sweep,full_contract,parallel_fs,parallel_fs,,0.0,4,14,"{'G0': True, 'GA': True, 'GB': False, 'GC': False, 'GD': True, 'GE': True, 'GF': False, 'GH': False}",replay,True,True,False,False,2026-03-18T14:43:35+00:00,2026-03-18T14:43:36.209525+00:00,0.1.0,113aead,1233.0,0.016004703521728517,0.0848,,,,,,,,1.0,,,,,1.0,,,1.0,0.0,0.0,,,,0.12936,1.283273453327665,10.392664624499037
ideal_e1_review_h2_vqe_B2_cad4_seed17,h2_vqe,embedded_expanded_active_space,ideal,e1_review,17,,B2,cadence_sweep,full_contract,parallel_fs,parallel_fs,,0.0,4,14,"{'G0': True, 'GA': True, 'GB': False, 'GC': False, 'GD': True, 'GE': True, 'GF': False, 'GH': False}",replay,True,True,False,False,2026-03-17T07:44:39+00:00,2026-03-17T07:44:40.209525+00:00,0.1.0,113aead,1233.0,0.016004703521728517,0.0848,,,,,,,,1.0,,,,,1.0,,,1.0,0.0,0.0,,,,0.12936,1.283273453327665,10.392664624499037
ideal_e1_review_h2_vqe_B2_cad4_seed23,h2_vqe,embedded_expanded_active_space,ideal,e1_review,23,,B2,cadence_sweep,full_contract,parallel_fs,parallel_fs,,0.0,4,14,"{'G0': True, 'GA': True, 'GB': False, 'GC': False, 'GD': True, 'GE': True, 'GF': False, 'GH': False}",replay,True,True,False,False,2026-03-14T16:56:03+00:00,2026-03-14T16:56:04.209525+00:00,0.1.0,113aead,1233.0,0.016004703521728517,0.0848,,,,,,,,1.0,,,,,1.0,,,1.0,0.0,0.0,,,,0.12936,1.283273453327665,10.392664624499037
ideal_e1_review_h2_vqe_B2_cad4_seed31,h2_vqe,embedded_expanded_active_space,ideal,e1_review,31,,B2,cadence_sweep,full_contract,parallel_fs,parallel_fs,,0.0,4,14,"{'G0': True, 'GA': True, 'GB': False, 'GC': False, 'GD': True, 'GE': True, 'GF': False, 'GH': False}",replay,True,True,False,False,2026-03-02T05:46:07+00:00,2026-03-02T05:46:08.209525+00:00,0.1.0,113aead,1233.0,0.016004703521728517,0.0848,,,,,,,,1.0,,,,,1.0,,,1.0,0.0,0.0,,,,0.12936,1.283273453327665,10.392664624499037
ideal_e1_review_h2_vqe_B2_cad4_seed43,h2_vqe,embedded_expanded_active_space,ideal,e1_review,43,,B2,cadence_sweep,full_contract,parallel_fs,parallel_fs,,0.0,4,14,"{'G0': True, 'GA': True, 'GB': False, 'GC': False, 'GD': True, 'GE': True, 'GF': False, 'GH': False}",replay,True,True,False,False,2026-03-28T20:00:08+00:00,2026-03-28T20:00:09.209525+00:00,0.1.0,113aead,1233.0,0.016004703521728517,0.0848,,,,,,,,1.0,,,,,1.0,,,1.0,0.0,0.0,,,,0.12936,1.283273453327665,10.392664624499037
ideal_e1_review_h2_vqe_B2_cad4_seed59,h2_vqe,embedded_expanded_active_space,ideal,e1_review,59,,B2,cadence_sweep,full_contract,parallel_fs,parallel_fs,,0.0,4,14,"{'G0': True, 'GA': True, 'GB': False, 'GC': False, 'GD': True, 'GE': True, 'GF': False, 'GH': False}",replay,True,True,False,False,2026-03-10T16:10:01+00:00,2026-03-10T16:10:02.209525+00:00,0.1.0,113aead,1233.0,0.016004703521728517,0.0848,,,,,,,,1.0,,,,,1.0,,,1.0,0.0,0.0,,,,0.12936,1.283273453327665,10.392664624499037
ideal_e1_review_h2_vqe_B2_cad4_seed71,h2_vqe,embedded_expanded_active_space,ideal,e1_review,71,,B2,cadence_sweep,full_contract,parallel_fs,parallel_fs,,0.0,4,14,"{'G0': True, 'GA': True, 'GB': False, 'GC': False, 'GD': True, 'GE': True, 'GF': False, 'GH': False}",replay,True,True,False,False,2026-03-01T02:35:11+00:00,2026-03-01T02:35:12.209525+00:00,0.1.0,113aead,1233.0,0.016004703521728517,0.0848,,,,,,,,1.0,,,,,1.0,,,1.0,0.0,0.0,,,,0.12936,1.283273453327665,10.392664624499037
ideal_e1_review_h2_vqe_B2_cad4_seed83,h2_vqe,embedded_expanded_active_space,ideal,e1_review,83,,B2,cadence_sweep,full_contract,parallel_fs,parallel_fs,,0.0,4,14,"{'G0': True, 'GA': True, 'GB': False, 'GC': False, 'GD': True, 'GE': True, 'GF': False, 'GH': False}",replay,True,True,False,False,2026-03-18T01:18:10+00:00,2026-03-18T01:18:11.209525+00:00,0.1.0,113aead,1233.0,0.016004703521728517,0.0848,,,,,,,,1.0,,,,,1.0,,,1.0,0.0,0.0,,,,0.12936,1.283273453327665,10.392664624499037
ideal_e1_review_h2_vqe_B2_cad8_seed11,h2_vqe,embedded_expanded_active_space,ideal,e1_review,11,,B2,cadence_sweep,full_contract,parallel_fs,parallel_fs,,0.0,8,14,"{'G0': True, 'GA': True, 'GB': False, 'GC': False, 'GD': True, 'GE': True, 'GF': False, 'GH': False}",replay,True,True,False,False,2026-03-30T00:04:10+00:00,2026-03-30T00:04:11.209525+00:00,0.1.0,113aead,1233.0,0.016004703521728517,0.0848,,,,,,,,1.0,,,,,1.0,,,1.0,0.0,0.0,,,,0.30184,2.9943047244312186,10.392664624499037
ideal_e1_review_h2_vqe_B2_cad8_seed17,h2_vqe,embedded_expanded_active_space,ideal,e1_review,17,,B2,cadence_sweep,full_contract,parallel_fs,parallel_fs,,0.0,8,14,"{'G0': True, 'GA': True, 'GB': False, 'GC': False, 'GD': True, 'GE': True, 'GF': False, 'GH': False}",replay,True,True,False,False,2026-03-20T14:55:28+00:00,2026-03-20T14:55:29.209525+00:00,0.1.0,113aead,1233.0,0.016004703521728517,0.0848,,,,,,,,1.0,,,,,1.0,,,1.0,0.0,0.0,,,,0.30184,2.9943047244312186,10.392664624499037
ideal_e1_review_h2_vqe_B2_cad8_seed23,h2_vqe,embedded_expanded_active_space,ideal,e1_review,23,,B2,cadence_sweep,full_contract,parallel_fs,parallel_fs,,0.0,8,14,"{'G0': True, 'GA': True, 'GB': False, 'GC': False, 'GD': True, 'GE': True, 'GF': False, 'GH': False}",replay,True,True,False,False,2026-03-13T12:57:12+00:00,2026-03-13T12:57:13.209525+00:00,0.1.0,113aead,1233.0,0.016004703521728517,0.0848,,,,,,,,1.0,,,,,1.0,,,1.0,0.0,0.0,,,,0.30184,2.9943047244312186,10.392664624499037
ideal_e1_review_h2_vqe_B2_cad8_seed31,h2_vqe,embedded_expanded_active_space,ideal,e1_review,31,,B2,cadence_sweep,full_contract,parallel_fs,parallel_fs,,0.0,8,14,"{'G0': True, 'GA': True, 'GB': False, 'GC': False, 'GD': True, 'GE': True, 'GF': False, 'GH': False}",replay,True,True,False,False,2026-03-27T08:52:51+00:00,2026-03-27T08:52:52.209525+00:00,0.1.0,113aead,1233.0,0.016004703521728517,0.0848,,,,,,,,1.0,,,,,1.0,,,1.0,0.0,0.0,,,,0.30184,2.9943047244312186,10.392664624499037
ideal_e1_review_h2_vqe_B2_cad8_seed43,h2_vqe,embedded_expanded_active_space,ideal,e1_review,43,,B2,cadence_sweep,full_contract,parallel_fs,parallel_fs,,0.0,8,14,"{'G0': True, 'GA': True, 'GB': False, 'GC': False, 'GD': True, 'GE': True, 'GF': False, 'GH': False}",replay,True,True,False,False,2026-03-08T15:59:21+00:00,2026-03-08T15:59:22.209525+00:00,0.1.0,113aead,1233.0,0.016004703521728517,0.0848,,,,,,,,1.0,,,,,1.0,,,1.0,0.0,0.0,,,,0.30184,2.9943047244312186,10.392664624499037
ideal_e1_review_h2_vqe_B2_cad8_seed59,h2_vqe,embedded_expanded_active_space,ideal,e1_review,59,,B2,cadence_sweep,full_contract,parallel_fs,parallel_fs,,0.0,8,14,"{'G0': True, 'GA': True, 'GB': False, 'GC': False, 'GD': True, 'GE': True, 'GF': False, 'GH': False}",replay,True,True,False,False,2026-03-20T16:00:14+00:00,2026-03-20T16:00:15.209525+00:00,0.1.0,113aead,1233.0,0.016004703521728517,0.0848,,,,,,,,1.0,,,,,1.0,,,1.0,0.0,0.0,,,,0.30184,2.9943047244312186,10.392664624499037
ideal_e1_review_h2_vqe_B2_cad8_seed71,h2_vqe,embedded_expanded_active_space,ideal,e1_review,71,,B2,cadence_sweep,full_contract,parallel_fs,parallel_fs,,0.0,8,14,"{'G0': True, 'GA': True, 'GB': False, 'GC': False, 'GD': True, 'GE': True, 'GF': False, 'GH': False}",replay,True,True,False,False,2026-03-16T00:06:03+00:00,2026-03-16T00:06:04.209525+00:00,0.1.0,113aead,1233.0,0.016004703521728517,0.0848,,,,,,,,1.0,,,,,1.0,,,1.0,0.0,0.0,,,,0.30184,2.9943047244312186,10.392664624499037
ideal_e1_review_h2_vqe_B2_cad8_seed83,h2_vqe,embedded_expanded_active_space,ideal,e1_review,83,,B2,cadence_sweep,full_contract,parallel_fs,parallel_fs,,0.0,8,14,"{'G0': True, 'GA': True, 'GB': False, 'GC': False, 'GD': True, 'GE': True, 'GF': False, 'GH': False}",replay,True,True,False,False,2026-03-10T21:11:53+00:00,2026-03-10T21:11:54.209525+00:00,0.1.0,113aead,1233.0,0.016004703521728517,0.0848,,,,,,,,1.0,,,,,1.0,,,1.0,0.0,0.0,,,,0.30184,2.9943047244312186,10.392664624499037
ideal_e1_review_h2_vqe_B2_cad16_seed11,h2_vqe,embedded_expanded_active_space,ideal,e1_review,11,,B2,cadence_sweep,full_contract,parallel_fs,parallel_fs,,0.0,16,14,"{'G0': True, 'GA': True, 'GB': False, 'GC': False, 'GD': True, 'GE': True, 'GF': False, 'GH': False}",replay,True,True,False,False,2026-03-25T14:06:26+00:00,2026-03-25T14:06:27.209525+00:00,0.1.0,113aead,1233.0,0.016004703521728517,0.0848,,,,,,,,1.0,,,,,1.0,,,1.0,0.0,0.0,,,,0.6468,6.416367266638326,10.392664624499037
ideal_e1_review_h2_vqe_B2_cad16_seed17,h2_vqe,embedded_expanded_active_space,ideal,e1_review,17,,B2,cadence_sweep,full_contract,parallel_fs,parallel_fs,,0.0,16,14,"{'G0': True, 'GA': True, 'GB': False, 'GC': False, 'GD': True, 'GE': True, 'GF': False, 'GH': False}",replay,True,True,False,False,2026-03-01T10:23:32+00:00,2026-03-01T10:23:33.209525+00:00,0.1.0,113aead,1233.0,0.016004703521728517,0.0848,,,,,,,,1.0,,,,,1.0,,,1.0,0.0,0.0,,,,0.6468,6.416367266638326,10.392664624499037
ideal_e1_review_h2_vqe_B2_cad16_seed23,h2_vqe,embedded_expanded_active_space,ideal,e1_review,23,,B2,cadence_sweep,full_contract,parallel_fs,parallel_fs,,0.0,16,14,"{'G0': True, 'GA': True, 'GB': False, 'GC': False, 'GD': True, 'GE': True, 'GF': False, 'GH': False}",replay,True,True,False,False,2026-03-15T01:32:56+00:00,2026-03-15T01:32:57.209525+00:00,0.1.0,113aead,1233.0,0.016004703521728517,0.0848,,,,,,,,1.0,,,,,1.0,,,1.0,0.0,0.0,,,,0.6468,6.416367266638326,10.392664624499037
ideal_e1_review_h2_vqe_B2_cad16_seed31,h2_vqe,embedded_expanded_active_space,ideal,e1_review,31,,B2,cadence_sweep,full_contract,parallel_fs,parallel_fs,,0.0,16,14,"{'G0': True, 'GA': True, 'GB': False, 'GC': False, 'GD': True, 'GE': True, 'GF': False, 'GH': False}",replay,True,True,False,False,2026-03-19T17:58:57+00:00,2026-03-19T17:58:58.209525+00:00,0.1.0,113aead,1233.0,0.016004703521728517,0.0848,,,,,,,,1.0,,,,,1.0,,,1.0,0.0,0.0,,,,0.6468,6.416367266638326,10.392664624499037
ideal_e1_review_h2_vqe_B2_cad16_seed43,h2_vqe,embedded_expanded_active_space,ideal,e1_review,43,,B2,cadence_sweep,full_contract,parallel_fs,parallel_fs,,0.0,16,14,"{'G0': True, 'GA': True, 'GB': False, 'GC': False, 'GD': True, 'GE': True, 'GF': False, 'GH': False}",replay,True,True,False,False,2026-03-26T22:52:46+00:00,2026-03-26T22:52:47.209525+00:00,0.1.0,113aead,1233.0,0.016004703521728517,0.0848,,,,,,,,1.0,,,,,1.0,,,1.0,0.0,0.0,,,,0.6468,6.416367266638326,10.392664624499037
ideal_e1_review_h2_vqe_B2_cad16_seed59,h2_vqe,embedded_expanded_active_space,ideal,e1_review,59,,B2,cadence_sweep,full_contract,parallel_fs,parallel_fs,,0.0,16,14,"{'G0': True, 'GA': True, 'GB': False, 'GC': False, 'GD': True, 'GE': True, 'GF': False, 'GH': False}",replay,True,True,False,False,2026-03-16T13:57:18+00:00,2026-03-16T13:57:19.209525+00:00,0.1.0,113aead,1233.0,0.016004703521728517,0.0848,,,,,,,,1.0,,,,,1.0,,,1.0,0.0,0.0,,,,0.6468,6.416367266638326,10.392664624499037
ideal_e1_review_h2_vqe_B2_cad16_seed71,h2_vqe,embedded_expanded_active_space,ideal,e1_review,71,,B2,cadence_sweep,full_contract,parallel_fs,parallel_fs,,0.0,16,14,"{'G0': True, 'GA': True, 'GB': False, 'GC': False, 'GD': True, 'GE': True, 'GF': False, 'GH': False}",replay,True,True,False,False,2026-03-14T10:19:07+00:00,2026-03-14T10:19:08.209525+00:00,0.1.0,113aead,1233.0,0.016004703521728517,0.0848,,,,,,,,1.0,,,,,1.0,,,1.0,0.0,0.0,,,,0.6468,6.416367266638326,10.392664624499037
ideal_e1_review_h2_vqe_B2_cad16_seed83,h2_vqe,embedded_expanded_active_space,ideal,e1_review,83,,B2,cadence_sweep,full_contract,parallel_fs,parallel_fs,,0.0,16,14,"{'G0': True, 'GA': True, 'GB': False, 'GC': False, 'GD': True, 'GE': True, 'GF': False, 'GH': False}",replay,True,True,False,False,2026-03-28T17:23:54+00:00,2026-03-28T17:23:55.209525+00:00,0.1.0,113aead,1233.0,0.016004703521728517,0.0848,,,,,,,,1.0,,,,,1.0,,,1.0,0.0,0.0,,,,0.6468,6.416367266638326,10.392664624499037
ideal_e1_review_h2_vqe_B3_cad1_seed11,h2_vqe,embedded_expanded_active_space,ideal,e1_review,11,,B3,cadence_sweep,full_contract,parallel_fs,parallel_fs,,0.0,1,14,"{'G0': True, 'GA': True, 'GB': False, 'GC': True, 'GD': True, 'GE': True, 'GF': True, 'GH': False}",replay,True,True,False,False,2026-03-25T11:59:19+00:00,2026-03-25T11:59:20.158338+00:00,0.1.0,113aead,4678.0,0.016017845153808594,0.033600000000000005,,,,,,,,1.0,,,,,1.0,,,1.0,0.0,0.0,,,,0.02525,0.5088894917086468,7.92962631376663
ideal_e1_review_h2_vqe_B3_cad1_seed17,h2_vqe,embedded_expanded_active_space,ideal,e1_review,17,,B3,cadence_sweep,full_contract,parallel_fs,parallel_fs,,0.0,1,14,"{'G0': True, 'GA': True, 'GB': False, 'GC': True, 'GD': True, 'GE': True, 'GF': True, 'GH': False}",replay,True,True,False,False,2026-03-19T22:44:04+00:00,2026-03-19T22:44:05.158338+00:00,0.1.0,113aead,4678.0,0.016017845153808594,0.033600000000000005,,,,,,,,1.0,,,,,1.0,,,1.0,0.0,0.0,,,,0.02525,0.5088894917086468,7.92962631376663
ideal_e1_review_h2_vqe_B3_cad1_seed23,h2_vqe,embedded_expanded_active_space,ideal,e1_review,23,,B3,cadence_sweep,full_contract,parallel_fs,parallel_fs,,0.0,1,14,"{'G0': True, 'GA': True, 'GB': False, 'GC': True, 'GD': True, 'GE': True, 'GF': True, 'GH': False}",replay,True,True,False,False,2026-03-03T07:42:09+00:00,2026-03-03T07:42:10.158338+00:00,0.1.0,113aead,4678.0,0.016017845153808594,0.033600000000000005,,,,,,,,1.0,,,,,1.0,,,1.0,0.0,0.0,,,,0.02525,0.5088894917086468,7.92962631376663
ideal_e1_review_h2_vqe_B3_cad1_seed31,h2_vqe,embedded_expanded_active_space,ideal,e1_review,31,,B3,cadence_sweep,full_contract,parallel_fs,parallel_fs,,0.0,1,14,"{'G0': True, 'GA': True, 'GB': False, 'GC': True, 'GD': True, 'GE': True, 'GF': True, 'GH': False}",replay,True,True,False,False,2026-03-30T10:34:45+00:00,2026-03-30T10:34:46.158338+00:00,0.1.0,113aead,4678.0,0.016017845153808594,0.033600000000000005,,,,,,,,1.0,,,,,1.0,,,1.0,0.0,0.0,,,,0.02525,0.5088894917086468,7.92962631376663
ideal_e1_review_h2_vqe_B3_cad1_seed43,h2_vqe,embedded_expanded_active_space,ideal,e1_review,43,,B3,cadence_sweep,full_contract,parallel_fs,parallel_fs,,0.0,1,14,"{'G0': True, 'GA': True, 'GB': False, 'GC': True, 'GD': True, 'GE': True, 'GF': True, 'GH': False}",replay,True,True,False,False,2026-03-07T08:23:08+00:00,2026-03-07T08:23:09.158338+00:00,0.1.0,113aead,4678.0,0.016017845153808594,0.033600000000000005,,,,,,,,1.0,,,,,1.0,,,1.0,0.0,0.0,,,,0.02525,0.5088894917086468,7.92962631376663
ideal_e1_review_h2_vqe_B3_cad1_seed59,h2_vqe,embedded_expanded_active_space,ideal,e1_review,59,,B3,cadence_sweep,full_contract,parallel_fs,parallel_fs,,0.0,1,14,"{'G0': True, 'GA': True, 'GB': False, 'GC': True, 'GD': True, 'GE': True, 'GF': True, 'GH': False}",replay,True,True,False,False,2026-03-06T16:51:57+00:00,2026-03-06T16:51:58.158338+00:00,0.1.0,113aead,4678.0,0.016017845153808594,0.033600000000000005,,,,,,,,1.0,,,,,1.0,,,1.0,0.0,0.0,,,,0.02525,0.5088894917086468,7.92962631376663
ideal_e1_review_h2_vqe_B3_cad1_seed71,h2_vqe,embedded_expanded_active_space,ideal,e1_review,71,,B3,cadence_sweep,full_contract,parallel_fs,parallel_fs,,0.0,1,14,"{'G0': True, 'GA': True, 'GB': False, 'GC': True, 'GD': True, 'GE': True, 'GF': True, 'GH': False}",replay,True,True,False,False,2026-03-29T03:56:40+00:00,2026-03-29T03:56:41.158338+00:00,0.1.0,113aead,4678.0,0.016017845153808594,0.033600000000000005,,,,,,,,1.0,,,,,1.0,,,1.0,0.0,0.0,,,,0.02525,0.5088894917086468,7.92962631376663
ideal_e1_review_h2_vqe_B3_cad1_seed83,h2_vqe,embedded_expanded_active_space,ideal,e1_review,83,,B3,cadence_sweep,full_contract,parallel_fs,parallel_fs,,0.0,1,14,"{'G0': True, 'GA': True, 'GB': False, 'GC': True, 'GD': True, 'GE': True, 'GF': True, 'GH': False}",replay,True,True,False,False,2026-03-16T08:48:33+00:00,2026-03-16T08:48:34.158338+00:00,0.1.0,113aead,4678.0,0.016017845153808594,0.033600000000000005,,,,,,,,1.0,,,,,1.0,,,1.0,0.0,0.0,,,,0.02525,0.5088894917086468,7.92962631376663
ideal_e1_review_h2_vqe_B3_cad4_seed11,h2_vqe,embedded_expanded_active_space,ideal,e1_review,11,,B3,cadence_sweep,full_contract,parallel_fs,parallel_fs,,0.0,4,14,"{'G0': True, 'GA': True, 'GB': False, 'GC': True, 'GD': True, 'GE': True, 'GF': True, 'GH': False}",replay,True,True,False,False,2026-03-29T11:27:12+00:00,2026-03-29T11:27:13.158338+00:00,0.1.0,113aead,4678.0,0.016017845153808594,0.033600000000000005,,,,,,,,1.0,,,,,1.0,,,1.0,0.0,0.0,,,,0.30300000000000005,6.106673900503762,7.92962631376663
ideal_e1_review_h2_vqe_B3_cad4_seed17,h2_vqe,embedded_expanded_active_space,ideal,e1_review,17,,B3,cadence_sweep,full_contract,parallel_fs,parallel_fs,,0.0,4,14,"{'G0': True, 'GA': True, 'GB': False, 'GC': True, 'GD': True, 'GE': True, 'GF': True, 'GH': False}",replay,True,True,False,False,2026-03-02T08:14:15+00:00,2026-03-02T08:14:16.158338+00:00,0.1.0,113aead,4678.0,0.016017845153808594,0.033600000000000005,,,,,,,,1.0,,,,,1.0,,,1.0,0.0,0.0,,,,0.30300000000000005,6.106673900503762,7.92962631376663
ideal_e1_review_h2_vqe_B3_cad4_seed23,h2_vqe,embedded_expanded_active_space,ideal,e1_review,23,,B3,cadence_sweep,full_contract,parallel_fs,parallel_fs,,0.0,4,14,"{'G0': True, 'GA': True, 'GB': False, 'GC': True, 'GD': True, 'GE': True, 'GF': True, 'GH': False}",replay,True,True,False,False,2026-03-03T19:14:48+00:00,2026-03-03T19:14:49.158338+00:00,0.1.0,113aead,4678.0,0.016017845153808594,0.033600000000000005,,,,,,,,1.0,,,,,1.0,,,1.0,0.0,0.0,,,,0.30300000000000005,6.106673900503762,7.92962631376663
ideal_e1_review_h2_vqe_B3_cad4_seed31,h2_vqe,embedded_expanded_active_space,ideal,e1_review,31,,B3,cadence_sweep,full_contract,parallel_fs,parallel_fs,,0.0,4,14,"{'G0': True, 'GA': True, 'GB': False, 'GC': True, 'GD': True, 'GE': True, 'GF': True, 'GH': False}",replay,True,True,False,False,2026-03-29T21:32:59+00:00,2026-03-29T21:33:00.158338+00:00,0.1.0,113aead,4678.0,0.016017845153808594,0.033600000000000005,,,,,,,,1.0,,,,,1.0,,,1.0,0.0,0.0,,,,0.30300000000000005,6.106673900503762,7.92962631376663
ideal_e1_review_h2_vqe_B3_cad4_seed43,h2_vqe,embedded_expanded_active_space,ideal,e1_review,43,,B3,cadence_sweep,full_contract,parallel_fs,parallel_fs,,0.0,4,14,"{'G0': True, 'GA': True, 'GB': False, 'GC': True, 'GD': True, 'GE': True, 'GF': True, 'GH': False}",replay,True,True,False,False,2026-03-13T15:36:59+00:00,2026-03-13T15:37:00.158338+00:00,0.1.0,113aead,4678.0,0.016017845153808594,0.033600000000000005,,,,,,,,1.0,,,,,1.0,,,1.0,0.0,0.0,,,,0.30300000000000005,6.106673900503762,7.92962631376663
ideal_e1_review_h2_vqe_B3_cad4_seed59,h2_vqe,embedded_expanded_active_space,ideal,e1_review,59,,B3,cadence_sweep,full_contract,parallel_fs,parallel_fs,,0.0,4,14,"{'G0': True, 'GA': True, 'GB': False, 'GC': True, 'GD': True, 'GE': True, 'GF': True, 'GH': False}",replay,True,True,False,False,2026-03-06T19:53:15+00:00,2026-03-06T19:53:16.158338+00:00,0.1.0,113aead,4678.0,0.016017845153808594,0.033600000000000005,,,,,,,,1.0,,,,,1.0,,,1.0,0.0,0.0,,,,0.30300000000000005,6.106673900503762,7.92962631376663
ideal_e1_review_h2_vqe_B3_cad4_seed71,h2_vqe,embedded_expanded_active_space,ideal,e1_review,71,,B3,cadence_sweep,full_contract,parallel_fs,parallel_fs,,0.0,4,14,"{'G0': True, 'GA': True, 'GB': False, 'GC': True, 'GD': True, 'GE': True, 'GF': True, 'GH': False}",replay,True,True,False,False,2026-03-09T15:41:57+00:00,2026-03-09T15:41:58.158338+00:00,0.1.0,113aead,4678.0,0.016017845153808594,0.033600000000000005,,,,,,,,1.0,,,,,1.0,,,1.0,0.0,0.0,,,,0.30300000000000005,6.106673900503762,7.92962631376663
ideal_e1_review_h2_vqe_B3_cad4_seed83,h2_vqe,embedded_expanded_active_space,ideal,e1_review,83,,B3,cadence_sweep,full_contract,parallel_fs,parallel_fs,,0.0,4,14,"{'G0': True, 'GA': True, 'GB': False, 'GC': True, 'GD': True, 'GE': True, 'GF': True, 'GH': False}",replay,True,True,False,False,2026-03-08T14:48:27+00:00,2026-03-08T14:48:28.158338+00:00,0.1.0,113aead,4678.0,0.016017845153808594,0.033600000000000005,,,,,,,,1.0,,,,,1.0,,,1.0,0.0,0.0,,,,0.30300000000000005,6.106673900503762,7.92962631376663
ideal_e1_review_h2_vqe_B3_cad8_seed11,h2_vqe,embedded_expanded_active_space,ideal,e1_review,11,,B3,cadence_sweep,full_contract,parallel_fs,parallel_fs,,0.0,8,14,"{'G0': True, 'GA': True, 'GB': False, 'GC': True, 'GD': True, 'GE': True, 'GF': True, 'GH': False}",replay,True,True,False,False,2026-03-25T06:06:53+00:00,2026-03-25T06:06:54.158338+00:00,0.1.0,113aead,4678.0,0.016017845153808594,0.033600000000000005,,,,,,,,1.0,,,,,1.0,,,1.0,0.0,0.0,,,,0.7070000000000001,14.24890576784211,7.92962631376663
ideal_e1_review_h2_vqe_B3_cad8_seed17,h2_vqe,embedded_expanded_active_space,ideal,e1_review,17,,B3,cadence_sweep,full_contract,parallel_fs,parallel_fs,,0.0,8,14,"{'G0': True, 'GA': True, 'GB': False, 'GC': True, 'GD': True, 'GE': True, 'GF': True, 'GH': False}",replay,True,True,False,False,2026-03-16T20:21:22+00:00,2026-03-16T20:21:23.158338+00:00,0.1.0,113aead,4678.0,0.016017845153808594,0.033600000000000005,,,,,,,,1.0,,,,,1.0,,,1.0,0.0,0.0,,,,0.7070000000000001,14.24890576784211,7.92962631376663
ideal_e1_review_h2_vqe_B3_cad8_seed23,h2_vqe,embedded_expanded_active_space,ideal,e1_review,23,,B3,cadence_sweep,full_contract,parallel_fs,parallel_fs,,0.0,8,14,"{'G0': True, 'GA': True, 'GB': False, 'GC': True, 'GD': True, 'GE': True, 'GF': True, 'GH': False}",replay,True,True,False,False,2026-03-29T18:20:43+00:00,2026-03-29T18:20:44.158338+00:00,0.1.0,113aead,4678.0,0.016017845153808594,0.033600000000000005,,,,,,,,1.0,,,,,1.0,,,1.0,0.0,0.0,,,,0.7070000000000001,14.24890576784211,7.92962631376663
ideal_e1_review_h2_vqe_B3_cad8_seed31,h2_vqe,embedded_expanded_active_space,ideal,e1_review,31,,B3,cadence_sweep,full_contract,parallel_fs,parallel_fs,,0.0,8,14,"{'G0': True, 'GA': True, 'GB': False, 'GC': True, 'GD': True, 'GE': True, 'GF': True, 'GH': False}",replay,True,True,False,False,2026-03-05T18:59:54+00:00,2026-03-05T18:59:55.158338+00:00,0.1.0,113aead,4678.0,0.016017845153808594,0.033600000000000005,,,,,,,,1.0,,,,,1.0,,,1.0,0.0,0.0,,,,0.7070000000000001,14.24890576784211,7.92962631376663
ideal_e1_review_h2_vqe_B3_cad8_seed43,h2_vqe,embedded_expanded_active_space,ideal,e1_review,43,,B3,cadence_sweep,full_contract,parallel_fs,parallel_fs,,0.0,8,14,"{'G0': True, 'GA': True, 'GB': False, 'GC': True, 'GD': True, 'GE': True, 'GF': True, 'GH': False}",replay,True,True,False,False,2026-03-04T11:12:51+00:00,2026-03-04T11:12:52.158338+00:00,0.1.0,113aead,4678.0,0.016017845153808594,0.033600000000000005,,,,,,,,1.0,,,,,1.0,,,1.0,0.0,0.0,,,,0.7070000000000001,14.24890576784211,7.92962631376663
ideal_e1_review_h2_vqe_B3_cad8_seed59,h2_vqe,embedded_expanded_active_space,ideal,e1_review,59,,B3,cadence_sweep,full_contract,parallel_fs,parallel_fs,,0.0,8,14,"{'G0': True, 'GA': True, 'GB': False, 'GC': True, 'GD': True, 'GE': True, 'GF': True, 'GH': False}",replay,True,True,False,False,2026-03-20T17:10:18+00:00,2026-03-20T17:10:19.158338+00:00,0.1.0,113aead,4678.0,0.016017845153808594,0.033600000000000005,,,,,,,,1.0,,,,,1.0,,,1.0,0.0,0.0,,,,0.7070000000000001,14.24890576784211,7.92962631376663
ideal_e1_review_h2_vqe_B3_cad8_seed71,h2_vqe,embedded_expanded_active_space,ideal,e1_review,71,,B3,cadence_sweep,full_contract,parallel_fs,parallel_fs,,0.0,8,14,"{'G0': True, 'GA': True, 'GB': False, 'GC': True, 'GD': True, 'GE': True, 'GF': True, 'GH': False}",replay,True,True,False,False,2026-03-25T02:10:33+00:00,2026-03-25T02:10:34.158338+00:00,0.1.0,113aead,4678.0,0.016017845153808594,0.033600000000000005,,,,,,,,1.0,,,,,1.0,,,1.0,0.0,0.0,,,,0.7070000000000001,14.24890576784211,7.92962631376663
ideal_e1_review_h2_vqe_B3_cad8_seed83,h2_vqe,embedded_expanded_active_space,ideal,e1_review,83,,B3,cadence_sweep,full_contract,parallel_fs,parallel_fs,,0.0,8,14,"{'G0': True, 'GA': True, 'GB': False, 'GC': True, 'GD': True, 'GE': True, 'GF': True, 'GH': False}",replay,True,True,False,False,2026-03-09T20:26:20+00:00,2026-03-09T20:26:21.158338+00:00,0.1.0,113aead,4678.0,0.016017845153808594,0.033600000000000005,,,,,,,,1.0,,,,,1.0,,,1.0,0.0,0.0,,,,0.7070000000000001,14.24890576784211,7.92962631376663
ideal_e1_review_h2_vqe_B3_cad16_seed11,h2_vqe,embedded_expanded_active_space,ideal,e1_review,11,,B3,cadence_sweep,full_contract,parallel_fs,parallel_fs,,0.0,16,14,"{'G0': True, 'GA': True, 'GB': False, 'GC': True, 'GD': True, 'GE': True, 'GF': True, 'GH': False}",replay,True,True,False,False,2026-03-13T23:09:38+00:00,2026-03-13T23:09:39.158338+00:00,0.1.0,113aead,4678.0,0.016017845153808594,0.033600000000000005,,,,,,,,1.0,,,,,1.0,,,1.0,0.0,0.0,,,,1.5150000000000001,30.53336950251881,7.92962631376663
ideal_e1_review_h2_vqe_B3_cad16_seed17,h2_vqe,embedded_expanded_active_space,ideal,e1_review,17,,B3,cadence_sweep,full_contract,parallel_fs,parallel_fs,,0.0,16,14,"{'G0': True, 'GA': True, 'GB': False, 'GC': True, 'GD': True, 'GE': True, 'GF': True, 'GH': False}",replay,True,True,False,False,2026-03-17T20:32:32+00:00,2026-03-17T20:32:33.158338+00:00,0.1.0,113aead,4678.0,0.016017845153808594,0.033600000000000005,,,,,,,,1.0,,,,,1.0,,,1.0,0.0,0.0,,,,1.5150000000000001,30.53336950251881,7.92962631376663
ideal_e1_review_h2_vqe_B3_cad16_seed23,h2_vqe,embedded_expanded_active_space,ideal,e1_review,23,,B3,cadence_sweep,full_contract,parallel_fs,parallel_fs,,0.0,16,14,"{'G0': True, 'GA': True, 'GB': False, 'GC': True, 'GD': True, 'GE': True, 'GF': True, 'GH': False}",replay,True,True,False,False,2026-03-15T20:42:19+00:00,2026-03-15T20:42:20.158338+00:00,0.1.0,113aead,4678.0,0.016017845153808594,0.033600000000000005,,,,,,,,1.0,,,,,1.0,,,1.0,0.0,0.0,,,,1.5150000000000001,30.53336950251881,7.92962631376663
ideal_e1_review_h2_vqe_B3_cad16_seed31,h2_vqe,embedded_expanded_active_space,ideal,e1_review,31,,B3,cadence_sweep,full_contract,parallel_fs,parallel_fs,,0.0,16,14,"{'G0': True, 'GA': True, 'GB': False, 'GC': True, 'GD': True, 'GE': True, 'GF': True, 'GH': False}",replay,True,True,False,False,2026-03-29T00:23:40+00:00,2026-03-29T00:23:41.158338+00:00,0.1.0,113aead,4678.0,0.016017845153808594,0.033600000000000005,,,,,,,,1.0,,,,,1.0,,,1.0,0.0,0.0,,,,1.5150000000000001,30.53336950251881,7.92962631376663
ideal_e1_review_h2_vqe_B3_cad16_seed43,h2_vqe,embedded_expanded_active_space,ideal,e1_review,43,,B3,cadence_sweep,full_contract,parallel_fs,parallel_fs,,0.0,16,14,"{'G0': True, 'GA': True, 'GB': False, 'GC': True, 'GD': True, 'GE': True, 'GF': True, 'GH': False}",replay,True,True,False,False,2026-03-30T03:25:00+00:00,2026-03-30T03:25:01.158338+00:00,0.1.0,113aead,4678.0,0.016017845153808594,0.033600000000000005,,,,,,,,1.0,,,,,1.0,,,1.0,0.0,0.0,,,,1.5150000000000001,30.53336950251881,7.92962631376663
ideal_e1_review_h2_vqe_B3_cad16_seed59,h2_vqe,embedded_expanded_active_space,ideal,e1_review,59,,B3,cadence_sweep,full_contract,parallel_fs,parallel_fs,,0.0,16,14,"{'G0': True, 'GA': True, 'GB': False, 'GC': True, 'GD': True, 'GE': True, 'GF': True, 'GH': False}",replay,True,True,False,False,2026-03-11T09:01:44+00:00,2026-03-11T09:01:45.158338+00:00,0.1.0,113aead,4678.0,0.016017845153808594,0.033600000000000005,,,,,,,,1.0,,,,,1.0,,,1.0,0.0,0.0,,,,1.5150000000000001,30.53336950251881,7.92962631376663
ideal_e1_review_h2_vqe_B3_cad16_seed71,h2_vqe,embedded_expanded_active_space,ideal,e1_review,71,,B3,cadence_sweep,full_contract,parallel_fs,parallel_fs,,0.0,16,14,"{'G0': True, 'GA': True, 'GB': False, 'GC': True, 'GD': True, 'GE': True, 'GF': True, 'GH': False}",replay,True,True,False,False,2026-03-19T01:01:02+00:00,2026-03-19T01:01:03.158338+00:00,0.1.0,113aead,4678.0,0.016017845153808594,0.033600000000000005,,,,,,,,1.0,,,,,1.0,,,1.0,0.0,0.0,,,,1.5150000000000001,30.53336950251881,7.92962631376663
ideal_e1_review_h2_vqe_B3_cad16_seed83,h2_vqe,embedded_expanded_active_space,ideal,e1_review,83,,B3,cadence_sweep,full_contract,parallel_fs,parallel_fs,,0.0,16,14,"{'G0': True, 'GA': True, 'GB': False, 'GC': True, 'GD': True, 'GE': True, 'GF': True, 'GH': False}",replay,True,True,False,False,2026-03-16T10:39:05+00:00,2026-03-16T10:39:06.158338+00:00,0.1.0,113aead,4678.0,0.016017845153808594,0.033600000000000005,,,,,,,,1.0,,,,,1.0,,,1.0,0.0,0.0,,,,1.5150000000000001,30.53336950251881,7.92962631376663
ideal_e1_review_h2_vqe_B4_cad1_seed11,h2_vqe,embedded_expanded_active_space,ideal,e1_review,11,,B4,cadence_sweep,full_contract,parallel_fs,parallel_fs,,0.0,1,14,"{'G0': True, 'GA': True, 'GB': True, 'GC': True, 'GD': True, 'GE': True, 'GF': True, 'GH': True}",replay,True,True,False,False,2026-03-14T17:11:17+00:00,2026-03-14T17:11:18.158345+00:00,0.1.0,113aead,6473.0,0.01602469253540039,0.033600000000000005,,,,,,,,1.0,,,,,1.0,,,1.0,0.0,0.0,,,,0.24903680000000003,5.0184048963597405,1.2225870159454644
ideal_e1_review_h2_vqe_B4_cad1_seed17,h2_vqe,embedded_expanded_active_space,ideal,e1_review,17,,B4,cadence_sweep,full_contract,parallel_fs,parallel_fs,,0.0,1,14,"{'G0': True, 'GA': True, 'GB': True, 'GC': True, 'GD': True, 'GE': True, 'GF': True, 'GH': True}",replay,True,True,False,False,2026-03-04T01:26:37+00:00,2026-03-04T01:26:38.158345+00:00,0.1.0,113aead,6473.0,0.01602469253540039,0.033600000000000005,,,,,,,,1.0,,,,,1.0,,,1.0,0.0,0.0,,,,0.24903680000000003,5.0184048963597405,1.2225870159454644
ideal_e1_review_h2_vqe_B4_cad1_seed23,h2_vqe,embedded_expanded_active_space,ideal,e1_review,23,,B4,cadence_sweep,full_contract,parallel_fs,parallel_fs,,0.0,1,14,"{'G0': True, 'GA': True, 'GB': True, 'GC': True, 'GD': True, 'GE': True, 'GF': True, 'GH': True}",replay,True,True,False,False,2026-03-17T14:39:56+00:00,2026-03-17T14:39:57.158345+00:00,0.1.0,113aead,6473.0,0.01602469253540039,0.033600000000000005,,,,,,,,1.0,,,,,1.0,,,1.0,0.0,0.0,,,,0.24903680000000003,5.0184048963597405,1.2225870159454644
ideal_e1_review_h2_vqe_B4_cad1_seed31,h2_vqe,embedded_expanded_active_space,ideal,e1_review,31,,B4,cadence_sweep,full_contract,parallel_fs,parallel_fs,,0.0,1,14,"{'G0': True, 'GA': True, 'GB': True, 'GC': True, 'GD': True, 'GE': True, 'GF': True, 'GH': True}",replay,True,True,False,False,2026-03-20T06:05:18+00:00,2026-03-20T06:05:19.158345+00:00,0.1.0,113aead,6473.0,0.01602469253540039,0.033600000000000005,,,,,,,,1.0,,,,,1.0,,,1.0,0.0,0.0,,,,0.24903680000000003,5.0184048963597405,1.2225870159454644
ideal_e1_review_h2_vqe_B4_cad1_seed43,h2_vqe,embedded_expanded_active_space,ideal,e1_review,43,,B4,cadence_sweep,full_contract,parallel_fs,parallel_fs,,0.0,1,14,"{'G0': True, 'GA': True, 'GB': True, 'GC': True, 'GD': True, 'GE': True, 'GF': True, 'GH': True}",replay,True,True,False,False,2026-03-29T18:36:44+00:00,2026-03-29T18:36:45.158345+00:00,0.1.0,113aead,6473.0,0.01602469253540039,0.033600000000000005,,,,,,,,1.0,,,,,1.0,,,1.0,0.0,0.0,,,,0.24903680000000003,5.0184048963597405,1.2225870159454644
ideal_e1_review_h2_vqe_B4_cad1_seed59,h2_vqe,embedded_expanded_active_space,ideal,e1_review,59,,B4,cadence_sweep,full_contract,parallel_fs,parallel_fs,,0.0,1,14,"{'G0': True, 'GA': True, 'GB': True, 'GC': True, 'GD': True, 'GE': True, 'GF': True, 'GH': True}",replay,True,True,False,False,2026-03-08T04:31:45+00:00,2026-03-08T04:31:46.158345+00:00,0.1.0,113aead,6473.0,0.01602469253540039,0.033600000000000005,,,,,,,,1.0,,,,,1.0,,,1.0,0.0,0.0,,,,0.24903680000000003,5.0184048963597405,1.2225870159454644
ideal_e1_review_h2_vqe_B4_cad1_seed71,h2_vqe,embedded_expanded_active_space,ideal,e1_review,71,,B4,cadence_sweep,full_contract,parallel_fs,parallel_fs,,0.0,1,14,"{'G0': True, 'GA': True, 'GB': True, 'GC': True, 'GD': True, 'GE': True, 'GF': True, 'GH': True}",replay,True,True,False,False,2026-03-03T17:41:41+00:00,2026-03-03T17:41:42.158345+00:00,0.1.0,113aead,6473.0,0.01602469253540039,0.033600000000000005,,,,,,,,1.0,,,,,1.0,,,1.0,0.0,0.0,,,,0.24903680000000003,5.0184048963597405,1.2225870159454644
ideal_e1_review_h2_vqe_B4_cad1_seed83,h2_vqe,embedded_expanded_active_space,ideal,e1_review,83,,B4,cadence_sweep,full_contract,parallel_fs,parallel_fs,,0.0,1,14,"{'G0': True, 'GA': True, 'GB': True, 'GC': True, 'GD': True, 'GE': True, 'GF': True, 'GH': True}",replay,True,True,False,False,2026-03-15T21:32:37+00:00,2026-03-15T21:32:38.158345+00:00,0.1.0,113aead,6473.0,0.01602469253540039,0.033600000000000005,,,,,,,,1.0,,,,,1.0,,,1.0,0.0,0.0,,,,0.24903680000000003,5.0184048963597405,1.2225870159454644
ideal_e1_review_h2_vqe_B4_cad4_seed11,h2_vqe,embedded_expanded_active_space,ideal,e1_review,11,,B4,cadence_sweep,full_contract,parallel_fs,parallel_fs,,0.0,4,14,"{'G0': True, 'GA': True, 'GB': True, 'GC': True, 'GD': True, 'GE': True, 'GF': True, 'GH': True}",replay,True,True,False,False,2026-03-29T19:27:16+00:00,2026-03-29T19:27:17.158345+00:00,0.1.0,113aead,6501.0,0.01602479934692383,0.033600000000000005,,,,,,,,1.0,,,,,1.0,,,1.0,0.0,0.0,,,,10.572086400000002,213.04038583796006,0.34559443735709844
ideal_e1_review_h2_vqe_B4_cad4_seed17,h2_vqe,embedded_expanded_active_space,ideal,e1_review,17,,B4,cadence_sweep,full_contract,parallel_fs,parallel_fs,,0.0,4,14,"{'G0': True, 'GA': True, 'GB': True, 'GC': True, 'GD': True, 'GE': True, 'GF': True, 'GH': True}",replay,True,True,False,False,2026-03-14T16:04:59+00:00,2026-03-14T16:05:00.158345+00:00,0.1.0,113aead,6501.0,0.01602479934692383,0.033600000000000005,,,,,,,,1.0,,,,,1.0,,,1.0,0.0,0.0,,,,10.572086400000002,213.04038583796006,0.34559443735709844
ideal_e1_review_h2_vqe_B4_cad4_seed23,h2_vqe,embedded_expanded_active_space,ideal,e1_review,23,,B4,cadence_sweep,full_contract,parallel_fs,parallel_fs,,0.0,4,14,"{'G0': True, 'GA': True, 'GB': True, 'GC': True, 'GD': True, 'GE': True, 'GF': True, 'GH': True}",replay,True,True,False,False,2026-03-25T05:28:48+00:00,2026-03-25T05:28:49.158345+00:00,0.1.0,113aead,6501.0,0.01602479934692383,0.033600000000000005,,,,,,,,1.0,,,,,1.0,,,1.0,0.0,0.0,,,,10.572086400000002,213.04038583796006,0.34559443735709844
ideal_e1_review_h2_vqe_B4_cad4_seed31,h2_vqe,embedded_expanded_active_space,ideal,e1_review,31,,B4,cadence_sweep,full_contract,parallel_fs,parallel_fs,,0.0,4,14,"{'G0': True, 'GA': True, 'GB': True, 'GC': True, 'GD': True, 'GE': True, 'GF': True, 'GH': True}",replay,True,True,False,False,2026-03-07T08:52:18+00:00,2026-03-07T08:52:19.158345+00:00,0.1.0,113aead,6501.0,0.01602479934692383,0.033600000000000005,,,,,,,,1.0,,,,,1.0,,,1.0,0.0,0.0,,,,10.572086400000002,213.04038583796006,0.34559443735709844
ideal_e1_review_h2_vqe_B4_cad4_seed43,h2_vqe,embedded_expanded_active_space,ideal,e1_review,43,,B4,cadence_sweep,full_contract,parallel_fs,parallel_fs,,0.0,4,14,"{'G0': True, 'GA': True, 'GB': True, 'GC': True, 'GD': True, 'GE': True, 'GF': True, 'GH': True}",replay,True,True,False,False,2026-03-20T16:32:46+00:00,2026-03-20T16:32:47.158345+00:00,0.1.0,113aead,6501.0,0.01602479934692383,0.033600000000000005,,,,,,,,1.0,,,,,1.0,,,1.0,0.0,0.0,,,,10.572086400000002,213.04038583796006,0.34559443735709844
ideal_e1_review_h2_vqe_B4_cad4_seed59,h2_vqe,embedded_expanded_active_space,ideal,e1_review,59,,B4,cadence_sweep,full_contract,parallel_fs,parallel_fs,,0.0,4,14,"{'G0': True, 'GA': True, 'GB': True, 'GC': True, 'GD': True, 'GE': True, 'GF': True, 'GH': True}",replay,True,True,False,False,2026-03-04T14:54:38+00:00,2026-03-04T14:54:39.158345+00:00,0.1.0,113aead,6501.0,0.01602479934692383,0.033600000000000005,,,,,,,,1.0,,,,,1.0,,,1.0,0.0,0.0,,,,10.572086400000002,213.04038583796006,0.34559443735709844
ideal_e1_review_h2_vqe_B4_cad4_seed71,h2_vqe,embedded_expanded_active_space,ideal,e1_review,71,,B4,cadence_sweep,full_contract,parallel_fs,parallel_fs,,0.0,4,14,"{'G0': True, 'GA': True, 'GB': True, 'GC': True, 'GD': True, 'GE': True, 'GF': True, 'GH': True}",replay,True,True,False,False,2026-03-15T14:53:10+00:00,2026-03-15T14:53:11.158345+00:00,0.1.0,113aead,6501.0,0.01602479934692383,0.033600000000000005,,,,,,,,1.0,,,,,1.0,,,1.0,0.0,0.0,,,,10.572086400000002,213.04038583796006,0.34559443735709844
ideal_e1_review_h2_vqe_B4_cad4_seed83,h2_vqe,embedded_expanded_active_space,ideal,e1_review,83,,B4,cadence_sweep,full_contract,parallel_fs,parallel_fs,,0.0,4,14,"{'G0': True, 'GA': True, 'GB': True, 'GC': True, 'GD': True, 'GE': True, 'GF': True, 'GH': True}",replay,True,True,False,False,2026-03-07T17:14:56+00:00,2026-03-07T17:14:57.158345+00:00,0.1.0,113aead,6501.0,0.01602479934692383,0.033600000000000005,,,,,,,,1.0,,,,,1.0,,,1.0,0.0,0.0,,,,10.572086400000002,213.04038583796006,0.34559443735709844
ideal_e1_review_h2_vqe_B4_cad8_seed11,h2_vqe,embedded_expanded_active_space,ideal,e1_review,11,,B4,cadence_sweep,full_contract,parallel_fs,parallel_fs,,0.0,8,14,"{'G0': True, 'GA': True, 'GB': True, 'GC': True, 'GD': True, 'GE': True, 'GF': True, 'GH': True}",replay,True,True,False,False,2026-03-18T12:59:24+00:00,2026-03-18T12:59:25.158345+00:00,0.1.0,113aead,6537.0,0.016024936676025392,0.033600000000000005,,,,,,,,1.0,,,,,1.0,,,1.0,0.0,0.0,,,,48.26176320000001,972.530474246752,0.17664639139511396
ideal_e1_review_h2_vqe_B4_cad8_seed17,h2_vqe,embedded_expanded_active_space,ideal,e1_review,17,,B4,cadence_sweep,full_contract,parallel_fs,parallel_fs,,0.0,8,14,"{'G0': True, 'GA': True, 'GB': True, 'GC': True, 'GD': True, 'GE': True, 'GF': True, 'GH': True}",replay,True,True,False,False,2026-03-13T13:16:38+00:00,2026-03-13T13:16:39.158345+00:00,0.1.0,113aead,6537.0,0.016024936676025392,0.033600000000000005,,,,,,,,1.0,,,,,1.0,,,1.0,0.0,0.0,,,,48.26176320000001,972.530474246752,0.17664639139511396
ideal_e1_review_h2_vqe_B4_cad8_seed23,h2_vqe,embedded_expanded_active_space,ideal,e1_review,23,,B4,cadence_sweep,full_contract,parallel_fs,parallel_fs,,0.0,8,14,"{'G0': True, 'GA': True, 'GB': True, 'GC': True, 'GD': True, 'GE': True, 'GF': True, 'GH': True}",replay,True,True,False,False,2026-03-13T10:27:53+00:00,2026-03-13T10:27:54.158345+00:00,0.1.0,113aead,6537.0,0.016024936676025392,0.033600000000000005,,,,,,,,1.0,,,,,1.0,,,1.0,0.0,0.0,,,,48.26176320000001,972.530474246752,0.17664639139511396
ideal_e1_review_h2_vqe_B4_cad8_seed31,h2_vqe,embedded_expanded_active_space,ideal,e1_review,31,,B4,cadence_sweep,full_contract,parallel_fs,parallel_fs,,0.0,8,14,"{'G0': True, 'GA': True, 'GB': True, 'GC': True, 'GD': True, 'GE': True, 'GF': True, 'GH': True}",replay,True,True,False,False,2026-03-21T18:19:09+00:00,2026-03-21T18:19:10.158345+00:00,0.1.0,113aead,6537.0,0.016024936676025392,0.033600000000000005,,,,,,,,1.0,,,,,1.0,,,1.0,0.0,0.0,,,,48.26176320000001,972.530474246752,0.17664639139511396
ideal_e1_review_h2_vqe_B4_cad8_seed43,h2_vqe,embedded_expanded_active_space,ideal,e1_review,43,,B4,cadence_sweep,full_contract,parallel_fs,parallel_fs,,0.0,8,14,"{'G0': True, 'GA': True, 'GB': True, 'GC': True, 'GD': True, 'GE': True, 'GF': True, 'GH': True}",replay,True,True,False,False,2026-03-12T22:04:24+00:00,2026-03-12T22:04:25.158345+00:00,0.1.0,113aead,6537.0,0.016024936676025392,0.033600000000000005,,,,,,,,1.0,,,,,1.0,,,1.0,0.0,0.0,,,,48.26176320000001,972.530474246752,0.17664639139511396
ideal_e1_review_h2_vqe_B4_cad8_seed59,h2_vqe,embedded_expanded_active_space,ideal,e1_review,59,,B4,cadence_sweep,full_contract,parallel_fs,parallel_fs,,0.0,8,14,"{'G0': True, 'GA': True, 'GB': True, 'GC': True, 'GD': True, 'GE': True, 'GF': True, 'GH': True}",replay,True,True,False,False,2026-03-18T15:00:31+00:00,2026-03-18T15:00:32.158345+00:00,0.1.0,113aead,6537.0,0.016024936676025392,0.033600000000000005,,,,,,,,1.0,,,,,1.0,,,1.0,0.0,0.0,,,,48.26176320000001,972.530474246752,0.17664639139511396
ideal_e1_review_h2_vqe_B4_cad8_seed71,h2_vqe,embedded_expanded_active_space,ideal,e1_review,71,,B4,cadence_sweep,full_contract,parallel_fs,parallel_fs,,0.0,8,14,"{'G0': True, 'GA': True, 'GB': True, 'GC': True, 'GD': True, 'GE': True, 'GF': True, 'GH': True}",replay,True,True,False,False,2026-03-19T18:37:05+00:00,2026-03-19T18:37:06.158345+00:00,0.1.0,113aead,6537.0,0.016024936676025392,0.033600000000000005,,,,,,,,1.0,,,,,1.0,,,1.0,0.0,0.0,,,,48.26176320000001,972.530474246752,0.17664639139511396
ideal_e1_review_h2_vqe_B4_cad8_seed83,h2_vqe,embedded_expanded_active_space,ideal,e1_review,83,,B4,cadence_sweep,full_contract,parallel_fs,parallel_fs,,0.0,8,14,"{'G0': True, 'GA': True, 'GB': True, 'GC': True, 'GD': True, 'GE': True, 'GF': True, 'GH': True}",replay,True,True,False,False,2026-03-20T02:58:48+00:00,2026-03-20T02:58:49.158345+00:00,0.1.0,113aead,6537.0,0.016024936676025392,0.033600000000000005,,,,,,,,1.0,,,,,1.0,,,1.0,0.0,0.0,,,,48.26176320000001,972.530474246752,0.17664639139511396
ideal_e1_review_h2_vqe_B4_cad16_seed11,h2_vqe,embedded_expanded_active_space,ideal,e1_review,11,,B4,cadence_sweep,full_contract,parallel_fs,parallel_fs,,0.0,16,14,"{'G0': True, 'GA': True, 'GB': True, 'GC': True, 'GD': True, 'GE': True, 'GF': True, 'GH': True}",replay,True,True,False,False,2026-03-26T11:20:27+00:00,2026-03-26T11:20:28.158345+00:00,0.1.0,113aead,6609.0,0.016025211334228517,0.033600000000000005,,,,,,,,1.0,,,,,1.0,,,1.0,0.0,0.0,,,,204.53332800000004,4121.560845805912,0.08931913981774406
ideal_e1_review_h2_vqe_B4_cad16_seed17,h2_vqe,embedded_expanded_active_space,ideal,e1_review,17,,B4,cadence_sweep,full_contract,parallel_fs,parallel_fs,,0.0,16,14,"{'G0': True, 'GA': True, 'GB': True, 'GC': True, 'GD': True, 'GE': True, 'GF': True, 'GH': True}",replay,True,True,False,False,2026-03-13T07:51:55+00:00,2026-03-13T07:51:56.158345+00:00,0.1.0,113aead,6609.0,0.016025211334228517,0.033600000000000005,,,,,,,,1.0,,,,,1.0,,,1.0,0.0,0.0,,,,204.53332800000004,4121.560845805912,0.08931913981774406
ideal_e1_review_h2_vqe_B4_cad16_seed23,h2_vqe,embedded_expanded_active_space,ideal,e1_review,23,,B4,cadence_sweep,full_contract,parallel_fs,parallel_fs,,0.0,16,14,"{'G0': True, 'GA': True, 'GB': True, 'GC': True, 'GD': True, 'GE': True, 'GF': True, 'GH': True}",replay,True,True,False,False,2026-03-19T17:54:27+00:00,2026-03-19T17:54:28.158345+00:00,0.1.0,113aead,6609.0,0.016025211334228517,0.033600000000000005,,,,,,,,1.0,,,,,1.0,,,1.0,0.0,0.0,,,,204.53332800000004,4121.560845805912,0.08931913981774406
ideal_e1_review_h2_vqe_B4_cad16_seed31,h2_vqe,embedded_expanded_active_space,ideal,e1_review,31,,B4,cadence_sweep,full_contract,parallel_fs,parallel_fs,,0.0,16,14,"{'G0': True, 'GA': True, 'GB': True, 'GC': True, 'GD': True, 'GE': True, 'GF': True, 'GH': True}",replay,True,True,False,False,2026-03-14T06:27:10+00:00,2026-03-14T06:27:11.158345+00:00,0.1.0,113aead,6609.0,0.016025211334228517,0.033600000000000005,,,,,,,,1.0,,,,,1.0,,,1.0,0.0,0.0,,,,204.53332800000004,4121.560845805912,0.08931913981774406
ideal_e1_review_h2_vqe_B4_cad16_seed43,h2_vqe,embedded_expanded_active_space,ideal,e1_review,43,,B4,cadence_sweep,full_contract,parallel_fs,parallel_fs,,0.0,16,14,"{'G0': True, 'GA': True, 'GB': True, 'GC': True, 'GD': True, 'GE': True, 'GF': True, 'GH': True}",replay,True,True,False,False,2026-03-29T18:19:07+00:00,2026-03-29T18:19:08.158345+00:00,0.1.0,113aead,6609.0,0.016025211334228517,0.033600000000000005,,,,,,,,1.0,,,,,1.0,,,1.0,0.0,0.0,,,,204.53332800000004,4121.560845805912,0.08931913981774406
ideal_e1_review_h2_vqe_B4_cad16_seed59,h2_vqe,embedded_expanded_active_space,ideal,e1_review,59,,B4,cadence_sweep,full_contract,parallel_fs,parallel_fs,,0.0,16,14,"{'G0': True, 'GA': True, 'GB': True, 'GC': True, 'GD': True, 'GE': True, 'GF': True, 'GH': True}",replay,True,True,False,False,2026-03-30T20:22:46+00:00,2026-03-30T20:22:47.158345+00:00,0.1.0,113aead,6609.0,0.016025211334228517,0.033600000000000005,,,,,,,,1.0,,,,,1.0,,,1.0,0.0,0.0,,,,204.53332800000004,4121.560845805912,0.08931913981774406
ideal_e1_review_h2_vqe_B4_cad16_seed71,h2_vqe,embedded_expanded_active_space,ideal,e1_review,71,,B4,cadence_sweep,full_contract,parallel_fs,parallel_fs,,0.0,16,14,"{'G0': True, 'GA': True, 'GB': True, 'GC': True, 'GD': True, 'GE': True, 'GF': True, 'GH': True}",replay,True,True,False,False,2026-03-05T20:51:35+00:00,2026-03-05T20:51:36.158345+00:00,0.1.0,113aead,6609.0,0.016025211334228517,0.033600000000000005,,,,,,,,1.0,,,,,1.0,,,1.0,0.0,0.0,,,,204.53332800000004,4121.560845805912,0.08931913981774406
ideal_e1_review_h2_vqe_B4_cad16_seed83,h2_vqe,embedded_expanded_active_space,ideal,e1_review,83,,B4,cadence_sweep,full_contract,parallel_fs,parallel_fs,,0.0,16,14,"{'G0': True, 'GA': True, 'GB': True, 'GC': True, 'GD': True, 'GE': True, 'GF': True, 'GH': True}",replay,True,True,False,False,2026-03-26T00:20:41+00:00,2026-03-26T00:20:42.158345+00:00,0.1.0,113aead,6609.0,0.016025211334228517,0.033600000000000005,,,,,,,,1.0,,,,,1.0,,,1.0,0.0,0.0,,,,204.53332800000004,4121.560845805912,0.08931913981774406
ideal_e1_review_h2_vqe_B5_cad1_seed11,h2_vqe,embedded_expanded_active_space,ideal,e1_review,11,,B5,cadence_sweep,full_contract,parallel_fs,parallel_fs,,0.0,1,14,"{'G0': True, 'GA': True, 'GB': True, 'GC': True, 'GD': True, 'GE': True, 'GF': True, 'GH': True}",replay,True,True,False,False,2026-03-24T00:02:36+00:00,2026-03-24T00:02:37.158345+00:00,0.1.0,113aead,6516.0,0.01602485656738281,0.033600000000000005,,,,,,,,1.0,,,,,1.0,,,1.0,0.0,0.0,,,,0.42430570000000006,8.550265519132717,0.8592047830325139
ideal_e1_review_h2_vqe_B5_cad1_seed17,h2_vqe,embedded_expanded_active_space,ideal,e1_review,17,,B5,cadence_sweep,full_contract,parallel_fs,parallel_fs,,0.0,1,14,"{'G0': True, 'GA': True, 'GB': True, 'GC': True, 'GD': True, 'GE': True, 'GF': True, 'GH': True}",replay,True,True,False,False,2026-03-30T16:11:25+00:00,2026-03-30T16:11:26.158345+00:00,0.1.0,113aead,6516.0,0.01602485656738281,0.033600000000000005,,,,,,,,1.0,,,,,1.0,,,1.0,0.0,0.0,,,,0.42430570000000006,8.550265519132717,0.8592047830325139
ideal_e1_review_h2_vqe_B5_cad1_seed23,h2_vqe,embedded_expanded_active_space,ideal,e1_review,23,,B5,cadence_sweep,full_contract,parallel_fs,parallel_fs,,0.0,1,14,"{'G0': True, 'GA': True, 'GB': True, 'GC': True, 'GD': True, 'GE': True, 'GF': True, 'GH': True}",replay,True,True,False,False,2026-03-13T06:56:19+00:00,2026-03-13T06:56:20.158345+00:00,0.1.0,113aead,6516.0,0.01602485656738281,0.033600000000000005,,,,,,,,1.0,,,,,1.0,,,1.0,0.0,0.0,,,,0.42430570000000006,8.550265519132717,0.8592047830325139
ideal_e1_review_h2_vqe_B5_cad1_seed31,h2_vqe,embedded_expanded_active_space,ideal,e1_review,31,,B5,cadence_sweep,full_contract,parallel_fs,parallel_fs,,0.0,1,14,"{'G0': True, 'GA': True, 'GB': True, 'GC': True, 'GD': True, 'GE': True, 'GF': True, 'GH': True}",replay,True,True,False,False,2026-03-10T03:19:27+00:00,2026-03-10T03:19:28.158345+00:00,0.1.0,113aead,6516.0,0.01602485656738281,0.033600000000000005,,,,,,,,1.0,,,,,1.0,,,1.0,0.0,0.0,,,,0.42430570000000006,8.550265519132717,0.8592047830325139
ideal_e1_review_h2_vqe_B5_cad1_seed43,h2_vqe,embedded_expanded_active_space,ideal,e1_review,43,,B5,cadence_sweep,full_contract,parallel_fs,parallel_fs,,0.0,1,14,"{'G0': True, 'GA': True, 'GB': True, 'GC': True, 'GD': True, 'GE': True, 'GF': True, 'GH': True}",replay,True,True,False,False,2026-03-02T14:55:43+00:00,2026-03-02T14:55:44.158345+00:00,0.1.0,113aead,6516.0,0.01602485656738281,0.033600000000000005,,,,,,,,1.0,,,,,1.0,,,1.0,0.0,0.0,,,,0.42430570000000006,8.550265519132717,0.8592047830325139
ideal_e1_review_h2_vqe_B5_cad1_seed59,h2_vqe,embedded_expanded_active_space,ideal,e1_review,59,,B5,cadence_sweep,full_contract,parallel_fs,parallel_fs,,0.0,1,14,"{'G0': True, 'GA': True, 'GB': True, 'GC': True, 'GD': True, 'GE': True, 'GF': True, 'GH': True}",replay,True,True,False,False,2026-03-02T13:20:47+00:00,2026-03-02T13:20:48.158345+00:00,0.1.0,113aead,6516.0,0.01602485656738281,0.033600000000000005,,,,,,,,1.0,,,,,1.0,,,1.0,0.0,0.0,,,,0.42430570000000006,8.550265519132717,0.8592047830325139
ideal_e1_review_h2_vqe_B5_cad1_seed71,h2_vqe,embedded_expanded_active_space,ideal,e1_review,71,,B5,cadence_sweep,full_contract,parallel_fs,parallel_fs,,0.0,1,14,"{'G0': True, 'GA': True, 'GB': True, 'GC': True, 'GD': True, 'GE': True, 'GF': True, 'GH': True}",replay,True,True,False,False,2026-03-09T22:56:46+00:00,2026-03-09T22:56:47.158345+00:00,0.1.0,113aead,6516.0,0.01602485656738281,0.033600000000000005,,,,,,,,1.0,,,,,1.0,,,1.0,0.0,0.0,,,,0.42430570000000006,8.550265519132717,0.8592047830325139
ideal_e1_review_h2_vqe_B5_cad1_seed83,h2_vqe,embedded_expanded_active_space,ideal,e1_review,83,,B5,cadence_sweep,full_contract,parallel_fs,parallel_fs,,0.0,1,14,"{'G0': True, 'GA': True, 'GB': True, 'GC': True, 'GD': True, 'GE': True, 'GF': True, 'GH': True}",replay,True,True,False,False,2026-03-10T21:12:29+00:00,2026-03-10T21:12:30.158345+00:00,0.1.0,113aead,6516.0,0.01602485656738281,0.033600000000000005,,,,,,,,1.0,,,,,1.0,,,1.0,0.0,0.0,,,,0.42430570000000006,8.550265519132717,0.8592047830325139
ideal_e1_review_h2_vqe_B5_cad4_seed11,h2_vqe,embedded_expanded_active_space,ideal,e1_review,11,,B5,cadence_sweep,full_contract,parallel_fs,parallel_fs,,0.0,4,14,"{'G0': True, 'GA': True, 'GB': True, 'GC': True, 'GD': True, 'GE': True, 'GF': True, 'GH': True}",replay,True,True,False,False,2026-03-05T02:55:13+00:00,2026-03-05T02:55:14.158345+00:00,0.1.0,113aead,6544.0,0.01602496337890625,0.033600000000000005,,,,,,,,1.0,,,,,1.0,,,1.0,0.0,0.0,,,,14.172085200000001,285.58379160485254,0.30869240063850345
ideal_e1_review_h2_vqe_B5_cad4_seed17,h2_vqe,embedded_expanded_active_space,ideal,e1_review,17,,B5,cadence_sweep,full_contract,parallel_fs,parallel_fs,,0.0,4,14,"{'G0': True, 'GA': True, 'GB': True, 'GC': True, 'GD': True, 'GE': True, 'GF': True, 'GH': True}",replay,True,True,False,False,2026-03-05T00:54:49+00:00,2026-03-05T00:54:50.158345+00:00,0.1.0,113aead,6544.0,0.01602496337890625,0.033600000000000005,,,,,,,,1.0,,,,,1.0,,,1.0,0.0,0.0,,,,14.172085200000001,285.58379160485254,0.30869240063850345
ideal_e1_review_h2_vqe_B5_cad4_seed23,h2_vqe,embedded_expanded_active_space,ideal,e1_review,23,,B5,cadence_sweep,full_contract,parallel_fs,parallel_fs,,0.0,4,14,"{'G0': True, 'GA': True, 'GB': True, 'GC': True, 'GD': True, 'GE': True, 'GF': True, 'GH': True}",replay,True,True,False,False,2026-03-02T00:01:47+00:00,2026-03-02T00:01:48.158345+00:00,0.1.0,113aead,6544.0,0.01602496337890625,0.033600000000000005,,,,,,,,1.0,,,,,1.0,,,1.0,0.0,0.0,,,,14.172085200000001,285.58379160485254,0.30869240063850345
ideal_e1_review_h2_vqe_B5_cad4_seed31,h2_vqe,embedded_expanded_active_space,ideal,e1_review,31,,B5,cadence_sweep,full_contract,parallel_fs,parallel_fs,,0.0,4,14,"{'G0': True, 'GA': True, 'GB': True, 'GC': True, 'GD': True, 'GE': True, 'GF': True, 'GH': True}",replay,True,True,False,False,2026-03-21T08:04:44+00:00,2026-03-21T08:04:45.158345+00:00,0.1.0,113aead,6544.0,0.01602496337890625,0.033600000000000005,,,,,,,,1.0,,,,,1.0,,,1.0,0.0,0.0,,,,14.172085200000001,285.58379160485254,0.30869240063850345
ideal_e1_review_h2_vqe_B5_cad4_seed43,h2_vqe,embedded_expanded_active_space,ideal,e1_review,43,,B5,cadence_sweep,full_contract,parallel_fs,parallel_fs,,0.0,4,14,"{'G0': True, 'GA': True, 'GB': True, 'GC': True, 'GD': True, 'GE': True, 'GF': True, 'GH': True}",replay,True,True,False,False,2026-03-11T12:37:41+00:00,2026-03-11T12:37:42.158345+00:00,0.1.0,113aead,6544.0,0.01602496337890625,0.033600000000000005,,,,,,,,1.0,,,,,1.0,,,1.0,0.0,0.0,,,,14.172085200000001,285.58379160485254,0.30869240063850345
ideal_e1_review_h2_vqe_B5_cad4_seed59,h2_vqe,embedded_expanded_active_space,ideal,e1_review,59,,B5,cadence_sweep,full_contract,parallel_fs,parallel_fs,,0.0,4,14,"{'G0': True, 'GA': True, 'GB': True, 'GC': True, 'GD': True, 'GE': True, 'GF': True, 'GH': True}",replay,True,True,False,False,2026-03-03T16:36:01+00:00,2026-03-03T16:36:02.158345+00:00,0.1.0,113aead,6544.0,0.01602496337890625,0.033600000000000005,,,,,,,,1.0,,,,,1.0,,,1.0,0.0,0.0,,,,14.172085200000001,285.58379160485254,0.30869240063850345
ideal_e1_review_h2_vqe_B5_cad4_seed71,h2_vqe,embedded_expanded_active_space,ideal,e1_review,71,,B5,cadence_sweep,full_contract,parallel_fs,parallel_fs,,0.0,4,14,"{'G0': True, 'GA': True, 'GB': True, 'GC': True, 'GD': True, 'GE': True, 'GF': True, 'GH': True}",replay,True,True,False,False,2026-03-14T00:40:32+00:00,2026-03-14T00:40:33.158345+00:00,0.1.0,113aead,6544.0,0.01602496337890625,0.033600000000000005,,,,,,,,1.0,,,,,1.0,,,1.0,0.0,0.0,,,,14.172085200000001,285.58379160485254,0.30869240063850345
ideal_e1_review_h2_vqe_B5_cad4_seed83,h2_vqe,embedded_expanded_active_space,ideal,e1_review,83,,B5,cadence_sweep,full_contract,parallel_fs,parallel_fs,,0.0,4,14,"{'G0': True, 'GA': True, 'GB': True, 'GC': True, 'GD': True, 'GE': True, 'GF': True, 'GH': True}",replay,True,True,False,False,2026-03-12T08:39:49+00:00,2026-03-12T08:39:50.158345+00:00,0.1.0,113aead,6544.0,0.01602496337890625,0.033600000000000005,,,,,,,,1.0,,,,,1.0,,,1.0,0.0,0.0,,,,14.172085200000001,285.58379160485254,0.30869240063850345
ideal_e1_review_h2_vqe_B5_cad8_seed11,h2_vqe,embedded_expanded_active_space,ideal,e1_review,11,,B5,cadence_sweep,full_contract,parallel_fs,parallel_fs,,0.0,8,14,"{'G0': True, 'GA': True, 'GB': True, 'GC': True, 'GD': True, 'GE': True, 'GF': True, 'GH': True}",replay,True,True,False,False,2026-03-12T13:21:36+00:00,2026-03-12T13:21:37.158345+00:00,0.1.0,113aead,6580.0,0.016025100708007813,0.033600000000000005,,,,,,,,1.0,,,,,1.0,,,1.0,0.0,0.0,,,,61.318384400000014,1235.6324425575483,0.16647518115302748
ideal_e1_review_h2_vqe_B5_cad8_seed17,h2_vqe,embedded_expanded_active_space,ideal,e1_review,17,,B5,cadence_sweep,full_contract,parallel_fs,parallel_fs,,0.0,8,14,"{'G0': True, 'GA': True, 'GB': True, 'GC': True, 'GD': True, 'GE': True, 'GF': True, 'GH': True}",replay,True,True,False,False,2026-03-24T09:48:33+00:00,2026-03-24T09:48:34.158345+00:00,0.1.0,113aead,6580.0,0.016025100708007813,0.033600000000000005,,,,,,,,1.0,,,,,1.0,,,1.0,0.0,0.0,,,,61.318384400000014,1235.6324425575483,0.16647518115302748
ideal_e1_review_h2_vqe_B5_cad8_seed23,h2_vqe,embedded_expanded_active_space,ideal,e1_review,23,,B5,cadence_sweep,full_contract,parallel_fs,parallel_fs,,0.0,8,14,"{'G0': True, 'GA': True, 'GB': True, 'GC': True, 'GD': True, 'GE': True, 'GF': True, 'GH': True}",replay,True,True,False,False,2026-03-20T04:17:25+00:00,2026-03-20T04:17:26.158345+00:00,0.1.0,113aead,6580.0,0.016025100708007813,0.033600000000000005,,,,,,,,1.0,,,,,1.0,,,1.0,0.0,0.0,,,,61.318384400000014,1235.6324425575483,0.16647518115302748
ideal_e1_review_h2_vqe_B5_cad8_seed31,h2_vqe,embedded_expanded_active_space,ideal,e1_review,31,,B5,cadence_sweep,full_contract,parallel_fs,parallel_fs,,0.0,8,14,"{'G0': True, 'GA': True, 'GB': True, 'GC': True, 'GD': True, 'GE': True, 'GF': True, 'GH': True}",replay,True,True,False,False,2026-03-30T03:50:31+00:00,2026-03-30T03:50:32.158345+00:00,0.1.0,113aead,6580.0,0.016025100708007813,0.033600000000000005,,,,,,,,1.0,,,,,1.0,,,1.0,0.0,0.0,,,,61.318384400000014,1235.6324425575483,0.16647518115302748
ideal_e1_review_h2_vqe_B5_cad8_seed43,h2_vqe,embedded_expanded_active_space,ideal,e1_review,43,,B5,cadence_sweep,full_contract,parallel_fs,parallel_fs,,0.0,8,14,"{'G0': True, 'GA': True, 'GB': True, 'GC': True, 'GD': True, 'GE': True, 'GF': True, 'GH': True}",replay,True,True,False,False,2026-03-28T14:34:59+00:00,2026-03-28T14:35:00.158345+00:00,0.1.0,113aead,6580.0,0.016025100708007813,0.033600000000000005,,,,,,,,1.0,,,,,1.0,,,1.0,0.0,0.0,,,,61.318384400000014,1235.6324425575483,0.16647518115302748
ideal_e1_review_h2_vqe_B5_cad8_seed59,h2_vqe,embedded_expanded_active_space,ideal,e1_review,59,,B5,cadence_sweep,full_contract,parallel_fs,parallel_fs,,0.0,8,14,"{'G0': True, 'GA': True, 'GB': True, 'GC': True, 'GD': True, 'GE': True, 'GF': True, 'GH': True}",replay,True,True,False,False,2026-03-09T06:39:18+00:00,2026-03-09T06:39:19.158345+00:00,0.1.0,113aead,6580.0,0.016025100708007813,0.033600000000000005,,,,,,,,1.0,,,,,1.0,,,1.0,0.0,0.0,,,,61.318384400000014,1235.6324425575483,0.16647518115302748
ideal_e1_review_h2_vqe_B5_cad8_seed71,h2_vqe,embedded_expanded_active_space,ideal,e1_review,71,,B5,cadence_sweep,full_contract,parallel_fs,parallel_fs,,0.0,8,14,"{'G0': True, 'GA': True, 'GB': True, 'GC': True, 'GD': True, 'GE': True, 'GF': True, 'GH': True}",replay,True,True,False,False,2026-03-17T20:47:41+00:00,2026-03-17T20:47:42.158345+00:00,0.1.0,113aead,6580.0,0.016025100708007813,0.033600000000000005,,,,,,,,1.0,,,,,1.0,,,1.0,0.0,0.0,,,,61.318384400000014,1235.6324425575483,0.16647518115302748
ideal_e1_review_h2_vqe_B5_cad8_seed83,h2_vqe,embedded_expanded_active_space,ideal,e1_review,83,,B5,cadence_sweep,full_contract,parallel_fs,parallel_fs,,0.0,8,14,"{'G0': True, 'GA': True, 'GB': True, 'GC': True, 'GD': True, 'GE': True, 'GF': True, 'GH': True}",replay,True,True,False,False,2026-03-10T06:57:51+00:00,2026-03-10T06:57:52.158345+00:00,0.1.0,113aead,6580.0,0.016025100708007813,0.033600000000000005,,,,,,,,1.0,,,,,1.0,,,1.0,0.0,0.0,,,,61.318384400000014,1235.6324425575483,0.16647518115302748
ideal_e1_review_h2_vqe_B5_cad16_seed11,h2_vqe,embedded_expanded_active_space,ideal,e1_review,11,,B5,cadence_sweep,full_contract,parallel_fs,parallel_fs,,0.0,16,14,"{'G0': True, 'GA': True, 'GB': True, 'GC': True, 'GD': True, 'GE': True, 'GF': True, 'GH': True}",replay,True,True,False,False,2026-03-30T18:49:43+00:00,2026-03-30T18:49:44.158345+00:00,0.1.0,113aead,6652.0,0.016025375366210938,0.033600000000000005,,,,,,,,1.0,,,,,1.0,,,1.0,0.0,0.0,,,,252.46876200000005,5087.493245882864,0.08664294624646643
ideal_e1_review_h2_vqe_B5_cad16_seed17,h2_vqe,embedded_expanded_active_space,ideal,e1_review,17,,B5,cadence_sweep,full_contract,parallel_fs,parallel_fs,,0.0,16,14,"{'G0': True, 'GA': True, 'GB': True, 'GC': True, 'GD': True, 'GE': True, 'GF': True, 'GH': True}",replay,True,True,False,False,2026-03-15T18:18:29+00:00,2026-03-15T18:18:30.158345+00:00,0.1.0,113aead,6652.0,0.016025375366210938,0.033600000000000005,,,,,,,,1.0,,,,,1.0,,,1.0,0.0,0.0,,,,252.46876200000005,5087.493245882864,0.08664294624646643
ideal_e1_review_h2_vqe_B5_cad16_seed23,h2_vqe,embedded_expanded_active_space,ideal,e1_review,23,,B5,cadence_sweep,full_contract,parallel_fs,parallel_fs,,0.0,16,14,"{'G0': True, 'GA': True, 'GB': True, 'GC': True, 'GD': True, 'GE': True, 'GF': True, 'GH': True}",replay,True,True,False,False,2026-03-16T09:46:52+00:00,2026-03-16T09:46:53.158345+00:00,0.1.0,113aead,6652.0,0.016025375366210938,0.033600000000000005,,,,,,,,1.0,,,,,1.0,,,1.0,0.0,0.0,,,,252.46876200000005,5087.493245882864,0.08664294624646643
ideal_e1_review_h2_vqe_B5_cad16_seed31,h2_vqe,embedded_expanded_active_space,ideal,e1_review,31,,B5,cadence_sweep,full_contract,parallel_fs,parallel_fs,,0.0,16,14,"{'G0': True, 'GA': True, 'GB': True, 'GC': True, 'GD': True, 'GE': True, 'GF': True, 'GH': True}",replay,True,True,False,False,2026-03-08T06:37:05+00:00,2026-03-08T06:37:06.158345+00:00,0.1.0,113aead,6652.0,0.016025375366210938,0.033600000000000005,,,,,,,,1.0,,,,,1.0,,,1.0,0.0,0.0,,,,252.46876200000005,5087.493245882864,0.08664294624646643
ideal_e1_review_h2_vqe_B5_cad16_seed43,h2_vqe,embedded_expanded_active_space,ideal,e1_review,43,,B5,cadence_sweep,full_contract,parallel_fs,parallel_fs,,0.0,16,14,"{'G0': True, 'GA': True, 'GB': True, 'GC': True, 'GD': True, 'GE': True, 'GF': True, 'GH': True}",replay,True,True,False,False,2026-03-15T19:48:06+00:00,2026-03-15T19:48:07.158345+00:00,0.1.0,113aead,6652.0,0.016025375366210938,0.033600000000000005,,,,,,,,1.0,,,,,1.0,,,1.0,0.0,0.0,,,,252.46876200000005,5087.493245882864,0.08664294624646643
ideal_e1_review_h2_vqe_B5_cad16_seed59,h2_vqe,embedded_expanded_active_space,ideal,e1_review,59,,B5,cadence_sweep,full_contract,parallel_fs,parallel_fs,,0.0,16,14,"{'G0': True, 'GA': True, 'GB': True, 'GC': True, 'GD': True, 'GE': True, 'GF': True, 'GH': True}",replay,True,True,False,False,2026-03-27T21:20:20+00:00,2026-03-27T21:20:21.158345+00:00,0.1.0,113aead,6652.0,0.016025375366210938,0.033600000000000005,,,,,,,,1.0,,,,,1.0,,,1.0,0.0,0.0,,,,252.46876200000005,5087.493245882864,0.08664294624646643
ideal_e1_review_h2_vqe_B5_cad16_seed71,h2_vqe,embedded_expanded_active_space,ideal,e1_review,71,,B5,cadence_sweep,full_contract,parallel_fs,parallel_fs,,0.0,16,14,"{'G0': True, 'GA': True, 'GB': True, 'GC': True, 'GD': True, 'GE': True, 'GF': True, 'GH': True}",replay,True,True,False,False,2026-03-08T20:45:20+00:00,2026-03-08T20:45:21.158345+00:00,0.1.0,113aead,6652.0,0.016025375366210938,0.033600000000000005,,,,,,,,1.0,,,,,1.0,,,1.0,0.0,0.0,,,,252.46876200000005,5087.493245882864,0.08664294624646643
ideal_e1_review_h2_vqe_B5_cad16_seed83,h2_vqe,embedded_expanded_active_space,ideal,e1_review,83,,B5,cadence_sweep,full_contract,parallel_fs,parallel_fs,,0.0,16,14,"{'G0': True, 'GA': True, 'GB': True, 'GC': True, 'GD': True, 'GE': True, 'GF': True, 'GH': True}",replay,True,True,False,False,2026-03-20T15:45:00+00:00,2026-03-20T15:45:01.158345+00:00,0.1.0,113aead,6652.0,0.016025375366210938,0.033600000000000005,,,,,,,,1.0,,,,,1.0,,,1.0,0.0,0.0,,,,252.46876200000005,5087.493245882864,0.08664294624646643
ideal_e1_review_lih_vqe_B1_cad1_seed11,lih_vqe,embedded_review_large_active_space,ideal,e1_review,11,,B1,cadence_sweep,full_contract,parallel_fs,parallel_fs,,0.0,1,14,"{'G0': True, 'GA': True, 'GB': False, 'GC': False, 'GD': False, 'GE': False, 'GF': False, 'GH': False}",replay,True,True,False,False,2026-03-30T09:09:02+00:00,2026-03-30T09:09:03.400306+00:00,0.1.0,113aead,1457.0,0.016005558013916017,0.0919,,,,,,,,1.0,,,,,1.0,,,1.0,0.0,0.0,,,,0.007120000000000001,0.06598362615465805,8.99188652467192
ideal_e1_review_lih_vqe_B1_cad1_seed17,lih_vqe,embedded_review_large_active_space,ideal,e1_review,17,,B1,cadence_sweep,full_contract,parallel_fs,parallel_fs,,0.0,1,14,"{'G0': True, 'GA': True, 'GB': False, 'GC': False, 'GD': False, 'GE': False, 'GF': False, 'GH': False}",replay,True,True,False,False,2026-03-15T16:30:47+00:00,2026-03-15T16:30:48.400306+00:00,0.1.0,113aead,1457.0,0.016005558013916017,0.0919,,,,,,,,1.0,,,,,1.0,,,1.0,0.0,0.0,,,,0.007120000000000001,0.06598362615465805,8.99188652467192
ideal_e1_review_lih_vqe_B1_cad1_seed23,lih_vqe,embedded_review_large_active_space,ideal,e1_review,23,,B1,cadence_sweep,full_contract,parallel_fs,parallel_fs,,0.0,1,14,"{'G0': True, 'GA': True, 'GB': False, 'GC': False, 'GD': False, 'GE': False, 'GF': False, 'GH': False}",replay,True,True,False,False,2026-03-01T16:16:45+00:00,2026-03-01T16:16:46.400306+00:00,0.1.0,113aead,1457.0,0.016005558013916017,0.0919,,,,,,,,1.0,,,,,1.0,,,1.0,0.0,0.0,,,,0.007120000000000001,0.06598362615465805,8.99188652467192
ideal_e1_review_lih_vqe_B1_cad1_seed31,lih_vqe,embedded_review_large_active_space,ideal,e1_review,31,,B1,cadence_sweep,full_contract,parallel_fs,parallel_fs,,0.0,1,14,"{'G0': True, 'GA': True, 'GB': False, 'GC': False, 'GD': False, 'GE': False, 'GF': False, 'GH': False}",replay,True,True,False,False,2026-03-09T14:08:17+00:00,2026-03-09T14:08:18.400306+00:00,0.1.0,113aead,1457.0,0.016005558013916017,0.0919,,,,,,,,1.0,,,,,1.0,,,1.0,0.0,0.0,,,,0.007120000000000001,0.06598362615465805,8.99188652467192
ideal_e1_review_lih_vqe_B1_cad1_seed43,lih_vqe,embedded_review_large_active_space,ideal,e1_review,43,,B1,cadence_sweep,full_contract,parallel_fs,parallel_fs,,0.0,1,14,"{'G0': True, 'GA': True, 'GB': False, 'GC': False, 'GD': False, 'GE': False, 'GF': False, 'GH': False}",replay,True,True,False,False,2026-03-13T01:08:18+00:00,2026-03-13T01:08:19.400306+00:00,0.1.0,113aead,1457.0,0.016005558013916017,0.0919,,,,,,,,1.0,,,,,1.0,,,1.0,0.0,0.0,,,,0.007120000000000001,0.06598362615465805,8.99188652467192
ideal_e1_review_lih_vqe_B1_cad1_seed59,lih_vqe,embedded_review_large_active_space,ideal,e1_review,59,,B1,cadence_sweep,full_contract,parallel_fs,parallel_fs,,0.0,1,14,"{'G0': True, 'GA': True, 'GB': False, 'GC': False, 'GD': False, 'GE': False, 'GF': False, 'GH': False}",replay,True,True,False,False,2026-03-10T17:32:12+00:00,2026-03-10T17:32:13.400306+00:00,0.1.0,113aead,1457.0,0.016005558013916017,0.0919,,,,,,,,1.0,,,,,1.0,,,1.0,0.0,0.0,,,,0.007120000000000001,0.06598362615465805,8.99188652467192
ideal_e1_review_lih_vqe_B1_cad1_seed71,lih_vqe,embedded_review_large_active_space,ideal,e1_review,71,,B1,cadence_sweep,full_contract,parallel_fs,parallel_fs,,0.0,1,14,"{'G0': True, 'GA': True, 'GB': False, 'GC': False, 'GD': False, 'GE': False, 'GF': False, 'GH': False}",replay,True,True,False,False,2026-03-16T03:40:29+00:00,2026-03-16T03:40:30.400306+00:00,0.1.0,113aead,1457.0,0.016005558013916017,0.0919,,,,,,,,1.0,,,,,1.0,,,1.0,0.0,0.0,,,,0.007120000000000001,0.06598362615465805,8.99188652467192
ideal_e1_review_lih_vqe_B1_cad1_seed83,lih_vqe,embedded_review_large_active_space,ideal,e1_review,83,,B1,cadence_sweep,full_contract,parallel_fs,parallel_fs,,0.0,1,14,"{'G0': True, 'GA': True, 'GB': False, 'GC': False, 'GD': False, 'GE': False, 'GF': False, 'GH': False}",replay,True,True,False,False,2026-03-29T14:03:02+00:00,2026-03-29T14:03:03.400306+00:00,0.1.0,113aead,1457.0,0.016005558013916017,0.0919,,,,,,,,1.0,,,,,1.0,,,1.0,0.0,0.0,,,,0.007120000000000001,0.06598362615465805,8.99188652467192
ideal_e1_review_lih_vqe_B1_cad4_seed11,lih_vqe,embedded_review_large_active_space,ideal,e1_review,11,,B1,cadence_sweep,full_contract,parallel_fs,parallel_fs,,0.0,4,14,"{'G0': True, 'GA': True, 'GB': False, 'GC': False, 'GD': False, 'GE': False, 'GF': False, 'GH': False}",replay,True,True,False,False,2026-03-15T21:19:19+00:00,2026-03-15T21:19:20.400306+00:00,0.1.0,113aead,1457.0,0.016005558013916017,0.0919,,,,,,,,1.0,,,,,1.0,,,1.0,0.0,0.0,,,,0.08544,0.7918035138558965,8.99188652467192
ideal_e1_review_lih_vqe_B1_cad4_seed17,lih_vqe,embedded_review_large_active_space,ideal,e1_review,17,,B1,cadence_sweep,full_contract,parallel_fs,parallel_fs,,0.0,4,14,"{'G0': True, 'GA': True, 'GB': False, 'GC': False, 'GD': False, 'GE': False, 'GF': False, 'GH': False}",replay,True,True,False,False,2026-03-14T20:13:56+00:00,2026-03-14T20:13:57.400306+00:00,0.1.0,113aead,1457.0,0.016005558013916017,0.0919,,,,,,,,1.0,,,,,1.0,,,1.0,0.0,0.0,,,,0.08544,0.7918035138558965,8.99188652467192
ideal_e1_review_lih_vqe_B1_cad4_seed23,lih_vqe,embedded_review_large_active_space,ideal,e1_review,23,,B1,cadence_sweep,full_contract,parallel_fs,parallel_fs,,0.0,4,14,"{'G0': True, 'GA': True, 'GB': False, 'GC': False, 'GD': False, 'GE': False, 'GF': False, 'GH': False}",replay,True,True,False,False,2026-03-23T20:07:46+00:00,2026-03-23T20:07:47.400306+00:00,0.1.0,113aead,1457.0,0.016005558013916017,0.0919,,,,,,,,1.0,,,,,1.0,,,1.0,0.0,0.0,,,,0.08544,0.7918035138558965,8.99188652467192
ideal_e1_review_lih_vqe_B1_cad4_seed31,lih_vqe,embedded_review_large_active_space,ideal,e1_review,31,,B1,cadence_sweep,full_contract,parallel_fs,parallel_fs,,0.0,4,14,"{'G0': True, 'GA': True, 'GB': False, 'GC': False, 'GD': False, 'GE': False, 'GF': False, 'GH': False}",replay,True,True,False,False,2026-03-04T02:19:09+00:00,2026-03-04T02:19:10.400306+00:00,0.1.0,113aead,1457.0,0.016005558013916017,0.0919,,,,,,,,1.0,,,,,1.0,,,1.0,0.0,0.0,,,,0.08544,0.7918035138558965,8.99188652467192
ideal_e1_review_lih_vqe_B1_cad4_seed43,lih_vqe,embedded_review_large_active_space,ideal,e1_review,43,,B1,cadence_sweep,full_contract,parallel_fs,parallel_fs,,0.0,4,14,"{'G0': True, 'GA': True, 'GB': False, 'GC': False, 'GD': False, 'GE': False, 'GF': False, 'GH': False}",replay,True,True,False,False,2026-03-11T11:50:55+00:00,2026-03-11T11:50:56.400306+00:00,0.1.0,113aead,1457.0,0.016005558013916017,0.0919,,,,,,,,1.0,,,,,1.0,,,1.0,0.0,0.0,,,,0.08544,0.7918035138558965,8.99188652467192
ideal_e1_review_lih_vqe_B1_cad4_seed59,lih_vqe,embedded_review_large_active_space,ideal,e1_review,59,,B1,cadence_sweep,full_contract,parallel_fs,parallel_fs,,0.0,4,14,"{'G0': True, 'GA': True, 'GB': False, 'GC': False, 'GD': False, 'GE': False, 'GF': False, 'GH': False}",replay,True,True,False,False,2026-03-04T07:22:33+00:00,2026-03-04T07:22:34.400306+00:00,0.1.0,113aead,1457.0,0.016005558013916017,0.0919,,,,,,,,1.0,,,,,1.0,,,1.0,0.0,0.0,,,,0.08544,0.7918035138558965,8.99188652467192
ideal_e1_review_lih_vqe_B1_cad4_seed71,lih_vqe,embedded_review_large_active_space,ideal,e1_review,71,,B1,cadence_sweep,full_contract,parallel_fs,parallel_fs,,0.0,4,14,"{'G0': True, 'GA': True, 'GB': False, 'GC': False, 'GD': False, 'GE': False, 'GF': False, 'GH': False}",replay,True,True,False,False,2026-03-27T14:28:56+00:00,2026-03-27T14:28:57.400306+00:00,0.1.0,113aead,1457.0,0.016005558013916017,0.0919,,,,,,,,1.0,,,,,1.0,,,1.0,0.0,0.0,,,,0.08544,0.7918035138558965,8.99188652467192
ideal_e1_review_lih_vqe_B1_cad4_seed83,lih_vqe,embedded_review_large_active_space,ideal,e1_review,83,,B1,cadence_sweep,full_contract,parallel_fs,parallel_fs,,0.0,4,14,"{'G0': True, 'GA': True, 'GB': False, 'GC': False, 'GD': False, 'GE': False, 'GF': False, 'GH': False}",replay,True,True,False,False,2026-03-07T09:52:31+00:00,2026-03-07T09:52:32.400306+00:00,0.1.0,113aead,1457.0,0.016005558013916017,0.0919,,,,,,,,1.0,,,,,1.0,,,1.0,0.0,0.0,,,,0.08544,0.7918035138558965,8.99188652467192
ideal_e1_review_lih_vqe_B1_cad8_seed11,lih_vqe,embedded_review_large_active_space,ideal,e1_review,11,,B1,cadence_sweep,full_contract,parallel_fs,parallel_fs,,0.0,8,14,"{'G0': True, 'GA': True, 'GB': False, 'GC': False, 'GD': False, 'GE': False, 'GF': False, 'GH': False}",replay,True,True,False,False,2026-03-22T09:07:07+00:00,2026-03-22T09:07:08.400306+00:00,0.1.0,113aead,1457.0,0.016005558013916017,0.0919,,,,,,,,1.0,,,,,1.0,,,1.0,0.0,0.0,,,,0.19936000000000004,1.8475415323304256,8.99188652467192
ideal_e1_review_lih_vqe_B1_cad8_seed17,lih_vqe,embedded_review_large_active_space,ideal,e1_review,17,,B1,cadence_sweep,full_contract,parallel_fs,parallel_fs,,0.0,8,14,"{'G0': True, 'GA': True, 'GB': False, 'GC': False, 'GD': False, 'GE': False, 'GF': False, 'GH': False}",replay,True,True,False,False,2026-03-08T00:44:33+00:00,2026-03-08T00:44:34.400306+00:00,0.1.0,113aead,1457.0,0.016005558013916017,0.0919,,,,,,,,1.0,,,,,1.0,,,1.0,0.0,0.0,,,,0.19936000000000004,1.8475415323304256,8.99188652467192
ideal_e1_review_lih_vqe_B1_cad8_seed23,lih_vqe,embedded_review_large_active_space,ideal,e1_review,23,,B1,cadence_sweep,full_contract,parallel_fs,parallel_fs,,0.0,8,14,"{'G0': True, 'GA': True, 'GB': False, 'GC': False, 'GD': False, 'GE': False, 'GF': False, 'GH': False}",replay,True,True,False,False,2026-03-18T13:58:51+00:00,2026-03-18T13:58:52.400306+00:00,0.1.0,113aead,1457.0,0.016005558013916017,0.0919,,,,,,,,1.0,,,,,1.0,,,1.0,0.0,0.0,,,,0.19936000000000004,1.8475415323304256,8.99188652467192
ideal_e1_review_lih_vqe_B1_cad8_seed31,lih_vqe,embedded_review_large_active_space,ideal,e1_review,31,,B1,cadence_sweep,full_contract,parallel_fs,parallel_fs,,0.0,8,14,"{'G0': True, 'GA': True, 'GB': False, 'GC': False, 'GD': False, 'GE': False, 'GF': False, 'GH': False}",replay,True,True,False,False,2026-03-01T01:48:14+00:00,2026-03-01T01:48:15.400306+00:00,0.1.0,113aead,1457.0,0.016005558013916017,0.0919,,,,,,,,1.0,,,,,1.0,,,1.0,0.0,0.0,,,,0.19936000000000004,1.8475415323304256,8.99188652467192
ideal_e1_review_lih_vqe_B1_cad8_seed43,lih_vqe,embedded_review_large_active_space,ideal,e1_review,43,,B1,cadence_sweep,full_contract,parallel_fs,parallel_fs,,0.0,8,14,"{'G0': True, 'GA': True, 'GB': False, 'GC': False, 'GD': False, 'GE': False, 'GF': False, 'GH': False}",replay,True,True,False,False,2026-03-01T22:14:56+00:00,2026-03-01T22:14:57.400306+00:00,0.1.0,113aead,1457.0,0.016005558013916017,0.0919,,,,,,,,1.0,,,,,1.0,,,1.0,0.0,0.0,,,,0.19936000000000004,1.8475415323304256,8.99188652467192
ideal_e1_review_lih_vqe_B1_cad8_seed59,lih_vqe,embedded_review_large_active_space,ideal,e1_review,59,,B1,cadence_sweep,full_contract,parallel_fs,parallel_fs,,0.0,8,14,"{'G0': True, 'GA': True, 'GB': False, 'GC': False, 'GD': False, 'GE': False, 'GF': False, 'GH': False}",replay,True,True,False,False,2026-03-09T21:51:36+00:00,2026-03-09T21:51:37.400306+00:00,0.1.0,113aead,1457.0,0.016005558013916017,0.0919,,,,,,,,1.0,,,,,1.0,,,1.0,0.0,0.0,,,,0.19936000000000004,1.8475415323304256,8.99188652467192
ideal_e1_review_lih_vqe_B1_cad8_seed71,lih_vqe,embedded_review_large_active_space,ideal,e1_review,71,,B1,cadence_sweep,full_contract,parallel_fs,parallel_fs,,0.0,8,14,"{'G0': True, 'GA': True, 'GB': False, 'GC': False, 'GD': False, 'GE': False, 'GF': False, 'GH': False}",replay,True,True,False,False,2026-03-23T17:27:45+00:00,2026-03-23T17:27:46.400306+00:00,0.1.0,113aead,1457.0,0.016005558013916017,0.0919,,,,,,,,1.0,,,,,1.0,,,1.0,0.0,0.0,,,,0.19936000000000004,1.8475415323304256,8.99188652467192
ideal_e1_review_lih_vqe_B1_cad8_seed83,lih_vqe,embedded_review_large_active_space,ideal,e1_review,83,,B1,cadence_sweep,full_contract,parallel_fs,parallel_fs,,0.0,8,14,"{'G0': True, 'GA': True, 'GB': False, 'GC': False, 'GD': False, 'GE': False, 'GF': False, 'GH': False}",replay,True,True,False,False,2026-03-15T09:06:29+00:00,2026-03-15T09:06:30.400306+00:00,0.1.0,113aead,1457.0,0.016005558013916017,0.0919,,,,,,,,1.0,,,,,1.0,,,1.0,0.0,0.0,,,,0.19936000000000004,1.8475415323304256,8.99188652467192
ideal_e1_review_lih_vqe_B1_cad16_seed11,lih_vqe,embedded_review_large_active_space,ideal,e1_review,11,,B1,cadence_sweep,full_contract,parallel_fs,parallel_fs,,0.0,16,14,"{'G0': True, 'GA': True, 'GB': False, 'GC': False, 'GD': False, 'GE': False, 'GF': False, 'GH': False}",replay,True,True,False,False,2026-03-11T18:07:50+00:00,2026-03-11T18:07:51.400306+00:00,0.1.0,113aead,1457.0,0.016005558013916017,0.0919,,,,,,,,1.0,,,,,1.0,,,1.0,0.0,0.0,,,,0.4272,3.959017569279483,8.99188652467192
ideal_e1_review_lih_vqe_B1_cad16_seed17,lih_vqe,embedded_review_large_active_space,ideal,e1_review,17,,B1,cadence_sweep,full_contract,parallel_fs,parallel_fs,,0.0,16,14,"{'G0': True, 'GA': True, 'GB': False, 'GC': False, 'GD': False, 'GE': False, 'GF': False, 'GH': False}",replay,True,True,False,False,2026-03-21T10:32:49+00:00,2026-03-21T10:32:50.400306+00:00,0.1.0,113aead,1457.0,0.016005558013916017,0.0919,,,,,,,,1.0,,,,,1.0,,,1.0,0.0,0.0,,,,0.4272,3.959017569279483,8.99188652467192
ideal_e1_review_lih_vqe_B1_cad16_seed23,lih_vqe,embedded_review_large_active_space,ideal,e1_review,23,,B1,cadence_sweep,full_contract,parallel_fs,parallel_fs,,0.0,16,14,"{'G0': True, 'GA': True, 'GB': False, 'GC': False, 'GD': False, 'GE': False, 'GF': False, 'GH': False}",replay,True,True,False,False,2026-03-02T01:02:02+00:00,2026-03-02T01:02:03.400306+00:00,0.1.0,113aead,1457.0,0.016005558013916017,0.0919,,,,,,,,1.0,,,,,1.0,,,1.0,0.0,0.0,,,,0.4272,3.959017569279483,8.99188652467192
ideal_e1_review_lih_vqe_B1_cad16_seed31,lih_vqe,embedded_review_large_active_space,ideal,e1_review,31,,B1,cadence_sweep,full_contract,parallel_fs,parallel_fs,,0.0,16,14,"{'G0': True, 'GA': True, 'GB': False, 'GC': False, 'GD': False, 'GE': False, 'GF': False, 'GH': False}",replay,True,True,False,False,2026-03-05T19:26:47+00:00,2026-03-05T19:26:48.400306+00:00,0.1.0,113aead,1457.0,0.016005558013916017,0.0919,,,,,,,,1.0,,,,,1.0,,,1.0,0.0,0.0,,,,0.4272,3.959017569279483,8.99188652467192
ideal_e1_review_lih_vqe_B1_cad16_seed43,lih_vqe,embedded_review_large_active_space,ideal,e1_review,43,,B1,cadence_sweep,full_contract,parallel_fs,parallel_fs,,0.0,16,14,"{'G0': True, 'GA': True, 'GB': False, 'GC': False, 'GD': False, 'GE': False, 'GF': False, 'GH': False}",replay,True,True,False,False,2026-03-13T17:06:51+00:00,2026-03-13T17:06:52.400306+00:00,0.1.0,113aead,1457.0,0.016005558013916017,0.0919,,,,,,,,1.0,,,,,1.0,,,1.0,0.0,0.0,,,,0.4272,3.959017569279483,8.99188652467192
ideal_e1_review_lih_vqe_B1_cad16_seed59,lih_vqe,embedded_review_large_active_space,ideal,e1_review,59,,B1,cadence_sweep,full_contract,parallel_fs,parallel_fs,,0.0,16,14,"{'G0': True, 'GA': True, 'GB': False, 'GC': False, 'GD': False, 'GE': False, 'GF': False, 'GH': False}",replay,True,True,False,False,2026-03-06T16:49:34+00:00,2026-03-06T16:49:35.400306+00:00,0.1.0,113aead,1457.0,0.016005558013916017,0.0919,,,,,,,,1.0,,,,,1.0,,,1.0,0.0,0.0,,,,0.4272,3.959017569279483,8.99188652467192
ideal_e1_review_lih_vqe_B1_cad16_seed71,lih_vqe,embedded_review_large_active_space,ideal,e1_review,71,,B1,cadence_sweep,full_contract,parallel_fs,parallel_fs,,0.0,16,14,"{'G0': True, 'GA': True, 'GB': False, 'GC': False, 'GD': False, 'GE': False, 'GF': False, 'GH': False}",replay,True,True,False,False,2026-03-29T19:44:55+00:00,2026-03-29T19:44:56.400306+00:00,0.1.0,113aead,1457.0,0.016005558013916017,0.0919,,,,,,,,1.0,,,,,1.0,,,1.0,0.0,0.0,,,,0.4272,3.959017569279483,8.99188652467192
ideal_e1_review_lih_vqe_B1_cad16_seed83,lih_vqe,embedded_review_large_active_space,ideal,e1_review,83,,B1,cadence_sweep,full_contract,parallel_fs,parallel_fs,,0.0,16,14,"{'G0': True, 'GA': True, 'GB': False, 'GC': False, 'GD': False, 'GE': False, 'GF': False, 'GH': False}",replay,True,True,False,False,2026-03-12T10:09:35+00:00,2026-03-12T10:09:36.400306+00:00,0.1.0,113aead,1457.0,0.016005558013916017,0.0919,,,,,,,,1.0,,,,,1.0,,,1.0,0.0,0.0,,,,0.4272,3.959017569279483,8.99188652467192
ideal_e1_review_lih_vqe_B2_cad1_seed11,lih_vqe,embedded_review_large_active_space,ideal,e1_review,11,,B2,cadence_sweep,full_contract,parallel_fs,parallel_fs,,0.0,1,14,"{'G0': True, 'GA': True, 'GB': False, 'GC': False, 'GD': True, 'GE': True, 'GF': False, 'GH': False}",replay,True,True,False,False,2026-03-20T01:59:22+00:00,2026-03-20T01:59:23.400306+00:00,0.1.0,113aead,1696.0,0.0160064697265625,0.0919,,,,,,,,1.0,,,,,1.0,,,1.0,0.0,0.0,,,,0.015260000000000003,0.14141876792623462,7.342417305762614
ideal_e1_review_lih_vqe_B2_cad1_seed17,lih_vqe,embedded_review_large_active_space,ideal,e1_review,17,,B2,cadence_sweep,full_contract,parallel_fs,parallel_fs,,0.0,1,14,"{'G0': True, 'GA': True, 'GB': False, 'GC': False, 'GD': True, 'GE': True, 'GF': False, 'GH': False}",replay,True,True,False,False,2026-03-05T14:06:36+00:00,2026-03-05T14:06:37.400306+00:00,0.1.0,113aead,1696.0,0.0160064697265625,0.0919,,,,,,,,1.0,,,,,1.0,,,1.0,0.0,0.0,,,,0.015260000000000003,0.14141876792623462,7.342417305762614
ideal_e1_review_lih_vqe_B2_cad1_seed23,lih_vqe,embedded_review_large_active_space,ideal,e1_review,23,,B2,cadence_sweep,full_contract,parallel_fs,parallel_fs,,0.0,1,14,"{'G0': True, 'GA': True, 'GB': False, 'GC': False, 'GD': True, 'GE': True, 'GF': False, 'GH': False}",replay,True,True,False,False,2026-03-21T23:23:34+00:00,2026-03-21T23:23:35.400306+00:00,0.1.0,113aead,1696.0,0.0160064697265625,0.0919,,,,,,,,1.0,,,,,1.0,,,1.0,0.0,0.0,,,,0.015260000000000003,0.14141876792623462,7.342417305762614
ideal_e1_review_lih_vqe_B2_cad1_seed31,lih_vqe,embedded_review_large_active_space,ideal,e1_review,31,,B2,cadence_sweep,full_contract,parallel_fs,parallel_fs,,0.0,1,14,"{'G0': True, 'GA': True, 'GB': False, 'GC': False, 'GD': True, 'GE': True, 'GF': False, 'GH': False}",replay,True,True,False,False,2026-03-28T16:27:37+00:00,2026-03-28T16:27:38.400306+00:00,0.1.0,113aead,1696.0,0.0160064697265625,0.0919,,,,,,,,1.0,,,,,1.0,,,1.0,0.0,0.0,,,,0.015260000000000003,0.14141876792623462,7.342417305762614
ideal_e1_review_lih_vqe_B2_cad1_seed43,lih_vqe,embedded_review_large_active_space,ideal,e1_review,43,,B2,cadence_sweep,full_contract,parallel_fs,parallel_fs,,0.0,1,14,"{'G0': True, 'GA': True, 'GB': False, 'GC': False, 'GD': True, 'GE': True, 'GF': False, 'GH': False}",replay,True,True,False,False,2026-03-08T10:07:29+00:00,2026-03-08T10:07:30.400306+00:00,0.1.0,113aead,1696.0,0.0160064697265625,0.0919,,,,,,,,1.0,,,,,1.0,,,1.0,0.0,0.0,,,,0.015260000000000003,0.14141876792623462,7.342417305762614
ideal_e1_review_lih_vqe_B2_cad1_seed59,lih_vqe,embedded_review_large_active_space,ideal,e1_review,59,,B2,cadence_sweep,full_contract,parallel_fs,parallel_fs,,0.0,1,14,"{'G0': True, 'GA': True, 'GB': False, 'GC': False, 'GD': True, 'GE': True, 'GF': False, 'GH': False}",replay,True,True,False,False,2026-03-07T15:54:46+00:00,2026-03-07T15:54:47.400306+00:00,0.1.0,113aead,1696.0,0.0160064697265625,0.0919,,,,,,,,1.0,,,,,1.0,,,1.0,0.0,0.0,,,,0.015260000000000003,0.14141876792623462,7.342417305762614
ideal_e1_review_lih_vqe_B2_cad1_seed71,lih_vqe,embedded_review_large_active_space,ideal,e1_review,71,,B2,cadence_sweep,full_contract,parallel_fs,parallel_fs,,0.0,1,14,"{'G0': True, 'GA': True, 'GB': False, 'GC': False, 'GD': True, 'GE': True, 'GF': False, 'GH': False}",replay,True,True,False,False,2026-03-05T15:40:23+00:00,2026-03-05T15:40:24.400306+00:00,0.1.0,113aead,1696.0,0.0160064697265625,0.0919,,,,,,,,1.0,,,,,1.0,,,1.0,0.0,0.0,,,,0.015260000000000003,0.14141876792623462,7.342417305762614
ideal_e1_review_lih_vqe_B2_cad1_seed83,lih_vqe,embedded_review_large_active_space,ideal,e1_review,83,,B2,cadence_sweep,full_contract,parallel_fs,parallel_fs,,0.0,1,14,"{'G0': True, 'GA': True, 'GB': False, 'GC': False, 'GD': True, 'GE': True, 'GF': False, 'GH': False}",replay,True,True,False,False,2026-03-22T14:49:52+00:00,2026-03-22T14:49:53.400306+00:00,0.1.0,113aead,1696.0,0.0160064697265625,0.0919,,,,,,,,1.0,,,,,1.0,,,1.0,0.0,0.0,,,,0.015260000000000003,0.14141876792623462,7.342417305762614
ideal_e1_review_lih_vqe_B2_cad4_seed11,lih_vqe,embedded_review_large_active_space,ideal,e1_review,11,,B2,cadence_sweep,full_contract,parallel_fs,parallel_fs,,0.0,4,14,"{'G0': True, 'GA': True, 'GB': False, 'GC': False, 'GD': True, 'GE': True, 'GF': False, 'GH': False}",replay,True,True,False,False,2026-03-22T11:55:19+00:00,2026-03-22T11:55:20.400306+00:00,0.1.0,113aead,1696.0,0.0160064697265625,0.0919,,,,,,,,1.0,,,,,1.0,,,1.0,0.0,0.0,,,,0.18312000000000003,1.6970252151148153,7.342417305762614
ideal_e1_review_lih_vqe_B2_cad4_seed17,lih_vqe,embedded_review_large_active_space,ideal,e1_review,17,,B2,cadence_sweep,full_contract,parallel_fs,parallel_fs,,0.0,4,14,"{'G0': True, 'GA': True, 'GB': False, 'GC': False, 'GD': True, 'GE': True, 'GF': False, 'GH': False}",replay,True,True,False,False,2026-03-30T05:06:19+00:00,2026-03-30T05:06:20.400306+00:00,0.1.0,113aead,1696.0,0.0160064697265625,0.0919,,,,,,,,1.0,,,,,1.0,,,1.0,0.0,0.0,,,,0.18312000000000003,1.6970252151148153,7.342417305762614
ideal_e1_review_lih_vqe_B2_cad4_seed23,lih_vqe,embedded_review_large_active_space,ideal,e1_review,23,,B2,cadence_sweep,full_contract,parallel_fs,parallel_fs,,0.0,4,14,"{'G0': True, 'GA': True, 'GB': False, 'GC': False, 'GD': True, 'GE': True, 'GF': False, 'GH': False}",replay,True,True,False,False,2026-03-13T16:37:03+00:00,2026-03-13T16:37:04.400306+00:00,0.1.0,113aead,1696.0,0.0160064697265625,0.0919,,,,,,,,1.0,,,,,1.0,,,1.0,0.0,0.0,,,,0.18312000000000003,1.6970252151148153,7.342417305762614
ideal_e1_review_lih_vqe_B2_cad4_seed31,lih_vqe,embedded_review_large_active_space,ideal,e1_review,31,,B2,cadence_sweep,full_contract,parallel_fs,parallel_fs,,0.0,4,14,"{'G0': True, 'GA': True, 'GB': False, 'GC': False, 'GD': True, 'GE': True, 'GF': False, 'GH': False}",replay,True,True,False,False,2026-03-15T08:38:11+00:00,2026-03-15T08:38:12.400306+00:00,0.1.0,113aead,1696.0,0.0160064697265625,0.0919,,,,,,,,1.0,,,,,1.0,,,1.0,0.0,0.0,,,,0.18312000000000003,1.6970252151148153,7.342417305762614
ideal_e1_review_lih_vqe_B2_cad4_seed43,lih_vqe,embedded_review_large_active_space,ideal,e1_review,43,,B2,cadence_sweep,full_contract,parallel_fs,parallel_fs,,0.0,4,14,"{'G0': True, 'GA': True, 'GB': False, 'GC': False, 'GD': True, 'GE': True, 'GF': False, 'GH': False}",replay,True,True,False,False,2026-03-10T12:09:09+00:00,2026-03-10T12:09:10.400306+00:00,0.1.0,113aead,1696.0,0.0160064697265625,0.0919,,,,,,,,1.0,,,,,1.0,,,1.0,0.0,0.0,,,,0.18312000000000003,1.6970252151148153,7.342417305762614
ideal_e1_review_lih_vqe_B2_cad4_seed59,lih_vqe,embedded_review_large_active_space,ideal,e1_review,59,,B2,cadence_sweep,full_contract,parallel_fs,parallel_fs,,0.0,4,14,"{'G0': True, 'GA': True, 'GB': False, 'GC': False, 'GD': True, 'GE': True, 'GF': False, 'GH': False}",replay,True,True,False,False,2026-03-16T03:17:41+00:00,2026-03-16T03:17:42.400306+00:00,0.1.0,113aead,1696.0,0.0160064697265625,0.0919,,,,,,,,1.0,,,,,1.0,,,1.0,0.0,0.0,,,,0.18312000000000003,1.6970252151148153,7.342417305762614
ideal_e1_review_lih_vqe_B2_cad4_seed71,lih_vqe,embedded_review_large_active_space,ideal,e1_review,71,,B2,cadence_sweep,full_contract,parallel_fs,parallel_fs,,0.0,4,14,"{'G0': True, 'GA': True, 'GB': False, 'GC': False, 'GD': True, 'GE': True, 'GF': False, 'GH': False}",replay,True,True,False,False,2026-03-24T07:12:21+00:00,2026-03-24T07:12:22.400306+00:00,0.1.0,113aead,1696.0,0.0160064697265625,0.0919,,,,,,,,1.0,,,,,1.0,,,1.0,0.0,0.0,,,,0.18312000000000003,1.6970252151148153,7.342417305762614
ideal_e1_review_lih_vqe_B2_cad4_seed83,lih_vqe,embedded_review_large_active_space,ideal,e1_review,83,,B2,cadence_sweep,full_contract,parallel_fs,parallel_fs,,0.0,4,14,"{'G0': True, 'GA': True, 'GB': False, 'GC': False, 'GD': True, 'GE': True, 'GF': False, 'GH': False}",replay,True,True,False,False,2026-03-05T22:20:07+00:00,2026-03-05T22:20:08.400306+00:00,0.1.0,113aead,1696.0,0.0160064697265625,0.0919,,,,,,,,1.0,,,,,1.0,,,1.0,0.0,0.0,,,,0.18312000000000003,1.6970252151148153,7.342417305762614
ideal_e1_review_lih_vqe_B2_cad8_seed11,lih_vqe,embedded_review_large_active_space,ideal,e1_review,11,,B2,cadence_sweep,full_contract,parallel_fs,parallel_fs,,0.0,8,14,"{'G0': True, 'GA': True, 'GB': False, 'GC': False, 'GD': True, 'GE': True, 'GF': False, 'GH': False}",replay,True,True,False,False,2026-03-16T22:28:11+00:00,2026-03-16T22:28:12.400306+00:00,0.1.0,113aead,1696.0,0.0160064697265625,0.0919,,,,,,,,1.0,,,,,1.0,,,1.0,0.0,0.0,,,,0.4272800000000001,3.9597255019345696,7.342417305762614
ideal_e1_review_lih_vqe_B2_cad8_seed17,lih_vqe,embedded_review_large_active_space,ideal,e1_review,17,,B2,cadence_sweep,full_contract,parallel_fs,parallel_fs,,0.0,8,14,"{'G0': True, 'GA': True, 'GB': False, 'GC': False, 'GD': True, 'GE': True, 'GF': False, 'GH': False}",replay,True,True,False,False,2026-03-11T08:58:39+00:00,2026-03-11T08:58:40.400306+00:00,0.1.0,113aead,1696.0,0.0160064697265625,0.0919,,,,,,,,1.0,,,,,1.0,,,1.0,0.0,0.0,,,,0.4272800000000001,3.9597255019345696,7.342417305762614
ideal_e1_review_lih_vqe_B2_cad8_seed23,lih_vqe,embedded_review_large_active_space,ideal,e1_review,23,,B2,cadence_sweep,full_contract,parallel_fs,parallel_fs,,0.0,8,14,"{'G0': True, 'GA': True, 'GB': False, 'GC': False, 'GD': True, 'GE': True, 'GF': False, 'GH': False}",replay,True,True,False,False,2026-03-23T22:19:35+00:00,2026-03-23T22:19:36.400306+00:00,0.1.0,113aead,1696.0,0.0160064697265625,0.0919,,,,,,,,1.0,,,,,1.0,,,1.0,0.0,0.0,,,,0.4272800000000001,3.9597255019345696,7.342417305762614
ideal_e1_review_lih_vqe_B2_cad8_seed31,lih_vqe,embedded_review_large_active_space,ideal,e1_review,31,,B2,cadence_sweep,full_contract,parallel_fs,parallel_fs,,0.0,8,14,"{'G0': True, 'GA': True, 'GB': False, 'GC': False, 'GD': True, 'GE': True, 'GF': False, 'GH': False}",replay,True,True,False,False,2026-03-26T22:46:21+00:00,2026-03-26T22:46:22.400306+00:00,0.1.0,113aead,1696.0,0.0160064697265625,0.0919,,,,,,,,1.0,,,,,1.0,,,1.0,0.0,0.0,,,,0.4272800000000001,3.9597255019345696,7.342417305762614
ideal_e1_review_lih_vqe_B2_cad8_seed43,lih_vqe,embedded_review_large_active_space,ideal,e1_review,43,,B2,cadence_sweep,full_contract,parallel_fs,parallel_fs,,0.0,8,14,"{'G0': True, 'GA': True, 'GB': False, 'GC': False, 'GD': True, 'GE': True, 'GF': False, 'GH': False}",replay,True,True,False,False,2026-03-16T14:56:59+00:00,2026-03-16T14:57:00.400306+00:00,0.1.0,113aead,1696.0,0.0160064697265625,0.0919,,,,,,,,1.0,,,,,1.0,,,1.0,0.0,0.0,,,,0.4272800000000001,3.9597255019345696,7.342417305762614
ideal_e1_review_lih_vqe_B2_cad8_seed59,lih_vqe,embedded_review_large_active_space,ideal,e1_review,59,,B2,cadence_sweep,full_contract,parallel_fs,parallel_fs,,0.0,8,14,"{'G0': True, 'GA': True, 'GB': False, 'GC': False, 'GD': True, 'GE': True, 'GF': False, 'GH': False}",replay,True,True,False,False,2026-03-26T18:37:49+00:00,2026-03-26T18:37:50.400306+00:00,0.1.0,113aead,1696.0,0.0160064697265625,0.0919,,,,,,,,1.0,,,,,1.0,,,1.0,0.0,0.0,,,,0.4272800000000001,3.9597255019345696,7.342417305762614
ideal_e1_review_lih_vqe_B2_cad8_seed71,lih_vqe,embedded_review_large_active_space,ideal,e1_review,71,,B2,cadence_sweep,full_contract,parallel_fs,parallel_fs,,0.0,8,14,"{'G0': True, 'GA': True, 'GB': False, 'GC': False, 'GD': True, 'GE': True, 'GF': False, 'GH': False}",replay,True,True,False,False,2026-03-06T04:29:29+00:00,2026-03-06T04:29:30.400306+00:00,0.1.0,113aead,1696.0,0.0160064697265625,0.0919,,,,,,,,1.0,,,,,1.0,,,1.0,0.0,0.0,,,,0.4272800000000001,3.9597255019345696,7.342417305762614
ideal_e1_review_lih_vqe_B2_cad8_seed83,lih_vqe,embedded_review_large_active_space,ideal,e1_review,83,,B2,cadence_sweep,full_contract,parallel_fs,parallel_fs,,0.0,8,14,"{'G0': True, 'GA': True, 'GB': False, 'GC': False, 'GD': True, 'GE': True, 'GF': False, 'GH': False}",replay,True,True,False,False,2026-03-21T13:49:17+00:00,2026-03-21T13:49:18.400306+00:00,0.1.0,113aead,1696.0,0.0160064697265625,0.0919,,,,,,,,1.0,,,,,1.0,,,1.0,0.0,0.0,,,,0.4272800000000001,3.9597255019345696,7.342417305762614
ideal_e1_review_lih_vqe_B2_cad16_seed11,lih_vqe,embedded_review_large_active_space,ideal,e1_review,11,,B2,cadence_sweep,full_contract,parallel_fs,parallel_fs,,0.0,16,14,"{'G0': True, 'GA': True, 'GB': False, 'GC': False, 'GD': True, 'GE': True, 'GF': False, 'GH': False}",replay,True,True,False,False,2026-03-14T01:09:49+00:00,2026-03-14T01:09:50.400306+00:00,0.1.0,113aead,1696.0,0.0160064697265625,0.0919,,,,,,,,1.0,,,,,1.0,,,1.0,0.0,0.0,,,,0.9156000000000002,8.485126075574078,7.342417305762614
ideal_e1_review_lih_vqe_B2_cad16_seed17,lih_vqe,embedded_review_large_active_space,ideal,e1_review,17,,B2,cadence_sweep,full_contract,parallel_fs,parallel_fs,,0.0,16,14,"{'G0': True, 'GA': True, 'GB': False, 'GC': False, 'GD': True, 'GE': True, 'GF': False, 'GH': False}",replay,True,True,False,False,2026-03-30T23:42:40+00:00,2026-03-30T23:42:41.400306+00:00,0.1.0,113aead,1696.0,0.0160064697265625,0.0919,,,,,,,,1.0,,,,,1.0,,,1.0,0.0,0.0,,,,0.9156000000000002,8.485126075574078,7.342417305762614
ideal_e1_review_lih_vqe_B2_cad16_seed23,lih_vqe,embedded_review_large_active_space,ideal,e1_review,23,,B2,cadence_sweep,full_contract,parallel_fs,parallel_fs,,0.0,16,14,"{'G0': True, 'GA': True, 'GB': False, 'GC': False, 'GD': True, 'GE': True, 'GF': False, 'GH': False}",replay,True,True,False,False,2026-03-08T08:25:58+00:00,2026-03-08T08:25:59.400306+00:00,0.1.0,113aead,1696.0,0.0160064697265625,0.0919,,,,,,,,1.0,,,,,1.0,,,1.0,0.0,0.0,,,,0.9156000000000002,8.485126075574078,7.342417305762614
ideal_e1_review_lih_vqe_B2_cad16_seed31,lih_vqe,embedded_review_large_active_space,ideal,e1_review,31,,B2,cadence_sweep,full_contract,parallel_fs,parallel_fs,,0.0,16,14,"{'G0': True, 'GA': True, 'GB': False, 'GC': False, 'GD': True, 'GE': True, 'GF': False, 'GH': False}",replay,True,True,False,False,2026-03-22T05:50:16+00:00,2026-03-22T05:50:17.400306+00:00,0.1.0,113aead,1696.0,0.0160064697265625,0.0919,,,,,,,,1.0,,,,,1.0,,,1.0,0.0,0.0,,,,0.9156000000000002,8.485126075574078,7.342417305762614
ideal_e1_review_lih_vqe_B2_cad16_seed43,lih_vqe,embedded_review_large_active_space,ideal,e1_review,43,,B2,cadence_sweep,full_contract,parallel_fs,parallel_fs,,0.0,16,14,"{'G0': True, 'GA': True, 'GB': False, 'GC': False, 'GD': True, 'GE': True, 'GF': False, 'GH': False}",replay,True,True,False,False,2026-03-29T12:24:32+00:00,2026-03-29T12:24:33.400306+00:00,0.1.0,113aead,1696.0,0.0160064697265625,0.0919,,,,,,,,1.0,,,,,1.0,,,1.0,0.0,0.0,,,,0.9156000000000002,8.485126075574078,7.342417305762614
ideal_e1_review_lih_vqe_B2_cad16_seed59,lih_vqe,embedded_review_large_active_space,ideal,e1_review,59,,B2,cadence_sweep,full_contract,parallel_fs,parallel_fs,,0.0,16,14,"{'G0': True, 'GA': True, 'GB': False, 'GC': False, 'GD': True, 'GE': True, 'GF': False, 'GH': False}",replay,True,True,False,False,2026-03-12T07:34:54+00:00,2026-03-12T07:34:55.400306+00:00,0.1.0,113aead,1696.0,0.0160064697265625,0.0919,,,,,,,,1.0,,,,,1.0,,,1.0,0.0,0.0,,,,0.9156000000000002,8.485126075574078,7.342417305762614
ideal_e1_review_lih_vqe_B2_cad16_seed71,lih_vqe,embedded_review_large_active_space,ideal,e1_review,71,,B2,cadence_sweep,full_contract,parallel_fs,parallel_fs,,0.0,16,14,"{'G0': True, 'GA': True, 'GB': False, 'GC': False, 'GD': True, 'GE': True, 'GF': False, 'GH': False}",replay,True,True,False,False,2026-03-28T00:19:53+00:00,2026-03-28T00:19:54.400306+00:00,0.1.0,113aead,1696.0,0.0160064697265625,0.0919,,,,,,,,1.0,,,,,1.0,,,1.0,0.0,0.0,,,,0.9156000000000002,8.485126075574078,7.342417305762614
ideal_e1_review_lih_vqe_B2_cad16_seed83,lih_vqe,embedded_review_large_active_space,ideal,e1_review,83,,B2,cadence_sweep,full_contract,parallel_fs,parallel_fs,,0.0,16,14,"{'G0': True, 'GA': True, 'GB': False, 'GC': False, 'GD': True, 'GE': True, 'GF': False, 'GH': False}",replay,True,True,False,False,2026-03-30T16:44:07+00:00,2026-03-30T16:44:08.400306+00:00,0.1.0,113aead,1696.0,0.0160064697265625,0.0919,,,,,,,,1.0,,,,,1.0,,,1.0,0.0,0.0,,,,0.9156000000000002,8.485126075574078,7.342417305762614
ideal_e1_review_lih_vqe_B3_cad1_seed11,lih_vqe,embedded_review_large_active_space,ideal,e1_review,11,,B3,cadence_sweep,full_contract,parallel_fs,parallel_fs,,0.0,1,14,"{'G0': True, 'GA': True, 'GB': False, 'GC': True, 'GD': True, 'GE': True, 'GF': True, 'GH': False}",replay,True,True,False,False,2026-03-22T22:15:39+00:00,2026-03-22T22:15:40.345223+00:00,0.1.0,113aead,6057.0,0.01602310562133789,0.0368,,,,,,,,1.0,,,,,1.0,,,1.0,0.0,0.0,,,,0.034,0.6436577251577897,5.890847654903635
ideal_e1_review_lih_vqe_B3_cad1_seed17,lih_vqe,embedded_review_large_active_space,ideal,e1_review,17,,B3,cadence_sweep,full_contract,parallel_fs,parallel_fs,,0.0,1,14,"{'G0': True, 'GA': True, 'GB': False, 'GC': True, 'GD': True, 'GE': True, 'GF': True, 'GH': False}",replay,True,True,False,False,2026-03-16T01:07:39+00:00,2026-03-16T01:07:40.345223+00:00,0.1.0,113aead,6057.0,0.01602310562133789,0.0368,,,,,,,,1.0,,,,,1.0,,,1.0,0.0,0.0,,,,0.034,0.6436577251577897,5.890847654903635
ideal_e1_review_lih_vqe_B3_cad1_seed23,lih_vqe,embedded_review_large_active_space,ideal,e1_review,23,,B3,cadence_sweep,full_contract,parallel_fs,parallel_fs,,0.0,1,14,"{'G0': True, 'GA': True, 'GB': False, 'GC': True, 'GD': True, 'GE': True, 'GF': True, 'GH': False}",replay,True,True,False,False,2026-03-14T08:48:18+00:00,2026-03-14T08:48:19.345223+00:00,0.1.0,113aead,6057.0,0.01602310562133789,0.0368,,,,,,,,1.0,,,,,1.0,,,1.0,0.0,0.0,,,,0.034,0.6436577251577897,5.890847654903635
ideal_e1_review_lih_vqe_B3_cad1_seed31,lih_vqe,embedded_review_large_active_space,ideal,e1_review,31,,B3,cadence_sweep,full_contract,parallel_fs,parallel_fs,,0.0,1,14,"{'G0': True, 'GA': True, 'GB': False, 'GC': True, 'GD': True, 'GE': True, 'GF': True, 'GH': False}",replay,True,True,False,False,2026-03-26T06:10:58+00:00,2026-03-26T06:10:59.345223+00:00,0.1.0,113aead,6057.0,0.01602310562133789,0.0368,,,,,,,,1.0,,,,,1.0,,,1.0,0.0,0.0,,,,0.034,0.6436577251577897,5.890847654903635
ideal_e1_review_lih_vqe_B3_cad1_seed43,lih_vqe,embedded_review_large_active_space,ideal,e1_review,43,,B3,cadence_sweep,full_contract,parallel_fs,parallel_fs,,0.0,1,14,"{'G0': True, 'GA': True, 'GB': False, 'GC': True, 'GD': True, 'GE': True, 'GF': True, 'GH': False}",replay,True,True,False,False,2026-03-13T15:19:52+00:00,2026-03-13T15:19:53.345223+00:00,0.1.0,113aead,6057.0,0.01602310562133789,0.0368,,,,,,,,1.0,,,,,1.0,,,1.0,0.0,0.0,,,,0.034,0.6436577251577897,5.890847654903635
ideal_e1_review_lih_vqe_B3_cad1_seed59,lih_vqe,embedded_review_large_active_space,ideal,e1_review,59,,B3,cadence_sweep,full_contract,parallel_fs,parallel_fs,,0.0,1,14,"{'G0': True, 'GA': True, 'GB': False, 'GC': True, 'GD': True, 'GE': True, 'GF': True, 'GH': False}",replay,True,True,False,False,2026-03-06T20:25:40+00:00,2026-03-06T20:25:41.345223+00:00,0.1.0,113aead,6057.0,0.01602310562133789,0.0368,,,,,,,,1.0,,,,,1.0,,,1.0,0.0,0.0,,,,0.034,0.6436577251577897,5.890847654903635
ideal_e1_review_lih_vqe_B3_cad1_seed71,lih_vqe,embedded_review_large_active_space,ideal,e1_review,71,,B3,cadence_sweep,full_contract,parallel_fs,parallel_fs,,0.0,1,14,"{'G0': True, 'GA': True, 'GB': False, 'GC': True, 'GD': True, 'GE': True, 'GF': True, 'GH': False}",replay,True,True,False,False,2026-03-15T22:15:08+00:00,2026-03-15T22:15:09.345223+00:00,0.1.0,113aead,6057.0,0.01602310562133789,0.0368,,,,,,,,1.0,,,,,1.0,,,1.0,0.0,0.0,,,,0.034,0.6436577251577897,5.890847654903635
ideal_e1_review_lih_vqe_B3_cad1_seed83,lih_vqe,embedded_review_large_active_space,ideal,e1_review,83,,B3,cadence_sweep,full_contract,parallel_fs,parallel_fs,,0.0,1,14,"{'G0': True, 'GA': True, 'GB': False, 'GC': True, 'GD': True, 'GE': True, 'GF': True, 'GH': False}",replay,True,True,False,False,2026-03-29T21:30:45+00:00,2026-03-29T21:30:46.345223+00:00,0.1.0,113aead,6057.0,0.01602310562133789,0.0368,,,,,,,,1.0,,,,,1.0,,,1.0,0.0,0.0,,,,0.034,0.6436577251577897,5.890847654903635
ideal_e1_review_lih_vqe_B3_cad4_seed11,lih_vqe,embedded_review_large_active_space,ideal,e1_review,11,,B3,cadence_sweep,full_contract,parallel_fs,parallel_fs,,0.0,4,14,"{'G0': True, 'GA': True, 'GB': False, 'GC': True, 'GD': True, 'GE': True, 'GF': True, 'GH': False}",replay,True,True,False,False,2026-03-28T22:12:16+00:00,2026-03-28T22:12:17.345223+00:00,0.1.0,113aead,6057.0,0.01602310562133789,0.0368,,,,,,,,1.0,,,,,1.0,,,1.0,0.0,0.0,,,,0.40800000000000003,7.723892701893477,5.890847654903635
ideal_e1_review_lih_vqe_B3_cad4_seed17,lih_vqe,embedded_review_large_active_space,ideal,e1_review,17,,B3,cadence_sweep,full_contract,parallel_fs,parallel_fs,,0.0,4,14,"{'G0': True, 'GA': True, 'GB': False, 'GC': True, 'GD': True, 'GE': True, 'GF': True, 'GH': False}",replay,True,True,False,False,2026-03-14T05:17:34+00:00,2026-03-14T05:17:35.345223+00:00,0.1.0,113aead,6057.0,0.01602310562133789,0.0368,,,,,,,,1.0,,,,,1.0,,,1.0,0.0,0.0,,,,0.40800000000000003,7.723892701893477,5.890847654903635
ideal_e1_review_lih_vqe_B3_cad4_seed23,lih_vqe,embedded_review_large_active_space,ideal,e1_review,23,,B3,cadence_sweep,full_contract,parallel_fs,parallel_fs,,0.0,4,14,"{'G0': True, 'GA': True, 'GB': False, 'GC': True, 'GD': True, 'GE': True, 'GF': True, 'GH': False}",replay,True,True,False,False,2026-03-21T06:50:28+00:00,2026-03-21T06:50:29.345223+00:00,0.1.0,113aead,6057.0,0.01602310562133789,0.0368,,,,,,,,1.0,,,,,1.0,,,1.0,0.0,0.0,,,,0.40800000000000003,7.723892701893477,5.890847654903635
ideal_e1_review_lih_vqe_B3_cad4_seed31,lih_vqe,embedded_review_large_active_space,ideal,e1_review,31,,B3,cadence_sweep,full_contract,parallel_fs,parallel_fs,,0.0,4,14,"{'G0': True, 'GA': True, 'GB': False, 'GC': True, 'GD': True, 'GE': True, 'GF': True, 'GH': False}",replay,True,True,False,False,2026-03-23T02:43:35+00:00,2026-03-23T02:43:36.345223+00:00,0.1.0,113aead,6057.0,0.01602310562133789,0.0368,,,,,,,,1.0,,,,,1.0,,,1.0,0.0,0.0,,,,0.40800000000000003,7.723892701893477,5.890847654903635
ideal_e1_review_lih_vqe_B3_cad4_seed43,lih_vqe,embedded_review_large_active_space,ideal,e1_review,43,,B3,cadence_sweep,full_contract,parallel_fs,parallel_fs,,0.0,4,14,"{'G0': True, 'GA': True, 'GB': False, 'GC': True, 'GD': True, 'GE': True, 'GF': True, 'GH': False}",replay,True,True,False,False,2026-03-01T12:38:18+00:00,2026-03-01T12:38:19.345223+00:00,0.1.0,113aead,6057.0,0.01602310562133789,0.0368,,,,,,,,1.0,,,,,1.0,,,1.0,0.0,0.0,,,,0.40800000000000003,7.723892701893477,5.890847654903635
ideal_e1_review_lih_vqe_B3_cad4_seed59,lih_vqe,embedded_review_large_active_space,ideal,e1_review,59,,B3,cadence_sweep,full_contract,parallel_fs,parallel_fs,,0.0,4,14,"{'G0': True, 'GA': True, 'GB': False, 'GC': True, 'GD': True, 'GE': True, 'GF': True, 'GH': False}",replay,True,True,False,False,2026-03-11T01:25:13+00:00,2026-03-11T01:25:14.345223+00:00,0.1.0,113aead,6057.0,0.01602310562133789,0.0368,,,,,,,,1.0,,,,,1.0,,,1.0,0.0,0.0,,,,0.40800000000000003,7.723892701893477,5.890847654903635
ideal_e1_review_lih_vqe_B3_cad4_seed71,lih_vqe,embedded_review_large_active_space,ideal,e1_review,71,,B3,cadence_sweep,full_contract,parallel_fs,parallel_fs,,0.0,4,14,"{'G0': True, 'GA': True, 'GB': False, 'GC': True, 'GD': True, 'GE': True, 'GF': True, 'GH': False}",replay,True,True,False,False,2026-03-05T00:44:51+00:00,2026-03-05T00:44:52.345223+00:00,0.1.0,113aead,6057.0,0.01602310562133789,0.0368,,,,,,,,1.0,,,,,1.0,,,1.0,0.0,0.0,,,,0.40800000000000003,7.723892701893477,5.890847654903635
ideal_e1_review_lih_vqe_B3_cad4_seed83,lih_vqe,embedded_review_large_active_space,ideal,e1_review,83,,B3,cadence_sweep,full_contract,parallel_fs,parallel_fs,,0.0,4,14,"{'G0': True, 'GA': True, 'GB': False, 'GC': True, 'GD': True, 'GE': True, 'GF': True, 'GH': False}",replay,True,True,False,False,2026-03-11T00:15:08+00:00,2026-03-11T00:15:09.345223+00:00,0.1.0,113aead,6057.0,0.01602310562133789,0.0368,,,,,,,,1.0,,,,,1.0,,,1.0,0.0,0.0,,,,0.40800000000000003,7.723892701893477,5.890847654903635
ideal_e1_review_lih_vqe_B3_cad8_seed11,lih_vqe,embedded_review_large_active_space,ideal,e1_review,11,,B3,cadence_sweep,full_contract,parallel_fs,parallel_fs,,0.0,8,14,"{'G0': True, 'GA': True, 'GB': False, 'GC': True, 'GD': True, 'GE': True, 'GF': True, 'GH': False}",replay,True,True,False,False,2026-03-21T01:58:53+00:00,2026-03-21T01:58:54.345223+00:00,0.1.0,113aead,6057.0,0.01602310562133789,0.0368,,,,,,,,1.0,,,,,1.0,,,1.0,0.0,0.0,,,,0.9520000000000001,18.022416304418112,5.890847654903635
ideal_e1_review_lih_vqe_B3_cad8_seed17,lih_vqe,embedded_review_large_active_space,ideal,e1_review,17,,B3,cadence_sweep,full_contract,parallel_fs,parallel_fs,,0.0,8,14,"{'G0': True, 'GA': True, 'GB': False, 'GC': True, 'GD': True, 'GE': True, 'GF': True, 'GH': False}",replay,True,True,False,False,2026-03-27T04:52:12+00:00,2026-03-27T04:52:13.345223+00:00,0.1.0,113aead,6057.0,0.01602310562133789,0.0368,,,,,,,,1.0,,,,,1.0,,,1.0,0.0,0.0,,,,0.9520000000000001,18.022416304418112,5.890847654903635
ideal_e1_review_lih_vqe_B3_cad8_seed23,lih_vqe,embedded_review_large_active_space,ideal,e1_review,23,,B3,cadence_sweep,full_contract,parallel_fs,parallel_fs,,0.0,8,14,"{'G0': True, 'GA': True, 'GB': False, 'GC': True, 'GD': True, 'GE': True, 'GF': True, 'GH': False}",replay,True,True,False,False,2026-03-07T15:19:57+00:00,2026-03-07T15:19:58.345223+00:00,0.1.0,113aead,6057.0,0.01602310562133789,0.0368,,,,,,,,1.0,,,,,1.0,,,1.0,0.0,0.0,,,,0.9520000000000001,18.022416304418112,5.890847654903635
ideal_e1_review_lih_vqe_B3_cad8_seed31,lih_vqe,embedded_review_large_active_space,ideal,e1_review,31,,B3,cadence_sweep,full_contract,parallel_fs,parallel_fs,,0.0,8,14,"{'G0': True, 'GA': True, 'GB': False, 'GC': True, 'GD': True, 'GE': True, 'GF': True, 'GH': False}",replay,True,True,False,False,2026-03-22T19:45:26+00:00,2026-03-22T19:45:27.345223+00:00,0.1.0,113aead,6057.0,0.01602310562133789,0.0368,,,,,,,,1.0,,,,,1.0,,,1.0,0.0,0.0,,,,0.9520000000000001,18.022416304418112,5.890847654903635
ideal_e1_review_lih_vqe_B3_cad8_seed43,lih_vqe,embedded_review_large_active_space,ideal,e1_review,43,,B3,cadence_sweep,full_contract,parallel_fs,parallel_fs,,0.0,8,14,"{'G0': True, 'GA': True, 'GB': False, 'GC': True, 'GD': True, 'GE': True, 'GF': True, 'GH': False}",replay,True,True,False,False,2026-03-21T06:11:39+00:00,2026-03-21T06:11:40.345223+00:00,0.1.0,113aead,6057.0,0.01602310562133789,0.0368,,,,,,,,1.0,,,,,1.0,,,1.0,0.0,0.0,,,,0.9520000000000001,18.022416304418112,5.890847654903635
ideal_e1_review_lih_vqe_B3_cad8_seed59,lih_vqe,embedded_review_large_active_space,ideal,e1_review,59,,B3,cadence_sweep,full_contract,parallel_fs,parallel_fs,,0.0,8,14,"{'G0': True, 'GA': True, 'GB': False, 'GC': True, 'GD': True, 'GE': True, 'GF': True, 'GH': False}",replay,True,True,False,False,2026-03-27T07:15:19+00:00,2026-03-27T07:15:20.345223+00:00,0.1.0,113aead,6057.0,0.01602310562133789,0.0368,,,,,,,,1.0,,,,,1.0,,,1.0,0.0,0.0,,,,0.9520000000000001,18.022416304418112,5.890847654903635
ideal_e1_review_lih_vqe_B3_cad8_seed71,lih_vqe,embedded_review_large_active_space,ideal,e1_review,71,,B3,cadence_sweep,full_contract,parallel_fs,parallel_fs,,0.0,8,14,"{'G0': True, 'GA': True, 'GB': False, 'GC': True, 'GD': True, 'GE': True, 'GF': True, 'GH': False}",replay,True,True,False,False,2026-03-14T11:26:39+00:00,2026-03-14T11:26:40.345223+00:00,0.1.0,113aead,6057.0,0.01602310562133789,0.0368,,,,,,,,1.0,,,,,1.0,,,1.0,0.0,0.0,,,,0.9520000000000001,18.022416304418112,5.890847654903635
ideal_e1_review_lih_vqe_B3_cad8_seed83,lih_vqe,embedded_review_large_active_space,ideal,e1_review,83,,B3,cadence_sweep,full_contract,parallel_fs,parallel_fs,,0.0,8,14,"{'G0': True, 'GA': True, 'GB': False, 'GC': True, 'GD': True, 'GE': True, 'GF': True, 'GH': False}",replay,True,True,False,False,2026-03-01T00:36:08+00:00,2026-03-01T00:36:09.345223+00:00,0.1.0,113aead,6057.0,0.01602310562133789,0.0368,,,,,,,,1.0,,,,,1.0,,,1.0,0.0,0.0,,,,0.9520000000000001,18.022416304418112,5.890847654903635
ideal_e1_review_lih_vqe_B3_cad16_seed11,lih_vqe,embedded_review_large_active_space,ideal,e1_review,11,,B3,cadence_sweep,full_contract,parallel_fs,parallel_fs,,0.0,16,14,"{'G0': True, 'GA': True, 'GB': False, 'GC': True, 'GD': True, 'GE': True, 'GF': True, 'GH': False}",replay,True,True,False,False,2026-03-30T10:12:52+00:00,2026-03-30T10:12:53.345223+00:00,0.1.0,113aead,6057.0,0.01602310562133789,0.0368,,,,,,,,1.0,,,,,1.0,,,1.0,0.0,0.0,,,,2.04,38.61946350946738,5.890847654903635
ideal_e1_review_lih_vqe_B3_cad16_seed17,lih_vqe,embedded_review_large_active_space,ideal,e1_review,17,,B3,cadence_sweep,full_contract,parallel_fs,parallel_fs,,0.0,16,14,"{'G0': True, 'GA': True, 'GB': False, 'GC': True, 'GD': True, 'GE': True, 'GF': True, 'GH': False}",replay,True,True,False,False,2026-03-27T05:42:27+00:00,2026-03-27T05:42:28.345223+00:00,0.1.0,113aead,6057.0,0.01602310562133789,0.0368,,,,,,,,1.0,,,,,1.0,,,1.0,0.0,0.0,,,,2.04,38.61946350946738,5.890847654903635
ideal_e1_review_lih_vqe_B3_cad16_seed23,lih_vqe,embedded_review_large_active_space,ideal,e1_review,23,,B3,cadence_sweep,full_contract,parallel_fs,parallel_fs,,0.0,16,14,"{'G0': True, 'GA': True, 'GB': False, 'GC': True, 'GD': True, 'GE': True, 'GF': True, 'GH': False}",replay,True,True,False,False,2026-03-03T00:33:42+00:00,2026-03-03T00:33:43.345223+00:00,0.1.0,113aead,6057.0,0.01602310562133789,0.0368,,,,,,,,1.0,,,,,1.0,,,1.0,0.0,0.0,,,,2.04,38.61946350946738,5.890847654903635
ideal_e1_review_lih_vqe_B3_cad16_seed31,lih_vqe,embedded_review_large_active_space,ideal,e1_review,31,,B3,cadence_sweep,full_contract,parallel_fs,parallel_fs,,0.0,16,14,"{'G0': True, 'GA': True, 'GB': False, 'GC': True, 'GD': True, 'GE': True, 'GF': True, 'GH': False}",replay,True,True,False,False,2026-03-05T16:56:01+00:00,2026-03-05T16:56:02.345223+00:00,0.1.0,113aead,6057.0,0.01602310562133789,0.0368,,,,,,,,1.0,,,,,1.0,,,1.0,0.0,0.0,,,,2.04,38.61946350946738,5.890847654903635
ideal_e1_review_lih_vqe_B3_cad16_seed43,lih_vqe,embedded_review_large_active_space,ideal,e1_review,43,,B3,cadence_sweep,full_contract,parallel_fs,parallel_fs,,0.0,16,14,"{'G0': True, 'GA': True, 'GB': False, 'GC': True, 'GD': True, 'GE': True, 'GF': True, 'GH': False}",replay,True,True,False,False,2026-03-20T11:42:44+00:00,2026-03-20T11:42:45.345223+00:00,0.1.0,113aead,6057.0,0.01602310562133789,0.0368,,,,,,,,1.0,,,,,1.0,,,1.0,0.0,0.0,,,,2.04,38.61946350946738,5.890847654903635
ideal_e1_review_lih_vqe_B3_cad16_seed59,lih_vqe,embedded_review_large_active_space,ideal,e1_review,59,,B3,cadence_sweep,full_contract,parallel_fs,parallel_fs,,0.0,16,14,"{'G0': True, 'GA': True, 'GB': False, 'GC': True, 'GD': True, 'GE': True, 'GF': True, 'GH': False}",replay,True,True,False,False,2026-03-10T21:33:48+00:00,2026-03-10T21:33:49.345223+00:00,0.1.0,113aead,6057.0,0.01602310562133789,0.0368,,,,,,,,1.0,,,,,1.0,,,1.0,0.0,0.0,,,,2.04,38.61946350946738,5.890847654903635
ideal_e1_review_lih_vqe_B3_cad16_seed71,lih_vqe,embedded_review_large_active_space,ideal,e1_review,71,,B3,cadence_sweep,full_contract,parallel_fs,parallel_fs,,0.0,16,14,"{'G0': True, 'GA': True, 'GB': False, 'GC': True, 'GD': True, 'GE': True, 'GF': True, 'GH': False}",replay,True,True,False,False,2026-03-30T10:25:10+00:00,2026-03-30T10:25:11.345223+00:00,0.1.0,113aead,6057.0,0.01602310562133789,0.0368,,,,,,,,1.0,,,,,1.0,,,1.0,0.0,0.0,,,,2.04,38.61946350946738,5.890847654903635
ideal_e1_review_lih_vqe_B3_cad16_seed83,lih_vqe,embedded_review_large_active_space,ideal,e1_review,83,,B3,cadence_sweep,full_contract,parallel_fs,parallel_fs,,0.0,16,14,"{'G0': True, 'GA': True, 'GB': False, 'GC': True, 'GD': True, 'GE': True, 'GF': True, 'GH': False}",replay,True,True,False,False,2026-03-13T04:02:25+00:00,2026-03-13T04:02:26.345223+00:00,0.1.0,113aead,6057.0,0.01602310562133789,0.0368,,,,,,,,1.0,,,,,1.0,,,1.0,0.0,0.0,,,,2.04,38.61946350946738,5.890847654903635
ideal_e1_review_lih_vqe_B4_cad1_seed11,lih_vqe,embedded_review_large_active_space,ideal,e1_review,11,,B4,cadence_sweep,full_contract,parallel_fs,parallel_fs,,0.0,1,14,"{'G0': True, 'GA': True, 'GB': True, 'GC': True, 'GD': True, 'GE': True, 'GF': True, 'GH': True}",replay,True,True,False,False,2026-03-28T17:21:53+00:00,2026-03-28T17:21:54.345236+00:00,0.1.0,113aead,9402.0,0.016035865783691407,0.0368,,,,,,,,1.0,,,,,1.0,,,1.0,0.0,0.0,,,,0.29723600000000006,5.625648327915665,1.025048950632281
ideal_e1_review_lih_vqe_B4_cad1_seed17,lih_vqe,embedded_review_large_active_space,ideal,e1_review,17,,B4,cadence_sweep,full_contract,parallel_fs,parallel_fs,,0.0,1,14,"{'G0': True, 'GA': True, 'GB': True, 'GC': True, 'GD': True, 'GE': True, 'GF': True, 'GH': True}",replay,True,True,False,False,2026-03-18T04:08:27+00:00,2026-03-18T04:08:28.345236+00:00,0.1.0,113aead,9402.0,0.016035865783691407,0.0368,,,,,,,,1.0,,,,,1.0,,,1.0,0.0,0.0,,,,0.29723600000000006,5.625648327915665,1.025048950632281
ideal_e1_review_lih_vqe_B4_cad1_seed23,lih_vqe,embedded_review_large_active_space,ideal,e1_review,23,,B4,cadence_sweep,full_contract,parallel_fs,parallel_fs,,0.0,1,14,"{'G0': True, 'GA': True, 'GB': True, 'GC': True, 'GD': True, 'GE': True, 'GF': True, 'GH': True}",replay,True,True,False,False,2026-03-23T14:01:46+00:00,2026-03-23T14:01:47.345236+00:00,0.1.0,113aead,9402.0,0.016035865783691407,0.0368,,,,,,,,1.0,,,,,1.0,,,1.0,0.0,0.0,,,,0.29723600000000006,5.625648327915665,1.025048950632281
ideal_e1_review_lih_vqe_B4_cad1_seed31,lih_vqe,embedded_review_large_active_space,ideal,e1_review,31,,B4,cadence_sweep,full_contract,parallel_fs,parallel_fs,,0.0,1,14,"{'G0': True, 'GA': True, 'GB': True, 'GC': True, 'GD': True, 'GE': True, 'GF': True, 'GH': True}",replay,True,True,False,False,2026-03-24T10:24:39+00:00,2026-03-24T10:24:40.345236+00:00,0.1.0,113aead,9402.0,0.016035865783691407,0.0368,,,,,,,,1.0,,,,,1.0,,,1.0,0.0,0.0,,,,0.29723600000000006,5.625648327915665,1.025048950632281
ideal_e1_review_lih_vqe_B4_cad1_seed43,lih_vqe,embedded_review_large_active_space,ideal,e1_review,43,,B4,cadence_sweep,full_contract,parallel_fs,parallel_fs,,0.0,1,14,"{'G0': True, 'GA': True, 'GB': True, 'GC': True, 'GD': True, 'GE': True, 'GF': True, 'GH': True}",replay,True,True,False,False,2026-03-26T23:08:42+00:00,2026-03-26T23:08:43.345236+00:00,0.1.0,113aead,9402.0,0.016035865783691407,0.0368,,,,,,,,1.0,,,,,1.0,,,1.0,0.0,0.0,,,,0.29723600000000006,5.625648327915665,1.025048950632281
ideal_e1_review_lih_vqe_B4_cad1_seed59,lih_vqe,embedded_review_large_active_space,ideal,e1_review,59,,B4,cadence_sweep,full_contract,parallel_fs,parallel_fs,,0.0,1,14,"{'G0': True, 'GA': True, 'GB': True, 'GC': True, 'GD': True, 'GE': True, 'GF': True, 'GH': True}",replay,True,True,False,False,2026-03-22T18:12:17+00:00,2026-03-22T18:12:18.345236+00:00,0.1.0,113aead,9402.0,0.016035865783691407,0.0368,,,,,,,,1.0,,,,,1.0,,,1.0,0.0,0.0,,,,0.29723600000000006,5.625648327915665,1.025048950632281
ideal_e1_review_lih_vqe_B4_cad1_seed71,lih_vqe,embedded_review_large_active_space,ideal,e1_review,71,,B4,cadence_sweep,full_contract,parallel_fs,parallel_fs,,0.0,1,14,"{'G0': True, 'GA': True, 'GB': True, 'GC': True, 'GD': True, 'GE': True, 'GF': True, 'GH': True}",replay,True,True,False,False,2026-03-20T14:02:41+00:00,2026-03-20T14:02:42.345236+00:00,0.1.0,113aead,9402.0,0.016035865783691407,0.0368,,,,,,,,1.0,,,,,1.0,,,1.0,0.0,0.0,,,,0.29723600000000006,5.625648327915665,1.025048950632281
ideal_e1_review_lih_vqe_B4_cad1_seed83,lih_vqe,embedded_review_large_active_space,ideal,e1_review,83,,B4,cadence_sweep,full_contract,parallel_fs,parallel_fs,,0.0,1,14,"{'G0': True, 'GA': True, 'GB': True, 'GC': True, 'GD': True, 'GE': True, 'GF': True, 'GH': True}",replay,True,True,False,False,2026-03-14T02:52:53+00:00,2026-03-14T02:52:54.345236+00:00,0.1.0,113aead,9402.0,0.016035865783691407,0.0368,,,,,,,,1.0,,,,,1.0,,,1.0,0.0,0.0,,,,0.29723600000000006,5.625648327915665,1.025048950632281
ideal_e1_review_lih_vqe_B4_cad4_seed11,lih_vqe,embedded_review_large_active_space,ideal,e1_review,11,,B4,cadence_sweep,full_contract,parallel_fs,parallel_fs,,0.0,4,14,"{'G0': True, 'GA': True, 'GB': True, 'GC': True, 'GD': True, 'GE': True, 'GF': True, 'GH': True}",replay,True,True,False,False,2026-03-09T02:09:02+00:00,2026-03-09T02:09:03.345236+00:00,0.1.0,113aead,9430.0,0.016035972595214845,0.0368,,,,,,,,1.0,,,,,1.0,,,1.0,0.0,0.0,,,,12.406848000000004,234.81820037743842,0.29469223381385695
ideal_e1_review_lih_vqe_B4_cad4_seed17,lih_vqe,embedded_review_large_active_space,ideal,e1_review,17,,B4,cadence_sweep,full_contract,parallel_fs,parallel_fs,,0.0,4,14,"{'G0': True, 'GA': True, 'GB': True, 'GC': True, 'GD': True, 'GE': True, 'GF': True, 'GH': True}",replay,True,True,False,False,2026-03-01T10:43:44+00:00,2026-03-01T10:43:45.345236+00:00,0.1.0,113aead,9430.0,0.016035972595214845,0.0368,,,,,,,,1.0,,,,,1.0,,,1.0,0.0,0.0,,,,12.406848000000004,234.81820037743842,0.29469223381385695
ideal_e1_review_lih_vqe_B4_cad4_seed23,lih_vqe,embedded_review_large_active_space,ideal,e1_review,23,,B4,cadence_sweep,full_contract,parallel_fs,parallel_fs,,0.0,4,14,"{'G0': True, 'GA': True, 'GB': True, 'GC': True, 'GD': True, 'GE': True, 'GF': True, 'GH': True}",replay,True,True,False,False,2026-03-22T16:04:19+00:00,2026-03-22T16:04:20.345236+00:00,0.1.0,113aead,9430.0,0.016035972595214845,0.0368,,,,,,,,1.0,,,,,1.0,,,1.0,0.0,0.0,,,,12.406848000000004,234.81820037743842,0.29469223381385695
ideal_e1_review_lih_vqe_B4_cad4_seed31,lih_vqe,embedded_review_large_active_space,ideal,e1_review,31,,B4,cadence_sweep,full_contract,parallel_fs,parallel_fs,,0.0,4,14,"{'G0': True, 'GA': True, 'GB': True, 'GC': True, 'GD': True, 'GE': True, 'GF': True, 'GH': True}",replay,True,True,False,False,2026-03-17T16:13:01+00:00,2026-03-17T16:13:02.345236+00:00,0.1.0,113aead,9430.0,0.016035972595214845,0.0368,,,,,,,,1.0,,,,,1.0,,,1.0,0.0,0.0,,,,12.406848000000004,234.81820037743842,0.29469223381385695
ideal_e1_review_lih_vqe_B4_cad4_seed43,lih_vqe,embedded_review_large_active_space,ideal,e1_review,43,,B4,cadence_sweep,full_contract,parallel_fs,parallel_fs,,0.0,4,14,"{'G0': True, 'GA': True, 'GB': True, 'GC': True, 'GD': True, 'GE': True, 'GF': True, 'GH': True}",replay,True,True,False,False,2026-03-19T11:12:20+00:00,2026-03-19T11:12:21.345236+00:00,0.1.0,113aead,9430.0,0.016035972595214845,0.0368,,,,,,,,1.0,,,,,1.0,,,1.0,0.0,0.0,,,,12.406848000000004,234.81820037743842,0.29469223381385695
ideal_e1_review_lih_vqe_B4_cad4_seed59,lih_vqe,embedded_review_large_active_space,ideal,e1_review,59,,B4,cadence_sweep,full_contract,parallel_fs,parallel_fs,,0.0,4,14,"{'G0': True, 'GA': True, 'GB': True, 'GC': True, 'GD': True, 'GE': True, 'GF': True, 'GH': True}",replay,True,True,False,False,2026-03-28T08:48:14+00:00,2026-03-28T08:48:15.345236+00:00,0.1.0,113aead,9430.0,0.016035972595214845,0.0368,,,,,,,,1.0,,,,,1.0,,,1.0,0.0,0.0,,,,12.406848000000004,234.81820037743842,0.29469223381385695
ideal_e1_review_lih_vqe_B4_cad4_seed71,lih_vqe,embedded_review_large_active_space,ideal,e1_review,71,,B4,cadence_sweep,full_contract,parallel_fs,parallel_fs,,0.0,4,14,"{'G0': True, 'GA': True, 'GB': True, 'GC': True, 'GD': True, 'GE': True, 'GF': True, 'GH': True}",replay,True,True,False,False,2026-03-11T03:32:05+00:00,2026-03-11T03:32:06.345236+00:00,0.1.0,113aead,9430.0,0.016035972595214845,0.0368,,,,,,,,1.0,,,,,1.0,,,1.0,0.0,0.0,,,,12.406848000000004,234.81820037743842,0.29469223381385695
ideal_e1_review_lih_vqe_B4_cad4_seed83,lih_vqe,embedded_review_large_active_space,ideal,e1_review,83,,B4,cadence_sweep,full_contract,parallel_fs,parallel_fs,,0.0,4,14,"{'G0': True, 'GA': True, 'GB': True, 'GC': True, 'GD': True, 'GE': True, 'GF': True, 'GH': True}",replay,True,True,False,False,2026-03-24T11:42:33+00:00,2026-03-24T11:42:34.345236+00:00,0.1.0,113aead,9430.0,0.016035972595214845,0.0368,,,,,,,,1.0,,,,,1.0,,,1.0,0.0,0.0,,,,12.406848000000004,234.81820037743842,0.29469223381385695
ideal_e1_review_lih_vqe_B4_cad8_seed11,lih_vqe,embedded_review_large_active_space,ideal,e1_review,11,,B4,cadence_sweep,full_contract,parallel_fs,parallel_fs,,0.0,8,14,"{'G0': True, 'GA': True, 'GB': True, 'GC': True, 'GD': True, 'GE': True, 'GF': True, 'GH': True}",replay,True,True,False,False,2026-03-28T12:12:45+00:00,2026-03-28T12:12:46.345236+00:00,0.1.0,113aead,9466.0,0.016036109924316408,0.0368,,,,,,,,1.0,,,,,1.0,,,1.0,0.0,0.0,,,,56.45158400000001,1068.4280898208156,0.151124377302439
ideal_e1_review_lih_vqe_B4_cad8_seed17,lih_vqe,embedded_review_large_active_space,ideal,e1_review,17,,B4,cadence_sweep,full_contract,parallel_fs,parallel_fs,,0.0,8,14,"{'G0': True, 'GA': True, 'GB': True, 'GC': True, 'GD': True, 'GE': True, 'GF': True, 'GH': True}",replay,True,True,False,False,2026-03-20T23:39:24+00:00,2026-03-20T23:39:25.345236+00:00,0.1.0,113aead,9466.0,0.016036109924316408,0.0368,,,,,,,,1.0,,,,,1.0,,,1.0,0.0,0.0,,,,56.45158400000001,1068.4280898208156,0.151124377302439
ideal_e1_review_lih_vqe_B4_cad8_seed23,lih_vqe,embedded_review_large_active_space,ideal,e1_review,23,,B4,cadence_sweep,full_contract,parallel_fs,parallel_fs,,0.0,8,14,"{'G0': True, 'GA': True, 'GB': True, 'GC': True, 'GD': True, 'GE': True, 'GF': True, 'GH': True}",replay,True,True,False,False,2026-03-16T14:22:09+00:00,2026-03-16T14:22:10.345236+00:00,0.1.0,113aead,9466.0,0.016036109924316408,0.0368,,,,,,,,1.0,,,,,1.0,,,1.0,0.0,0.0,,,,56.45158400000001,1068.4280898208156,0.151124377302439
ideal_e1_review_lih_vqe_B4_cad8_seed31,lih_vqe,embedded_review_large_active_space,ideal,e1_review,31,,B4,cadence_sweep,full_contract,parallel_fs,parallel_fs,,0.0,8,14,"{'G0': True, 'GA': True, 'GB': True, 'GC': True, 'GD': True, 'GE': True, 'GF': True, 'GH': True}",replay,True,True,False,False,2026-03-16T23:08:27+00:00,2026-03-16T23:08:28.345236+00:00,0.1.0,113aead,9466.0,0.016036109924316408,0.0368,,,,,,,,1.0,,,,,1.0,,,1.0,0.0,0.0,,,,56.45158400000001,1068.4280898208156,0.151124377302439
ideal_e1_review_lih_vqe_B4_cad8_seed43,lih_vqe,embedded_review_large_active_space,ideal,e1_review,43,,B4,cadence_sweep,full_contract,parallel_fs,parallel_fs,,0.0,8,14,"{'G0': True, 'GA': True, 'GB': True, 'GC': True, 'GD': True, 'GE': True, 'GF': True, 'GH': True}",replay,True,True,False,False,2026-03-23T08:32:16+00:00,2026-03-23T08:32:17.345236+00:00,0.1.0,113aead,9466.0,0.016036109924316408,0.0368,,,,,,,,1.0,,,,,1.0,,,1.0,0.0,0.0,,,,56.45158400000001,1068.4280898208156,0.151124377302439
ideal_e1_review_lih_vqe_B4_cad8_seed59,lih_vqe,embedded_review_large_active_space,ideal,e1_review,59,,B4,cadence_sweep,full_contract,parallel_fs,parallel_fs,,0.0,8,14,"{'G0': True, 'GA': True, 'GB': True, 'GC': True, 'GD': True, 'GE': True, 'GF': True, 'GH': True}",replay,True,True,False,False,2026-03-09T05:05:47+00:00,2026-03-09T05:05:48.345236+00:00,0.1.0,113aead,9466.0,0.016036109924316408,0.0368,,,,,,,,1.0,,,,,1.0,,,1.0,0.0,0.0,,,,56.45158400000001,1068.4280898208156,0.151124377302439
ideal_e1_review_lih_vqe_B4_cad8_seed71,lih_vqe,embedded_review_large_active_space,ideal,e1_review,71,,B4,cadence_sweep,full_contract,parallel_fs,parallel_fs,,0.0,8,14,"{'G0': True, 'GA': True, 'GB': True, 'GC': True, 'GD': True, 'GE': True, 'GF': True, 'GH': True}",replay,True,True,False,False,2026-03-15T18:04:52+00:00,2026-03-15T18:04:53.345236+00:00,0.1.0,113aead,9466.0,0.016036109924316408,0.0368,,,,,,,,1.0,,,,,1.0,,,1.0,0.0,0.0,,,,56.45158400000001,1068.4280898208156,0.151124377302439
ideal_e1_review_lih_vqe_B4_cad8_seed83,lih_vqe,embedded_review_large_active_space,ideal,e1_review,83,,B4,cadence_sweep,full_contract,parallel_fs,parallel_fs,,0.0,8,14,"{'G0': True, 'GA': True, 'GB': True, 'GC': True, 'GD': True, 'GE': True, 'GF': True, 'GH': True}",replay,True,True,False,False,2026-03-20T21:47:20+00:00,2026-03-20T21:47:21.345236+00:00,0.1.0,113aead,9466.0,0.016036109924316408,0.0368,,,,,,,,1.0,,,,,1.0,,,1.0,0.0,0.0,,,,56.45158400000001,1068.4280898208156,0.151124377302439
ideal_e1_review_lih_vqe_B4_cad16_seed11,lih_vqe,embedded_review_large_active_space,ideal,e1_review,11,,B4,cadence_sweep,full_contract,parallel_fs,parallel_fs,,0.0,16,14,"{'G0': True, 'GA': True, 'GB': True, 'GC': True, 'GD': True, 'GE': True, 'GF': True, 'GH': True}",replay,True,True,False,False,2026-03-10T08:49:08+00:00,2026-03-10T08:49:09.345236+00:00,0.1.0,113aead,9538.0,0.01603638458251953,0.0368,,,,,,,,1.0,,,,,1.0,,,1.0,0.0,0.0,,,,238.83456000000004,4520.266893488704,0.07654452699003135
ideal_e1_review_lih_vqe_B4_cad16_seed17,lih_vqe,embedded_review_large_active_space,ideal,e1_review,17,,B4,cadence_sweep,full_contract,parallel_fs,parallel_fs,,0.0,16,14,"{'G0': True, 'GA': True, 'GB': True, 'GC': True, 'GD': True, 'GE': True, 'GF': True, 'GH': True}",replay,True,True,False,False,2026-03-08T17:11:10+00:00,2026-03-08T17:11:11.345236+00:00,0.1.0,113aead,9538.0,0.01603638458251953,0.0368,,,,,,,,1.0,,,,,1.0,,,1.0,0.0,0.0,,,,238.83456000000004,4520.266893488704,0.07654452699003135
ideal_e1_review_lih_vqe_B4_cad16_seed23,lih_vqe,embedded_review_large_active_space,ideal,e1_review,23,,B4,cadence_sweep,full_contract,parallel_fs,parallel_fs,,0.0,16,14,"{'G0': True, 'GA': True, 'GB': True, 'GC': True, 'GD': True, 'GE': True, 'GF': True, 'GH': True}",replay,True,True,False,False,2026-03-08T22:46:45+00:00,2026-03-08T22:46:46.345236+00:00,0.1.0,113aead,9538.0,0.01603638458251953,0.0368,,,,,,,,1.0,,,,,1.0,,,1.0,0.0,0.0,,,,238.83456000000004,4520.266893488704,0.07654452699003135
ideal_e1_review_lih_vqe_B4_cad16_seed31,lih_vqe,embedded_review_large_active_space,ideal,e1_review,31,,B4,cadence_sweep,full_contract,parallel_fs,parallel_fs,,0.0,16,14,"{'G0': True, 'GA': True, 'GB': True, 'GC': True, 'GD': True, 'GE': True, 'GF': True, 'GH': True}",replay,True,True,False,False,2026-03-14T09:09:15+00:00,2026-03-14T09:09:16.345236+00:00,0.1.0,113aead,9538.0,0.01603638458251953,0.0368,,,,,,,,1.0,,,,,1.0,,,1.0,0.0,0.0,,,,238.83456000000004,4520.266893488704,0.07654452699003135
ideal_e1_review_lih_vqe_B4_cad16_seed43,lih_vqe,embedded_review_large_active_space,ideal,e1_review,43,,B4,cadence_sweep,full_contract,parallel_fs,parallel_fs,,0.0,16,14,"{'G0': True, 'GA': True, 'GB': True, 'GC': True, 'GD': True, 'GE': True, 'GF': True, 'GH': True}",replay,True,True,False,False,2026-03-16T22:20:44+00:00,2026-03-16T22:20:45.345236+00:00,0.1.0,113aead,9538.0,0.01603638458251953,0.0368,,,,,,,,1.0,,,,,1.0,,,1.0,0.0,0.0,,,,238.83456000000004,4520.266893488704,0.07654452699003135
ideal_e1_review_lih_vqe_B4_cad16_seed59,lih_vqe,embedded_review_large_active_space,ideal,e1_review,59,,B4,cadence_sweep,full_contract,parallel_fs,parallel_fs,,0.0,16,14,"{'G0': True, 'GA': True, 'GB': True, 'GC': True, 'GD': True, 'GE': True, 'GF': True, 'GH': True}",replay,True,True,False,False,2026-03-06T11:14:51+00:00,2026-03-06T11:14:52.345236+00:00,0.1.0,113aead,9538.0,0.01603638458251953,0.0368,,,,,,,,1.0,,,,,1.0,,,1.0,0.0,0.0,,,,238.83456000000004,4520.266893488704,0.07654452699003135
ideal_e1_review_lih_vqe_B4_cad16_seed71,lih_vqe,embedded_review_large_active_space,ideal,e1_review,71,,B4,cadence_sweep,full_contract,parallel_fs,parallel_fs,,0.0,16,14,"{'G0': True, 'GA': True, 'GB': True, 'GC': True, 'GD': True, 'GE': True, 'GF': True, 'GH': True}",replay,True,True,False,False,2026-03-26T07:55:29+00:00,2026-03-26T07:55:30.345236+00:00,0.1.0,113aead,9538.0,0.01603638458251953,0.0368,,,,,,,,1.0,,,,,1.0,,,1.0,0.0,0.0,,,,238.83456000000004,4520.266893488704,0.07654452699003135
ideal_e1_review_lih_vqe_B4_cad16_seed83,lih_vqe,embedded_review_large_active_space,ideal,e1_review,83,,B4,cadence_sweep,full_contract,parallel_fs,parallel_fs,,0.0,16,14,"{'G0': True, 'GA': True, 'GB': True, 'GC': True, 'GD': True, 'GE': True, 'GF': True, 'GH': True}",replay,True,True,False,False,2026-03-24T06:18:49+00:00,2026-03-24T06:18:50.345236+00:00,0.1.0,113aead,9538.0,0.01603638458251953,0.0368,,,,,,,,1.0,,,,,1.0,,,1.0,0.0,0.0,,,,238.83456000000004,4520.266893488704,0.07654452699003135
ideal_e1_review_lih_vqe_B5_cad1_seed11,lih_vqe,embedded_review_large_active_space,ideal,e1_review,11,,B5,cadence_sweep,full_contract,parallel_fs,parallel_fs,,0.0,1,14,"{'G0': True, 'GA': True, 'GB': True, 'GC': True, 'GD': True, 'GE': True, 'GF': True, 'GH': True}",replay,True,True,False,False,2026-03-22T13:02:53+00:00,2026-03-22T13:02:54.345236+00:00,0.1.0,113aead,9458.0,0.01603607940673828,0.0368,,,,,,,,1.0,,,,,1.0,,,1.0,0.0,0.0,,,,0.5029115000000001,9.51833492656654,0.7254175068641219
ideal_e1_review_lih_vqe_B5_cad1_seed17,lih_vqe,embedded_review_large_active_space,ideal,e1_review,17,,B5,cadence_sweep,full_contract,parallel_fs,parallel_fs,,0.0,1,14,"{'G0': True, 'GA': True, 'GB': True, 'GC': True, 'GD': True, 'GE': True, 'GF': True, 'GH': True}",replay,True,True,False,False,2026-03-23T00:17:48+00:00,2026-03-23T00:17:49.345236+00:00,0.1.0,113aead,9458.0,0.01603607940673828,0.0368,,,,,,,,1.0,,,,,1.0,,,1.0,0.0,0.0,,,,0.5029115000000001,9.51833492656654,0.7254175068641219
ideal_e1_review_lih_vqe_B5_cad1_seed23,lih_vqe,embedded_review_large_active_space,ideal,e1_review,23,,B5,cadence_sweep,full_contract,parallel_fs,parallel_fs,,0.0,1,14,"{'G0': True, 'GA': True, 'GB': True, 'GC': True, 'GD': True, 'GE': True, 'GF': True, 'GH': True}",replay,True,True,False,False,2026-03-27T05:04:38+00:00,2026-03-27T05:04:39.345236+00:00,0.1.0,113aead,9458.0,0.01603607940673828,0.0368,,,,,,,,1.0,,,,,1.0,,,1.0,0.0,0.0,,,,0.5029115000000001,9.51833492656654,0.7254175068641219
ideal_e1_review_lih_vqe_B5_cad1_seed31,lih_vqe,embedded_review_large_active_space,ideal,e1_review,31,,B5,cadence_sweep,full_contract,parallel_fs,parallel_fs,,0.0,1,14,"{'G0': True, 'GA': True, 'GB': True, 'GC': True, 'GD': True, 'GE': True, 'GF': True, 'GH': True}",replay,True,True,False,False,2026-03-15T11:34:19+00:00,2026-03-15T11:34:20.345236+00:00,0.1.0,113aead,9458.0,0.01603607940673828,0.0368,,,,,,,,1.0,,,,,1.0,,,1.0,0.0,0.0,,,,0.5029115000000001,9.51833492656654,0.7254175068641219
ideal_e1_review_lih_vqe_B5_cad1_seed43,lih_vqe,embedded_review_large_active_space,ideal,e1_review,43,,B5,cadence_sweep,full_contract,parallel_fs,parallel_fs,,0.0,1,14,"{'G0': True, 'GA': True, 'GB': True, 'GC': True, 'GD': True, 'GE': True, 'GF': True, 'GH': True}",replay,True,True,False,False,2026-03-09T09:05:07+00:00,2026-03-09T09:05:08.345236+00:00,0.1.0,113aead,9458.0,0.01603607940673828,0.0368,,,,,,,,1.0,,,,,1.0,,,1.0,0.0,0.0,,,,0.5029115000000001,9.51833492656654,0.7254175068641219
ideal_e1_review_lih_vqe_B5_cad1_seed59,lih_vqe,embedded_review_large_active_space,ideal,e1_review,59,,B5,cadence_sweep,full_contract,parallel_fs,parallel_fs,,0.0,1,14,"{'G0': True, 'GA': True, 'GB': True, 'GC': True, 'GD': True, 'GE': True, 'GF': True, 'GH': True}",replay,True,True,False,False,2026-03-30T23:52:54+00:00,2026-03-30T23:52:55.345236+00:00,0.1.0,113aead,9458.0,0.01603607940673828,0.0368,,,,,,,,1.0,,,,,1.0,,,1.0,0.0,0.0,,,,0.5029115000000001,9.51833492656654,0.7254175068641219
ideal_e1_review_lih_vqe_B5_cad1_seed71,lih_vqe,embedded_review_large_active_space,ideal,e1_review,71,,B5,cadence_sweep,full_contract,parallel_fs,parallel_fs,,0.0,1,14,"{'G0': True, 'GA': True, 'GB': True, 'GC': True, 'GD': True, 'GE': True, 'GF': True, 'GH': True}",replay,True,True,False,False,2026-03-13T13:56:53+00:00,2026-03-13T13:56:54.345236+00:00,0.1.0,113aead,9458.0,0.01603607940673828,0.0368,,,,,,,,1.0,,,,,1.0,,,1.0,0.0,0.0,,,,0.5029115000000001,9.51833492656654,0.7254175068641219
ideal_e1_review_lih_vqe_B5_cad1_seed83,lih_vqe,embedded_review_large_active_space,ideal,e1_review,83,,B5,cadence_sweep,full_contract,parallel_fs,parallel_fs,,0.0,1,14,"{'G0': True, 'GA': True, 'GB': True, 'GC': True, 'GD': True, 'GE': True, 'GF': True, 'GH': True}",replay,True,True,False,False,2026-03-03T18:39:11+00:00,2026-03-03T18:39:12.345236+00:00,0.1.0,113aead,9458.0,0.01603607940673828,0.0368,,,,,,,,1.0,,,,,1.0,,,1.0,0.0,0.0,,,,0.5029115000000001,9.51833492656654,0.7254175068641219
ideal_e1_review_lih_vqe_B5_cad4_seed11,lih_vqe,embedded_review_large_active_space,ideal,e1_review,11,,B5,cadence_sweep,full_contract,parallel_fs,parallel_fs,,0.0,4,14,"{'G0': True, 'GA': True, 'GB': True, 'GC': True, 'GD': True, 'GE': True, 'GF': True, 'GH': True}",replay,True,True,False,False,2026-03-30T12:42:58+00:00,2026-03-30T12:42:59.345236+00:00,0.1.0,113aead,9486.0,0.01603618621826172,0.0368,,,,,,,,1.0,,,,,1.0,,,1.0,0.0,0.0,,,,16.619694000000003,314.55135560590014,0.26341512891786384
ideal_e1_review_lih_vqe_B5_cad4_seed17,lih_vqe,embedded_review_large_active_space,ideal,e1_review,17,,B5,cadence_sweep,full_contract,parallel_fs,parallel_fs,,0.0,4,14,"{'G0': True, 'GA': True, 'GB': True, 'GC': True, 'GD': True, 'GE': True, 'GF': True, 'GH': True}",replay,True,True,False,False,2026-03-15T15:35:23+00:00,2026-03-15T15:35:24.345236+00:00,0.1.0,113aead,9486.0,0.01603618621826172,0.0368,,,,,,,,1.0,,,,,1.0,,,1.0,0.0,0.0,,,,16.619694000000003,314.55135560590014,0.26341512891786384
ideal_e1_review_lih_vqe_B5_cad4_seed23,lih_vqe,embedded_review_large_active_space,ideal,e1_review,23,,B5,cadence_sweep,full_contract,parallel_fs,parallel_fs,,0.0,4,14,"{'G0': True, 'GA': True, 'GB': True, 'GC': True, 'GD': True, 'GE': True, 'GF': True, 'GH': True}",replay,True,True,False,False,2026-03-22T12:33:24+00:00,2026-03-22T12:33:25.345236+00:00,0.1.0,113aead,9486.0,0.01603618621826172,0.0368,,,,,,,,1.0,,,,,1.0,,,1.0,0.0,0.0,,,,16.619694000000003,314.55135560590014,0.26341512891786384
ideal_e1_review_lih_vqe_B5_cad4_seed31,lih_vqe,embedded_review_large_active_space,ideal,e1_review,31,,B5,cadence_sweep,full_contract,parallel_fs,parallel_fs,,0.0,4,14,"{'G0': True, 'GA': True, 'GB': True, 'GC': True, 'GD': True, 'GE': True, 'GF': True, 'GH': True}",replay,True,True,False,False,2026-03-30T13:53:47+00:00,2026-03-30T13:53:48.345236+00:00,0.1.0,113aead,9486.0,0.01603618621826172,0.0368,,,,,,,,1.0,,,,,1.0,,,1.0,0.0,0.0,,,,16.619694000000003,314.55135560590014,0.26341512891786384
ideal_e1_review_lih_vqe_B5_cad4_seed43,lih_vqe,embedded_review_large_active_space,ideal,e1_review,43,,B5,cadence_sweep,full_contract,parallel_fs,parallel_fs,,0.0,4,14,"{'G0': True, 'GA': True, 'GB': True, 'GC': True, 'GD': True, 'GE': True, 'GF': True, 'GH': True}",replay,True,True,False,False,2026-03-29T16:38:03+00:00,2026-03-29T16:38:04.345236+00:00,0.1.0,113aead,9486.0,0.01603618621826172,0.0368,,,,,,,,1.0,,,,,1.0,,,1.0,0.0,0.0,,,,16.619694000000003,314.55135560590014,0.26341512891786384
ideal_e1_review_lih_vqe_B5_cad4_seed59,lih_vqe,embedded_review_large_active_space,ideal,e1_review,59,,B5,cadence_sweep,full_contract,parallel_fs,parallel_fs,,0.0,4,14,"{'G0': True, 'GA': True, 'GB': True, 'GC': True, 'GD': True, 'GE': True, 'GF': True, 'GH': True}",replay,True,True,False,False,2026-03-10T18:12:51+00:00,2026-03-10T18:12:52.345236+00:00,0.1.0,113aead,9486.0,0.01603618621826172,0.0368,,,,,,,,1.0,,,,,1.0,,,1.0,0.0,0.0,,,,16.619694000000003,314.55135560590014,0.26341512891786384
ideal_e1_review_lih_vqe_B5_cad4_seed71,lih_vqe,embedded_review_large_active_space,ideal,e1_review,71,,B5,cadence_sweep,full_contract,parallel_fs,parallel_fs,,0.0,4,14,"{'G0': True, 'GA': True, 'GB': True, 'GC': True, 'GD': True, 'GE': True, 'GF': True, 'GH': True}",replay,True,True,False,False,2026-03-07T23:27:55+00:00,2026-03-07T23:27:56.345236+00:00,0.1.0,113aead,9486.0,0.01603618621826172,0.0368,,,,,,,,1.0,,,,,1.0,,,1.0,0.0,0.0,,,,16.619694000000003,314.55135560590014,0.26341512891786384
ideal_e1_review_lih_vqe_B5_cad4_seed83,lih_vqe,embedded_review_large_active_space,ideal,e1_review,83,,B5,cadence_sweep,full_contract,parallel_fs,parallel_fs,,0.0,4,14,"{'G0': True, 'GA': True, 'GB': True, 'GC': True, 'GD': True, 'GE': True, 'GF': True, 'GH': True}",replay,True,True,False,False,2026-03-10T23:13:35+00:00,2026-03-10T23:13:36.345236+00:00,0.1.0,113aead,9486.0,0.01603618621826172,0.0368,,,,,,,,1.0,,,,,1.0,,,1.0,0.0,0.0,,,,16.619694000000003,314.55135560590014,0.26341512891786384
ideal_e1_review_lih_vqe_B5_cad8_seed11,lih_vqe,embedded_review_large_active_space,ideal,e1_review,11,,B5,cadence_sweep,full_contract,parallel_fs,parallel_fs,,0.0,8,14,"{'G0': True, 'GA': True, 'GB': True, 'GC': True, 'GD': True, 'GE': True, 'GF': True, 'GH': True}",replay,True,True,False,False,2026-03-08T10:49:07+00:00,2026-03-08T10:49:08.345236+00:00,0.1.0,113aead,9522.0,0.01603632354736328,0.0368,,,,,,,,1.0,,,,,1.0,,,1.0,0.0,0.0,,,,71.70963800000001,1357.2034007195523,0.14245139683553287
ideal_e1_review_lih_vqe_B5_cad8_seed17,lih_vqe,embedded_review_large_active_space,ideal,e1_review,17,,B5,cadence_sweep,full_contract,parallel_fs,parallel_fs,,0.0,8,14,"{'G0': True, 'GA': True, 'GB': True, 'GC': True, 'GD': True, 'GE': True, 'GF': True, 'GH': True}",replay,True,True,False,False,2026-03-14T05:18:58+00:00,2026-03-14T05:18:59.345236+00:00,0.1.0,113aead,9522.0,0.01603632354736328,0.0368,,,,,,,,1.0,,,,,1.0,,,1.0,0.0,0.0,,,,71.70963800000001,1357.2034007195523,0.14245139683553287
ideal_e1_review_lih_vqe_B5_cad8_seed23,lih_vqe,embedded_review_large_active_space,ideal,e1_review,23,,B5,cadence_sweep,full_contract,parallel_fs,parallel_fs,,0.0,8,14,"{'G0': True, 'GA': True, 'GB': True, 'GC': True, 'GD': True, 'GE': True, 'GF': True, 'GH': True}",replay,True,True,False,False,2026-03-15T03:13:38+00:00,2026-03-15T03:13:39.345236+00:00,0.1.0,113aead,9522.0,0.01603632354736328,0.0368,,,,,,,,1.0,,,,,1.0,,,1.0,0.0,0.0,,,,71.70963800000001,1357.2034007195523,0.14245139683553287
ideal_e1_review_lih_vqe_B5_cad8_seed31,lih_vqe,embedded_review_large_active_space,ideal,e1_review,31,,B5,cadence_sweep,full_contract,parallel_fs,parallel_fs,,0.0,8,14,"{'G0': True, 'GA': True, 'GB': True, 'GC': True, 'GD': True, 'GE': True, 'GF': True, 'GH': True}",replay,True,True,False,False,2026-03-22T01:06:12+00:00,2026-03-22T01:06:13.345236+00:00,0.1.0,113aead,9522.0,0.01603632354736328,0.0368,,,,,,,,1.0,,,,,1.0,,,1.0,0.0,0.0,,,,71.70963800000001,1357.2034007195523,0.14245139683553287
ideal_e1_review_lih_vqe_B5_cad8_seed43,lih_vqe,embedded_review_large_active_space,ideal,e1_review,43,,B5,cadence_sweep,full_contract,parallel_fs,parallel_fs,,0.0,8,14,"{'G0': True, 'GA': True, 'GB': True, 'GC': True, 'GD': True, 'GE': True, 'GF': True, 'GH': True}",replay,True,True,False,False,2026-03-09T11:14:47+00:00,2026-03-09T11:14:48.345236+00:00,0.1.0,113aead,9522.0,0.01603632354736328,0.0368,,,,,,,,1.0,,,,,1.0,,,1.0,0.0,0.0,,,,71.70963800000001,1357.2034007195523,0.14245139683553287
ideal_e1_review_lih_vqe_B5_cad8_seed59,lih_vqe,embedded_review_large_active_space,ideal,e1_review,59,,B5,cadence_sweep,full_contract,parallel_fs,parallel_fs,,0.0,8,14,"{'G0': True, 'GA': True, 'GB': True, 'GC': True, 'GD': True, 'GE': True, 'GF': True, 'GH': True}",replay,True,True,False,False,2026-03-12T02:28:29+00:00,2026-03-12T02:28:30.345236+00:00,0.1.0,113aead,9522.0,0.01603632354736328,0.0368,,,,,,,,1.0,,,,,1.0,,,1.0,0.0,0.0,,,,71.70963800000001,1357.2034007195523,0.14245139683553287
ideal_e1_review_lih_vqe_B5_cad8_seed71,lih_vqe,embedded_review_large_active_space,ideal,e1_review,71,,B5,cadence_sweep,full_contract,parallel_fs,parallel_fs,,0.0,8,14,"{'G0': True, 'GA': True, 'GB': True, 'GC': True, 'GD': True, 'GE': True, 'GF': True, 'GH': True}",replay,True,True,False,False,2026-03-23T21:27:50+00:00,2026-03-23T21:27:51.345236+00:00,0.1.0,113aead,9522.0,0.01603632354736328,0.0368,,,,,,,,1.0,,,,,1.0,,,1.0,0.0,0.0,,,,71.70963800000001,1357.2034007195523,0.14245139683553287
ideal_e1_review_lih_vqe_B5_cad8_seed83,lih_vqe,embedded_review_large_active_space,ideal,e1_review,83,,B5,cadence_sweep,full_contract,parallel_fs,parallel_fs,,0.0,8,14,"{'G0': True, 'GA': True, 'GB': True, 'GC': True, 'GD': True, 'GE': True, 'GF': True, 'GH': True}",replay,True,True,False,False,2026-03-05T23:52:05+00:00,2026-03-05T23:52:06.345236+00:00,0.1.0,113aead,9522.0,0.01603632354736328,0.0368,,,,,,,,1.0,,,,,1.0,,,1.0,0.0,0.0,,,,71.70963800000001,1357.2034007195523,0.14245139683553287
ideal_e1_review_lih_vqe_B5_cad16_seed11,lih_vqe,embedded_review_large_active_space,ideal,e1_review,11,,B5,cadence_sweep,full_contract,parallel_fs,parallel_fs,,0.0,16,14,"{'G0': True, 'GA': True, 'GB': True, 'GC': True, 'GD': True, 'GE': True, 'GF': True, 'GH': True}",replay,True,True,False,False,2026-03-13T07:01:35+00:00,2026-03-13T07:01:36.345237+00:00,0.1.0,113aead,9594.0,0.016036598205566407,0.0368,,,,,,,,1.0,,,,,1.0,,,1.0,0.0,0.0,,,,294.79359000000005,5579.344621186137,0.07425519852924259
ideal_e1_review_lih_vqe_B5_cad16_seed17,lih_vqe,embedded_review_large_active_space,ideal,e1_review,17,,B5,cadence_sweep,full_contract,parallel_fs,parallel_fs,,0.0,16,14,"{'G0': True, 'GA': True, 'GB': True, 'GC': True, 'GD': True, 'GE': True, 'GF': True, 'GH': True}",replay,True,True,False,False,2026-03-29T00:00:51+00:00,2026-03-29T00:00:52.345237+00:00,0.1.0,113aead,9594.0,0.016036598205566407,0.0368,,,,,,,,1.0,,,,,1.0,,,1.0,0.0,0.0,,,,294.79359000000005,5579.344621186137,0.07425519852924259
ideal_e1_review_lih_vqe_B5_cad16_seed23,lih_vqe,embedded_review_large_active_space,ideal,e1_review,23,,B5,cadence_sweep,full_contract,parallel_fs,parallel_fs,,0.0,16,14,"{'G0': True, 'GA': True, 'GB': True, 'GC': True, 'GD': True, 'GE': True, 'GF': True, 'GH': True}",replay,True,True,False,False,2026-03-10T16:38:39+00:00,2026-03-10T16:38:40.345237+00:00,0.1.0,113aead,9594.0,0.016036598205566407,0.0368,,,,,,,,1.0,,,,,1.0,,,1.0,0.0,0.0,,,,294.79359000000005,5579.344621186137,0.07425519852924259
ideal_e1_review_lih_vqe_B5_cad16_seed31,lih_vqe,embedded_review_large_active_space,ideal,e1_review,31,,B5,cadence_sweep,full_contract,parallel_fs,parallel_fs,,0.0,16,14,"{'G0': True, 'GA': True, 'GB': True, 'GC': True, 'GD': True, 'GE': True, 'GF': True, 'GH': True}",replay,True,True,False,False,2026-03-10T18:09:24+00:00,2026-03-10T18:09:25.345237+00:00,0.1.0,113aead,9594.0,0.016036598205566407,0.0368,,,,,,,,1.0,,,,,1.0,,,1.0,0.0,0.0,,,,294.79359000000005,5579.344621186137,0.07425519852924259
ideal_e1_review_lih_vqe_B5_cad16_seed43,lih_vqe,embedded_review_large_active_space,ideal,e1_review,43,,B5,cadence_sweep,full_contract,parallel_fs,parallel_fs,,0.0,16,14,"{'G0': True, 'GA': True, 'GB': True, 'GC': True, 'GD': True, 'GE': True, 'GF': True, 'GH': True}",replay,True,True,False,False,2026-03-10T20:45:11+00:00,2026-03-10T20:45:12.345237+00:00,0.1.0,113aead,9594.0,0.016036598205566407,0.0368,,,,,,,,1.0,,,,,1.0,,,1.0,0.0,0.0,,,,294.79359000000005,5579.344621186137,0.07425519852924259
ideal_e1_review_lih_vqe_B5_cad16_seed59,lih_vqe,embedded_review_large_active_space,ideal,e1_review,59,,B5,cadence_sweep,full_contract,parallel_fs,parallel_fs,,0.0,16,14,"{'G0': True, 'GA': True, 'GB': True, 'GC': True, 'GD': True, 'GE': True, 'GF': True, 'GH': True}",replay,True,True,False,False,2026-03-24T08:54:15+00:00,2026-03-24T08:54:16.345237+00:00,0.1.0,113aead,9594.0,0.016036598205566407,0.0368,,,,,,,,1.0,,,,,1.0,,,1.0,0.0,0.0,,,,294.79359000000005,5579.344621186137,0.07425519852924259
ideal_e1_review_lih_vqe_B5_cad16_seed71,lih_vqe,embedded_review_large_active_space,ideal,e1_review,71,,B5,cadence_sweep,full_contract,parallel_fs,parallel_fs,,0.0,16,14,"{'G0': True, 'GA': True, 'GB': True, 'GC': True, 'GD': True, 'GE': True, 'GF': True, 'GH': True}",replay,True,True,False,False,2026-03-23T03:37:20+00:00,2026-03-23T03:37:21.345237+00:00,0.1.0,113aead,9594.0,0.016036598205566407,0.0368,,,,,,,,1.0,,,,,1.0,,,1.0,0.0,0.0,,,,294.79359000000005,5579.344621186137,0.07425519852924259
ideal_e1_review_lih_vqe_B5_cad16_seed83,lih_vqe,embedded_review_large_active_space,ideal,e1_review,83,,B5,cadence_sweep,full_contract,parallel_fs,parallel_fs,,0.0,16,14,"{'G0': True, 'GA': True, 'GB': True, 'GC': True, 'GD': True, 'GE': True, 'GF': True, 'GH': True}",replay,True,True,False,False,2026-03-05T15:51:49+00:00,2026-03-05T15:51:50.345237+00:00,0.1.0,113aead,9594.0,0.016036598205566407,0.0368,,,,,,,,1.0,,,,,1.0,,,1.0,0.0,0.0,,,,294.79359000000005,5579.344621186137,0.07425519852924259
