run_id,workload_name,workload_variant,setting,evaluation_question,seed,hardware_window,boundary,scenario,baseline_or_ablation,save_backend,restore_backend,restore_backend_pair,delay,cadence,budget_B,artifact_presence,restore_decision,success,stable_continuation,unsafe_restore,over_conservative_block,timestamp_start,timestamp_end,software_version,git_hash,checkpoint_footprint_bytes,save_latency_s,restore_planning_latency_s,recompilation_latency_s,rollback_distance,lost_shots,lost_measurement_groups,recovered_work_fraction,wasted_qpu_work_s,time_to_first_stable_continuation_s,resume_success_rate,post_restore_objective_gap,hellinger_distance,gradient_disagreement,first_step_overshoot,stable_continuation_success,unsafe_restore_rate,over_conservative_block_rate,replay_fraction,migration_fraction,block_fraction,reuse_fraction,redo_fraction,portability_shock,recomputation_avoided_s,cost_quality_score,checkpoint_overhead_pct
ideal_e4_lih_vqe_B4_full_contract_seed11,lih_vqe,embedded_larger_active_space,ideal,e4,11,,B4,ablation_restore,full_contract,parallel_fs,parallel_fs,,0.0,1,12,"{'G0': True, 'GA': True, 'GB': True, 'GC': True, 'GD': True, 'GE': True, 'GF': True, 'GH': True}",replay,True,True,False,False,2026-03-29T02:30:48+00:00,2026-03-29T02:30:49+00:00,0.1.0,,,,,0.0,,,,,,,1.0,,0.12352122784406706,0.19378065340962408,0.0,1.0,0.0,0.0,1.0,0.0,0.0,0.5976,0.4024,,,,
ideal_e4_lih_vqe_B4_full_contract_seed17,lih_vqe,embedded_larger_active_space,ideal,e4,17,,B4,ablation_restore,full_contract,parallel_fs,parallel_fs,,0.0,1,12,"{'G0': True, 'GA': True, 'GB': True, 'GC': True, 'GD': True, 'GE': True, 'GF': True, 'GH': True}",replay,True,True,False,False,2026-03-06T09:58:41+00:00,2026-03-06T09:58:42+00:00,0.1.0,,,,,0.0,,,,,,,1.0,,0.13621960716961592,0.16739948068853577,0.0,1.0,0.0,0.0,1.0,0.0,0.0,0.5976,0.4024,,,,
ideal_e4_lih_vqe_B4_full_contract_seed23,lih_vqe,embedded_larger_active_space,ideal,e4,23,,B4,ablation_restore,full_contract,parallel_fs,parallel_fs,,0.0,1,12,"{'G0': True, 'GA': True, 'GB': True, 'GC': True, 'GD': True, 'GE': True, 'GF': True, 'GH': True}",replay,True,True,False,False,2026-03-11T14:39:08+00:00,2026-03-11T14:39:09+00:00,0.1.0,,,,,0.0,,,,,,,1.0,,0.14409763343768206,0.24742318577509972,0.0,1.0,0.0,0.0,1.0,0.0,0.0,0.5976,0.4024,,,,
ideal_e4_lih_vqe_B4_full_contract_seed31,lih_vqe,embedded_larger_active_space,ideal,e4,31,,B4,ablation_restore,full_contract,parallel_fs,parallel_fs,,0.0,1,12,"{'G0': True, 'GA': True, 'GB': True, 'GC': True, 'GD': True, 'GE': True, 'GF': True, 'GH': True}",replay,True,True,False,False,2026-03-15T16:22:33+00:00,2026-03-15T16:22:34+00:00,0.1.0,,,,,0.0,,,,,,,1.0,,0.1215839047666092,0.1932096210205849,0.0,1.0,0.0,0.0,1.0,0.0,0.0,0.5976,0.4024,,,,
ideal_e4_lih_vqe_B4_full_contract_seed43,lih_vqe,embedded_larger_active_space,ideal,e4,43,,B4,ablation_restore,full_contract,parallel_fs,parallel_fs,,0.0,1,12,"{'G0': True, 'GA': True, 'GB': True, 'GC': True, 'GD': True, 'GE': True, 'GF': True, 'GH': True}",replay,True,True,False,False,2026-03-27T17:46:00+00:00,2026-03-27T17:46:01+00:00,0.1.0,,,,,0.0,,,,,,,1.0,,0.11631191612935701,0.228518068622548,0.0,1.0,0.0,0.0,1.0,0.0,0.0,0.5976,0.4024,,,,
ideal_e4_lih_vqe_B4_full_contract_seed59,lih_vqe,embedded_larger_active_space,ideal,e4,59,,B4,ablation_restore,full_contract,parallel_fs,parallel_fs,,0.0,1,12,"{'G0': True, 'GA': True, 'GB': True, 'GC': True, 'GD': True, 'GE': True, 'GF': True, 'GH': True}",replay,True,True,False,False,2026-03-24T11:05:52+00:00,2026-03-24T11:05:53+00:00,0.1.0,,,,,0.0,,,,,,,1.0,,0.11836504834605885,0.26830718471858006,0.0,1.0,0.0,0.0,1.0,0.0,0.0,0.5976,0.4024,,,,
ideal_e4_lih_vqe_B4_full_contract_seed71,lih_vqe,embedded_larger_active_space,ideal,e4,71,,B4,ablation_restore,full_contract,parallel_fs,parallel_fs,,0.0,1,12,"{'G0': True, 'GA': True, 'GB': True, 'GC': True, 'GD': True, 'GE': True, 'GF': True, 'GH': True}",replay,True,True,False,False,2026-03-13T03:26:36+00:00,2026-03-13T03:26:37+00:00,0.1.0,,,,,0.0,,,,,,,1.0,,0.12695448991726876,0.13125508243228798,0.0,1.0,0.0,0.0,1.0,0.0,0.0,0.5976,0.4024,,,,
ideal_e4_lih_vqe_B4_full_contract_seed83,lih_vqe,embedded_larger_active_space,ideal,e4,83,,B4,ablation_restore,full_contract,parallel_fs,parallel_fs,,0.0,1,12,"{'G0': True, 'GA': True, 'GB': True, 'GC': True, 'GD': True, 'GE': True, 'GF': True, 'GH': True}",replay,True,True,False,False,2026-03-03T04:44:53+00:00,2026-03-03T04:44:54+00:00,0.1.0,,,,,0.0,,,,,,,1.0,,0.17043168026398647,0.18659946839349817,0.0,1.0,0.0,0.0,1.0,0.0,0.0,0.5976,0.4024,,,,
ideal_e4_lih_vqe_B4_full_contract_seed97,lih_vqe,embedded_larger_active_space,ideal,e4,97,,B4,ablation_restore,full_contract,parallel_fs,parallel_fs,,0.0,1,12,"{'G0': True, 'GA': True, 'GB': True, 'GC': True, 'GD': True, 'GE': True, 'GF': True, 'GH': True}",replay,True,True,False,False,2026-03-23T09:11:59+00:00,2026-03-23T09:12:00+00:00,0.1.0,,,,,0.0,,,,,,,1.0,,0.14076299639416498,0.270713896451254,0.0,1.0,0.0,0.0,1.0,0.0,0.0,0.5976,0.4024,,,,
ideal_e4_lih_vqe_B4_full_contract_seed101,lih_vqe,embedded_larger_active_space,ideal,e4,101,,B4,ablation_restore,full_contract,parallel_fs,parallel_fs,,0.0,1,12,"{'G0': True, 'GA': True, 'GB': True, 'GC': True, 'GD': True, 'GE': True, 'GF': True, 'GH': True}",replay,True,True,False,False,2026-03-15T18:28:17+00:00,2026-03-15T18:28:18+00:00,0.1.0,,,,,0.0,,,,,,,1.0,,0.1485158911062471,0.28637095658487594,0.0,1.0,0.0,0.0,1.0,0.0,0.0,0.5976,0.4024,,,,
ideal_e4_lih_vqe_B4_full_contract_seed107,lih_vqe,embedded_larger_active_space,ideal,e4,107,,B4,ablation_restore,full_contract,parallel_fs,parallel_fs,,0.0,1,12,"{'G0': True, 'GA': True, 'GB': True, 'GC': True, 'GD': True, 'GE': True, 'GF': True, 'GH': True}",replay,True,True,False,False,2026-03-30T00:27:25+00:00,2026-03-30T00:27:26+00:00,0.1.0,,,,,0.0,,,,,,,1.0,,0.09878926446629975,0.16519984424327783,0.0,1.0,0.0,0.0,1.0,0.0,0.0,0.5976,0.4024,,,,
ideal_e4_lih_vqe_B4_full_contract_seed113,lih_vqe,embedded_larger_active_space,ideal,e4,113,,B4,ablation_restore,full_contract,parallel_fs,parallel_fs,,0.0,1,12,"{'G0': True, 'GA': True, 'GB': True, 'GC': True, 'GD': True, 'GE': True, 'GF': True, 'GH': True}",replay,True,True,False,False,2026-03-27T19:23:29+00:00,2026-03-27T19:23:30+00:00,0.1.0,,,,,0.0,,,,,,,1.0,,0.08256289539460285,0.17035009580481145,0.0,1.0,0.0,0.0,1.0,0.0,0.0,0.5976,0.4024,,,,
ideal_e4_lih_vqe_B4_no_optimizer_memory_seed11,lih_vqe,embedded_larger_active_space,ideal,e4,11,,B4,ablation_restore,no_optimizer_memory,parallel_fs,parallel_fs,,0.0,1,12,"{'G0': True, 'GA': True, 'GB': False, 'GC': True, 'GD': True, 'GE': True, 'GF': True, 'GH': True}",replay,True,True,False,False,2026-03-06T13:44:30+00:00,2026-03-06T13:44:31.025138+00:00,0.1.0,,,,,0.0,,,,,,,1.0,,0.10500023030348127,0.1628801933585411,0.025137906879703742,1.0,0.0,0.0,1.0,0.0,0.0,0.4536,0.5464,,,,
ideal_e4_lih_vqe_B4_no_optimizer_memory_seed17,lih_vqe,embedded_larger_active_space,ideal,e4,17,,B4,ablation_restore,no_optimizer_memory,parallel_fs,parallel_fs,,0.0,1,12,"{'G0': True, 'GA': True, 'GB': False, 'GC': True, 'GD': True, 'GE': True, 'GF': True, 'GH': True}",replay,True,True,False,False,2026-03-25T18:48:12+00:00,2026-03-25T18:48:13.021367+00:00,0.1.0,,,,,0.0,,,,,,,1.0,,0.10832440705045372,0.14280641201868247,0.021366762281345153,1.0,0.0,0.0,1.0,0.0,0.0,0.4536,0.5464,,,,
ideal_e4_lih_vqe_B4_no_optimizer_memory_seed23,lih_vqe,embedded_larger_active_space,ideal,e4,23,,B4,ablation_restore,no_optimizer_memory,parallel_fs,parallel_fs,,0.0,1,12,"{'G0': True, 'GA': True, 'GB': False, 'GC': True, 'GD': True, 'GE': True, 'GF': True, 'GH': True}",replay,True,True,False,False,2026-03-20T05:35:52+00:00,2026-03-20T05:35:53.022673+00:00,0.1.0,,,,,0.0,,,,,,,1.0,,0.11785691940569128,0.20523161313874913,0.0226730438783056,1.0,0.0,0.0,1.0,0.0,0.0,0.4536,0.5464,,,,
ideal_e4_lih_vqe_B4_no_optimizer_memory_seed31,lih_vqe,embedded_larger_active_space,ideal,e4,31,,B4,ablation_restore,no_optimizer_memory,parallel_fs,parallel_fs,,0.0,1,12,"{'G0': True, 'GA': True, 'GB': False, 'GC': True, 'GD': True, 'GE': True, 'GF': True, 'GH': True}",replay,True,True,False,False,2026-03-05T22:05:28+00:00,2026-03-05T22:05:29.019882+00:00,0.1.0,,,,,0.0,,,,,,,1.0,,0.10744196665559601,0.1644425664775052,0.019881874491093576,1.0,0.0,0.0,1.0,0.0,0.0,0.4536,0.5464,,,,
ideal_e4_lih_vqe_B4_no_optimizer_memory_seed43,lih_vqe,embedded_larger_active_space,ideal,e4,43,,B4,ablation_restore,no_optimizer_memory,parallel_fs,parallel_fs,,0.0,1,12,"{'G0': True, 'GA': True, 'GB': False, 'GC': True, 'GD': True, 'GE': True, 'GF': True, 'GH': True}",replay,True,True,False,False,2026-03-12T02:30:44+00:00,2026-03-12T02:30:45.015809+00:00,0.1.0,,,,,0.0,,,,,,,1.0,,0.09693729627411132,0.18788682327479117,0.015809285256247918,1.0,0.0,0.0,1.0,0.0,0.0,0.4536,0.5464,,,,
ideal_e4_lih_vqe_B4_no_optimizer_memory_seed59,lih_vqe,embedded_larger_active_space,ideal,e4,59,,B4,ablation_restore,no_optimizer_memory,parallel_fs,parallel_fs,,0.0,1,12,"{'G0': True, 'GA': True, 'GB': False, 'GC': True, 'GD': True, 'GE': True, 'GF': True, 'GH': True}",replay,True,True,False,False,2026-03-03T06:28:35+00:00,2026-03-03T06:28:36.019676+00:00,0.1.0,,,,,0.0,,,,,,,1.0,,0.1055408566228733,0.2223236885428065,0.019676377991535432,1.0,0.0,0.0,1.0,0.0,0.0,0.4536,0.5464,,,,
ideal_e4_lih_vqe_B4_no_optimizer_memory_seed71,lih_vqe,embedded_larger_active_space,ideal,e4,71,,B4,ablation_restore,no_optimizer_memory,parallel_fs,parallel_fs,,0.0,1,12,"{'G0': True, 'GA': True, 'GB': False, 'GC': True, 'GD': True, 'GE': True, 'GF': True, 'GH': True}",replay,True,True,False,False,2026-03-08T08:14:54+00:00,2026-03-08T08:14:55.025209+00:00,0.1.0,,,,,0.0,,,,,,,1.0,,0.1084941823045088,0.11005965607198732,0.025209079366165454,1.0,0.0,0.0,1.0,0.0,0.0,0.4536,0.5464,,,,
ideal_e4_lih_vqe_B4_no_optimizer_memory_seed83,lih_vqe,embedded_larger_active_space,ideal,e4,83,,B4,ablation_restore,no_optimizer_memory,parallel_fs,parallel_fs,,0.0,1,12,"{'G0': True, 'GA': True, 'GB': False, 'GC': True, 'GD': True, 'GE': True, 'GF': True, 'GH': True}",replay,True,True,False,False,2026-03-11T14:57:33+00:00,2026-03-11T14:57:34.032697+00:00,0.1.0,,,,,0.0,,,,,,,1.0,,0.14217485837783705,0.15336599238692095,0.032696503100926755,1.0,0.0,0.0,1.0,0.0,0.0,0.4536,0.5464,,,,
ideal_e4_lih_vqe_B4_no_optimizer_memory_seed97,lih_vqe,embedded_larger_active_space,ideal,e4,97,,B4,ablation_restore,no_optimizer_memory,parallel_fs,parallel_fs,,0.0,1,12,"{'G0': True, 'GA': True, 'GB': False, 'GC': True, 'GD': True, 'GE': True, 'GF': True, 'GH': True}",replay,True,True,False,False,2026-03-22T20:37:53+00:00,2026-03-22T20:37:54.019962+00:00,0.1.0,,,,,0.0,,,,,,,1.0,,0.1220381859028563,0.225959288023316,0.01996206841125847,1.0,0.0,0.0,1.0,0.0,0.0,0.4536,0.5464,,,,
ideal_e4_lih_vqe_B4_no_optimizer_memory_seed101,lih_vqe,embedded_larger_active_space,ideal,e4,101,,B4,ablation_restore,no_optimizer_memory,parallel_fs,parallel_fs,,0.0,1,12,"{'G0': True, 'GA': True, 'GB': False, 'GC': True, 'GD': True, 'GE': True, 'GF': True, 'GH': True}",replay,True,True,False,False,2026-03-29T15:09:15+00:00,2026-03-29T15:09:16.021405+00:00,0.1.0,,,,,0.0,,,,,,,1.0,,0.13101284893897627,0.2397142423031251,0.021404700049862946,1.0,0.0,0.0,1.0,0.0,0.0,0.4536,0.5464,,,,
ideal_e4_lih_vqe_B4_no_optimizer_memory_seed107,lih_vqe,embedded_larger_active_space,ideal,e4,107,,B4,ablation_restore,no_optimizer_memory,parallel_fs,parallel_fs,,0.0,1,12,"{'G0': True, 'GA': True, 'GB': False, 'GC': True, 'GD': True, 'GE': True, 'GF': True, 'GH': True}",replay,True,True,False,False,2026-03-19T15:21:16+00:00,2026-03-19T15:21:17.014978+00:00,0.1.0,,,,,0.0,,,,,,,1.0,,0.08746286871634698,0.13965635369175572,0.014977628809882404,1.0,0.0,0.0,1.0,0.0,0.0,0.4536,0.5464,,,,
ideal_e4_lih_vqe_B4_no_optimizer_memory_seed113,lih_vqe,embedded_larger_active_space,ideal,e4,113,,B4,ablation_restore,no_optimizer_memory,parallel_fs,parallel_fs,,0.0,1,12,"{'G0': True, 'GA': True, 'GB': False, 'GC': True, 'GD': True, 'GE': True, 'GF': True, 'GH': True}",replay,True,True,False,False,2026-03-23T22:22:08+00:00,2026-03-23T22:22:09.016836+00:00,0.1.0,,,,,0.0,,,,,,,1.0,,0.07633230951667824,0.14070500505187836,0.016836294526265227,1.0,0.0,0.0,1.0,0.0,0.0,0.4536,0.5464,,,,
ideal_e4_lih_vqe_B4_no_measurement_ledger_seed11,lih_vqe,embedded_larger_active_space,ideal,e4,11,,B4,ablation_restore,no_measurement_ledger,parallel_fs,parallel_fs,,0.0,1,12,"{'G0': True, 'GA': True, 'GB': True, 'GC': True, 'GD': False, 'GE': True, 'GF': True, 'GH': True}",replay,True,True,False,False,2026-03-10T07:35:59+00:00,2026-03-10T07:36:00+00:00,0.1.0,,,,,0.0,,,,,,,1.0,,0.12352122784406706,0.19378065340962408,0.0,1.0,0.0,0.0,1.0,0.0,0.0,0.5976,0.4024,,,,
ideal_e4_lih_vqe_B4_no_measurement_ledger_seed17,lih_vqe,embedded_larger_active_space,ideal,e4,17,,B4,ablation_restore,no_measurement_ledger,parallel_fs,parallel_fs,,0.0,1,12,"{'G0': True, 'GA': True, 'GB': True, 'GC': True, 'GD': False, 'GE': True, 'GF': True, 'GH': True}",replay,True,True,False,False,2026-03-18T06:00:24+00:00,2026-03-18T06:00:25+00:00,0.1.0,,,,,0.0,,,,,,,1.0,,0.13621960716961592,0.16739948068853577,0.0,1.0,0.0,0.0,1.0,0.0,0.0,0.5976,0.4024,,,,
ideal_e4_lih_vqe_B4_no_measurement_ledger_seed23,lih_vqe,embedded_larger_active_space,ideal,e4,23,,B4,ablation_restore,no_measurement_ledger,parallel_fs,parallel_fs,,0.0,1,12,"{'G0': True, 'GA': True, 'GB': True, 'GC': True, 'GD': False, 'GE': True, 'GF': True, 'GH': True}",replay,True,True,False,False,2026-03-08T19:36:24+00:00,2026-03-08T19:36:25+00:00,0.1.0,,,,,0.0,,,,,,,1.0,,0.14409763343768206,0.24742318577509972,0.0,1.0,0.0,0.0,1.0,0.0,0.0,0.5976,0.4024,,,,
ideal_e4_lih_vqe_B4_no_measurement_ledger_seed31,lih_vqe,embedded_larger_active_space,ideal,e4,31,,B4,ablation_restore,no_measurement_ledger,parallel_fs,parallel_fs,,0.0,1,12,"{'G0': True, 'GA': True, 'GB': True, 'GC': True, 'GD': False, 'GE': True, 'GF': True, 'GH': True}",replay,True,True,False,False,2026-03-15T11:18:16+00:00,2026-03-15T11:18:17+00:00,0.1.0,,,,,0.0,,,,,,,1.0,,0.1215839047666092,0.1932096210205849,0.0,1.0,0.0,0.0,1.0,0.0,0.0,0.5976,0.4024,,,,
ideal_e4_lih_vqe_B4_no_measurement_ledger_seed43,lih_vqe,embedded_larger_active_space,ideal,e4,43,,B4,ablation_restore,no_measurement_ledger,parallel_fs,parallel_fs,,0.0,1,12,"{'G0': True, 'GA': True, 'GB': True, 'GC': True, 'GD': False, 'GE': True, 'GF': True, 'GH': True}",replay,True,True,False,False,2026-03-29T09:33:58+00:00,2026-03-29T09:33:59+00:00,0.1.0,,,,,0.0,,,,,,,1.0,,0.11631191612935701,0.228518068622548,0.0,1.0,0.0,0.0,1.0,0.0,0.0,0.5976,0.4024,,,,
ideal_e4_lih_vqe_B4_no_measurement_ledger_seed59,lih_vqe,embedded_larger_active_space,ideal,e4,59,,B4,ablation_restore,no_measurement_ledger,parallel_fs,parallel_fs,,0.0,1,12,"{'G0': True, 'GA': True, 'GB': True, 'GC': True, 'GD': False, 'GE': True, 'GF': True, 'GH': True}",replay,True,True,False,False,2026-03-26T16:26:57+00:00,2026-03-26T16:26:58+00:00,0.1.0,,,,,0.0,,,,,,,1.0,,0.11836504834605885,0.26830718471858006,0.0,1.0,0.0,0.0,1.0,0.0,0.0,0.5976,0.4024,,,,
ideal_e4_lih_vqe_B4_no_measurement_ledger_seed71,lih_vqe,embedded_larger_active_space,ideal,e4,71,,B4,ablation_restore,no_measurement_ledger,parallel_fs,parallel_fs,,0.0,1,12,"{'G0': True, 'GA': True, 'GB': True, 'GC': True, 'GD': False, 'GE': True, 'GF': True, 'GH': True}",replay,True,True,False,False,2026-03-15T20:39:07+00:00,2026-03-15T20:39:08+00:00,0.1.0,,,,,0.0,,,,,,,1.0,,0.12695448991726876,0.13125508243228798,0.0,1.0,0.0,0.0,1.0,0.0,0.0,0.5976,0.4024,,,,
ideal_e4_lih_vqe_B4_no_measurement_ledger_seed83,lih_vqe,embedded_larger_active_space,ideal,e4,83,,B4,ablation_restore,no_measurement_ledger,parallel_fs,parallel_fs,,0.0,1,12,"{'G0': True, 'GA': True, 'GB': True, 'GC': True, 'GD': False, 'GE': True, 'GF': True, 'GH': True}",replay,True,True,False,False,2026-03-20T03:21:19+00:00,2026-03-20T03:21:20+00:00,0.1.0,,,,,0.0,,,,,,,1.0,,0.17043168026398647,0.18659946839349817,0.0,1.0,0.0,0.0,1.0,0.0,0.0,0.5976,0.4024,,,,
ideal_e4_lih_vqe_B4_no_measurement_ledger_seed97,lih_vqe,embedded_larger_active_space,ideal,e4,97,,B4,ablation_restore,no_measurement_ledger,parallel_fs,parallel_fs,,0.0,1,12,"{'G0': True, 'GA': True, 'GB': True, 'GC': True, 'GD': False, 'GE': True, 'GF': True, 'GH': True}",replay,True,True,False,False,2026-03-01T04:43:22+00:00,2026-03-01T04:43:23+00:00,0.1.0,,,,,0.0,,,,,,,1.0,,0.14076299639416498,0.270713896451254,0.0,1.0,0.0,0.0,1.0,0.0,0.0,0.5976,0.4024,,,,
ideal_e4_lih_vqe_B4_no_measurement_ledger_seed101,lih_vqe,embedded_larger_active_space,ideal,e4,101,,B4,ablation_restore,no_measurement_ledger,parallel_fs,parallel_fs,,0.0,1,12,"{'G0': True, 'GA': True, 'GB': True, 'GC': True, 'GD': False, 'GE': True, 'GF': True, 'GH': True}",replay,True,True,False,False,2026-03-01T00:33:38+00:00,2026-03-01T00:33:39+00:00,0.1.0,,,,,0.0,,,,,,,1.0,,0.1485158911062471,0.28637095658487594,0.0,1.0,0.0,0.0,1.0,0.0,0.0,0.5976,0.4024,,,,
ideal_e4_lih_vqe_B4_no_measurement_ledger_seed107,lih_vqe,embedded_larger_active_space,ideal,e4,107,,B4,ablation_restore,no_measurement_ledger,parallel_fs,parallel_fs,,0.0,1,12,"{'G0': True, 'GA': True, 'GB': True, 'GC': True, 'GD': False, 'GE': True, 'GF': True, 'GH': True}",replay,True,True,False,False,2026-03-07T16:35:50+00:00,2026-03-07T16:35:51+00:00,0.1.0,,,,,0.0,,,,,,,1.0,,0.09878926446629975,0.16519984424327783,0.0,1.0,0.0,0.0,1.0,0.0,0.0,0.5976,0.4024,,,,
ideal_e4_lih_vqe_B4_no_measurement_ledger_seed113,lih_vqe,embedded_larger_active_space,ideal,e4,113,,B4,ablation_restore,no_measurement_ledger,parallel_fs,parallel_fs,,0.0,1,12,"{'G0': True, 'GA': True, 'GB': True, 'GC': True, 'GD': False, 'GE': True, 'GF': True, 'GH': True}",replay,True,True,False,False,2026-03-13T13:38:35+00:00,2026-03-13T13:38:36+00:00,0.1.0,,,,,0.0,,,,,,,1.0,,0.08256289539460285,0.17035009580481145,0.0,1.0,0.0,0.0,1.0,0.0,0.0,0.5976,0.4024,,,,
ideal_e4_lih_vqe_B4_no_estimation_mitigation_state_seed11,lih_vqe,embedded_larger_active_space,ideal,e4,11,,B4,ablation_restore,no_estimation_mitigation_state,parallel_fs,parallel_fs,,0.0,1,12,"{'G0': True, 'GA': True, 'GB': True, 'GC': True, 'GD': True, 'GE': False, 'GF': True, 'GH': True}",replay,True,True,False,False,2026-03-21T18:25:04+00:00,2026-03-21T18:25:05+00:00,0.1.0,,,,,0.0,,,,,,,1.0,,0.13179094495068958,0.2614163946937909,0.0,1.0,0.0,0.0,1.0,0.0,0.0,0.5616,0.4384,,,,
ideal_e4_lih_vqe_B4_no_estimation_mitigation_state_seed17,lih_vqe,embedded_larger_active_space,ideal,e4,17,,B4,ablation_restore,no_estimation_mitigation_state,parallel_fs,parallel_fs,,0.0,1,12,"{'G0': True, 'GA': True, 'GB': True, 'GC': True, 'GD': True, 'GE': False, 'GF': True, 'GH': True}",replay,True,True,False,False,2026-03-06T23:07:58+00:00,2026-03-06T23:07:59+00:00,0.1.0,,,,,0.0,,,,,,,1.0,,0.19816396951573856,0.2354413988131929,0.0,1.0,0.0,0.0,1.0,0.0,0.0,0.5616,0.4384,,,,
ideal_e4_lih_vqe_B4_no_estimation_mitigation_state_seed23,lih_vqe,embedded_larger_active_space,ideal,e4,23,,B4,ablation_restore,no_estimation_mitigation_state,parallel_fs,parallel_fs,,0.0,1,12,"{'G0': True, 'GA': True, 'GB': True, 'GC': True, 'GD': True, 'GE': False, 'GF': True, 'GH': True}",replay,True,True,False,False,2026-03-17T20:50:48+00:00,2026-03-17T20:50:49+00:00,0.1.0,,,,,0.0,,,,,,,1.0,,0.2085235108252655,0.32255903511668516,0.0,1.0,0.0,0.0,1.0,0.0,0.0,0.5616,0.4384,,,,
ideal_e4_lih_vqe_B4_no_estimation_mitigation_state_seed31,lih_vqe,embedded_larger_active_space,ideal,e4,31,,B4,ablation_restore,no_estimation_mitigation_state,parallel_fs,parallel_fs,,0.0,1,12,"{'G0': True, 'GA': True, 'GB': True, 'GC': True, 'GD': True, 'GE': False, 'GF': True, 'GH': True}",replay,True,True,False,False,2026-03-07T04:16:42+00:00,2026-03-07T04:16:43+00:00,0.1.0,,,,,0.0,,,,,,,1.0,,0.18690553093499543,0.26207718001451147,0.0,1.0,0.0,0.0,1.0,0.0,0.0,0.5616,0.4384,,,,
ideal_e4_lih_vqe_B4_no_estimation_mitigation_state_seed43,lih_vqe,embedded_larger_active_space,ideal,e4,43,,B4,ablation_restore,no_estimation_mitigation_state,parallel_fs,parallel_fs,,0.0,1,12,"{'G0': True, 'GA': True, 'GB': True, 'GC': True, 'GD': True, 'GE': False, 'GF': True, 'GH': True}",replay,True,True,False,False,2026-03-24T23:00:48+00:00,2026-03-24T23:00:49+00:00,0.1.0,,,,,0.0,,,,,,,1.0,,0.18333711607696,0.30335081773858746,0.0,1.0,0.0,0.0,1.0,0.0,0.0,0.5616,0.4384,,,,
ideal_e4_lih_vqe_B4_no_estimation_mitigation_state_seed59,lih_vqe,embedded_larger_active_space,ideal,e4,59,,B4,ablation_restore,no_estimation_mitigation_state,parallel_fs,parallel_fs,,0.0,1,12,"{'G0': True, 'GA': True, 'GB': True, 'GC': True, 'GD': True, 'GE': False, 'GF': True, 'GH': True}",replay,True,True,False,False,2026-03-30T12:54:13+00:00,2026-03-30T12:54:14+00:00,0.1.0,,,,,0.0,,,,,,,1.0,,0.18426063830957928,0.34854187355176935,0.0,1.0,0.0,0.0,1.0,0.0,0.0,0.5616,0.4384,,,,
ideal_e4_lih_vqe_B4_no_estimation_mitigation_state_seed71,lih_vqe,embedded_larger_active_space,ideal,e4,71,,B4,ablation_restore,no_estimation_mitigation_state,parallel_fs,parallel_fs,,0.0,1,12,"{'G0': True, 'GA': True, 'GB': True, 'GC': True, 'GD': True, 'GE': False, 'GF': True, 'GH': True}",replay,True,True,False,False,2026-03-20T16:21:56+00:00,2026-03-20T16:21:57+00:00,0.1.0,,,,,0.0,,,,,,,1.0,,0.1909981703872966,0.1730368383493358,0.0,1.0,0.0,0.0,1.0,0.0,0.0,0.5616,0.4384,,,,
ideal_e4_lih_vqe_B4_no_estimation_mitigation_state_seed83,lih_vqe,embedded_larger_active_space,ideal,e4,83,,B4,ablation_restore,no_estimation_mitigation_state,parallel_fs,parallel_fs,,0.0,1,12,"{'G0': True, 'GA': True, 'GB': True, 'GC': True, 'GD': True, 'GE': False, 'GF': True, 'GH': True}",replay,True,True,False,False,2026-03-06T14:00:40+00:00,2026-03-06T14:00:41+00:00,0.1.0,,,,,0.0,,,,,,,1.0,,0.18039905614494664,0.20199625945970573,0.0,1.0,0.0,0.0,1.0,0.0,0.0,0.5616,0.4384,,,,
ideal_e4_lih_vqe_B4_no_estimation_mitigation_state_seed97,lih_vqe,embedded_larger_active_space,ideal,e4,97,,B4,ablation_restore,no_estimation_mitigation_state,parallel_fs,parallel_fs,,0.0,1,12,"{'G0': True, 'GA': True, 'GB': True, 'GC': True, 'GD': True, 'GE': False, 'GF': True, 'GH': True}",replay,True,True,False,False,2026-03-04T13:34:44+00:00,2026-03-04T13:34:45+00:00,0.1.0,,,,,0.0,,,,,,,1.0,,0.20194861431948485,0.36058181962301417,0.0,1.0,0.0,0.0,1.0,0.0,0.0,0.5616,0.4384,,,,
ideal_e4_lih_vqe_B4_no_estimation_mitigation_state_seed101,lih_vqe,embedded_larger_active_space,ideal,e4,101,,B4,ablation_restore,no_estimation_mitigation_state,parallel_fs,parallel_fs,,0.0,1,12,"{'G0': True, 'GA': True, 'GB': True, 'GC': True, 'GD': True, 'GE': False, 'GF': True, 'GH': True}",replay,True,True,False,False,2026-03-06T11:53:44+00:00,2026-03-06T11:53:45+00:00,0.1.0,,,,,0.0,,,,,,,1.0,,0.20854110788407024,0.3719175041196508,0.0,1.0,0.0,0.0,1.0,0.0,0.0,0.5616,0.4384,,,,
ideal_e4_lih_vqe_B4_no_estimation_mitigation_state_seed107,lih_vqe,embedded_larger_active_space,ideal,e4,107,,B4,ablation_restore,no_estimation_mitigation_state,parallel_fs,parallel_fs,,0.0,1,12,"{'G0': True, 'GA': True, 'GB': True, 'GC': True, 'GD': True, 'GE': False, 'GF': True, 'GH': True}",replay,True,True,False,False,2026-03-11T08:03:17+00:00,2026-03-11T08:03:18+00:00,0.1.0,,,,,0.0,,,,,,,1.0,,0.17512450611197958,0.22647783925899184,0.0,1.0,0.0,0.0,1.0,0.0,0.0,0.5616,0.4384,,,,
ideal_e4_lih_vqe_B4_no_estimation_mitigation_state_seed113,lih_vqe,embedded_larger_active_space,ideal,e4,113,,B4,ablation_restore,no_estimation_mitigation_state,parallel_fs,parallel_fs,,0.0,1,12,"{'G0': True, 'GA': True, 'GB': True, 'GC': True, 'GD': True, 'GE': False, 'GF': True, 'GH': True}",replay,True,True,False,False,2026-03-03T10:35:58+00:00,2026-03-03T10:35:59+00:00,0.1.0,,,,,0.0,,,,,,,1.0,,0.15116737385903065,0.21842090652181181,0.0,1.0,0.0,0.0,1.0,0.0,0.0,0.5616,0.4384,,,,
ideal_e4_lih_vqe_B4_no_backend_snapshot_seed11,lih_vqe,embedded_larger_active_space,ideal,e4,11,,B4,ablation_restore,no_backend_snapshot,parallel_fs,parallel_fs,,0.0,1,12,"{'G0': True, 'GA': True, 'GB': True, 'GC': True, 'GD': True, 'GE': True, 'GF': False, 'GH': True}",replay,True,True,False,False,2026-03-06T23:29:40+00:00,2026-03-06T23:29:41+00:00,0.1.0,,,,,0.0,,,,,,,1.0,,0.12352122784406706,0.19378065340962408,0.0,1.0,0.0,0.0,1.0,0.0,0.0,0.5256000000000001,0.47439999999999993,,,,
ideal_e4_lih_vqe_B4_no_backend_snapshot_seed17,lih_vqe,embedded_larger_active_space,ideal,e4,17,,B4,ablation_restore,no_backend_snapshot,parallel_fs,parallel_fs,,0.0,1,12,"{'G0': True, 'GA': True, 'GB': True, 'GC': True, 'GD': True, 'GE': True, 'GF': False, 'GH': True}",replay,True,True,False,False,2026-03-16T22:43:20+00:00,2026-03-16T22:43:21+00:00,0.1.0,,,,,0.0,,,,,,,1.0,,0.13621960716961592,0.16739948068853577,0.0,1.0,0.0,0.0,1.0,0.0,0.0,0.5256000000000001,0.47439999999999993,,,,
ideal_e4_lih_vqe_B4_no_backend_snapshot_seed23,lih_vqe,embedded_larger_active_space,ideal,e4,23,,B4,ablation_restore,no_backend_snapshot,parallel_fs,parallel_fs,,0.0,1,12,"{'G0': True, 'GA': True, 'GB': True, 'GC': True, 'GD': True, 'GE': True, 'GF': False, 'GH': True}",replay,True,True,False,False,2026-03-02T07:27:53+00:00,2026-03-02T07:27:54+00:00,0.1.0,,,,,0.0,,,,,,,1.0,,0.14409763343768206,0.24742318577509972,0.0,1.0,0.0,0.0,1.0,0.0,0.0,0.5256000000000001,0.47439999999999993,,,,
ideal_e4_lih_vqe_B4_no_backend_snapshot_seed31,lih_vqe,embedded_larger_active_space,ideal,e4,31,,B4,ablation_restore,no_backend_snapshot,parallel_fs,parallel_fs,,0.0,1,12,"{'G0': True, 'GA': True, 'GB': True, 'GC': True, 'GD': True, 'GE': True, 'GF': False, 'GH': True}",replay,True,True,False,False,2026-03-18T15:55:01+00:00,2026-03-18T15:55:02+00:00,0.1.0,,,,,0.0,,,,,,,1.0,,0.1215839047666092,0.1932096210205849,0.0,1.0,0.0,0.0,1.0,0.0,0.0,0.5256000000000001,0.47439999999999993,,,,
ideal_e4_lih_vqe_B4_no_backend_snapshot_seed43,lih_vqe,embedded_larger_active_space,ideal,e4,43,,B4,ablation_restore,no_backend_snapshot,parallel_fs,parallel_fs,,0.0,1,12,"{'G0': True, 'GA': True, 'GB': True, 'GC': True, 'GD': True, 'GE': True, 'GF': False, 'GH': True}",replay,True,True,False,False,2026-03-06T00:50:31+00:00,2026-03-06T00:50:32+00:00,0.1.0,,,,,0.0,,,,,,,1.0,,0.11631191612935701,0.228518068622548,0.0,1.0,0.0,0.0,1.0,0.0,0.0,0.5256000000000001,0.47439999999999993,,,,
ideal_e4_lih_vqe_B4_no_backend_snapshot_seed59,lih_vqe,embedded_larger_active_space,ideal,e4,59,,B4,ablation_restore,no_backend_snapshot,parallel_fs,parallel_fs,,0.0,1,12,"{'G0': True, 'GA': True, 'GB': True, 'GC': True, 'GD': True, 'GE': True, 'GF': False, 'GH': True}",replay,True,True,False,False,2026-03-30T17:05:35+00:00,2026-03-30T17:05:36+00:00,0.1.0,,,,,0.0,,,,,,,1.0,,0.11836504834605885,0.26830718471858006,0.0,1.0,0.0,0.0,1.0,0.0,0.0,0.5256000000000001,0.47439999999999993,,,,
ideal_e4_lih_vqe_B4_no_backend_snapshot_seed71,lih_vqe,embedded_larger_active_space,ideal,e4,71,,B4,ablation_restore,no_backend_snapshot,parallel_fs,parallel_fs,,0.0,1,12,"{'G0': True, 'GA': True, 'GB': True, 'GC': True, 'GD': True, 'GE': True, 'GF': False, 'GH': True}",replay,True,True,False,False,2026-03-26T06:47:48+00:00,2026-03-26T06:47:49+00:00,0.1.0,,,,,0.0,,,,,,,1.0,,0.12695448991726876,0.13125508243228798,0.0,1.0,0.0,0.0,1.0,0.0,0.0,0.5256000000000001,0.47439999999999993,,,,
ideal_e4_lih_vqe_B4_no_backend_snapshot_seed83,lih_vqe,embedded_larger_active_space,ideal,e4,83,,B4,ablation_restore,no_backend_snapshot,parallel_fs,parallel_fs,,0.0,1,12,"{'G0': True, 'GA': True, 'GB': True, 'GC': True, 'GD': True, 'GE': True, 'GF': False, 'GH': True}",replay,True,True,False,False,2026-03-26T14:32:09+00:00,2026-03-26T14:32:10+00:00,0.1.0,,,,,0.0,,,,,,,1.0,,0.17043168026398647,0.18659946839349817,0.0,1.0,0.0,0.0,1.0,0.0,0.0,0.5256000000000001,0.47439999999999993,,,,
ideal_e4_lih_vqe_B4_no_backend_snapshot_seed97,lih_vqe,embedded_larger_active_space,ideal,e4,97,,B4,ablation_restore,no_backend_snapshot,parallel_fs,parallel_fs,,0.0,1,12,"{'G0': True, 'GA': True, 'GB': True, 'GC': True, 'GD': True, 'GE': True, 'GF': False, 'GH': True}",replay,True,True,False,False,2026-03-04T14:48:07+00:00,2026-03-04T14:48:08+00:00,0.1.0,,,,,0.0,,,,,,,1.0,,0.14076299639416498,0.270713896451254,0.0,1.0,0.0,0.0,1.0,0.0,0.0,0.5256000000000001,0.47439999999999993,,,,
ideal_e4_lih_vqe_B4_no_backend_snapshot_seed101,lih_vqe,embedded_larger_active_space,ideal,e4,101,,B4,ablation_restore,no_backend_snapshot,parallel_fs,parallel_fs,,0.0,1,12,"{'G0': True, 'GA': True, 'GB': True, 'GC': True, 'GD': True, 'GE': True, 'GF': False, 'GH': True}",replay,True,True,False,False,2026-03-14T03:04:56+00:00,2026-03-14T03:04:57+00:00,0.1.0,,,,,0.0,,,,,,,1.0,,0.1485158911062471,0.28637095658487594,0.0,1.0,0.0,0.0,1.0,0.0,0.0,0.5256000000000001,0.47439999999999993,,,,
ideal_e4_lih_vqe_B4_no_backend_snapshot_seed107,lih_vqe,embedded_larger_active_space,ideal,e4,107,,B4,ablation_restore,no_backend_snapshot,parallel_fs,parallel_fs,,0.0,1,12,"{'G0': True, 'GA': True, 'GB': True, 'GC': True, 'GD': True, 'GE': True, 'GF': False, 'GH': True}",replay,True,True,False,False,2026-03-18T05:05:37+00:00,2026-03-18T05:05:38+00:00,0.1.0,,,,,0.0,,,,,,,1.0,,0.09878926446629975,0.16519984424327783,0.0,1.0,0.0,0.0,1.0,0.0,0.0,0.5256000000000001,0.47439999999999993,,,,
ideal_e4_lih_vqe_B4_no_backend_snapshot_seed113,lih_vqe,embedded_larger_active_space,ideal,e4,113,,B4,ablation_restore,no_backend_snapshot,parallel_fs,parallel_fs,,0.0,1,12,"{'G0': True, 'GA': True, 'GB': True, 'GC': True, 'GD': True, 'GE': True, 'GF': False, 'GH': True}",replay,True,True,False,False,2026-03-22T18:42:39+00:00,2026-03-22T18:42:40+00:00,0.1.0,,,,,0.0,,,,,,,1.0,,0.08256289539460285,0.17035009580481145,0.0,1.0,0.0,0.0,1.0,0.0,0.0,0.5256000000000001,0.47439999999999993,,,,
ideal_e4_lih_vqe_B4_no_geometry_seed11,lih_vqe,embedded_larger_active_space,ideal,e4,11,,B4,ablation_restore,no_geometry,parallel_fs,parallel_fs,,0.0,1,12,"{'G0': True, 'GA': True, 'GB': True, 'GC': True, 'GD': True, 'GE': True, 'GF': True, 'GH': False}",replay,True,True,False,False,2026-03-22T01:36:48+00:00,2026-03-22T01:36:49+00:00,0.1.0,,,,,0.0,,,,,,,1.0,,0.2166936380983977,0.2879238967668876,0.0,1.0,0.0,0.0,1.0,0.0,0.0,0.5256000000000001,0.47439999999999993,,,,
ideal_e4_lih_vqe_B4_no_geometry_seed17,lih_vqe,embedded_larger_active_space,ideal,e4,17,,B4,ablation_restore,no_geometry,parallel_fs,parallel_fs,,0.0,1,12,"{'G0': True, 'GA': True, 'GB': True, 'GC': True, 'GD': True, 'GE': True, 'GF': True, 'GH': False}",replay,True,True,False,False,2026-03-03T09:42:46+00:00,2026-03-03T09:42:47+00:00,0.1.0,,,,,0.0,,,,,,,1.0,,0.23774653933311848,0.29662046119258645,0.0,1.0,0.0,0.0,1.0,0.0,0.0,0.5256000000000001,0.47439999999999993,,,,
ideal_e4_lih_vqe_B4_no_geometry_seed23,lih_vqe,embedded_larger_active_space,ideal,e4,23,,B4,ablation_restore,no_geometry,parallel_fs,parallel_fs,,0.0,1,12,"{'G0': True, 'GA': True, 'GB': True, 'GC': True, 'GD': True, 'GE': True, 'GF': True, 'GH': False}",replay,True,True,False,False,2026-03-01T10:17:37+00:00,2026-03-01T10:17:38+00:00,0.1.0,,,,,0.0,,,,,,,1.0,,0.23419337907356463,0.4327724907608404,0.0,1.0,0.0,0.0,1.0,0.0,0.0,0.5256000000000001,0.47439999999999993,,,,
ideal_e4_lih_vqe_B4_no_geometry_seed31,lih_vqe,embedded_larger_active_space,ideal,e4,31,,B4,ablation_restore,no_geometry,parallel_fs,parallel_fs,,0.0,1,12,"{'G0': True, 'GA': True, 'GB': True, 'GC': True, 'GD': True, 'GE': True, 'GF': True, 'GH': False}",replay,True,True,False,False,2026-03-19T12:02:21+00:00,2026-03-19T12:02:22+00:00,0.1.0,,,,,0.0,,,,,,,1.0,,0.18703435475044244,0.29098513832411715,0.0,1.0,0.0,0.0,1.0,0.0,0.0,0.5256000000000001,0.47439999999999993,,,,
ideal_e4_lih_vqe_B4_no_geometry_seed43,lih_vqe,embedded_larger_active_space,ideal,e4,43,,B4,ablation_restore,no_geometry,parallel_fs,parallel_fs,,0.0,1,12,"{'G0': True, 'GA': True, 'GB': True, 'GC': True, 'GD': True, 'GE': True, 'GF': True, 'GH': False}",replay,True,True,False,False,2026-03-02T00:56:16+00:00,2026-03-02T00:56:17+00:00,0.1.0,,,,,0.0,,,,,,,1.0,,0.1893077552677826,0.3811076196974817,0.0,1.0,0.0,0.0,1.0,0.0,0.0,0.5256000000000001,0.47439999999999993,,,,
ideal_e4_lih_vqe_B4_no_geometry_seed59,lih_vqe,embedded_larger_active_space,ideal,e4,59,,B4,ablation_restore,no_geometry,parallel_fs,parallel_fs,,0.0,1,12,"{'G0': True, 'GA': True, 'GB': True, 'GC': True, 'GD': True, 'GE': True, 'GF': True, 'GH': False}",replay,True,True,False,False,2026-03-29T04:56:11+00:00,2026-03-29T04:56:12+00:00,0.1.0,,,,,0.0,,,,,,,1.0,,0.195441103207472,0.403532583336556,0.0,1.0,0.0,0.0,1.0,0.0,0.0,0.5256000000000001,0.47439999999999993,,,,
ideal_e4_lih_vqe_B4_no_geometry_seed71,lih_vqe,embedded_larger_active_space,ideal,e4,71,,B4,ablation_restore,no_geometry,parallel_fs,parallel_fs,,0.0,1,12,"{'G0': True, 'GA': True, 'GB': True, 'GC': True, 'GD': True, 'GE': True, 'GF': True, 'GH': False}",replay,True,True,False,False,2026-03-11T17:06:04+00:00,2026-03-11T17:06:05+00:00,0.1.0,,,,,0.0,,,,,,,1.0,,0.21347960763941493,0.2323103565989955,0.0,1.0,0.0,0.0,1.0,0.0,0.0,0.5256000000000001,0.47439999999999993,,,,
ideal_e4_lih_vqe_B4_no_geometry_seed83,lih_vqe,embedded_larger_active_space,ideal,e4,83,,B4,ablation_restore,no_geometry,parallel_fs,parallel_fs,,0.0,1,12,"{'G0': True, 'GA': True, 'GB': True, 'GC': True, 'GD': True, 'GE': True, 'GF': True, 'GH': False}",replay,False,False,True,False,2026-03-04T19:21:40+00:00,2026-03-04T19:21:41+00:00,0.1.0,,,,,0.0,,,,,,,0.0,,0.2659772972836458,0.32953273214473305,0.0,0.0,1.0,0.0,1.0,0.0,0.0,0.5256000000000001,0.47439999999999993,,,,
ideal_e4_lih_vqe_B4_no_geometry_seed97,lih_vqe,embedded_larger_active_space,ideal,e4,97,,B4,ablation_restore,no_geometry,parallel_fs,parallel_fs,,0.0,1,12,"{'G0': True, 'GA': True, 'GB': True, 'GC': True, 'GD': True, 'GE': True, 'GF': True, 'GH': False}",replay,True,True,False,False,2026-03-15T01:08:37+00:00,2026-03-15T01:08:38+00:00,0.1.0,,,,,0.0,,,,,,,1.0,,0.2425958422469716,0.42525084827542486,0.0,1.0,0.0,0.0,1.0,0.0,0.0,0.5256000000000001,0.47439999999999993,,,,
ideal_e4_lih_vqe_B4_no_geometry_seed101,lih_vqe,embedded_larger_active_space,ideal,e4,101,,B4,ablation_restore,no_geometry,parallel_fs,parallel_fs,,0.0,1,12,"{'G0': True, 'GA': True, 'GB': True, 'GC': True, 'GD': True, 'GE': True, 'GF': True, 'GH': False}",replay,True,True,False,False,2026-03-13T15:04:31+00:00,2026-03-13T15:04:32+00:00,0.1.0,,,,,0.0,,,,,,,1.0,,0.2496015470257236,0.4481116972681903,0.0,1.0,0.0,0.0,1.0,0.0,0.0,0.5256000000000001,0.47439999999999993,,,,
ideal_e4_lih_vqe_B4_no_geometry_seed107,lih_vqe,embedded_larger_active_space,ideal,e4,107,,B4,ablation_restore,no_geometry,parallel_fs,parallel_fs,,0.0,1,12,"{'G0': True, 'GA': True, 'GB': True, 'GC': True, 'GD': True, 'GE': True, 'GF': True, 'GH': False}",replay,True,True,False,False,2026-03-08T11:32:08+00:00,2026-03-08T11:32:09.001325+00:00,0.1.0,,,,,0.0,,,,,,,1.0,,0.17245065175910843,0.2529437416066611,0.001325401683126337,1.0,0.0,0.0,1.0,0.0,0.0,0.5256000000000001,0.47439999999999993,,,,
ideal_e4_lih_vqe_B4_no_geometry_seed113,lih_vqe,embedded_larger_active_space,ideal,e4,113,,B4,ablation_restore,no_geometry,parallel_fs,parallel_fs,,0.0,1,12,"{'G0': True, 'GA': True, 'GB': True, 'GC': True, 'GD': True, 'GE': True, 'GF': True, 'GH': False}",replay,True,True,False,False,2026-03-05T03:05:01+00:00,2026-03-05T03:05:02+00:00,0.1.0,,,,,0.0,,,,,,,1.0,,0.1342165216391131,0.22174216771335079,0.0,1.0,0.0,0.0,1.0,0.0,0.0,0.5256000000000001,0.47439999999999993,,,,
ideal_e4_lih_vqe_B5_full_contract_seed11,lih_vqe,embedded_larger_active_space,ideal,e4,11,,B5,ablation_restore,full_contract,parallel_fs,parallel_fs,source->target,0.25,1,12,"{'G0': True, 'GA': True, 'GB': True, 'GC': True, 'GD': True, 'GE': True, 'GF': True, 'GH': True}",migration,True,True,False,False,2026-03-07T08:31:40+00:00,2026-03-07T08:31:41.062100+00:00,0.1.0,,,,,0.062099999999999995,,,,,,,1.0,,0.12352122784406706,0.19378065340962408,0.0,1.0,0.0,0.0,0.0,1.0,0.0,0.84,0.16000000000000003,,,,
ideal_e4_lih_vqe_B5_full_contract_seed17,lih_vqe,embedded_larger_active_space,ideal,e4,17,,B5,ablation_restore,full_contract,parallel_fs,parallel_fs,source->target,0.25,1,12,"{'G0': True, 'GA': True, 'GB': True, 'GC': True, 'GD': True, 'GE': True, 'GF': True, 'GH': True}",migration,True,True,False,False,2026-03-04T03:34:27+00:00,2026-03-04T03:34:28.062100+00:00,0.1.0,,,,,0.062099999999999995,,,,,,,1.0,,0.13621960716961592,0.16739948068853577,0.0,1.0,0.0,0.0,0.0,1.0,0.0,0.84,0.16000000000000003,,,,
ideal_e4_lih_vqe_B5_full_contract_seed23,lih_vqe,embedded_larger_active_space,ideal,e4,23,,B5,ablation_restore,full_contract,parallel_fs,parallel_fs,source->target,0.25,1,12,"{'G0': True, 'GA': True, 'GB': True, 'GC': True, 'GD': True, 'GE': True, 'GF': True, 'GH': True}",migration,True,True,False,False,2026-03-24T11:22:16+00:00,2026-03-24T11:22:17.062100+00:00,0.1.0,,,,,0.062099999999999995,,,,,,,1.0,,0.14409763343768206,0.24742318577509972,0.0,1.0,0.0,0.0,0.0,1.0,0.0,0.84,0.16000000000000003,,,,
ideal_e4_lih_vqe_B5_full_contract_seed31,lih_vqe,embedded_larger_active_space,ideal,e4,31,,B5,ablation_restore,full_contract,parallel_fs,parallel_fs,source->target,0.25,1,12,"{'G0': True, 'GA': True, 'GB': True, 'GC': True, 'GD': True, 'GE': True, 'GF': True, 'GH': True}",migration,True,True,False,False,2026-03-14T13:51:22+00:00,2026-03-14T13:51:23.062100+00:00,0.1.0,,,,,0.062099999999999995,,,,,,,1.0,,0.1215839047666092,0.1932096210205849,0.0,1.0,0.0,0.0,0.0,1.0,0.0,0.84,0.16000000000000003,,,,
ideal_e4_lih_vqe_B5_full_contract_seed43,lih_vqe,embedded_larger_active_space,ideal,e4,43,,B5,ablation_restore,full_contract,parallel_fs,parallel_fs,source->target,0.25,1,12,"{'G0': True, 'GA': True, 'GB': True, 'GC': True, 'GD': True, 'GE': True, 'GF': True, 'GH': True}",migration,True,True,False,False,2026-03-27T11:01:28+00:00,2026-03-27T11:01:29.062100+00:00,0.1.0,,,,,0.062099999999999995,,,,,,,1.0,,0.11631191612935701,0.228518068622548,0.0,1.0,0.0,0.0,0.0,1.0,0.0,0.84,0.16000000000000003,,,,
ideal_e4_lih_vqe_B5_full_contract_seed59,lih_vqe,embedded_larger_active_space,ideal,e4,59,,B5,ablation_restore,full_contract,parallel_fs,parallel_fs,source->target,0.25,1,12,"{'G0': True, 'GA': True, 'GB': True, 'GC': True, 'GD': True, 'GE': True, 'GF': True, 'GH': True}",migration,True,True,False,False,2026-03-30T16:17:10+00:00,2026-03-30T16:17:11.062100+00:00,0.1.0,,,,,0.062099999999999995,,,,,,,1.0,,0.11836504834605885,0.26830718471858006,0.0,1.0,0.0,0.0,0.0,1.0,0.0,0.84,0.16000000000000003,,,,
ideal_e4_lih_vqe_B5_full_contract_seed71,lih_vqe,embedded_larger_active_space,ideal,e4,71,,B5,ablation_restore,full_contract,parallel_fs,parallel_fs,source->target,0.25,1,12,"{'G0': True, 'GA': True, 'GB': True, 'GC': True, 'GD': True, 'GE': True, 'GF': True, 'GH': True}",migration,True,True,False,False,2026-03-12T09:07:07+00:00,2026-03-12T09:07:08.062100+00:00,0.1.0,,,,,0.062099999999999995,,,,,,,1.0,,0.12695448991726876,0.13125508243228798,0.0,1.0,0.0,0.0,0.0,1.0,0.0,0.84,0.16000000000000003,,,,
ideal_e4_lih_vqe_B5_full_contract_seed83,lih_vqe,embedded_larger_active_space,ideal,e4,83,,B5,ablation_restore,full_contract,parallel_fs,parallel_fs,source->target,0.25,1,12,"{'G0': True, 'GA': True, 'GB': True, 'GC': True, 'GD': True, 'GE': True, 'GF': True, 'GH': True}",migration,True,True,False,False,2026-03-24T19:58:28+00:00,2026-03-24T19:58:29.062100+00:00,0.1.0,,,,,0.062099999999999995,,,,,,,1.0,,0.17043168026398647,0.18659946839349817,0.0,1.0,0.0,0.0,0.0,1.0,0.0,0.84,0.16000000000000003,,,,
ideal_e4_lih_vqe_B5_full_contract_seed97,lih_vqe,embedded_larger_active_space,ideal,e4,97,,B5,ablation_restore,full_contract,parallel_fs,parallel_fs,source->target,0.25,1,12,"{'G0': True, 'GA': True, 'GB': True, 'GC': True, 'GD': True, 'GE': True, 'GF': True, 'GH': True}",migration,True,True,False,False,2026-03-12T02:51:25+00:00,2026-03-12T02:51:26.062100+00:00,0.1.0,,,,,0.062099999999999995,,,,,,,1.0,,0.14076299639416498,0.270713896451254,0.0,1.0,0.0,0.0,0.0,1.0,0.0,0.84,0.16000000000000003,,,,
ideal_e4_lih_vqe_B5_full_contract_seed101,lih_vqe,embedded_larger_active_space,ideal,e4,101,,B5,ablation_restore,full_contract,parallel_fs,parallel_fs,source->target,0.25,1,12,"{'G0': True, 'GA': True, 'GB': True, 'GC': True, 'GD': True, 'GE': True, 'GF': True, 'GH': True}",migration,True,True,False,False,2026-03-26T09:59:51+00:00,2026-03-26T09:59:52.062100+00:00,0.1.0,,,,,0.062099999999999995,,,,,,,1.0,,0.1485158911062471,0.28637095658487594,0.0,1.0,0.0,0.0,0.0,1.0,0.0,0.84,0.16000000000000003,,,,
ideal_e4_lih_vqe_B5_full_contract_seed107,lih_vqe,embedded_larger_active_space,ideal,e4,107,,B5,ablation_restore,full_contract,parallel_fs,parallel_fs,source->target,0.25,1,12,"{'G0': True, 'GA': True, 'GB': True, 'GC': True, 'GD': True, 'GE': True, 'GF': True, 'GH': True}",migration,True,True,False,False,2026-03-01T11:36:13+00:00,2026-03-01T11:36:14.062100+00:00,0.1.0,,,,,0.062099999999999995,,,,,,,1.0,,0.09878926446629975,0.16519984424327783,0.0,1.0,0.0,0.0,0.0,1.0,0.0,0.84,0.16000000000000003,,,,
ideal_e4_lih_vqe_B5_full_contract_seed113,lih_vqe,embedded_larger_active_space,ideal,e4,113,,B5,ablation_restore,full_contract,parallel_fs,parallel_fs,source->target,0.25,1,12,"{'G0': True, 'GA': True, 'GB': True, 'GC': True, 'GD': True, 'GE': True, 'GF': True, 'GH': True}",migration,True,True,False,False,2026-03-30T05:50:18+00:00,2026-03-30T05:50:19.062100+00:00,0.1.0,,,,,0.062099999999999995,,,,,,,1.0,,0.08256289539460285,0.17035009580481145,0.0,1.0,0.0,0.0,0.0,1.0,0.0,0.84,0.16000000000000003,,,,
ideal_e4_lih_vqe_B5_no_optimizer_memory_seed11,lih_vqe,embedded_larger_active_space,ideal,e4,11,,B5,ablation_restore,no_optimizer_memory,parallel_fs,parallel_fs,source->target,0.25,1,12,"{'G0': True, 'GA': True, 'GB': False, 'GC': True, 'GD': True, 'GE': True, 'GF': True, 'GH': True}",migration,True,True,False,False,2026-03-09T15:39:25+00:00,2026-03-09T15:39:26.087238+00:00,0.1.0,,,,,0.062099999999999995,,,,,,,1.0,,0.10500023030348127,0.1628801933585411,0.025137906879703742,1.0,0.0,0.0,0.0,1.0,0.0,0.672,0.32799999999999996,,,,
ideal_e4_lih_vqe_B5_no_optimizer_memory_seed17,lih_vqe,embedded_larger_active_space,ideal,e4,17,,B5,ablation_restore,no_optimizer_memory,parallel_fs,parallel_fs,source->target,0.25,1,12,"{'G0': True, 'GA': True, 'GB': False, 'GC': True, 'GD': True, 'GE': True, 'GF': True, 'GH': True}",migration,True,True,False,False,2026-03-16T09:57:14+00:00,2026-03-16T09:57:15.083467+00:00,0.1.0,,,,,0.062099999999999995,,,,,,,1.0,,0.10832440705045372,0.14280641201868247,0.021366762281345153,1.0,0.0,0.0,0.0,1.0,0.0,0.672,0.32799999999999996,,,,
ideal_e4_lih_vqe_B5_no_optimizer_memory_seed23,lih_vqe,embedded_larger_active_space,ideal,e4,23,,B5,ablation_restore,no_optimizer_memory,parallel_fs,parallel_fs,source->target,0.25,1,12,"{'G0': True, 'GA': True, 'GB': False, 'GC': True, 'GD': True, 'GE': True, 'GF': True, 'GH': True}",migration,True,True,False,False,2026-03-24T09:52:25+00:00,2026-03-24T09:52:26.084773+00:00,0.1.0,,,,,0.062099999999999995,,,,,,,1.0,,0.11785691940569128,0.20523161313874913,0.0226730438783056,1.0,0.0,0.0,0.0,1.0,0.0,0.672,0.32799999999999996,,,,
ideal_e4_lih_vqe_B5_no_optimizer_memory_seed31,lih_vqe,embedded_larger_active_space,ideal,e4,31,,B5,ablation_restore,no_optimizer_memory,parallel_fs,parallel_fs,source->target,0.25,1,12,"{'G0': True, 'GA': True, 'GB': False, 'GC': True, 'GD': True, 'GE': True, 'GF': True, 'GH': True}",migration,True,True,False,False,2026-03-15T09:17:31+00:00,2026-03-15T09:17:32.081982+00:00,0.1.0,,,,,0.062099999999999995,,,,,,,1.0,,0.10744196665559601,0.1644425664775052,0.019881874491093576,1.0,0.0,0.0,0.0,1.0,0.0,0.672,0.32799999999999996,,,,
ideal_e4_lih_vqe_B5_no_optimizer_memory_seed43,lih_vqe,embedded_larger_active_space,ideal,e4,43,,B5,ablation_restore,no_optimizer_memory,parallel_fs,parallel_fs,source->target,0.25,1,12,"{'G0': True, 'GA': True, 'GB': False, 'GC': True, 'GD': True, 'GE': True, 'GF': True, 'GH': True}",migration,True,True,False,False,2026-03-17T02:54:34+00:00,2026-03-17T02:54:35.077909+00:00,0.1.0,,,,,0.062099999999999995,,,,,,,1.0,,0.09693729627411132,0.18788682327479117,0.015809285256247918,1.0,0.0,0.0,0.0,1.0,0.0,0.672,0.32799999999999996,,,,
ideal_e4_lih_vqe_B5_no_optimizer_memory_seed59,lih_vqe,embedded_larger_active_space,ideal,e4,59,,B5,ablation_restore,no_optimizer_memory,parallel_fs,parallel_fs,source->target,0.25,1,12,"{'G0': True, 'GA': True, 'GB': False, 'GC': True, 'GD': True, 'GE': True, 'GF': True, 'GH': True}",migration,True,True,False,False,2026-03-29T21:42:39+00:00,2026-03-29T21:42:40.081776+00:00,0.1.0,,,,,0.062099999999999995,,,,,,,1.0,,0.1055408566228733,0.2223236885428065,0.019676377991535432,1.0,0.0,0.0,0.0,1.0,0.0,0.672,0.32799999999999996,,,,
ideal_e4_lih_vqe_B5_no_optimizer_memory_seed71,lih_vqe,embedded_larger_active_space,ideal,e4,71,,B5,ablation_restore,no_optimizer_memory,parallel_fs,parallel_fs,source->target,0.25,1,12,"{'G0': True, 'GA': True, 'GB': False, 'GC': True, 'GD': True, 'GE': True, 'GF': True, 'GH': True}",migration,True,True,False,False,2026-03-07T17:34:02+00:00,2026-03-07T17:34:03.087309+00:00,0.1.0,,,,,0.062099999999999995,,,,,,,1.0,,0.1084941823045088,0.11005965607198732,0.025209079366165454,1.0,0.0,0.0,0.0,1.0,0.0,0.672,0.32799999999999996,,,,
ideal_e4_lih_vqe_B5_no_optimizer_memory_seed83,lih_vqe,embedded_larger_active_space,ideal,e4,83,,B5,ablation_restore,no_optimizer_memory,parallel_fs,parallel_fs,source->target,0.25,1,12,"{'G0': True, 'GA': True, 'GB': False, 'GC': True, 'GD': True, 'GE': True, 'GF': True, 'GH': True}",migration,True,True,False,False,2026-03-08T00:14:35+00:00,2026-03-08T00:14:36.094797+00:00,0.1.0,,,,,0.062099999999999995,,,,,,,1.0,,0.14217485837783705,0.15336599238692095,0.032696503100926755,1.0,0.0,0.0,0.0,1.0,0.0,0.672,0.32799999999999996,,,,
ideal_e4_lih_vqe_B5_no_optimizer_memory_seed97,lih_vqe,embedded_larger_active_space,ideal,e4,97,,B5,ablation_restore,no_optimizer_memory,parallel_fs,parallel_fs,source->target,0.25,1,12,"{'G0': True, 'GA': True, 'GB': False, 'GC': True, 'GD': True, 'GE': True, 'GF': True, 'GH': True}",migration,True,True,False,False,2026-03-15T15:57:33+00:00,2026-03-15T15:57:34.082062+00:00,0.1.0,,,,,0.062099999999999995,,,,,,,1.0,,0.1220381859028563,0.225959288023316,0.01996206841125847,1.0,0.0,0.0,0.0,1.0,0.0,0.672,0.32799999999999996,,,,
ideal_e4_lih_vqe_B5_no_optimizer_memory_seed101,lih_vqe,embedded_larger_active_space,ideal,e4,101,,B5,ablation_restore,no_optimizer_memory,parallel_fs,parallel_fs,source->target,0.25,1,12,"{'G0': True, 'GA': True, 'GB': False, 'GC': True, 'GD': True, 'GE': True, 'GF': True, 'GH': True}",migration,True,True,False,False,2026-03-07T04:34:05+00:00,2026-03-07T04:34:06.083505+00:00,0.1.0,,,,,0.062099999999999995,,,,,,,1.0,,0.13101284893897627,0.2397142423031251,0.021404700049862946,1.0,0.0,0.0,0.0,1.0,0.0,0.672,0.32799999999999996,,,,
ideal_e4_lih_vqe_B5_no_optimizer_memory_seed107,lih_vqe,embedded_larger_active_space,ideal,e4,107,,B5,ablation_restore,no_optimizer_memory,parallel_fs,parallel_fs,source->target,0.25,1,12,"{'G0': True, 'GA': True, 'GB': False, 'GC': True, 'GD': True, 'GE': True, 'GF': True, 'GH': True}",migration,True,True,False,False,2026-03-13T17:48:29+00:00,2026-03-13T17:48:30.077078+00:00,0.1.0,,,,,0.062099999999999995,,,,,,,1.0,,0.08746286871634698,0.13965635369175572,0.014977628809882404,1.0,0.0,0.0,0.0,1.0,0.0,0.672,0.32799999999999996,,,,
ideal_e4_lih_vqe_B5_no_optimizer_memory_seed113,lih_vqe,embedded_larger_active_space,ideal,e4,113,,B5,ablation_restore,no_optimizer_memory,parallel_fs,parallel_fs,source->target,0.25,1,12,"{'G0': True, 'GA': True, 'GB': False, 'GC': True, 'GD': True, 'GE': True, 'GF': True, 'GH': True}",migration,True,True,False,False,2026-03-08T23:33:20+00:00,2026-03-08T23:33:21.078936+00:00,0.1.0,,,,,0.062099999999999995,,,,,,,1.0,,0.07633230951667824,0.14070500505187836,0.016836294526265227,1.0,0.0,0.0,0.0,1.0,0.0,0.672,0.32799999999999996,,,,
ideal_e4_lih_vqe_B5_no_measurement_ledger_seed11,lih_vqe,embedded_larger_active_space,ideal,e4,11,,B5,ablation_restore,no_measurement_ledger,parallel_fs,parallel_fs,source->target,0.25,1,12,"{'G0': True, 'GA': True, 'GB': True, 'GC': True, 'GD': False, 'GE': True, 'GF': True, 'GH': True}",block,False,False,False,True,2026-03-11T20:26:54+00:00,2026-03-11T20:26:55.062100+00:00,0.1.0,,,,,0.062099999999999995,,,,,,,0.0,,1.0,0.0,0.0,0.0,0.0,1.0,0.0,0.0,1.0,0.20916,0.79084,,,,
ideal_e4_lih_vqe_B5_no_measurement_ledger_seed17,lih_vqe,embedded_larger_active_space,ideal,e4,17,,B5,ablation_restore,no_measurement_ledger,parallel_fs,parallel_fs,source->target,0.25,1,12,"{'G0': True, 'GA': True, 'GB': True, 'GC': True, 'GD': False, 'GE': True, 'GF': True, 'GH': True}",block,False,False,False,True,2026-03-28T10:16:03+00:00,2026-03-28T10:16:04.062100+00:00,0.1.0,,,,,0.062099999999999995,,,,,,,0.0,,1.0,0.0,0.0,0.0,0.0,1.0,0.0,0.0,1.0,0.20916,0.79084,,,,
ideal_e4_lih_vqe_B5_no_measurement_ledger_seed23,lih_vqe,embedded_larger_active_space,ideal,e4,23,,B5,ablation_restore,no_measurement_ledger,parallel_fs,parallel_fs,source->target,0.25,1,12,"{'G0': True, 'GA': True, 'GB': True, 'GC': True, 'GD': False, 'GE': True, 'GF': True, 'GH': True}",block,False,False,False,True,2026-03-15T14:44:15+00:00,2026-03-15T14:44:16.062100+00:00,0.1.0,,,,,0.062099999999999995,,,,,,,0.0,,1.0,0.0,0.0,0.0,0.0,1.0,0.0,0.0,1.0,0.20916,0.79084,,,,
ideal_e4_lih_vqe_B5_no_measurement_ledger_seed31,lih_vqe,embedded_larger_active_space,ideal,e4,31,,B5,ablation_restore,no_measurement_ledger,parallel_fs,parallel_fs,source->target,0.25,1,12,"{'G0': True, 'GA': True, 'GB': True, 'GC': True, 'GD': False, 'GE': True, 'GF': True, 'GH': True}",block,False,False,False,True,2026-03-03T17:19:50+00:00,2026-03-03T17:19:51.062100+00:00,0.1.0,,,,,0.062099999999999995,,,,,,,0.0,,1.0,0.0,0.0,0.0,0.0,1.0,0.0,0.0,1.0,0.20916,0.79084,,,,
ideal_e4_lih_vqe_B5_no_measurement_ledger_seed43,lih_vqe,embedded_larger_active_space,ideal,e4,43,,B5,ablation_restore,no_measurement_ledger,parallel_fs,parallel_fs,source->target,0.25,1,12,"{'G0': True, 'GA': True, 'GB': True, 'GC': True, 'GD': False, 'GE': True, 'GF': True, 'GH': True}",block,False,False,False,True,2026-03-21T09:41:07+00:00,2026-03-21T09:41:08.062100+00:00,0.1.0,,,,,0.062099999999999995,,,,,,,0.0,,1.0,0.0,0.0,0.0,0.0,1.0,0.0,0.0,1.0,0.20916,0.79084,,,,
ideal_e4_lih_vqe_B5_no_measurement_ledger_seed59,lih_vqe,embedded_larger_active_space,ideal,e4,59,,B5,ablation_restore,no_measurement_ledger,parallel_fs,parallel_fs,source->target,0.25,1,12,"{'G0': True, 'GA': True, 'GB': True, 'GC': True, 'GD': False, 'GE': True, 'GF': True, 'GH': True}",block,False,False,False,True,2026-03-28T01:16:39+00:00,2026-03-28T01:16:40.062100+00:00,0.1.0,,,,,0.062099999999999995,,,,,,,0.0,,1.0,0.0,0.0,0.0,0.0,1.0,0.0,0.0,1.0,0.20916,0.79084,,,,
ideal_e4_lih_vqe_B5_no_measurement_ledger_seed71,lih_vqe,embedded_larger_active_space,ideal,e4,71,,B5,ablation_restore,no_measurement_ledger,parallel_fs,parallel_fs,source->target,0.25,1,12,"{'G0': True, 'GA': True, 'GB': True, 'GC': True, 'GD': False, 'GE': True, 'GF': True, 'GH': True}",block,False,False,False,True,2026-03-02T17:47:45+00:00,2026-03-02T17:47:46.062100+00:00,0.1.0,,,,,0.062099999999999995,,,,,,,0.0,,1.0,0.0,0.0,0.0,0.0,1.0,0.0,0.0,1.0,0.20916,0.79084,,,,
ideal_e4_lih_vqe_B5_no_measurement_ledger_seed83,lih_vqe,embedded_larger_active_space,ideal,e4,83,,B5,ablation_restore,no_measurement_ledger,parallel_fs,parallel_fs,source->target,0.25,1,12,"{'G0': True, 'GA': True, 'GB': True, 'GC': True, 'GD': False, 'GE': True, 'GF': True, 'GH': True}",block,False,False,False,True,2026-03-16T22:13:42+00:00,2026-03-16T22:13:43.062100+00:00,0.1.0,,,,,0.062099999999999995,,,,,,,0.0,,1.0,0.0,0.0,0.0,0.0,1.0,0.0,0.0,1.0,0.20916,0.79084,,,,
ideal_e4_lih_vqe_B5_no_measurement_ledger_seed97,lih_vqe,embedded_larger_active_space,ideal,e4,97,,B5,ablation_restore,no_measurement_ledger,parallel_fs,parallel_fs,source->target,0.25,1,12,"{'G0': True, 'GA': True, 'GB': True, 'GC': True, 'GD': False, 'GE': True, 'GF': True, 'GH': True}",block,False,False,False,True,2026-03-01T14:59:40+00:00,2026-03-01T14:59:41.062100+00:00,0.1.0,,,,,0.062099999999999995,,,,,,,0.0,,1.0,0.0,0.0,0.0,0.0,1.0,0.0,0.0,1.0,0.20916,0.79084,,,,
ideal_e4_lih_vqe_B5_no_measurement_ledger_seed101,lih_vqe,embedded_larger_active_space,ideal,e4,101,,B5,ablation_restore,no_measurement_ledger,parallel_fs,parallel_fs,source->target,0.25,1,12,"{'G0': True, 'GA': True, 'GB': True, 'GC': True, 'GD': False, 'GE': True, 'GF': True, 'GH': True}",block,False,False,False,True,2026-03-24T21:47:46+00:00,2026-03-24T21:47:47.062100+00:00,0.1.0,,,,,0.062099999999999995,,,,,,,0.0,,1.0,0.0,0.0,0.0,0.0,1.0,0.0,0.0,1.0,0.20916,0.79084,,,,
ideal_e4_lih_vqe_B5_no_measurement_ledger_seed107,lih_vqe,embedded_larger_active_space,ideal,e4,107,,B5,ablation_restore,no_measurement_ledger,parallel_fs,parallel_fs,source->target,0.25,1,12,"{'G0': True, 'GA': True, 'GB': True, 'GC': True, 'GD': False, 'GE': True, 'GF': True, 'GH': True}",block,False,False,False,True,2026-03-19T02:32:23+00:00,2026-03-19T02:32:24.062100+00:00,0.1.0,,,,,0.062099999999999995,,,,,,,0.0,,1.0,0.0,0.0,0.0,0.0,1.0,0.0,0.0,1.0,0.20916,0.79084,,,,
ideal_e4_lih_vqe_B5_no_measurement_ledger_seed113,lih_vqe,embedded_larger_active_space,ideal,e4,113,,B5,ablation_restore,no_measurement_ledger,parallel_fs,parallel_fs,source->target,0.25,1,12,"{'G0': True, 'GA': True, 'GB': True, 'GC': True, 'GD': False, 'GE': True, 'GF': True, 'GH': True}",block,False,False,False,True,2026-03-16T21:45:25+00:00,2026-03-16T21:45:26.062100+00:00,0.1.0,,,,,0.062099999999999995,,,,,,,0.0,,1.0,0.0,0.0,0.0,0.0,1.0,0.0,0.0,1.0,0.20916,0.79084,,,,
ideal_e4_lih_vqe_B5_no_estimation_mitigation_state_seed11,lih_vqe,embedded_larger_active_space,ideal,e4,11,,B5,ablation_restore,no_estimation_mitigation_state,parallel_fs,parallel_fs,source->target,0.25,1,12,"{'G0': True, 'GA': True, 'GB': True, 'GC': True, 'GD': True, 'GE': False, 'GF': True, 'GH': True}",migration,False,False,True,False,2026-03-26T22:33:57+00:00,2026-03-26T22:33:58.063505+00:00,0.1.0,,,,,0.062099999999999995,,,,,,,0.0,,0.3171780480440594,0.5060740966907376,0.0014045908952118324,0.0,1.0,0.0,0.0,1.0,0.0,0.798,0.20199999999999996,,,,
ideal_e4_lih_vqe_B5_no_estimation_mitigation_state_seed17,lih_vqe,embedded_larger_active_space,ideal,e4,17,,B5,ablation_restore,no_estimation_mitigation_state,parallel_fs,parallel_fs,source->target,0.25,1,12,"{'G0': True, 'GA': True, 'GB': True, 'GC': True, 'GD': True, 'GE': False, 'GF': True, 'GH': True}",migration,False,False,True,False,2026-03-15T10:41:30+00:00,2026-03-15T10:41:31.065365+00:00,0.1.0,,,,,0.062099999999999995,,,,,,,0.0,,0.3202020405589296,0.4761513375668435,0.003265049416043553,0.0,1.0,0.0,0.0,1.0,0.0,0.798,0.20199999999999996,,,,
ideal_e4_lih_vqe_B5_no_estimation_mitigation_state_seed23,lih_vqe,embedded_larger_active_space,ideal,e4,23,,B5,ablation_restore,no_estimation_mitigation_state,parallel_fs,parallel_fs,source->target,0.25,1,12,"{'G0': True, 'GA': True, 'GB': True, 'GC': True, 'GD': True, 'GE': False, 'GF': True, 'GH': True}",migration,False,False,True,False,2026-03-19T13:11:15+00:00,2026-03-19T13:11:16.064766+00:00,0.1.0,,,,,0.062099999999999995,,,,,,,0.0,,0.2569451966696124,0.5965849202650483,0.0026659667442334722,0.0,1.0,0.0,0.0,1.0,0.0,0.798,0.20199999999999996,,,,
ideal_e4_lih_vqe_B5_no_estimation_mitigation_state_seed31,lih_vqe,embedded_larger_active_space,ideal,e4,31,,B5,ablation_restore,no_estimation_mitigation_state,parallel_fs,parallel_fs,source->target,0.25,1,12,"{'G0': True, 'GA': True, 'GB': True, 'GC': True, 'GD': True, 'GE': False, 'GF': True, 'GH': True}",migration,False,False,True,False,2026-03-03T13:45:53+00:00,2026-03-03T13:45:54.066080+00:00,0.1.0,,,,,0.062099999999999995,,,,,,,0.0,,0.314373088144893,0.5092665091195036,0.0039796684488502265,0.0,1.0,0.0,0.0,1.0,0.0,0.798,0.20199999999999996,,,,
ideal_e4_lih_vqe_B5_no_estimation_mitigation_state_seed43,lih_vqe,embedded_larger_active_space,ideal,e4,43,,B5,ablation_restore,no_estimation_mitigation_state,parallel_fs,parallel_fs,source->target,0.25,1,12,"{'G0': True, 'GA': True, 'GB': True, 'GC': True, 'GD': True, 'GE': False, 'GF': True, 'GH': True}",migration,False,False,True,False,2026-03-15T20:48:43+00:00,2026-03-15T20:48:44.068123+00:00,0.1.0,,,,,0.062099999999999995,,,,,,,0.0,,0.3146581690625091,0.5774662127571515,0.006022744832925753,0.0,1.0,0.0,0.0,1.0,0.0,0.798,0.20199999999999996,,,,
ideal_e4_lih_vqe_B5_no_estimation_mitigation_state_seed59,lih_vqe,embedded_larger_active_space,ideal,e4,59,,B5,ablation_restore,no_estimation_mitigation_state,parallel_fs,parallel_fs,source->target,0.25,1,12,"{'G0': True, 'GA': True, 'GB': True, 'GC': True, 'GD': True, 'GE': False, 'GF': True, 'GH': True}",migration,False,False,True,False,2026-03-29T12:07:28+00:00,2026-03-29T12:07:29.066150+00:00,0.1.0,,,,,0.062099999999999995,,,,,,,0.0,,0.318006118632855,0.6334861093844459,0.004050432904886492,0.0,1.0,0.0,0.0,1.0,0.0,0.798,0.20199999999999996,,,,
ideal_e4_lih_vqe_B5_no_estimation_mitigation_state_seed71,lih_vqe,embedded_larger_active_space,ideal,e4,71,,B5,ablation_restore,no_estimation_mitigation_state,parallel_fs,parallel_fs,source->target,0.25,1,12,"{'G0': True, 'GA': True, 'GB': True, 'GC': True, 'GD': True, 'GE': False, 'GF': True, 'GH': True}",migration,False,False,True,False,2026-03-02T09:16:36+00:00,2026-03-02T09:16:37.063728+00:00,0.1.0,,,,,0.062099999999999995,,,,,,,0.0,,0.3247458753785313,0.3676198485636591,0.0016275349638190661,0.0,1.0,0.0,0.0,1.0,0.0,0.798,0.20199999999999996,,,,
ideal_e4_lih_vqe_B5_no_estimation_mitigation_state_seed83,lih_vqe,embedded_larger_active_space,ideal,e4,83,,B5,ablation_restore,no_estimation_mitigation_state,parallel_fs,parallel_fs,source->target,0.25,1,12,"{'G0': True, 'GA': True, 'GB': True, 'GC': True, 'GD': True, 'GE': False, 'GF': True, 'GH': True}",migration,False,False,True,False,2026-03-08T02:24:46+00:00,2026-03-08T02:24:47.062100+00:00,0.1.0,,,,,0.062099999999999995,,,,,,,0.0,,0.3273194736661607,0.3358971958192503,0.0,0.0,1.0,0.0,0.0,1.0,0.0,0.798,0.20199999999999996,,,,
ideal_e4_lih_vqe_B5_no_estimation_mitigation_state_seed97,lih_vqe,embedded_larger_active_space,ideal,e4,97,,B5,ablation_restore,no_estimation_mitigation_state,parallel_fs,parallel_fs,source->target,0.25,1,12,"{'G0': True, 'GA': True, 'GB': True, 'GC': True, 'GD': True, 'GE': False, 'GF': True, 'GH': True}",migration,False,False,True,False,2026-03-13T04:08:49+00:00,2026-03-13T04:08:50.065908+00:00,0.1.0,,,,,0.062099999999999995,,,,,,,0.0,,0.30935708583669896,0.6662815174980167,0.003807760706695973,0.0,1.0,0.0,0.0,1.0,0.0,0.798,0.20199999999999996,,,,
ideal_e4_lih_vqe_B5_no_estimation_mitigation_state_seed101,lih_vqe,embedded_larger_active_space,ideal,e4,101,,B5,ablation_restore,no_estimation_mitigation_state,parallel_fs,parallel_fs,source->target,0.25,1,12,"{'G0': True, 'GA': True, 'GB': True, 'GC': True, 'GD': True, 'GE': False, 'GF': True, 'GH': True}",migration,False,False,True,False,2026-03-07T01:26:37+00:00,2026-03-07T01:26:38.065216+00:00,0.1.0,,,,,0.062099999999999995,,,,,,,0.0,,0.33451500747793234,0.6696318872289304,0.0031156283831847986,0.0,1.0,0.0,0.0,1.0,0.0,0.798,0.20199999999999996,,,,
ideal_e4_lih_vqe_B5_no_estimation_mitigation_state_seed107,lih_vqe,embedded_larger_active_space,ideal,e4,107,,B5,ablation_restore,no_estimation_mitigation_state,parallel_fs,parallel_fs,source->target,0.25,1,12,"{'G0': True, 'GA': True, 'GB': True, 'GC': True, 'GD': True, 'GE': False, 'GF': True, 'GH': True}",migration,False,False,True,False,2026-03-01T16:47:34+00:00,2026-03-01T16:47:35.068638+00:00,0.1.0,,,,,0.062099999999999995,,,,,,,0.0,,0.3141725394325541,0.46482294054732726,0.006537593718273449,0.0,1.0,0.0,0.0,1.0,0.0,0.798,0.20199999999999996,,,,
ideal_e4_lih_vqe_B5_no_estimation_mitigation_state_seed113,lih_vqe,embedded_larger_active_space,ideal,e4,113,,B5,ablation_restore,no_estimation_mitigation_state,parallel_fs,parallel_fs,source->target,0.25,1,12,"{'G0': True, 'GA': True, 'GB': True, 'GC': True, 'GD': True, 'GE': False, 'GF': True, 'GH': True}",migration,False,False,True,False,2026-03-28T06:54:06+00:00,2026-03-28T06:54:07.067797+00:00,0.1.0,,,,,0.062099999999999995,,,,,,,0.0,,0.26257063779500905,0.42967468724592567,0.005697443621023979,0.0,1.0,0.0,0.0,1.0,0.0,0.798,0.20199999999999996,,,,
ideal_e4_lih_vqe_B5_no_backend_snapshot_seed11,lih_vqe,embedded_larger_active_space,ideal,e4,11,,B5,ablation_restore,no_backend_snapshot,parallel_fs,parallel_fs,source->target,0.25,1,12,"{'G0': True, 'GA': True, 'GB': True, 'GC': True, 'GD': True, 'GE': True, 'GF': False, 'GH': True}",block,False,False,False,True,2026-03-13T00:11:59+00:00,2026-03-13T00:12:00.062100+00:00,0.1.0,,,,,0.062099999999999995,,,,,,,0.0,,1.0,0.0,0.0,0.0,0.0,1.0,0.0,0.0,1.0,0.22680000000000003,0.7732,,,,
ideal_e4_lih_vqe_B5_no_backend_snapshot_seed17,lih_vqe,embedded_larger_active_space,ideal,e4,17,,B5,ablation_restore,no_backend_snapshot,parallel_fs,parallel_fs,source->target,0.25,1,12,"{'G0': True, 'GA': True, 'GB': True, 'GC': True, 'GD': True, 'GE': True, 'GF': False, 'GH': True}",block,False,False,False,True,2026-03-16T17:03:05+00:00,2026-03-16T17:03:06.062100+00:00,0.1.0,,,,,0.062099999999999995,,,,,,,0.0,,1.0,0.0,0.0,0.0,0.0,1.0,0.0,0.0,1.0,0.22680000000000003,0.7732,,,,
ideal_e4_lih_vqe_B5_no_backend_snapshot_seed23,lih_vqe,embedded_larger_active_space,ideal,e4,23,,B5,ablation_restore,no_backend_snapshot,parallel_fs,parallel_fs,source->target,0.25,1,12,"{'G0': True, 'GA': True, 'GB': True, 'GC': True, 'GD': True, 'GE': True, 'GF': False, 'GH': True}",block,False,False,False,True,2026-03-11T12:17:56+00:00,2026-03-11T12:17:57.062100+00:00,0.1.0,,,,,0.062099999999999995,,,,,,,0.0,,1.0,0.0,0.0,0.0,0.0,1.0,0.0,0.0,1.0,0.22680000000000003,0.7732,,,,
ideal_e4_lih_vqe_B5_no_backend_snapshot_seed31,lih_vqe,embedded_larger_active_space,ideal,e4,31,,B5,ablation_restore,no_backend_snapshot,parallel_fs,parallel_fs,source->target,0.25,1,12,"{'G0': True, 'GA': True, 'GB': True, 'GC': True, 'GD': True, 'GE': True, 'GF': False, 'GH': True}",block,False,False,False,True,2026-03-23T21:17:27+00:00,2026-03-23T21:17:28.062100+00:00,0.1.0,,,,,0.062099999999999995,,,,,,,0.0,,1.0,0.0,0.0,0.0,0.0,1.0,0.0,0.0,1.0,0.22680000000000003,0.7732,,,,
ideal_e4_lih_vqe_B5_no_backend_snapshot_seed43,lih_vqe,embedded_larger_active_space,ideal,e4,43,,B5,ablation_restore,no_backend_snapshot,parallel_fs,parallel_fs,source->target,0.25,1,12,"{'G0': True, 'GA': True, 'GB': True, 'GC': True, 'GD': True, 'GE': True, 'GF': False, 'GH': True}",block,False,False,False,True,2026-03-27T18:06:55+00:00,2026-03-27T18:06:56.062100+00:00,0.1.0,,,,,0.062099999999999995,,,,,,,0.0,,1.0,0.0,0.0,0.0,0.0,1.0,0.0,0.0,1.0,0.22680000000000003,0.7732,,,,
ideal_e4_lih_vqe_B5_no_backend_snapshot_seed59,lih_vqe,embedded_larger_active_space,ideal,e4,59,,B5,ablation_restore,no_backend_snapshot,parallel_fs,parallel_fs,source->target,0.25,1,12,"{'G0': True, 'GA': True, 'GB': True, 'GC': True, 'GD': True, 'GE': True, 'GF': False, 'GH': True}",block,False,False,False,True,2026-03-08T00:22:46+00:00,2026-03-08T00:22:47.062100+00:00,0.1.0,,,,,0.062099999999999995,,,,,,,0.0,,1.0,0.0,0.0,0.0,0.0,1.0,0.0,0.0,1.0,0.22680000000000003,0.7732,,,,
ideal_e4_lih_vqe_B5_no_backend_snapshot_seed71,lih_vqe,embedded_larger_active_space,ideal,e4,71,,B5,ablation_restore,no_backend_snapshot,parallel_fs,parallel_fs,source->target,0.25,1,12,"{'G0': True, 'GA': True, 'GB': True, 'GC': True, 'GD': True, 'GE': True, 'GF': False, 'GH': True}",block,False,False,False,True,2026-03-28T19:12:37+00:00,2026-03-28T19:12:38.062100+00:00,0.1.0,,,,,0.062099999999999995,,,,,,,0.0,,1.0,0.0,0.0,0.0,0.0,1.0,0.0,0.0,1.0,0.22680000000000003,0.7732,,,,
ideal_e4_lih_vqe_B5_no_backend_snapshot_seed83,lih_vqe,embedded_larger_active_space,ideal,e4,83,,B5,ablation_restore,no_backend_snapshot,parallel_fs,parallel_fs,source->target,0.25,1,12,"{'G0': True, 'GA': True, 'GB': True, 'GC': True, 'GD': True, 'GE': True, 'GF': False, 'GH': True}",block,False,False,False,True,2026-03-17T17:32:21+00:00,2026-03-17T17:32:22.062100+00:00,0.1.0,,,,,0.062099999999999995,,,,,,,0.0,,1.0,0.0,0.0,0.0,0.0,1.0,0.0,0.0,1.0,0.22680000000000003,0.7732,,,,
ideal_e4_lih_vqe_B5_no_backend_snapshot_seed97,lih_vqe,embedded_larger_active_space,ideal,e4,97,,B5,ablation_restore,no_backend_snapshot,parallel_fs,parallel_fs,source->target,0.25,1,12,"{'G0': True, 'GA': True, 'GB': True, 'GC': True, 'GD': True, 'GE': True, 'GF': False, 'GH': True}",migration,False,False,True,False,2026-03-22T19:21:32+00:00,2026-03-22T19:21:33.062100+00:00,0.1.0,,,,,0.062099999999999995,,,,,,,0.0,,0.4298014318739734,0.5907852904578295,0.0,0.0,1.0,0.0,0.0,1.0,0.0,0.7560000000000001,0.24399999999999988,,,,
ideal_e4_lih_vqe_B5_no_backend_snapshot_seed101,lih_vqe,embedded_larger_active_space,ideal,e4,101,,B5,ablation_restore,no_backend_snapshot,parallel_fs,parallel_fs,source->target,0.25,1,12,"{'G0': True, 'GA': True, 'GB': True, 'GC': True, 'GD': True, 'GE': True, 'GF': False, 'GH': True}",migration,False,False,True,False,2026-03-17T04:41:09+00:00,2026-03-17T04:41:10.102786+00:00,0.1.0,,,,,0.062099999999999995,,,,,,,0.0,,0.46446745162086456,0.5730833195496519,0.040685719506269535,0.0,1.0,0.0,0.0,1.0,0.0,0.7560000000000001,0.24399999999999988,,,,
ideal_e4_lih_vqe_B5_no_backend_snapshot_seed107,lih_vqe,embedded_larger_active_space,ideal,e4,107,,B5,ablation_restore,no_backend_snapshot,parallel_fs,parallel_fs,source->target,0.25,1,12,"{'G0': True, 'GA': True, 'GB': True, 'GC': True, 'GD': True, 'GE': True, 'GF': False, 'GH': True}",block,False,False,False,True,2026-03-26T12:12:33+00:00,2026-03-26T12:12:34.062100+00:00,0.1.0,,,,,0.062099999999999995,,,,,,,0.0,,1.0,0.0,0.0,0.0,0.0,1.0,0.0,0.0,1.0,0.22680000000000003,0.7732,,,,
ideal_e4_lih_vqe_B5_no_backend_snapshot_seed113,lih_vqe,embedded_larger_active_space,ideal,e4,113,,B5,ablation_restore,no_backend_snapshot,parallel_fs,parallel_fs,source->target,0.25,1,12,"{'G0': True, 'GA': True, 'GB': True, 'GC': True, 'GD': True, 'GE': True, 'GF': False, 'GH': True}",block,False,False,False,True,2026-03-19T20:57:02+00:00,2026-03-19T20:57:03.062100+00:00,0.1.0,,,,,0.062099999999999995,,,,,,,0.0,,1.0,0.0,0.0,0.0,0.0,1.0,0.0,0.0,1.0,0.22680000000000003,0.7732,,,,
ideal_e4_lih_vqe_B5_no_geometry_seed11,lih_vqe,embedded_larger_active_space,ideal,e4,11,,B5,ablation_restore,no_geometry,parallel_fs,parallel_fs,source->target,0.25,1,12,"{'G0': True, 'GA': True, 'GB': True, 'GC': True, 'GD': True, 'GE': True, 'GF': True, 'GH': False}",migration,True,True,False,False,2026-03-13T11:47:23+00:00,2026-03-13T11:47:24.082595+00:00,0.1.0,,,,,0.062099999999999995,,,,,,,1.0,,0.18603084454121968,0.24889295744032047,0.020495197959141898,1.0,0.0,0.0,0.0,1.0,0.0,0.7560000000000001,0.24399999999999988,,,,
ideal_e4_lih_vqe_B5_no_geometry_seed17,lih_vqe,embedded_larger_active_space,ideal,e4,17,,B5,ablation_restore,no_geometry,parallel_fs,parallel_fs,source->target,0.25,1,12,"{'G0': True, 'GA': True, 'GB': True, 'GC': True, 'GD': True, 'GE': True, 'GF': True, 'GH': False}",migration,True,True,False,False,2026-03-27T11:32:59+00:00,2026-03-27T11:33:00.066532+00:00,0.1.0,,,,,0.062099999999999995,,,,,,,1.0,,0.225873481918303,0.3271694944057202,0.004432252625233168,1.0,0.0,0.0,0.0,1.0,0.0,0.7560000000000001,0.24399999999999988,,,,
ideal_e4_lih_vqe_B5_no_geometry_seed23,lih_vqe,embedded_larger_active_space,ideal,e4,23,,B5,ablation_restore,no_geometry,parallel_fs,parallel_fs,source->target,0.25,1,12,"{'G0': True, 'GA': True, 'GB': True, 'GC': True, 'GD': True, 'GE': True, 'GF': True, 'GH': False}",migration,True,True,False,False,2026-03-26T23:14:40+00:00,2026-03-26T23:14:41.087260+00:00,0.1.0,,,,,0.062099999999999995,,,,,,,1.0,,0.20944259215102065,0.4027463281010856,0.025160011735365195,1.0,0.0,0.0,0.0,1.0,0.0,0.7560000000000001,0.24399999999999988,,,,
ideal_e4_lih_vqe_B5_no_geometry_seed31,lih_vqe,embedded_larger_active_space,ideal,e4,31,,B5,ablation_restore,no_geometry,parallel_fs,parallel_fs,source->target,0.25,1,12,"{'G0': True, 'GA': True, 'GB': True, 'GC': True, 'GD': True, 'GE': True, 'GF': True, 'GH': False}",migration,True,True,False,False,2026-03-21T03:59:46+00:00,2026-03-21T03:59:47.083354+00:00,0.1.0,,,,,0.062099999999999995,,,,,,,1.0,,0.1763786699688245,0.26671994614740746,0.021253597270926683,1.0,0.0,0.0,0.0,1.0,0.0,0.7560000000000001,0.24399999999999988,,,,
ideal_e4_lih_vqe_B5_no_geometry_seed43,lih_vqe,embedded_larger_active_space,ideal,e4,43,,B5,ablation_restore,no_geometry,parallel_fs,parallel_fs,source->target,0.25,1,12,"{'G0': True, 'GA': True, 'GB': True, 'GC': True, 'GD': True, 'GE': True, 'GF': True, 'GH': False}",migration,True,True,False,False,2026-03-19T12:05:22+00:00,2026-03-19T12:05:23.087372+00:00,0.1.0,,,,,0.062099999999999995,,,,,,,1.0,,0.1676775781857902,0.31228930995387344,0.025271852079621127,1.0,0.0,0.0,0.0,1.0,0.0,0.7560000000000001,0.24399999999999988,,,,
ideal_e4_lih_vqe_B5_no_geometry_seed59,lih_vqe,embedded_larger_active_space,ideal,e4,59,,B5,ablation_restore,no_geometry,parallel_fs,parallel_fs,source->target,0.25,1,12,"{'G0': True, 'GA': True, 'GB': True, 'GC': True, 'GD': True, 'GE': True, 'GF': True, 'GH': False}",migration,True,True,False,False,2026-03-15T06:53:31+00:00,2026-03-15T06:53:32.091443+00:00,0.1.0,,,,,0.062099999999999995,,,,,,,1.0,,0.17673248582331397,0.3062357881309183,0.029343413545329433,1.0,0.0,0.0,0.0,1.0,0.0,0.7560000000000001,0.24399999999999988,,,,
ideal_e4_lih_vqe_B5_no_geometry_seed71,lih_vqe,embedded_larger_active_space,ideal,e4,71,,B5,ablation_restore,no_geometry,parallel_fs,parallel_fs,source->target,0.25,1,12,"{'G0': True, 'GA': True, 'GB': True, 'GC': True, 'GD': True, 'GE': True, 'GF': True, 'GH': False}",migration,True,True,False,False,2026-03-18T07:15:45+00:00,2026-03-18T07:15:46.082618+00:00,0.1.0,,,,,0.062099999999999995,,,,,,,1.0,,0.1907597357822665,0.2480614740175993,0.02051813415592285,1.0,0.0,0.0,0.0,1.0,0.0,0.7560000000000001,0.24399999999999988,,,,
ideal_e4_lih_vqe_B5_no_geometry_seed83,lih_vqe,embedded_larger_active_space,ideal,e4,83,,B5,ablation_restore,no_geometry,parallel_fs,parallel_fs,source->target,0.25,1,12,"{'G0': True, 'GA': True, 'GB': True, 'GC': True, 'GD': True, 'GE': True, 'GF': True, 'GH': False}",migration,False,False,True,False,2026-03-23T14:26:36+00:00,2026-03-23T14:26:37.081548+00:00,0.1.0,,,,,0.062099999999999995,,,,,,,0.0,,0.2498578617443523,0.2960917831707928,0.019448148652634778,0.0,1.0,0.0,0.0,1.0,0.0,0.7560000000000001,0.24399999999999988,,,,
ideal_e4_lih_vqe_B5_no_geometry_seed97,lih_vqe,embedded_larger_active_space,ideal,e4,97,,B5,ablation_restore,no_geometry,parallel_fs,parallel_fs,source->target,0.25,1,12,"{'G0': True, 'GA': True, 'GB': True, 'GC': True, 'GD': True, 'GE': True, 'GF': True, 'GH': False}",migration,True,True,False,False,2026-03-29T07:44:11+00:00,2026-03-29T07:44:12.090958+00:00,0.1.0,,,,,0.062099999999999995,,,,,,,1.0,,0.20490501333655414,0.36522327554752027,0.02885810097917485,1.0,0.0,0.0,0.0,1.0,0.0,0.7560000000000001,0.24399999999999988,,,,
ideal_e4_lih_vqe_B5_no_geometry_seed101,lih_vqe,embedded_larger_active_space,ideal,e4,101,,B5,ablation_restore,no_geometry,parallel_fs,parallel_fs,source->target,0.25,1,12,"{'G0': True, 'GA': True, 'GB': True, 'GC': True, 'GD': True, 'GE': True, 'GF': True, 'GH': False}",migration,True,True,False,False,2026-03-27T08:30:08+00:00,2026-03-27T08:30:09.089385+00:00,0.1.0,,,,,0.062099999999999995,,,,,,,1.0,,0.2110767780459671,0.39797651674568707,0.0272848367923757,1.0,0.0,0.0,0.0,1.0,0.0,0.7560000000000001,0.24399999999999988,,,,
ideal_e4_lih_vqe_B5_no_geometry_seed107,lih_vqe,embedded_larger_active_space,ideal,e4,107,,B5,ablation_restore,no_geometry,parallel_fs,parallel_fs,source->target,0.25,1,12,"{'G0': True, 'GA': True, 'GB': True, 'GC': True, 'GD': True, 'GE': True, 'GF': True, 'GH': False}",migration,True,True,False,False,2026-03-08T14:55:06+00:00,2026-03-08T14:55:07.090743+00:00,0.1.0,,,,,0.062099999999999995,,,,,,,1.0,,0.14049865239029627,0.2610315435588,0.02864341656552849,1.0,0.0,0.0,0.0,1.0,0.0,0.7560000000000001,0.24399999999999988,,,,
ideal_e4_lih_vqe_B5_no_geometry_seed113,lih_vqe,embedded_larger_active_space,ideal,e4,113,,B5,ablation_restore,no_geometry,parallel_fs,parallel_fs,source->target,0.25,1,12,"{'G0': True, 'GA': True, 'GB': True, 'GC': True, 'GD': True, 'GE': True, 'GF': True, 'GH': False}",migration,True,True,False,False,2026-03-07T16:50:32+00:00,2026-03-07T16:50:33.083242+00:00,0.1.0,,,,,0.062099999999999995,,,,,,,1.0,,0.13699387972056845,0.23137276896329514,0.021142476808704735,1.0,0.0,0.0,0.0,1.0,0.0,0.7560000000000001,0.24399999999999988,,,,
ideal_e4_h2_vqe_B4_full_contract_seed11,h2_vqe,embedded_same_family_active_space,ideal,e4,11,,B4,ablation_restore,full_contract,parallel_fs,parallel_fs,,0.0,1,12,"{'G0': True, 'GA': True, 'GB': True, 'GC': True, 'GD': True, 'GE': True, 'GF': True, 'GH': True}",replay,True,True,False,False,2026-03-12T00:30:24+00:00,2026-03-12T00:30:25+00:00,0.1.0,,,,,0.0,,,,,,,1.0,,0.11845649063547108,0.3208302386171143,0.0,1.0,0.0,0.0,1.0,0.0,0.0,0.5976,0.4024,,,,
ideal_e4_h2_vqe_B4_full_contract_seed17,h2_vqe,embedded_same_family_active_space,ideal,e4,17,,B4,ablation_restore,full_contract,parallel_fs,parallel_fs,,0.0,1,12,"{'G0': True, 'GA': True, 'GB': True, 'GC': True, 'GD': True, 'GE': True, 'GF': True, 'GH': True}",replay,True,True,False,False,2026-03-03T03:48:49+00:00,2026-03-03T03:48:50+00:00,0.1.0,,,,,0.0,,,,,,,1.0,,0.06563711652037474,0.350206183833185,0.0,1.0,0.0,0.0,1.0,0.0,0.0,0.5976,0.4024,,,,
ideal_e4_h2_vqe_B4_full_contract_seed23,h2_vqe,embedded_same_family_active_space,ideal,e4,23,,B4,ablation_restore,full_contract,parallel_fs,parallel_fs,,0.0,1,12,"{'G0': True, 'GA': True, 'GB': True, 'GC': True, 'GD': True, 'GE': True, 'GF': True, 'GH': True}",replay,True,True,False,False,2026-03-07T09:00:59+00:00,2026-03-07T09:01:00+00:00,0.1.0,,,,,0.0,,,,,,,1.0,,0.049096333891346045,0.34194713279924044,0.0,1.0,0.0,0.0,1.0,0.0,0.0,0.5976,0.4024,,,,
ideal_e4_h2_vqe_B4_full_contract_seed31,h2_vqe,embedded_same_family_active_space,ideal,e4,31,,B4,ablation_restore,full_contract,parallel_fs,parallel_fs,,0.0,1,12,"{'G0': True, 'GA': True, 'GB': True, 'GC': True, 'GD': True, 'GE': True, 'GF': True, 'GH': True}",replay,True,True,False,False,2026-03-29T04:52:45+00:00,2026-03-29T04:52:46+00:00,0.1.0,,,,,0.0,,,,,,,1.0,,0.07594936153297632,0.3002837302737722,0.0,1.0,0.0,0.0,1.0,0.0,0.0,0.5976,0.4024,,,,
ideal_e4_h2_vqe_B4_full_contract_seed43,h2_vqe,embedded_same_family_active_space,ideal,e4,43,,B4,ablation_restore,full_contract,parallel_fs,parallel_fs,,0.0,1,12,"{'G0': True, 'GA': True, 'GB': True, 'GC': True, 'GD': True, 'GE': True, 'GF': True, 'GH': True}",replay,True,True,False,False,2026-03-15T04:09:19+00:00,2026-03-15T04:09:20+00:00,0.1.0,,,,,0.0,,,,,,,1.0,,0.06000676923920652,0.329893513708336,0.0,1.0,0.0,0.0,1.0,0.0,0.0,0.5976,0.4024,,,,
ideal_e4_h2_vqe_B4_full_contract_seed59,h2_vqe,embedded_same_family_active_space,ideal,e4,59,,B4,ablation_restore,full_contract,parallel_fs,parallel_fs,,0.0,1,12,"{'G0': True, 'GA': True, 'GB': True, 'GC': True, 'GD': True, 'GE': True, 'GF': True, 'GH': True}",replay,True,True,False,False,2026-03-06T10:21:21+00:00,2026-03-06T10:21:22+00:00,0.1.0,,,,,0.0,,,,,,,1.0,,0.12135542049363061,0.3575474474065044,0.0,1.0,0.0,0.0,1.0,0.0,0.0,0.5976,0.4024,,,,
ideal_e4_h2_vqe_B4_full_contract_seed71,h2_vqe,embedded_same_family_active_space,ideal,e4,71,,B4,ablation_restore,full_contract,parallel_fs,parallel_fs,,0.0,1,12,"{'G0': True, 'GA': True, 'GB': True, 'GC': True, 'GD': True, 'GE': True, 'GF': True, 'GH': True}",replay,True,True,False,False,2026-03-11T10:22:50+00:00,2026-03-11T10:22:51+00:00,0.1.0,,,,,0.0,,,,,,,1.0,,0.08498663001168122,0.3577384817063475,0.0,1.0,0.0,0.0,1.0,0.0,0.0,0.5976,0.4024,,,,
ideal_e4_h2_vqe_B4_full_contract_seed83,h2_vqe,embedded_same_family_active_space,ideal,e4,83,,B4,ablation_restore,full_contract,parallel_fs,parallel_fs,,0.0,1,12,"{'G0': True, 'GA': True, 'GB': True, 'GC': True, 'GD': True, 'GE': True, 'GF': True, 'GH': True}",replay,True,True,False,False,2026-03-25T10:40:40+00:00,2026-03-25T10:40:41+00:00,0.1.0,,,,,0.0,,,,,,,1.0,,0.07974607273884417,0.3456677038012004,0.0,1.0,0.0,0.0,1.0,0.0,0.0,0.5976,0.4024,,,,
ideal_e4_h2_vqe_B4_full_contract_seed97,h2_vqe,embedded_same_family_active_space,ideal,e4,97,,B4,ablation_restore,full_contract,parallel_fs,parallel_fs,,0.0,1,12,"{'G0': True, 'GA': True, 'GB': True, 'GC': True, 'GD': True, 'GE': True, 'GF': True, 'GH': True}",replay,True,True,False,False,2026-03-17T15:18:06+00:00,2026-03-17T15:18:07+00:00,0.1.0,,,,,0.0,,,,,,,1.0,,0.06943589063206856,0.402618762243198,0.0,1.0,0.0,0.0,1.0,0.0,0.0,0.5976,0.4024,,,,
ideal_e4_h2_vqe_B4_full_contract_seed101,h2_vqe,embedded_same_family_active_space,ideal,e4,101,,B4,ablation_restore,full_contract,parallel_fs,parallel_fs,,0.0,1,12,"{'G0': True, 'GA': True, 'GB': True, 'GC': True, 'GD': True, 'GE': True, 'GF': True, 'GH': True}",replay,True,True,False,False,2026-03-10T20:03:45+00:00,2026-03-10T20:03:46+00:00,0.1.0,,,,,0.0,,,,,,,1.0,,0.10363362050942582,0.3238942808708273,0.0,1.0,0.0,0.0,1.0,0.0,0.0,0.5976,0.4024,,,,
ideal_e4_h2_vqe_B4_full_contract_seed107,h2_vqe,embedded_same_family_active_space,ideal,e4,107,,B4,ablation_restore,full_contract,parallel_fs,parallel_fs,,0.0,1,12,"{'G0': True, 'GA': True, 'GB': True, 'GC': True, 'GD': True, 'GE': True, 'GF': True, 'GH': True}",replay,True,True,False,False,2026-03-23T18:38:47+00:00,2026-03-23T18:38:48+00:00,0.1.0,,,,,0.0,,,,,,,1.0,,0.08533148412303906,0.354149604112799,0.0,1.0,0.0,0.0,1.0,0.0,0.0,0.5976,0.4024,,,,
ideal_e4_h2_vqe_B4_full_contract_seed113,h2_vqe,embedded_same_family_active_space,ideal,e4,113,,B4,ablation_restore,full_contract,parallel_fs,parallel_fs,,0.0,1,12,"{'G0': True, 'GA': True, 'GB': True, 'GC': True, 'GD': True, 'GE': True, 'GF': True, 'GH': True}",replay,True,True,False,False,2026-03-08T04:14:17+00:00,2026-03-08T04:14:18+00:00,0.1.0,,,,,0.0,,,,,,,1.0,,0.06464231991360601,0.42636656813428336,0.0,1.0,0.0,0.0,1.0,0.0,0.0,0.5976,0.4024,,,,
ideal_e4_h2_vqe_B4_no_optimizer_memory_seed11,h2_vqe,embedded_same_family_active_space,ideal,e4,11,,B4,ablation_restore,no_optimizer_memory,parallel_fs,parallel_fs,,0.0,1,12,"{'G0': True, 'GA': True, 'GB': False, 'GC': True, 'GD': True, 'GE': True, 'GF': True, 'GH': True}",replay,True,True,False,False,2026-03-29T21:13:43+00:00,2026-03-29T21:13:44.021184+00:00,0.1.0,,,,,0.0,,,,,,,1.0,,0.08847459830448551,0.2741735255289486,0.021184092949918076,1.0,0.0,0.0,1.0,0.0,0.0,0.4536,0.5464,,,,
ideal_e4_h2_vqe_B4_no_optimizer_memory_seed17,h2_vqe,embedded_same_family_active_space,ideal,e4,17,,B4,ablation_restore,no_optimizer_memory,parallel_fs,parallel_fs,,0.0,1,12,"{'G0': True, 'GA': True, 'GB': False, 'GC': True, 'GD': True, 'GE': True, 'GF': True, 'GH': True}",replay,True,True,False,False,2026-03-01T20:51:42+00:00,2026-03-01T20:51:43.008641+00:00,0.1.0,,,,,0.0,,,,,,,1.0,,0.05547087196526136,0.30152410220079673,0.008640532711079008,1.0,0.0,0.0,1.0,0.0,0.0,0.4536,0.5464,,,,
ideal_e4_h2_vqe_B4_no_optimizer_memory_seed23,h2_vqe,embedded_same_family_active_space,ideal,e4,23,,B4,ablation_restore,no_optimizer_memory,parallel_fs,parallel_fs,,0.0,1,12,"{'G0': True, 'GA': True, 'GB': False, 'GC': True, 'GD': True, 'GE': True, 'GF': True, 'GH': True}",replay,True,True,False,False,2026-03-16T20:09:08+00:00,2026-03-16T20:09:09.006324+00:00,0.1.0,,,,,0.0,,,,,,,1.0,,0.038152350710213306,0.29431692843110935,0.006323783136618744,1.0,0.0,0.0,1.0,0.0,0.0,0.4536,0.5464,,,,
ideal_e4_h2_vqe_B4_no_optimizer_memory_seed31,h2_vqe,embedded_same_family_active_space,ideal,e4,31,,B4,ablation_restore,no_optimizer_memory,parallel_fs,parallel_fs,,0.0,1,12,"{'G0': True, 'GA': True, 'GB': False, 'GC': True, 'GD': True, 'GE': True, 'GF': True, 'GH': True}",replay,True,True,False,False,2026-03-10T20:58:55+00:00,2026-03-10T20:58:56.017967+00:00,0.1.0,,,,,0.0,,,,,,,1.0,,0.06898834696689857,0.25392870648234966,0.017966820836095687,1.0,0.0,0.0,1.0,0.0,0.0,0.4536,0.5464,,,,
ideal_e4_h2_vqe_B4_no_optimizer_memory_seed43,h2_vqe,embedded_same_family_active_space,ideal,e4,43,,B4,ablation_restore,no_optimizer_memory,parallel_fs,parallel_fs,,0.0,1,12,"{'G0': True, 'GA': True, 'GB': False, 'GC': True, 'GD': True, 'GE': True, 'GF': True, 'GH': True}",replay,True,True,False,False,2026-03-23T08:12:27+00:00,2026-03-23T08:12:28.010932+00:00,0.1.0,,,,,0.0,,,,,,,1.0,,0.04069080322231934,0.2838861274244706,0.010932027046161696,1.0,0.0,0.0,1.0,0.0,0.0,0.4536,0.5464,,,,
ideal_e4_h2_vqe_B4_no_optimizer_memory_seed59,h2_vqe,embedded_same_family_active_space,ideal,e4,59,,B4,ablation_restore,no_optimizer_memory,parallel_fs,parallel_fs,,0.0,1,12,"{'G0': True, 'GA': True, 'GB': False, 'GC': True, 'GD': True, 'GE': True, 'GF': True, 'GH': True}",replay,True,True,False,False,2026-03-09T15:21:23+00:00,2026-03-09T15:21:24.022278+00:00,0.1.0,,,,,0.0,,,,,,,1.0,,0.10713231970465494,0.3068358017896326,0.022277764944680145,1.0,0.0,0.0,1.0,0.0,0.0,0.4536,0.5464,,,,
ideal_e4_h2_vqe_B4_no_optimizer_memory_seed71,h2_vqe,embedded_same_family_active_space,ideal,e4,71,,B4,ablation_restore,no_optimizer_memory,parallel_fs,parallel_fs,,0.0,1,12,"{'G0': True, 'GA': True, 'GB': False, 'GC': True, 'GD': True, 'GE': True, 'GF': True, 'GH': True}",replay,True,True,False,False,2026-03-22T08:55:43+00:00,2026-03-22T08:55:44.017498+00:00,0.1.0,,,,,0.0,,,,,,,1.0,,0.0855232417009418,0.307416642885672,0.017497818401368548,1.0,0.0,0.0,1.0,0.0,0.0,0.4536,0.5464,,,,
ideal_e4_h2_vqe_B4_no_optimizer_memory_seed83,h2_vqe,embedded_same_family_active_space,ideal,e4,83,,B4,ablation_restore,no_optimizer_memory,parallel_fs,parallel_fs,,0.0,1,12,"{'G0': True, 'GA': True, 'GB': False, 'GC': True, 'GD': True, 'GE': True, 'GF': True, 'GH': True}",replay,True,True,False,False,2026-03-28T10:13:33+00:00,2026-03-28T10:13:34.016536+00:00,0.1.0,,,,,0.0,,,,,,,1.0,,0.07196103736033829,0.2971963935673802,0.016536291300619954,1.0,0.0,0.0,1.0,0.0,0.0,0.4536,0.5464,,,,
ideal_e4_h2_vqe_B4_no_optimizer_memory_seed97,h2_vqe,embedded_same_family_active_space,ideal,e4,97,,B4,ablation_restore,no_optimizer_memory,parallel_fs,parallel_fs,,0.0,1,12,"{'G0': True, 'GA': True, 'GB': False, 'GC': True, 'GD': True, 'GE': True, 'GF': True, 'GH': True}",replay,True,True,False,False,2026-03-27T14:21:25+00:00,2026-03-27T14:21:26.009911+00:00,0.1.0,,,,,0.0,,,,,,,1.0,,0.05915450026866879,0.34903675344564405,0.009911075768712418,1.0,0.0,0.0,1.0,0.0,0.0,0.4536,0.5464,,,,
ideal_e4_h2_vqe_B4_no_optimizer_memory_seed101,h2_vqe,embedded_same_family_active_space,ideal,e4,101,,B4,ablation_restore,no_optimizer_memory,parallel_fs,parallel_fs,,0.0,1,12,"{'G0': True, 'GA': True, 'GB': False, 'GC': True, 'GD': True, 'GE': True, 'GF': True, 'GH': True}",replay,True,True,False,False,2026-03-29T16:10:35+00:00,2026-03-29T16:10:36.016370+00:00,0.1.0,,,,,0.0,,,,,,,1.0,,0.08764409943013211,0.2770610505375827,0.01637026337926284,1.0,0.0,0.0,1.0,0.0,0.0,0.4536,0.5464,,,,
ideal_e4_h2_vqe_B4_no_optimizer_memory_seed107,h2_vqe,embedded_same_family_active_space,ideal,e4,107,,B4,ablation_restore,no_optimizer_memory,parallel_fs,parallel_fs,,0.0,1,12,"{'G0': True, 'GA': True, 'GB': False, 'GC': True, 'GD': True, 'GE': True, 'GF': True, 'GH': True}",replay,True,True,False,False,2026-03-21T15:19:30+00:00,2026-03-21T15:19:31.019386+00:00,0.1.0,,,,,0.0,,,,,,,1.0,,0.07467506716399414,0.30270644789288376,0.019385683803234466,1.0,0.0,0.0,1.0,0.0,0.0,0.4536,0.5464,,,,
ideal_e4_h2_vqe_B4_no_optimizer_memory_seed113,h2_vqe,embedded_same_family_active_space,ideal,e4,113,,B4,ablation_restore,no_optimizer_memory,parallel_fs,parallel_fs,,0.0,1,12,"{'G0': True, 'GA': True, 'GB': False, 'GC': True, 'GD': True, 'GE': True, 'GF': True, 'GH': True}",replay,True,True,False,False,2026-03-19T03:25:46+00:00,2026-03-19T03:25:47.004403+00:00,0.1.0,,,,,0.0,,,,,,,1.0,,0.055682221695506386,0.3724697247511485,0.004403382113409737,1.0,0.0,0.0,1.0,0.0,0.0,0.4536,0.5464,,,,
ideal_e4_h2_vqe_B4_no_measurement_ledger_seed11,h2_vqe,embedded_same_family_active_space,ideal,e4,11,,B4,ablation_restore,no_measurement_ledger,parallel_fs,parallel_fs,,0.0,1,12,"{'G0': True, 'GA': True, 'GB': True, 'GC': True, 'GD': False, 'GE': True, 'GF': True, 'GH': True}",replay,True,True,False,False,2026-03-20T13:07:46+00:00,2026-03-20T13:07:47+00:00,0.1.0,,,,,0.0,,,,,,,1.0,,0.11845649063547108,0.3208302386171143,0.0,1.0,0.0,0.0,1.0,0.0,0.0,0.5976,0.4024,,,,
ideal_e4_h2_vqe_B4_no_measurement_ledger_seed17,h2_vqe,embedded_same_family_active_space,ideal,e4,17,,B4,ablation_restore,no_measurement_ledger,parallel_fs,parallel_fs,,0.0,1,12,"{'G0': True, 'GA': True, 'GB': True, 'GC': True, 'GD': False, 'GE': True, 'GF': True, 'GH': True}",replay,True,True,False,False,2026-03-22T15:15:44+00:00,2026-03-22T15:15:45+00:00,0.1.0,,,,,0.0,,,,,,,1.0,,0.06563711652037474,0.350206183833185,0.0,1.0,0.0,0.0,1.0,0.0,0.0,0.5976,0.4024,,,,
ideal_e4_h2_vqe_B4_no_measurement_ledger_seed23,h2_vqe,embedded_same_family_active_space,ideal,e4,23,,B4,ablation_restore,no_measurement_ledger,parallel_fs,parallel_fs,,0.0,1,12,"{'G0': True, 'GA': True, 'GB': True, 'GC': True, 'GD': False, 'GE': True, 'GF': True, 'GH': True}",replay,True,True,False,False,2026-03-06T01:00:02+00:00,2026-03-06T01:00:03+00:00,0.1.0,,,,,0.0,,,,,,,1.0,,0.049096333891346045,0.34194713279924044,0.0,1.0,0.0,0.0,1.0,0.0,0.0,0.5976,0.4024,,,,
ideal_e4_h2_vqe_B4_no_measurement_ledger_seed31,h2_vqe,embedded_same_family_active_space,ideal,e4,31,,B4,ablation_restore,no_measurement_ledger,parallel_fs,parallel_fs,,0.0,1,12,"{'G0': True, 'GA': True, 'GB': True, 'GC': True, 'GD': False, 'GE': True, 'GF': True, 'GH': True}",replay,True,True,False,False,2026-03-26T03:05:35+00:00,2026-03-26T03:05:36+00:00,0.1.0,,,,,0.0,,,,,,,1.0,,0.07594936153297632,0.3002837302737722,0.0,1.0,0.0,0.0,1.0,0.0,0.0,0.5976,0.4024,,,,
ideal_e4_h2_vqe_B4_no_measurement_ledger_seed43,h2_vqe,embedded_same_family_active_space,ideal,e4,43,,B4,ablation_restore,no_measurement_ledger,parallel_fs,parallel_fs,,0.0,1,12,"{'G0': True, 'GA': True, 'GB': True, 'GC': True, 'GD': False, 'GE': True, 'GF': True, 'GH': True}",replay,True,True,False,False,2026-03-27T03:31:36+00:00,2026-03-27T03:31:37+00:00,0.1.0,,,,,0.0,,,,,,,1.0,,0.06000676923920652,0.329893513708336,0.0,1.0,0.0,0.0,1.0,0.0,0.0,0.5976,0.4024,,,,
ideal_e4_h2_vqe_B4_no_measurement_ledger_seed59,h2_vqe,embedded_same_family_active_space,ideal,e4,59,,B4,ablation_restore,no_measurement_ledger,parallel_fs,parallel_fs,,0.0,1,12,"{'G0': True, 'GA': True, 'GB': True, 'GC': True, 'GD': False, 'GE': True, 'GF': True, 'GH': True}",replay,True,True,False,False,2026-03-09T13:56:42+00:00,2026-03-09T13:56:43+00:00,0.1.0,,,,,0.0,,,,,,,1.0,,0.12135542049363061,0.3575474474065044,0.0,1.0,0.0,0.0,1.0,0.0,0.0,0.5976,0.4024,,,,
ideal_e4_h2_vqe_B4_no_measurement_ledger_seed71,h2_vqe,embedded_same_family_active_space,ideal,e4,71,,B4,ablation_restore,no_measurement_ledger,parallel_fs,parallel_fs,,0.0,1,12,"{'G0': True, 'GA': True, 'GB': True, 'GC': True, 'GD': False, 'GE': True, 'GF': True, 'GH': True}",replay,True,True,False,False,2026-03-05T16:24:19+00:00,2026-03-05T16:24:20+00:00,0.1.0,,,,,0.0,,,,,,,1.0,,0.08498663001168122,0.3577384817063475,0.0,1.0,0.0,0.0,1.0,0.0,0.0,0.5976,0.4024,,,,
ideal_e4_h2_vqe_B4_no_measurement_ledger_seed83,h2_vqe,embedded_same_family_active_space,ideal,e4,83,,B4,ablation_restore,no_measurement_ledger,parallel_fs,parallel_fs,,0.0,1,12,"{'G0': True, 'GA': True, 'GB': True, 'GC': True, 'GD': False, 'GE': True, 'GF': True, 'GH': True}",replay,True,True,False,False,2026-03-08T22:30:23+00:00,2026-03-08T22:30:24+00:00,0.1.0,,,,,0.0,,,,,,,1.0,,0.07974607273884417,0.3456677038012004,0.0,1.0,0.0,0.0,1.0,0.0,0.0,0.5976,0.4024,,,,
ideal_e4_h2_vqe_B4_no_measurement_ledger_seed97,h2_vqe,embedded_same_family_active_space,ideal,e4,97,,B4,ablation_restore,no_measurement_ledger,parallel_fs,parallel_fs,,0.0,1,12,"{'G0': True, 'GA': True, 'GB': True, 'GC': True, 'GD': False, 'GE': True, 'GF': True, 'GH': True}",replay,True,True,False,False,2026-03-01T01:34:25+00:00,2026-03-01T01:34:26+00:00,0.1.0,,,,,0.0,,,,,,,1.0,,0.06943589063206856,0.402618762243198,0.0,1.0,0.0,0.0,1.0,0.0,0.0,0.5976,0.4024,,,,
ideal_e4_h2_vqe_B4_no_measurement_ledger_seed101,h2_vqe,embedded_same_family_active_space,ideal,e4,101,,B4,ablation_restore,no_measurement_ledger,parallel_fs,parallel_fs,,0.0,1,12,"{'G0': True, 'GA': True, 'GB': True, 'GC': True, 'GD': False, 'GE': True, 'GF': True, 'GH': True}",replay,True,True,False,False,2026-03-13T16:56:40+00:00,2026-03-13T16:56:41+00:00,0.1.0,,,,,0.0,,,,,,,1.0,,0.10363362050942582,0.3238942808708273,0.0,1.0,0.0,0.0,1.0,0.0,0.0,0.5976,0.4024,,,,
ideal_e4_h2_vqe_B4_no_measurement_ledger_seed107,h2_vqe,embedded_same_family_active_space,ideal,e4,107,,B4,ablation_restore,no_measurement_ledger,parallel_fs,parallel_fs,,0.0,1,12,"{'G0': True, 'GA': True, 'GB': True, 'GC': True, 'GD': False, 'GE': True, 'GF': True, 'GH': True}",replay,True,True,False,False,2026-03-26T11:20:47+00:00,2026-03-26T11:20:48+00:00,0.1.0,,,,,0.0,,,,,,,1.0,,0.08533148412303906,0.354149604112799,0.0,1.0,0.0,0.0,1.0,0.0,0.0,0.5976,0.4024,,,,
ideal_e4_h2_vqe_B4_no_measurement_ledger_seed113,h2_vqe,embedded_same_family_active_space,ideal,e4,113,,B4,ablation_restore,no_measurement_ledger,parallel_fs,parallel_fs,,0.0,1,12,"{'G0': True, 'GA': True, 'GB': True, 'GC': True, 'GD': False, 'GE': True, 'GF': True, 'GH': True}",replay,True,True,False,False,2026-03-17T11:15:03+00:00,2026-03-17T11:15:04+00:00,0.1.0,,,,,0.0,,,,,,,1.0,,0.06464231991360601,0.42636656813428336,0.0,1.0,0.0,0.0,1.0,0.0,0.0,0.5976,0.4024,,,,
ideal_e4_h2_vqe_B4_no_estimation_mitigation_state_seed11,h2_vqe,embedded_same_family_active_space,ideal,e4,11,,B4,ablation_restore,no_estimation_mitigation_state,parallel_fs,parallel_fs,,0.0,1,12,"{'G0': True, 'GA': True, 'GB': True, 'GC': True, 'GD': True, 'GE': False, 'GF': True, 'GH': True}",replay,True,True,False,False,2026-03-24T02:54:18+00:00,2026-03-24T02:54:19+00:00,0.1.0,,,,,0.0,,,,,,,1.0,,0.1153157141952873,0.29878144203742485,0.0,1.0,0.0,0.0,1.0,0.0,0.0,0.5616,0.4384,,,,
ideal_e4_h2_vqe_B4_no_estimation_mitigation_state_seed17,h2_vqe,embedded_same_family_active_space,ideal,e4,17,,B4,ablation_restore,no_estimation_mitigation_state,parallel_fs,parallel_fs,,0.0,1,12,"{'G0': True, 'GA': True, 'GB': True, 'GC': True, 'GD': True, 'GE': False, 'GF': True, 'GH': True}",replay,True,True,False,False,2026-03-26T09:28:48+00:00,2026-03-26T09:28:49.000016+00:00,0.1.0,,,,,0.0,,,,,,,1.0,,0.12713507421230816,0.3309047600915726,1.6391316749686524e-05,1.0,0.0,0.0,1.0,0.0,0.0,0.5616,0.4384,,,,
ideal_e4_h2_vqe_B4_no_estimation_mitigation_state_seed23,h2_vqe,embedded_same_family_active_space,ideal,e4,23,,B4,ablation_restore,no_estimation_mitigation_state,parallel_fs,parallel_fs,,0.0,1,12,"{'G0': True, 'GA': True, 'GB': True, 'GC': True, 'GD': True, 'GE': False, 'GF': True, 'GH': True}",replay,True,True,False,False,2026-03-07T09:17:48+00:00,2026-03-07T09:17:49.000919+00:00,0.1.0,,,,,0.0,,,,,,,1.0,,0.09729910427803319,0.32069507802494623,0.0009186088813493143,1.0,0.0,0.0,1.0,0.0,0.0,0.5616,0.4384,,,,
ideal_e4_h2_vqe_B4_no_estimation_mitigation_state_seed31,h2_vqe,embedded_same_family_active_space,ideal,e4,31,,B4,ablation_restore,no_estimation_mitigation_state,parallel_fs,parallel_fs,,0.0,1,12,"{'G0': True, 'GA': True, 'GB': True, 'GC': True, 'GD': True, 'GE': False, 'GF': True, 'GH': True}",replay,True,True,False,False,2026-03-30T12:27:20+00:00,2026-03-30T12:27:21+00:00,0.1.0,,,,,0.0,,,,,,,1.0,,0.1730488076759372,0.27902556403585344,0.0,1.0,0.0,0.0,1.0,0.0,0.0,0.5616,0.4384,,,,
ideal_e4_h2_vqe_B4_no_estimation_mitigation_state_seed43,h2_vqe,embedded_same_family_active_space,ideal,e4,43,,B4,ablation_restore,no_estimation_mitigation_state,parallel_fs,parallel_fs,,0.0,1,12,"{'G0': True, 'GA': True, 'GB': True, 'GC': True, 'GD': True, 'GE': False, 'GF': True, 'GH': True}",replay,True,True,False,False,2026-03-01T09:44:07+00:00,2026-03-01T09:44:08+00:00,0.1.0,,,,,0.0,,,,,,,1.0,,0.12366079774495112,0.3127901921456031,0.0,1.0,0.0,0.0,1.0,0.0,0.0,0.5616,0.4384,,,,
ideal_e4_h2_vqe_B4_no_estimation_mitigation_state_seed59,h2_vqe,embedded_same_family_active_space,ideal,e4,59,,B4,ablation_restore,no_estimation_mitigation_state,parallel_fs,parallel_fs,,0.0,1,12,"{'G0': True, 'GA': True, 'GB': True, 'GC': True, 'GD': True, 'GE': False, 'GF': True, 'GH': True}",replay,True,True,False,False,2026-03-02T22:12:17+00:00,2026-03-02T22:12:18+00:00,0.1.0,,,,,0.0,,,,,,,1.0,,0.1282338624194611,0.33756773677959845,0.0,1.0,0.0,0.0,1.0,0.0,0.0,0.5616,0.4384,,,,
ideal_e4_h2_vqe_B4_no_estimation_mitigation_state_seed71,h2_vqe,embedded_same_family_active_space,ideal,e4,71,,B4,ablation_restore,no_estimation_mitigation_state,parallel_fs,parallel_fs,,0.0,1,12,"{'G0': True, 'GA': True, 'GB': True, 'GC': True, 'GD': True, 'GE': False, 'GF': True, 'GH': True}",replay,True,True,False,False,2026-03-11T18:30:53+00:00,2026-03-11T18:30:54+00:00,0.1.0,,,,,0.0,,,,,,,1.0,,0.1395784368983182,0.3390847437989533,0.0,1.0,0.0,0.0,1.0,0.0,0.0,0.5616,0.4384,,,,
ideal_e4_h2_vqe_B4_no_estimation_mitigation_state_seed83,h2_vqe,embedded_same_family_active_space,ideal,e4,83,,B4,ablation_restore,no_estimation_mitigation_state,parallel_fs,parallel_fs,,0.0,1,12,"{'G0': True, 'GA': True, 'GB': True, 'GC': True, 'GD': True, 'GE': False, 'GF': True, 'GH': True}",replay,True,True,False,False,2026-03-02T09:31:01+00:00,2026-03-02T09:31:02+00:00,0.1.0,,,,,0.0,,,,,,,1.0,,0.17689366716600585,0.32468782092809273,0.0,1.0,0.0,0.0,1.0,0.0,0.0,0.5616,0.4384,,,,
ideal_e4_h2_vqe_B4_no_estimation_mitigation_state_seed97,h2_vqe,embedded_same_family_active_space,ideal,e4,97,,B4,ablation_restore,no_estimation_mitigation_state,parallel_fs,parallel_fs,,0.0,1,12,"{'G0': True, 'GA': True, 'GB': True, 'GC': True, 'GD': True, 'GE': False, 'GF': True, 'GH': True}",replay,True,True,False,False,2026-03-25T13:34:39+00:00,2026-03-25T13:34:40+00:00,0.1.0,,,,,0.0,,,,,,,1.0,,0.1388733462099133,0.389854273211965,0.0,1.0,0.0,0.0,1.0,0.0,0.0,0.5616,0.4384,,,,
ideal_e4_h2_vqe_B4_no_estimation_mitigation_state_seed101,h2_vqe,embedded_same_family_active_space,ideal,e4,101,,B4,ablation_restore,no_estimation_mitigation_state,parallel_fs,parallel_fs,,0.0,1,12,"{'G0': True, 'GA': True, 'GB': True, 'GC': True, 'GD': True, 'GE': False, 'GF': True, 'GH': True}",replay,True,True,False,False,2026-03-02T01:41:41+00:00,2026-03-02T01:41:42+00:00,0.1.0,,,,,0.0,,,,,,,1.0,,0.11924217694538841,0.29960582745584724,0.0,1.0,0.0,0.0,1.0,0.0,0.0,0.5616,0.4384,,,,
ideal_e4_h2_vqe_B4_no_estimation_mitigation_state_seed107,h2_vqe,embedded_same_family_active_space,ideal,e4,107,,B4,ablation_restore,no_estimation_mitigation_state,parallel_fs,parallel_fs,,0.0,1,12,"{'G0': True, 'GA': True, 'GB': True, 'GC': True, 'GD': True, 'GE': False, 'GF': True, 'GH': True}",replay,True,True,False,False,2026-03-08T18:19:06+00:00,2026-03-08T18:19:07+00:00,0.1.0,,,,,0.0,,,,,,,1.0,,0.11879414989397824,0.3355678498611049,0.0,1.0,0.0,0.0,1.0,0.0,0.0,0.5616,0.4384,,,,
ideal_e4_h2_vqe_B4_no_estimation_mitigation_state_seed113,h2_vqe,embedded_same_family_active_space,ideal,e4,113,,B4,ablation_restore,no_estimation_mitigation_state,parallel_fs,parallel_fs,,0.0,1,12,"{'G0': True, 'GA': True, 'GB': True, 'GC': True, 'GD': True, 'GE': False, 'GF': True, 'GH': True}",replay,True,True,False,False,2026-03-11T01:52:23+00:00,2026-03-11T01:52:24.001754+00:00,0.1.0,,,,,0.0,,,,,,,1.0,,0.14133510786651798,0.4172276174038042,0.0017543845472718367,1.0,0.0,0.0,1.0,0.0,0.0,0.5616,0.4384,,,,
ideal_e4_h2_vqe_B4_no_backend_snapshot_seed11,h2_vqe,embedded_same_family_active_space,ideal,e4,11,,B4,ablation_restore,no_backend_snapshot,parallel_fs,parallel_fs,,0.0,1,12,"{'G0': True, 'GA': True, 'GB': True, 'GC': True, 'GD': True, 'GE': True, 'GF': False, 'GH': True}",replay,True,True,False,False,2026-03-14T11:01:14+00:00,2026-03-14T11:01:15+00:00,0.1.0,,,,,0.0,,,,,,,1.0,,0.11845649063547108,0.3208302386171143,0.0,1.0,0.0,0.0,1.0,0.0,0.0,0.5256000000000001,0.47439999999999993,,,,
ideal_e4_h2_vqe_B4_no_backend_snapshot_seed17,h2_vqe,embedded_same_family_active_space,ideal,e4,17,,B4,ablation_restore,no_backend_snapshot,parallel_fs,parallel_fs,,0.0,1,12,"{'G0': True, 'GA': True, 'GB': True, 'GC': True, 'GD': True, 'GE': True, 'GF': False, 'GH': True}",replay,True,True,False,False,2026-03-03T11:37:51+00:00,2026-03-03T11:37:52+00:00,0.1.0,,,,,0.0,,,,,,,1.0,,0.06563711652037474,0.350206183833185,0.0,1.0,0.0,0.0,1.0,0.0,0.0,0.5256000000000001,0.47439999999999993,,,,
ideal_e4_h2_vqe_B4_no_backend_snapshot_seed23,h2_vqe,embedded_same_family_active_space,ideal,e4,23,,B4,ablation_restore,no_backend_snapshot,parallel_fs,parallel_fs,,0.0,1,12,"{'G0': True, 'GA': True, 'GB': True, 'GC': True, 'GD': True, 'GE': True, 'GF': False, 'GH': True}",replay,True,True,False,False,2026-03-09T01:40:18+00:00,2026-03-09T01:40:19+00:00,0.1.0,,,,,0.0,,,,,,,1.0,,0.049096333891346045,0.34194713279924044,0.0,1.0,0.0,0.0,1.0,0.0,0.0,0.5256000000000001,0.47439999999999993,,,,
ideal_e4_h2_vqe_B4_no_backend_snapshot_seed31,h2_vqe,embedded_same_family_active_space,ideal,e4,31,,B4,ablation_restore,no_backend_snapshot,parallel_fs,parallel_fs,,0.0,1,12,"{'G0': True, 'GA': True, 'GB': True, 'GC': True, 'GD': True, 'GE': True, 'GF': False, 'GH': True}",replay,True,True,False,False,2026-03-18T17:48:38+00:00,2026-03-18T17:48:39+00:00,0.1.0,,,,,0.0,,,,,,,1.0,,0.07594936153297632,0.3002837302737722,0.0,1.0,0.0,0.0,1.0,0.0,0.0,0.5256000000000001,0.47439999999999993,,,,
ideal_e4_h2_vqe_B4_no_backend_snapshot_seed43,h2_vqe,embedded_same_family_active_space,ideal,e4,43,,B4,ablation_restore,no_backend_snapshot,parallel_fs,parallel_fs,,0.0,1,12,"{'G0': True, 'GA': True, 'GB': True, 'GC': True, 'GD': True, 'GE': True, 'GF': False, 'GH': True}",replay,True,True,False,False,2026-03-29T21:31:21+00:00,2026-03-29T21:31:22+00:00,0.1.0,,,,,0.0,,,,,,,1.0,,0.06000676923920652,0.329893513708336,0.0,1.0,0.0,0.0,1.0,0.0,0.0,0.5256000000000001,0.47439999999999993,,,,
ideal_e4_h2_vqe_B4_no_backend_snapshot_seed59,h2_vqe,embedded_same_family_active_space,ideal,e4,59,,B4,ablation_restore,no_backend_snapshot,parallel_fs,parallel_fs,,0.0,1,12,"{'G0': True, 'GA': True, 'GB': True, 'GC': True, 'GD': True, 'GE': True, 'GF': False, 'GH': True}",replay,True,True,False,False,2026-03-12T04:57:55+00:00,2026-03-12T04:57:56+00:00,0.1.0,,,,,0.0,,,,,,,1.0,,0.12135542049363061,0.3575474474065044,0.0,1.0,0.0,0.0,1.0,0.0,0.0,0.5256000000000001,0.47439999999999993,,,,
ideal_e4_h2_vqe_B4_no_backend_snapshot_seed71,h2_vqe,embedded_same_family_active_space,ideal,e4,71,,B4,ablation_restore,no_backend_snapshot,parallel_fs,parallel_fs,,0.0,1,12,"{'G0': True, 'GA': True, 'GB': True, 'GC': True, 'GD': True, 'GE': True, 'GF': False, 'GH': True}",replay,True,True,False,False,2026-03-09T21:08:24+00:00,2026-03-09T21:08:25+00:00,0.1.0,,,,,0.0,,,,,,,1.0,,0.08498663001168122,0.3577384817063475,0.0,1.0,0.0,0.0,1.0,0.0,0.0,0.5256000000000001,0.47439999999999993,,,,
ideal_e4_h2_vqe_B4_no_backend_snapshot_seed83,h2_vqe,embedded_same_family_active_space,ideal,e4,83,,B4,ablation_restore,no_backend_snapshot,parallel_fs,parallel_fs,,0.0,1,12,"{'G0': True, 'GA': True, 'GB': True, 'GC': True, 'GD': True, 'GE': True, 'GF': False, 'GH': True}",replay,True,True,False,False,2026-03-05T11:53:07+00:00,2026-03-05T11:53:08+00:00,0.1.0,,,,,0.0,,,,,,,1.0,,0.07974607273884417,0.3456677038012004,0.0,1.0,0.0,0.0,1.0,0.0,0.0,0.5256000000000001,0.47439999999999993,,,,
ideal_e4_h2_vqe_B4_no_backend_snapshot_seed97,h2_vqe,embedded_same_family_active_space,ideal,e4,97,,B4,ablation_restore,no_backend_snapshot,parallel_fs,parallel_fs,,0.0,1,12,"{'G0': True, 'GA': True, 'GB': True, 'GC': True, 'GD': True, 'GE': True, 'GF': False, 'GH': True}",replay,True,True,False,False,2026-03-15T19:58:22+00:00,2026-03-15T19:58:23+00:00,0.1.0,,,,,0.0,,,,,,,1.0,,0.06943589063206856,0.402618762243198,0.0,1.0,0.0,0.0,1.0,0.0,0.0,0.5256000000000001,0.47439999999999993,,,,
ideal_e4_h2_vqe_B4_no_backend_snapshot_seed101,h2_vqe,embedded_same_family_active_space,ideal,e4,101,,B4,ablation_restore,no_backend_snapshot,parallel_fs,parallel_fs,,0.0,1,12,"{'G0': True, 'GA': True, 'GB': True, 'GC': True, 'GD': True, 'GE': True, 'GF': False, 'GH': True}",replay,True,True,False,False,2026-03-13T15:38:10+00:00,2026-03-13T15:38:11+00:00,0.1.0,,,,,0.0,,,,,,,1.0,,0.10363362050942582,0.3238942808708273,0.0,1.0,0.0,0.0,1.0,0.0,0.0,0.5256000000000001,0.47439999999999993,,,,
ideal_e4_h2_vqe_B4_no_backend_snapshot_seed107,h2_vqe,embedded_same_family_active_space,ideal,e4,107,,B4,ablation_restore,no_backend_snapshot,parallel_fs,parallel_fs,,0.0,1,12,"{'G0': True, 'GA': True, 'GB': True, 'GC': True, 'GD': True, 'GE': True, 'GF': False, 'GH': True}",replay,True,True,False,False,2026-03-10T05:48:06+00:00,2026-03-10T05:48:07+00:00,0.1.0,,,,,0.0,,,,,,,1.0,,0.08533148412303906,0.354149604112799,0.0,1.0,0.0,0.0,1.0,0.0,0.0,0.5256000000000001,0.47439999999999993,,,,
ideal_e4_h2_vqe_B4_no_backend_snapshot_seed113,h2_vqe,embedded_same_family_active_space,ideal,e4,113,,B4,ablation_restore,no_backend_snapshot,parallel_fs,parallel_fs,,0.0,1,12,"{'G0': True, 'GA': True, 'GB': True, 'GC': True, 'GD': True, 'GE': True, 'GF': False, 'GH': True}",replay,True,True,False,False,2026-03-09T19:40:14+00:00,2026-03-09T19:40:15+00:00,0.1.0,,,,,0.0,,,,,,,1.0,,0.06464231991360601,0.42636656813428336,0.0,1.0,0.0,0.0,1.0,0.0,0.0,0.5256000000000001,0.47439999999999993,,,,
ideal_e4_h2_vqe_B4_no_geometry_seed11,h2_vqe,embedded_same_family_active_space,ideal,e4,11,,B4,ablation_restore,no_geometry,parallel_fs,parallel_fs,,0.0,1,12,"{'G0': True, 'GA': True, 'GB': True, 'GC': True, 'GD': True, 'GE': True, 'GF': True, 'GH': False}",replay,True,True,False,False,2026-03-12T18:42:02+00:00,2026-03-12T18:42:03+00:00,0.1.0,,,,,0.0,,,,,,,1.0,,0.12600372376176264,0.5167940727591758,0.0,1.0,0.0,0.0,1.0,0.0,0.0,0.5256000000000001,0.47439999999999993,,,,
ideal_e4_h2_vqe_B4_no_geometry_seed17,h2_vqe,embedded_same_family_active_space,ideal,e4,17,,B4,ablation_restore,no_geometry,parallel_fs,parallel_fs,,0.0,1,12,"{'G0': True, 'GA': True, 'GB': True, 'GC': True, 'GD': True, 'GE': True, 'GF': True, 'GH': False}",replay,True,True,False,False,2026-03-28T22:28:10+00:00,2026-03-28T22:28:11+00:00,0.1.0,,,,,0.0,,,,,,,1.0,,0.09073204397518703,0.5261946381171709,0.0,1.0,0.0,0.0,1.0,0.0,0.0,0.5256000000000001,0.47439999999999993,,,,
ideal_e4_h2_vqe_B4_no_geometry_seed23,h2_vqe,embedded_same_family_active_space,ideal,e4,23,,B4,ablation_restore,no_geometry,parallel_fs,parallel_fs,,0.0,1,12,"{'G0': True, 'GA': True, 'GB': True, 'GC': True, 'GD': True, 'GE': True, 'GF': True, 'GH': False}",replay,True,True,False,False,2026-03-01T02:55:54+00:00,2026-03-01T02:55:55.003491+00:00,0.1.0,,,,,0.0,,,,,,,1.0,,0.07277260613696573,0.5092159481501211,0.0034912672064963957,1.0,0.0,0.0,1.0,0.0,0.0,0.5256000000000001,0.47439999999999993,,,,
ideal_e4_h2_vqe_B4_no_geometry_seed31,h2_vqe,embedded_same_family_active_space,ideal,e4,31,,B4,ablation_restore,no_geometry,parallel_fs,parallel_fs,,0.0,1,12,"{'G0': True, 'GA': True, 'GB': True, 'GC': True, 'GD': True, 'GE': True, 'GF': True, 'GH': False}",replay,True,True,False,False,2026-03-11T14:11:16+00:00,2026-03-11T14:11:17+00:00,0.1.0,,,,,0.0,,,,,,,1.0,,0.1184064189198134,0.4956205417953552,0.0,1.0,0.0,0.0,1.0,0.0,0.0,0.5256000000000001,0.47439999999999993,,,,
ideal_e4_h2_vqe_B4_no_geometry_seed43,h2_vqe,embedded_same_family_active_space,ideal,e4,43,,B4,ablation_restore,no_geometry,parallel_fs,parallel_fs,,0.0,1,12,"{'G0': True, 'GA': True, 'GB': True, 'GC': True, 'GD': True, 'GE': True, 'GF': True, 'GH': False}",replay,True,True,False,False,2026-03-26T07:04:01+00:00,2026-03-26T07:04:02+00:00,0.1.0,,,,,0.0,,,,,,,1.0,,0.08782098583473846,0.503361331456857,0.0,1.0,0.0,0.0,1.0,0.0,0.0,0.5256000000000001,0.47439999999999993,,,,
ideal_e4_h2_vqe_B4_no_geometry_seed59,h2_vqe,embedded_same_family_active_space,ideal,e4,59,,B4,ablation_restore,no_geometry,parallel_fs,parallel_fs,,0.0,1,12,"{'G0': True, 'GA': True, 'GB': True, 'GC': True, 'GD': True, 'GE': True, 'GF': True, 'GH': False}",replay,True,True,False,False,2026-03-15T23:34:11+00:00,2026-03-15T23:34:12+00:00,0.1.0,,,,,0.0,,,,,,,1.0,,0.18346115960692147,0.5563832016471049,0.0,1.0,0.0,0.0,1.0,0.0,0.0,0.5256000000000001,0.47439999999999993,,,,
ideal_e4_h2_vqe_B4_no_geometry_seed71,h2_vqe,embedded_same_family_active_space,ideal,e4,71,,B4,ablation_restore,no_geometry,parallel_fs,parallel_fs,,0.0,1,12,"{'G0': True, 'GA': True, 'GB': True, 'GC': True, 'GD': True, 'GE': True, 'GF': True, 'GH': False}",replay,True,True,False,False,2026-03-30T23:07:46+00:00,2026-03-30T23:07:47+00:00,0.1.0,,,,,0.0,,,,,,,1.0,,0.09384277865007228,0.554622584869171,0.0,1.0,0.0,0.0,1.0,0.0,0.0,0.5256000000000001,0.47439999999999993,,,,
ideal_e4_h2_vqe_B4_no_geometry_seed83,h2_vqe,embedded_same_family_active_space,ideal,e4,83,,B4,ablation_restore,no_geometry,parallel_fs,parallel_fs,,0.0,1,12,"{'G0': True, 'GA': True, 'GB': True, 'GC': True, 'GD': True, 'GE': True, 'GF': True, 'GH': False}",replay,True,True,False,False,2026-03-09T06:37:31+00:00,2026-03-09T06:37:32+00:00,0.1.0,,,,,0.0,,,,,,,1.0,,0.08279747813077547,0.5429442750296319,0.0,1.0,0.0,0.0,1.0,0.0,0.0,0.5256000000000001,0.47439999999999993,,,,
ideal_e4_h2_vqe_B4_no_geometry_seed97,h2_vqe,embedded_same_family_active_space,ideal,e4,97,,B4,ablation_restore,no_geometry,parallel_fs,parallel_fs,,0.0,1,12,"{'G0': True, 'GA': True, 'GB': True, 'GC': True, 'GD': True, 'GE': True, 'GF': True, 'GH': False}",replay,True,True,False,False,2026-03-16T08:56:51+00:00,2026-03-16T08:56:52+00:00,0.1.0,,,,,0.0,,,,,,,1.0,,0.09504852064169553,0.595344896049349,0.0,1.0,0.0,0.0,1.0,0.0,0.0,0.5256000000000001,0.47439999999999993,,,,
ideal_e4_h2_vqe_B4_no_geometry_seed101,h2_vqe,embedded_same_family_active_space,ideal,e4,101,,B4,ablation_restore,no_geometry,parallel_fs,parallel_fs,,0.0,1,12,"{'G0': True, 'GA': True, 'GB': True, 'GC': True, 'GD': True, 'GE': True, 'GF': True, 'GH': False}",replay,True,True,False,False,2026-03-15T06:45:34+00:00,2026-03-15T06:45:35+00:00,0.1.0,,,,,0.0,,,,,,,1.0,,0.07518758995229012,0.525823309575484,0.0,1.0,0.0,0.0,1.0,0.0,0.0,0.5256000000000001,0.47439999999999993,,,,
ideal_e4_h2_vqe_B4_no_geometry_seed107,h2_vqe,embedded_same_family_active_space,ideal,e4,107,,B4,ablation_restore,no_geometry,parallel_fs,parallel_fs,,0.0,1,12,"{'G0': True, 'GA': True, 'GB': True, 'GC': True, 'GD': True, 'GE': True, 'GF': True, 'GH': False}",replay,True,True,False,False,2026-03-18T14:46:51+00:00,2026-03-18T14:46:52+00:00,0.1.0,,,,,0.0,,,,,,,1.0,,0.11799457124982302,0.5608793534545518,0.0,1.0,0.0,0.0,1.0,0.0,0.0,0.5256000000000001,0.47439999999999993,,,,
ideal_e4_h2_vqe_B4_no_geometry_seed113,h2_vqe,embedded_same_family_active_space,ideal,e4,113,,B4,ablation_restore,no_geometry,parallel_fs,parallel_fs,,0.0,1,12,"{'G0': True, 'GA': True, 'GB': True, 'GC': True, 'GD': True, 'GE': True, 'GF': True, 'GH': False}",replay,True,True,False,False,2026-03-03T18:43:26+00:00,2026-03-03T18:43:27.005264+00:00,0.1.0,,,,,0.0,,,,,,,1.0,,0.0733728401769586,0.5874629454617948,0.005264042244844891,1.0,0.0,0.0,1.0,0.0,0.0,0.5256000000000001,0.47439999999999993,,,,
ideal_e4_h2_vqe_B5_full_contract_seed11,h2_vqe,embedded_same_family_active_space,ideal,e4,11,,B5,ablation_restore,full_contract,parallel_fs,parallel_fs,source->target,0.25,1,12,"{'G0': True, 'GA': True, 'GB': True, 'GC': True, 'GD': True, 'GE': True, 'GF': True, 'GH': True}",migration,True,True,False,False,2026-03-28T23:43:04+00:00,2026-03-28T23:43:05.055200+00:00,0.1.0,,,,,0.0552,,,,,,,1.0,,0.11845649063547108,0.3208302386171143,0.0,1.0,0.0,0.0,0.0,1.0,0.0,0.84,0.16000000000000003,,,,
ideal_e4_h2_vqe_B5_full_contract_seed17,h2_vqe,embedded_same_family_active_space,ideal,e4,17,,B5,ablation_restore,full_contract,parallel_fs,parallel_fs,source->target,0.25,1,12,"{'G0': True, 'GA': True, 'GB': True, 'GC': True, 'GD': True, 'GE': True, 'GF': True, 'GH': True}",migration,True,True,False,False,2026-03-15T00:27:34+00:00,2026-03-15T00:27:35.055200+00:00,0.1.0,,,,,0.0552,,,,,,,1.0,,0.06563711652037474,0.350206183833185,0.0,1.0,0.0,0.0,0.0,1.0,0.0,0.84,0.16000000000000003,,,,
ideal_e4_h2_vqe_B5_full_contract_seed23,h2_vqe,embedded_same_family_active_space,ideal,e4,23,,B5,ablation_restore,full_contract,parallel_fs,parallel_fs,source->target,0.25,1,12,"{'G0': True, 'GA': True, 'GB': True, 'GC': True, 'GD': True, 'GE': True, 'GF': True, 'GH': True}",migration,True,True,False,False,2026-03-10T06:59:47+00:00,2026-03-10T06:59:48.055200+00:00,0.1.0,,,,,0.0552,,,,,,,1.0,,0.049096333891346045,0.34194713279924044,0.0,1.0,0.0,0.0,0.0,1.0,0.0,0.84,0.16000000000000003,,,,
ideal_e4_h2_vqe_B5_full_contract_seed31,h2_vqe,embedded_same_family_active_space,ideal,e4,31,,B5,ablation_restore,full_contract,parallel_fs,parallel_fs,source->target,0.25,1,12,"{'G0': True, 'GA': True, 'GB': True, 'GC': True, 'GD': True, 'GE': True, 'GF': True, 'GH': True}",migration,True,True,False,False,2026-03-29T00:31:22+00:00,2026-03-29T00:31:23.055200+00:00,0.1.0,,,,,0.0552,,,,,,,1.0,,0.07594936153297632,0.3002837302737722,0.0,1.0,0.0,0.0,0.0,1.0,0.0,0.84,0.16000000000000003,,,,
ideal_e4_h2_vqe_B5_full_contract_seed43,h2_vqe,embedded_same_family_active_space,ideal,e4,43,,B5,ablation_restore,full_contract,parallel_fs,parallel_fs,source->target,0.25,1,12,"{'G0': True, 'GA': True, 'GB': True, 'GC': True, 'GD': True, 'GE': True, 'GF': True, 'GH': True}",migration,True,True,False,False,2026-03-26T03:58:30+00:00,2026-03-26T03:58:31.055200+00:00,0.1.0,,,,,0.0552,,,,,,,1.0,,0.06000676923920652,0.329893513708336,0.0,1.0,0.0,0.0,0.0,1.0,0.0,0.84,0.16000000000000003,,,,
ideal_e4_h2_vqe_B5_full_contract_seed59,h2_vqe,embedded_same_family_active_space,ideal,e4,59,,B5,ablation_restore,full_contract,parallel_fs,parallel_fs,source->target,0.25,1,12,"{'G0': True, 'GA': True, 'GB': True, 'GC': True, 'GD': True, 'GE': True, 'GF': True, 'GH': True}",migration,True,True,False,False,2026-03-23T05:07:46+00:00,2026-03-23T05:07:47.055200+00:00,0.1.0,,,,,0.0552,,,,,,,1.0,,0.12135542049363061,0.3575474474065044,0.0,1.0,0.0,0.0,0.0,1.0,0.0,0.84,0.16000000000000003,,,,
ideal_e4_h2_vqe_B5_full_contract_seed71,h2_vqe,embedded_same_family_active_space,ideal,e4,71,,B5,ablation_restore,full_contract,parallel_fs,parallel_fs,source->target,0.25,1,12,"{'G0': True, 'GA': True, 'GB': True, 'GC': True, 'GD': True, 'GE': True, 'GF': True, 'GH': True}",migration,True,True,False,False,2026-03-13T23:02:47+00:00,2026-03-13T23:02:48.055200+00:00,0.1.0,,,,,0.0552,,,,,,,1.0,,0.08498663001168122,0.3577384817063475,0.0,1.0,0.0,0.0,0.0,1.0,0.0,0.84,0.16000000000000003,,,,
ideal_e4_h2_vqe_B5_full_contract_seed83,h2_vqe,embedded_same_family_active_space,ideal,e4,83,,B5,ablation_restore,full_contract,parallel_fs,parallel_fs,source->target,0.25,1,12,"{'G0': True, 'GA': True, 'GB': True, 'GC': True, 'GD': True, 'GE': True, 'GF': True, 'GH': True}",migration,True,True,False,False,2026-03-23T12:33:09+00:00,2026-03-23T12:33:10.055200+00:00,0.1.0,,,,,0.0552,,,,,,,1.0,,0.07974607273884417,0.3456677038012004,0.0,1.0,0.0,0.0,0.0,1.0,0.0,0.84,0.16000000000000003,,,,
ideal_e4_h2_vqe_B5_full_contract_seed97,h2_vqe,embedded_same_family_active_space,ideal,e4,97,,B5,ablation_restore,full_contract,parallel_fs,parallel_fs,source->target,0.25,1,12,"{'G0': True, 'GA': True, 'GB': True, 'GC': True, 'GD': True, 'GE': True, 'GF': True, 'GH': True}",migration,True,True,False,False,2026-03-28T10:25:05+00:00,2026-03-28T10:25:06.055200+00:00,0.1.0,,,,,0.0552,,,,,,,1.0,,0.06943589063206856,0.402618762243198,0.0,1.0,0.0,0.0,0.0,1.0,0.0,0.84,0.16000000000000003,,,,
ideal_e4_h2_vqe_B5_full_contract_seed101,h2_vqe,embedded_same_family_active_space,ideal,e4,101,,B5,ablation_restore,full_contract,parallel_fs,parallel_fs,source->target,0.25,1,12,"{'G0': True, 'GA': True, 'GB': True, 'GC': True, 'GD': True, 'GE': True, 'GF': True, 'GH': True}",migration,True,True,False,False,2026-03-05T20:15:23+00:00,2026-03-05T20:15:24.055200+00:00,0.1.0,,,,,0.0552,,,,,,,1.0,,0.10363362050942582,0.3238942808708273,0.0,1.0,0.0,0.0,0.0,1.0,0.0,0.84,0.16000000000000003,,,,
ideal_e4_h2_vqe_B5_full_contract_seed107,h2_vqe,embedded_same_family_active_space,ideal,e4,107,,B5,ablation_restore,full_contract,parallel_fs,parallel_fs,source->target,0.25,1,12,"{'G0': True, 'GA': True, 'GB': True, 'GC': True, 'GD': True, 'GE': True, 'GF': True, 'GH': True}",migration,True,True,False,False,2026-03-30T21:56:23+00:00,2026-03-30T21:56:24.055200+00:00,0.1.0,,,,,0.0552,,,,,,,1.0,,0.08533148412303906,0.354149604112799,0.0,1.0,0.0,0.0,0.0,1.0,0.0,0.84,0.16000000000000003,,,,
ideal_e4_h2_vqe_B5_full_contract_seed113,h2_vqe,embedded_same_family_active_space,ideal,e4,113,,B5,ablation_restore,full_contract,parallel_fs,parallel_fs,source->target,0.25,1,12,"{'G0': True, 'GA': True, 'GB': True, 'GC': True, 'GD': True, 'GE': True, 'GF': True, 'GH': True}",migration,True,True,False,False,2026-03-01T23:16:59+00:00,2026-03-01T23:17:00.055200+00:00,0.1.0,,,,,0.0552,,,,,,,1.0,,0.06464231991360601,0.42636656813428336,0.0,1.0,0.0,0.0,0.0,1.0,0.0,0.84,0.16000000000000003,,,,
ideal_e4_h2_vqe_B5_no_optimizer_memory_seed11,h2_vqe,embedded_same_family_active_space,ideal,e4,11,,B5,ablation_restore,no_optimizer_memory,parallel_fs,parallel_fs,source->target,0.25,1,12,"{'G0': True, 'GA': True, 'GB': False, 'GC': True, 'GD': True, 'GE': True, 'GF': True, 'GH': True}",migration,True,True,False,False,2026-03-30T06:47:31+00:00,2026-03-30T06:47:32.076384+00:00,0.1.0,,,,,0.0552,,,,,,,1.0,,0.08847459830448551,0.2741735255289486,0.021184092949918076,1.0,0.0,0.0,0.0,1.0,0.0,0.672,0.32799999999999996,,,,
ideal_e4_h2_vqe_B5_no_optimizer_memory_seed17,h2_vqe,embedded_same_family_active_space,ideal,e4,17,,B5,ablation_restore,no_optimizer_memory,parallel_fs,parallel_fs,source->target,0.25,1,12,"{'G0': True, 'GA': True, 'GB': False, 'GC': True, 'GD': True, 'GE': True, 'GF': True, 'GH': True}",migration,True,True,False,False,2026-03-09T17:16:05+00:00,2026-03-09T17:16:06.063841+00:00,0.1.0,,,,,0.0552,,,,,,,1.0,,0.05547087196526136,0.30152410220079673,0.008640532711079008,1.0,0.0,0.0,0.0,1.0,0.0,0.672,0.32799999999999996,,,,
ideal_e4_h2_vqe_B5_no_optimizer_memory_seed23,h2_vqe,embedded_same_family_active_space,ideal,e4,23,,B5,ablation_restore,no_optimizer_memory,parallel_fs,parallel_fs,source->target,0.25,1,12,"{'G0': True, 'GA': True, 'GB': False, 'GC': True, 'GD': True, 'GE': True, 'GF': True, 'GH': True}",migration,True,True,False,False,2026-03-21T00:25:50+00:00,2026-03-21T00:25:51.061524+00:00,0.1.0,,,,,0.0552,,,,,,,1.0,,0.038152350710213306,0.29431692843110935,0.006323783136618744,1.0,0.0,0.0,0.0,1.0,0.0,0.672,0.32799999999999996,,,,
ideal_e4_h2_vqe_B5_no_optimizer_memory_seed31,h2_vqe,embedded_same_family_active_space,ideal,e4,31,,B5,ablation_restore,no_optimizer_memory,parallel_fs,parallel_fs,source->target,0.25,1,12,"{'G0': True, 'GA': True, 'GB': False, 'GC': True, 'GD': True, 'GE': True, 'GF': True, 'GH': True}",migration,True,True,False,False,2026-03-23T16:51:57+00:00,2026-03-23T16:51:58.073167+00:00,0.1.0,,,,,0.0552,,,,,,,1.0,,0.06898834696689857,0.25392870648234966,0.017966820836095687,1.0,0.0,0.0,0.0,1.0,0.0,0.672,0.32799999999999996,,,,
ideal_e4_h2_vqe_B5_no_optimizer_memory_seed43,h2_vqe,embedded_same_family_active_space,ideal,e4,43,,B5,ablation_restore,no_optimizer_memory,parallel_fs,parallel_fs,source->target,0.25,1,12,"{'G0': True, 'GA': True, 'GB': False, 'GC': True, 'GD': True, 'GE': True, 'GF': True, 'GH': True}",migration,True,True,False,False,2026-03-06T22:50:31+00:00,2026-03-06T22:50:32.066132+00:00,0.1.0,,,,,0.0552,,,,,,,1.0,,0.04069080322231934,0.2838861274244706,0.010932027046161696,1.0,0.0,0.0,0.0,1.0,0.0,0.672,0.32799999999999996,,,,
ideal_e4_h2_vqe_B5_no_optimizer_memory_seed59,h2_vqe,embedded_same_family_active_space,ideal,e4,59,,B5,ablation_restore,no_optimizer_memory,parallel_fs,parallel_fs,source->target,0.25,1,12,"{'G0': True, 'GA': True, 'GB': False, 'GC': True, 'GD': True, 'GE': True, 'GF': True, 'GH': True}",migration,True,True,False,False,2026-03-25T17:17:21+00:00,2026-03-25T17:17:22.077478+00:00,0.1.0,,,,,0.0552,,,,,,,1.0,,0.10713231970465494,0.3068358017896326,0.022277764944680145,1.0,0.0,0.0,0.0,1.0,0.0,0.672,0.32799999999999996,,,,
ideal_e4_h2_vqe_B5_no_optimizer_memory_seed71,h2_vqe,embedded_same_family_active_space,ideal,e4,71,,B5,ablation_restore,no_optimizer_memory,parallel_fs,parallel_fs,source->target,0.25,1,12,"{'G0': True, 'GA': True, 'GB': False, 'GC': True, 'GD': True, 'GE': True, 'GF': True, 'GH': True}",migration,True,True,False,False,2026-03-26T09:36:12+00:00,2026-03-26T09:36:13.072698+00:00,0.1.0,,,,,0.0552,,,,,,,1.0,,0.0855232417009418,0.307416642885672,0.017497818401368548,1.0,0.0,0.0,0.0,1.0,0.0,0.672,0.32799999999999996,,,,
ideal_e4_h2_vqe_B5_no_optimizer_memory_seed83,h2_vqe,embedded_same_family_active_space,ideal,e4,83,,B5,ablation_restore,no_optimizer_memory,parallel_fs,parallel_fs,source->target,0.25,1,12,"{'G0': True, 'GA': True, 'GB': False, 'GC': True, 'GD': True, 'GE': True, 'GF': True, 'GH': True}",migration,True,True,False,False,2026-03-08T08:29:39+00:00,2026-03-08T08:29:40.071736+00:00,0.1.0,,,,,0.0552,,,,,,,1.0,,0.07196103736033829,0.2971963935673802,0.016536291300619954,1.0,0.0,0.0,0.0,1.0,0.0,0.672,0.32799999999999996,,,,
ideal_e4_h2_vqe_B5_no_optimizer_memory_seed97,h2_vqe,embedded_same_family_active_space,ideal,e4,97,,B5,ablation_restore,no_optimizer_memory,parallel_fs,parallel_fs,source->target,0.25,1,12,"{'G0': True, 'GA': True, 'GB': False, 'GC': True, 'GD': True, 'GE': True, 'GF': True, 'GH': True}",migration,True,True,False,False,2026-03-09T13:23:16+00:00,2026-03-09T13:23:17.065111+00:00,0.1.0,,,,,0.0552,,,,,,,1.0,,0.05915450026866879,0.34903675344564405,0.009911075768712418,1.0,0.0,0.0,0.0,1.0,0.0,0.672,0.32799999999999996,,,,
ideal_e4_h2_vqe_B5_no_optimizer_memory_seed101,h2_vqe,embedded_same_family_active_space,ideal,e4,101,,B5,ablation_restore,no_optimizer_memory,parallel_fs,parallel_fs,source->target,0.25,1,12,"{'G0': True, 'GA': True, 'GB': False, 'GC': True, 'GD': True, 'GE': True, 'GF': True, 'GH': True}",migration,True,True,False,False,2026-03-01T03:06:51+00:00,2026-03-01T03:06:52.071570+00:00,0.1.0,,,,,0.0552,,,,,,,1.0,,0.08764409943013211,0.2770610505375827,0.01637026337926284,1.0,0.0,0.0,0.0,1.0,0.0,0.672,0.32799999999999996,,,,
ideal_e4_h2_vqe_B5_no_optimizer_memory_seed107,h2_vqe,embedded_same_family_active_space,ideal,e4,107,,B5,ablation_restore,no_optimizer_memory,parallel_fs,parallel_fs,source->target,0.25,1,12,"{'G0': True, 'GA': True, 'GB': False, 'GC': True, 'GD': True, 'GE': True, 'GF': True, 'GH': True}",migration,True,True,False,False,2026-03-21T06:51:18+00:00,2026-03-21T06:51:19.074586+00:00,0.1.0,,,,,0.0552,,,,,,,1.0,,0.07467506716399414,0.30270644789288376,0.019385683803234466,1.0,0.0,0.0,0.0,1.0,0.0,0.672,0.32799999999999996,,,,
ideal_e4_h2_vqe_B5_no_optimizer_memory_seed113,h2_vqe,embedded_same_family_active_space,ideal,e4,113,,B5,ablation_restore,no_optimizer_memory,parallel_fs,parallel_fs,source->target,0.25,1,12,"{'G0': True, 'GA': True, 'GB': False, 'GC': True, 'GD': True, 'GE': True, 'GF': True, 'GH': True}",migration,True,True,False,False,2026-03-06T15:10:54+00:00,2026-03-06T15:10:55.059603+00:00,0.1.0,,,,,0.0552,,,,,,,1.0,,0.055682221695506386,0.3724697247511485,0.004403382113409737,1.0,0.0,0.0,0.0,1.0,0.0,0.672,0.32799999999999996,,,,
ideal_e4_h2_vqe_B5_no_measurement_ledger_seed11,h2_vqe,embedded_same_family_active_space,ideal,e4,11,,B5,ablation_restore,no_measurement_ledger,parallel_fs,parallel_fs,source->target,0.25,1,12,"{'G0': True, 'GA': True, 'GB': True, 'GC': True, 'GD': False, 'GE': True, 'GF': True, 'GH': True}",block,False,False,False,True,2026-03-16T03:46:58+00:00,2026-03-16T03:46:59.055200+00:00,0.1.0,,,,,0.0552,,,,,,,0.0,,1.0,0.0,0.0,0.0,0.0,1.0,0.0,0.0,1.0,0.20916,0.79084,,,,
ideal_e4_h2_vqe_B5_no_measurement_ledger_seed17,h2_vqe,embedded_same_family_active_space,ideal,e4,17,,B5,ablation_restore,no_measurement_ledger,parallel_fs,parallel_fs,source->target,0.25,1,12,"{'G0': True, 'GA': True, 'GB': True, 'GC': True, 'GD': False, 'GE': True, 'GF': True, 'GH': True}",block,False,False,False,True,2026-03-27T09:47:42+00:00,2026-03-27T09:47:43.055200+00:00,0.1.0,,,,,0.0552,,,,,,,0.0,,1.0,0.0,0.0,0.0,0.0,1.0,0.0,0.0,1.0,0.20916,0.79084,,,,
ideal_e4_h2_vqe_B5_no_measurement_ledger_seed23,h2_vqe,embedded_same_family_active_space,ideal,e4,23,,B5,ablation_restore,no_measurement_ledger,parallel_fs,parallel_fs,source->target,0.25,1,12,"{'G0': True, 'GA': True, 'GB': True, 'GC': True, 'GD': False, 'GE': True, 'GF': True, 'GH': True}",block,False,False,False,True,2026-03-02T03:26:03+00:00,2026-03-02T03:26:04.055200+00:00,0.1.0,,,,,0.0552,,,,,,,0.0,,1.0,0.0,0.0,0.0,0.0,1.0,0.0,0.0,1.0,0.20916,0.79084,,,,
ideal_e4_h2_vqe_B5_no_measurement_ledger_seed31,h2_vqe,embedded_same_family_active_space,ideal,e4,31,,B5,ablation_restore,no_measurement_ledger,parallel_fs,parallel_fs,source->target,0.25,1,12,"{'G0': True, 'GA': True, 'GB': True, 'GC': True, 'GD': False, 'GE': True, 'GF': True, 'GH': True}",block,False,False,False,True,2026-03-05T15:39:14+00:00,2026-03-05T15:39:15.055200+00:00,0.1.0,,,,,0.0552,,,,,,,0.0,,1.0,0.0,0.0,0.0,0.0,1.0,0.0,0.0,1.0,0.20916,0.79084,,,,
ideal_e4_h2_vqe_B5_no_measurement_ledger_seed43,h2_vqe,embedded_same_family_active_space,ideal,e4,43,,B5,ablation_restore,no_measurement_ledger,parallel_fs,parallel_fs,source->target,0.25,1,12,"{'G0': True, 'GA': True, 'GB': True, 'GC': True, 'GD': False, 'GE': True, 'GF': True, 'GH': True}",block,False,False,False,True,2026-03-30T15:44:03+00:00,2026-03-30T15:44:04.055200+00:00,0.1.0,,,,,0.0552,,,,,,,0.0,,1.0,0.0,0.0,0.0,0.0,1.0,0.0,0.0,1.0,0.20916,0.79084,,,,
ideal_e4_h2_vqe_B5_no_measurement_ledger_seed59,h2_vqe,embedded_same_family_active_space,ideal,e4,59,,B5,ablation_restore,no_measurement_ledger,parallel_fs,parallel_fs,source->target,0.25,1,12,"{'G0': True, 'GA': True, 'GB': True, 'GC': True, 'GD': False, 'GE': True, 'GF': True, 'GH': True}",block,False,False,False,True,2026-03-04T06:14:06+00:00,2026-03-04T06:14:07.055200+00:00,0.1.0,,,,,0.0552,,,,,,,0.0,,1.0,0.0,0.0,0.0,0.0,1.0,0.0,0.0,1.0,0.20916,0.79084,,,,
ideal_e4_h2_vqe_B5_no_measurement_ledger_seed71,h2_vqe,embedded_same_family_active_space,ideal,e4,71,,B5,ablation_restore,no_measurement_ledger,parallel_fs,parallel_fs,source->target,0.25,1,12,"{'G0': True, 'GA': True, 'GB': True, 'GC': True, 'GD': False, 'GE': True, 'GF': True, 'GH': True}",block,False,False,False,True,2026-03-08T18:55:41+00:00,2026-03-08T18:55:42.055200+00:00,0.1.0,,,,,0.0552,,,,,,,0.0,,1.0,0.0,0.0,0.0,0.0,1.0,0.0,0.0,1.0,0.20916,0.79084,,,,
ideal_e4_h2_vqe_B5_no_measurement_ledger_seed83,h2_vqe,embedded_same_family_active_space,ideal,e4,83,,B5,ablation_restore,no_measurement_ledger,parallel_fs,parallel_fs,source->target,0.25,1,12,"{'G0': True, 'GA': True, 'GB': True, 'GC': True, 'GD': False, 'GE': True, 'GF': True, 'GH': True}",block,False,False,False,True,2026-03-08T07:51:00+00:00,2026-03-08T07:51:01.055200+00:00,0.1.0,,,,,0.0552,,,,,,,0.0,,1.0,0.0,0.0,0.0,0.0,1.0,0.0,0.0,1.0,0.20916,0.79084,,,,
ideal_e4_h2_vqe_B5_no_measurement_ledger_seed97,h2_vqe,embedded_same_family_active_space,ideal,e4,97,,B5,ablation_restore,no_measurement_ledger,parallel_fs,parallel_fs,source->target,0.25,1,12,"{'G0': True, 'GA': True, 'GB': True, 'GC': True, 'GD': False, 'GE': True, 'GF': True, 'GH': True}",block,False,False,False,True,2026-03-05T14:21:29+00:00,2026-03-05T14:21:30.055200+00:00,0.1.0,,,,,0.0552,,,,,,,0.0,,1.0,0.0,0.0,0.0,0.0,1.0,0.0,0.0,1.0,0.20916,0.79084,,,,
ideal_e4_h2_vqe_B5_no_measurement_ledger_seed101,h2_vqe,embedded_same_family_active_space,ideal,e4,101,,B5,ablation_restore,no_measurement_ledger,parallel_fs,parallel_fs,source->target,0.25,1,12,"{'G0': True, 'GA': True, 'GB': True, 'GC': True, 'GD': False, 'GE': True, 'GF': True, 'GH': True}",block,False,False,False,True,2026-03-21T02:02:06+00:00,2026-03-21T02:02:07.055200+00:00,0.1.0,,,,,0.0552,,,,,,,0.0,,1.0,0.0,0.0,0.0,0.0,1.0,0.0,0.0,1.0,0.20916,0.79084,,,,
ideal_e4_h2_vqe_B5_no_measurement_ledger_seed107,h2_vqe,embedded_same_family_active_space,ideal,e4,107,,B5,ablation_restore,no_measurement_ledger,parallel_fs,parallel_fs,source->target,0.25,1,12,"{'G0': True, 'GA': True, 'GB': True, 'GC': True, 'GD': False, 'GE': True, 'GF': True, 'GH': True}",block,False,False,False,True,2026-03-04T20:29:59+00:00,2026-03-04T20:30:00.055200+00:00,0.1.0,,,,,0.0552,,,,,,,0.0,,1.0,0.0,0.0,0.0,0.0,1.0,0.0,0.0,1.0,0.20916,0.79084,,,,
ideal_e4_h2_vqe_B5_no_measurement_ledger_seed113,h2_vqe,embedded_same_family_active_space,ideal,e4,113,,B5,ablation_restore,no_measurement_ledger,parallel_fs,parallel_fs,source->target,0.25,1,12,"{'G0': True, 'GA': True, 'GB': True, 'GC': True, 'GD': False, 'GE': True, 'GF': True, 'GH': True}",block,False,False,False,True,2026-03-07T03:02:42+00:00,2026-03-07T03:02:43.055200+00:00,0.1.0,,,,,0.0552,,,,,,,0.0,,1.0,0.0,0.0,0.0,0.0,1.0,0.0,0.0,1.0,0.20916,0.79084,,,,
ideal_e4_h2_vqe_B5_no_estimation_mitigation_state_seed11,h2_vqe,embedded_same_family_active_space,ideal,e4,11,,B5,ablation_restore,no_estimation_mitigation_state,parallel_fs,parallel_fs,source->target,0.25,1,12,"{'G0': True, 'GA': True, 'GB': True, 'GC': True, 'GD': True, 'GE': False, 'GF': True, 'GH': True}",migration,False,False,True,False,2026-03-28T17:21:20+00:00,2026-03-28T17:21:21.059956+00:00,0.1.0,,,,,0.0552,,,,,,,0.0,,0.1356101957148549,0.2519914589634289,0.004755781116447144,0.0,1.0,0.0,0.0,1.0,0.0,0.798,0.20199999999999996,,,,
ideal_e4_h2_vqe_B5_no_estimation_mitigation_state_seed17,h2_vqe,embedded_same_family_active_space,ideal,e4,17,,B5,ablation_restore,no_estimation_mitigation_state,parallel_fs,parallel_fs,source->target,0.25,1,12,"{'G0': True, 'GA': True, 'GB': True, 'GC': True, 'GD': True, 'GE': False, 'GF': True, 'GH': True}",migration,False,False,True,False,2026-03-26T09:44:02+00:00,2026-03-26T09:44:03.065350+00:00,0.1.0,,,,,0.0552,,,,,,,0.0,,0.27012450766559204,0.29532741630967846,0.010149574948685292,0.0,1.0,0.0,0.0,1.0,0.0,0.798,0.20199999999999996,,,,
ideal_e4_h2_vqe_B5_no_estimation_mitigation_state_seed23,h2_vqe,embedded_same_family_active_space,ideal,e4,23,,B5,ablation_restore,no_estimation_mitigation_state,parallel_fs,parallel_fs,source->target,0.25,1,12,"{'G0': True, 'GA': True, 'GB': True, 'GC': True, 'GD': True, 'GE': False, 'GF': True, 'GH': True}",migration,False,False,True,False,2026-03-13T07:36:14+00:00,2026-03-13T07:36:15.066309+00:00,0.1.0,,,,,0.0552,,,,,,,0.0,,0.2250990326964818,0.2842818748535348,0.011109441763612615,0.0,1.0,0.0,0.0,1.0,0.0,0.798,0.20199999999999996,,,,
ideal_e4_h2_vqe_B5_no_estimation_mitigation_state_seed31,h2_vqe,embedded_same_family_active_space,ideal,e4,31,,B5,ablation_restore,no_estimation_mitigation_state,parallel_fs,parallel_fs,source->target,0.25,1,12,"{'G0': True, 'GA': True, 'GB': True, 'GC': True, 'GD': True, 'GE': False, 'GF': True, 'GH': True}",migration,False,False,True,False,2026-03-09T15:42:24+00:00,2026-03-09T15:42:25.061160+00:00,0.1.0,,,,,0.0552,,,,,,,0.0,,0.29212910379363266,0.24499743448893038,0.005959767193941312,0.0,1.0,0.0,0.0,1.0,0.0,0.798,0.20199999999999996,,,,
ideal_e4_h2_vqe_B5_no_estimation_mitigation_state_seed43,h2_vqe,embedded_same_family_active_space,ideal,e4,43,,B5,ablation_restore,no_estimation_mitigation_state,parallel_fs,parallel_fs,source->target,0.25,1,12,"{'G0': True, 'GA': True, 'GB': True, 'GC': True, 'GD': True, 'GE': False, 'GF': True, 'GH': True}",migration,False,False,True,False,2026-03-17T20:28:59+00:00,2026-03-17T20:29:00.064363+00:00,0.1.0,,,,,0.0552,,,,,,,0.0,,0.24043372114404052,0.28551775070396906,0.009163465366910373,0.0,1.0,0.0,0.0,1.0,0.0,0.798,0.20199999999999996,,,,
ideal_e4_h2_vqe_B5_no_estimation_mitigation_state_seed59,h2_vqe,embedded_same_family_active_space,ideal,e4,59,,B5,ablation_restore,no_estimation_mitigation_state,parallel_fs,parallel_fs,source->target,0.25,1,12,"{'G0': True, 'GA': True, 'GB': True, 'GC': True, 'GD': True, 'GE': False, 'GF': True, 'GH': True}",migration,False,False,True,False,2026-03-07T18:06:00+00:00,2026-03-07T18:06:01.059548+00:00,0.1.0,,,,,0.0552,,,,,,,0.0,,0.26816476813730744,0.297601854014309,0.004348249131523874,0.0,1.0,0.0,0.0,1.0,0.0,0.798,0.20199999999999996,,,,
ideal_e4_h2_vqe_B5_no_estimation_mitigation_state_seed71,h2_vqe,embedded_same_family_active_space,ideal,e4,71,,B5,ablation_restore,no_estimation_mitigation_state,parallel_fs,parallel_fs,source->target,0.25,1,12,"{'G0': True, 'GA': True, 'GB': True, 'GC': True, 'GD': True, 'GE': False, 'GF': True, 'GH': True}",migration,False,False,True,False,2026-03-08T03:31:33+00:00,2026-03-08T03:31:34.061602+00:00,0.1.0,,,,,0.0552,,,,,,,0.0,,0.3039060518405673,0.30328598433421633,0.006402460361912388,0.0,1.0,0.0,0.0,1.0,0.0,0.798,0.20199999999999996,,,,
ideal_e4_h2_vqe_B5_no_estimation_mitigation_state_seed83,h2_vqe,embedded_same_family_active_space,ideal,e4,83,,B5,ablation_restore,no_estimation_mitigation_state,parallel_fs,parallel_fs,source->target,0.25,1,12,"{'G0': True, 'GA': True, 'GB': True, 'GC': True, 'GD': True, 'GE': False, 'GF': True, 'GH': True}",migration,False,False,True,False,2026-03-18T05:35:33+00:00,2026-03-18T05:35:34.062037+00:00,0.1.0,,,,,0.0552,,,,,,,0.0,,0.3030963788570731,0.2791835953344217,0.006837164638252569,0.0,1.0,0.0,0.0,1.0,0.0,0.798,0.20199999999999996,,,,
ideal_e4_h2_vqe_B5_no_estimation_mitigation_state_seed97,h2_vqe,embedded_same_family_active_space,ideal,e4,97,,B5,ablation_restore,no_estimation_mitigation_state,parallel_fs,parallel_fs,source->target,0.25,1,12,"{'G0': True, 'GA': True, 'GB': True, 'GC': True, 'GD': True, 'GE': False, 'GF': True, 'GH': True}",migration,False,False,True,False,2026-03-10T16:11:48+00:00,2026-03-10T16:11:49.064934+00:00,0.1.0,,,,,0.0552,,,,,,,0.0,,0.27321581619188634,0.3691524612446169,0.009733589809296284,0.0,1.0,0.0,0.0,1.0,0.0,0.798,0.20199999999999996,,,,
ideal_e4_h2_vqe_B5_no_estimation_mitigation_state_seed101,h2_vqe,embedded_same_family_active_space,ideal,e4,101,,B5,ablation_restore,no_estimation_mitigation_state,parallel_fs,parallel_fs,source->target,0.25,1,12,"{'G0': True, 'GA': True, 'GB': True, 'GC': True, 'GD': True, 'GE': False, 'GF': True, 'GH': True}",migration,False,False,True,False,2026-03-30T14:37:13+00:00,2026-03-30T14:37:14.062031+00:00,0.1.0,,,,,0.0552,,,,,,,0.0,,0.3033466348803146,0.24346806109975924,0.006830759190697977,0.0,1.0,0.0,0.0,1.0,0.0,0.798,0.20199999999999996,,,,
ideal_e4_h2_vqe_B5_no_estimation_mitigation_state_seed107,h2_vqe,embedded_same_family_active_space,ideal,e4,107,,B5,ablation_restore,no_estimation_mitigation_state,parallel_fs,parallel_fs,source->target,0.25,1,12,"{'G0': True, 'GA': True, 'GB': True, 'GC': True, 'GD': True, 'GE': False, 'GF': True, 'GH': True}",migration,False,False,True,False,2026-03-15T03:56:23+00:00,2026-03-15T03:56:24.060791+00:00,0.1.0,,,,,0.0552,,,,,,,0.0,,0.30475596748662453,0.29796870621559485,0.005591479165244717,0.0,1.0,0.0,0.0,1.0,0.0,0.798,0.20199999999999996,,,,
ideal_e4_h2_vqe_B5_no_estimation_mitigation_state_seed113,h2_vqe,embedded_same_family_active_space,ideal,e4,113,,B5,ablation_restore,no_estimation_mitigation_state,parallel_fs,parallel_fs,source->target,0.25,1,12,"{'G0': True, 'GA': True, 'GB': True, 'GC': True, 'GD': True, 'GE': False, 'GF': True, 'GH': True}",migration,False,False,True,False,2026-03-23T04:49:04+00:00,2026-03-23T04:49:05.067219+00:00,0.1.0,,,,,0.0552,,,,,,,0.0,,0.29573280983333755,0.411025602412934,0.01201932369449299,0.0,1.0,0.0,0.0,1.0,0.0,0.798,0.20199999999999996,,,,
ideal_e4_h2_vqe_B5_no_backend_snapshot_seed11,h2_vqe,embedded_same_family_active_space,ideal,e4,11,,B5,ablation_restore,no_backend_snapshot,parallel_fs,parallel_fs,source->target,0.25,1,12,"{'G0': True, 'GA': True, 'GB': True, 'GC': True, 'GD': True, 'GE': True, 'GF': False, 'GH': True}",block,False,False,False,True,2026-03-27T16:59:30+00:00,2026-03-27T16:59:31.055200+00:00,0.1.0,,,,,0.0552,,,,,,,0.0,,1.0,0.0,0.0,0.0,0.0,1.0,0.0,0.0,1.0,0.22680000000000003,0.7732,,,,
ideal_e4_h2_vqe_B5_no_backend_snapshot_seed17,h2_vqe,embedded_same_family_active_space,ideal,e4,17,,B5,ablation_restore,no_backend_snapshot,parallel_fs,parallel_fs,source->target,0.25,1,12,"{'G0': True, 'GA': True, 'GB': True, 'GC': True, 'GD': True, 'GE': True, 'GF': False, 'GH': True}",block,False,False,False,True,2026-03-17T07:44:23+00:00,2026-03-17T07:44:24.055200+00:00,0.1.0,,,,,0.0552,,,,,,,0.0,,1.0,0.0,0.0,0.0,0.0,1.0,0.0,0.0,1.0,0.22680000000000003,0.7732,,,,
ideal_e4_h2_vqe_B5_no_backend_snapshot_seed23,h2_vqe,embedded_same_family_active_space,ideal,e4,23,,B5,ablation_restore,no_backend_snapshot,parallel_fs,parallel_fs,source->target,0.25,1,12,"{'G0': True, 'GA': True, 'GB': True, 'GC': True, 'GD': True, 'GE': True, 'GF': False, 'GH': True}",block,False,False,False,True,2026-03-06T20:19:22+00:00,2026-03-06T20:19:23.055200+00:00,0.1.0,,,,,0.0552,,,,,,,0.0,,1.0,0.0,0.0,0.0,0.0,1.0,0.0,0.0,1.0,0.22680000000000003,0.7732,,,,
ideal_e4_h2_vqe_B5_no_backend_snapshot_seed31,h2_vqe,embedded_same_family_active_space,ideal,e4,31,,B5,ablation_restore,no_backend_snapshot,parallel_fs,parallel_fs,source->target,0.25,1,12,"{'G0': True, 'GA': True, 'GB': True, 'GC': True, 'GD': True, 'GE': True, 'GF': False, 'GH': True}",block,False,False,False,True,2026-03-23T10:31:51+00:00,2026-03-23T10:31:52.055200+00:00,0.1.0,,,,,0.0552,,,,,,,0.0,,1.0,0.0,0.0,0.0,0.0,1.0,0.0,0.0,1.0,0.22680000000000003,0.7732,,,,
ideal_e4_h2_vqe_B5_no_backend_snapshot_seed43,h2_vqe,embedded_same_family_active_space,ideal,e4,43,,B5,ablation_restore,no_backend_snapshot,parallel_fs,parallel_fs,source->target,0.25,1,12,"{'G0': True, 'GA': True, 'GB': True, 'GC': True, 'GD': True, 'GE': True, 'GF': False, 'GH': True}",block,False,False,False,True,2026-03-17T10:33:33+00:00,2026-03-17T10:33:34.055200+00:00,0.1.0,,,,,0.0552,,,,,,,0.0,,1.0,0.0,0.0,0.0,0.0,1.0,0.0,0.0,1.0,0.22680000000000003,0.7732,,,,
ideal_e4_h2_vqe_B5_no_backend_snapshot_seed59,h2_vqe,embedded_same_family_active_space,ideal,e4,59,,B5,ablation_restore,no_backend_snapshot,parallel_fs,parallel_fs,source->target,0.25,1,12,"{'G0': True, 'GA': True, 'GB': True, 'GC': True, 'GD': True, 'GE': True, 'GF': False, 'GH': True}",block,False,False,False,True,2026-03-04T18:57:36+00:00,2026-03-04T18:57:37.055200+00:00,0.1.0,,,,,0.0552,,,,,,,0.0,,1.0,0.0,0.0,0.0,0.0,1.0,0.0,0.0,1.0,0.22680000000000003,0.7732,,,,
ideal_e4_h2_vqe_B5_no_backend_snapshot_seed71,h2_vqe,embedded_same_family_active_space,ideal,e4,71,,B5,ablation_restore,no_backend_snapshot,parallel_fs,parallel_fs,source->target,0.25,1,12,"{'G0': True, 'GA': True, 'GB': True, 'GC': True, 'GD': True, 'GE': True, 'GF': False, 'GH': True}",block,False,False,False,True,2026-03-08T00:05:42+00:00,2026-03-08T00:05:43.055200+00:00,0.1.0,,,,,0.0552,,,,,,,0.0,,1.0,0.0,0.0,0.0,0.0,1.0,0.0,0.0,1.0,0.22680000000000003,0.7732,,,,
ideal_e4_h2_vqe_B5_no_backend_snapshot_seed83,h2_vqe,embedded_same_family_active_space,ideal,e4,83,,B5,ablation_restore,no_backend_snapshot,parallel_fs,parallel_fs,source->target,0.25,1,12,"{'G0': True, 'GA': True, 'GB': True, 'GC': True, 'GD': True, 'GE': True, 'GF': False, 'GH': True}",block,False,False,False,True,2026-03-25T03:11:33+00:00,2026-03-25T03:11:34.055200+00:00,0.1.0,,,,,0.0552,,,,,,,0.0,,1.0,0.0,0.0,0.0,0.0,1.0,0.0,0.0,1.0,0.22680000000000003,0.7732,,,,
ideal_e4_h2_vqe_B5_no_backend_snapshot_seed97,h2_vqe,embedded_same_family_active_space,ideal,e4,97,,B5,ablation_restore,no_backend_snapshot,parallel_fs,parallel_fs,source->target,0.25,1,12,"{'G0': True, 'GA': True, 'GB': True, 'GC': True, 'GD': True, 'GE': True, 'GF': False, 'GH': True}",block,False,False,False,True,2026-03-11T13:20:14+00:00,2026-03-11T13:20:15.055200+00:00,0.1.0,,,,,0.0552,,,,,,,0.0,,1.0,0.0,0.0,0.0,0.0,1.0,0.0,0.0,1.0,0.22680000000000003,0.7732,,,,
ideal_e4_h2_vqe_B5_no_backend_snapshot_seed101,h2_vqe,embedded_same_family_active_space,ideal,e4,101,,B5,ablation_restore,no_backend_snapshot,parallel_fs,parallel_fs,source->target,0.25,1,12,"{'G0': True, 'GA': True, 'GB': True, 'GC': True, 'GD': True, 'GE': True, 'GF': False, 'GH': True}",block,False,False,False,True,2026-03-15T01:16:13+00:00,2026-03-15T01:16:14.055200+00:00,0.1.0,,,,,0.0552,,,,,,,0.0,,1.0,0.0,0.0,0.0,0.0,1.0,0.0,0.0,1.0,0.22680000000000003,0.7732,,,,
ideal_e4_h2_vqe_B5_no_backend_snapshot_seed107,h2_vqe,embedded_same_family_active_space,ideal,e4,107,,B5,ablation_restore,no_backend_snapshot,parallel_fs,parallel_fs,source->target,0.25,1,12,"{'G0': True, 'GA': True, 'GB': True, 'GC': True, 'GD': True, 'GE': True, 'GF': False, 'GH': True}",block,False,False,False,True,2026-03-02T13:11:50+00:00,2026-03-02T13:11:51.055200+00:00,0.1.0,,,,,0.0552,,,,,,,0.0,,1.0,0.0,0.0,0.0,0.0,1.0,0.0,0.0,1.0,0.22680000000000003,0.7732,,,,
ideal_e4_h2_vqe_B5_no_backend_snapshot_seed113,h2_vqe,embedded_same_family_active_space,ideal,e4,113,,B5,ablation_restore,no_backend_snapshot,parallel_fs,parallel_fs,source->target,0.25,1,12,"{'G0': True, 'GA': True, 'GB': True, 'GC': True, 'GD': True, 'GE': True, 'GF': False, 'GH': True}",block,False,False,False,True,2026-03-27T06:09:22+00:00,2026-03-27T06:09:23.055200+00:00,0.1.0,,,,,0.0552,,,,,,,0.0,,1.0,0.0,0.0,0.0,0.0,1.0,0.0,0.0,1.0,0.22680000000000003,0.7732,,,,
ideal_e4_h2_vqe_B5_no_geometry_seed11,h2_vqe,embedded_same_family_active_space,ideal,e4,11,,B5,ablation_restore,no_geometry,parallel_fs,parallel_fs,source->target,0.25,1,12,"{'G0': True, 'GA': True, 'GB': True, 'GC': True, 'GD': True, 'GE': True, 'GF': True, 'GH': False}",migration,True,True,False,False,2026-03-07T11:57:57+00:00,2026-03-07T11:57:58.055200+00:00,0.1.0,,,,,0.0552,,,,,,,1.0,,0.12742561603802172,0.5022913319216593,0.0,1.0,0.0,0.0,0.0,1.0,0.0,0.7560000000000001,0.24399999999999988,,,,
ideal_e4_h2_vqe_B5_no_geometry_seed17,h2_vqe,embedded_same_family_active_space,ideal,e4,17,,B5,ablation_restore,no_geometry,parallel_fs,parallel_fs,source->target,0.25,1,12,"{'G0': True, 'GA': True, 'GB': True, 'GC': True, 'GD': True, 'GE': True, 'GF': True, 'GH': False}",migration,True,True,False,False,2026-03-20T16:10:16+00:00,2026-03-20T16:10:17.068288+00:00,0.1.0,,,,,0.0552,,,,,,,1.0,,0.09448882173157008,0.4959765431811383,0.01308775719809141,1.0,0.0,0.0,0.0,1.0,0.0,0.7560000000000001,0.24399999999999988,,,,
ideal_e4_h2_vqe_B5_no_geometry_seed23,h2_vqe,embedded_same_family_active_space,ideal,e4,23,,B5,ablation_restore,no_geometry,parallel_fs,parallel_fs,source->target,0.25,1,12,"{'G0': True, 'GA': True, 'GB': True, 'GC': True, 'GD': True, 'GE': True, 'GF': True, 'GH': False}",migration,True,True,False,False,2026-03-17T23:51:23+00:00,2026-03-17T23:51:24.072044+00:00,0.1.0,,,,,0.0552,,,,,,,1.0,,0.06198438433469564,0.47580627873213394,0.016843802941959307,1.0,0.0,0.0,0.0,1.0,0.0,0.7560000000000001,0.24399999999999988,,,,
ideal_e4_h2_vqe_B5_no_geometry_seed31,h2_vqe,embedded_same_family_active_space,ideal,e4,31,,B5,ablation_restore,no_geometry,parallel_fs,parallel_fs,source->target,0.25,1,12,"{'G0': True, 'GA': True, 'GB': True, 'GC': True, 'GD': True, 'GE': True, 'GF': True, 'GH': False}",migration,True,True,False,False,2026-03-09T12:47:11+00:00,2026-03-09T12:47:12.057133+00:00,0.1.0,,,,,0.0552,,,,,,,1.0,,0.12209839830964649,0.476132670067014,0.001932804452116077,1.0,0.0,0.0,0.0,1.0,0.0,0.7560000000000001,0.24399999999999988,,,,
ideal_e4_h2_vqe_B5_no_geometry_seed43,h2_vqe,embedded_same_family_active_space,ideal,e4,43,,B5,ablation_restore,no_geometry,parallel_fs,parallel_fs,source->target,0.25,1,12,"{'G0': True, 'GA': True, 'GB': True, 'GC': True, 'GD': True, 'GE': True, 'GF': True, 'GH': False}",migration,True,True,False,False,2026-03-17T11:50:24+00:00,2026-03-17T11:50:25.069856+00:00,0.1.0,,,,,0.0552,,,,,,,1.0,,0.08217531041777308,0.47791926146864355,0.014656088639034781,1.0,0.0,0.0,0.0,1.0,0.0,0.7560000000000001,0.24399999999999988,,,,
ideal_e4_h2_vqe_B5_no_geometry_seed59,h2_vqe,embedded_same_family_active_space,ideal,e4,59,,B5,ablation_restore,no_geometry,parallel_fs,parallel_fs,source->target,0.25,1,12,"{'G0': True, 'GA': True, 'GB': True, 'GC': True, 'GD': True, 'GE': True, 'GF': True, 'GH': False}",migration,True,True,False,False,2026-03-24T03:04:10+00:00,2026-03-24T03:04:11.057484+00:00,0.1.0,,,,,0.0552,,,,,,,1.0,,0.1782296144222166,0.5341064970641213,0.0022844007885152173,1.0,0.0,0.0,0.0,1.0,0.0,0.7560000000000001,0.24399999999999988,,,,
ideal_e4_h2_vqe_B5_no_geometry_seed71,h2_vqe,embedded_same_family_active_space,ideal,e4,71,,B5,ablation_restore,no_geometry,parallel_fs,parallel_fs,source->target,0.25,1,12,"{'G0': True, 'GA': True, 'GB': True, 'GC': True, 'GD': True, 'GE': True, 'GF': True, 'GH': False}",migration,True,True,False,False,2026-03-20T16:35:26+00:00,2026-03-20T16:35:27.062325+00:00,0.1.0,,,,,0.0552,,,,,,,1.0,,0.08799402491366551,0.5326573772269737,0.007124847717804972,1.0,0.0,0.0,0.0,1.0,0.0,0.7560000000000001,0.24399999999999988,,,,
ideal_e4_h2_vqe_B5_no_geometry_seed83,h2_vqe,embedded_same_family_active_space,ideal,e4,83,,B5,ablation_restore,no_geometry,parallel_fs,parallel_fs,source->target,0.25,1,12,"{'G0': True, 'GA': True, 'GB': True, 'GC': True, 'GD': True, 'GE': True, 'GF': True, 'GH': False}",migration,True,True,False,False,2026-03-03T05:35:34+00:00,2026-03-03T05:35:35.055200+00:00,0.1.0,,,,,0.0552,,,,,,,1.0,,0.08305223832992607,0.5285697699574776,0.0,1.0,0.0,0.0,0.0,1.0,0.0,0.7560000000000001,0.24399999999999988,,,,
ideal_e4_h2_vqe_B5_no_geometry_seed97,h2_vqe,embedded_same_family_active_space,ideal,e4,97,,B5,ablation_restore,no_geometry,parallel_fs,parallel_fs,source->target,0.25,1,12,"{'G0': True, 'GA': True, 'GB': True, 'GC': True, 'GD': True, 'GE': True, 'GF': True, 'GH': False}",migration,True,True,False,False,2026-03-21T07:35:26+00:00,2026-03-21T07:35:27.067545+00:00,0.1.0,,,,,0.0552,,,,,,,1.0,,0.09408683201598574,0.5688577824500544,0.012344506104455366,1.0,0.0,0.0,0.0,1.0,0.0,0.7560000000000001,0.24399999999999988,,,,
ideal_e4_h2_vqe_B5_no_geometry_seed101,h2_vqe,embedded_same_family_active_space,ideal,e4,101,,B5,ablation_restore,no_geometry,parallel_fs,parallel_fs,source->target,0.25,1,12,"{'G0': True, 'GA': True, 'GB': True, 'GC': True, 'GD': True, 'GE': True, 'GF': True, 'GH': False}",migration,True,True,False,False,2026-03-30T11:40:09+00:00,2026-03-30T11:40:10.055200+00:00,0.1.0,,,,,0.0552,,,,,,,1.0,,0.07504245239276632,0.5178246580785901,0.0,1.0,0.0,0.0,0.0,1.0,0.0,0.7560000000000001,0.24399999999999988,,,,
ideal_e4_h2_vqe_B5_no_geometry_seed107,h2_vqe,embedded_same_family_active_space,ideal,e4,107,,B5,ablation_restore,no_geometry,parallel_fs,parallel_fs,source->target,0.25,1,12,"{'G0': True, 'GA': True, 'GB': True, 'GC': True, 'GD': True, 'GE': True, 'GF': True, 'GH': False}",migration,True,True,False,False,2026-03-11T07:34:08+00:00,2026-03-11T07:34:09.057823+00:00,0.1.0,,,,,0.0552,,,,,,,1.0,,0.11562343723431097,0.5404168730052781,0.002622997701274832,1.0,0.0,0.0,0.0,1.0,0.0,0.7560000000000001,0.24399999999999988,,,,
ideal_e4_h2_vqe_B5_no_geometry_seed113,h2_vqe,embedded_same_family_active_space,ideal,e4,113,,B5,ablation_restore,no_geometry,parallel_fs,parallel_fs,source->target,0.25,1,12,"{'G0': True, 'GA': True, 'GB': True, 'GC': True, 'GD': True, 'GE': True, 'GF': True, 'GH': False}",migration,True,True,False,False,2026-03-29T18:42:18+00:00,2026-03-29T18:42:19.072220+00:00,0.1.0,,,,,0.0552,,,,,,,1.0,,0.06995362021752255,0.5428422281237761,0.017020063923389284,1.0,0.0,0.0,0.0,1.0,0.0,0.7560000000000001,0.24399999999999988,,,,
ideal_e4_adapt_vqe_B4_full_contract_seed11,adapt_vqe,adapt_style_larger_active_space,ideal,e4,11,,B4,ablation_restore,full_contract,parallel_fs,parallel_fs,,0.0,1,12,"{'G0': True, 'GA': True, 'GB': True, 'GC': True, 'GD': True, 'GE': True, 'GF': True, 'GH': True}",replay,True,True,False,False,2026-03-23T17:35:27+00:00,2026-03-23T17:35:28+00:00,0.1.0,,,,,0.0,,,,,,,1.0,,0.02949134044543139,0.13120787997850825,0.0,1.0,0.0,0.0,1.0,0.0,0.0,0.5976,0.4024,,,,
ideal_e4_adapt_vqe_B4_full_contract_seed17,adapt_vqe,adapt_style_larger_active_space,ideal,e4,17,,B4,ablation_restore,full_contract,parallel_fs,parallel_fs,,0.0,1,12,"{'G0': True, 'GA': True, 'GB': True, 'GC': True, 'GD': True, 'GE': True, 'GF': True, 'GH': True}",replay,True,True,False,False,2026-03-22T08:51:27+00:00,2026-03-22T08:51:28+00:00,0.1.0,,,,,0.0,,,,,,,1.0,,0.03008802818870355,0.2246202838903179,0.0,1.0,0.0,0.0,1.0,0.0,0.0,0.5976,0.4024,,,,
ideal_e4_adapt_vqe_B4_full_contract_seed23,adapt_vqe,adapt_style_larger_active_space,ideal,e4,23,,B4,ablation_restore,full_contract,parallel_fs,parallel_fs,,0.0,1,12,"{'G0': True, 'GA': True, 'GB': True, 'GC': True, 'GD': True, 'GE': True, 'GF': True, 'GH': True}",replay,True,True,False,False,2026-03-01T07:18:00+00:00,2026-03-01T07:18:01+00:00,0.1.0,,,,,0.0,,,,,,,1.0,,0.03339660764513296,0.3787604687539663,0.0,1.0,0.0,0.0,1.0,0.0,0.0,0.5976,0.4024,,,,
ideal_e4_adapt_vqe_B4_full_contract_seed31,adapt_vqe,adapt_style_larger_active_space,ideal,e4,31,,B4,ablation_restore,full_contract,parallel_fs,parallel_fs,,0.0,1,12,"{'G0': True, 'GA': True, 'GB': True, 'GC': True, 'GD': True, 'GE': True, 'GF': True, 'GH': True}",replay,True,True,False,False,2026-03-11T02:40:12+00:00,2026-03-11T02:40:13+00:00,0.1.0,,,,,0.0,,,,,,,1.0,,0.020519495949501965,0.3299597153076593,0.0,1.0,0.0,0.0,1.0,0.0,0.0,0.5976,0.4024,,,,
ideal_e4_adapt_vqe_B4_full_contract_seed43,adapt_vqe,adapt_style_larger_active_space,ideal,e4,43,,B4,ablation_restore,full_contract,parallel_fs,parallel_fs,,0.0,1,12,"{'G0': True, 'GA': True, 'GB': True, 'GC': True, 'GD': True, 'GE': True, 'GF': True, 'GH': True}",replay,True,True,False,False,2026-03-01T10:01:52+00:00,2026-03-01T10:01:53+00:00,0.1.0,,,,,0.0,,,,,,,1.0,,0.03799413768808254,0.39659953442329643,0.0,1.0,0.0,0.0,1.0,0.0,0.0,0.5976,0.4024,,,,
ideal_e4_adapt_vqe_B4_full_contract_seed59,adapt_vqe,adapt_style_larger_active_space,ideal,e4,59,,B4,ablation_restore,full_contract,parallel_fs,parallel_fs,,0.0,1,12,"{'G0': True, 'GA': True, 'GB': True, 'GC': True, 'GD': True, 'GE': True, 'GF': True, 'GH': True}",replay,True,True,False,False,2026-03-29T07:50:12+00:00,2026-03-29T07:50:13+00:00,0.1.0,,,,,0.0,,,,,,,1.0,,0.02653016457871621,0.37957383457228355,0.0,1.0,0.0,0.0,1.0,0.0,0.0,0.5976,0.4024,,,,
ideal_e4_adapt_vqe_B4_full_contract_seed71,adapt_vqe,adapt_style_larger_active_space,ideal,e4,71,,B4,ablation_restore,full_contract,parallel_fs,parallel_fs,,0.0,1,12,"{'G0': True, 'GA': True, 'GB': True, 'GC': True, 'GD': True, 'GE': True, 'GF': True, 'GH': True}",replay,True,True,False,False,2026-03-03T20:13:27+00:00,2026-03-03T20:13:28+00:00,0.1.0,,,,,0.0,,,,,,,1.0,,0.022780195049407273,0.14625960786110775,0.0,1.0,0.0,0.0,1.0,0.0,0.0,0.5976,0.4024,,,,
ideal_e4_adapt_vqe_B4_full_contract_seed83,adapt_vqe,adapt_style_larger_active_space,ideal,e4,83,,B4,ablation_restore,full_contract,parallel_fs,parallel_fs,,0.0,1,12,"{'G0': True, 'GA': True, 'GB': True, 'GC': True, 'GD': True, 'GE': True, 'GF': True, 'GH': True}",replay,True,True,False,False,2026-03-29T15:39:58+00:00,2026-03-29T15:39:59+00:00,0.1.0,,,,,0.0,,,,,,,1.0,,0.03064796529485925,0.4207103747614477,0.0,1.0,0.0,0.0,1.0,0.0,0.0,0.5976,0.4024,,,,
ideal_e4_adapt_vqe_B4_full_contract_seed97,adapt_vqe,adapt_style_larger_active_space,ideal,e4,97,,B4,ablation_restore,full_contract,parallel_fs,parallel_fs,,0.0,1,12,"{'G0': True, 'GA': True, 'GB': True, 'GC': True, 'GD': True, 'GE': True, 'GF': True, 'GH': True}",replay,True,True,False,False,2026-03-06T19:56:50+00:00,2026-03-06T19:56:51+00:00,0.1.0,,,,,0.0,,,,,,,1.0,,0.03689686612772954,0.3795001234222455,0.0,1.0,0.0,0.0,1.0,0.0,0.0,0.5976,0.4024,,,,
ideal_e4_adapt_vqe_B4_full_contract_seed101,adapt_vqe,adapt_style_larger_active_space,ideal,e4,101,,B4,ablation_restore,full_contract,parallel_fs,parallel_fs,,0.0,1,12,"{'G0': True, 'GA': True, 'GB': True, 'GC': True, 'GD': True, 'GE': True, 'GF': True, 'GH': True}",replay,True,True,False,False,2026-03-15T02:36:01+00:00,2026-03-15T02:36:02+00:00,0.1.0,,,,,0.0,,,,,,,1.0,,0.02539719052464186,0.2996442269874895,0.0,1.0,0.0,0.0,1.0,0.0,0.0,0.5976,0.4024,,,,
ideal_e4_adapt_vqe_B4_full_contract_seed107,adapt_vqe,adapt_style_larger_active_space,ideal,e4,107,,B4,ablation_restore,full_contract,parallel_fs,parallel_fs,,0.0,1,12,"{'G0': True, 'GA': True, 'GB': True, 'GC': True, 'GD': True, 'GE': True, 'GF': True, 'GH': True}",replay,True,True,False,False,2026-03-28T20:07:29+00:00,2026-03-28T20:07:30+00:00,0.1.0,,,,,0.0,,,,,,,1.0,,0.04479052711490297,0.40107739506446727,0.0,1.0,0.0,0.0,1.0,0.0,0.0,0.5976,0.4024,,,,
ideal_e4_adapt_vqe_B4_full_contract_seed113,adapt_vqe,adapt_style_larger_active_space,ideal,e4,113,,B4,ablation_restore,full_contract,parallel_fs,parallel_fs,,0.0,1,12,"{'G0': True, 'GA': True, 'GB': True, 'GC': True, 'GD': True, 'GE': True, 'GF': True, 'GH': True}",replay,True,True,False,False,2026-03-11T07:21:00+00:00,2026-03-11T07:21:01+00:00,0.1.0,,,,,0.0,,,,,,,1.0,,0.021228079790214203,0.27752357568930214,0.0,1.0,0.0,0.0,1.0,0.0,0.0,0.5976,0.4024,,,,
ideal_e4_adapt_vqe_B4_no_optimizer_memory_seed11,adapt_vqe,adapt_style_larger_active_space,ideal,e4,11,,B4,ablation_restore,no_optimizer_memory,parallel_fs,parallel_fs,,0.0,1,12,"{'G0': True, 'GA': True, 'GB': False, 'GC': True, 'GD': True, 'GE': True, 'GF': True, 'GH': True}",replay,True,True,False,False,2026-03-02T15:05:25+00:00,2026-03-02T15:05:26+00:00,0.1.0,,,,,0.0,,,,,,,1.0,,0.041643586699552516,0.13857479024787006,0.0,1.0,0.0,0.0,1.0,0.0,0.0,0.4536,0.5464,,,,
ideal_e4_adapt_vqe_B4_no_optimizer_memory_seed17,adapt_vqe,adapt_style_larger_active_space,ideal,e4,17,,B4,ablation_restore,no_optimizer_memory,parallel_fs,parallel_fs,,0.0,1,12,"{'G0': True, 'GA': True, 'GB': False, 'GC': True, 'GD': True, 'GE': True, 'GF': True, 'GH': True}",replay,False,False,True,False,2026-03-17T19:49:36+00:00,2026-03-17T19:49:37.003915+00:00,0.1.0,,,,,0.0,,,,,,,0.0,,0.062005105308476624,0.9066549583773755,0.003915129356935054,0.0,1.0,0.0,1.0,0.0,0.0,0.4536,0.5464,,,,
ideal_e4_adapt_vqe_B4_no_optimizer_memory_seed23,adapt_vqe,adapt_style_larger_active_space,ideal,e4,23,,B4,ablation_restore,no_optimizer_memory,parallel_fs,parallel_fs,,0.0,1,12,"{'G0': True, 'GA': True, 'GB': False, 'GC': True, 'GD': True, 'GE': True, 'GF': True, 'GH': True}",replay,False,False,True,False,2026-03-15T04:59:50+00:00,2026-03-15T04:59:51+00:00,0.1.0,,,,,0.0,,,,,,,0.0,,0.1563489234001034,1.4164507502340078,0.0,0.0,1.0,0.0,1.0,0.0,0.0,0.4536,0.5464,,,,
ideal_e4_adapt_vqe_B4_no_optimizer_memory_seed31,adapt_vqe,adapt_style_larger_active_space,ideal,e4,31,,B4,ablation_restore,no_optimizer_memory,parallel_fs,parallel_fs,,0.0,1,12,"{'G0': True, 'GA': True, 'GB': False, 'GC': True, 'GD': True, 'GE': True, 'GF': True, 'GH': True}",replay,False,False,True,False,2026-03-30T23:35:11+00:00,2026-03-30T23:35:12+00:00,0.1.0,,,,,0.0,,,,,,,0.0,,0.07094423519045745,1.3128395150798509,0.0,0.0,1.0,0.0,1.0,0.0,0.0,0.4536,0.5464,,,,
ideal_e4_adapt_vqe_B4_no_optimizer_memory_seed43,adapt_vqe,adapt_style_larger_active_space,ideal,e4,43,,B4,ablation_restore,no_optimizer_memory,parallel_fs,parallel_fs,,0.0,1,12,"{'G0': True, 'GA': True, 'GB': False, 'GC': True, 'GD': True, 'GE': True, 'GF': True, 'GH': True}",replay,False,False,True,False,2026-03-01T18:37:22+00:00,2026-03-01T18:37:23+00:00,0.1.0,,,,,0.0,,,,,,,0.0,,0.11695410046013084,1.5074226374049637,0.0,0.0,1.0,0.0,1.0,0.0,0.0,0.4536,0.5464,,,,
ideal_e4_adapt_vqe_B4_no_optimizer_memory_seed59,adapt_vqe,adapt_style_larger_active_space,ideal,e4,59,,B4,ablation_restore,no_optimizer_memory,parallel_fs,parallel_fs,,0.0,1,12,"{'G0': True, 'GA': True, 'GB': False, 'GC': True, 'GD': True, 'GE': True, 'GF': True, 'GH': True}",replay,False,False,True,False,2026-03-29T17:56:17+00:00,2026-03-29T17:56:18+00:00,0.1.0,,,,,0.0,,,,,,,0.0,,0.1164202823174108,1.3726504149894665,0.0,0.0,1.0,0.0,1.0,0.0,0.0,0.4536,0.5464,,,,
ideal_e4_adapt_vqe_B4_no_optimizer_memory_seed71,adapt_vqe,adapt_style_larger_active_space,ideal,e4,71,,B4,ablation_restore,no_optimizer_memory,parallel_fs,parallel_fs,,0.0,1,12,"{'G0': True, 'GA': True, 'GB': False, 'GC': True, 'GD': True, 'GE': True, 'GF': True, 'GH': True}",replay,False,False,True,False,2026-03-08T11:12:32+00:00,2026-03-08T11:12:33.003714+00:00,0.1.0,,,,,0.0,,,,,,,0.0,,0.05626093559560673,0.5380073813135592,0.0037143337453011682,0.0,1.0,0.0,1.0,0.0,0.0,0.4536,0.5464,,,,
ideal_e4_adapt_vqe_B4_no_optimizer_memory_seed83,adapt_vqe,adapt_style_larger_active_space,ideal,e4,83,,B4,ablation_restore,no_optimizer_memory,parallel_fs,parallel_fs,,0.0,1,12,"{'G0': True, 'GA': True, 'GB': False, 'GC': True, 'GD': True, 'GE': True, 'GF': True, 'GH': True}",replay,False,False,True,False,2026-03-01T18:51:58+00:00,2026-03-01T18:51:59+00:00,0.1.0,,,,,0.0,,,,,,,0.0,,0.095538925351707,1.6386636956822447,0.0,0.0,1.0,0.0,1.0,0.0,0.0,0.4536,0.5464,,,,
ideal_e4_adapt_vqe_B4_no_optimizer_memory_seed97,adapt_vqe,adapt_style_larger_active_space,ideal,e4,97,,B4,ablation_restore,no_optimizer_memory,parallel_fs,parallel_fs,,0.0,1,12,"{'G0': True, 'GA': True, 'GB': False, 'GC': True, 'GD': True, 'GE': True, 'GF': True, 'GH': True}",replay,False,False,True,False,2026-03-23T12:40:05+00:00,2026-03-23T12:40:06+00:00,0.1.0,,,,,0.0,,,,,,,0.0,,0.10670047430152726,1.4373234319580364,0.0,0.0,1.0,0.0,1.0,0.0,0.0,0.4536,0.5464,,,,
ideal_e4_adapt_vqe_B4_no_optimizer_memory_seed101,adapt_vqe,adapt_style_larger_active_space,ideal,e4,101,,B4,ablation_restore,no_optimizer_memory,parallel_fs,parallel_fs,,0.0,1,12,"{'G0': True, 'GA': True, 'GB': False, 'GC': True, 'GD': True, 'GE': True, 'GF': True, 'GH': True}",replay,False,False,True,False,2026-03-09T22:34:39+00:00,2026-03-09T22:34:40+00:00,0.1.0,,,,,0.0,,,,,,,0.0,,0.09344128483940782,1.290407426966768,0.0,0.0,1.0,0.0,1.0,0.0,0.0,0.4536,0.5464,,,,
ideal_e4_adapt_vqe_B4_no_optimizer_memory_seed107,adapt_vqe,adapt_style_larger_active_space,ideal,e4,107,,B4,ablation_restore,no_optimizer_memory,parallel_fs,parallel_fs,,0.0,1,12,"{'G0': True, 'GA': True, 'GB': False, 'GC': True, 'GD': True, 'GE': True, 'GF': True, 'GH': True}",replay,False,False,True,False,2026-03-28T04:13:28+00:00,2026-03-28T04:13:29+00:00,0.1.0,,,,,0.0,,,,,,,0.0,,0.17112116445846703,1.3182747716688135,0.0,0.0,1.0,0.0,1.0,0.0,0.0,0.4536,0.5464,,,,
ideal_e4_adapt_vqe_B4_no_optimizer_memory_seed113,adapt_vqe,adapt_style_larger_active_space,ideal,e4,113,,B4,ablation_restore,no_optimizer_memory,parallel_fs,parallel_fs,,0.0,1,12,"{'G0': True, 'GA': True, 'GB': False, 'GC': True, 'GD': True, 'GE': True, 'GF': True, 'GH': True}",replay,False,False,True,False,2026-03-20T08:14:53+00:00,2026-03-20T08:14:54+00:00,0.1.0,,,,,0.0,,,,,,,0.0,,0.059079069808905545,1.1191026683223275,0.0,0.0,1.0,0.0,1.0,0.0,0.0,0.4536,0.5464,,,,
ideal_e4_adapt_vqe_B4_no_measurement_ledger_seed11,adapt_vqe,adapt_style_larger_active_space,ideal,e4,11,,B4,ablation_restore,no_measurement_ledger,parallel_fs,parallel_fs,,0.0,1,12,"{'G0': True, 'GA': True, 'GB': True, 'GC': True, 'GD': False, 'GE': True, 'GF': True, 'GH': True}",replay,True,True,False,False,2026-03-03T18:07:41+00:00,2026-03-03T18:07:42+00:00,0.1.0,,,,,0.0,,,,,,,1.0,,0.02949134044543139,0.13120787997850825,0.0,1.0,0.0,0.0,1.0,0.0,0.0,0.5976,0.4024,,,,
ideal_e4_adapt_vqe_B4_no_measurement_ledger_seed17,adapt_vqe,adapt_style_larger_active_space,ideal,e4,17,,B4,ablation_restore,no_measurement_ledger,parallel_fs,parallel_fs,,0.0,1,12,"{'G0': True, 'GA': True, 'GB': True, 'GC': True, 'GD': False, 'GE': True, 'GF': True, 'GH': True}",replay,True,True,False,False,2026-03-15T07:04:36+00:00,2026-03-15T07:04:37+00:00,0.1.0,,,,,0.0,,,,,,,1.0,,0.03008802818870355,0.2246202838903179,0.0,1.0,0.0,0.0,1.0,0.0,0.0,0.5976,0.4024,,,,
ideal_e4_adapt_vqe_B4_no_measurement_ledger_seed23,adapt_vqe,adapt_style_larger_active_space,ideal,e4,23,,B4,ablation_restore,no_measurement_ledger,parallel_fs,parallel_fs,,0.0,1,12,"{'G0': True, 'GA': True, 'GB': True, 'GC': True, 'GD': False, 'GE': True, 'GF': True, 'GH': True}",replay,True,True,False,False,2026-03-13T22:55:22+00:00,2026-03-13T22:55:23+00:00,0.1.0,,,,,0.0,,,,,,,1.0,,0.03339660764513296,0.3787604687539663,0.0,1.0,0.0,0.0,1.0,0.0,0.0,0.5976,0.4024,,,,
ideal_e4_adapt_vqe_B4_no_measurement_ledger_seed31,adapt_vqe,adapt_style_larger_active_space,ideal,e4,31,,B4,ablation_restore,no_measurement_ledger,parallel_fs,parallel_fs,,0.0,1,12,"{'G0': True, 'GA': True, 'GB': True, 'GC': True, 'GD': False, 'GE': True, 'GF': True, 'GH': True}",replay,True,True,False,False,2026-03-02T20:46:45+00:00,2026-03-02T20:46:46+00:00,0.1.0,,,,,0.0,,,,,,,1.0,,0.020519495949501965,0.3299597153076593,0.0,1.0,0.0,0.0,1.0,0.0,0.0,0.5976,0.4024,,,,
ideal_e4_adapt_vqe_B4_no_measurement_ledger_seed43,adapt_vqe,adapt_style_larger_active_space,ideal,e4,43,,B4,ablation_restore,no_measurement_ledger,parallel_fs,parallel_fs,,0.0,1,12,"{'G0': True, 'GA': True, 'GB': True, 'GC': True, 'GD': False, 'GE': True, 'GF': True, 'GH': True}",replay,True,True,False,False,2026-03-25T19:22:10+00:00,2026-03-25T19:22:11+00:00,0.1.0,,,,,0.0,,,,,,,1.0,,0.03799413768808254,0.39659953442329643,0.0,1.0,0.0,0.0,1.0,0.0,0.0,0.5976,0.4024,,,,
ideal_e4_adapt_vqe_B4_no_measurement_ledger_seed59,adapt_vqe,adapt_style_larger_active_space,ideal,e4,59,,B4,ablation_restore,no_measurement_ledger,parallel_fs,parallel_fs,,0.0,1,12,"{'G0': True, 'GA': True, 'GB': True, 'GC': True, 'GD': False, 'GE': True, 'GF': True, 'GH': True}",replay,True,True,False,False,2026-03-12T08:42:07+00:00,2026-03-12T08:42:08+00:00,0.1.0,,,,,0.0,,,,,,,1.0,,0.02653016457871621,0.37957383457228355,0.0,1.0,0.0,0.0,1.0,0.0,0.0,0.5976,0.4024,,,,
ideal_e4_adapt_vqe_B4_no_measurement_ledger_seed71,adapt_vqe,adapt_style_larger_active_space,ideal,e4,71,,B4,ablation_restore,no_measurement_ledger,parallel_fs,parallel_fs,,0.0,1,12,"{'G0': True, 'GA': True, 'GB': True, 'GC': True, 'GD': False, 'GE': True, 'GF': True, 'GH': True}",replay,True,True,False,False,2026-03-22T06:00:09+00:00,2026-03-22T06:00:10+00:00,0.1.0,,,,,0.0,,,,,,,1.0,,0.022780195049407273,0.14625960786110775,0.0,1.0,0.0,0.0,1.0,0.0,0.0,0.5976,0.4024,,,,
ideal_e4_adapt_vqe_B4_no_measurement_ledger_seed83,adapt_vqe,adapt_style_larger_active_space,ideal,e4,83,,B4,ablation_restore,no_measurement_ledger,parallel_fs,parallel_fs,,0.0,1,12,"{'G0': True, 'GA': True, 'GB': True, 'GC': True, 'GD': False, 'GE': True, 'GF': True, 'GH': True}",replay,True,True,False,False,2026-03-28T06:15:24+00:00,2026-03-28T06:15:25+00:00,0.1.0,,,,,0.0,,,,,,,1.0,,0.03064796529485925,0.4207103747614477,0.0,1.0,0.0,0.0,1.0,0.0,0.0,0.5976,0.4024,,,,
ideal_e4_adapt_vqe_B4_no_measurement_ledger_seed97,adapt_vqe,adapt_style_larger_active_space,ideal,e4,97,,B4,ablation_restore,no_measurement_ledger,parallel_fs,parallel_fs,,0.0,1,12,"{'G0': True, 'GA': True, 'GB': True, 'GC': True, 'GD': False, 'GE': True, 'GF': True, 'GH': True}",replay,True,True,False,False,2026-03-09T18:17:50+00:00,2026-03-09T18:17:51+00:00,0.1.0,,,,,0.0,,,,,,,1.0,,0.03689686612772954,0.3795001234222455,0.0,1.0,0.0,0.0,1.0,0.0,0.0,0.5976,0.4024,,,,
ideal_e4_adapt_vqe_B4_no_measurement_ledger_seed101,adapt_vqe,adapt_style_larger_active_space,ideal,e4,101,,B4,ablation_restore,no_measurement_ledger,parallel_fs,parallel_fs,,0.0,1,12,"{'G0': True, 'GA': True, 'GB': True, 'GC': True, 'GD': False, 'GE': True, 'GF': True, 'GH': True}",replay,True,True,False,False,2026-03-23T02:50:13+00:00,2026-03-23T02:50:14+00:00,0.1.0,,,,,0.0,,,,,,,1.0,,0.02539719052464186,0.2996442269874895,0.0,1.0,0.0,0.0,1.0,0.0,0.0,0.5976,0.4024,,,,
ideal_e4_adapt_vqe_B4_no_measurement_ledger_seed107,adapt_vqe,adapt_style_larger_active_space,ideal,e4,107,,B4,ablation_restore,no_measurement_ledger,parallel_fs,parallel_fs,,0.0,1,12,"{'G0': True, 'GA': True, 'GB': True, 'GC': True, 'GD': False, 'GE': True, 'GF': True, 'GH': True}",replay,True,True,False,False,2026-03-13T20:35:32+00:00,2026-03-13T20:35:33+00:00,0.1.0,,,,,0.0,,,,,,,1.0,,0.04479052711490297,0.40107739506446727,0.0,1.0,0.0,0.0,1.0,0.0,0.0,0.5976,0.4024,,,,
ideal_e4_adapt_vqe_B4_no_measurement_ledger_seed113,adapt_vqe,adapt_style_larger_active_space,ideal,e4,113,,B4,ablation_restore,no_measurement_ledger,parallel_fs,parallel_fs,,0.0,1,12,"{'G0': True, 'GA': True, 'GB': True, 'GC': True, 'GD': False, 'GE': True, 'GF': True, 'GH': True}",replay,True,True,False,False,2026-03-30T03:20:35+00:00,2026-03-30T03:20:36+00:00,0.1.0,,,,,0.0,,,,,,,1.0,,0.021228079790214203,0.27752357568930214,0.0,1.0,0.0,0.0,1.0,0.0,0.0,0.5976,0.4024,,,,
ideal_e4_adapt_vqe_B4_no_estimation_mitigation_state_seed11,adapt_vqe,adapt_style_larger_active_space,ideal,e4,11,,B4,ablation_restore,no_estimation_mitigation_state,parallel_fs,parallel_fs,,0.0,1,12,"{'G0': True, 'GA': True, 'GB': True, 'GC': True, 'GD': True, 'GE': False, 'GF': True, 'GH': True}",replay,True,True,False,False,2026-03-27T11:19:09+00:00,2026-03-27T11:19:10.003277+00:00,0.1.0,,,,,0.0,,,,,,,1.0,,0.14510778665701646,0.14660153632523643,0.0032770217059594486,1.0,0.0,0.0,1.0,0.0,0.0,0.5616,0.4384,,,,
ideal_e4_adapt_vqe_B4_no_estimation_mitigation_state_seed17,adapt_vqe,adapt_style_larger_active_space,ideal,e4,17,,B4,ablation_restore,no_estimation_mitigation_state,parallel_fs,parallel_fs,,0.0,1,12,"{'G0': True, 'GA': True, 'GB': True, 'GC': True, 'GD': True, 'GE': False, 'GF': True, 'GH': True}",replay,True,True,False,False,2026-03-02T07:31:36+00:00,2026-03-02T07:31:37.003143+00:00,0.1.0,,,,,0.0,,,,,,,1.0,,0.1452277582489629,0.2664495010168101,0.0031428187497217763,1.0,0.0,0.0,1.0,0.0,0.0,0.5616,0.4384,,,,
ideal_e4_adapt_vqe_B4_no_estimation_mitigation_state_seed23,adapt_vqe,adapt_style_larger_active_space,ideal,e4,23,,B4,ablation_restore,no_estimation_mitigation_state,parallel_fs,parallel_fs,,0.0,1,12,"{'G0': True, 'GA': True, 'GB': True, 'GC': True, 'GD': True, 'GE': False, 'GF': True, 'GH': True}",replay,True,True,False,False,2026-03-17T23:53:57+00:00,2026-03-17T23:53:58.002886+00:00,0.1.0,,,,,0.0,,,,,,,1.0,,0.14641441298872648,0.49177802488683264,0.002885835824930183,1.0,0.0,0.0,1.0,0.0,0.0,0.5616,0.4384,,,,
ideal_e4_adapt_vqe_B4_no_estimation_mitigation_state_seed31,adapt_vqe,adapt_style_larger_active_space,ideal,e4,31,,B4,ablation_restore,no_estimation_mitigation_state,parallel_fs,parallel_fs,,0.0,1,12,"{'G0': True, 'GA': True, 'GB': True, 'GC': True, 'GD': True, 'GE': False, 'GF': True, 'GH': True}",replay,True,True,False,False,2026-03-27T02:52:47+00:00,2026-03-27T02:52:48.003113+00:00,0.1.0,,,,,0.0,,,,,,,1.0,,0.14366652971293267,0.41483671784208503,0.0031132138746343685,1.0,0.0,0.0,1.0,0.0,0.0,0.5616,0.4384,,,,
ideal_e4_adapt_vqe_B4_no_estimation_mitigation_state_seed43,adapt_vqe,adapt_style_larger_active_space,ideal,e4,43,,B4,ablation_restore,no_estimation_mitigation_state,parallel_fs,parallel_fs,,0.0,1,12,"{'G0': True, 'GA': True, 'GB': True, 'GC': True, 'GD': True, 'GE': False, 'GF': True, 'GH': True}",replay,True,True,False,False,2026-03-20T14:59:04+00:00,2026-03-20T14:59:05.003071+00:00,0.1.0,,,,,0.0,,,,,,,1.0,,0.1471403421967558,0.5054228520067722,0.0030707151892048756,1.0,0.0,0.0,1.0,0.0,0.0,0.5616,0.4384,,,,
ideal_e4_adapt_vqe_B4_no_estimation_mitigation_state_seed59,adapt_vqe,adapt_style_larger_active_space,ideal,e4,59,,B4,ablation_restore,no_estimation_mitigation_state,parallel_fs,parallel_fs,,0.0,1,12,"{'G0': True, 'GA': True, 'GB': True, 'GC': True, 'GD': True, 'GE': False, 'GF': True, 'GH': True}",replay,True,True,False,False,2026-03-23T14:42:14+00:00,2026-03-23T14:42:15.002485+00:00,0.1.0,,,,,0.0,,,,,,,1.0,,0.14481330438225445,0.4919014623672886,0.002485450726378957,1.0,0.0,0.0,1.0,0.0,0.0,0.5616,0.4384,,,,
ideal_e4_adapt_vqe_B4_no_estimation_mitigation_state_seed71,adapt_vqe,adapt_style_larger_active_space,ideal,e4,71,,B4,ablation_restore,no_estimation_mitigation_state,parallel_fs,parallel_fs,,0.0,1,12,"{'G0': True, 'GA': True, 'GB': True, 'GC': True, 'GD': True, 'GE': False, 'GF': True, 'GH': True}",replay,True,True,False,False,2026-03-20T06:30:49+00:00,2026-03-20T06:30:50.003222+00:00,0.1.0,,,,,0.0,,,,,,,1.0,,0.12666145716993027,0.1525043693545177,0.0032217459857992736,1.0,0.0,0.0,1.0,0.0,0.0,0.5616,0.4384,,,,
ideal_e4_adapt_vqe_B4_no_estimation_mitigation_state_seed83,adapt_vqe,adapt_style_larger_active_space,ideal,e4,83,,B4,ablation_restore,no_estimation_mitigation_state,parallel_fs,parallel_fs,,0.0,1,12,"{'G0': True, 'GA': True, 'GB': True, 'GC': True, 'GD': True, 'GE': False, 'GF': True, 'GH': True}",replay,True,True,False,False,2026-03-04T08:08:06+00:00,2026-03-04T08:08:07.003040+00:00,0.1.0,,,,,0.0,,,,,,,1.0,,0.14571042830257094,0.540695613553241,0.003040158796917325,1.0,0.0,0.0,1.0,0.0,0.0,0.5616,0.4384,,,,
ideal_e4_adapt_vqe_B4_no_estimation_mitigation_state_seed97,adapt_vqe,adapt_style_larger_active_space,ideal,e4,97,,B4,ablation_restore,no_estimation_mitigation_state,parallel_fs,parallel_fs,,0.0,1,12,"{'G0': True, 'GA': True, 'GB': True, 'GC': True, 'GD': True, 'GE': False, 'GF': True, 'GH': True}",replay,True,True,False,False,2026-03-20T20:40:20+00:00,2026-03-20T20:40:21.002911+00:00,0.1.0,,,,,0.0,,,,,,,1.0,,0.1365258688494732,0.489013330787099,0.002911337828473748,1.0,0.0,0.0,1.0,0.0,0.0,0.5616,0.4384,,,,
ideal_e4_adapt_vqe_B4_no_estimation_mitigation_state_seed101,adapt_vqe,adapt_style_larger_active_space,ideal,e4,101,,B4,ablation_restore,no_estimation_mitigation_state,parallel_fs,parallel_fs,,0.0,1,12,"{'G0': True, 'GA': True, 'GB': True, 'GC': True, 'GD': True, 'GE': False, 'GF': True, 'GH': True}",replay,True,True,False,False,2026-03-09T06:50:12+00:00,2026-03-09T06:50:13.003344+00:00,0.1.0,,,,,0.0,,,,,,,1.0,,0.14434711004260753,0.41552004290513467,0.0033435664741086057,1.0,0.0,0.0,1.0,0.0,0.0,0.5616,0.4384,,,,
ideal_e4_adapt_vqe_B4_no_estimation_mitigation_state_seed107,adapt_vqe,adapt_style_larger_active_space,ideal,e4,107,,B4,ablation_restore,no_estimation_mitigation_state,parallel_fs,parallel_fs,,0.0,1,12,"{'G0': True, 'GA': True, 'GB': True, 'GC': True, 'GD': True, 'GE': False, 'GF': True, 'GH': True}",replay,True,True,False,False,2026-03-19T16:17:01+00:00,2026-03-19T16:17:02.002042+00:00,0.1.0,,,,,0.0,,,,,,,1.0,,0.11167260791368885,0.5252082754908003,0.002041962412406839,1.0,0.0,0.0,1.0,0.0,0.0,0.5616,0.4384,,,,
ideal_e4_adapt_vqe_B4_no_estimation_mitigation_state_seed113,adapt_vqe,adapt_style_larger_active_space,ideal,e4,113,,B4,ablation_restore,no_estimation_mitigation_state,parallel_fs,parallel_fs,,0.0,1,12,"{'G0': True, 'GA': True, 'GB': True, 'GC': True, 'GD': True, 'GE': False, 'GF': True, 'GH': True}",replay,True,True,False,False,2026-03-24T18:24:37+00:00,2026-03-24T18:24:38.003092+00:00,0.1.0,,,,,0.0,,,,,,,1.0,,0.14368587145475742,0.3438868329852008,0.003091725764671871,1.0,0.0,0.0,1.0,0.0,0.0,0.5616,0.4384,,,,
ideal_e4_adapt_vqe_B4_no_backend_snapshot_seed11,adapt_vqe,adapt_style_larger_active_space,ideal,e4,11,,B4,ablation_restore,no_backend_snapshot,parallel_fs,parallel_fs,,0.0,1,12,"{'G0': True, 'GA': True, 'GB': True, 'GC': True, 'GD': True, 'GE': True, 'GF': False, 'GH': True}",replay,True,True,False,False,2026-03-01T22:34:03+00:00,2026-03-01T22:34:04+00:00,0.1.0,,,,,0.0,,,,,,,1.0,,0.02949134044543139,0.13120787997850825,0.0,1.0,0.0,0.0,1.0,0.0,0.0,0.5256000000000001,0.47439999999999993,,,,
ideal_e4_adapt_vqe_B4_no_backend_snapshot_seed17,adapt_vqe,adapt_style_larger_active_space,ideal,e4,17,,B4,ablation_restore,no_backend_snapshot,parallel_fs,parallel_fs,,0.0,1,12,"{'G0': True, 'GA': True, 'GB': True, 'GC': True, 'GD': True, 'GE': True, 'GF': False, 'GH': True}",replay,True,True,False,False,2026-03-24T14:55:07+00:00,2026-03-24T14:55:08+00:00,0.1.0,,,,,0.0,,,,,,,1.0,,0.03008802818870355,0.2246202838903179,0.0,1.0,0.0,0.0,1.0,0.0,0.0,0.5256000000000001,0.47439999999999993,,,,
ideal_e4_adapt_vqe_B4_no_backend_snapshot_seed23,adapt_vqe,adapt_style_larger_active_space,ideal,e4,23,,B4,ablation_restore,no_backend_snapshot,parallel_fs,parallel_fs,,0.0,1,12,"{'G0': True, 'GA': True, 'GB': True, 'GC': True, 'GD': True, 'GE': True, 'GF': False, 'GH': True}",replay,True,True,False,False,2026-03-07T00:50:50+00:00,2026-03-07T00:50:51+00:00,0.1.0,,,,,0.0,,,,,,,1.0,,0.03339660764513296,0.3787604687539663,0.0,1.0,0.0,0.0,1.0,0.0,0.0,0.5256000000000001,0.47439999999999993,,,,
ideal_e4_adapt_vqe_B4_no_backend_snapshot_seed31,adapt_vqe,adapt_style_larger_active_space,ideal,e4,31,,B4,ablation_restore,no_backend_snapshot,parallel_fs,parallel_fs,,0.0,1,12,"{'G0': True, 'GA': True, 'GB': True, 'GC': True, 'GD': True, 'GE': True, 'GF': False, 'GH': True}",replay,True,True,False,False,2026-03-27T15:03:30+00:00,2026-03-27T15:03:31+00:00,0.1.0,,,,,0.0,,,,,,,1.0,,0.020519495949501965,0.3299597153076593,0.0,1.0,0.0,0.0,1.0,0.0,0.0,0.5256000000000001,0.47439999999999993,,,,
ideal_e4_adapt_vqe_B4_no_backend_snapshot_seed43,adapt_vqe,adapt_style_larger_active_space,ideal,e4,43,,B4,ablation_restore,no_backend_snapshot,parallel_fs,parallel_fs,,0.0,1,12,"{'G0': True, 'GA': True, 'GB': True, 'GC': True, 'GD': True, 'GE': True, 'GF': False, 'GH': True}",replay,True,True,False,False,2026-03-23T03:33:57+00:00,2026-03-23T03:33:58+00:00,0.1.0,,,,,0.0,,,,,,,1.0,,0.03799413768808254,0.39659953442329643,0.0,1.0,0.0,0.0,1.0,0.0,0.0,0.5256000000000001,0.47439999999999993,,,,
ideal_e4_adapt_vqe_B4_no_backend_snapshot_seed59,adapt_vqe,adapt_style_larger_active_space,ideal,e4,59,,B4,ablation_restore,no_backend_snapshot,parallel_fs,parallel_fs,,0.0,1,12,"{'G0': True, 'GA': True, 'GB': True, 'GC': True, 'GD': True, 'GE': True, 'GF': False, 'GH': True}",replay,True,True,False,False,2026-03-03T17:10:17+00:00,2026-03-03T17:10:18+00:00,0.1.0,,,,,0.0,,,,,,,1.0,,0.02653016457871621,0.37957383457228355,0.0,1.0,0.0,0.0,1.0,0.0,0.0,0.5256000000000001,0.47439999999999993,,,,
ideal_e4_adapt_vqe_B4_no_backend_snapshot_seed71,adapt_vqe,adapt_style_larger_active_space,ideal,e4,71,,B4,ablation_restore,no_backend_snapshot,parallel_fs,parallel_fs,,0.0,1,12,"{'G0': True, 'GA': True, 'GB': True, 'GC': True, 'GD': True, 'GE': True, 'GF': False, 'GH': True}",replay,True,True,False,False,2026-03-23T02:16:06+00:00,2026-03-23T02:16:07+00:00,0.1.0,,,,,0.0,,,,,,,1.0,,0.022780195049407273,0.14625960786110775,0.0,1.0,0.0,0.0,1.0,0.0,0.0,0.5256000000000001,0.47439999999999993,,,,
ideal_e4_adapt_vqe_B4_no_backend_snapshot_seed83,adapt_vqe,adapt_style_larger_active_space,ideal,e4,83,,B4,ablation_restore,no_backend_snapshot,parallel_fs,parallel_fs,,0.0,1,12,"{'G0': True, 'GA': True, 'GB': True, 'GC': True, 'GD': True, 'GE': True, 'GF': False, 'GH': True}",replay,True,True,False,False,2026-03-04T14:24:44+00:00,2026-03-04T14:24:45+00:00,0.1.0,,,,,0.0,,,,,,,1.0,,0.03064796529485925,0.4207103747614477,0.0,1.0,0.0,0.0,1.0,0.0,0.0,0.5256000000000001,0.47439999999999993,,,,
ideal_e4_adapt_vqe_B4_no_backend_snapshot_seed97,adapt_vqe,adapt_style_larger_active_space,ideal,e4,97,,B4,ablation_restore,no_backend_snapshot,parallel_fs,parallel_fs,,0.0,1,12,"{'G0': True, 'GA': True, 'GB': True, 'GC': True, 'GD': True, 'GE': True, 'GF': False, 'GH': True}",replay,True,True,False,False,2026-03-02T05:19:09+00:00,2026-03-02T05:19:10+00:00,0.1.0,,,,,0.0,,,,,,,1.0,,0.03689686612772954,0.3795001234222455,0.0,1.0,0.0,0.0,1.0,0.0,0.0,0.5256000000000001,0.47439999999999993,,,,
ideal_e4_adapt_vqe_B4_no_backend_snapshot_seed101,adapt_vqe,adapt_style_larger_active_space,ideal,e4,101,,B4,ablation_restore,no_backend_snapshot,parallel_fs,parallel_fs,,0.0,1,12,"{'G0': True, 'GA': True, 'GB': True, 'GC': True, 'GD': True, 'GE': True, 'GF': False, 'GH': True}",replay,True,True,False,False,2026-03-25T20:01:40+00:00,2026-03-25T20:01:41+00:00,0.1.0,,,,,0.0,,,,,,,1.0,,0.02539719052464186,0.2996442269874895,0.0,1.0,0.0,0.0,1.0,0.0,0.0,0.5256000000000001,0.47439999999999993,,,,
ideal_e4_adapt_vqe_B4_no_backend_snapshot_seed107,adapt_vqe,adapt_style_larger_active_space,ideal,e4,107,,B4,ablation_restore,no_backend_snapshot,parallel_fs,parallel_fs,,0.0,1,12,"{'G0': True, 'GA': True, 'GB': True, 'GC': True, 'GD': True, 'GE': True, 'GF': False, 'GH': True}",replay,True,True,False,False,2026-03-03T09:28:20+00:00,2026-03-03T09:28:21+00:00,0.1.0,,,,,0.0,,,,,,,1.0,,0.04479052711490297,0.40107739506446727,0.0,1.0,0.0,0.0,1.0,0.0,0.0,0.5256000000000001,0.47439999999999993,,,,
ideal_e4_adapt_vqe_B4_no_backend_snapshot_seed113,adapt_vqe,adapt_style_larger_active_space,ideal,e4,113,,B4,ablation_restore,no_backend_snapshot,parallel_fs,parallel_fs,,0.0,1,12,"{'G0': True, 'GA': True, 'GB': True, 'GC': True, 'GD': True, 'GE': True, 'GF': False, 'GH': True}",replay,True,True,False,False,2026-03-02T09:01:02+00:00,2026-03-02T09:01:03+00:00,0.1.0,,,,,0.0,,,,,,,1.0,,0.021228079790214203,0.27752357568930214,0.0,1.0,0.0,0.0,1.0,0.0,0.0,0.5256000000000001,0.47439999999999993,,,,
ideal_e4_adapt_vqe_B4_no_geometry_seed11,adapt_vqe,adapt_style_larger_active_space,ideal,e4,11,,B4,ablation_restore,no_geometry,parallel_fs,parallel_fs,,0.0,1,12,"{'G0': True, 'GA': True, 'GB': True, 'GC': True, 'GD': True, 'GE': True, 'GF': True, 'GH': False}",replay,False,False,True,False,2026-03-16T01:57:22+00:00,2026-03-16T01:57:23.002460+00:00,0.1.0,,,,,0.0,,,,,,,0.0,,0.02400183777524907,0.6807714522598525,0.002460090586512642,0.0,1.0,0.0,1.0,0.0,0.0,0.5256000000000001,0.47439999999999993,,,,
ideal_e4_adapt_vqe_B4_no_geometry_seed17,adapt_vqe,adapt_style_larger_active_space,ideal,e4,17,,B4,ablation_restore,no_geometry,parallel_fs,parallel_fs,,0.0,1,12,"{'G0': True, 'GA': True, 'GB': True, 'GC': True, 'GD': True, 'GE': True, 'GF': True, 'GH': False}",replay,False,False,True,False,2026-03-30T00:45:14+00:00,2026-03-30T00:45:15.002669+00:00,0.1.0,,,,,0.0,,,,,,,0.0,,0.020997670645299935,0.21753599937798093,0.002669217624331921,0.0,1.0,0.0,1.0,0.0,0.0,0.5256000000000001,0.47439999999999993,,,,
ideal_e4_adapt_vqe_B4_no_geometry_seed23,adapt_vqe,adapt_style_larger_active_space,ideal,e4,23,,B4,ablation_restore,no_geometry,parallel_fs,parallel_fs,,0.0,1,12,"{'G0': True, 'GA': True, 'GB': True, 'GC': True, 'GD': True, 'GE': True, 'GF': True, 'GH': False}",replay,True,True,False,False,2026-03-10T01:51:47+00:00,2026-03-10T01:51:48.004952+00:00,0.1.0,,,,,0.0,,,,,,,1.0,,0.03600991893314003,0.4230611098682507,0.00495238014698085,1.0,0.0,0.0,1.0,0.0,0.0,0.5256000000000001,0.47439999999999993,,,,
ideal_e4_adapt_vqe_B4_no_geometry_seed31,adapt_vqe,adapt_style_larger_active_space,ideal,e4,31,,B4,ablation_restore,no_geometry,parallel_fs,parallel_fs,,0.0,1,12,"{'G0': True, 'GA': True, 'GB': True, 'GC': True, 'GD': True, 'GE': True, 'GF': True, 'GH': False}",replay,True,True,False,False,2026-03-07T15:15:30+00:00,2026-03-07T15:15:31.003866+00:00,0.1.0,,,,,0.0,,,,,,,1.0,,0.011087463371718958,0.14661734655611003,0.0038655324019654103,1.0,0.0,0.0,1.0,0.0,0.0,0.5256000000000001,0.47439999999999993,,,,
ideal_e4_adapt_vqe_B4_no_geometry_seed43,adapt_vqe,adapt_style_larger_active_space,ideal,e4,43,,B4,ablation_restore,no_geometry,parallel_fs,parallel_fs,,0.0,1,12,"{'G0': True, 'GA': True, 'GB': True, 'GC': True, 'GD': True, 'GE': True, 'GF': True, 'GH': False}",replay,True,True,False,False,2026-03-21T22:04:28+00:00,2026-03-21T22:04:29.003753+00:00,0.1.0,,,,,0.0,,,,,,,1.0,,0.02869792820778911,0.1915429536996525,0.0037527504952148405,1.0,0.0,0.0,1.0,0.0,0.0,0.5256000000000001,0.47439999999999993,,,,
ideal_e4_adapt_vqe_B4_no_geometry_seed59,adapt_vqe,adapt_style_larger_active_space,ideal,e4,59,,B4,ablation_restore,no_geometry,parallel_fs,parallel_fs,,0.0,1,12,"{'G0': True, 'GA': True, 'GB': True, 'GC': True, 'GD': True, 'GE': True, 'GF': True, 'GH': False}",replay,True,True,False,False,2026-03-01T13:31:46+00:00,2026-03-01T13:31:47.005173+00:00,0.1.0,,,,,0.0,,,,,,,1.0,,0.038816268744329994,0.532432969484972,0.005173132780361023,1.0,0.0,0.0,1.0,0.0,0.0,0.5256000000000001,0.47439999999999993,,,,
ideal_e4_adapt_vqe_B4_no_geometry_seed71,adapt_vqe,adapt_style_larger_active_space,ideal,e4,71,,B4,ablation_restore,no_geometry,parallel_fs,parallel_fs,,0.0,1,12,"{'G0': True, 'GA': True, 'GB': True, 'GC': True, 'GD': True, 'GE': True, 'GF': True, 'GH': False}",replay,False,False,True,False,2026-03-24T15:54:59+00:00,2026-03-24T15:55:00.001901+00:00,0.1.0,,,,,0.0,,,,,,,0.0,,0.02922282738646459,0.5753566476781174,0.0019011064009131218,0.0,1.0,0.0,1.0,0.0,0.0,0.5256000000000001,0.47439999999999993,,,,
ideal_e4_adapt_vqe_B4_no_geometry_seed83,adapt_vqe,adapt_style_larger_active_space,ideal,e4,83,,B4,ablation_restore,no_geometry,parallel_fs,parallel_fs,,0.0,1,12,"{'G0': True, 'GA': True, 'GB': True, 'GC': True, 'GD': True, 'GE': True, 'GF': True, 'GH': False}",replay,True,True,False,False,2026-03-16T22:08:48+00:00,2026-03-16T22:08:49.004193+00:00,0.1.0,,,,,0.0,,,,,,,1.0,,0.026532997750747158,0.42120255581191024,0.004192586212962368,1.0,0.0,0.0,1.0,0.0,0.0,0.5256000000000001,0.47439999999999993,,,,
ideal_e4_adapt_vqe_B4_no_geometry_seed97,adapt_vqe,adapt_style_larger_active_space,ideal,e4,97,,B4,ablation_restore,no_geometry,parallel_fs,parallel_fs,,0.0,1,12,"{'G0': True, 'GA': True, 'GB': True, 'GC': True, 'GD': True, 'GE': True, 'GF': True, 'GH': False}",replay,True,True,False,False,2026-03-18T13:43:12+00:00,2026-03-18T13:43:13.004881+00:00,0.1.0,,,,,0.0,,,,,,,1.0,,0.032719773070924246,0.40504514033580785,0.004880824509019277,1.0,0.0,0.0,1.0,0.0,0.0,0.5256000000000001,0.47439999999999993,,,,
ideal_e4_adapt_vqe_B4_no_geometry_seed101,adapt_vqe,adapt_style_larger_active_space,ideal,e4,101,,B4,ablation_restore,no_geometry,parallel_fs,parallel_fs,,0.0,1,12,"{'G0': True, 'GA': True, 'GB': True, 'GC': True, 'GD': True, 'GE': True, 'GF': True, 'GH': False}",replay,False,False,True,False,2026-03-29T16:41:57+00:00,2026-03-29T16:41:58.001743+00:00,0.1.0,,,,,0.0,,,,,,,0.0,,0.027735951495603706,0.5447387888587318,0.001743305525098826,0.0,1.0,0.0,1.0,0.0,0.0,0.5256000000000001,0.47439999999999993,,,,
ideal_e4_adapt_vqe_B4_no_geometry_seed107,adapt_vqe,adapt_style_larger_active_space,ideal,e4,107,,B4,ablation_restore,no_geometry,parallel_fs,parallel_fs,,0.0,1,12,"{'G0': True, 'GA': True, 'GB': True, 'GC': True, 'GD': True, 'GE': True, 'GF': True, 'GH': False}",replay,True,True,False,False,2026-03-16T02:28:53+00:00,2026-03-16T02:28:54.004677+00:00,0.1.0,,,,,0.0,,,,,,,1.0,,0.0685669788513796,0.5644378359922166,0.0046770205674295795,1.0,0.0,0.0,1.0,0.0,0.0,0.5256000000000001,0.47439999999999993,,,,
ideal_e4_adapt_vqe_B4_no_geometry_seed113,adapt_vqe,adapt_style_larger_active_space,ideal,e4,113,,B4,ablation_restore,no_geometry,parallel_fs,parallel_fs,,0.0,1,12,"{'G0': True, 'GA': True, 'GB': True, 'GC': True, 'GD': True, 'GE': True, 'GF': True, 'GH': False}",replay,True,True,False,False,2026-03-16T00:52:36+00:00,2026-03-16T00:52:37.003562+00:00,0.1.0,,,,,0.0,,,,,,,1.0,,0.018161663708493214,0.10470855823442093,0.0035619805207609545,1.0,0.0,0.0,1.0,0.0,0.0,0.5256000000000001,0.47439999999999993,,,,
ideal_e4_adapt_vqe_B4_no_adapt_history_seed11,adapt_vqe,adapt_style_larger_active_space,ideal,e4,11,,B4,ablation_restore,no_adapt_history,parallel_fs,parallel_fs,,0.0,1,12,"{'G0': True, 'GA': False, 'GB': True, 'GC': True, 'GD': True, 'GE': True, 'GF': True, 'GH': True}",replay,False,False,True,False,2026-03-04T04:42:39+00:00,2026-03-04T04:42:40+00:00,0.1.0,,,,,0.0,,,,,,,0.0,,0.07314068144198323,1.5214550128689632,0.0,0.0,1.0,0.0,1.0,0.0,0.0,0.4536,0.5464,,,,
ideal_e4_adapt_vqe_B4_no_adapt_history_seed17,adapt_vqe,adapt_style_larger_active_space,ideal,e4,17,,B4,ablation_restore,no_adapt_history,parallel_fs,parallel_fs,,0.0,1,12,"{'G0': True, 'GA': False, 'GB': True, 'GC': True, 'GD': True, 'GE': True, 'GF': True, 'GH': True}",replay,False,False,True,False,2026-03-08T04:22:13+00:00,2026-03-08T04:22:14+00:00,0.1.0,,,,,0.0,,,,,,,0.0,,0.11551922494126546,0.8962025027752567,0.0,0.0,1.0,0.0,1.0,0.0,0.0,0.4536,0.5464,,,,
ideal_e4_adapt_vqe_B4_no_adapt_history_seed23,adapt_vqe,adapt_style_larger_active_space,ideal,e4,23,,B4,ablation_restore,no_adapt_history,parallel_fs,parallel_fs,,0.0,1,12,"{'G0': True, 'GA': False, 'GB': True, 'GC': True, 'GD': True, 'GE': True, 'GF': True, 'GH': True}",replay,False,False,True,False,2026-03-24T04:15:14+00:00,2026-03-24T04:15:15.028870+00:00,0.1.0,,,,,0.0,,,,,,,0.0,,0.06495378466734154,0.8547166935885883,0.02886978209481672,0.0,1.0,0.0,1.0,0.0,0.0,0.4536,0.5464,,,,
ideal_e4_adapt_vqe_B4_no_adapt_history_seed31,adapt_vqe,adapt_style_larger_active_space,ideal,e4,31,,B4,ablation_restore,no_adapt_history,parallel_fs,parallel_fs,,0.0,1,12,"{'G0': True, 'GA': False, 'GB': True, 'GC': True, 'GD': True, 'GE': True, 'GF': True, 'GH': True}",replay,False,False,True,False,2026-03-16T04:01:05+00:00,2026-03-16T04:01:06+00:00,0.1.0,,,,,0.0,,,,,,,0.0,,0.06310670836252188,0.783281656598801,0.0,0.0,1.0,0.0,1.0,0.0,0.0,0.4536,0.5464,,,,
ideal_e4_adapt_vqe_B4_no_adapt_history_seed43,adapt_vqe,adapt_style_larger_active_space,ideal,e4,43,,B4,ablation_restore,no_adapt_history,parallel_fs,parallel_fs,,0.0,1,12,"{'G0': True, 'GA': False, 'GB': True, 'GC': True, 'GD': True, 'GE': True, 'GF': True, 'GH': True}",replay,False,False,True,False,2026-03-20T11:06:51+00:00,2026-03-20T11:06:52+00:00,0.1.0,,,,,0.0,,,,,,,0.0,,0.0965428234763448,0.5488749683256281,0.0,0.0,1.0,0.0,1.0,0.0,0.0,0.4536,0.5464,,,,
ideal_e4_adapt_vqe_B4_no_adapt_history_seed59,adapt_vqe,adapt_style_larger_active_space,ideal,e4,59,,B4,ablation_restore,no_adapt_history,parallel_fs,parallel_fs,,0.0,1,12,"{'G0': True, 'GA': False, 'GB': True, 'GC': True, 'GD': True, 'GE': True, 'GF': True, 'GH': True}",replay,False,False,True,False,2026-03-24T10:11:54+00:00,2026-03-24T10:11:55.014714+00:00,0.1.0,,,,,0.0,,,,,,,0.0,,0.09818742522987962,0.679184902591338,0.014713517318666547,0.0,1.0,0.0,1.0,0.0,0.0,0.4536,0.5464,,,,
ideal_e4_adapt_vqe_B4_no_adapt_history_seed71,adapt_vqe,adapt_style_larger_active_space,ideal,e4,71,,B4,ablation_restore,no_adapt_history,parallel_fs,parallel_fs,,0.0,1,12,"{'G0': True, 'GA': False, 'GB': True, 'GC': True, 'GD': True, 'GE': True, 'GF': True, 'GH': True}",replay,False,False,True,False,2026-03-13T05:48:05+00:00,2026-03-13T05:48:06+00:00,0.1.0,,,,,0.0,,,,,,,0.0,,0.1672490300807628,0.975607327620911,0.0,0.0,1.0,0.0,1.0,0.0,0.0,0.4536,0.5464,,,,
ideal_e4_adapt_vqe_B4_no_adapt_history_seed83,adapt_vqe,adapt_style_larger_active_space,ideal,e4,83,,B4,ablation_restore,no_adapt_history,parallel_fs,parallel_fs,,0.0,1,12,"{'G0': True, 'GA': False, 'GB': True, 'GC': True, 'GD': True, 'GE': True, 'GF': True, 'GH': True}",replay,False,False,True,False,2026-03-26T15:42:48+00:00,2026-03-26T15:42:49.011141+00:00,0.1.0,,,,,0.0,,,,,,,0.0,,0.0663406414231928,0.6123687493954563,0.011141137820400715,0.0,1.0,0.0,1.0,0.0,0.0,0.4536,0.5464,,,,
ideal_e4_adapt_vqe_B4_no_adapt_history_seed97,adapt_vqe,adapt_style_larger_active_space,ideal,e4,97,,B4,ablation_restore,no_adapt_history,parallel_fs,parallel_fs,,0.0,1,12,"{'G0': True, 'GA': False, 'GB': True, 'GC': True, 'GD': True, 'GE': True, 'GF': True, 'GH': True}",replay,False,False,True,False,2026-03-16T03:15:13+00:00,2026-03-16T03:15:14.018576+00:00,0.1.0,,,,,0.0,,,,,,,0.0,,0.06934486984211566,0.7616523050818078,0.01857626296637349,0.0,1.0,0.0,1.0,0.0,0.0,0.4536,0.5464,,,,
ideal_e4_adapt_vqe_B4_no_adapt_history_seed101,adapt_vqe,adapt_style_larger_active_space,ideal,e4,101,,B4,ablation_restore,no_adapt_history,parallel_fs,parallel_fs,,0.0,1,12,"{'G0': True, 'GA': False, 'GB': True, 'GC': True, 'GD': True, 'GE': True, 'GF': True, 'GH': True}",replay,False,False,True,False,2026-03-28T19:57:41+00:00,2026-03-28T19:57:42+00:00,0.1.0,,,,,0.0,,,,,,,0.0,,0.15321408372366055,1.1587731558804686,0.0,0.0,1.0,0.0,1.0,0.0,0.0,0.4536,0.5464,,,,
ideal_e4_adapt_vqe_B4_no_adapt_history_seed107,adapt_vqe,adapt_style_larger_active_space,ideal,e4,107,,B4,ablation_restore,no_adapt_history,parallel_fs,parallel_fs,,0.0,1,12,"{'G0': True, 'GA': False, 'GB': True, 'GC': True, 'GD': True, 'GE': True, 'GF': True, 'GH': True}",replay,False,False,True,False,2026-03-03T11:32:15+00:00,2026-03-03T11:32:16.031536+00:00,0.1.0,,,,,0.0,,,,,,,0.0,,0.11340745847423228,0.6870446306186474,0.031535742670778966,0.0,1.0,0.0,1.0,0.0,0.0,0.4536,0.5464,,,,
ideal_e4_adapt_vqe_B4_no_adapt_history_seed113,adapt_vqe,adapt_style_larger_active_space,ideal,e4,113,,B4,ablation_restore,no_adapt_history,parallel_fs,parallel_fs,,0.0,1,12,"{'G0': True, 'GA': False, 'GB': True, 'GC': True, 'GD': True, 'GE': True, 'GF': True, 'GH': True}",replay,False,False,True,False,2026-03-25T22:16:12+00:00,2026-03-25T22:16:13.013507+00:00,0.1.0,,,,,0.0,,,,,,,0.0,,0.06725520207097214,1.1475625510586571,0.013507471069361898,0.0,1.0,0.0,1.0,0.0,0.0,0.4536,0.5464,,,,
ideal_e4_adapt_vqe_B5_full_contract_seed11,adapt_vqe,adapt_style_larger_active_space,ideal,e4,11,,B5,ablation_restore,full_contract,parallel_fs,parallel_fs,source->target,0.25,1,12,"{'G0': True, 'GA': True, 'GB': True, 'GC': True, 'GD': True, 'GE': True, 'GF': True, 'GH': True}",migration,True,True,False,False,2026-03-27T23:03:28+00:00,2026-03-27T23:03:29.031050+00:00,0.1.0,,,,,0.031049999999999998,,,,,,,1.0,,0.02949134044543139,0.13120787997850825,0.0,1.0,0.0,0.0,0.0,1.0,0.0,0.84,0.16000000000000003,,,,
ideal_e4_adapt_vqe_B5_full_contract_seed17,adapt_vqe,adapt_style_larger_active_space,ideal,e4,17,,B5,ablation_restore,full_contract,parallel_fs,parallel_fs,source->target,0.25,1,12,"{'G0': True, 'GA': True, 'GB': True, 'GC': True, 'GD': True, 'GE': True, 'GF': True, 'GH': True}",migration,True,True,False,False,2026-03-16T07:28:30+00:00,2026-03-16T07:28:31.031050+00:00,0.1.0,,,,,0.031049999999999998,,,,,,,1.0,,0.03008802818870355,0.2246202838903179,0.0,1.0,0.0,0.0,0.0,1.0,0.0,0.84,0.16000000000000003,,,,
ideal_e4_adapt_vqe_B5_full_contract_seed23,adapt_vqe,adapt_style_larger_active_space,ideal,e4,23,,B5,ablation_restore,full_contract,parallel_fs,parallel_fs,source->target,0.25,1,12,"{'G0': True, 'GA': True, 'GB': True, 'GC': True, 'GD': True, 'GE': True, 'GF': True, 'GH': True}",migration,True,True,False,False,2026-03-12T11:29:56+00:00,2026-03-12T11:29:57.031050+00:00,0.1.0,,,,,0.031049999999999998,,,,,,,1.0,,0.03339660764513296,0.3787604687539663,0.0,1.0,0.0,0.0,0.0,1.0,0.0,0.84,0.16000000000000003,,,,
ideal_e4_adapt_vqe_B5_full_contract_seed31,adapt_vqe,adapt_style_larger_active_space,ideal,e4,31,,B5,ablation_restore,full_contract,parallel_fs,parallel_fs,source->target,0.25,1,12,"{'G0': True, 'GA': True, 'GB': True, 'GC': True, 'GD': True, 'GE': True, 'GF': True, 'GH': True}",migration,True,True,False,False,2026-03-06T22:51:26+00:00,2026-03-06T22:51:27.031050+00:00,0.1.0,,,,,0.031049999999999998,,,,,,,1.0,,0.020519495949501965,0.3299597153076593,0.0,1.0,0.0,0.0,0.0,1.0,0.0,0.84,0.16000000000000003,,,,
ideal_e4_adapt_vqe_B5_full_contract_seed43,adapt_vqe,adapt_style_larger_active_space,ideal,e4,43,,B5,ablation_restore,full_contract,parallel_fs,parallel_fs,source->target,0.25,1,12,"{'G0': True, 'GA': True, 'GB': True, 'GC': True, 'GD': True, 'GE': True, 'GF': True, 'GH': True}",migration,True,True,False,False,2026-03-01T09:27:20+00:00,2026-03-01T09:27:21.031050+00:00,0.1.0,,,,,0.031049999999999998,,,,,,,1.0,,0.03799413768808254,0.39659953442329643,0.0,1.0,0.0,0.0,0.0,1.0,0.0,0.84,0.16000000000000003,,,,
ideal_e4_adapt_vqe_B5_full_contract_seed59,adapt_vqe,adapt_style_larger_active_space,ideal,e4,59,,B5,ablation_restore,full_contract,parallel_fs,parallel_fs,source->target,0.25,1,12,"{'G0': True, 'GA': True, 'GB': True, 'GC': True, 'GD': True, 'GE': True, 'GF': True, 'GH': True}",migration,True,True,False,False,2026-03-10T19:14:26+00:00,2026-03-10T19:14:27.031050+00:00,0.1.0,,,,,0.031049999999999998,,,,,,,1.0,,0.02653016457871621,0.37957383457228355,0.0,1.0,0.0,0.0,0.0,1.0,0.0,0.84,0.16000000000000003,,,,
ideal_e4_adapt_vqe_B5_full_contract_seed71,adapt_vqe,adapt_style_larger_active_space,ideal,e4,71,,B5,ablation_restore,full_contract,parallel_fs,parallel_fs,source->target,0.25,1,12,"{'G0': True, 'GA': True, 'GB': True, 'GC': True, 'GD': True, 'GE': True, 'GF': True, 'GH': True}",migration,True,True,False,False,2026-03-14T10:49:33+00:00,2026-03-14T10:49:34.031050+00:00,0.1.0,,,,,0.031049999999999998,,,,,,,1.0,,0.022780195049407273,0.14625960786110775,0.0,1.0,0.0,0.0,0.0,1.0,0.0,0.84,0.16000000000000003,,,,
ideal_e4_adapt_vqe_B5_full_contract_seed83,adapt_vqe,adapt_style_larger_active_space,ideal,e4,83,,B5,ablation_restore,full_contract,parallel_fs,parallel_fs,source->target,0.25,1,12,"{'G0': True, 'GA': True, 'GB': True, 'GC': True, 'GD': True, 'GE': True, 'GF': True, 'GH': True}",migration,True,True,False,False,2026-03-06T07:07:52+00:00,2026-03-06T07:07:53.031050+00:00,0.1.0,,,,,0.031049999999999998,,,,,,,1.0,,0.03064796529485925,0.4207103747614477,0.0,1.0,0.0,0.0,0.0,1.0,0.0,0.84,0.16000000000000003,,,,
ideal_e4_adapt_vqe_B5_full_contract_seed97,adapt_vqe,adapt_style_larger_active_space,ideal,e4,97,,B5,ablation_restore,full_contract,parallel_fs,parallel_fs,source->target,0.25,1,12,"{'G0': True, 'GA': True, 'GB': True, 'GC': True, 'GD': True, 'GE': True, 'GF': True, 'GH': True}",migration,True,True,False,False,2026-03-06T15:06:08+00:00,2026-03-06T15:06:09.031050+00:00,0.1.0,,,,,0.031049999999999998,,,,,,,1.0,,0.03689686612772954,0.3795001234222455,0.0,1.0,0.0,0.0,0.0,1.0,0.0,0.84,0.16000000000000003,,,,
ideal_e4_adapt_vqe_B5_full_contract_seed101,adapt_vqe,adapt_style_larger_active_space,ideal,e4,101,,B5,ablation_restore,full_contract,parallel_fs,parallel_fs,source->target,0.25,1,12,"{'G0': True, 'GA': True, 'GB': True, 'GC': True, 'GD': True, 'GE': True, 'GF': True, 'GH': True}",migration,True,True,False,False,2026-03-18T07:35:31+00:00,2026-03-18T07:35:32.031050+00:00,0.1.0,,,,,0.031049999999999998,,,,,,,1.0,,0.02539719052464186,0.2996442269874895,0.0,1.0,0.0,0.0,0.0,1.0,0.0,0.84,0.16000000000000003,,,,
ideal_e4_adapt_vqe_B5_full_contract_seed107,adapt_vqe,adapt_style_larger_active_space,ideal,e4,107,,B5,ablation_restore,full_contract,parallel_fs,parallel_fs,source->target,0.25,1,12,"{'G0': True, 'GA': True, 'GB': True, 'GC': True, 'GD': True, 'GE': True, 'GF': True, 'GH': True}",migration,True,True,False,False,2026-03-14T01:15:44+00:00,2026-03-14T01:15:45.031050+00:00,0.1.0,,,,,0.031049999999999998,,,,,,,1.0,,0.04479052711490297,0.40107739506446727,0.0,1.0,0.0,0.0,0.0,1.0,0.0,0.84,0.16000000000000003,,,,
ideal_e4_adapt_vqe_B5_full_contract_seed113,adapt_vqe,adapt_style_larger_active_space,ideal,e4,113,,B5,ablation_restore,full_contract,parallel_fs,parallel_fs,source->target,0.25,1,12,"{'G0': True, 'GA': True, 'GB': True, 'GC': True, 'GD': True, 'GE': True, 'GF': True, 'GH': True}",migration,True,True,False,False,2026-03-01T15:52:57+00:00,2026-03-01T15:52:58.031050+00:00,0.1.0,,,,,0.031049999999999998,,,,,,,1.0,,0.021228079790214203,0.27752357568930214,0.0,1.0,0.0,0.0,0.0,1.0,0.0,0.84,0.16000000000000003,,,,
ideal_e4_adapt_vqe_B5_no_optimizer_memory_seed11,adapt_vqe,adapt_style_larger_active_space,ideal,e4,11,,B5,ablation_restore,no_optimizer_memory,parallel_fs,parallel_fs,source->target,0.25,1,12,"{'G0': True, 'GA': True, 'GB': False, 'GC': True, 'GD': True, 'GE': True, 'GF': True, 'GH': True}",migration,True,True,False,False,2026-03-22T00:59:01+00:00,2026-03-22T00:59:02.031050+00:00,0.1.0,,,,,0.031049999999999998,,,,,,,1.0,,0.041643586699552516,0.13857479024787006,0.0,1.0,0.0,0.0,0.0,1.0,0.0,0.672,0.32799999999999996,,,,
ideal_e4_adapt_vqe_B5_no_optimizer_memory_seed17,adapt_vqe,adapt_style_larger_active_space,ideal,e4,17,,B5,ablation_restore,no_optimizer_memory,parallel_fs,parallel_fs,source->target,0.25,1,12,"{'G0': True, 'GA': True, 'GB': False, 'GC': True, 'GD': True, 'GE': True, 'GF': True, 'GH': True}",block,False,False,False,True,2026-03-24T17:24:51+00:00,2026-03-24T17:24:52.031050+00:00,0.1.0,,,,,0.031049999999999998,,,,,,,0.0,,1.0,0.0,0.0,0.0,0.0,1.0,0.0,0.0,1.0,0.2016,0.7984,,,,
ideal_e4_adapt_vqe_B5_no_optimizer_memory_seed23,adapt_vqe,adapt_style_larger_active_space,ideal,e4,23,,B5,ablation_restore,no_optimizer_memory,parallel_fs,parallel_fs,source->target,0.25,1,12,"{'G0': True, 'GA': True, 'GB': False, 'GC': True, 'GD': True, 'GE': True, 'GF': True, 'GH': True}",block,False,False,False,True,2026-03-29T23:21:42+00:00,2026-03-29T23:21:43.031050+00:00,0.1.0,,,,,0.031049999999999998,,,,,,,0.0,,1.0,0.0,0.0,0.0,0.0,1.0,0.0,0.0,1.0,0.2016,0.7984,,,,
ideal_e4_adapt_vqe_B5_no_optimizer_memory_seed31,adapt_vqe,adapt_style_larger_active_space,ideal,e4,31,,B5,ablation_restore,no_optimizer_memory,parallel_fs,parallel_fs,source->target,0.25,1,12,"{'G0': True, 'GA': True, 'GB': False, 'GC': True, 'GD': True, 'GE': True, 'GF': True, 'GH': True}",block,False,False,False,True,2026-03-19T15:33:30+00:00,2026-03-19T15:33:31.031050+00:00,0.1.0,,,,,0.031049999999999998,,,,,,,0.0,,1.0,0.0,0.0,0.0,0.0,1.0,0.0,0.0,1.0,0.2016,0.7984,,,,
ideal_e4_adapt_vqe_B5_no_optimizer_memory_seed43,adapt_vqe,adapt_style_larger_active_space,ideal,e4,43,,B5,ablation_restore,no_optimizer_memory,parallel_fs,parallel_fs,source->target,0.25,1,12,"{'G0': True, 'GA': True, 'GB': False, 'GC': True, 'GD': True, 'GE': True, 'GF': True, 'GH': True}",block,False,False,False,True,2026-03-27T03:07:41+00:00,2026-03-27T03:07:42.031050+00:00,0.1.0,,,,,0.031049999999999998,,,,,,,0.0,,1.0,0.0,0.0,0.0,0.0,1.0,0.0,0.0,1.0,0.2016,0.7984,,,,
ideal_e4_adapt_vqe_B5_no_optimizer_memory_seed59,adapt_vqe,adapt_style_larger_active_space,ideal,e4,59,,B5,ablation_restore,no_optimizer_memory,parallel_fs,parallel_fs,source->target,0.25,1,12,"{'G0': True, 'GA': True, 'GB': False, 'GC': True, 'GD': True, 'GE': True, 'GF': True, 'GH': True}",block,False,False,False,True,2026-03-25T06:52:28+00:00,2026-03-25T06:52:29.031050+00:00,0.1.0,,,,,0.031049999999999998,,,,,,,0.0,,1.0,0.0,0.0,0.0,0.0,1.0,0.0,0.0,1.0,0.2016,0.7984,,,,
ideal_e4_adapt_vqe_B5_no_optimizer_memory_seed71,adapt_vqe,adapt_style_larger_active_space,ideal,e4,71,,B5,ablation_restore,no_optimizer_memory,parallel_fs,parallel_fs,source->target,0.25,1,12,"{'G0': True, 'GA': True, 'GB': False, 'GC': True, 'GD': True, 'GE': True, 'GF': True, 'GH': True}",block,False,False,False,True,2026-03-04T06:39:13+00:00,2026-03-04T06:39:14.031050+00:00,0.1.0,,,,,0.031049999999999998,,,,,,,0.0,,1.0,0.0,0.0,0.0,0.0,1.0,0.0,0.0,1.0,0.2016,0.7984,,,,
ideal_e4_adapt_vqe_B5_no_optimizer_memory_seed83,adapt_vqe,adapt_style_larger_active_space,ideal,e4,83,,B5,ablation_restore,no_optimizer_memory,parallel_fs,parallel_fs,source->target,0.25,1,12,"{'G0': True, 'GA': True, 'GB': False, 'GC': True, 'GD': True, 'GE': True, 'GF': True, 'GH': True}",block,False,False,False,True,2026-03-20T02:46:40+00:00,2026-03-20T02:46:41.031050+00:00,0.1.0,,,,,0.031049999999999998,,,,,,,0.0,,1.0,0.0,0.0,0.0,0.0,1.0,0.0,0.0,1.0,0.2016,0.7984,,,,
ideal_e4_adapt_vqe_B5_no_optimizer_memory_seed97,adapt_vqe,adapt_style_larger_active_space,ideal,e4,97,,B5,ablation_restore,no_optimizer_memory,parallel_fs,parallel_fs,source->target,0.25,1,12,"{'G0': True, 'GA': True, 'GB': False, 'GC': True, 'GD': True, 'GE': True, 'GF': True, 'GH': True}",block,False,False,False,True,2026-03-28T05:30:02+00:00,2026-03-28T05:30:03.031050+00:00,0.1.0,,,,,0.031049999999999998,,,,,,,0.0,,1.0,0.0,0.0,0.0,0.0,1.0,0.0,0.0,1.0,0.2016,0.7984,,,,
ideal_e4_adapt_vqe_B5_no_optimizer_memory_seed101,adapt_vqe,adapt_style_larger_active_space,ideal,e4,101,,B5,ablation_restore,no_optimizer_memory,parallel_fs,parallel_fs,source->target,0.25,1,12,"{'G0': True, 'GA': True, 'GB': False, 'GC': True, 'GD': True, 'GE': True, 'GF': True, 'GH': True}",block,False,False,False,True,2026-03-27T21:29:07+00:00,2026-03-27T21:29:08.031050+00:00,0.1.0,,,,,0.031049999999999998,,,,,,,0.0,,1.0,0.0,0.0,0.0,0.0,1.0,0.0,0.0,1.0,0.2016,0.7984,,,,
ideal_e4_adapt_vqe_B5_no_optimizer_memory_seed107,adapt_vqe,adapt_style_larger_active_space,ideal,e4,107,,B5,ablation_restore,no_optimizer_memory,parallel_fs,parallel_fs,source->target,0.25,1,12,"{'G0': True, 'GA': True, 'GB': False, 'GC': True, 'GD': True, 'GE': True, 'GF': True, 'GH': True}",block,False,False,False,True,2026-03-26T11:08:40+00:00,2026-03-26T11:08:41.031050+00:00,0.1.0,,,,,0.031049999999999998,,,,,,,0.0,,1.0,0.0,0.0,0.0,0.0,1.0,0.0,0.0,1.0,0.2016,0.7984,,,,
ideal_e4_adapt_vqe_B5_no_optimizer_memory_seed113,adapt_vqe,adapt_style_larger_active_space,ideal,e4,113,,B5,ablation_restore,no_optimizer_memory,parallel_fs,parallel_fs,source->target,0.25,1,12,"{'G0': True, 'GA': True, 'GB': False, 'GC': True, 'GD': True, 'GE': True, 'GF': True, 'GH': True}",block,False,False,False,True,2026-03-21T14:02:30+00:00,2026-03-21T14:02:31.031050+00:00,0.1.0,,,,,0.031049999999999998,,,,,,,0.0,,1.0,0.0,0.0,0.0,0.0,1.0,0.0,0.0,1.0,0.2016,0.7984,,,,
ideal_e4_adapt_vqe_B5_no_measurement_ledger_seed11,adapt_vqe,adapt_style_larger_active_space,ideal,e4,11,,B5,ablation_restore,no_measurement_ledger,parallel_fs,parallel_fs,source->target,0.25,1,12,"{'G0': True, 'GA': True, 'GB': True, 'GC': True, 'GD': False, 'GE': True, 'GF': True, 'GH': True}",block,False,False,False,True,2026-03-28T15:40:27+00:00,2026-03-28T15:40:28.031050+00:00,0.1.0,,,,,0.031049999999999998,,,,,,,0.0,,1.0,0.0,0.0,0.0,0.0,1.0,0.0,0.0,1.0,0.20916,0.79084,,,,
ideal_e4_adapt_vqe_B5_no_measurement_ledger_seed17,adapt_vqe,adapt_style_larger_active_space,ideal,e4,17,,B5,ablation_restore,no_measurement_ledger,parallel_fs,parallel_fs,source->target,0.25,1,12,"{'G0': True, 'GA': True, 'GB': True, 'GC': True, 'GD': False, 'GE': True, 'GF': True, 'GH': True}",block,False,False,False,True,2026-03-22T21:47:55+00:00,2026-03-22T21:47:56.031050+00:00,0.1.0,,,,,0.031049999999999998,,,,,,,0.0,,1.0,0.0,0.0,0.0,0.0,1.0,0.0,0.0,1.0,0.20916,0.79084,,,,
ideal_e4_adapt_vqe_B5_no_measurement_ledger_seed23,adapt_vqe,adapt_style_larger_active_space,ideal,e4,23,,B5,ablation_restore,no_measurement_ledger,parallel_fs,parallel_fs,source->target,0.25,1,12,"{'G0': True, 'GA': True, 'GB': True, 'GC': True, 'GD': False, 'GE': True, 'GF': True, 'GH': True}",block,False,False,False,True,2026-03-17T16:42:29+00:00,2026-03-17T16:42:30.031050+00:00,0.1.0,,,,,0.031049999999999998,,,,,,,0.0,,1.0,0.0,0.0,0.0,0.0,1.0,0.0,0.0,1.0,0.20916,0.79084,,,,
ideal_e4_adapt_vqe_B5_no_measurement_ledger_seed31,adapt_vqe,adapt_style_larger_active_space,ideal,e4,31,,B5,ablation_restore,no_measurement_ledger,parallel_fs,parallel_fs,source->target,0.25,1,12,"{'G0': True, 'GA': True, 'GB': True, 'GC': True, 'GD': False, 'GE': True, 'GF': True, 'GH': True}",block,False,False,False,True,2026-03-27T09:25:12+00:00,2026-03-27T09:25:13.031050+00:00,0.1.0,,,,,0.031049999999999998,,,,,,,0.0,,1.0,0.0,0.0,0.0,0.0,1.0,0.0,0.0,1.0,0.20916,0.79084,,,,
ideal_e4_adapt_vqe_B5_no_measurement_ledger_seed43,adapt_vqe,adapt_style_larger_active_space,ideal,e4,43,,B5,ablation_restore,no_measurement_ledger,parallel_fs,parallel_fs,source->target,0.25,1,12,"{'G0': True, 'GA': True, 'GB': True, 'GC': True, 'GD': False, 'GE': True, 'GF': True, 'GH': True}",block,False,False,False,True,2026-03-16T10:17:23+00:00,2026-03-16T10:17:24.031050+00:00,0.1.0,,,,,0.031049999999999998,,,,,,,0.0,,1.0,0.0,0.0,0.0,0.0,1.0,0.0,0.0,1.0,0.20916,0.79084,,,,
ideal_e4_adapt_vqe_B5_no_measurement_ledger_seed59,adapt_vqe,adapt_style_larger_active_space,ideal,e4,59,,B5,ablation_restore,no_measurement_ledger,parallel_fs,parallel_fs,source->target,0.25,1,12,"{'G0': True, 'GA': True, 'GB': True, 'GC': True, 'GD': False, 'GE': True, 'GF': True, 'GH': True}",block,False,False,False,True,2026-03-09T20:44:56+00:00,2026-03-09T20:44:57.031050+00:00,0.1.0,,,,,0.031049999999999998,,,,,,,0.0,,1.0,0.0,0.0,0.0,0.0,1.0,0.0,0.0,1.0,0.20916,0.79084,,,,
ideal_e4_adapt_vqe_B5_no_measurement_ledger_seed71,adapt_vqe,adapt_style_larger_active_space,ideal,e4,71,,B5,ablation_restore,no_measurement_ledger,parallel_fs,parallel_fs,source->target,0.25,1,12,"{'G0': True, 'GA': True, 'GB': True, 'GC': True, 'GD': False, 'GE': True, 'GF': True, 'GH': True}",block,False,False,False,True,2026-03-26T22:28:29+00:00,2026-03-26T22:28:30.031050+00:00,0.1.0,,,,,0.031049999999999998,,,,,,,0.0,,1.0,0.0,0.0,0.0,0.0,1.0,0.0,0.0,1.0,0.20916,0.79084,,,,
ideal_e4_adapt_vqe_B5_no_measurement_ledger_seed83,adapt_vqe,adapt_style_larger_active_space,ideal,e4,83,,B5,ablation_restore,no_measurement_ledger,parallel_fs,parallel_fs,source->target,0.25,1,12,"{'G0': True, 'GA': True, 'GB': True, 'GC': True, 'GD': False, 'GE': True, 'GF': True, 'GH': True}",block,False,False,False,True,2026-03-21T10:17:18+00:00,2026-03-21T10:17:19.031050+00:00,0.1.0,,,,,0.031049999999999998,,,,,,,0.0,,1.0,0.0,0.0,0.0,0.0,1.0,0.0,0.0,1.0,0.20916,0.79084,,,,
ideal_e4_adapt_vqe_B5_no_measurement_ledger_seed97,adapt_vqe,adapt_style_larger_active_space,ideal,e4,97,,B5,ablation_restore,no_measurement_ledger,parallel_fs,parallel_fs,source->target,0.25,1,12,"{'G0': True, 'GA': True, 'GB': True, 'GC': True, 'GD': False, 'GE': True, 'GF': True, 'GH': True}",block,False,False,False,True,2026-03-03T12:30:55+00:00,2026-03-03T12:30:56.031050+00:00,0.1.0,,,,,0.031049999999999998,,,,,,,0.0,,1.0,0.0,0.0,0.0,0.0,1.0,0.0,0.0,1.0,0.20916,0.79084,,,,
ideal_e4_adapt_vqe_B5_no_measurement_ledger_seed101,adapt_vqe,adapt_style_larger_active_space,ideal,e4,101,,B5,ablation_restore,no_measurement_ledger,parallel_fs,parallel_fs,source->target,0.25,1,12,"{'G0': True, 'GA': True, 'GB': True, 'GC': True, 'GD': False, 'GE': True, 'GF': True, 'GH': True}",block,False,False,False,True,2026-03-29T04:35:03+00:00,2026-03-29T04:35:04.031050+00:00,0.1.0,,,,,0.031049999999999998,,,,,,,0.0,,1.0,0.0,0.0,0.0,0.0,1.0,0.0,0.0,1.0,0.20916,0.79084,,,,
ideal_e4_adapt_vqe_B5_no_measurement_ledger_seed107,adapt_vqe,adapt_style_larger_active_space,ideal,e4,107,,B5,ablation_restore,no_measurement_ledger,parallel_fs,parallel_fs,source->target,0.25,1,12,"{'G0': True, 'GA': True, 'GB': True, 'GC': True, 'GD': False, 'GE': True, 'GF': True, 'GH': True}",block,False,False,False,True,2026-03-01T09:40:57+00:00,2026-03-01T09:40:58.031050+00:00,0.1.0,,,,,0.031049999999999998,,,,,,,0.0,,1.0,0.0,0.0,0.0,0.0,1.0,0.0,0.0,1.0,0.20916,0.79084,,,,
ideal_e4_adapt_vqe_B5_no_measurement_ledger_seed113,adapt_vqe,adapt_style_larger_active_space,ideal,e4,113,,B5,ablation_restore,no_measurement_ledger,parallel_fs,parallel_fs,source->target,0.25,1,12,"{'G0': True, 'GA': True, 'GB': True, 'GC': True, 'GD': False, 'GE': True, 'GF': True, 'GH': True}",block,False,False,False,True,2026-03-07T17:12:03+00:00,2026-03-07T17:12:04.031050+00:00,0.1.0,,,,,0.031049999999999998,,,,,,,0.0,,1.0,0.0,0.0,0.0,0.0,1.0,0.0,0.0,1.0,0.20916,0.79084,,,,
ideal_e4_adapt_vqe_B5_no_estimation_mitigation_state_seed11,adapt_vqe,adapt_style_larger_active_space,ideal,e4,11,,B5,ablation_restore,no_estimation_mitigation_state,parallel_fs,parallel_fs,source->target,0.25,1,12,"{'G0': True, 'GA': True, 'GB': True, 'GC': True, 'GD': True, 'GE': False, 'GF': True, 'GH': True}",migration,False,False,True,False,2026-03-02T21:36:07+00:00,2026-03-02T21:36:08.044692+00:00,0.1.0,,,,,0.031049999999999998,,,,,,,0.0,,0.2921862082163608,0.27519770861904014,0.013642258994283729,0.0,1.0,0.0,0.0,1.0,0.0,0.798,0.20199999999999996,,,,
ideal_e4_adapt_vqe_B5_no_estimation_mitigation_state_seed17,adapt_vqe,adapt_style_larger_active_space,ideal,e4,17,,B5,ablation_restore,no_estimation_mitigation_state,parallel_fs,parallel_fs,source->target,0.25,1,12,"{'G0': True, 'GA': True, 'GB': True, 'GC': True, 'GD': True, 'GE': False, 'GF': True, 'GH': True}",migration,False,False,True,False,2026-03-26T09:55:26+00:00,2026-03-26T09:55:27.044550+00:00,0.1.0,,,,,0.031049999999999998,,,,,,,0.0,,0.2922451904224201,0.4403976640255921,0.013500193941104577,0.0,1.0,0.0,0.0,1.0,0.0,0.798,0.20199999999999996,,,,
ideal_e4_adapt_vqe_B5_no_estimation_mitigation_state_seed23,adapt_vqe,adapt_style_larger_active_space,ideal,e4,23,,B5,ablation_restore,no_estimation_mitigation_state,parallel_fs,parallel_fs,source->target,0.25,1,12,"{'G0': True, 'GA': True, 'GB': True, 'GC': True, 'GD': True, 'GE': False, 'GF': True, 'GH': True}",migration,False,False,True,False,2026-03-16T20:48:35+00:00,2026-03-16T20:48:36.044276+00:00,0.1.0,,,,,0.031049999999999998,,,,,,,0.0,,0.2932308190622733,0.8649931978728842,0.013225663586896808,0.0,1.0,0.0,0.0,1.0,0.0,0.798,0.20199999999999996,,,,
ideal_e4_adapt_vqe_B5_no_estimation_mitigation_state_seed31,adapt_vqe,adapt_style_larger_active_space,ideal,e4,31,,B5,ablation_restore,no_estimation_mitigation_state,parallel_fs,parallel_fs,source->target,0.25,1,12,"{'G0': True, 'GA': True, 'GB': True, 'GC': True, 'GD': True, 'GE': False, 'GF': True, 'GH': True}",migration,False,False,True,False,2026-03-20T21:32:10+00:00,2026-03-20T21:32:11.044518+00:00,0.1.0,,,,,0.031049999999999998,,,,,,,0.0,,0.29156488782250706,0.7103518339649696,0.013468051647137713,0.0,1.0,0.0,0.0,1.0,0.0,0.798,0.20199999999999996,,,,
ideal_e4_adapt_vqe_B5_no_estimation_mitigation_state_seed43,adapt_vqe,adapt_style_larger_active_space,ideal,e4,43,,B5,ablation_restore,no_estimation_mitigation_state,parallel_fs,parallel_fs,source->target,0.25,1,12,"{'G0': True, 'GA': True, 'GB': True, 'GC': True, 'GD': True, 'GE': False, 'GF': True, 'GH': True}",migration,False,False,True,False,2026-03-12T10:21:15+00:00,2026-03-12T10:21:16.044471+00:00,0.1.0,,,,,0.031049999999999998,,,,,,,0.0,,0.2936545669124391,0.8767323101318221,0.013420830156911201,0.0,1.0,0.0,0.0,1.0,0.0,0.798,0.20199999999999996,,,,
ideal_e4_adapt_vqe_B5_no_estimation_mitigation_state_seed59,adapt_vqe,adapt_style_larger_active_space,ideal,e4,59,,B5,ablation_restore,no_estimation_mitigation_state,parallel_fs,parallel_fs,source->target,0.25,1,12,"{'G0': True, 'GA': True, 'GB': True, 'GC': True, 'GD': True, 'GE': False, 'GF': True, 'GH': True}",migration,False,False,True,False,2026-03-20T23:13:39+00:00,2026-03-20T23:13:40.043847+00:00,0.1.0,,,,,0.031049999999999998,,,,,,,0.0,,0.21964449228756172,0.867795173806655,0.012796843635085153,0.0,1.0,0.0,0.0,1.0,0.0,0.798,0.20199999999999996,,,,
ideal_e4_adapt_vqe_B5_no_estimation_mitigation_state_seed71,adapt_vqe,adapt_style_larger_active_space,ideal,e4,71,,B5,ablation_restore,no_estimation_mitigation_state,parallel_fs,parallel_fs,source->target,0.25,1,12,"{'G0': True, 'GA': True, 'GB': True, 'GC': True, 'GD': True, 'GE': False, 'GF': True, 'GH': True}",migration,False,False,True,False,2026-03-25T16:45:11+00:00,2026-03-25T16:45:12.044634+00:00,0.1.0,,,,,0.031049999999999998,,,,,,,0.0,,0.2915618243640795,0.24164183321952845,0.013583632070861995,0.0,1.0,0.0,0.0,1.0,0.0,0.798,0.20199999999999996,,,,
ideal_e4_adapt_vqe_B5_no_estimation_mitigation_state_seed83,adapt_vqe,adapt_style_larger_active_space,ideal,e4,83,,B5,ablation_restore,no_estimation_mitigation_state,parallel_fs,parallel_fs,source->target,0.25,1,12,"{'G0': True, 'GA': True, 'GB': True, 'GC': True, 'GD': True, 'GE': False, 'GF': True, 'GH': True}",migration,False,False,True,False,2026-03-07T10:35:42+00:00,2026-03-07T10:35:43.044439+00:00,0.1.0,,,,,0.031049999999999998,,,,,,,0.0,,0.2928417707442789,0.9411845174710721,0.013388705898035091,0.0,1.0,0.0,0.0,1.0,0.0,0.798,0.20199999999999996,,,,
ideal_e4_adapt_vqe_B5_no_estimation_mitigation_state_seed97,adapt_vqe,adapt_style_larger_active_space,ideal,e4,97,,B5,ablation_restore,no_estimation_mitigation_state,parallel_fs,parallel_fs,source->target,0.25,1,12,"{'G0': True, 'GA': True, 'GB': True, 'GC': True, 'GD': True, 'GE': False, 'GF': True, 'GH': True}",migration,False,False,True,False,2026-03-12T23:28:40+00:00,2026-03-12T23:28:41.044303+00:00,0.1.0,,,,,0.031049999999999998,,,,,,,0.0,,0.29227815901451937,0.8538889208440172,0.013253059277264612,0.0,1.0,0.0,0.0,1.0,0.0,0.798,0.20199999999999996,,,,
ideal_e4_adapt_vqe_B5_no_estimation_mitigation_state_seed101,adapt_vqe,adapt_style_larger_active_space,ideal,e4,101,,B5,ablation_restore,no_estimation_mitigation_state,parallel_fs,parallel_fs,source->target,0.25,1,12,"{'G0': True, 'GA': True, 'GB': True, 'GC': True, 'GD': True, 'GE': False, 'GF': True, 'GH': True}",block,False,False,False,True,2026-03-22T01:04:42+00:00,2026-03-22T01:04:43.031050+00:00,0.1.0,,,,,0.031049999999999998,,,,,,,0.0,,1.0,0.0,0.0,0.0,0.0,1.0,0.0,0.0,1.0,0.2394,0.7605999999999999,,,,
ideal_e4_adapt_vqe_B5_no_estimation_mitigation_state_seed107,adapt_vqe,adapt_style_larger_active_space,ideal,e4,107,,B5,ablation_restore,no_estimation_mitigation_state,parallel_fs,parallel_fs,source->target,0.25,1,12,"{'G0': True, 'GA': True, 'GB': True, 'GC': True, 'GD': True, 'GE': False, 'GF': True, 'GH': True}",migration,False,False,True,False,2026-03-17T16:28:02+00:00,2026-03-17T16:28:03.043370+00:00,0.1.0,,,,,0.031049999999999998,,,,,,,0.0,,0.29611426365580634,0.9338576261967922,0.012319723344361044,0.0,1.0,0.0,0.0,1.0,0.0,0.798,0.20199999999999996,,,,
ideal_e4_adapt_vqe_B5_no_estimation_mitigation_state_seed113,adapt_vqe,adapt_style_larger_active_space,ideal,e4,113,,B5,ablation_restore,no_estimation_mitigation_state,parallel_fs,parallel_fs,source->target,0.25,1,12,"{'G0': True, 'GA': True, 'GB': True, 'GC': True, 'GD': True, 'GE': False, 'GF': True, 'GH': True}",migration,False,False,True,False,2026-03-21T00:01:05+00:00,2026-03-21T00:01:06.044496+00:00,0.1.0,,,,,0.031049999999999998,,,,,,,0.0,,0.29159779503205974,0.5844683749587016,0.013445891036049318,0.0,1.0,0.0,0.0,1.0,0.0,0.798,0.20199999999999996,,,,
ideal_e4_adapt_vqe_B5_no_backend_snapshot_seed11,adapt_vqe,adapt_style_larger_active_space,ideal,e4,11,,B5,ablation_restore,no_backend_snapshot,parallel_fs,parallel_fs,source->target,0.25,1,12,"{'G0': True, 'GA': True, 'GB': True, 'GC': True, 'GD': True, 'GE': True, 'GF': False, 'GH': True}",block,False,False,False,True,2026-03-27T16:52:19+00:00,2026-03-27T16:52:20.031050+00:00,0.1.0,,,,,0.031049999999999998,,,,,,,0.0,,1.0,0.0,0.0,0.0,0.0,1.0,0.0,0.0,1.0,0.22680000000000003,0.7732,,,,
ideal_e4_adapt_vqe_B5_no_backend_snapshot_seed17,adapt_vqe,adapt_style_larger_active_space,ideal,e4,17,,B5,ablation_restore,no_backend_snapshot,parallel_fs,parallel_fs,source->target,0.25,1,12,"{'G0': True, 'GA': True, 'GB': True, 'GC': True, 'GD': True, 'GE': True, 'GF': False, 'GH': True}",block,False,False,False,True,2026-03-27T02:22:40+00:00,2026-03-27T02:22:41.031050+00:00,0.1.0,,,,,0.031049999999999998,,,,,,,0.0,,1.0,0.0,0.0,0.0,0.0,1.0,0.0,0.0,1.0,0.22680000000000003,0.7732,,,,
ideal_e4_adapt_vqe_B5_no_backend_snapshot_seed23,adapt_vqe,adapt_style_larger_active_space,ideal,e4,23,,B5,ablation_restore,no_backend_snapshot,parallel_fs,parallel_fs,source->target,0.25,1,12,"{'G0': True, 'GA': True, 'GB': True, 'GC': True, 'GD': True, 'GE': True, 'GF': False, 'GH': True}",block,False,False,False,True,2026-03-06T05:09:38+00:00,2026-03-06T05:09:39.031050+00:00,0.1.0,,,,,0.031049999999999998,,,,,,,0.0,,1.0,0.0,0.0,0.0,0.0,1.0,0.0,0.0,1.0,0.22680000000000003,0.7732,,,,
ideal_e4_adapt_vqe_B5_no_backend_snapshot_seed31,adapt_vqe,adapt_style_larger_active_space,ideal,e4,31,,B5,ablation_restore,no_backend_snapshot,parallel_fs,parallel_fs,source->target,0.25,1,12,"{'G0': True, 'GA': True, 'GB': True, 'GC': True, 'GD': True, 'GE': True, 'GF': False, 'GH': True}",block,False,False,False,True,2026-03-08T09:58:51+00:00,2026-03-08T09:58:52.031050+00:00,0.1.0,,,,,0.031049999999999998,,,,,,,0.0,,1.0,0.0,0.0,0.0,0.0,1.0,0.0,0.0,1.0,0.22680000000000003,0.7732,,,,
ideal_e4_adapt_vqe_B5_no_backend_snapshot_seed43,adapt_vqe,adapt_style_larger_active_space,ideal,e4,43,,B5,ablation_restore,no_backend_snapshot,parallel_fs,parallel_fs,source->target,0.25,1,12,"{'G0': True, 'GA': True, 'GB': True, 'GC': True, 'GD': True, 'GE': True, 'GF': False, 'GH': True}",block,False,False,False,True,2026-03-19T02:52:24+00:00,2026-03-19T02:52:25.031050+00:00,0.1.0,,,,,0.031049999999999998,,,,,,,0.0,,1.0,0.0,0.0,0.0,0.0,1.0,0.0,0.0,1.0,0.22680000000000003,0.7732,,,,
ideal_e4_adapt_vqe_B5_no_backend_snapshot_seed59,adapt_vqe,adapt_style_larger_active_space,ideal,e4,59,,B5,ablation_restore,no_backend_snapshot,parallel_fs,parallel_fs,source->target,0.25,1,12,"{'G0': True, 'GA': True, 'GB': True, 'GC': True, 'GD': True, 'GE': True, 'GF': False, 'GH': True}",block,False,False,False,True,2026-03-17T21:45:22+00:00,2026-03-17T21:45:23.031050+00:00,0.1.0,,,,,0.031049999999999998,,,,,,,0.0,,1.0,0.0,0.0,0.0,0.0,1.0,0.0,0.0,1.0,0.22680000000000003,0.7732,,,,
ideal_e4_adapt_vqe_B5_no_backend_snapshot_seed71,adapt_vqe,adapt_style_larger_active_space,ideal,e4,71,,B5,ablation_restore,no_backend_snapshot,parallel_fs,parallel_fs,source->target,0.25,1,12,"{'G0': True, 'GA': True, 'GB': True, 'GC': True, 'GD': True, 'GE': True, 'GF': False, 'GH': True}",block,False,False,False,True,2026-03-10T23:35:02+00:00,2026-03-10T23:35:03.031050+00:00,0.1.0,,,,,0.031049999999999998,,,,,,,0.0,,1.0,0.0,0.0,0.0,0.0,1.0,0.0,0.0,1.0,0.22680000000000003,0.7732,,,,
ideal_e4_adapt_vqe_B5_no_backend_snapshot_seed83,adapt_vqe,adapt_style_larger_active_space,ideal,e4,83,,B5,ablation_restore,no_backend_snapshot,parallel_fs,parallel_fs,source->target,0.25,1,12,"{'G0': True, 'GA': True, 'GB': True, 'GC': True, 'GD': True, 'GE': True, 'GF': False, 'GH': True}",block,False,False,False,True,2026-03-15T05:59:58+00:00,2026-03-15T05:59:59.031050+00:00,0.1.0,,,,,0.031049999999999998,,,,,,,0.0,,1.0,0.0,0.0,0.0,0.0,1.0,0.0,0.0,1.0,0.22680000000000003,0.7732,,,,
ideal_e4_adapt_vqe_B5_no_backend_snapshot_seed97,adapt_vqe,adapt_style_larger_active_space,ideal,e4,97,,B5,ablation_restore,no_backend_snapshot,parallel_fs,parallel_fs,source->target,0.25,1,12,"{'G0': True, 'GA': True, 'GB': True, 'GC': True, 'GD': True, 'GE': True, 'GF': False, 'GH': True}",block,False,False,False,True,2026-03-07T11:12:38+00:00,2026-03-07T11:12:39.031050+00:00,0.1.0,,,,,0.031049999999999998,,,,,,,0.0,,1.0,0.0,0.0,0.0,0.0,1.0,0.0,0.0,1.0,0.22680000000000003,0.7732,,,,
ideal_e4_adapt_vqe_B5_no_backend_snapshot_seed101,adapt_vqe,adapt_style_larger_active_space,ideal,e4,101,,B5,ablation_restore,no_backend_snapshot,parallel_fs,parallel_fs,source->target,0.25,1,12,"{'G0': True, 'GA': True, 'GB': True, 'GC': True, 'GD': True, 'GE': True, 'GF': False, 'GH': True}",block,False,False,False,True,2026-03-17T22:54:43+00:00,2026-03-17T22:54:44.031050+00:00,0.1.0,,,,,0.031049999999999998,,,,,,,0.0,,1.0,0.0,0.0,0.0,0.0,1.0,0.0,0.0,1.0,0.22680000000000003,0.7732,,,,
ideal_e4_adapt_vqe_B5_no_backend_snapshot_seed107,adapt_vqe,adapt_style_larger_active_space,ideal,e4,107,,B5,ablation_restore,no_backend_snapshot,parallel_fs,parallel_fs,source->target,0.25,1,12,"{'G0': True, 'GA': True, 'GB': True, 'GC': True, 'GD': True, 'GE': True, 'GF': False, 'GH': True}",block,False,False,False,True,2026-03-15T22:27:08+00:00,2026-03-15T22:27:09.031050+00:00,0.1.0,,,,,0.031049999999999998,,,,,,,0.0,,1.0,0.0,0.0,0.0,0.0,1.0,0.0,0.0,1.0,0.22680000000000003,0.7732,,,,
ideal_e4_adapt_vqe_B5_no_backend_snapshot_seed113,adapt_vqe,adapt_style_larger_active_space,ideal,e4,113,,B5,ablation_restore,no_backend_snapshot,parallel_fs,parallel_fs,source->target,0.25,1,12,"{'G0': True, 'GA': True, 'GB': True, 'GC': True, 'GD': True, 'GE': True, 'GF': False, 'GH': True}",block,False,False,False,True,2026-03-14T01:55:44+00:00,2026-03-14T01:55:45.031050+00:00,0.1.0,,,,,0.031049999999999998,,,,,,,0.0,,1.0,0.0,0.0,0.0,0.0,1.0,0.0,0.0,1.0,0.22680000000000003,0.7732,,,,
ideal_e4_adapt_vqe_B5_no_geometry_seed11,adapt_vqe,adapt_style_larger_active_space,ideal,e4,11,,B5,ablation_restore,no_geometry,parallel_fs,parallel_fs,source->target,0.25,1,12,"{'G0': True, 'GA': True, 'GB': True, 'GC': True, 'GD': True, 'GE': True, 'GF': True, 'GH': False}",block,False,False,False,True,2026-03-24T12:20:36+00:00,2026-03-24T12:20:37.031050+00:00,0.1.0,,,,,0.031049999999999998,,,,,,,0.0,,1.0,0.0,0.0,0.0,0.0,1.0,0.0,0.0,1.0,0.22680000000000003,0.7732,,,,
ideal_e4_adapt_vqe_B5_no_geometry_seed17,adapt_vqe,adapt_style_larger_active_space,ideal,e4,17,,B5,ablation_restore,no_geometry,parallel_fs,parallel_fs,source->target,0.25,1,12,"{'G0': True, 'GA': True, 'GB': True, 'GC': True, 'GD': True, 'GE': True, 'GF': True, 'GH': False}",block,False,False,False,True,2026-03-27T12:32:36+00:00,2026-03-27T12:32:37.031050+00:00,0.1.0,,,,,0.031049999999999998,,,,,,,0.0,,1.0,0.0,0.0,0.0,0.0,1.0,0.0,0.0,1.0,0.22680000000000003,0.7732,,,,
ideal_e4_adapt_vqe_B5_no_geometry_seed23,adapt_vqe,adapt_style_larger_active_space,ideal,e4,23,,B5,ablation_restore,no_geometry,parallel_fs,parallel_fs,source->target,0.25,1,12,"{'G0': True, 'GA': True, 'GB': True, 'GC': True, 'GD': True, 'GE': True, 'GF': True, 'GH': False}",migration,True,True,False,False,2026-03-19T11:01:30+00:00,2026-03-19T11:01:31.041194+00:00,0.1.0,,,,,0.031049999999999998,,,,,,,1.0,,0.018835674589105136,0.07947962361337815,0.010143700585321547,1.0,0.0,0.0,0.0,1.0,0.0,0.7560000000000001,0.24399999999999988,,,,
ideal_e4_adapt_vqe_B5_no_geometry_seed31,adapt_vqe,adapt_style_larger_active_space,ideal,e4,31,,B5,ablation_restore,no_geometry,parallel_fs,parallel_fs,source->target,0.25,1,12,"{'G0': True, 'GA': True, 'GB': True, 'GC': True, 'GD': True, 'GE': True, 'GF': True, 'GH': False}",block,False,False,False,True,2026-03-28T05:13:19+00:00,2026-03-28T05:13:20.031050+00:00,0.1.0,,,,,0.031049999999999998,,,,,,,0.0,,1.0,0.0,0.0,0.0,0.0,1.0,0.0,0.0,1.0,0.22680000000000003,0.7732,,,,
ideal_e4_adapt_vqe_B5_no_geometry_seed43,adapt_vqe,adapt_style_larger_active_space,ideal,e4,43,,B5,ablation_restore,no_geometry,parallel_fs,parallel_fs,source->target,0.25,1,12,"{'G0': True, 'GA': True, 'GB': True, 'GC': True, 'GD': True, 'GE': True, 'GF': True, 'GH': False}",block,False,False,False,True,2026-03-28T23:19:50+00:00,2026-03-28T23:19:51.031050+00:00,0.1.0,,,,,0.031049999999999998,,,,,,,0.0,,1.0,0.0,0.0,0.0,0.0,1.0,0.0,0.0,1.0,0.22680000000000003,0.7732,,,,
ideal_e4_adapt_vqe_B5_no_geometry_seed59,adapt_vqe,adapt_style_larger_active_space,ideal,e4,59,,B5,ablation_restore,no_geometry,parallel_fs,parallel_fs,source->target,0.25,1,12,"{'G0': True, 'GA': True, 'GB': True, 'GC': True, 'GD': True, 'GE': True, 'GF': True, 'GH': False}",migration,True,True,False,False,2026-03-23T11:58:48+00:00,2026-03-23T11:58:49.043306+00:00,0.1.0,,,,,0.031049999999999998,,,,,,,1.0,,0.02362567261069322,0.28829125898285457,0.012255903983851013,1.0,0.0,0.0,0.0,1.0,0.0,0.7560000000000001,0.24399999999999988,,,,
ideal_e4_adapt_vqe_B5_no_geometry_seed71,adapt_vqe,adapt_style_larger_active_space,ideal,e4,71,,B5,ablation_restore,no_geometry,parallel_fs,parallel_fs,source->target,0.25,1,12,"{'G0': True, 'GA': True, 'GB': True, 'GC': True, 'GD': True, 'GE': True, 'GF': True, 'GH': False}",block,False,False,False,True,2026-03-27T04:01:53+00:00,2026-03-27T04:01:54.031050+00:00,0.1.0,,,,,0.031049999999999998,,,,,,,0.0,,1.0,0.0,0.0,0.0,0.0,1.0,0.0,0.0,1.0,0.22680000000000003,0.7732,,,,
ideal_e4_adapt_vqe_B5_no_geometry_seed83,adapt_vqe,adapt_style_larger_active_space,ideal,e4,83,,B5,ablation_restore,no_geometry,parallel_fs,parallel_fs,source->target,0.25,1,12,"{'G0': True, 'GA': True, 'GB': True, 'GC': True, 'GD': True, 'GE': True, 'GF': True, 'GH': False}",block,False,False,False,True,2026-03-16T21:16:50+00:00,2026-03-16T21:16:51.031050+00:00,0.1.0,,,,,0.031049999999999998,,,,,,,0.0,,1.0,0.0,0.0,0.0,0.0,1.0,0.0,0.0,1.0,0.22680000000000003,0.7732,,,,
ideal_e4_adapt_vqe_B5_no_geometry_seed97,adapt_vqe,adapt_style_larger_active_space,ideal,e4,97,,B5,ablation_restore,no_geometry,parallel_fs,parallel_fs,source->target,0.25,1,12,"{'G0': True, 'GA': True, 'GB': True, 'GC': True, 'GD': True, 'GE': True, 'GF': True, 'GH': False}",block,False,False,False,True,2026-03-21T16:30:45+00:00,2026-03-21T16:30:46.031050+00:00,0.1.0,,,,,0.031049999999999998,,,,,,,0.0,,1.0,0.0,0.0,0.0,0.0,1.0,0.0,0.0,1.0,0.22680000000000003,0.7732,,,,
ideal_e4_adapt_vqe_B5_no_geometry_seed101,adapt_vqe,adapt_style_larger_active_space,ideal,e4,101,,B5,ablation_restore,no_geometry,parallel_fs,parallel_fs,source->target,0.25,1,12,"{'G0': True, 'GA': True, 'GB': True, 'GC': True, 'GD': True, 'GE': True, 'GF': True, 'GH': False}",block,False,False,False,True,2026-03-12T07:50:58+00:00,2026-03-12T07:50:59.031050+00:00,0.1.0,,,,,0.031049999999999998,,,,,,,0.0,,1.0,0.0,0.0,0.0,0.0,1.0,0.0,0.0,1.0,0.22680000000000003,0.7732,,,,
ideal_e4_adapt_vqe_B5_no_geometry_seed107,adapt_vqe,adapt_style_larger_active_space,ideal,e4,107,,B5,ablation_restore,no_geometry,parallel_fs,parallel_fs,source->target,0.25,1,12,"{'G0': True, 'GA': True, 'GB': True, 'GC': True, 'GD': True, 'GE': True, 'GF': True, 'GH': False}",migration,True,True,False,False,2026-03-04T22:27:27+00:00,2026-03-04T22:27:28.043700+00:00,0.1.0,,,,,0.031049999999999998,,,,,,,1.0,,0.04813850229776241,0.3295561561959305,0.012649979842125347,1.0,0.0,0.0,0.0,1.0,0.0,0.7560000000000001,0.24399999999999988,,,,
ideal_e4_adapt_vqe_B5_no_geometry_seed113,adapt_vqe,adapt_style_larger_active_space,ideal,e4,113,,B5,ablation_restore,no_geometry,parallel_fs,parallel_fs,source->target,0.25,1,12,"{'G0': True, 'GA': True, 'GB': True, 'GC': True, 'GD': True, 'GE': True, 'GF': True, 'GH': False}",block,False,False,False,True,2026-03-30T18:38:31+00:00,2026-03-30T18:38:32.031050+00:00,0.1.0,,,,,0.031049999999999998,,,,,,,0.0,,1.0,0.0,0.0,0.0,0.0,1.0,0.0,0.0,1.0,0.22680000000000003,0.7732,,,,
ideal_e4_adapt_vqe_B5_no_adapt_history_seed11,adapt_vqe,adapt_style_larger_active_space,ideal,e4,11,,B5,ablation_restore,no_adapt_history,parallel_fs,parallel_fs,source->target,0.25,1,12,"{'G0': True, 'GA': False, 'GB': True, 'GC': True, 'GD': True, 'GE': True, 'GF': True, 'GH': True}",block,False,False,False,True,2026-03-15T12:03:44+00:00,2026-03-15T12:03:45.031050+00:00,0.1.0,,,,,0.031049999999999998,,,,,,,0.0,,1.0,0.0,0.0,0.0,0.0,1.0,0.0,0.0,1.0,0.2016,0.7984,,,,
ideal_e4_adapt_vqe_B5_no_adapt_history_seed17,adapt_vqe,adapt_style_larger_active_space,ideal,e4,17,,B5,ablation_restore,no_adapt_history,parallel_fs,parallel_fs,source->target,0.25,1,12,"{'G0': True, 'GA': False, 'GB': True, 'GC': True, 'GD': True, 'GE': True, 'GF': True, 'GH': True}",block,False,False,False,True,2026-03-17T10:24:12+00:00,2026-03-17T10:24:13.031050+00:00,0.1.0,,,,,0.031049999999999998,,,,,,,0.0,,1.0,0.0,0.0,0.0,0.0,1.0,0.0,0.0,1.0,0.2016,0.7984,,,,
ideal_e4_adapt_vqe_B5_no_adapt_history_seed23,adapt_vqe,adapt_style_larger_active_space,ideal,e4,23,,B5,ablation_restore,no_adapt_history,parallel_fs,parallel_fs,source->target,0.25,1,12,"{'G0': True, 'GA': False, 'GB': True, 'GC': True, 'GD': True, 'GE': True, 'GF': True, 'GH': True}",block,False,False,False,True,2026-03-12T20:44:04+00:00,2026-03-12T20:44:05.031050+00:00,0.1.0,,,,,0.031049999999999998,,,,,,,0.0,,1.0,0.0,0.0,0.0,0.0,1.0,0.0,0.0,1.0,0.2016,0.7984,,,,
ideal_e4_adapt_vqe_B5_no_adapt_history_seed31,adapt_vqe,adapt_style_larger_active_space,ideal,e4,31,,B5,ablation_restore,no_adapt_history,parallel_fs,parallel_fs,source->target,0.25,1,12,"{'G0': True, 'GA': False, 'GB': True, 'GC': True, 'GD': True, 'GE': True, 'GF': True, 'GH': True}",block,False,False,False,True,2026-03-20T12:50:04+00:00,2026-03-20T12:50:05.031050+00:00,0.1.0,,,,,0.031049999999999998,,,,,,,0.0,,1.0,0.0,0.0,0.0,0.0,1.0,0.0,0.0,1.0,0.2016,0.7984,,,,
ideal_e4_adapt_vqe_B5_no_adapt_history_seed43,adapt_vqe,adapt_style_larger_active_space,ideal,e4,43,,B5,ablation_restore,no_adapt_history,parallel_fs,parallel_fs,source->target,0.25,1,12,"{'G0': True, 'GA': False, 'GB': True, 'GC': True, 'GD': True, 'GE': True, 'GF': True, 'GH': True}",block,False,False,False,True,2026-03-28T15:33:51+00:00,2026-03-28T15:33:52.031050+00:00,0.1.0,,,,,0.031049999999999998,,,,,,,0.0,,1.0,0.0,0.0,0.0,0.0,1.0,0.0,0.0,1.0,0.2016,0.7984,,,,
ideal_e4_adapt_vqe_B5_no_adapt_history_seed59,adapt_vqe,adapt_style_larger_active_space,ideal,e4,59,,B5,ablation_restore,no_adapt_history,parallel_fs,parallel_fs,source->target,0.25,1,12,"{'G0': True, 'GA': False, 'GB': True, 'GC': True, 'GD': True, 'GE': True, 'GF': True, 'GH': True}",block,False,False,False,True,2026-03-14T02:20:00+00:00,2026-03-14T02:20:01.031050+00:00,0.1.0,,,,,0.031049999999999998,,,,,,,0.0,,1.0,0.0,0.0,0.0,0.0,1.0,0.0,0.0,1.0,0.2016,0.7984,,,,
ideal_e4_adapt_vqe_B5_no_adapt_history_seed71,adapt_vqe,adapt_style_larger_active_space,ideal,e4,71,,B5,ablation_restore,no_adapt_history,parallel_fs,parallel_fs,source->target,0.25,1,12,"{'G0': True, 'GA': False, 'GB': True, 'GC': True, 'GD': True, 'GE': True, 'GF': True, 'GH': True}",block,False,False,False,True,2026-03-10T14:35:40+00:00,2026-03-10T14:35:41.031050+00:00,0.1.0,,,,,0.031049999999999998,,,,,,,0.0,,1.0,0.0,0.0,0.0,0.0,1.0,0.0,0.0,1.0,0.2016,0.7984,,,,
ideal_e4_adapt_vqe_B5_no_adapt_history_seed83,adapt_vqe,adapt_style_larger_active_space,ideal,e4,83,,B5,ablation_restore,no_adapt_history,parallel_fs,parallel_fs,source->target,0.25,1,12,"{'G0': True, 'GA': False, 'GB': True, 'GC': True, 'GD': True, 'GE': True, 'GF': True, 'GH': True}",block,False,False,False,True,2026-03-13T07:31:23+00:00,2026-03-13T07:31:24.031050+00:00,0.1.0,,,,,0.031049999999999998,,,,,,,0.0,,1.0,0.0,0.0,0.0,0.0,1.0,0.0,0.0,1.0,0.2016,0.7984,,,,
ideal_e4_adapt_vqe_B5_no_adapt_history_seed97,adapt_vqe,adapt_style_larger_active_space,ideal,e4,97,,B5,ablation_restore,no_adapt_history,parallel_fs,parallel_fs,source->target,0.25,1,12,"{'G0': True, 'GA': False, 'GB': True, 'GC': True, 'GD': True, 'GE': True, 'GF': True, 'GH': True}",block,False,False,False,True,2026-03-25T07:47:59+00:00,2026-03-25T07:48:00.031050+00:00,0.1.0,,,,,0.031049999999999998,,,,,,,0.0,,1.0,0.0,0.0,0.0,0.0,1.0,0.0,0.0,1.0,0.2016,0.7984,,,,
ideal_e4_adapt_vqe_B5_no_adapt_history_seed101,adapt_vqe,adapt_style_larger_active_space,ideal,e4,101,,B5,ablation_restore,no_adapt_history,parallel_fs,parallel_fs,source->target,0.25,1,12,"{'G0': True, 'GA': False, 'GB': True, 'GC': True, 'GD': True, 'GE': True, 'GF': True, 'GH': True}",block,False,False,False,True,2026-03-28T12:36:02+00:00,2026-03-28T12:36:03.031050+00:00,0.1.0,,,,,0.031049999999999998,,,,,,,0.0,,1.0,0.0,0.0,0.0,0.0,1.0,0.0,0.0,1.0,0.2016,0.7984,,,,
ideal_e4_adapt_vqe_B5_no_adapt_history_seed107,adapt_vqe,adapt_style_larger_active_space,ideal,e4,107,,B5,ablation_restore,no_adapt_history,parallel_fs,parallel_fs,source->target,0.25,1,12,"{'G0': True, 'GA': False, 'GB': True, 'GC': True, 'GD': True, 'GE': True, 'GF': True, 'GH': True}",block,False,False,False,True,2026-03-11T01:32:10+00:00,2026-03-11T01:32:11.031050+00:00,0.1.0,,,,,0.031049999999999998,,,,,,,0.0,,1.0,0.0,0.0,0.0,0.0,1.0,0.0,0.0,1.0,0.2016,0.7984,,,,
ideal_e4_adapt_vqe_B5_no_adapt_history_seed113,adapt_vqe,adapt_style_larger_active_space,ideal,e4,113,,B5,ablation_restore,no_adapt_history,parallel_fs,parallel_fs,source->target,0.25,1,12,"{'G0': True, 'GA': False, 'GB': True, 'GC': True, 'GD': True, 'GE': True, 'GF': True, 'GH': True}",block,False,False,False,True,2026-03-20T07:09:49+00:00,2026-03-20T07:09:50.031050+00:00,0.1.0,,,,,0.031049999999999998,,,,,,,0.0,,1.0,0.0,0.0,0.0,0.0,1.0,0.0,0.0,1.0,0.2016,0.7984,,,,
ideal_e4_adapt_vqe_B6_full_contract_seed11,adapt_vqe,adapt_style_larger_active_space,ideal,e4,11,,B6,ablation_restore,full_contract,parallel_fs,parallel_fs,source->target,0.25,1,12,"{'G0': True, 'GA': True, 'GB': True, 'GC': True, 'GD': True, 'GE': True, 'GF': True, 'GH': True}",migration,True,True,False,False,2026-03-16T23:11:20+00:00,2026-03-16T23:11:21.031050+00:00,0.1.0,,,,,0.031049999999999998,,,,,,,1.0,,0.030136862611045888,0.3718661865758683,0.0,1.0,0.0,0.0,0.0,1.0,0.0,0.7470000000000001,0.2529999999999999,,,,
ideal_e4_adapt_vqe_B6_full_contract_seed17,adapt_vqe,adapt_style_larger_active_space,ideal,e4,17,,B6,ablation_restore,full_contract,parallel_fs,parallel_fs,source->target,0.25,1,12,"{'G0': True, 'GA': True, 'GB': True, 'GC': True, 'GD': True, 'GE': True, 'GF': True, 'GH': True}",migration,True,True,False,False,2026-03-14T01:31:16+00:00,2026-03-14T01:31:17.031050+00:00,0.1.0,,,,,0.031049999999999998,,,,,,,1.0,,0.020778321823779068,0.2114118042143925,0.0,1.0,0.0,0.0,0.0,1.0,0.0,0.7470000000000001,0.2529999999999999,,,,
ideal_e4_adapt_vqe_B6_full_contract_seed23,adapt_vqe,adapt_style_larger_active_space,ideal,e4,23,,B6,ablation_restore,full_contract,parallel_fs,parallel_fs,source->target,0.25,1,12,"{'G0': True, 'GA': True, 'GB': True, 'GC': True, 'GD': True, 'GE': True, 'GF': True, 'GH': True}",migration,True,True,False,False,2026-03-29T10:28:51+00:00,2026-03-29T10:28:52.031050+00:00,0.1.0,,,,,0.031049999999999998,,,,,,,1.0,,0.0344893948509082,0.2760192349062695,0.0,1.0,0.0,0.0,0.0,1.0,0.0,0.7470000000000001,0.2529999999999999,,,,
ideal_e4_adapt_vqe_B6_full_contract_seed31,adapt_vqe,adapt_style_larger_active_space,ideal,e4,31,,B6,ablation_restore,full_contract,parallel_fs,parallel_fs,source->target,0.25,1,12,"{'G0': True, 'GA': True, 'GB': True, 'GC': True, 'GD': True, 'GE': True, 'GF': True, 'GH': True}",migration,True,True,False,False,2026-03-15T01:04:27+00:00,2026-03-15T01:04:28.031050+00:00,0.1.0,,,,,0.031049999999999998,,,,,,,1.0,,0.016955602136836938,0.34424472967526804,0.0,1.0,0.0,0.0,0.0,1.0,0.0,0.7470000000000001,0.2529999999999999,,,,
ideal_e4_adapt_vqe_B6_full_contract_seed43,adapt_vqe,adapt_style_larger_active_space,ideal,e4,43,,B6,ablation_restore,full_contract,parallel_fs,parallel_fs,source->target,0.25,1,12,"{'G0': True, 'GA': True, 'GB': True, 'GC': True, 'GD': True, 'GE': True, 'GF': True, 'GH': True}",migration,True,True,False,False,2026-03-25T08:37:20+00:00,2026-03-25T08:37:21.031050+00:00,0.1.0,,,,,0.031049999999999998,,,,,,,1.0,,0.029559145981878063,0.3008923351520218,0.0,1.0,0.0,0.0,0.0,1.0,0.0,0.7470000000000001,0.2529999999999999,,,,
ideal_e4_adapt_vqe_B6_full_contract_seed59,adapt_vqe,adapt_style_larger_active_space,ideal,e4,59,,B6,ablation_restore,full_contract,parallel_fs,parallel_fs,source->target,0.25,1,12,"{'G0': True, 'GA': True, 'GB': True, 'GC': True, 'GD': True, 'GE': True, 'GF': True, 'GH': True}",migration,True,True,False,False,2026-03-25T12:48:36+00:00,2026-03-25T12:48:37.031050+00:00,0.1.0,,,,,0.031049999999999998,,,,,,,1.0,,0.028661943969986135,0.24733065564057174,0.0,1.0,0.0,0.0,0.0,1.0,0.0,0.7470000000000001,0.2529999999999999,,,,
ideal_e4_adapt_vqe_B6_full_contract_seed71,adapt_vqe,adapt_style_larger_active_space,ideal,e4,71,,B6,ablation_restore,full_contract,parallel_fs,parallel_fs,source->target,0.25,1,12,"{'G0': True, 'GA': True, 'GB': True, 'GC': True, 'GD': True, 'GE': True, 'GF': True, 'GH': True}",migration,True,True,False,False,2026-03-25T15:37:51+00:00,2026-03-25T15:37:52.031050+00:00,0.1.0,,,,,0.031049999999999998,,,,,,,1.0,,0.025066175985622233,0.37837951881925097,0.0,1.0,0.0,0.0,0.0,1.0,0.0,0.7470000000000001,0.2529999999999999,,,,
ideal_e4_adapt_vqe_B6_full_contract_seed83,adapt_vqe,adapt_style_larger_active_space,ideal,e4,83,,B6,ablation_restore,full_contract,parallel_fs,parallel_fs,source->target,0.25,1,12,"{'G0': True, 'GA': True, 'GB': True, 'GC': True, 'GD': True, 'GE': True, 'GF': True, 'GH': True}",migration,True,True,False,False,2026-03-20T05:11:02+00:00,2026-03-20T05:11:03.031050+00:00,0.1.0,,,,,0.031049999999999998,,,,,,,1.0,,0.032211749116753396,0.39680245278359416,0.0,1.0,0.0,0.0,0.0,1.0,0.0,0.7470000000000001,0.2529999999999999,,,,
ideal_e4_adapt_vqe_B6_full_contract_seed97,adapt_vqe,adapt_style_larger_active_space,ideal,e4,97,,B6,ablation_restore,full_contract,parallel_fs,parallel_fs,source->target,0.25,1,12,"{'G0': True, 'GA': True, 'GB': True, 'GC': True, 'GD': True, 'GE': True, 'GF': True, 'GH': True}",migration,True,True,False,False,2026-03-17T03:50:24+00:00,2026-03-17T03:50:25.031050+00:00,0.1.0,,,,,0.031049999999999998,,,,,,,1.0,,0.027552911084645214,0.29848268815269086,0.0,1.0,0.0,0.0,0.0,1.0,0.0,0.7470000000000001,0.2529999999999999,,,,
ideal_e4_adapt_vqe_B6_full_contract_seed101,adapt_vqe,adapt_style_larger_active_space,ideal,e4,101,,B6,ablation_restore,full_contract,parallel_fs,parallel_fs,source->target,0.25,1,12,"{'G0': True, 'GA': True, 'GB': True, 'GC': True, 'GD': True, 'GE': True, 'GF': True, 'GH': True}",migration,True,True,False,False,2026-03-15T17:36:15+00:00,2026-03-15T17:36:16.031050+00:00,0.1.0,,,,,0.031049999999999998,,,,,,,1.0,,0.028858558437671242,0.16644970735069398,0.0,1.0,0.0,0.0,0.0,1.0,0.0,0.7470000000000001,0.2529999999999999,,,,
ideal_e4_adapt_vqe_B6_full_contract_seed107,adapt_vqe,adapt_style_larger_active_space,ideal,e4,107,,B6,ablation_restore,full_contract,parallel_fs,parallel_fs,source->target,0.25,1,12,"{'G0': True, 'GA': True, 'GB': True, 'GC': True, 'GD': True, 'GE': True, 'GF': True, 'GH': True}",migration,True,True,False,False,2026-03-25T20:18:05+00:00,2026-03-25T20:18:06.031050+00:00,0.1.0,,,,,0.031049999999999998,,,,,,,1.0,,0.02290109440871921,0.374861820699601,0.0,1.0,0.0,0.0,0.0,1.0,0.0,0.7470000000000001,0.2529999999999999,,,,
ideal_e4_adapt_vqe_B6_full_contract_seed113,adapt_vqe,adapt_style_larger_active_space,ideal,e4,113,,B6,ablation_restore,full_contract,parallel_fs,parallel_fs,source->target,0.25,1,12,"{'G0': True, 'GA': True, 'GB': True, 'GC': True, 'GD': True, 'GE': True, 'GF': True, 'GH': True}",migration,True,True,False,False,2026-03-09T21:19:18+00:00,2026-03-09T21:19:19.031050+00:00,0.1.0,,,,,0.031049999999999998,,,,,,,1.0,,0.039075907148007155,0.24709704641648014,0.0,1.0,0.0,0.0,0.0,1.0,0.0,0.7470000000000001,0.2529999999999999,,,,
ideal_e4_adapt_vqe_B6_no_optimizer_memory_seed11,adapt_vqe,adapt_style_larger_active_space,ideal,e4,11,,B6,ablation_restore,no_optimizer_memory,parallel_fs,parallel_fs,source->target,0.25,1,12,"{'G0': True, 'GA': True, 'GB': False, 'GC': True, 'GD': True, 'GE': True, 'GF': True, 'GH': True}",block,False,False,False,True,2026-03-20T02:36:20+00:00,2026-03-20T02:36:21.031050+00:00,0.1.0,,,,,0.031049999999999998,,,,,,,0.0,,1.0,0.0,0.0,0.0,0.0,1.0,0.0,0.0,1.0,0.1701,0.8299,,,,
ideal_e4_adapt_vqe_B6_no_optimizer_memory_seed17,adapt_vqe,adapt_style_larger_active_space,ideal,e4,17,,B6,ablation_restore,no_optimizer_memory,parallel_fs,parallel_fs,source->target,0.25,1,12,"{'G0': True, 'GA': True, 'GB': False, 'GC': True, 'GD': True, 'GE': True, 'GF': True, 'GH': True}",block,False,False,False,True,2026-03-27T12:42:35+00:00,2026-03-27T12:42:36.031050+00:00,0.1.0,,,,,0.031049999999999998,,,,,,,0.0,,1.0,0.0,0.0,0.0,0.0,1.0,0.0,0.0,1.0,0.1701,0.8299,,,,
ideal_e4_adapt_vqe_B6_no_optimizer_memory_seed23,adapt_vqe,adapt_style_larger_active_space,ideal,e4,23,,B6,ablation_restore,no_optimizer_memory,parallel_fs,parallel_fs,source->target,0.25,1,12,"{'G0': True, 'GA': True, 'GB': False, 'GC': True, 'GD': True, 'GE': True, 'GF': True, 'GH': True}",block,False,False,False,True,2026-03-17T03:18:52+00:00,2026-03-17T03:18:53.031050+00:00,0.1.0,,,,,0.031049999999999998,,,,,,,0.0,,1.0,0.0,0.0,0.0,0.0,1.0,0.0,0.0,1.0,0.1701,0.8299,,,,
ideal_e4_adapt_vqe_B6_no_optimizer_memory_seed31,adapt_vqe,adapt_style_larger_active_space,ideal,e4,31,,B6,ablation_restore,no_optimizer_memory,parallel_fs,parallel_fs,source->target,0.25,1,12,"{'G0': True, 'GA': True, 'GB': False, 'GC': True, 'GD': True, 'GE': True, 'GF': True, 'GH': True}",block,False,False,False,True,2026-03-26T14:07:06+00:00,2026-03-26T14:07:07.031050+00:00,0.1.0,,,,,0.031049999999999998,,,,,,,0.0,,1.0,0.0,0.0,0.0,0.0,1.0,0.0,0.0,1.0,0.1701,0.8299,,,,
ideal_e4_adapt_vqe_B6_no_optimizer_memory_seed43,adapt_vqe,adapt_style_larger_active_space,ideal,e4,43,,B6,ablation_restore,no_optimizer_memory,parallel_fs,parallel_fs,source->target,0.25,1,12,"{'G0': True, 'GA': True, 'GB': False, 'GC': True, 'GD': True, 'GE': True, 'GF': True, 'GH': True}",block,False,False,False,True,2026-03-14T15:24:36+00:00,2026-03-14T15:24:37.031050+00:00,0.1.0,,,,,0.031049999999999998,,,,,,,0.0,,1.0,0.0,0.0,0.0,0.0,1.0,0.0,0.0,1.0,0.1701,0.8299,,,,
ideal_e4_adapt_vqe_B6_no_optimizer_memory_seed59,adapt_vqe,adapt_style_larger_active_space,ideal,e4,59,,B6,ablation_restore,no_optimizer_memory,parallel_fs,parallel_fs,source->target,0.25,1,12,"{'G0': True, 'GA': True, 'GB': False, 'GC': True, 'GD': True, 'GE': True, 'GF': True, 'GH': True}",block,False,False,False,True,2026-03-11T12:49:20+00:00,2026-03-11T12:49:21.031050+00:00,0.1.0,,,,,0.031049999999999998,,,,,,,0.0,,1.0,0.0,0.0,0.0,0.0,1.0,0.0,0.0,1.0,0.1701,0.8299,,,,
ideal_e4_adapt_vqe_B6_no_optimizer_memory_seed71,adapt_vqe,adapt_style_larger_active_space,ideal,e4,71,,B6,ablation_restore,no_optimizer_memory,parallel_fs,parallel_fs,source->target,0.25,1,12,"{'G0': True, 'GA': True, 'GB': False, 'GC': True, 'GD': True, 'GE': True, 'GF': True, 'GH': True}",block,False,False,False,True,2026-03-01T03:14:45+00:00,2026-03-01T03:14:46.031050+00:00,0.1.0,,,,,0.031049999999999998,,,,,,,0.0,,1.0,0.0,0.0,0.0,0.0,1.0,0.0,0.0,1.0,0.1701,0.8299,,,,
ideal_e4_adapt_vqe_B6_no_optimizer_memory_seed83,adapt_vqe,adapt_style_larger_active_space,ideal,e4,83,,B6,ablation_restore,no_optimizer_memory,parallel_fs,parallel_fs,source->target,0.25,1,12,"{'G0': True, 'GA': True, 'GB': False, 'GC': True, 'GD': True, 'GE': True, 'GF': True, 'GH': True}",block,False,False,False,True,2026-03-05T01:30:06+00:00,2026-03-05T01:30:07.031050+00:00,0.1.0,,,,,0.031049999999999998,,,,,,,0.0,,1.0,0.0,0.0,0.0,0.0,1.0,0.0,0.0,1.0,0.1701,0.8299,,,,
ideal_e4_adapt_vqe_B6_no_optimizer_memory_seed97,adapt_vqe,adapt_style_larger_active_space,ideal,e4,97,,B6,ablation_restore,no_optimizer_memory,parallel_fs,parallel_fs,source->target,0.25,1,12,"{'G0': True, 'GA': True, 'GB': False, 'GC': True, 'GD': True, 'GE': True, 'GF': True, 'GH': True}",block,False,False,False,True,2026-03-05T17:49:59+00:00,2026-03-05T17:50:00.031050+00:00,0.1.0,,,,,0.031049999999999998,,,,,,,0.0,,1.0,0.0,0.0,0.0,0.0,1.0,0.0,0.0,1.0,0.1701,0.8299,,,,
ideal_e4_adapt_vqe_B6_no_optimizer_memory_seed101,adapt_vqe,adapt_style_larger_active_space,ideal,e4,101,,B6,ablation_restore,no_optimizer_memory,parallel_fs,parallel_fs,source->target,0.25,1,12,"{'G0': True, 'GA': True, 'GB': False, 'GC': True, 'GD': True, 'GE': True, 'GF': True, 'GH': True}",block,False,False,False,True,2026-03-14T05:08:22+00:00,2026-03-14T05:08:23.031050+00:00,0.1.0,,,,,0.031049999999999998,,,,,,,0.0,,1.0,0.0,0.0,0.0,0.0,1.0,0.0,0.0,1.0,0.1701,0.8299,,,,
ideal_e4_adapt_vqe_B6_no_optimizer_memory_seed107,adapt_vqe,adapt_style_larger_active_space,ideal,e4,107,,B6,ablation_restore,no_optimizer_memory,parallel_fs,parallel_fs,source->target,0.25,1,12,"{'G0': True, 'GA': True, 'GB': False, 'GC': True, 'GD': True, 'GE': True, 'GF': True, 'GH': True}",block,False,False,False,True,2026-03-23T00:26:22+00:00,2026-03-23T00:26:23.031050+00:00,0.1.0,,,,,0.031049999999999998,,,,,,,0.0,,1.0,0.0,0.0,0.0,0.0,1.0,0.0,0.0,1.0,0.1701,0.8299,,,,
ideal_e4_adapt_vqe_B6_no_optimizer_memory_seed113,adapt_vqe,adapt_style_larger_active_space,ideal,e4,113,,B6,ablation_restore,no_optimizer_memory,parallel_fs,parallel_fs,source->target,0.25,1,12,"{'G0': True, 'GA': True, 'GB': False, 'GC': True, 'GD': True, 'GE': True, 'GF': True, 'GH': True}",block,False,False,False,True,2026-03-26T04:21:06+00:00,2026-03-26T04:21:07.031050+00:00,0.1.0,,,,,0.031049999999999998,,,,,,,0.0,,1.0,0.0,0.0,0.0,0.0,1.0,0.0,0.0,1.0,0.1701,0.8299,,,,
ideal_e4_adapt_vqe_B6_no_measurement_ledger_seed11,adapt_vqe,adapt_style_larger_active_space,ideal,e4,11,,B6,ablation_restore,no_measurement_ledger,parallel_fs,parallel_fs,source->target,0.25,1,12,"{'G0': True, 'GA': True, 'GB': True, 'GC': True, 'GD': False, 'GE': True, 'GF': True, 'GH': True}",migration,True,True,False,False,2026-03-22T01:52:20+00:00,2026-03-22T01:52:21.031050+00:00,0.1.0,,,,,0.031049999999999998,,,,,,,1.0,,0.030136862611045888,0.3718661865758683,0.0,1.0,0.0,0.0,0.0,1.0,0.0,0.7470000000000001,0.2529999999999999,,,,
ideal_e4_adapt_vqe_B6_no_measurement_ledger_seed17,adapt_vqe,adapt_style_larger_active_space,ideal,e4,17,,B6,ablation_restore,no_measurement_ledger,parallel_fs,parallel_fs,source->target,0.25,1,12,"{'G0': True, 'GA': True, 'GB': True, 'GC': True, 'GD': False, 'GE': True, 'GF': True, 'GH': True}",migration,True,True,False,False,2026-03-01T19:12:31+00:00,2026-03-01T19:12:32.031050+00:00,0.1.0,,,,,0.031049999999999998,,,,,,,1.0,,0.020778321823779068,0.2114118042143925,0.0,1.0,0.0,0.0,0.0,1.0,0.0,0.7470000000000001,0.2529999999999999,,,,
ideal_e4_adapt_vqe_B6_no_measurement_ledger_seed23,adapt_vqe,adapt_style_larger_active_space,ideal,e4,23,,B6,ablation_restore,no_measurement_ledger,parallel_fs,parallel_fs,source->target,0.25,1,12,"{'G0': True, 'GA': True, 'GB': True, 'GC': True, 'GD': False, 'GE': True, 'GF': True, 'GH': True}",migration,True,True,False,False,2026-03-15T00:06:43+00:00,2026-03-15T00:06:44.031050+00:00,0.1.0,,,,,0.031049999999999998,,,,,,,1.0,,0.0344893948509082,0.2760192349062695,0.0,1.0,0.0,0.0,0.0,1.0,0.0,0.7470000000000001,0.2529999999999999,,,,
ideal_e4_adapt_vqe_B6_no_measurement_ledger_seed31,adapt_vqe,adapt_style_larger_active_space,ideal,e4,31,,B6,ablation_restore,no_measurement_ledger,parallel_fs,parallel_fs,source->target,0.25,1,12,"{'G0': True, 'GA': True, 'GB': True, 'GC': True, 'GD': False, 'GE': True, 'GF': True, 'GH': True}",migration,True,True,False,False,2026-03-02T15:27:19+00:00,2026-03-02T15:27:20.031050+00:00,0.1.0,,,,,0.031049999999999998,,,,,,,1.0,,0.016955602136836938,0.34424472967526804,0.0,1.0,0.0,0.0,0.0,1.0,0.0,0.7470000000000001,0.2529999999999999,,,,
ideal_e4_adapt_vqe_B6_no_measurement_ledger_seed43,adapt_vqe,adapt_style_larger_active_space,ideal,e4,43,,B6,ablation_restore,no_measurement_ledger,parallel_fs,parallel_fs,source->target,0.25,1,12,"{'G0': True, 'GA': True, 'GB': True, 'GC': True, 'GD': False, 'GE': True, 'GF': True, 'GH': True}",migration,True,True,False,False,2026-03-09T11:30:53+00:00,2026-03-09T11:30:54.031050+00:00,0.1.0,,,,,0.031049999999999998,,,,,,,1.0,,0.029559145981878063,0.3008923351520218,0.0,1.0,0.0,0.0,0.0,1.0,0.0,0.7470000000000001,0.2529999999999999,,,,
ideal_e4_adapt_vqe_B6_no_measurement_ledger_seed59,adapt_vqe,adapt_style_larger_active_space,ideal,e4,59,,B6,ablation_restore,no_measurement_ledger,parallel_fs,parallel_fs,source->target,0.25,1,12,"{'G0': True, 'GA': True, 'GB': True, 'GC': True, 'GD': False, 'GE': True, 'GF': True, 'GH': True}",migration,True,True,False,False,2026-03-17T06:20:38+00:00,2026-03-17T06:20:39.031050+00:00,0.1.0,,,,,0.031049999999999998,,,,,,,1.0,,0.028661943969986135,0.24733065564057174,0.0,1.0,0.0,0.0,0.0,1.0,0.0,0.7470000000000001,0.2529999999999999,,,,
ideal_e4_adapt_vqe_B6_no_measurement_ledger_seed71,adapt_vqe,adapt_style_larger_active_space,ideal,e4,71,,B6,ablation_restore,no_measurement_ledger,parallel_fs,parallel_fs,source->target,0.25,1,12,"{'G0': True, 'GA': True, 'GB': True, 'GC': True, 'GD': False, 'GE': True, 'GF': True, 'GH': True}",migration,True,True,False,False,2026-03-08T18:21:55+00:00,2026-03-08T18:21:56.031050+00:00,0.1.0,,,,,0.031049999999999998,,,,,,,1.0,,0.025066175985622233,0.37837951881925097,0.0,1.0,0.0,0.0,0.0,1.0,0.0,0.7470000000000001,0.2529999999999999,,,,
ideal_e4_adapt_vqe_B6_no_measurement_ledger_seed83,adapt_vqe,adapt_style_larger_active_space,ideal,e4,83,,B6,ablation_restore,no_measurement_ledger,parallel_fs,parallel_fs,source->target,0.25,1,12,"{'G0': True, 'GA': True, 'GB': True, 'GC': True, 'GD': False, 'GE': True, 'GF': True, 'GH': True}",migration,True,True,False,False,2026-03-23T12:38:50+00:00,2026-03-23T12:38:51.031050+00:00,0.1.0,,,,,0.031049999999999998,,,,,,,1.0,,0.032211749116753396,0.39680245278359416,0.0,1.0,0.0,0.0,0.0,1.0,0.0,0.7470000000000001,0.2529999999999999,,,,
ideal_e4_adapt_vqe_B6_no_measurement_ledger_seed97,adapt_vqe,adapt_style_larger_active_space,ideal,e4,97,,B6,ablation_restore,no_measurement_ledger,parallel_fs,parallel_fs,source->target,0.25,1,12,"{'G0': True, 'GA': True, 'GB': True, 'GC': True, 'GD': False, 'GE': True, 'GF': True, 'GH': True}",migration,True,True,False,False,2026-03-18T04:32:39+00:00,2026-03-18T04:32:40.031050+00:00,0.1.0,,,,,0.031049999999999998,,,,,,,1.0,,0.027552911084645214,0.29848268815269086,0.0,1.0,0.0,0.0,0.0,1.0,0.0,0.7470000000000001,0.2529999999999999,,,,
ideal_e4_adapt_vqe_B6_no_measurement_ledger_seed101,adapt_vqe,adapt_style_larger_active_space,ideal,e4,101,,B6,ablation_restore,no_measurement_ledger,parallel_fs,parallel_fs,source->target,0.25,1,12,"{'G0': True, 'GA': True, 'GB': True, 'GC': True, 'GD': False, 'GE': True, 'GF': True, 'GH': True}",migration,True,True,False,False,2026-03-18T01:20:27+00:00,2026-03-18T01:20:28.031050+00:00,0.1.0,,,,,0.031049999999999998,,,,,,,1.0,,0.028858558437671242,0.16644970735069398,0.0,1.0,0.0,0.0,0.0,1.0,0.0,0.7470000000000001,0.2529999999999999,,,,
ideal_e4_adapt_vqe_B6_no_measurement_ledger_seed107,adapt_vqe,adapt_style_larger_active_space,ideal,e4,107,,B6,ablation_restore,no_measurement_ledger,parallel_fs,parallel_fs,source->target,0.25,1,12,"{'G0': True, 'GA': True, 'GB': True, 'GC': True, 'GD': False, 'GE': True, 'GF': True, 'GH': True}",migration,True,True,False,False,2026-03-30T23:52:37+00:00,2026-03-30T23:52:38.031050+00:00,0.1.0,,,,,0.031049999999999998,,,,,,,1.0,,0.02290109440871921,0.374861820699601,0.0,1.0,0.0,0.0,0.0,1.0,0.0,0.7470000000000001,0.2529999999999999,,,,
ideal_e4_adapt_vqe_B6_no_measurement_ledger_seed113,adapt_vqe,adapt_style_larger_active_space,ideal,e4,113,,B6,ablation_restore,no_measurement_ledger,parallel_fs,parallel_fs,source->target,0.25,1,12,"{'G0': True, 'GA': True, 'GB': True, 'GC': True, 'GD': False, 'GE': True, 'GF': True, 'GH': True}",migration,True,True,False,False,2026-03-03T01:01:12+00:00,2026-03-03T01:01:13.031050+00:00,0.1.0,,,,,0.031049999999999998,,,,,,,1.0,,0.039075907148007155,0.24709704641648014,0.0,1.0,0.0,0.0,0.0,1.0,0.0,0.7470000000000001,0.2529999999999999,,,,
ideal_e4_adapt_vqe_B6_no_estimation_mitigation_state_seed11,adapt_vqe,adapt_style_larger_active_space,ideal,e4,11,,B6,ablation_restore,no_estimation_mitigation_state,parallel_fs,parallel_fs,source->target,0.25,1,12,"{'G0': True, 'GA': True, 'GB': True, 'GC': True, 'GD': True, 'GE': False, 'GF': True, 'GH': True}",migration,False,False,True,False,2026-03-18T14:04:28+00:00,2026-03-18T14:04:29.044540+00:00,0.1.0,,,,,0.031049999999999998,,,,,,,0.0,,0.2813093178326245,0.8378730423866763,0.013490130991723248,0.0,1.0,0.0,0.0,1.0,0.0,0.7020000000000001,0.29799999999999993,,,,
ideal_e4_adapt_vqe_B6_no_estimation_mitigation_state_seed17,adapt_vqe,adapt_style_larger_active_space,ideal,e4,17,,B6,ablation_restore,no_estimation_mitigation_state,parallel_fs,parallel_fs,source->target,0.25,1,12,"{'G0': True, 'GA': True, 'GB': True, 'GC': True, 'GD': True, 'GE': False, 'GF': True, 'GH': True}",migration,False,False,True,False,2026-03-09T18:36:10+00:00,2026-03-09T18:36:11.044547+00:00,0.1.0,,,,,0.031049999999999998,,,,,,,0.0,,0.2916161367024441,0.45375074663964493,0.013497201648520196,0.0,1.0,0.0,0.0,1.0,0.0,0.7020000000000001,0.29799999999999993,,,,
ideal_e4_adapt_vqe_B6_no_estimation_mitigation_state_seed23,adapt_vqe,adapt_style_larger_active_space,ideal,e4,23,,B6,ablation_restore,no_estimation_mitigation_state,parallel_fs,parallel_fs,source->target,0.25,1,12,"{'G0': True, 'GA': True, 'GB': True, 'GC': True, 'GD': True, 'GE': False, 'GF': True, 'GH': True}",block,False,False,False,True,2026-03-05T03:36:50+00:00,2026-03-05T03:36:51.031050+00:00,0.1.0,,,,,0.031049999999999998,,,,,,,0.0,,1.0,0.0,0.0,0.0,0.0,1.0,0.0,0.0,1.0,0.2106,0.7894,,,,
ideal_e4_adapt_vqe_B6_no_estimation_mitigation_state_seed31,adapt_vqe,adapt_style_larger_active_space,ideal,e4,31,,B6,ablation_restore,no_estimation_mitigation_state,parallel_fs,parallel_fs,source->target,0.25,1,12,"{'G0': True, 'GA': True, 'GB': True, 'GC': True, 'GD': True, 'GE': False, 'GF': True, 'GH': True}",block,False,False,False,True,2026-03-01T05:42:14+00:00,2026-03-01T05:42:15.031050+00:00,0.1.0,,,,,0.031049999999999998,,,,,,,0.0,,1.0,0.0,0.0,0.0,0.0,1.0,0.0,0.0,1.0,0.2106,0.7894,,,,
ideal_e4_adapt_vqe_B6_no_estimation_mitigation_state_seed43,adapt_vqe,adapt_style_larger_active_space,ideal,e4,43,,B6,ablation_restore,no_estimation_mitigation_state,parallel_fs,parallel_fs,source->target,0.25,1,12,"{'G0': True, 'GA': True, 'GB': True, 'GC': True, 'GD': True, 'GE': False, 'GF': True, 'GH': True}",migration,False,False,True,False,2026-03-22T15:44:48+00:00,2026-03-22T15:44:49.044694+00:00,0.1.0,,,,,0.031049999999999998,,,,,,,0.0,,0.2929415813446248,0.6155389580933901,0.013643725620573477,0.0,1.0,0.0,0.0,1.0,0.0,0.7020000000000001,0.29799999999999993,,,,
ideal_e4_adapt_vqe_B6_no_estimation_mitigation_state_seed59,adapt_vqe,adapt_style_larger_active_space,ideal,e4,59,,B6,ablation_restore,no_estimation_mitigation_state,parallel_fs,parallel_fs,source->target,0.25,1,12,"{'G0': True, 'GA': True, 'GB': True, 'GC': True, 'GD': True, 'GE': False, 'GF': True, 'GH': True}",migration,False,False,True,False,2026-03-06T11:19:19+00:00,2026-03-06T11:19:20.044311+00:00,0.1.0,,,,,0.031049999999999998,,,,,,,0.0,,0.2926541953232803,0.5570261467295279,0.013261357206119762,0.0,1.0,0.0,0.0,1.0,0.0,0.7020000000000001,0.29799999999999993,,,,
ideal_e4_adapt_vqe_B6_no_estimation_mitigation_state_seed71,adapt_vqe,adapt_style_larger_active_space,ideal,e4,71,,B6,ablation_restore,no_estimation_mitigation_state,parallel_fs,parallel_fs,source->target,0.25,1,12,"{'G0': True, 'GA': True, 'GB': True, 'GC': True, 'GD': True, 'GE': False, 'GF': True, 'GH': True}",migration,False,False,True,False,2026-03-14T13:59:50+00:00,2026-03-14T13:59:51.044179+00:00,0.1.0,,,,,0.031049999999999998,,,,,,,0.0,,0.29198968606607134,0.9178625399799722,0.01312872710567703,0.0,1.0,0.0,0.0,1.0,0.0,0.7020000000000001,0.29799999999999993,,,,
ideal_e4_adapt_vqe_B6_no_estimation_mitigation_state_seed83,adapt_vqe,adapt_style_larger_active_space,ideal,e4,83,,B6,ablation_restore,no_estimation_mitigation_state,parallel_fs,parallel_fs,source->target,0.25,1,12,"{'G0': True, 'GA': True, 'GB': True, 'GC': True, 'GD': True, 'GE': False, 'GF': True, 'GH': True}",migration,False,False,True,False,2026-03-06T11:46:47+00:00,2026-03-06T11:46:48.044324+00:00,0.1.0,,,,,0.031049999999999998,,,,,,,0.0,,0.292318087091217,0.9248056042426697,0.013273875871054663,0.0,1.0,0.0,0.0,1.0,0.0,0.7020000000000001,0.29799999999999993,,,,
ideal_e4_adapt_vqe_B6_no_estimation_mitigation_state_seed97,adapt_vqe,adapt_style_larger_active_space,ideal,e4,97,,B6,ablation_restore,no_estimation_mitigation_state,parallel_fs,parallel_fs,source->target,0.25,1,12,"{'G0': True, 'GA': True, 'GB': True, 'GC': True, 'GD': True, 'GE': False, 'GF': True, 'GH': True}",migration,False,False,True,False,2026-03-14T13:14:15+00:00,2026-03-14T13:14:16.044532+00:00,0.1.0,,,,,0.031049999999999998,,,,,,,0.0,,0.291848990786898,0.650113201647051,0.013482185694054571,0.0,1.0,0.0,0.0,1.0,0.0,0.7020000000000001,0.29799999999999993,,,,
ideal_e4_adapt_vqe_B6_no_estimation_mitigation_state_seed101,adapt_vqe,adapt_style_larger_active_space,ideal,e4,101,,B6,ablation_restore,no_estimation_mitigation_state,parallel_fs,parallel_fs,source->target,0.25,1,12,"{'G0': True, 'GA': True, 'GB': True, 'GC': True, 'GD': True, 'GE': False, 'GF': True, 'GH': True}",migration,False,False,True,False,2026-03-17T04:56:42+00:00,2026-03-17T04:56:43.044679+00:00,0.1.0,,,,,0.031049999999999998,,,,,,,0.0,,0.2915994636373641,0.28203964242898116,0.013628689833000251,0.0,1.0,0.0,0.0,1.0,0.0,0.7020000000000001,0.29799999999999993,,,,
ideal_e4_adapt_vqe_B6_no_estimation_mitigation_state_seed107,adapt_vqe,adapt_style_larger_active_space,ideal,e4,107,,B6,ablation_restore,no_estimation_mitigation_state,parallel_fs,parallel_fs,source->target,0.25,1,12,"{'G0': True, 'GA': True, 'GB': True, 'GC': True, 'GD': True, 'GE': False, 'GF': True, 'GH': True}",migration,False,False,True,False,2026-03-28T05:40:40+00:00,2026-03-28T05:40:41.044475+00:00,0.1.0,,,,,0.031049999999999998,,,,,,,0.0,,0.2809121348043357,0.8516098964541251,0.013424956251022913,0.0,1.0,0.0,0.0,1.0,0.0,0.7020000000000001,0.29799999999999993,,,,
ideal_e4_adapt_vqe_B6_no_estimation_mitigation_state_seed113,adapt_vqe,adapt_style_larger_active_space,ideal,e4,113,,B6,ablation_restore,no_estimation_mitigation_state,parallel_fs,parallel_fs,source->target,0.25,1,12,"{'G0': True, 'GA': True, 'GB': True, 'GC': True, 'GD': True, 'GE': False, 'GF': True, 'GH': True}",migration,False,False,True,False,2026-03-29T06:14:49+00:00,2026-03-29T06:14:50.044240+00:00,0.1.0,,,,,0.031049999999999998,,,,,,,0.0,,0.2936462507768907,0.6242290035357171,0.013190076980754917,0.0,1.0,0.0,0.0,1.0,0.0,0.7020000000000001,0.29799999999999993,,,,
ideal_e4_adapt_vqe_B6_no_backend_snapshot_seed11,adapt_vqe,adapt_style_larger_active_space,ideal,e4,11,,B6,ablation_restore,no_backend_snapshot,parallel_fs,parallel_fs,source->target,0.25,1,12,"{'G0': True, 'GA': True, 'GB': True, 'GC': True, 'GD': True, 'GE': True, 'GF': False, 'GH': True}",block,False,False,False,True,2026-03-06T09:22:33+00:00,2026-03-06T09:22:34.031050+00:00,0.1.0,,,,,0.031049999999999998,,,,,,,0.0,,1.0,0.0,0.0,0.0,0.0,1.0,0.0,0.0,1.0,0.19710000000000003,0.8029,,,,
ideal_e4_adapt_vqe_B6_no_backend_snapshot_seed17,adapt_vqe,adapt_style_larger_active_space,ideal,e4,17,,B6,ablation_restore,no_backend_snapshot,parallel_fs,parallel_fs,source->target,0.25,1,12,"{'G0': True, 'GA': True, 'GB': True, 'GC': True, 'GD': True, 'GE': True, 'GF': False, 'GH': True}",block,False,False,False,True,2026-03-25T14:19:20+00:00,2026-03-25T14:19:21.031050+00:00,0.1.0,,,,,0.031049999999999998,,,,,,,0.0,,1.0,0.0,0.0,0.0,0.0,1.0,0.0,0.0,1.0,0.19710000000000003,0.8029,,,,
ideal_e4_adapt_vqe_B6_no_backend_snapshot_seed23,adapt_vqe,adapt_style_larger_active_space,ideal,e4,23,,B6,ablation_restore,no_backend_snapshot,parallel_fs,parallel_fs,source->target,0.25,1,12,"{'G0': True, 'GA': True, 'GB': True, 'GC': True, 'GD': True, 'GE': True, 'GF': False, 'GH': True}",block,False,False,False,True,2026-03-25T04:24:29+00:00,2026-03-25T04:24:30.031050+00:00,0.1.0,,,,,0.031049999999999998,,,,,,,0.0,,1.0,0.0,0.0,0.0,0.0,1.0,0.0,0.0,1.0,0.19710000000000003,0.8029,,,,
ideal_e4_adapt_vqe_B6_no_backend_snapshot_seed31,adapt_vqe,adapt_style_larger_active_space,ideal,e4,31,,B6,ablation_restore,no_backend_snapshot,parallel_fs,parallel_fs,source->target,0.25,1,12,"{'G0': True, 'GA': True, 'GB': True, 'GC': True, 'GD': True, 'GE': True, 'GF': False, 'GH': True}",block,False,False,False,True,2026-03-29T02:07:19+00:00,2026-03-29T02:07:20.031050+00:00,0.1.0,,,,,0.031049999999999998,,,,,,,0.0,,1.0,0.0,0.0,0.0,0.0,1.0,0.0,0.0,1.0,0.19710000000000003,0.8029,,,,
ideal_e4_adapt_vqe_B6_no_backend_snapshot_seed43,adapt_vqe,adapt_style_larger_active_space,ideal,e4,43,,B6,ablation_restore,no_backend_snapshot,parallel_fs,parallel_fs,source->target,0.25,1,12,"{'G0': True, 'GA': True, 'GB': True, 'GC': True, 'GD': True, 'GE': True, 'GF': False, 'GH': True}",block,False,False,False,True,2026-03-05T15:57:24+00:00,2026-03-05T15:57:25.031050+00:00,0.1.0,,,,,0.031049999999999998,,,,,,,0.0,,1.0,0.0,0.0,0.0,0.0,1.0,0.0,0.0,1.0,0.19710000000000003,0.8029,,,,
ideal_e4_adapt_vqe_B6_no_backend_snapshot_seed59,adapt_vqe,adapt_style_larger_active_space,ideal,e4,59,,B6,ablation_restore,no_backend_snapshot,parallel_fs,parallel_fs,source->target,0.25,1,12,"{'G0': True, 'GA': True, 'GB': True, 'GC': True, 'GD': True, 'GE': True, 'GF': False, 'GH': True}",block,False,False,False,True,2026-03-11T18:43:42+00:00,2026-03-11T18:43:43.031050+00:00,0.1.0,,,,,0.031049999999999998,,,,,,,0.0,,1.0,0.0,0.0,0.0,0.0,1.0,0.0,0.0,1.0,0.19710000000000003,0.8029,,,,
ideal_e4_adapt_vqe_B6_no_backend_snapshot_seed71,adapt_vqe,adapt_style_larger_active_space,ideal,e4,71,,B6,ablation_restore,no_backend_snapshot,parallel_fs,parallel_fs,source->target,0.25,1,12,"{'G0': True, 'GA': True, 'GB': True, 'GC': True, 'GD': True, 'GE': True, 'GF': False, 'GH': True}",block,False,False,False,True,2026-03-23T03:40:53+00:00,2026-03-23T03:40:54.031050+00:00,0.1.0,,,,,0.031049999999999998,,,,,,,0.0,,1.0,0.0,0.0,0.0,0.0,1.0,0.0,0.0,1.0,0.19710000000000003,0.8029,,,,
ideal_e4_adapt_vqe_B6_no_backend_snapshot_seed83,adapt_vqe,adapt_style_larger_active_space,ideal,e4,83,,B6,ablation_restore,no_backend_snapshot,parallel_fs,parallel_fs,source->target,0.25,1,12,"{'G0': True, 'GA': True, 'GB': True, 'GC': True, 'GD': True, 'GE': True, 'GF': False, 'GH': True}",block,False,False,False,True,2026-03-01T14:56:42+00:00,2026-03-01T14:56:43.031050+00:00,0.1.0,,,,,0.031049999999999998,,,,,,,0.0,,1.0,0.0,0.0,0.0,0.0,1.0,0.0,0.0,1.0,0.19710000000000003,0.8029,,,,
ideal_e4_adapt_vqe_B6_no_backend_snapshot_seed97,adapt_vqe,adapt_style_larger_active_space,ideal,e4,97,,B6,ablation_restore,no_backend_snapshot,parallel_fs,parallel_fs,source->target,0.25,1,12,"{'G0': True, 'GA': True, 'GB': True, 'GC': True, 'GD': True, 'GE': True, 'GF': False, 'GH': True}",block,False,False,False,True,2026-03-15T11:28:17+00:00,2026-03-15T11:28:18.031050+00:00,0.1.0,,,,,0.031049999999999998,,,,,,,0.0,,1.0,0.0,0.0,0.0,0.0,1.0,0.0,0.0,1.0,0.19710000000000003,0.8029,,,,
ideal_e4_adapt_vqe_B6_no_backend_snapshot_seed101,adapt_vqe,adapt_style_larger_active_space,ideal,e4,101,,B6,ablation_restore,no_backend_snapshot,parallel_fs,parallel_fs,source->target,0.25,1,12,"{'G0': True, 'GA': True, 'GB': True, 'GC': True, 'GD': True, 'GE': True, 'GF': False, 'GH': True}",block,False,False,False,True,2026-03-15T01:57:18+00:00,2026-03-15T01:57:19.031050+00:00,0.1.0,,,,,0.031049999999999998,,,,,,,0.0,,1.0,0.0,0.0,0.0,0.0,1.0,0.0,0.0,1.0,0.19710000000000003,0.8029,,,,
ideal_e4_adapt_vqe_B6_no_backend_snapshot_seed107,adapt_vqe,adapt_style_larger_active_space,ideal,e4,107,,B6,ablation_restore,no_backend_snapshot,parallel_fs,parallel_fs,source->target,0.25,1,12,"{'G0': True, 'GA': True, 'GB': True, 'GC': True, 'GD': True, 'GE': True, 'GF': False, 'GH': True}",block,False,False,False,True,2026-03-05T19:24:21+00:00,2026-03-05T19:24:22.031050+00:00,0.1.0,,,,,0.031049999999999998,,,,,,,0.0,,1.0,0.0,0.0,0.0,0.0,1.0,0.0,0.0,1.0,0.19710000000000003,0.8029,,,,
ideal_e4_adapt_vqe_B6_no_backend_snapshot_seed113,adapt_vqe,adapt_style_larger_active_space,ideal,e4,113,,B6,ablation_restore,no_backend_snapshot,parallel_fs,parallel_fs,source->target,0.25,1,12,"{'G0': True, 'GA': True, 'GB': True, 'GC': True, 'GD': True, 'GE': True, 'GF': False, 'GH': True}",block,False,False,False,True,2026-03-18T10:38:23+00:00,2026-03-18T10:38:24.031050+00:00,0.1.0,,,,,0.031049999999999998,,,,,,,0.0,,1.0,0.0,0.0,0.0,0.0,1.0,0.0,0.0,1.0,0.19710000000000003,0.8029,,,,
ideal_e4_adapt_vqe_B6_no_geometry_seed11,adapt_vqe,adapt_style_larger_active_space,ideal,e4,11,,B6,ablation_restore,no_geometry,parallel_fs,parallel_fs,source->target,0.25,1,12,"{'G0': True, 'GA': True, 'GB': True, 'GC': True, 'GD': True, 'GE': True, 'GF': True, 'GH': False}",block,False,False,False,True,2026-03-08T02:37:52+00:00,2026-03-08T02:37:53.031050+00:00,0.1.0,,,,,0.031049999999999998,,,,,,,0.0,,1.0,0.0,0.0,0.0,0.0,1.0,0.0,0.0,1.0,0.19710000000000003,0.8029,,,,
ideal_e4_adapt_vqe_B6_no_geometry_seed17,adapt_vqe,adapt_style_larger_active_space,ideal,e4,17,,B6,ablation_restore,no_geometry,parallel_fs,parallel_fs,source->target,0.25,1,12,"{'G0': True, 'GA': True, 'GB': True, 'GC': True, 'GD': True, 'GE': True, 'GF': True, 'GH': False}",block,False,False,False,True,2026-03-09T13:50:09+00:00,2026-03-09T13:50:10.031050+00:00,0.1.0,,,,,0.031049999999999998,,,,,,,0.0,,1.0,0.0,0.0,0.0,0.0,1.0,0.0,0.0,1.0,0.19710000000000003,0.8029,,,,
ideal_e4_adapt_vqe_B6_no_geometry_seed23,adapt_vqe,adapt_style_larger_active_space,ideal,e4,23,,B6,ablation_restore,no_geometry,parallel_fs,parallel_fs,source->target,0.25,1,12,"{'G0': True, 'GA': True, 'GB': True, 'GC': True, 'GD': True, 'GE': True, 'GF': True, 'GH': False}",block,False,False,False,True,2026-03-24T13:54:41+00:00,2026-03-24T13:54:42.031050+00:00,0.1.0,,,,,0.031049999999999998,,,,,,,0.0,,1.0,0.0,0.0,0.0,0.0,1.0,0.0,0.0,1.0,0.19710000000000003,0.8029,,,,
ideal_e4_adapt_vqe_B6_no_geometry_seed31,adapt_vqe,adapt_style_larger_active_space,ideal,e4,31,,B6,ablation_restore,no_geometry,parallel_fs,parallel_fs,source->target,0.25,1,12,"{'G0': True, 'GA': True, 'GB': True, 'GC': True, 'GD': True, 'GE': True, 'GF': True, 'GH': False}",block,False,False,False,True,2026-03-29T16:06:28+00:00,2026-03-29T16:06:29.031050+00:00,0.1.0,,,,,0.031049999999999998,,,,,,,0.0,,1.0,0.0,0.0,0.0,0.0,1.0,0.0,0.0,1.0,0.19710000000000003,0.8029,,,,
ideal_e4_adapt_vqe_B6_no_geometry_seed43,adapt_vqe,adapt_style_larger_active_space,ideal,e4,43,,B6,ablation_restore,no_geometry,parallel_fs,parallel_fs,source->target,0.25,1,12,"{'G0': True, 'GA': True, 'GB': True, 'GC': True, 'GD': True, 'GE': True, 'GF': True, 'GH': False}",block,False,False,False,True,2026-03-19T22:03:21+00:00,2026-03-19T22:03:22.031050+00:00,0.1.0,,,,,0.031049999999999998,,,,,,,0.0,,1.0,0.0,0.0,0.0,0.0,1.0,0.0,0.0,1.0,0.19710000000000003,0.8029,,,,
ideal_e4_adapt_vqe_B6_no_geometry_seed59,adapt_vqe,adapt_style_larger_active_space,ideal,e4,59,,B6,ablation_restore,no_geometry,parallel_fs,parallel_fs,source->target,0.25,1,12,"{'G0': True, 'GA': True, 'GB': True, 'GC': True, 'GD': True, 'GE': True, 'GF': True, 'GH': False}",migration,True,True,False,False,2026-03-17T14:56:41+00:00,2026-03-17T14:56:42.040971+00:00,0.1.0,,,,,0.031049999999999998,,,,,,,1.0,,0.0474774006162639,0.23419967439725223,0.009920841209610565,1.0,0.0,0.0,0.0,1.0,0.0,0.6570000000000001,0.34299999999999986,,,,
ideal_e4_adapt_vqe_B6_no_geometry_seed71,adapt_vqe,adapt_style_larger_active_space,ideal,e4,71,,B6,ablation_restore,no_geometry,parallel_fs,parallel_fs,source->target,0.25,1,12,"{'G0': True, 'GA': True, 'GB': True, 'GC': True, 'GD': True, 'GE': True, 'GF': True, 'GH': False}",migration,True,True,False,False,2026-03-03T07:37:55+00:00,2026-03-03T07:37:56.042606+00:00,0.1.0,,,,,0.031049999999999998,,,,,,,1.0,,0.0194661224522699,0.15296683687893678,0.01155590823078878,1.0,0.0,0.0,0.0,1.0,0.0,0.6570000000000001,0.34299999999999986,,,,
ideal_e4_adapt_vqe_B6_no_geometry_seed83,adapt_vqe,adapt_style_larger_active_space,ideal,e4,83,,B6,ablation_restore,no_geometry,parallel_fs,parallel_fs,source->target,0.25,1,12,"{'G0': True, 'GA': True, 'GB': True, 'GC': True, 'GD': True, 'GE': True, 'GF': True, 'GH': False}",block,False,False,False,True,2026-03-15T19:44:29+00:00,2026-03-15T19:44:30.031050+00:00,0.1.0,,,,,0.031049999999999998,,,,,,,0.0,,1.0,0.0,0.0,0.0,0.0,1.0,0.0,0.0,1.0,0.19710000000000003,0.8029,,,,
ideal_e4_adapt_vqe_B6_no_geometry_seed97,adapt_vqe,adapt_style_larger_active_space,ideal,e4,97,,B6,ablation_restore,no_geometry,parallel_fs,parallel_fs,source->target,0.25,1,12,"{'G0': True, 'GA': True, 'GB': True, 'GC': True, 'GD': True, 'GE': True, 'GF': True, 'GH': False}",block,False,False,False,True,2026-03-28T21:58:55+00:00,2026-03-28T21:58:56.031050+00:00,0.1.0,,,,,0.031049999999999998,,,,,,,0.0,,1.0,0.0,0.0,0.0,0.0,1.0,0.0,0.0,1.0,0.19710000000000003,0.8029,,,,
ideal_e4_adapt_vqe_B6_no_geometry_seed101,adapt_vqe,adapt_style_larger_active_space,ideal,e4,101,,B6,ablation_restore,no_geometry,parallel_fs,parallel_fs,source->target,0.25,1,12,"{'G0': True, 'GA': True, 'GB': True, 'GC': True, 'GD': True, 'GE': True, 'GF': True, 'GH': False}",block,False,False,False,True,2026-03-15T12:59:29+00:00,2026-03-15T12:59:30.031050+00:00,0.1.0,,,,,0.031049999999999998,,,,,,,0.0,,1.0,0.0,0.0,0.0,0.0,1.0,0.0,0.0,1.0,0.19710000000000003,0.8029,,,,
ideal_e4_adapt_vqe_B6_no_geometry_seed107,adapt_vqe,adapt_style_larger_active_space,ideal,e4,107,,B6,ablation_restore,no_geometry,parallel_fs,parallel_fs,source->target,0.25,1,12,"{'G0': True, 'GA': True, 'GB': True, 'GC': True, 'GD': True, 'GE': True, 'GF': True, 'GH': False}",block,False,False,False,True,2026-03-12T08:02:29+00:00,2026-03-12T08:02:30.031050+00:00,0.1.0,,,,,0.031049999999999998,,,,,,,0.0,,1.0,0.0,0.0,0.0,0.0,1.0,0.0,0.0,1.0,0.19710000000000003,0.8029,,,,
ideal_e4_adapt_vqe_B6_no_geometry_seed113,adapt_vqe,adapt_style_larger_active_space,ideal,e4,113,,B6,ablation_restore,no_geometry,parallel_fs,parallel_fs,source->target,0.25,1,12,"{'G0': True, 'GA': True, 'GB': True, 'GC': True, 'GD': True, 'GE': True, 'GF': True, 'GH': False}",block,False,False,False,True,2026-03-23T04:58:54+00:00,2026-03-23T04:58:55.031050+00:00,0.1.0,,,,,0.031049999999999998,,,,,,,0.0,,1.0,0.0,0.0,0.0,0.0,1.0,0.0,0.0,1.0,0.19710000000000003,0.8029,,,,
ideal_e4_adapt_vqe_B6_no_adapt_history_seed11,adapt_vqe,adapt_style_larger_active_space,ideal,e4,11,,B6,ablation_restore,no_adapt_history,parallel_fs,parallel_fs,source->target,0.25,1,12,"{'G0': True, 'GA': False, 'GB': True, 'GC': True, 'GD': True, 'GE': True, 'GF': True, 'GH': True}",block,False,False,False,True,2026-03-10T19:19:07+00:00,2026-03-10T19:19:08.031050+00:00,0.1.0,,,,,0.031049999999999998,,,,,,,0.0,,1.0,0.0,0.0,0.0,0.0,1.0,0.0,0.0,1.0,0.1701,0.8299,,,,
ideal_e4_adapt_vqe_B6_no_adapt_history_seed17,adapt_vqe,adapt_style_larger_active_space,ideal,e4,17,,B6,ablation_restore,no_adapt_history,parallel_fs,parallel_fs,source->target,0.25,1,12,"{'G0': True, 'GA': False, 'GB': True, 'GC': True, 'GD': True, 'GE': True, 'GF': True, 'GH': True}",block,False,False,False,True,2026-03-12T05:59:53+00:00,2026-03-12T05:59:54.031050+00:00,0.1.0,,,,,0.031049999999999998,,,,,,,0.0,,1.0,0.0,0.0,0.0,0.0,1.0,0.0,0.0,1.0,0.1701,0.8299,,,,
ideal_e4_adapt_vqe_B6_no_adapt_history_seed23,adapt_vqe,adapt_style_larger_active_space,ideal,e4,23,,B6,ablation_restore,no_adapt_history,parallel_fs,parallel_fs,source->target,0.25,1,12,"{'G0': True, 'GA': False, 'GB': True, 'GC': True, 'GD': True, 'GE': True, 'GF': True, 'GH': True}",block,False,False,False,True,2026-03-28T18:16:21+00:00,2026-03-28T18:16:22.031050+00:00,0.1.0,,,,,0.031049999999999998,,,,,,,0.0,,1.0,0.0,0.0,0.0,0.0,1.0,0.0,0.0,1.0,0.1701,0.8299,,,,
ideal_e4_adapt_vqe_B6_no_adapt_history_seed31,adapt_vqe,adapt_style_larger_active_space,ideal,e4,31,,B6,ablation_restore,no_adapt_history,parallel_fs,parallel_fs,source->target,0.25,1,12,"{'G0': True, 'GA': False, 'GB': True, 'GC': True, 'GD': True, 'GE': True, 'GF': True, 'GH': True}",block,False,False,False,True,2026-03-02T16:18:23+00:00,2026-03-02T16:18:24.031050+00:00,0.1.0,,,,,0.031049999999999998,,,,,,,0.0,,1.0,0.0,0.0,0.0,0.0,1.0,0.0,0.0,1.0,0.1701,0.8299,,,,
ideal_e4_adapt_vqe_B6_no_adapt_history_seed43,adapt_vqe,adapt_style_larger_active_space,ideal,e4,43,,B6,ablation_restore,no_adapt_history,parallel_fs,parallel_fs,source->target,0.25,1,12,"{'G0': True, 'GA': False, 'GB': True, 'GC': True, 'GD': True, 'GE': True, 'GF': True, 'GH': True}",block,False,False,False,True,2026-03-25T22:42:34+00:00,2026-03-25T22:42:35.031050+00:00,0.1.0,,,,,0.031049999999999998,,,,,,,0.0,,1.0,0.0,0.0,0.0,0.0,1.0,0.0,0.0,1.0,0.1701,0.8299,,,,
ideal_e4_adapt_vqe_B6_no_adapt_history_seed59,adapt_vqe,adapt_style_larger_active_space,ideal,e4,59,,B6,ablation_restore,no_adapt_history,parallel_fs,parallel_fs,source->target,0.25,1,12,"{'G0': True, 'GA': False, 'GB': True, 'GC': True, 'GD': True, 'GE': True, 'GF': True, 'GH': True}",block,False,False,False,True,2026-03-19T18:10:40+00:00,2026-03-19T18:10:41.031050+00:00,0.1.0,,,,,0.031049999999999998,,,,,,,0.0,,1.0,0.0,0.0,0.0,0.0,1.0,0.0,0.0,1.0,0.1701,0.8299,,,,
ideal_e4_adapt_vqe_B6_no_adapt_history_seed71,adapt_vqe,adapt_style_larger_active_space,ideal,e4,71,,B6,ablation_restore,no_adapt_history,parallel_fs,parallel_fs,source->target,0.25,1,12,"{'G0': True, 'GA': False, 'GB': True, 'GC': True, 'GD': True, 'GE': True, 'GF': True, 'GH': True}",block,False,False,False,True,2026-03-12T01:26:29+00:00,2026-03-12T01:26:30.031050+00:00,0.1.0,,,,,0.031049999999999998,,,,,,,0.0,,1.0,0.0,0.0,0.0,0.0,1.0,0.0,0.0,1.0,0.1701,0.8299,,,,
ideal_e4_adapt_vqe_B6_no_adapt_history_seed83,adapt_vqe,adapt_style_larger_active_space,ideal,e4,83,,B6,ablation_restore,no_adapt_history,parallel_fs,parallel_fs,source->target,0.25,1,12,"{'G0': True, 'GA': False, 'GB': True, 'GC': True, 'GD': True, 'GE': True, 'GF': True, 'GH': True}",block,False,False,False,True,2026-03-23T07:50:17+00:00,2026-03-23T07:50:18.031050+00:00,0.1.0,,,,,0.031049999999999998,,,,,,,0.0,,1.0,0.0,0.0,0.0,0.0,1.0,0.0,0.0,1.0,0.1701,0.8299,,,,
ideal_e4_adapt_vqe_B6_no_adapt_history_seed97,adapt_vqe,adapt_style_larger_active_space,ideal,e4,97,,B6,ablation_restore,no_adapt_history,parallel_fs,parallel_fs,source->target,0.25,1,12,"{'G0': True, 'GA': False, 'GB': True, 'GC': True, 'GD': True, 'GE': True, 'GF': True, 'GH': True}",block,False,False,False,True,2026-03-09T00:45:05+00:00,2026-03-09T00:45:06.031050+00:00,0.1.0,,,,,0.031049999999999998,,,,,,,0.0,,1.0,0.0,0.0,0.0,0.0,1.0,0.0,0.0,1.0,0.1701,0.8299,,,,
ideal_e4_adapt_vqe_B6_no_adapt_history_seed101,adapt_vqe,adapt_style_larger_active_space,ideal,e4,101,,B6,ablation_restore,no_adapt_history,parallel_fs,parallel_fs,source->target,0.25,1,12,"{'G0': True, 'GA': False, 'GB': True, 'GC': True, 'GD': True, 'GE': True, 'GF': True, 'GH': True}",block,False,False,False,True,2026-03-10T04:59:10+00:00,2026-03-10T04:59:11.031050+00:00,0.1.0,,,,,0.031049999999999998,,,,,,,0.0,,1.0,0.0,0.0,0.0,0.0,1.0,0.0,0.0,1.0,0.1701,0.8299,,,,
ideal_e4_adapt_vqe_B6_no_adapt_history_seed107,adapt_vqe,adapt_style_larger_active_space,ideal,e4,107,,B6,ablation_restore,no_adapt_history,parallel_fs,parallel_fs,source->target,0.25,1,12,"{'G0': True, 'GA': False, 'GB': True, 'GC': True, 'GD': True, 'GE': True, 'GF': True, 'GH': True}",block,False,False,False,True,2026-03-29T14:01:48+00:00,2026-03-29T14:01:49.031050+00:00,0.1.0,,,,,0.031049999999999998,,,,,,,0.0,,1.0,0.0,0.0,0.0,0.0,1.0,0.0,0.0,1.0,0.1701,0.8299,,,,
ideal_e4_adapt_vqe_B6_no_adapt_history_seed113,adapt_vqe,adapt_style_larger_active_space,ideal,e4,113,,B6,ablation_restore,no_adapt_history,parallel_fs,parallel_fs,source->target,0.25,1,12,"{'G0': True, 'GA': False, 'GB': True, 'GC': True, 'GD': True, 'GE': True, 'GF': True, 'GH': True}",block,False,False,False,True,2026-03-24T02:17:11+00:00,2026-03-24T02:17:12.031050+00:00,0.1.0,,,,,0.031049999999999998,,,,,,,0.0,,1.0,0.0,0.0,0.0,0.0,1.0,0.0,0.0,1.0,0.1701,0.8299,,,,
