path,source_sha256,release_sha256,transformation
Results/paper_assets_final/validation/figure_height_optimization_validation.json,2fb20b2bae1c2826a60e04e6f8972a157e2cd12329f1e1e834ae4058dd6149b6,70106b1c15dfa42280dac84bfeb5ab9d82491fbf146ea810c44074778b5fa3b3,identity-bearing path/account metadata pseudonymized; measurements unchanged
additional_hardware_experiments/README.md,aece932fbb451e426ab855d8a8d5889356e52a3bbab3fe20c8ab78d5109b7b0f,a20df1f1ce69ab50f8bbf68c5af4da0cb0f1347f927c6ad84e97193447fa3215,identity-bearing path/account metadata pseudonymized; measurements unchanged
additional_hardware_experiments/configs/ablation_spotcheck.yaml,ea451e21780a20d6765ef2c12690311d4e323050cc83c1cbd0b2fc872ad6fea1,6d8a994ac11178329bddba21eeaa0fb040e5ce36ca15d91c7a71a7988cb75d57,identity-bearing path/account metadata pseudonymized; measurements unchanged
additional_hardware_experiments/configs/migration_matrix.yaml,a992acc70a3e5cbcff4f01d6e91d3ff2febcb8e1607ab137acd9c0d55dae4fc9,6abc039454421e36a732af5247c331a78c4a97cc58ba698ead3873d9071ae70b,identity-bearing path/account metadata pseudonymized; measurements unchanged
additional_hardware_experiments/configs/resume_spotcheck.yaml,3edfb99c2aceb32f68948e7c6f644e19098885682f491dabd68ad409da6f6e05,f88a59cf304658cd1a9ebfd0e8434fc288a5d4729f1ad2115fd9dd54069978f8,identity-bearing path/account metadata pseudonymized; measurements unchanged
additional_hardware_experiments/configs/resume_spotcheck_live.yaml,c895c652317b094a5ac261fc2576f737d3b88185b8c272287563ac2db646656d,621ac6c21a9289336408910b47e698316ab3a65065b0d1bde0a7d361aa3c149a,identity-bearing path/account metadata pseudonymized; measurements unchanged
additional_hardware_experiments/results/ablation_spotcheck/manifest.json,33079aab212244696f161b31feddd674e9606b994db081ef3ee2d07d4fc1343d,0c519e48e5cdde9fd170e760c7a916537fe2330e4fbf0bde44139bc3171d5936,identity-bearing path/account metadata pseudonymized; measurements unchanged
additional_hardware_experiments/results/ablation_spotcheck/outputs/manifest.json,33079aab212244696f161b31feddd674e9606b994db081ef3ee2d07d4fc1343d,0c519e48e5cdde9fd170e760c7a916537fe2330e4fbf0bde44139bc3171d5936,identity-bearing path/account metadata pseudonymized; measurements unchanged
additional_hardware_experiments/results/migration_matrix/manifest.json,0379f6b9460906584e6568b953b6bea50dc2bc3bd8a9c95ca4d836f86314b798,d155a115c3508fe9a4ba33c9466f7116c64362b05c81a3a49d0d194d06a3ed43,identity-bearing path/account metadata pseudonymized; measurements unchanged
additional_hardware_experiments/results/migration_matrix/outputs/manifest.json,0379f6b9460906584e6568b953b6bea50dc2bc3bd8a9c95ca4d836f86314b798,d155a115c3508fe9a4ba33c9466f7116c64362b05c81a3a49d0d194d06a3ed43,identity-bearing path/account metadata pseudonymized; measurements unchanged
additional_hardware_experiments/results/resume_spotcheck/manifest.json,83149096cbe84ec2637c5455307ec72b2660b22c5a07b82e68099b5a9d5a6e03,d48ba4203e5b47e49a31fd7f9372e8debc722bb986842098101cea842d19ae86,identity-bearing path/account metadata pseudonymized; measurements unchanged
additional_hardware_experiments/results/resume_spotcheck/outputs/manifest.json,83149096cbe84ec2637c5455307ec72b2660b22c5a07b82e68099b5a9d5a6e03,d48ba4203e5b47e49a31fd7f9372e8debc722bb986842098101cea842d19ae86,identity-bearing path/account metadata pseudonymized; measurements unchanged
additional_hardware_experiments/results/resume_spotcheck_live/manifest.json,62cf0b8729b2addce3d3ae2ab658f99a458e787e38d63a746d6d2fa20b555350,225a2aa7602c33368d455fadc4e9f5d238642bf4b14c5530687c9715fa53a955,identity-bearing path/account metadata pseudonymized; measurements unchanged
additional_hardware_experiments/results/resume_spotcheck_live/outputs/manifest.json,62cf0b8729b2addce3d3ae2ab658f99a458e787e38d63a746d6d2fa20b555350,225a2aa7602c33368d455fadc4e9f5d238642bf4b14c5530687c9715fa53a955,identity-bearing path/account metadata pseudonymized; measurements unchanged
configs/hardware/e3_hw_live.yaml,11e2e7da86e3b941df9486cfa063c6568f7f07c086cda00a73a1d8d3435401c8,3dae2f5199ece4e6c9cbdeb46159129937ac9a7e25f452bb1864051544cbf472,identity-bearing path/account metadata pseudonymized; measurements unchanged
data/manifests/hardware_e3_hw_manifest.json,aefa88ff3fc14392778a7b004cb9c171f64c9f9c63dd56c423e40a4390bb1be0,e11b6e616e451426a299d1e688a149bf7ec3a9eaa65bd0371001d04848135fe4,identity-bearing path/account metadata pseudonymized; measurements unchanged
data/manifests/ideal_e1_manifest.json,8884c153451d34edcfcdddf32822bf17022f6545b469048da52ed586fa05c0d4,8806553cb3dbc58c5f2cdd2db04b79937f1983a7852fe06b772f33ae03fdf089,identity-bearing path/account metadata pseudonymized; measurements unchanged
data/manifests/ideal_e1_review_manifest.json,d693fe3a9e8b1a38993106af296c6cea35affe4c52ec64e5ea0b22176fed24c6,656c7126e509d83c0df4f0b2a7231ab77877c48f29b8e96f5d90adc479553070,identity-bearing path/account metadata pseudonymized; measurements unchanged
data/manifests/ideal_e2_manifest.json,a928ed26647998075490b0fdcdcb4540ca2bff62292134c862f337cabc46bde5,d1610baab26a5f1ef0ea5baa0771817b1b0b83bf5635b7e744b3cac58a140f14,identity-bearing path/account metadata pseudonymized; measurements unchanged
data/manifests/ideal_e4_manifest.json,7c04f7b59cd143380604117fc91495bc77860f24f6436e1b158e27ca52cdba41,ce8f06054437b38d093ea6bf266ad7647be67ca7b95bd89e6f60ede21103d816,identity-bearing path/account metadata pseudonymized; measurements unchanged
data/manifests/noisy_e3_manifest.json,072cdee4fd14b0f6624f5a57a20a1f76b3d4e0488c12172ae8111be7d5aab699,b95ad56ffed810fc12cb202dfedeba0b75563e834645dc545c8bdbc5103349ce,identity-bearing path/account metadata pseudonymized; measurements unchanged
data/manifests/noisy_e3_review_manifest.json,7267f7c14cd9c2d2c028d48119adcab44d499746723c3fa511afbbbf1efe5092,4469594d851013c353e710a729e75e6322fffd098c3d6c8a34be503c875647ef,identity-bearing path/account metadata pseudonymized; measurements unchanged
experiments/hardware_lih_final_evidence/manifests/final_campaign_design_manifest.json,2e21b167f668d238e3f6581629c177912e8e462886ba2da8a6de78311007a94b,3a42a31389a322cd3791766c23bdcf3c6c9633b931d3bf3e6deb068e765cb1aa,identity-bearing path/account metadata pseudonymized; measurements unchanged
experiments/hardware_lih_final_evidence/raw/5q/campaign_records.json,ca854d7e3152a3135b19dfffc21cd15bab12c58a06999d0295d2eb8cd32fc9ff,6e1e0d4d3f0f6ecab6b1957029900309f6f4cae6ed2fd511256aa183f1b97579,identity-bearing path/account metadata pseudonymized; measurements unchanged
experiments/hardware_lih_final_evidence/raw/5q/evaluation_blocks/5q-ibm_fez-block-00/campaign_records.json,75fa17615757786f67c85023185333d975177653e248ee78bd75f52fac447f1f,14d68cb0630994032d8df49a38f999dceb68427f8c3773f75e454c741616586a,identity-bearing path/account metadata pseudonymized; measurements unchanged
experiments/hardware_lih_final_evidence/raw/5q/evaluation_blocks/5q-ibm_fez-block-01/campaign_records.json,e32f22bb1bd59a334a35aec967baa37ea8570f8bf45bb58eb9289ecc1b50163d,dcf6aa40b4e06fa1fc4411811328ef954c13924a992fcd3e7cbddd6a92bd088a,identity-bearing path/account metadata pseudonymized; measurements unchanged
experiments/hardware_lih_final_evidence/raw/5q/evaluation_blocks/5q-ibm_fez-block-02/campaign_records.json,537f069fa985019ba35deb39f7cd8623576959ead3c39b638ed6fc21b80a428b,9998911712f17a7a2c2022144cd1446410771d51d53dffa3c4be9ea99a787004,identity-bearing path/account metadata pseudonymized; measurements unchanged
experiments/hardware_lih_final_evidence/raw/5q/evaluation_blocks/5q-ibm_pittsburgh-block-00/campaign_records.json,723ea9d0b6d09b7ffa1599037a8e9a0aafe28823a429186a24d72125970e3bb7,46669565721d447a4d216bdcf6df684d82b9e1ed8cf1489007572f15c385abb5,identity-bearing path/account metadata pseudonymized; measurements unchanged
experiments/hardware_lih_final_evidence/raw/5q/evaluation_blocks/5q-ibm_pittsburgh-block-01/campaign_records.json,af7f0136fb656dc66acaab8e2de5fd485e4d713d4dd64113adeaf15147ff2ad4,465320b90c2e017048e0a6df77e01dc9b648db2f5dffb0a323c03c10a68546aa,identity-bearing path/account metadata pseudonymized; measurements unchanged
experiments/hardware_lih_final_evidence/raw/5q/evaluation_blocks/5q-ibm_pittsburgh-block-02/campaign_records.json,51790efcb94157c265595419a72da55897d3e4e02657df414cb576710b3d168b,387089a3131f16d8dcd2c7b43e2e07332cc3eac892bdb4d5889b084c6d230752,identity-bearing path/account metadata pseudonymized; measurements unchanged
experiments/hardware_lih_vertical/dry_run/manifests/campaign_manifest.json,b5a424781cc61cd1c5792a37dbf59abae2493ac9e6f10728cd94cd25e0cd7409,d9fabc43f580b0a1a7e2ffe2a44e5896b27ffbba59ef8e57b344271c8ac1d264,identity-bearing path/account metadata pseudonymized; measurements unchanged
experiments/hardware_lih_vertical/dry_run/raw/campaign_records.json,5af3acadb1ade07e3004b3e4c1ac197380e4a8f9b76a65dfcab3c0d658e13a2f,8a2ec3ba3d60b71c754a8374da5c46548977401d2d26fd3cc820cb72f89542fc,identity-bearing path/account metadata pseudonymized; measurements unchanged
experiments/hardware_lih_vertical/manifests/overnight_state.json,2160ac51291ced7b79ac0bc1003bdf85de255763b4ba0a008ecfdebbe84d9a66,9e2825ffccabb1bd26c183dc3cddc971857642690b2e7c703f4489b76ecaaeea,identity-bearing path/account metadata pseudonymized; measurements unchanged
experiments/hardware_lih_vertical/manifests/pilot_manifest.json,de63ff258b788e64adda22cad3b7166a7964b103327bdf0c9fff1237acdafef7,4f1265fde6a35e1e29bd412ed9871d8c783883cf308c46f2ff849476e70d9ed8,identity-bearing path/account metadata pseudonymized; measurements unchanged
outputs/sigmetrics/continuation_calibration_repair_v2/planner/processed/validation_report.json,6090797528bb1fd50118392ebcc3474646f76097bf7f230dd29476d7ed523c6c,cef258f4160472285c888dd93bb1fb36a772c22439bec2691d807eb572962082,identity-bearing path/account metadata pseudonymized; measurements unchanged
outputs/sigmetrics/continuation_calibration_repair_v2/repair_manifest.json,afefa6a762d340172d53a90e886b0c0d4807e1fa30374e1f342287f723a70d47,2011ae9a380db6332964dfc39684898ece00d5b4577bf48b3612527b47b6522b,identity-bearing path/account metadata pseudonymized; measurements unchanged
outputs/sigmetrics/continuation_calibration_repair_v2/rq3/analysis/pair_invariant_audit.json,792c94b0c0e15a0246331eabb9f4f8d013aa4b11ee9817244d6b3b289edafd09,2410f2e58db6cc22cbb0a661234a88e12ad6cb3bcffe83ff3ea338d881f3de64,identity-bearing path/account metadata pseudonymized; measurements unchanged
outputs/sigmetrics/continuation_calibration_repair_v2/rq3/analysis/scientific_input_equivalence.json,b93a601df9c4d9f291536276be8d7d995dd75bfa75e11a79a968c1efaf3ea1ad,42863de6c0fd6d32485f8487582444b16ea0e3a69df823e8251629dc679ea054,identity-bearing path/account metadata pseudonymized; measurements unchanged
outputs/sigmetrics/continuation_calibration_repair_v2/rq3/processed/validation_report.json,79e0c064ab618cdcd194450b507e50e1f1d4ac0a1ec08c0ab6cee37036715e2f,f3a0cdbb8c2d7ad6f5df7236013f2fc9abac7fccb09fdff087f11544debcd3e7,identity-bearing path/account metadata pseudonymized; measurements unchanged
outputs/sigmetrics/continuation_calibration_repair_v2/rq4/processed/validation_report.json,5fe7d15dd595e5510db986e4e25e3422a217df060f6b2c2c6b3a449fd4306291,404c3fba71cd6924f28e4121807d12314b1f0a2f6a0acc7bcb9712f0d258457a,identity-bearing path/account metadata pseudonymized; measurements unchanged
outputs/sigmetrics/continuation_calibration_repair_v2/rq4_discriminability/diagnostic_summary.json,19ece4e13726dd60ccb6453074ae55b7c4b34f79b18759b62f7a26139147c69f,b45f37c6e43444c6b0bbf5d58220c6e1f573536ab36f9f34720127193d867b71,identity-bearing path/account metadata pseudonymized; measurements unchanged
outputs/sigmetrics/continuation_calibration_repair_v2/rq4_fresh/analysis/confirmation_summary.json,53554f6e51d60ead912b9b0b682796c39fb108f3d06f2b7831f07ff87ee570f2,9b59504078773bc0917e22fe95a20a18516c2a21e4595627c0d91a7470d2da3e,identity-bearing path/account metadata pseudonymized; measurements unchanged
outputs/sigmetrics/continuation_calibration_repair_v2/rq4_fresh/manifests/campaign.json,387fc673c09390a81e3b611f41847c65ae82a7ef7ece1ef7cff6e597c572d26e,13c0b0252b0ce113726bf3d3e64102b8881897311bec3598f54957bd7138cbee,identity-bearing path/account metadata pseudonymized; measurements unchanged
outputs/sigmetrics/continuation_calibration_repair_v2/rq4_fresh/processed/validation_report.json,6343ce7506f1813a3ec03b3cbf9ae7a42d0bf752c31d9e1b0183988339a43028,4ff471a6b713d58d0de3baeb9da35685efc50117f0a85735ea6bdbaf4ba75164,identity-bearing path/account metadata pseudonymized; measurements unchanged
outputs/sigmetrics/continuation_calibration_repair_v2/rq5/processed/validation_report.json,81b3fac556fe1eb5682ea67fce31c69a10bbd12435cd4a478e68cf5a0a3b26a5,446694848d30e8387cce4b4926d64ea590194df92e7770bf19ce9f6e151ff772,identity-bearing path/account metadata pseudonymized; measurements unchanged
outputs/sigmetrics/continuation_calibration_repair_v2/rq6/processed/validation_report.json,2fb98accd11d1ee2f175e298b318134ab820ede7408582e00ac33adb73485c65,febe84dbf1e6c2caa799cf0cf985fdd681a3d7463e0a76f35baca9d32d7815d4,identity-bearing path/account metadata pseudonymized; measurements unchanged
outputs/sigmetrics/qml_continuation_calibration/manifests/campaign.json,1a65b0886a745e13f7154d99b58511c22ae9c4bd6ea67714f598ece2feb41f91,5a723aae8477dd4cd7c384f159fbcdfaece0c4a485e858bd8a818bb1a0bae50a,identity-bearing path/account metadata pseudonymized; measurements unchanged
outputs/sigmetrics/qml_continuation_calibration/manifests/runs/sigmetrics-qml-continuation-calibration-final-v1--01c3cf5403ba3f55.json,07383ba366e0d956513e692e485dfc8164cb619d734f00f674b2ef3ddd5db9ac,c808b9e1c4dd05c59a6710f7869133d76d346038863d0a93b0e4c2502e12e028,identity-bearing path/account metadata pseudonymized; measurements unchanged
outputs/sigmetrics/qml_continuation_calibration/manifests/runs/sigmetrics-qml-continuation-calibration-final-v1--0572912c90c583b9.json,b17f8c36ee34b282e01e6a5e692da9cd81ac61e3e46d11f1c61f1320b3e9ac24,99c2fcbe06ee5e245dabe65cd7015e451325ace6b1e1d77bae39d8db073ab0ec,identity-bearing path/account metadata pseudonymized; measurements unchanged
outputs/sigmetrics/qml_continuation_calibration/manifests/runs/sigmetrics-qml-continuation-calibration-final-v1--1805ee8eaafd9df0.json,5ff7d165bfe028e03d270de410b23773e82a2ed7fed236528ae502faf73c85ba,3daf765faf626add1ea621d9ac930df56904e980c81f8e57d7485a621f4edc99,identity-bearing path/account metadata pseudonymized; measurements unchanged
outputs/sigmetrics/qml_continuation_calibration/manifests/runs/sigmetrics-qml-continuation-calibration-final-v1--3b7b30cfad383264.json,b895e24714dfecd47da5d4173048d5241d8ba31d78698b5faf6581ea3d1b1b27,ad315ec8c245903f6238e79a1a2a93603ded2dd83e6e9e90f8f125ba0eb31a24,identity-bearing path/account metadata pseudonymized; measurements unchanged
outputs/sigmetrics/qml_continuation_calibration/manifests/runs/sigmetrics-qml-continuation-calibration-final-v1--3c7616fa837d5e08.json,e7d4474dd050ff8d51d132a7d9e53c7a89b58befacab68d2d90cc4280b8bd4fa,ccfaa0a117f13f1c6370334b37b790161ed3c253c674d6ace59b95905289fe3c,identity-bearing path/account metadata pseudonymized; measurements unchanged
outputs/sigmetrics/qml_continuation_calibration/manifests/runs/sigmetrics-qml-continuation-calibration-final-v1--57f3179d6db020ca.json,c4bf56a38d62806f5d845598c79b28b09a3295ea0e434d8998aef1a3089e08ca,99b8e5698d1a99bbc5ae236a83a47eba1ea3a3d4372be3c0f927bb2751698db6,identity-bearing path/account metadata pseudonymized; measurements unchanged
outputs/sigmetrics/qml_continuation_calibration/manifests/runs/sigmetrics-qml-continuation-calibration-final-v1--683786a22d4a2d6c.json,00b06e7d7464ca5f640ec8b94e7449856ca8416994987b9d003406e2c77277ad,31ef3bfe6f4ccd3065f4ade783a8f1826f3843153db940e7fc490edd140d38ba,identity-bearing path/account metadata pseudonymized; measurements unchanged
outputs/sigmetrics/qml_continuation_calibration/manifests/runs/sigmetrics-qml-continuation-calibration-final-v1--7cab96d00b414029.json,ee03cc1ec2e80c6017ce25a94950f03baee2d121c15ba1e4f5c68aa49490e87a,784ac08c83315b8fa7e3888c0856cb3ea9ffe26bc96db87700547b5c03479168,identity-bearing path/account metadata pseudonymized; measurements unchanged
outputs/sigmetrics/qml_continuation_calibration/manifests/runs/sigmetrics-qml-continuation-calibration-final-v1--90f74c0eb88a302b.json,200db4aac6d1b457263c2918ecec8a61c43d86912e55977ba2813a02344097ea,897fdf48fd46ceb82e574ce841226fccf6624b0c67da4eca31c1f479e2ca4da7,identity-bearing path/account metadata pseudonymized; measurements unchanged
outputs/sigmetrics/qml_continuation_calibration/manifests/runs/sigmetrics-qml-continuation-calibration-final-v1--cff221b4dd951a82.json,c70407000aff17ee9ecba4fe176fa4d433c4410ce100372d3d97e24afd2c17fb,7d70dfb69b57c7414f94ce2ecf22d7f3148cfe935ad0139882854e7ce1519e0e,identity-bearing path/account metadata pseudonymized; measurements unchanged
outputs/sigmetrics/qml_continuation_calibration/manifests/runs/sigmetrics-qml-continuation-calibration-final-v1--d7b72a168cbabb4d.json,c5a439acbd714c5f51578a67c2829e645809070c319bb28326c11461c7b5fc28,af7b37981faf425d774b4ff4f4a29aaebe71983e7bb77fe13cccecb36ba2f0c6,identity-bearing path/account metadata pseudonymized; measurements unchanged
outputs/sigmetrics/qml_continuation_calibration/manifests/runs/sigmetrics-qml-continuation-calibration-final-v1--e296563fd3c2ce06.json,95504c5fedfd4689e9c0f482b657abd6b7c5b274173c20f61e9f36e77194c745,98e4410513cfb58e2c6ccfe2e019129853b7dd4c6ca1fb1efbd690a1fdbc84a3,identity-bearing path/account metadata pseudonymized; measurements unchanged
outputs/sigmetrics/qml_continuation_calibration/processed/validation_report.json,652467d4b98f49fd5af9cb1601135d7c058ef059d901184e17afae76c9abc81e,00561da2ba9204366bf3e24cee586876d113621b095a53e0b5a0c086236cc4d2,identity-bearing path/account metadata pseudonymized; measurements unchanged
outputs/sigmetrics/qml_planner_calibration/manifests/campaign.json,8f95f7ce2ace4d3a3d860a13853db2d6a25f522d4c4b6c90e43a41298730fc1e,fbe0277d4a761e6caaa131c46fdedf61b56c4df4d0be4a298305f9b97341d821,identity-bearing path/account metadata pseudonymized; measurements unchanged
outputs/sigmetrics/qml_planner_calibration/manifests/runs/sigmetrics-qml-planner-calibration-final-v1--02977d6d652a51af.json,239f030d2d8121eca0d14c87f7e8e960a407af11e8931d992e16c830f2fa5f6d,693f3038a96c296f35580ddb3cebd0886a3bd23848d245ff9dc639c22f8574bb,identity-bearing path/account metadata pseudonymized; measurements unchanged
outputs/sigmetrics/qml_planner_calibration/manifests/runs/sigmetrics-qml-planner-calibration-final-v1--0880e5521a9e2d85.json,e6fa8eb6208609880f39b20f4ee0625972e1fa4244d236f4772b91922464a8ac,e5235c8762fad3a32549cea46077221e82ef77d54d7b9680dcb34db154d68792,identity-bearing path/account metadata pseudonymized; measurements unchanged
outputs/sigmetrics/qml_planner_calibration/manifests/runs/sigmetrics-qml-planner-calibration-final-v1--0aecfed210af524e.json,8f8a275b33ef2cf91a36314f1e90b8d8564b34af34eb60de6665026305812eeb,f4e48c48aeb8bd68f069abafe3760795675e9ab9dd4074cddd44807e0034a73b,identity-bearing path/account metadata pseudonymized; measurements unchanged
outputs/sigmetrics/qml_planner_calibration/manifests/runs/sigmetrics-qml-planner-calibration-final-v1--153870e676ead942.json,314778e7465a783db9f08c153a491889aa8b7c9f5480148524d19b092a4a1243,f3b1c9c859b13313195bbf411da850dc4ea5860fc27c938618b865d92c54d43d,identity-bearing path/account metadata pseudonymized; measurements unchanged
outputs/sigmetrics/qml_planner_calibration/manifests/runs/sigmetrics-qml-planner-calibration-final-v1--21dc260fd9caed1d.json,6df218530b45abbb7d3afd850c07007e798fb86b4f9465c934d6b803cabf2ed8,80fd421a8ecd389b98f33b1fd6707ae2fdbb197be90424042e0bd0c7ad8b3b0b,identity-bearing path/account metadata pseudonymized; measurements unchanged
outputs/sigmetrics/qml_planner_calibration/manifests/runs/sigmetrics-qml-planner-calibration-final-v1--2c1ff0ce751d2d13.json,1ce718e0d9254ccf8fcc4b4ab3058a5905f747a8bbf00dc93f90540506d99d71,f36dbfbc927a1e8bc45211e88143a2a29b5431c12b2ab8b79867f362cddc8e49,identity-bearing path/account metadata pseudonymized; measurements unchanged
outputs/sigmetrics/qml_planner_calibration/manifests/runs/sigmetrics-qml-planner-calibration-final-v1--37e6160760272314.json,1c9a8cb07c7eb402a460d79658febacce2edd3c54a877e1fb8b9f80f03eee43b,9a7234653ab66cb837c2cf5820638e176f46a7e88f8d93eff182c3fc95d896c0,identity-bearing path/account metadata pseudonymized; measurements unchanged
outputs/sigmetrics/qml_planner_calibration/manifests/runs/sigmetrics-qml-planner-calibration-final-v1--58026501489822e8.json,dd88fd5dac815604acf7e5b70eefb84328e4eb2cb38cf5e746c71c55444b6985,c28acaa2e177ad1b2dc8f56a15ec7923842d832049ef623e9cd31bc2c49eb567,identity-bearing path/account metadata pseudonymized; measurements unchanged
outputs/sigmetrics/qml_planner_calibration/manifests/runs/sigmetrics-qml-planner-calibration-final-v1--5c77e2bc9cbb0fbb.json,1ee7d72efce561fdb9c573c19819353e68095fe6d7eceb98a51d4476bc0978df,44bcdeaf8fdcd1dc32d9cc5dd3ea1d8516dd2970690e42d958536e4ea673025d,identity-bearing path/account metadata pseudonymized; measurements unchanged
outputs/sigmetrics/qml_planner_calibration/manifests/runs/sigmetrics-qml-planner-calibration-final-v1--8ff685d60f62cb22.json,003c416c0ccd59d0369069040dee8bfa6b0d9651b80632db0f5973ce1de357b8,bf9e743dbd0814c5c86c05882bc88cd598000dae1a30858c2ca0d799eea3cf44,identity-bearing path/account metadata pseudonymized; measurements unchanged
outputs/sigmetrics/qml_planner_calibration/manifests/runs/sigmetrics-qml-planner-calibration-final-v1--a19d43d5715c697f.json,a0a369cf393218547c6cec4e612569224a55fa20b22cbef83fba29224817463d,39ce24180054177734f9e6ae70a9617e7fe9e76b72fd6e3ba41f6d3ad8b8abb9,identity-bearing path/account metadata pseudonymized; measurements unchanged
outputs/sigmetrics/qml_planner_calibration/manifests/runs/sigmetrics-qml-planner-calibration-final-v1--b5644d5b02d436b5.json,fb2968c2f554c3fe72eece1bba3b1642af625f7cb2d861621dc9fbe37d64c68d,fd3b60c8e90fa6cb1bd377a374ef95321b6537fbef7e1075b51dc1192491ef88,identity-bearing path/account metadata pseudonymized; measurements unchanged
outputs/sigmetrics/qml_planner_calibration/manifests/runs/sigmetrics-qml-planner-calibration-final-v1--d075986cccfd93a4.json,c90098d2b4e71d6d85dd02bbfadbb1de81f89963e9fa8a2990f6e2f77f61332f,145ae9a30d441693ead76d0006ccc09bb02c7c8f05b736912ca0835189635b97,identity-bearing path/account metadata pseudonymized; measurements unchanged
outputs/sigmetrics/qml_planner_calibration/manifests/runs/sigmetrics-qml-planner-calibration-final-v1--dc9354d13b824d52.json,b3005732d8200e31d3f755c4db083dedb7ae0113ca7d39d36a3fe1b97b9d1e81,c8cdc4ee12ed20f0e226d81185e403ef8fd33b0c40f4bfbe2fe8fc757678648d,identity-bearing path/account metadata pseudonymized; measurements unchanged
outputs/sigmetrics/qml_planner_calibration/manifests/runs/sigmetrics-qml-planner-calibration-final-v1--de6a2f07a84b2c7a.json,e1c91e69211b856b2943981fc3f513b0a5ed98321e8f22364160379f669bdc2d,7698e7a976f026b0f77818fa7427c90ed48354dfec4578d58737dd4151d21193,identity-bearing path/account metadata pseudonymized; measurements unchanged
outputs/sigmetrics/qml_planner_calibration/manifests/runs/sigmetrics-qml-planner-calibration-final-v1--de98bfdaaa1d8edb.json,6100edfadcfbc1001b16c3fe1185f986fdc4254a7d210eac1b1767007bc4cbfa,bc68c47d660da7d0afb63bf3269fcf51b9c2109c2628a89080ebb3ccb606be86,identity-bearing path/account metadata pseudonymized; measurements unchanged
outputs/sigmetrics/qml_planner_calibration/manifests/runs/sigmetrics-qml-planner-calibration-final-v1--e10d99c5eedfec86.json,ed1c512326417aafe486b208610ffc0fd835cc2be39330c75bd761752076ca69,9295eb1044f7a77fdf8578394a5fab1c6c129405b99d9ee6963e8636b905337f,identity-bearing path/account metadata pseudonymized; measurements unchanged
outputs/sigmetrics/qml_planner_calibration/manifests/runs/sigmetrics-qml-planner-calibration-final-v1--e90a3cba68230d00.json,06fbafa6f979208176cf960e607035af9b1b4ca7282fa01e23611d01abf3883e,65c58bc52b281fce59bbd2efaa4814b98f6afccb3525cbc05cc1fdeee30c4959,identity-bearing path/account metadata pseudonymized; measurements unchanged
outputs/sigmetrics/qml_planner_calibration/manifests/runs/sigmetrics-qml-planner-calibration-final-v1--fc62588d6c61bc69.json,45f70425502aa3226a36bb8c24d0e5edd2957558ef39763962eb5189f5fae5ab,e6623b4634c7bf69ea64e2d74554c3a119242c03840872f6f735ef08215c2bfe,identity-bearing path/account metadata pseudonymized; measurements unchanged
outputs/sigmetrics/qml_planner_calibration/manifests/runs/sigmetrics-qml-planner-calibration-final-v1--ff6f71a889ede65a.json,4529ffeee401dca3441d20c2bf302efcc02103e3c5c19942ed9ba1e4e68a2696,811d4f555f99517e22d3b1a1df059cc400ff9b87ae3cbb19456b1f4fb12c38c5,identity-bearing path/account metadata pseudonymized; measurements unchanged
outputs/sigmetrics/qml_planner_calibration/processed/validation_report.json,4397bd9043a108ab59b530e138f5f7958234b70fc7bd338bd90e6f45b8365988,ec9e7e9f025e20107745960053f46235ca52b96de2d1964bf284aa9c821c47a7,identity-bearing path/account metadata pseudonymized; measurements unchanged
outputs/sigmetrics/qml_targeted_evaluation/recommended/qml_targeted/manifests/campaign.json,4c97f23fe750103226b7dddf9f3774902192f30ba1e6898785407aad0e8198f2,2960d7d6002df5591671eb20d009083c30fb536d5d85dee93a48555fca2f37d7,identity-bearing path/account metadata pseudonymized; measurements unchanged
outputs/sigmetrics/qml_targeted_evaluation/recommended/qml_targeted/manifests/runs/sigmetrics-qml-targeted-evaluation-final-v1--recommended--qml_targeted--04d2cc9a3a26c219.json,c01eeefd3a160ef426fc363806692c3f5b2b6a5c321a64cfc245a4fcb7db1896,942f187a6c44d31d2329c5859a39a0edd590be561ea695f32cae000e6bb9eb4a,identity-bearing path/account metadata pseudonymized; measurements unchanged
outputs/sigmetrics/qml_targeted_evaluation/recommended/qml_targeted/manifests/runs/sigmetrics-qml-targeted-evaluation-final-v1--recommended--qml_targeted--08b068ea8461f37d.json,01691985e442c5bed76462d02bf2bcbdbb9d42e28e0a1233eb0c9801b25e6ce3,27e9a15bb65e2ffbe276ec4d048e3d4b1241b0cb09351d454cd7894bea5cc28c,identity-bearing path/account metadata pseudonymized; measurements unchanged
outputs/sigmetrics/qml_targeted_evaluation/recommended/qml_targeted/manifests/runs/sigmetrics-qml-targeted-evaluation-final-v1--recommended--qml_targeted--17b01da6e8d05f78.json,6927ba140dde940635dcfaeff5ac7e3e7223c540cf4f2e0daf4ee96c73a50734,7159582d69bb27811d5303be587560bede391a0165df2e2015b0b63dcc37c664,identity-bearing path/account metadata pseudonymized; measurements unchanged
outputs/sigmetrics/qml_targeted_evaluation/recommended/qml_targeted/manifests/runs/sigmetrics-qml-targeted-evaluation-final-v1--recommended--qml_targeted--55db0fbf9a11d195.json,ee352e0b9ba903796a3df7d0bdd17c231134690c6be6ae0a613debfd71a8ea2c,30c5fdc26d37fbc8503ea7e2c18844738319e1d073251e6611b251bf1a01c7e7,identity-bearing path/account metadata pseudonymized; measurements unchanged
outputs/sigmetrics/qml_targeted_evaluation/recommended/qml_targeted/manifests/runs/sigmetrics-qml-targeted-evaluation-final-v1--recommended--qml_targeted--6a718843fe3e3f68.json,16e266e69de5f0225aff38141001f1ed71a364ca669fafc837797f5a507aaec8,7b939319e8e7411e414193783cace01dc1829b062b99df832b9c6c5dbad30fa9,identity-bearing path/account metadata pseudonymized; measurements unchanged
outputs/sigmetrics/qml_targeted_evaluation/recommended/qml_targeted/manifests/runs/sigmetrics-qml-targeted-evaluation-final-v1--recommended--qml_targeted--7056c1ff4da04912.json,03919ca449432f5c786654c2c427093600e4a578a02af6f9061fd69ae6dd62c6,9a6a21ffeed746432ef03c341acf233157b13a18d234021f64402962cc0316f9,identity-bearing path/account metadata pseudonymized; measurements unchanged
outputs/sigmetrics/qml_targeted_evaluation/recommended/qml_targeted/manifests/runs/sigmetrics-qml-targeted-evaluation-final-v1--recommended--qml_targeted--8610b4b67c22941f.json,366e316be1e92c9414291fb7cf2050b8f3d3ce7a99a2215129b75e31be18ae3d,04b2ceff8842e9adb41da97c4a22e40517961e35d04be85a69bd6c4f5bf04b35,identity-bearing path/account metadata pseudonymized; measurements unchanged
outputs/sigmetrics/qml_targeted_evaluation/recommended/qml_targeted/manifests/runs/sigmetrics-qml-targeted-evaluation-final-v1--recommended--qml_targeted--aa1dc29d25a7c8f6.json,5fbdbfeb5897e13ce4fc25c17091a21af9bbb3199cf3d1e29b654a40b1b94b47,5a1ca1f1d2887894dc1dd2912eda6fc1640036c7008201c438b4a2226aef19cc,identity-bearing path/account metadata pseudonymized; measurements unchanged
outputs/sigmetrics/qml_targeted_evaluation/recommended/qml_targeted/manifests/runs/sigmetrics-qml-targeted-evaluation-final-v1--recommended--qml_targeted--cb61237ba4109f2b.json,534a136e030006641da2417a63cbc4a5c9d994ba7b9eac59c48679f68f46acbf,b0ad9ffa4bb48cff171624ef8a28e4056027007a8a860e22af2f9be6c4828c7a,identity-bearing path/account metadata pseudonymized; measurements unchanged
outputs/sigmetrics/qml_targeted_evaluation/recommended/qml_targeted/manifests/runs/sigmetrics-qml-targeted-evaluation-final-v1--recommended--qml_targeted--f72ffa0cecaf5731.json,e7ec0bf60de7bb3f557f03176823b6d1f7cbb3507c356a486375b648af9110ce,ff067b10eff7e04d5e4a7438986ca32e924203f7a0dfa487b4692afeb9acdc5f,identity-bearing path/account metadata pseudonymized; measurements unchanged
outputs/sigmetrics/qml_targeted_evaluation/recommended/qml_targeted/processed/validation_report.json,50fad8ab6e29cee21dc63c87c5991b1e01884979979addfb9d1862f323e42cae,bf9c6a97007cb0ca92cacecb89204281a269100e6c4967e8f47aafb0d75a599b,identity-bearing path/account metadata pseudonymized; measurements unchanged
outputs/sigmetrics/qml_targeted_evaluation/recommended/qml_targeted/raw/runs/sigmetrics-qml-targeted-evaluation-final-v1--recommended--qml_targeted--04d2cc9a3a26c219.json,4d390be83aa628f9517e5fc0f304fd4dd0f18f1a10afd51b5e5526792440cb1e,1b679925a81083e58adb6510d804c47fb60bcd911bb29c51461be082164488ee,identity-bearing path/account metadata pseudonymized; measurements unchanged
outputs/sigmetrics/qml_targeted_evaluation/recommended/qml_targeted/raw/runs/sigmetrics-qml-targeted-evaluation-final-v1--recommended--qml_targeted--08b068ea8461f37d.json,a3618588e1f407bf389e06bd86f3a058f7af154c45e78986a0241b59352bc4ca,1c5154f40410bf3508ccb5b909067845d355ed01fef95e5d8b874801b4c84b77,identity-bearing path/account metadata pseudonymized; measurements unchanged
outputs/sigmetrics/qml_targeted_evaluation/recommended/qml_targeted/raw/runs/sigmetrics-qml-targeted-evaluation-final-v1--recommended--qml_targeted--17b01da6e8d05f78.json,31621ceb6e986d9b7d30f07bc6c6aa68ba6bf5df9fa802e2943633f42b445bd6,a8f30be8dfed154e643464d6db25d742df6a1e74d965e9aa51dec6a743a56b5d,identity-bearing path/account metadata pseudonymized; measurements unchanged
outputs/sigmetrics/qml_targeted_evaluation/recommended/qml_targeted/raw/runs/sigmetrics-qml-targeted-evaluation-final-v1--recommended--qml_targeted--55db0fbf9a11d195.json,332f24ffe024cae3fcf3f972aef406d7d7950a634eecfa95d449dd2f00b66087,66babc526df43511ee141129c052b500d6d860403aafcd5a2432afd940c0bf33,identity-bearing path/account metadata pseudonymized; measurements unchanged
outputs/sigmetrics/qml_targeted_evaluation/recommended/qml_targeted/raw/runs/sigmetrics-qml-targeted-evaluation-final-v1--recommended--qml_targeted--6a718843fe3e3f68.json,893d31fbda4c358d57e6f8a882f02082ebf9ca5512b962af0003d19326c0e595,0e1f3e38fb3dcc7feb855fdbc027e7d990ee24989c076cee4585a1c4e9196edc,identity-bearing path/account metadata pseudonymized; measurements unchanged
outputs/sigmetrics/qml_targeted_evaluation/recommended/qml_targeted/raw/runs/sigmetrics-qml-targeted-evaluation-final-v1--recommended--qml_targeted--7056c1ff4da04912.json,103b57ebd14be49023040dfb224dbc829f49a891bb966a36225e7700c3607dc7,4d241326db9c78da2908fc7a884f8b1e565927428ae19c06b8f294fc01741b54,identity-bearing path/account metadata pseudonymized; measurements unchanged
outputs/sigmetrics/qml_targeted_evaluation/recommended/qml_targeted/raw/runs/sigmetrics-qml-targeted-evaluation-final-v1--recommended--qml_targeted--8610b4b67c22941f.json,dd4ec624055f346ea017051db66e0f1e509643c6cdb43fa1282f2a6acffacbc4,31022fe4e35727247e028e4243f8e66979f58591e4f0f69319b5e1e7da096982,identity-bearing path/account metadata pseudonymized; measurements unchanged
outputs/sigmetrics/qml_targeted_evaluation/recommended/qml_targeted/raw/runs/sigmetrics-qml-targeted-evaluation-final-v1--recommended--qml_targeted--aa1dc29d25a7c8f6.json,8eccf48e49d5639d23d99855602253b2b979644c577da4e81476f82f9a2de3b4,a486fee49f2aec828cfa8f7a3626faa4d0340fc0de6a2b8cb6ca09ba6fbb4d72,identity-bearing path/account metadata pseudonymized; measurements unchanged
outputs/sigmetrics/qml_targeted_evaluation/recommended/qml_targeted/raw/runs/sigmetrics-qml-targeted-evaluation-final-v1--recommended--qml_targeted--cb61237ba4109f2b.json,833f77062d9701dd10dfbfa8b784b6ba284c140f1e06937a9f1de0611d69fa2e,443b5b5bc53b0aa6e5b2a2388d5f171348a33930dbdc9a6676094ba1f895a7d7,identity-bearing path/account metadata pseudonymized; measurements unchanged
outputs/sigmetrics/qml_targeted_evaluation/recommended/qml_targeted/raw/runs/sigmetrics-qml-targeted-evaluation-final-v1--recommended--qml_targeted--f72ffa0cecaf5731.json,3eaea2a431f25a10069979cc2ec5fba74cca21ad11a3f52ffc6c3de71547f8ed,dcdcb3c7c09c5470e16092a3cf4d46b11a0d407f099d530c680f07656dd4fc35,identity-bearing path/account metadata pseudonymized; measurements unchanged
outputs/sigmetrics/rq1_boundary_placement/recommended/rq1_adapt_b6_main/manifests/campaign.json,afeb96db364fe4b6d84cbdcb404fc40d018a3e18acce7ed845af1fca3d5b1743,3f850ba01c3a144857e6673c4e18985d8c7386b21401435c98011e8252d625d9,identity-bearing path/account metadata pseudonymized; measurements unchanged
outputs/sigmetrics/rq1_boundary_placement/recommended/rq1_adapt_b6_main/manifests/runs/sigmetrics-rq1-boundary-placement-final-v1--recommended--rq1_adapt_b6_main--0895ed4987675210.json,65db365d1f376991b5f33a78d817cf8239e8510f5131427cce915c575fe0fb8c,cf4dbbc069829457fb98144623cfaa142443f420788b26947db88c963733d75c,identity-bearing path/account metadata pseudonymized; measurements unchanged
outputs/sigmetrics/rq1_boundary_placement/recommended/rq1_adapt_b6_main/manifests/runs/sigmetrics-rq1-boundary-placement-final-v1--recommended--rq1_adapt_b6_main--1107eb8b0b7ac5a7.json,e15e02f88db601fef74c8bd49cbfd9ff433745f06eaee4a3207fca84b09a9ff3,ac203192558bb2e2ac28ee4edcc8a2d0bdb826ba7f5f34365748d0a3e3728dd1,identity-bearing path/account metadata pseudonymized; measurements unchanged
outputs/sigmetrics/rq1_boundary_placement/recommended/rq1_adapt_b6_main/manifests/runs/sigmetrics-rq1-boundary-placement-final-v1--recommended--rq1_adapt_b6_main--12f110cb270d2de1.json,46b29777307915eb0fc7c7f066c8cb6708c1bd6672af37e2f91eef1af62cf174,a1b74534a6af920ad89a3122b02b2bcac1896893cfad8dfd89c97cc091a84f41,identity-bearing path/account metadata pseudonymized; measurements unchanged
outputs/sigmetrics/rq1_boundary_placement/recommended/rq1_adapt_b6_main/manifests/runs/sigmetrics-rq1-boundary-placement-final-v1--recommended--rq1_adapt_b6_main--2756814ebfe745da.json,006c1da97c58f52fbaf3f953733e7abfa72b5b1108e81942523c9cbead0fea31,d1622cd5f4640393497bcdf1bd37bc7dc007c142864d0e420d735eeb65ce2f1a,identity-bearing path/account metadata pseudonymized; measurements unchanged
outputs/sigmetrics/rq1_boundary_placement/recommended/rq1_adapt_b6_main/manifests/runs/sigmetrics-rq1-boundary-placement-final-v1--recommended--rq1_adapt_b6_main--344e5ffcd93aa980.json,7f25f463960697edf1a14aaf3b6162d9b0795d11018a90aab9a66c405fa6fb23,61bf7ce347a8d12f2fbce54f349d8a56d6585d6be7b4fd70691e116a74b7819c,identity-bearing path/account metadata pseudonymized; measurements unchanged
outputs/sigmetrics/rq1_boundary_placement/recommended/rq1_adapt_b6_main/manifests/runs/sigmetrics-rq1-boundary-placement-final-v1--recommended--rq1_adapt_b6_main--4fdce6e13a044f05.json,419a2b86b36502b38ad359ca3a3a0dcfc5dc7ffa045a77506499d3a614ca4609,e1a1a99164f479e973e0bcaf95e90e2e1581062ad42311943e2ebf3e9052dfd8,identity-bearing path/account metadata pseudonymized; measurements unchanged
outputs/sigmetrics/rq1_boundary_placement/recommended/rq1_adapt_b6_main/manifests/runs/sigmetrics-rq1-boundary-placement-final-v1--recommended--rq1_adapt_b6_main--5b220b2737b58797.json,adb13c9d32ac1b00e3d9b2c0dc67daeb74c7e66a5b3144542d9962e730cf9931,beb888ecc8658da31e5f99b77b9edddfa2bbb696fc76ec2ce9ce3780ed404c23,identity-bearing path/account metadata pseudonymized; measurements unchanged
outputs/sigmetrics/rq1_boundary_placement/recommended/rq1_adapt_b6_main/manifests/runs/sigmetrics-rq1-boundary-placement-final-v1--recommended--rq1_adapt_b6_main--7aa2456c77316651.json,cce8bfc5fef42f960e494bd1c4dd00cf638465f5865649cbd97675feb0fbfab7,17cc0b0c050fcad5581f1711aea06611ae61a366f10529a2d1a99ade1c627cd8,identity-bearing path/account metadata pseudonymized; measurements unchanged
outputs/sigmetrics/rq1_boundary_placement/recommended/rq1_adapt_b6_main/manifests/runs/sigmetrics-rq1-boundary-placement-final-v1--recommended--rq1_adapt_b6_main--80177f36aac5b4ff.json,99106506a6892115ba5218e91419af1b14a7779ff847c80015123235c8805ea7,d304fe693e306a6d97c38024b6921a6ce0939af46893b4e9fe8d0b9a64df030f,identity-bearing path/account metadata pseudonymized; measurements unchanged
outputs/sigmetrics/rq1_boundary_placement/recommended/rq1_adapt_b6_main/manifests/runs/sigmetrics-rq1-boundary-placement-final-v1--recommended--rq1_adapt_b6_main--ac5a9b414e8d8168.json,bcfd74c36c892b8e378a784df066c140ddfa3f512801c4745f48ba0060dda3bc,f2002df9cddf477c6837db770c85fb3946718baa9db8e5e3dd91c0782ad6c173,identity-bearing path/account metadata pseudonymized; measurements unchanged
outputs/sigmetrics/rq1_boundary_placement/recommended/rq1_adapt_b6_main/manifests/runs/sigmetrics-rq1-boundary-placement-final-v1--recommended--rq1_adapt_b6_main--c579c85aea0bd290.json,52a105589bec277879ff7f1a9a237a810628bcfee5bd1adfc7ce2edfe04df0c1,1c531cbadee59e6e3789ea8a4d068578098f9f87bc60b887b76ce710f6f05d76,identity-bearing path/account metadata pseudonymized; measurements unchanged
outputs/sigmetrics/rq1_boundary_placement/recommended/rq1_adapt_b6_main/manifests/runs/sigmetrics-rq1-boundary-placement-final-v1--recommended--rq1_adapt_b6_main--c5b38c6253947879.json,4e64560548d8c94459b111209b0e490100e37c5fa22d72845f14775e0605360b,e1e9e235f1cc79d44b38bf795b0dab9f4ca3ae1e7528ca0ac9ad04121c5fa46a,identity-bearing path/account metadata pseudonymized; measurements unchanged
outputs/sigmetrics/rq1_boundary_placement/recommended/rq1_adapt_b6_main/manifests/runs/sigmetrics-rq1-boundary-placement-final-v1--recommended--rq1_adapt_b6_main--d07e4a69d2055c97.json,5b3de9df1b29cbd65ab473cde76aa469a9659dc1619ba0570a30bfa0d14d145e,8a8136f5ea2148ba9ffa9555e418bbf6435e237a3d75e253ac85e68c504483a8,identity-bearing path/account metadata pseudonymized; measurements unchanged
outputs/sigmetrics/rq1_boundary_placement/recommended/rq1_adapt_b6_main/manifests/runs/sigmetrics-rq1-boundary-placement-final-v1--recommended--rq1_adapt_b6_main--dff955e86dd838e6.json,b2fcb048c423449a439bad34c5bfefa5a6ff128e4ef0ec020bc83dbbec178cf5,85d19023c8868c85ff2f77c28a9d636173a23a27c7f80c67921eb9955c5e6062,identity-bearing path/account metadata pseudonymized; measurements unchanged
outputs/sigmetrics/rq1_boundary_placement/recommended/rq1_adapt_b6_main/manifests/runs/sigmetrics-rq1-boundary-placement-final-v1--recommended--rq1_adapt_b6_main--e7c94deeb9ace274.json,e6cca03537dc56a6d4653a48310c5d0774cca57df4ae6593a413e5ce90a2e955,3c644f97d229a3af0c823ec1cf5f99d1e34d6c5509710c22e2389b32040cef8e,identity-bearing path/account metadata pseudonymized; measurements unchanged
outputs/sigmetrics/rq1_boundary_placement/recommended/rq1_adapt_b6_main/processed/validation_report.json,d961340851a3d05b303231c030b5cd7ed2ad2bd5f816099c1e02bcb6a7dafd33,b592240b8bd3a3d5b8ed70540390dd5702d83a7d2f4bc17fd3ebce3f363fff3f,identity-bearing path/account metadata pseudonymized; measurements unchanged
outputs/sigmetrics/rq1_boundary_placement/recommended/rq1_b1_b5_main/manifests/campaign.json,49bf8bd11c321fa3fe1b38cbf1464047fb75a93698b39eee6fe4f3cd1b7a8c00,ec7b78f5b5bd22ad997c015d9e8764da9fd4e42acf3796d0c1e1152dfc04d79a,identity-bearing path/account metadata pseudonymized; measurements unchanged
outputs/sigmetrics/rq1_boundary_placement/recommended/rq1_b1_b5_main/manifests/runs/sigmetrics-rq1-boundary-placement-final-v1--recommended--rq1_b1_b5_main--00fae4f86c1bf78f.json,110fb7e656cc61c3f0f210c260c073b9377ebabdbbb85fc2f7428644d079c6b1,07c0479cb9bc879262d3af83ff4096e925f65d81320928ee98154ce0c28e4cbe,identity-bearing path/account metadata pseudonymized; measurements unchanged
outputs/sigmetrics/rq1_boundary_placement/recommended/rq1_b1_b5_main/manifests/runs/sigmetrics-rq1-boundary-placement-final-v1--recommended--rq1_b1_b5_main--014a270e5d8d9a67.json,417d4b13845385a974ca503063e6f98b5231c5046ce5e40386699880978b9071,6337ea483a2659425eda86c55ef8e1755603990ec684e270ff79d48b2ac3cbc5,identity-bearing path/account metadata pseudonymized; measurements unchanged
outputs/sigmetrics/rq1_boundary_placement/recommended/rq1_b1_b5_main/manifests/runs/sigmetrics-rq1-boundary-placement-final-v1--recommended--rq1_b1_b5_main--0182a486743e2c39.json,258db85d69939777e693e43752b16c2a4b985b328111bfd84c934c0c8a56098b,dada670cb825dfdecf6fc2528c8fc854caffae428c879fa3c70d41b9c9f60cf6,identity-bearing path/account metadata pseudonymized; measurements unchanged
outputs/sigmetrics/rq1_boundary_placement/recommended/rq1_b1_b5_main/manifests/runs/sigmetrics-rq1-boundary-placement-final-v1--recommended--rq1_b1_b5_main--02e9066b837c7d92.json,3fe119fdfba9f23b1cf318b8198a1b91c085e69bf622e0002b331572a5214528,97500e44aa058b4f9a23f3ad2639c219e2ae4241f36fd3970e17c39573ca689a,identity-bearing path/account metadata pseudonymized; measurements unchanged
outputs/sigmetrics/rq1_boundary_placement/recommended/rq1_b1_b5_main/manifests/runs/sigmetrics-rq1-boundary-placement-final-v1--recommended--rq1_b1_b5_main--02f1fce4b961e82f.json,50a2d8ac41784f4d6eb7a12a193594aa696b91752f3796295ab601a6b9b448d1,c9bc3ab19f331536324e84b952c05aded85ab43f0fb63cb40c438850f49bf0ba,identity-bearing path/account metadata pseudonymized; measurements unchanged
outputs/sigmetrics/rq1_boundary_placement/recommended/rq1_b1_b5_main/manifests/runs/sigmetrics-rq1-boundary-placement-final-v1--recommended--rq1_b1_b5_main--03f32473b9cf1b50.json,8abed7207cd2af787c3c1417cc77b419da380035838649eb07ef58cfa473f651,632b8aeb7d46a629730aeabd074e4065926e6627859865e7e0ca32c628b7f4dc,identity-bearing path/account metadata pseudonymized; measurements unchanged
outputs/sigmetrics/rq1_boundary_placement/recommended/rq1_b1_b5_main/manifests/runs/sigmetrics-rq1-boundary-placement-final-v1--recommended--rq1_b1_b5_main--048f9cbfef639045.json,0d6f335dc23dc27d991aa856576b9df227108b3b2738a14b576d28bb155b7791,28785260946b51c65a7e9fa1f899fb46870863e336b6c4d81f915e190376453e,identity-bearing path/account metadata pseudonymized; measurements unchanged
outputs/sigmetrics/rq1_boundary_placement/recommended/rq1_b1_b5_main/manifests/runs/sigmetrics-rq1-boundary-placement-final-v1--recommended--rq1_b1_b5_main--05cb29fa6d0ea1c2.json,37f17a0b35cbacf228a9f441a3a1b754408195901ea7d023e3130a82ecf22e2e,29340701c200acc145063a3391e3236f6c5ad3b5dd4e427b84fd47c9d38c25aa,identity-bearing path/account metadata pseudonymized; measurements unchanged
outputs/sigmetrics/rq1_boundary_placement/recommended/rq1_b1_b5_main/manifests/runs/sigmetrics-rq1-boundary-placement-final-v1--recommended--rq1_b1_b5_main--088f680338d0f214.json,0b1e343657b22d7f44aa5d39351fd1740e4e8cc89c7aa4c6b13c1eeae6e556e8,cead9baa114532bb090a737f169b5420f8c6fc9f0be50f816a165bce8ebf0868,identity-bearing path/account metadata pseudonymized; measurements unchanged
outputs/sigmetrics/rq1_boundary_placement/recommended/rq1_b1_b5_main/manifests/runs/sigmetrics-rq1-boundary-placement-final-v1--recommended--rq1_b1_b5_main--08f81cae99b8d86b.json,396e33ec0cec201bfb8b84cf6ef9279ed133ace5efbbe9ed0d2a38bdb940c52c,77aefb448420287616f70e1b0158c11865d28051bfa6b3775ad605b51d5bef21,identity-bearing path/account metadata pseudonymized; measurements unchanged
outputs/sigmetrics/rq1_boundary_placement/recommended/rq1_b1_b5_main/manifests/runs/sigmetrics-rq1-boundary-placement-final-v1--recommended--rq1_b1_b5_main--09a734f44a0e9120.json,1768b35e0d3282fa5f016236c88bdfb347394600a389fe32f9b0c2bcc45c091d,2b4a4f096f2dde51737b0f0ffc34caaeb1a639169737f83743d170d049998cdb,identity-bearing path/account metadata pseudonymized; measurements unchanged
outputs/sigmetrics/rq1_boundary_placement/recommended/rq1_b1_b5_main/manifests/runs/sigmetrics-rq1-boundary-placement-final-v1--recommended--rq1_b1_b5_main--0ba854de9497df55.json,228023c35c7869231d95bebced6b4d4790dbb198b830700c8e7478385949e7f0,8894269146cc7353c208878974d36aa149054fec290398b1f45d085f2d9fe036,identity-bearing path/account metadata pseudonymized; measurements unchanged
outputs/sigmetrics/rq1_boundary_placement/recommended/rq1_b1_b5_main/manifests/runs/sigmetrics-rq1-boundary-placement-final-v1--recommended--rq1_b1_b5_main--0bb23a169f670165.json,21f97a01856ce44744d86efe5d99677a097e9811395bafc4c7407712a16ba0e1,7f62f87f4d21f7dc3922a738eaa203f63a43b41f714ed6825508be12e2b803f3,identity-bearing path/account metadata pseudonymized; measurements unchanged
outputs/sigmetrics/rq1_boundary_placement/recommended/rq1_b1_b5_main/manifests/runs/sigmetrics-rq1-boundary-placement-final-v1--recommended--rq1_b1_b5_main--0d1ae9c8ffe0f87f.json,3a2c08149a30ce3ba483611ef0f4adbeae2c6264e2812744c560ff8ad3fc813e,37f240d012ba65bb663e9b59c00b4fcdbf6a8e4c32d233d39a2292701bbf28cb,identity-bearing path/account metadata pseudonymized; measurements unchanged
outputs/sigmetrics/rq1_boundary_placement/recommended/rq1_b1_b5_main/manifests/runs/sigmetrics-rq1-boundary-placement-final-v1--recommended--rq1_b1_b5_main--0d1dcba645b909f6.json,4e7d35113932da41f7ad7f446d79b644860c0f2b794635229ccbf4486e2d5a73,4cd26f0d69b38b896d4450d4a0afa76b5166e80f64068b07b7a80de0c420b616,identity-bearing path/account metadata pseudonymized; measurements unchanged
outputs/sigmetrics/rq1_boundary_placement/recommended/rq1_b1_b5_main/manifests/runs/sigmetrics-rq1-boundary-placement-final-v1--recommended--rq1_b1_b5_main--0d5c7d12d2de58e9.json,6a8a3d12c3d2373fc541bbe9e40e389a0fb6eced3bbea975a14046154e044197,30beb989a13b2f50e054030a3e1226b7591abdf861f75eb8031f8e119e57aad7,identity-bearing path/account metadata pseudonymized; measurements unchanged
outputs/sigmetrics/rq1_boundary_placement/recommended/rq1_b1_b5_main/manifests/runs/sigmetrics-rq1-boundary-placement-final-v1--recommended--rq1_b1_b5_main--0d8f553e534fcb81.json,ab0850cbcb9df81e0f7ce905b0efeaa6bd97728cbe5ccf124a0568ebbd5bffb2,a62d40cee8cac9a562125768d86901c01af158803b43095970f90479f39fb2c0,identity-bearing path/account metadata pseudonymized; measurements unchanged
outputs/sigmetrics/rq1_boundary_placement/recommended/rq1_b1_b5_main/manifests/runs/sigmetrics-rq1-boundary-placement-final-v1--recommended--rq1_b1_b5_main--0fa692176ff373c2.json,1151a47593c2e4c190c81063ac03aafaf1b252cf70e8b1fe7a5eefde8915eb0f,f893e1342915329d5e906190ebffa2e8de82964904ab18c95cf76fb46dfe23ec,identity-bearing path/account metadata pseudonymized; measurements unchanged
outputs/sigmetrics/rq1_boundary_placement/recommended/rq1_b1_b5_main/manifests/runs/sigmetrics-rq1-boundary-placement-final-v1--recommended--rq1_b1_b5_main--0ff5cd5242c02222.json,fb53b1e02a6394d6922631ed5458ac3a5ab4a4b923e47ab3c3155a88e524e489,0305610b736ffec1da7f0f62bb5b01d853928209c7790f896592c0bb914a3dc3,identity-bearing path/account metadata pseudonymized; measurements unchanged
outputs/sigmetrics/rq1_boundary_placement/recommended/rq1_b1_b5_main/manifests/runs/sigmetrics-rq1-boundary-placement-final-v1--recommended--rq1_b1_b5_main--108d929f302a6569.json,4afdce798651781577aa8defbed32d621b32e98e827e84c2c52ece98ae938e46,44dfcff676e6156f50fb94b7660f15167f4947c42ab63cd5fab6e3c83aa98a61,identity-bearing path/account metadata pseudonymized; measurements unchanged
outputs/sigmetrics/rq1_boundary_placement/recommended/rq1_b1_b5_main/manifests/runs/sigmetrics-rq1-boundary-placement-final-v1--recommended--rq1_b1_b5_main--10d5d4e55c5e0d6d.json,97cb31813d59711be023cff980aaae03d4bf89923f90f4055a9dcf342f8ba681,c0240021dafcc3b77d589c4690fc6a17842bcfa530744f80b5d8dacfe48d0d86,identity-bearing path/account metadata pseudonymized; measurements unchanged
outputs/sigmetrics/rq1_boundary_placement/recommended/rq1_b1_b5_main/manifests/runs/sigmetrics-rq1-boundary-placement-final-v1--recommended--rq1_b1_b5_main--11da55a2f1578db9.json,5dec9fc2176f98b1c5155d6b6a885ffdcd8e38f68cb0c24bf145df608ad38811,8a161f6d8316954cc4d4d520e4805a8bfb895356c1c5f559796c54fd589c2337,identity-bearing path/account metadata pseudonymized; measurements unchanged
outputs/sigmetrics/rq1_boundary_placement/recommended/rq1_b1_b5_main/manifests/runs/sigmetrics-rq1-boundary-placement-final-v1--recommended--rq1_b1_b5_main--136305ee19ddc6f7.json,e3caf97fdfab2e35fe445f57e8c14e0c4da1c186c6542667b611f32794ff3ae8,32587810f41e9a94146d5f10c1c29dc8f48757ea609f24e99ade90454bdfea53,identity-bearing path/account metadata pseudonymized; measurements unchanged
outputs/sigmetrics/rq1_boundary_placement/recommended/rq1_b1_b5_main/manifests/runs/sigmetrics-rq1-boundary-placement-final-v1--recommended--rq1_b1_b5_main--146163f3e37c2ffe.json,5263c90e233fcc1c9bdd95dba2cc0ab7ee569f198933e2a218b1dd92d525a783,5ad8339d3a33aab20fe3b8a918b55f79433a4d253ebf039504c0906de1229936,identity-bearing path/account metadata pseudonymized; measurements unchanged
outputs/sigmetrics/rq1_boundary_placement/recommended/rq1_b1_b5_main/manifests/runs/sigmetrics-rq1-boundary-placement-final-v1--recommended--rq1_b1_b5_main--1744956c5da6eb13.json,dd573024bd142c26abcf0d5b4670eeb9541068e10b53a70a8fcd0c5de5686f76,81f3ea95351099e9d92a58493a93a73cf6a500e02da18958097418e592f968d5,identity-bearing path/account metadata pseudonymized; measurements unchanged
outputs/sigmetrics/rq1_boundary_placement/recommended/rq1_b1_b5_main/manifests/runs/sigmetrics-rq1-boundary-placement-final-v1--recommended--rq1_b1_b5_main--17f0fc95dbdf36c2.json,56e001b4c6e55730f7140f9db5dbec2cafd9b23fe2ef8537f60185a1c1ec17a5,e9bb75887ef98863c915c4dfdc1fe7be669f415f370b49ccbdc41eb8e92c05ec,identity-bearing path/account metadata pseudonymized; measurements unchanged
outputs/sigmetrics/rq1_boundary_placement/recommended/rq1_b1_b5_main/manifests/runs/sigmetrics-rq1-boundary-placement-final-v1--recommended--rq1_b1_b5_main--1a30db1f69e6db34.json,9e0ff4eae0596b21126cc0c95a2dcc649e1e6a80524edd0ff1f35b0c409ac901,1008731abb51c85bb9d0b73d61ad5c16315ca1c476c15efb6467ba3bbe39d952,identity-bearing path/account metadata pseudonymized; measurements unchanged
outputs/sigmetrics/rq1_boundary_placement/recommended/rq1_b1_b5_main/manifests/runs/sigmetrics-rq1-boundary-placement-final-v1--recommended--rq1_b1_b5_main--1b275ba2fca8fb3b.json,698361a6b6860bd087fb8123b8ca240f4b87189ab1b9b778d7ad59c8040f9e57,19e8bf73516e13549c47d783b52117f2af6b91fa31e5e94740a3c5fd1873a0ac,identity-bearing path/account metadata pseudonymized; measurements unchanged
outputs/sigmetrics/rq1_boundary_placement/recommended/rq1_b1_b5_main/manifests/runs/sigmetrics-rq1-boundary-placement-final-v1--recommended--rq1_b1_b5_main--1ce57bd0a0daa14a.json,eb3ef66369fef08bc1e99d21b10e87845261256e6fe6d192651e2b82a9c771f9,58151dbca410c6e319cfec6521ea535a69dd3d5715b57238b1272666ed049ced,identity-bearing path/account metadata pseudonymized; measurements unchanged
outputs/sigmetrics/rq1_boundary_placement/recommended/rq1_b1_b5_main/manifests/runs/sigmetrics-rq1-boundary-placement-final-v1--recommended--rq1_b1_b5_main--1db0da36e924c2e8.json,5721d0e9df4495a2a8dc626f26ece4012d2fd26792c2055eae940e842bbbee81,670267dfb9d3e7ba9f7a7ada6ce0e328393c673c5d1e83150e1750bbea02903a,identity-bearing path/account metadata pseudonymized; measurements unchanged
outputs/sigmetrics/rq1_boundary_placement/recommended/rq1_b1_b5_main/manifests/runs/sigmetrics-rq1-boundary-placement-final-v1--recommended--rq1_b1_b5_main--1f8663d4896aa9e5.json,4497504f452be06be6148210846e11613e3ad28e725d7fb216ba0c83b7a6df8f,c7b4f08b71b5e97e8d5c6e20f601cf769e5b0cac59d0b62d7ec802f023422f36,identity-bearing path/account metadata pseudonymized; measurements unchanged
outputs/sigmetrics/rq1_boundary_placement/recommended/rq1_b1_b5_main/manifests/runs/sigmetrics-rq1-boundary-placement-final-v1--recommended--rq1_b1_b5_main--20f93ff45b90f9f8.json,5686821c81991edf088e6af135b7bb739202d7263119dfacdecb79f24e4a5ffe,0dc3f97cd8946babec9217114ffd27375c31b43378cb8ef94f60fcc110ba84bd,identity-bearing path/account metadata pseudonymized; measurements unchanged
outputs/sigmetrics/rq1_boundary_placement/recommended/rq1_b1_b5_main/manifests/runs/sigmetrics-rq1-boundary-placement-final-v1--recommended--rq1_b1_b5_main--218b98c68243530c.json,c2c50d52f77e888822d719a6fbfb2ed632c97c26cfd844f0184f7ea90d9e52e4,11a151fe2aabe9f4179127f9b0b53d77c8b87a06b0298282260f635ede9b9f6f,identity-bearing path/account metadata pseudonymized; measurements unchanged
outputs/sigmetrics/rq1_boundary_placement/recommended/rq1_b1_b5_main/manifests/runs/sigmetrics-rq1-boundary-placement-final-v1--recommended--rq1_b1_b5_main--21cf6196655d2390.json,b5395e29bac612de5a846fbe77d0c850eeb6e57cfcf75c87203c25cf523021ae,9a6c3c14106d0df05aaaae8868e436d4e05f234d287e61ed37235be9437a272a,identity-bearing path/account metadata pseudonymized; measurements unchanged
outputs/sigmetrics/rq1_boundary_placement/recommended/rq1_b1_b5_main/manifests/runs/sigmetrics-rq1-boundary-placement-final-v1--recommended--rq1_b1_b5_main--2300813098dda2d2.json,b892aa31953c509b4a34928818038fb8fec8752be8181520b58426ecaed5d7fd,0d0a5d80a3e782e978c4d5ffbde76ea625580c4d04dcae84aa12f62861437f7f,identity-bearing path/account metadata pseudonymized; measurements unchanged
outputs/sigmetrics/rq1_boundary_placement/recommended/rq1_b1_b5_main/manifests/runs/sigmetrics-rq1-boundary-placement-final-v1--recommended--rq1_b1_b5_main--2336e835c509bb51.json,9dde9ca3771721f6fb49041b57208c03c9a68d4d616e54d2634c4cf5f7b27bb6,21457712b964e6c5eefdf4d8b80085139d26b5abefe5fa62b9a8ba85b2acb81e,identity-bearing path/account metadata pseudonymized; measurements unchanged
outputs/sigmetrics/rq1_boundary_placement/recommended/rq1_b1_b5_main/manifests/runs/sigmetrics-rq1-boundary-placement-final-v1--recommended--rq1_b1_b5_main--2618d99d735e0169.json,8a9d77d2600122b9f6fbf5c5dcb214812312a9ca90def1fa67edc649a403a829,1265f2712672928fdebb5ce392806a5075139630edb1821b8f035729f1c759e3,identity-bearing path/account metadata pseudonymized; measurements unchanged
outputs/sigmetrics/rq1_boundary_placement/recommended/rq1_b1_b5_main/manifests/runs/sigmetrics-rq1-boundary-placement-final-v1--recommended--rq1_b1_b5_main--26d8c2c0b226df4a.json,a1ad004d738c8746401fdb84abfcea5e0758b396fc16144b76e07d224bc1810d,3f0cc266ba2d107e2c05bd690fce83df01c2b1a7549a472933200ff76925ecce,identity-bearing path/account metadata pseudonymized; measurements unchanged
outputs/sigmetrics/rq1_boundary_placement/recommended/rq1_b1_b5_main/manifests/runs/sigmetrics-rq1-boundary-placement-final-v1--recommended--rq1_b1_b5_main--27fecbd002736d07.json,adb89c1f0646b5d25777f82a8ad03759eb666fdf0e554148dfe133ce8126809d,d5b9d029c68596963d44a8aa7c2d6e89df3633b54795cdd84fd3f618dbabd7ab,identity-bearing path/account metadata pseudonymized; measurements unchanged
outputs/sigmetrics/rq1_boundary_placement/recommended/rq1_b1_b5_main/manifests/runs/sigmetrics-rq1-boundary-placement-final-v1--recommended--rq1_b1_b5_main--284d74fe128360c9.json,360a1437f5275022adf3e07017e52d7bdfe3fb7752fd465e42ecf33719be46ad,d9a279ab52066c8ab187d6ff09b4e588b5e2c01ade56742d52a1e63f6ed495e2,identity-bearing path/account metadata pseudonymized; measurements unchanged
outputs/sigmetrics/rq1_boundary_placement/recommended/rq1_b1_b5_main/manifests/runs/sigmetrics-rq1-boundary-placement-final-v1--recommended--rq1_b1_b5_main--2972c13759931980.json,97cb41816e7405d39d80f78c79dd68aef14ca77ddaad674931a35d889e8c4b2e,ec900dec0a701b989090922a34e6535d51bfc892a4f4b0576c3c137e9e005f2c,identity-bearing path/account metadata pseudonymized; measurements unchanged
outputs/sigmetrics/rq1_boundary_placement/recommended/rq1_b1_b5_main/manifests/runs/sigmetrics-rq1-boundary-placement-final-v1--recommended--rq1_b1_b5_main--297d70e9a763ce0f.json,0368e3dd2fae2ff7a767ecf7d9a039edf0f0f408d84ee2363bb75c5e486fc0d3,5e950c1bf745d09036df66467b7cbf035607bbb9ce346169c5cbeb510d658513,identity-bearing path/account metadata pseudonymized; measurements unchanged
outputs/sigmetrics/rq1_boundary_placement/recommended/rq1_b1_b5_main/manifests/runs/sigmetrics-rq1-boundary-placement-final-v1--recommended--rq1_b1_b5_main--2a8e27c4429b6b1b.json,cda311b3cef63649ed8037d2623f69b80e7c007c9b4e00352eb80bccc2990811,087046965d3fd48a321b9bf689d6864ee3e7e80797af9c63ae85ed4633fa123e,identity-bearing path/account metadata pseudonymized; measurements unchanged
outputs/sigmetrics/rq1_boundary_placement/recommended/rq1_b1_b5_main/manifests/runs/sigmetrics-rq1-boundary-placement-final-v1--recommended--rq1_b1_b5_main--2bbd9c2b2ec8ed13.json,bb8ad98c68e03c5f90a1ddb5094131cdb7b4c8c21823f6d78f3b15f4cd4f5eb2,790458a21369abc0b5a7de26f261a8b85516936fdb1be7433adaca3bac2347cf,identity-bearing path/account metadata pseudonymized; measurements unchanged
outputs/sigmetrics/rq1_boundary_placement/recommended/rq1_b1_b5_main/manifests/runs/sigmetrics-rq1-boundary-placement-final-v1--recommended--rq1_b1_b5_main--2bc83dc2a08f4905.json,9b462d4c139ec351b570ad4df2cb0d1a529044b90ebeede89b372f2dd7fccb8d,730f2184d4262f1f02cffc05ea3c61df78f9b945d20c0cba2c98ebfde770e10d,identity-bearing path/account metadata pseudonymized; measurements unchanged
outputs/sigmetrics/rq1_boundary_placement/recommended/rq1_b1_b5_main/manifests/runs/sigmetrics-rq1-boundary-placement-final-v1--recommended--rq1_b1_b5_main--2da632f3c5f6a5bc.json,8c0635299d765f8803db2250ea2aca44d3f0eb3feb5b9f8d785308a965572e89,d99bd24e86c2dad1969ef8f955d95541796f09e5619c070bc8272b645d45533b,identity-bearing path/account metadata pseudonymized; measurements unchanged
outputs/sigmetrics/rq1_boundary_placement/recommended/rq1_b1_b5_main/manifests/runs/sigmetrics-rq1-boundary-placement-final-v1--recommended--rq1_b1_b5_main--2e07db1ced209ae4.json,dedcb427df2ee75e1ffb6023a2983da2ff3a4329b804a4cc31231c64f7a33e68,0372f8a8f00c0e091356531ae7a3b705709017aa9318034260fb3fbeb5285824,identity-bearing path/account metadata pseudonymized; measurements unchanged
outputs/sigmetrics/rq1_boundary_placement/recommended/rq1_b1_b5_main/manifests/runs/sigmetrics-rq1-boundary-placement-final-v1--recommended--rq1_b1_b5_main--2e7634ceb1eb03bc.json,30c3ecc33589e009b26a87d1ae7e5b986627853020e2b4dd658f0a3157bdfebf,6b7125734865fcf1600afdeb1fc3a4d0753e5caf5aa1d4430efd3890d90d96b3,identity-bearing path/account metadata pseudonymized; measurements unchanged
outputs/sigmetrics/rq1_boundary_placement/recommended/rq1_b1_b5_main/manifests/runs/sigmetrics-rq1-boundary-placement-final-v1--recommended--rq1_b1_b5_main--3017cbfdf779e3cc.json,f158f37694d6da1d9adb903b6a5b201bdbec295c9288bd3218b917d5d87f2161,c7eecfa2ac9376b1793dfc4079eb561e1bbd7544978948c0389cc420c5b81bb2,identity-bearing path/account metadata pseudonymized; measurements unchanged
outputs/sigmetrics/rq1_boundary_placement/recommended/rq1_b1_b5_main/manifests/runs/sigmetrics-rq1-boundary-placement-final-v1--recommended--rq1_b1_b5_main--30252f1d40549808.json,2cc228f19281fae17e213d1410ffbcccba158f27843f078b46a6a986a45ed1f9,88d4dcda6340f613718d05b839bf7438f0b93b5fdbf6c54178b1454427d8652e,identity-bearing path/account metadata pseudonymized; measurements unchanged
outputs/sigmetrics/rq1_boundary_placement/recommended/rq1_b1_b5_main/manifests/runs/sigmetrics-rq1-boundary-placement-final-v1--recommended--rq1_b1_b5_main--30b75b54d3868ad5.json,a62314a2a0a65ce1148a7550032d67d7edb889c2427edcfa2161a41b96b0f7ea,722b6bb5200dc5a32ddf320392f347069f7bbf7eba103ba24bbc4b1ae515c7a1,identity-bearing path/account metadata pseudonymized; measurements unchanged
outputs/sigmetrics/rq1_boundary_placement/recommended/rq1_b1_b5_main/manifests/runs/sigmetrics-rq1-boundary-placement-final-v1--recommended--rq1_b1_b5_main--315dbf2d0ae6b0c3.json,7e7106075635c15f7483a94428d8ffc4ec6cd6e1eccacc8edb8fd2d30fe0b3de,a018afdccd6cbc4269143137d962e1828d5d802c46583a1604978f051b1a9196,identity-bearing path/account metadata pseudonymized; measurements unchanged
outputs/sigmetrics/rq1_boundary_placement/recommended/rq1_b1_b5_main/manifests/runs/sigmetrics-rq1-boundary-placement-final-v1--recommended--rq1_b1_b5_main--315f839601c57778.json,b5007696eb1e1479e4c8a469cf9efb13b1842e4748c5f345922a91029f56ed38,9d09a5df0f68ae5fd4a2ca3b750cd6735f863e93b335dbad7a8bf3f96971aa7b,identity-bearing path/account metadata pseudonymized; measurements unchanged
outputs/sigmetrics/rq1_boundary_placement/recommended/rq1_b1_b5_main/manifests/runs/sigmetrics-rq1-boundary-placement-final-v1--recommended--rq1_b1_b5_main--3233e4f9ccc6c127.json,ffc608ef240239f7feff43c3c08817694bfc7c61f4172cc82f3fa9ec0293c8b4,77d0a4fdd9f6f55e95fd0d5e12ccdbe842f27cfcb1935bd7e0bbe43aabcfa096,identity-bearing path/account metadata pseudonymized; measurements unchanged
outputs/sigmetrics/rq1_boundary_placement/recommended/rq1_b1_b5_main/manifests/runs/sigmetrics-rq1-boundary-placement-final-v1--recommended--rq1_b1_b5_main--32362df4122ec2c9.json,664437af7a1c71e5a6d54bb31548e0ba9bf3a2cef5323ec230311047fadec0e8,4d7b6f441bc7291fa0f1869d4a84eb94f114191cd0158f331d275125f74afd01,identity-bearing path/account metadata pseudonymized; measurements unchanged
outputs/sigmetrics/rq1_boundary_placement/recommended/rq1_b1_b5_main/manifests/runs/sigmetrics-rq1-boundary-placement-final-v1--recommended--rq1_b1_b5_main--328ec37db9d86fcf.json,caf3ffb067f44c92b97a90d2dff3a798e621f40aae10c152065b92094147c75b,d908fb6b8ea8e31c7ad87a7a50318370e972d0febf0ab330961d5a0f27701308,identity-bearing path/account metadata pseudonymized; measurements unchanged
outputs/sigmetrics/rq1_boundary_placement/recommended/rq1_b1_b5_main/manifests/runs/sigmetrics-rq1-boundary-placement-final-v1--recommended--rq1_b1_b5_main--32e4b2fa5f5ff45e.json,c39c64865da5db5dbb7477ac1603219da6e314781714c496ef01127e47f09d30,5f2f3e05000d3fe351294866904aeda450608b63baee9f0e34e2152efbf2ce19,identity-bearing path/account metadata pseudonymized; measurements unchanged
outputs/sigmetrics/rq1_boundary_placement/recommended/rq1_b1_b5_main/manifests/runs/sigmetrics-rq1-boundary-placement-final-v1--recommended--rq1_b1_b5_main--3306ab3f3de7a5f8.json,c4dffa77db52a20a13c955cd8c830a891e2c2b96f50a62bd81a9c441ee534650,5b89600f37232d21e978f70fdc4eaa66c64c0a812e0afbd5ece905721569c7c0,identity-bearing path/account metadata pseudonymized; measurements unchanged
outputs/sigmetrics/rq1_boundary_placement/recommended/rq1_b1_b5_main/manifests/runs/sigmetrics-rq1-boundary-placement-final-v1--recommended--rq1_b1_b5_main--34d14a684f511510.json,788ae64dff2e1f35c99096da3c22c598e452cb978e606ec8fe74c61a617724e6,eec73e168b3b910a2e6ce90259fb2eb671e929f13aa6c7d38f2d3f694d2fbf23,identity-bearing path/account metadata pseudonymized; measurements unchanged
outputs/sigmetrics/rq1_boundary_placement/recommended/rq1_b1_b5_main/manifests/runs/sigmetrics-rq1-boundary-placement-final-v1--recommended--rq1_b1_b5_main--3572d345e06ca3a7.json,21a6dc3f979af995f702556ecb2c2795609cd6b333b771b3ad4b9b3d7aed75c9,ba3e8f08b8fc61532d3e030339bf45fdeaaef7811205505f6c6943b7a87258d7,identity-bearing path/account metadata pseudonymized; measurements unchanged
outputs/sigmetrics/rq1_boundary_placement/recommended/rq1_b1_b5_main/manifests/runs/sigmetrics-rq1-boundary-placement-final-v1--recommended--rq1_b1_b5_main--368ab937950ee1af.json,c2540aed8e4c4e5f066455b7c7c8c4e6864ae3bb208c4e9008f7ea9c5897f558,ce055e0f475e0f5ab574a0cc8601a9ce1d2889ff66369c0f003ffd6ce6529f63,identity-bearing path/account metadata pseudonymized; measurements unchanged
outputs/sigmetrics/rq1_boundary_placement/recommended/rq1_b1_b5_main/manifests/runs/sigmetrics-rq1-boundary-placement-final-v1--recommended--rq1_b1_b5_main--36a749c59905d8da.json,c5f8bdabb697d10eec3021ba6a79e779bba8abdbb30ba3a8f6784f8b22306552,0e700e9fc4b30923d613fd3635e16597493e43f218a86e26ec312cae8e74df66,identity-bearing path/account metadata pseudonymized; measurements unchanged
outputs/sigmetrics/rq1_boundary_placement/recommended/rq1_b1_b5_main/manifests/runs/sigmetrics-rq1-boundary-placement-final-v1--recommended--rq1_b1_b5_main--36e293d35bdbd614.json,1332d78d92d77bd03f675b5021e00e9c64bba3e3f61f8df59eae20a351164d7a,50b8982969750a3d5cf994f1978996a93f8215fea8e78cbf36591ba31cac3f29,identity-bearing path/account metadata pseudonymized; measurements unchanged
outputs/sigmetrics/rq1_boundary_placement/recommended/rq1_b1_b5_main/manifests/runs/sigmetrics-rq1-boundary-placement-final-v1--recommended--rq1_b1_b5_main--387db0ffcce383fb.json,549c4547bfdbc4e0683174fe7b07a67395304fbf76cf80c6aef8903207eaad92,a1919d66384a2b8518ab95ec0c9e822389eb7437aa509430b212b199a2352c12,identity-bearing path/account metadata pseudonymized; measurements unchanged
outputs/sigmetrics/rq1_boundary_placement/recommended/rq1_b1_b5_main/manifests/runs/sigmetrics-rq1-boundary-placement-final-v1--recommended--rq1_b1_b5_main--38ac7a196138d5ad.json,d0068b35150fc5131ea9710c1303d19b6880410305d465106cbd2d33d6bcf541,d2f74fe8976af7c46b872407f7fa2344676263ec921578e7727ee55b8456111c,identity-bearing path/account metadata pseudonymized; measurements unchanged
outputs/sigmetrics/rq1_boundary_placement/recommended/rq1_b1_b5_main/manifests/runs/sigmetrics-rq1-boundary-placement-final-v1--recommended--rq1_b1_b5_main--39ed17ee3dc031af.json,9135c15502c4789b6755cb60d48add3c409166a10ae4870ef69d9a70a97f5040,e89d1249b57552597fcc53062685c73f4ff8b2b3630002ec4795b5ca0d098907,identity-bearing path/account metadata pseudonymized; measurements unchanged
outputs/sigmetrics/rq1_boundary_placement/recommended/rq1_b1_b5_main/manifests/runs/sigmetrics-rq1-boundary-placement-final-v1--recommended--rq1_b1_b5_main--3a2ccd307b7c04ce.json,dc6e407c5d93fc5d59d088f54ed959bbf356858febaa0c5a60261c68eae4d00b,d9501289a090056dcc12868aa6ecd6e31e891e78b09ce85cda3387103fc34aba,identity-bearing path/account metadata pseudonymized; measurements unchanged
outputs/sigmetrics/rq1_boundary_placement/recommended/rq1_b1_b5_main/manifests/runs/sigmetrics-rq1-boundary-placement-final-v1--recommended--rq1_b1_b5_main--3c0a469087294608.json,b9d9c4e255ce21e7bac526633383ca8bb16ae64919319d57c7f030c2620a12c8,856b8e2606ff7e2124265e0978744d1d67e659062742338c11194efe1851ddab,identity-bearing path/account metadata pseudonymized; measurements unchanged
outputs/sigmetrics/rq1_boundary_placement/recommended/rq1_b1_b5_main/manifests/runs/sigmetrics-rq1-boundary-placement-final-v1--recommended--rq1_b1_b5_main--3c7cd1b1230e3151.json,cea7ec81e3dd368969040eaf481b37d5c381461ce71330df751d06bf831ba42e,fdcbb1d9731b7219d1ad60415998b7190db7e8b3a98f8711ecbd098fa2c943e4,identity-bearing path/account metadata pseudonymized; measurements unchanged
outputs/sigmetrics/rq1_boundary_placement/recommended/rq1_b1_b5_main/manifests/runs/sigmetrics-rq1-boundary-placement-final-v1--recommended--rq1_b1_b5_main--3d67f35ff7098718.json,daa0ac96eb35f12d5fd813787858d4b87d26287144a243a69071c9dc35618feb,b17686ecc23bc5b53813e85f05da2a034ca75b0572a73ba1d568042ae20dfb83,identity-bearing path/account metadata pseudonymized; measurements unchanged
outputs/sigmetrics/rq1_boundary_placement/recommended/rq1_b1_b5_main/manifests/runs/sigmetrics-rq1-boundary-placement-final-v1--recommended--rq1_b1_b5_main--3e1725c1be4dedef.json,ce07e3de6b9c3ec3b5845a02823abc24f5fdd06ca8035e6f3d9611a2276c4d1e,264a503d38430bb6acb1180a2fd13bd25b3470b85e52701ab8ece725e78d64fb,identity-bearing path/account metadata pseudonymized; measurements unchanged
outputs/sigmetrics/rq1_boundary_placement/recommended/rq1_b1_b5_main/manifests/runs/sigmetrics-rq1-boundary-placement-final-v1--recommended--rq1_b1_b5_main--3e6654cb7cca96e4.json,416e6d13b43193429443066d8c3fc4a82fbe93cc86f2d74944d88cbdcf8b1f95,1693719d3568ae03235fcb29c4eb1ea5bd8f2fc8973b5ed93673ed1622e8ebd9,identity-bearing path/account metadata pseudonymized; measurements unchanged
outputs/sigmetrics/rq1_boundary_placement/recommended/rq1_b1_b5_main/manifests/runs/sigmetrics-rq1-boundary-placement-final-v1--recommended--rq1_b1_b5_main--3ff32ee936f821c0.json,e9b355a941c8fffea97b9a827988bd50035db728536dbcd9a686d4a8307e9e22,1f1719d9e44e267252c44ae2a11d727efb77eaf6d8d5e0a34054e4684cf2e185,identity-bearing path/account metadata pseudonymized; measurements unchanged
outputs/sigmetrics/rq1_boundary_placement/recommended/rq1_b1_b5_main/manifests/runs/sigmetrics-rq1-boundary-placement-final-v1--recommended--rq1_b1_b5_main--408b9b06bed28e9f.json,44e6a817fe72ee4eb38c846abd6885cdef8570accfda20955b1424b2a48b8a33,32ca3226f31a3ed20ed7cbeb239f0ca5be28b842986d0fdf7d550ea0dd25d918,identity-bearing path/account metadata pseudonymized; measurements unchanged
outputs/sigmetrics/rq1_boundary_placement/recommended/rq1_b1_b5_main/manifests/runs/sigmetrics-rq1-boundary-placement-final-v1--recommended--rq1_b1_b5_main--412f9350aea462dc.json,f0853cff5163c65a293f10ea65ebc2110cf110efadc8872c7e297c339dda6597,0acfb7602a809cdb85ab3679a3ba4438f9137f2a3ed7a5e2f18fa3322794e5eb,identity-bearing path/account metadata pseudonymized; measurements unchanged
outputs/sigmetrics/rq1_boundary_placement/recommended/rq1_b1_b5_main/manifests/runs/sigmetrics-rq1-boundary-placement-final-v1--recommended--rq1_b1_b5_main--4296912bee968a81.json,f6921b6a9608808cdd4b4771f8e3e47c246f12f61a93b034d6f9f8e2b4afb95a,1b6bf350b316a5878d3a7cd58cb3fd71f7ec9bf19a110d86d8e81449b226c4a8,identity-bearing path/account metadata pseudonymized; measurements unchanged
outputs/sigmetrics/rq1_boundary_placement/recommended/rq1_b1_b5_main/manifests/runs/sigmetrics-rq1-boundary-placement-final-v1--recommended--rq1_b1_b5_main--42c52af8c1407dcb.json,52284769a172c2b144fe0d911dde49f1110bfdd3d956c246c062ffa6ca4215c8,27909911381c6f3f0f9f42942d66db42ec46d2b576df2d4569daf89f7de1236b,identity-bearing path/account metadata pseudonymized; measurements unchanged
outputs/sigmetrics/rq1_boundary_placement/recommended/rq1_b1_b5_main/manifests/runs/sigmetrics-rq1-boundary-placement-final-v1--recommended--rq1_b1_b5_main--434ea7ddb142cb74.json,4d35ba1bad82aef9f1073b866e99bb37ee65582627835d5788e7b08fc095e1ba,4283b7666f250a67840a43da5d6e847a83845159f279705efa573c915e6cecd6,identity-bearing path/account metadata pseudonymized; measurements unchanged
outputs/sigmetrics/rq1_boundary_placement/recommended/rq1_b1_b5_main/manifests/runs/sigmetrics-rq1-boundary-placement-final-v1--recommended--rq1_b1_b5_main--445fa7b1ab10e350.json,84e8541093cbc751faf56d8a5bd8a7a90a29bf8c0d284a04abd36a4fb8485d52,e5c236230683e6be14bf11dfee8a9cacb100ae5005fddbaf74da66371bf0da6e,identity-bearing path/account metadata pseudonymized; measurements unchanged
outputs/sigmetrics/rq1_boundary_placement/recommended/rq1_b1_b5_main/manifests/runs/sigmetrics-rq1-boundary-placement-final-v1--recommended--rq1_b1_b5_main--446206eaec7c03a1.json,5abc5448059a8a5659103aa6f82800fe62f9bdbc07469cc1b5f52fe9efa953e0,67dc78f3cd03ab0b58ce14ffb9069f15d6355cbb1106ea9ab8438b1df7350fc5,identity-bearing path/account metadata pseudonymized; measurements unchanged
outputs/sigmetrics/rq1_boundary_placement/recommended/rq1_b1_b5_main/manifests/runs/sigmetrics-rq1-boundary-placement-final-v1--recommended--rq1_b1_b5_main--44666a4de96adf13.json,89312c6561005b0201b8892ba1d83a123fc98e9f0534a3079d8f2d4996514201,18ed17db9d919564ab633e2942ef1561040b5f0fe3ee73c1299f4618b5e27bec,identity-bearing path/account metadata pseudonymized; measurements unchanged
outputs/sigmetrics/rq1_boundary_placement/recommended/rq1_b1_b5_main/manifests/runs/sigmetrics-rq1-boundary-placement-final-v1--recommended--rq1_b1_b5_main--44b21084406f7702.json,80624734b6d7e6a08a353fcd55939477852febb645013e7e4c97e1482fd3dd66,b005029537819ea4ad5c65601c10c8eb5f529589062190df320d1c33036dfe28,identity-bearing path/account metadata pseudonymized; measurements unchanged
outputs/sigmetrics/rq1_boundary_placement/recommended/rq1_b1_b5_main/manifests/runs/sigmetrics-rq1-boundary-placement-final-v1--recommended--rq1_b1_b5_main--457f49ea83b48c23.json,f919603e3ca9fc1baa773000fd4cb4e94756f0e3312b22907c496d52c292ddb6,4068a05ff1525eccc1209228a039935b5c9d815563fff0d7b1399d131fa9bd23,identity-bearing path/account metadata pseudonymized; measurements unchanged
outputs/sigmetrics/rq1_boundary_placement/recommended/rq1_b1_b5_main/manifests/runs/sigmetrics-rq1-boundary-placement-final-v1--recommended--rq1_b1_b5_main--46786422cab4f120.json,59dcf991652626077664c10a4991126afd432321e998f521054f409007e65b0b,f4a74bce92a83a77e38e4cb9a83e362701256d5364ea16a291adc5c7457a8685,identity-bearing path/account metadata pseudonymized; measurements unchanged
outputs/sigmetrics/rq1_boundary_placement/recommended/rq1_b1_b5_main/manifests/runs/sigmetrics-rq1-boundary-placement-final-v1--recommended--rq1_b1_b5_main--46f32a5d2e3d7f3b.json,a05b3828a06f7cff7223fd0c22334dabdbcdbc275d7ffc3bde29b69125e0ed31,ab5a4dcc2c8bc58018f901a7ccfa70f084ed7c159496e9d2771b9d18ff006693,identity-bearing path/account metadata pseudonymized; measurements unchanged
outputs/sigmetrics/rq1_boundary_placement/recommended/rq1_b1_b5_main/manifests/runs/sigmetrics-rq1-boundary-placement-final-v1--recommended--rq1_b1_b5_main--471cbc882df231d4.json,30513e9876951320c9c8dea01df1b9b12678c5314d587177bc2fd229f75aec41,1710c98e2dd719fb39874c711bb2a009bbc16abea9950d6819e990559e96c9f7,identity-bearing path/account metadata pseudonymized; measurements unchanged
outputs/sigmetrics/rq1_boundary_placement/recommended/rq1_b1_b5_main/manifests/runs/sigmetrics-rq1-boundary-placement-final-v1--recommended--rq1_b1_b5_main--47292bdb0f11341d.json,84a08a69fcd09551554258f6777d74cb9fd9e7fe5396c7d2ff7b2f69e5e6eac1,377ac7eb083e2726048dceb4da2ce1587cffd1bb9fceb2aa3902df3d6e428e3b,identity-bearing path/account metadata pseudonymized; measurements unchanged
outputs/sigmetrics/rq1_boundary_placement/recommended/rq1_b1_b5_main/manifests/runs/sigmetrics-rq1-boundary-placement-final-v1--recommended--rq1_b1_b5_main--47d4f6484df1f6dc.json,7eac2f7b314d14bfa50f05acd6d85d7c2abc52c775bc7f4a5cb6ef6e8be4992d,601cb82c84883d51f2ac302c251a74d9f3399450552b2a797e5d68b13f8e1fa2,identity-bearing path/account metadata pseudonymized; measurements unchanged
outputs/sigmetrics/rq1_boundary_placement/recommended/rq1_b1_b5_main/manifests/runs/sigmetrics-rq1-boundary-placement-final-v1--recommended--rq1_b1_b5_main--497a5f3526d368e1.json,87ee1438b21792853753c6fdb382b3b39aa0a578f91f4a1d097868ddd0da5e72,327d27bf49e26086dd3294cd43884ce1bffaa5a694eb6dd2d31d77b411f5335c,identity-bearing path/account metadata pseudonymized; measurements unchanged
outputs/sigmetrics/rq1_boundary_placement/recommended/rq1_b1_b5_main/manifests/runs/sigmetrics-rq1-boundary-placement-final-v1--recommended--rq1_b1_b5_main--49d94a819db05a1d.json,6bbf138d9f7d9f5ca55aee8fab27f376da7c1c3037bb685902c888146d256be8,c1bb8fb955a7a37477ad3a6fec8cb2679ba2fd82f2c4b73f34f4710e19246c15,identity-bearing path/account metadata pseudonymized; measurements unchanged
outputs/sigmetrics/rq1_boundary_placement/recommended/rq1_b1_b5_main/manifests/runs/sigmetrics-rq1-boundary-placement-final-v1--recommended--rq1_b1_b5_main--4a1018f7c0bf337e.json,9eacd413ea498df775c64c79fbe283bf701060ca5ee43b1c9811e16f279679b5,40a6d0107f4abe8da4ba5dea4d0f1c3eab71b2de6de4c8435b6856599eb114d4,identity-bearing path/account metadata pseudonymized; measurements unchanged
outputs/sigmetrics/rq1_boundary_placement/recommended/rq1_b1_b5_main/manifests/runs/sigmetrics-rq1-boundary-placement-final-v1--recommended--rq1_b1_b5_main--4afb714a2b65b3c0.json,2d9c196c56a41434f2ab66664c96d59c448657a22da47f04c9c1fd2ea6fa9440,e78aa900c03c8824d24872b7218729a7fc1801d7847592c08347ee187cac4818,identity-bearing path/account metadata pseudonymized; measurements unchanged
outputs/sigmetrics/rq1_boundary_placement/recommended/rq1_b1_b5_main/manifests/runs/sigmetrics-rq1-boundary-placement-final-v1--recommended--rq1_b1_b5_main--4b05e9333ad026e4.json,d3cdce281b7dd19899fdd88bb30e72fe7b4075813f86530d5b1845f11669defb,89449dea7cf0de8d8c38f4a53a1c6bd27f6997c5f41b7fe005fd73173a812341,identity-bearing path/account metadata pseudonymized; measurements unchanged
outputs/sigmetrics/rq1_boundary_placement/recommended/rq1_b1_b5_main/manifests/runs/sigmetrics-rq1-boundary-placement-final-v1--recommended--rq1_b1_b5_main--4f019cab2e368d2b.json,8a562cf7f821060a594852588f4d828be3c650c47037acb733493a197ebfa7ae,efb16cb08b15c50548d74d124962d3b8c1e54242355dae1235bc044f67decfef,identity-bearing path/account metadata pseudonymized; measurements unchanged
outputs/sigmetrics/rq1_boundary_placement/recommended/rq1_b1_b5_main/manifests/runs/sigmetrics-rq1-boundary-placement-final-v1--recommended--rq1_b1_b5_main--4f904e46feb44c50.json,6a5e9ab137e3ff731b6a81b611fb5c28302a61ec7fd3924c70be64d2c8265d14,ce8c9d3bc324120e953105fd10639ccb6a6fac14a4a8f29f11bf0d716bc0c3c6,identity-bearing path/account metadata pseudonymized; measurements unchanged
outputs/sigmetrics/rq1_boundary_placement/recommended/rq1_b1_b5_main/manifests/runs/sigmetrics-rq1-boundary-placement-final-v1--recommended--rq1_b1_b5_main--4fd36413df433759.json,3b48775a7ea2e748a15540ca64fd356fd22ef7a7ab53f28c1d01296e7d44b8b4,ba50a210a2cd62998592adcbe3ed9c8778efb09d01ee6e0693c4984ce7c7d2ce,identity-bearing path/account metadata pseudonymized; measurements unchanged
outputs/sigmetrics/rq1_boundary_placement/recommended/rq1_b1_b5_main/manifests/runs/sigmetrics-rq1-boundary-placement-final-v1--recommended--rq1_b1_b5_main--500f768b8086fdeb.json,4181a9dc7d1c9b6973c6cb0f2f5558544fea081e4327f3e1dee905ae51eb9214,551f6ce45eb293d81857d52d16decf1eae7be5381033f232adf462656afbd362,identity-bearing path/account metadata pseudonymized; measurements unchanged
outputs/sigmetrics/rq1_boundary_placement/recommended/rq1_b1_b5_main/manifests/runs/sigmetrics-rq1-boundary-placement-final-v1--recommended--rq1_b1_b5_main--5210173588877c4a.json,5c65602f9af15e2683910835248c559bff1c8649ccc149e763cf2e4a206f77c1,0ca1c197011e2b98d8b92b5036f1e61806099bb4fad5648dc97fead5dd19228e,identity-bearing path/account metadata pseudonymized; measurements unchanged
outputs/sigmetrics/rq1_boundary_placement/recommended/rq1_b1_b5_main/manifests/runs/sigmetrics-rq1-boundary-placement-final-v1--recommended--rq1_b1_b5_main--527e2dfa983b071d.json,7b5e7973196b17f111a569f1ece173e640ba064fb73d7e3332ad1b3d3f527baa,f8b403082f800d77c2b3179c418fec9349fb6d6f210d3cbc2afb28c12958fd0d,identity-bearing path/account metadata pseudonymized; measurements unchanged
outputs/sigmetrics/rq1_boundary_placement/recommended/rq1_b1_b5_main/manifests/runs/sigmetrics-rq1-boundary-placement-final-v1--recommended--rq1_b1_b5_main--52f8a19be6263446.json,493c2f33b5ce47f42bc4f851b687156f506c5b3b10cc45f82245fa6e520ce9c1,adcaddc90393370fcd0682cb9616f4cfb9d77cb6e7cad9542f8d3ef28eefb822,identity-bearing path/account metadata pseudonymized; measurements unchanged
outputs/sigmetrics/rq1_boundary_placement/recommended/rq1_b1_b5_main/manifests/runs/sigmetrics-rq1-boundary-placement-final-v1--recommended--rq1_b1_b5_main--53a1aed17cc643fa.json,dfb5a4baadc455bab5d566d008f0b9c50f6fbfa896a51d577b032c62b461446c,06559c40ab29f444b5db3b19cecd8bc219b76765970f399a2275dd955e0845ee,identity-bearing path/account metadata pseudonymized; measurements unchanged
outputs/sigmetrics/rq1_boundary_placement/recommended/rq1_b1_b5_main/manifests/runs/sigmetrics-rq1-boundary-placement-final-v1--recommended--rq1_b1_b5_main--545c22af3e070853.json,733c0c4dabc7ef94d24796ccc2e1729ff18a042d34a8e6486441c459f5db48eb,2ee2a0e0d4f96c61d0d41b6b69255284ce6f229d968f52c179e4c5d5c8a9073c,identity-bearing path/account metadata pseudonymized; measurements unchanged
outputs/sigmetrics/rq1_boundary_placement/recommended/rq1_b1_b5_main/manifests/runs/sigmetrics-rq1-boundary-placement-final-v1--recommended--rq1_b1_b5_main--54d7f7872f5148f5.json,228af5fddb362de43b96dcca6b99f09c0131e1759f95226526472ea81d94395b,c300382ffec320756de24d332df1cf021b3bb2b00c5a5ddeca973dc3826949fd,identity-bearing path/account metadata pseudonymized; measurements unchanged
outputs/sigmetrics/rq1_boundary_placement/recommended/rq1_b1_b5_main/manifests/runs/sigmetrics-rq1-boundary-placement-final-v1--recommended--rq1_b1_b5_main--55c25b695e9c0182.json,41c9fc512c67ee940c206cb1d80e848d5053ed5d57fa5c34ccc22f0b4ec33d47,4eea867c8aee1d97445b075e7d67f5e4507815b5be2b43c6fd3675abe207b44e,identity-bearing path/account metadata pseudonymized; measurements unchanged
outputs/sigmetrics/rq1_boundary_placement/recommended/rq1_b1_b5_main/manifests/runs/sigmetrics-rq1-boundary-placement-final-v1--recommended--rq1_b1_b5_main--561daf0fc32b79ed.json,b945e4c4d7eade83b170c1b963c4bff38ddd2bd88b28b37646c8d58f61d5a5b9,b7176aca74856636f59ca908f45af7a247bd4ac2f6dc159c990bef48dfee8e18,identity-bearing path/account metadata pseudonymized; measurements unchanged
outputs/sigmetrics/rq1_boundary_placement/recommended/rq1_b1_b5_main/manifests/runs/sigmetrics-rq1-boundary-placement-final-v1--recommended--rq1_b1_b5_main--5897fa45f69223c5.json,eb2308264292a5378a79115493664c48dc9b04fe4e3fdb62f8760485036bdda7,067ce0414dfc6aac1df86375d409b66c3a3026ffc84453776720df6b15cdae80,identity-bearing path/account metadata pseudonymized; measurements unchanged
outputs/sigmetrics/rq1_boundary_placement/recommended/rq1_b1_b5_main/manifests/runs/sigmetrics-rq1-boundary-placement-final-v1--recommended--rq1_b1_b5_main--58c48df66a1a48f6.json,754f4579f9c7e10cbbb2c4bb6f5a4fc491ae687a62c7989dc8b16745374d0e65,22f86bfb605dcc27cf9810580a70444e655d762cc0a8f106198c07f137fe11cc,identity-bearing path/account metadata pseudonymized; measurements unchanged
outputs/sigmetrics/rq1_boundary_placement/recommended/rq1_b1_b5_main/manifests/runs/sigmetrics-rq1-boundary-placement-final-v1--recommended--rq1_b1_b5_main--58cdb644cdac1b3a.json,9f210f1015f1c5a59ff54a927a4ce9ec1c79298bc245b346d2cf50bdbc830141,2c63a134b2be335d5600dc2016f5ce80c669284d92aa631384df59708e944e20,identity-bearing path/account metadata pseudonymized; measurements unchanged
outputs/sigmetrics/rq1_boundary_placement/recommended/rq1_b1_b5_main/manifests/runs/sigmetrics-rq1-boundary-placement-final-v1--recommended--rq1_b1_b5_main--595e73a220e70b8a.json,8b1cd24840f9d7ce2d2fc7c3d4d5194fa7a6ccfa217f6247efad5d2acafcb575,d6abb5d3853259093cf79a728d71e05696ec6ddbb7fc2f3fd291803f18c5a428,identity-bearing path/account metadata pseudonymized; measurements unchanged
outputs/sigmetrics/rq1_boundary_placement/recommended/rq1_b1_b5_main/manifests/runs/sigmetrics-rq1-boundary-placement-final-v1--recommended--rq1_b1_b5_main--59b0e913ede1c4f1.json,7136fc4c1eaab2c98e1e99e3da1614193edabddcbdd11215e1ddffaa73b2ff80,f21d73a2d87e18cbaef73bfac846d21d87af13d087d9648256d30867b9b1fbd8,identity-bearing path/account metadata pseudonymized; measurements unchanged
outputs/sigmetrics/rq1_boundary_placement/recommended/rq1_b1_b5_main/manifests/runs/sigmetrics-rq1-boundary-placement-final-v1--recommended--rq1_b1_b5_main--5a7537f68dbbe2ef.json,25988368717bb809b3fdcaefb56e684027fd674aa916d8aa684ebebeb0920b66,f13ef6535fcce2c40f45a04cd36acf894d970b99427c738b59f3e7fd802a0d84,identity-bearing path/account metadata pseudonymized; measurements unchanged
outputs/sigmetrics/rq1_boundary_placement/recommended/rq1_b1_b5_main/manifests/runs/sigmetrics-rq1-boundary-placement-final-v1--recommended--rq1_b1_b5_main--5ac6d6b59228d69a.json,b60d15b93407967bd3346d668ee6e6b53273cb8793059e5bb4f82181ccebac4a,30ba3a34fd36aadcbf8d06cd57892f2829adc21d593bb7570128e50fe0ac4549,identity-bearing path/account metadata pseudonymized; measurements unchanged
outputs/sigmetrics/rq1_boundary_placement/recommended/rq1_b1_b5_main/manifests/runs/sigmetrics-rq1-boundary-placement-final-v1--recommended--rq1_b1_b5_main--5ae503d35b95fab0.json,6f16ce39234e8a978cfa6eac136f105b41f472a5261f06125535d9ea0fa23a7f,4285bee8b646cbe9497ec974c6c95cc9f5fc8e2a9894b14692ec79b1ee7bf5be,identity-bearing path/account metadata pseudonymized; measurements unchanged
outputs/sigmetrics/rq1_boundary_placement/recommended/rq1_b1_b5_main/manifests/runs/sigmetrics-rq1-boundary-placement-final-v1--recommended--rq1_b1_b5_main--5c423fe7811832a3.json,10b4ac52cbb1987f65dcf3ff9e8b12aca859d955bbd23e4b8823ed0758f33e6c,eceef35a7b3b43ac3be900dfc46139eaa121b449af6cb9983a260c72d1f4adee,identity-bearing path/account metadata pseudonymized; measurements unchanged
outputs/sigmetrics/rq1_boundary_placement/recommended/rq1_b1_b5_main/manifests/runs/sigmetrics-rq1-boundary-placement-final-v1--recommended--rq1_b1_b5_main--5d9b455a27a7bad6.json,ecc8f9559877ff146a27e34cf23545caf10f962e5bf093db9286b065d35cea8d,7b3086d9c03ef1c5b2f428ac6303a8a83d47baf46fd282cf579df40a7455bb7a,identity-bearing path/account metadata pseudonymized; measurements unchanged
outputs/sigmetrics/rq1_boundary_placement/recommended/rq1_b1_b5_main/manifests/runs/sigmetrics-rq1-boundary-placement-final-v1--recommended--rq1_b1_b5_main--5f409f0745371b6f.json,7410318c9bfee4ef47973c9c1675b2eb1c22461e7167ebf12092e10a7b17538f,13234485884312f18aa95f885c71652a71d10d346c9f27585abe208b3e094a74,identity-bearing path/account metadata pseudonymized; measurements unchanged
outputs/sigmetrics/rq1_boundary_placement/recommended/rq1_b1_b5_main/manifests/runs/sigmetrics-rq1-boundary-placement-final-v1--recommended--rq1_b1_b5_main--601e3974f71ee87e.json,6588258b7622d99b2e0da20f7df25daa532c029e2821f571feb0a48c41c89a9c,d838fd388ff72d9724be8b44aae82bb0c0d4e012f7ababed1875b62556977242,identity-bearing path/account metadata pseudonymized; measurements unchanged
outputs/sigmetrics/rq1_boundary_placement/recommended/rq1_b1_b5_main/manifests/runs/sigmetrics-rq1-boundary-placement-final-v1--recommended--rq1_b1_b5_main--6103aa6e7eb03911.json,3304d6b67627a4d3ef173c791540e9d331916f16460c16ef769f38263edd19e0,bc639d22862ed73db8ab56a4198cc2013f4ab245161a4150796a8bebeef4b4f1,identity-bearing path/account metadata pseudonymized; measurements unchanged
outputs/sigmetrics/rq1_boundary_placement/recommended/rq1_b1_b5_main/manifests/runs/sigmetrics-rq1-boundary-placement-final-v1--recommended--rq1_b1_b5_main--624719efe3854ab5.json,d8d734dbb6239aeb1bd0f97b6da2e46089b7d8f85d2fa569f7c7776d104f93f9,d71385a2e7b763911a1a11da291337f031115454880541734bbf2c3ec477ba78,identity-bearing path/account metadata pseudonymized; measurements unchanged
outputs/sigmetrics/rq1_boundary_placement/recommended/rq1_b1_b5_main/manifests/runs/sigmetrics-rq1-boundary-placement-final-v1--recommended--rq1_b1_b5_main--6274972059d3144d.json,e56d1fd3d65cfe8a005be1d088eca361427fa3b0317f27acbf30adf2d06bf3e4,dc0af3658ba90a572cda57d8a63cadf35b59dacccda18c8dbe88a3da42c0a5fe,identity-bearing path/account metadata pseudonymized; measurements unchanged
outputs/sigmetrics/rq1_boundary_placement/recommended/rq1_b1_b5_main/manifests/runs/sigmetrics-rq1-boundary-placement-final-v1--recommended--rq1_b1_b5_main--63ca09250c4ae115.json,9fa4f86369ca31809042971ac53464e0773e864330e6d6596c292c32077463b8,fbc9fd2754b888b45454ad888b2495a0d820b9155e1dc7f3951ad28ede487278,identity-bearing path/account metadata pseudonymized; measurements unchanged
outputs/sigmetrics/rq1_boundary_placement/recommended/rq1_b1_b5_main/manifests/runs/sigmetrics-rq1-boundary-placement-final-v1--recommended--rq1_b1_b5_main--63e4b017634f3ce3.json,05c3f33aa2498b8871b5d08be81f4f797c7eae81ffd637055b503e4347f6177e,21d7088a4bc65186b9bf8f02be4b5ed4de259f7af8c88468c7638708fc25213b,identity-bearing path/account metadata pseudonymized; measurements unchanged
outputs/sigmetrics/rq1_boundary_placement/recommended/rq1_b1_b5_main/manifests/runs/sigmetrics-rq1-boundary-placement-final-v1--recommended--rq1_b1_b5_main--6497f39a55cd555c.json,d47a85c0c208fd9577c9d6aba19f6c1c3a494bb9cecb178ac197cae82260b47a,4d331b2896a244e65cb958cc9dd188f31a731b2d122f2430c578620b2c4d0909,identity-bearing path/account metadata pseudonymized; measurements unchanged
outputs/sigmetrics/rq1_boundary_placement/recommended/rq1_b1_b5_main/manifests/runs/sigmetrics-rq1-boundary-placement-final-v1--recommended--rq1_b1_b5_main--656e68a7cce9b694.json,b2b994c27cc159d409ee2896660d11f0c9f7a135bfa3e7edf2ad0d0c7edbcddf,f75567b6f86d68651aa1b09751d2bd206791c01f3898512236129b06457f2ae4,identity-bearing path/account metadata pseudonymized; measurements unchanged
outputs/sigmetrics/rq1_boundary_placement/recommended/rq1_b1_b5_main/manifests/runs/sigmetrics-rq1-boundary-placement-final-v1--recommended--rq1_b1_b5_main--66c33a281e6cddb8.json,7e318a8234501e324fbb5e6bf4833a9ecac6f56108a0d284df62b45b46aa7b12,09bfb4d51d8147ed220c0644351b519060b0debcf90ee367f47f328c8415fb64,identity-bearing path/account metadata pseudonymized; measurements unchanged
outputs/sigmetrics/rq1_boundary_placement/recommended/rq1_b1_b5_main/manifests/runs/sigmetrics-rq1-boundary-placement-final-v1--recommended--rq1_b1_b5_main--6780381bdd438833.json,7e58f5330ad8bcf9ae68b484ac0de74fde4acb80664a8e12153e17aa1cf890aa,fdc9663cc9400d52514d40384b1aa88464872f421a28a6002e95d7b47ce7bf3d,identity-bearing path/account metadata pseudonymized; measurements unchanged
outputs/sigmetrics/rq1_boundary_placement/recommended/rq1_b1_b5_main/manifests/runs/sigmetrics-rq1-boundary-placement-final-v1--recommended--rq1_b1_b5_main--68952ce84d89e541.json,c5f4805ec97239a10492046f5826fec3e2939301bc792f27de8113a198b7c4a2,be64965d970be9d1ccc4dbfdeef443d4eec95a718843f282e76965f7dd726a77,identity-bearing path/account metadata pseudonymized; measurements unchanged
outputs/sigmetrics/rq1_boundary_placement/recommended/rq1_b1_b5_main/manifests/runs/sigmetrics-rq1-boundary-placement-final-v1--recommended--rq1_b1_b5_main--68b9de41087712a7.json,c835f8faa36751621bc041abded194d336364b2c00229784fe40d1e52efff80a,747affff957155f23b2345c3720fbe1a565beb49a640bcd10cebfc0d1048007e,identity-bearing path/account metadata pseudonymized; measurements unchanged
outputs/sigmetrics/rq1_boundary_placement/recommended/rq1_b1_b5_main/manifests/runs/sigmetrics-rq1-boundary-placement-final-v1--recommended--rq1_b1_b5_main--69bf6899a0832974.json,b7da9473880c55ecfa07f49cea906341e363f1977df167ef5ffb169ee1a75de9,ce06c26fdbaeeafd6691c6ee6360fc51f8a76727f0e70833cd6a2a1a708f80d1,identity-bearing path/account metadata pseudonymized; measurements unchanged
outputs/sigmetrics/rq1_boundary_placement/recommended/rq1_b1_b5_main/manifests/runs/sigmetrics-rq1-boundary-placement-final-v1--recommended--rq1_b1_b5_main--6a0b54e4faa43427.json,7793ea740bd8b3a62a3fb0cd081360d272a06985cf11e3d2faa6aa2becbbcbe0,7e8f16d9ecc5cbfe6d10e6128efcc0408cb0d34589fcbb62edd43155531998f1,identity-bearing path/account metadata pseudonymized; measurements unchanged
outputs/sigmetrics/rq1_boundary_placement/recommended/rq1_b1_b5_main/manifests/runs/sigmetrics-rq1-boundary-placement-final-v1--recommended--rq1_b1_b5_main--6a0dae3dcc75ba76.json,8c1c6bc9b770b428598e7e52733f8e33e7836c9c7aa284b8b7985d2404899aaf,06b870c9b27c3dd19038b4bfcc1e587e9cc51cf8d0ff9ab1981b05f0e919c36b,identity-bearing path/account metadata pseudonymized; measurements unchanged
outputs/sigmetrics/rq1_boundary_placement/recommended/rq1_b1_b5_main/manifests/runs/sigmetrics-rq1-boundary-placement-final-v1--recommended--rq1_b1_b5_main--6a3f213b97dfa538.json,36e39fdfa194a1eb9f160557667592ecd81bbf485b703b10d15f5003c3a8ddf3,c922d7afb81aded8078336925718e2fdc9b310ed9c32e1818b253ee2f509fcfb,identity-bearing path/account metadata pseudonymized; measurements unchanged
outputs/sigmetrics/rq1_boundary_placement/recommended/rq1_b1_b5_main/manifests/runs/sigmetrics-rq1-boundary-placement-final-v1--recommended--rq1_b1_b5_main--6bcad6e597dca349.json,0759b41ea119b1a055d6f4580d91c2cc2dde2174050f14dafc8f17909b919f0f,a76fb0e12e449c2c5111b99486bc2012dcbbdd19becc3ba75337fba708200653,identity-bearing path/account metadata pseudonymized; measurements unchanged
outputs/sigmetrics/rq1_boundary_placement/recommended/rq1_b1_b5_main/manifests/runs/sigmetrics-rq1-boundary-placement-final-v1--recommended--rq1_b1_b5_main--6c28419fdbc82606.json,5a5eeb8a0f10ee4a2c554419ab02459c7f2810405a5c4f4be2521ffd0cd177ca,40592fc26f08955404506adf3974832621e889d33fdf7ba78bf8b7139401a238,identity-bearing path/account metadata pseudonymized; measurements unchanged
outputs/sigmetrics/rq1_boundary_placement/recommended/rq1_b1_b5_main/manifests/runs/sigmetrics-rq1-boundary-placement-final-v1--recommended--rq1_b1_b5_main--6c2e5a428ebc92e6.json,cb296dbb622305367149c913323d213ff12f8b2c8df08b8899d5f2bb5ac2636d,7677362c5f10d590131aef14bef14afb4c5a7ea24004a5be930ba3a8640180a5,identity-bearing path/account metadata pseudonymized; measurements unchanged
outputs/sigmetrics/rq1_boundary_placement/recommended/rq1_b1_b5_main/manifests/runs/sigmetrics-rq1-boundary-placement-final-v1--recommended--rq1_b1_b5_main--6de571c8d1ef35a4.json,9c91df74a250ed95b3f0c631d72198cec9741b4ac407c5c667963a44ee39b384,e97f4acab70fe1907a3412535f04cb6ada9040131cdd1e5be014e6125743b520,identity-bearing path/account metadata pseudonymized; measurements unchanged
outputs/sigmetrics/rq1_boundary_placement/recommended/rq1_b1_b5_main/manifests/runs/sigmetrics-rq1-boundary-placement-final-v1--recommended--rq1_b1_b5_main--6df06c43073fcef1.json,a0af5a5a1ba897fd7273d063cd965c245ffbae809ebbf17f52a244b84c216ea2,07c2a60c0f09f6d83a4b8094746308442bd485c333fd154185578d5ca20cb660,identity-bearing path/account metadata pseudonymized; measurements unchanged
outputs/sigmetrics/rq1_boundary_placement/recommended/rq1_b1_b5_main/manifests/runs/sigmetrics-rq1-boundary-placement-final-v1--recommended--rq1_b1_b5_main--6e2a23b2a3e8422f.json,981eed7fd5e764f45d73a529a2478cf44741e06028a47c499532962036234ffe,9689b77595602f463204f4221fd691d70a5b231278ac5ab8139ed40d1b71936e,identity-bearing path/account metadata pseudonymized; measurements unchanged
outputs/sigmetrics/rq1_boundary_placement/recommended/rq1_b1_b5_main/manifests/runs/sigmetrics-rq1-boundary-placement-final-v1--recommended--rq1_b1_b5_main--6ecdceffb8bc3f43.json,6559a934b0bab04c51d9e3dfaf0081546c869743e1189a6236d7a20f2edb5ebc,002058f9e7e636c036be156585f87b241d1c0ec1d66056ae99b21be1278c5676,identity-bearing path/account metadata pseudonymized; measurements unchanged
outputs/sigmetrics/rq1_boundary_placement/recommended/rq1_b1_b5_main/manifests/runs/sigmetrics-rq1-boundary-placement-final-v1--recommended--rq1_b1_b5_main--6f1a7706c44c61c3.json,347f9fd9dd2fd5fe0d3a3561626758e1b4b90e15031613c813543b0d5a2f5495,aa681d8ffb1fa73121e03b0bf64f04f4cd5ae307673ab37dd94dad283075f790,identity-bearing path/account metadata pseudonymized; measurements unchanged
outputs/sigmetrics/rq1_boundary_placement/recommended/rq1_b1_b5_main/manifests/runs/sigmetrics-rq1-boundary-placement-final-v1--recommended--rq1_b1_b5_main--6fa2c840d6227c42.json,c167380702336c6ff5b84de5e994038e407425885dc27c42d12edf1a2557f0df,1592c164fb74c8acb141147223c4a4c3b30a76804a260cc2a5e07f2919c32340,identity-bearing path/account metadata pseudonymized; measurements unchanged
outputs/sigmetrics/rq1_boundary_placement/recommended/rq1_b1_b5_main/manifests/runs/sigmetrics-rq1-boundary-placement-final-v1--recommended--rq1_b1_b5_main--707a19797baa4ec4.json,c3c6f2d3b16709932010f8f625089bc3903c9726e8e6bcff8eca99701a1dca17,b224f7bc877205a3d22af0393ffcdc7bb73fad7fba264d946342b1792f3a8096,identity-bearing path/account metadata pseudonymized; measurements unchanged
outputs/sigmetrics/rq1_boundary_placement/recommended/rq1_b1_b5_main/manifests/runs/sigmetrics-rq1-boundary-placement-final-v1--recommended--rq1_b1_b5_main--708779c25c74b5d2.json,9d352795d6ca4b3a7c48f074cf55811e53b965efc7b61661506fbb2f042bdf80,1c958daff8d925ba50c294d8ceb5b35ac62cd8595f0d3afca55b498b56de8968,identity-bearing path/account metadata pseudonymized; measurements unchanged
outputs/sigmetrics/rq1_boundary_placement/recommended/rq1_b1_b5_main/manifests/runs/sigmetrics-rq1-boundary-placement-final-v1--recommended--rq1_b1_b5_main--712fd7acec80eed4.json,20658107a511b7c453334a9a2da1e990216c1c839be0bdf4c343f14cc3847183,d465200864b6cd36b2d6680cccc2acae68dbf9594683f41089e0ce41aa2d5c10,identity-bearing path/account metadata pseudonymized; measurements unchanged
outputs/sigmetrics/rq1_boundary_placement/recommended/rq1_b1_b5_main/manifests/runs/sigmetrics-rq1-boundary-placement-final-v1--recommended--rq1_b1_b5_main--720060fced84bacb.json,00420f95ac82db8a9fca8b8516a5f824f769de61c196160988eed1f622cb144f,09a5606bcfbd9ebe1281aa79124aaf4a54633f541bdd448d02db5f1b17c398fa,identity-bearing path/account metadata pseudonymized; measurements unchanged
outputs/sigmetrics/rq1_boundary_placement/recommended/rq1_b1_b5_main/manifests/runs/sigmetrics-rq1-boundary-placement-final-v1--recommended--rq1_b1_b5_main--7358520d8b0519ea.json,d078c7902cb2618be5c60d30f4a1022429ffcbdbd0f22f95d43b961830cd7139,d2136838b624a6182b59267f112168a7b879c35fa6b93da63857f08cf84890ad,identity-bearing path/account metadata pseudonymized; measurements unchanged
outputs/sigmetrics/rq1_boundary_placement/recommended/rq1_b1_b5_main/manifests/runs/sigmetrics-rq1-boundary-placement-final-v1--recommended--rq1_b1_b5_main--73b614f114b278cd.json,87382a2de593a8621ef04ee181f4befa3ec5fb052a6f6b4dea6b56e4743b0fb5,4aee8291b35c82ed85a7d19f4ab612095d18510101713068714c0b4641e4d3a4,identity-bearing path/account metadata pseudonymized; measurements unchanged
outputs/sigmetrics/rq1_boundary_placement/recommended/rq1_b1_b5_main/manifests/runs/sigmetrics-rq1-boundary-placement-final-v1--recommended--rq1_b1_b5_main--7484330f586ba6ad.json,d6ddffa666844f23f5444d00e018098ab27108ebb43a513292e5fdf4f884aa17,2e8ec41926a728c9c6674b85c1b3b2ec038d9ecf9a6912d22b8f2ee559a5119d,identity-bearing path/account metadata pseudonymized; measurements unchanged
outputs/sigmetrics/rq1_boundary_placement/recommended/rq1_b1_b5_main/manifests/runs/sigmetrics-rq1-boundary-placement-final-v1--recommended--rq1_b1_b5_main--74b158d2025bd7ff.json,42c08b6f6aad9ac2b133a709d298e3df22a97578504f8d50af2ed1a854116868,a29b2c4070fc1cb6ef15f3eb43a20756982b1a9e3c272a334645c7c31df053a1,identity-bearing path/account metadata pseudonymized; measurements unchanged
outputs/sigmetrics/rq1_boundary_placement/recommended/rq1_b1_b5_main/manifests/runs/sigmetrics-rq1-boundary-placement-final-v1--recommended--rq1_b1_b5_main--75373cd6c0eb7535.json,0849fa4c4bdabb06ce37892ce3fd62fc59b1b3f748580f325038d81f51a83b65,7e6430798b71860c7e48183217f0a6af5f44d5ba2c82ea770d839779658c22fa,identity-bearing path/account metadata pseudonymized; measurements unchanged
outputs/sigmetrics/rq1_boundary_placement/recommended/rq1_b1_b5_main/manifests/runs/sigmetrics-rq1-boundary-placement-final-v1--recommended--rq1_b1_b5_main--78b93b505a613c39.json,094272d5487cc5f656251bdd1a02a4f3c81863358f05485260fec4d8b3c73cc4,aa388f7f538ba276ab6e8e326934c4aea410553464a57a922e134078c6db2211,identity-bearing path/account metadata pseudonymized; measurements unchanged
outputs/sigmetrics/rq1_boundary_placement/recommended/rq1_b1_b5_main/manifests/runs/sigmetrics-rq1-boundary-placement-final-v1--recommended--rq1_b1_b5_main--78c8a006883083cf.json,14b6e449e44a33c96ca6855b32acd189edcd7f965b4751748c82d80cb46cc432,8f3a65b34fd352bc7a289acf036111aa1c076ed1c04e3a4f3dba289cf794136e,identity-bearing path/account metadata pseudonymized; measurements unchanged
outputs/sigmetrics/rq1_boundary_placement/recommended/rq1_b1_b5_main/manifests/runs/sigmetrics-rq1-boundary-placement-final-v1--recommended--rq1_b1_b5_main--7a07430b1d240853.json,0ea8f761cba2fccdfb14e3d2c8da0867699cacb1cb8e10a9691825aaaab4278f,d7442e1233a5e6f673d676e2b30bb217a537974ed73af0ac6bbd70bee46f3a9b,identity-bearing path/account metadata pseudonymized; measurements unchanged
outputs/sigmetrics/rq1_boundary_placement/recommended/rq1_b1_b5_main/manifests/runs/sigmetrics-rq1-boundary-placement-final-v1--recommended--rq1_b1_b5_main--7a69a0b32ce33daa.json,8b7f0b1c4518ea0b476dfc3b780dc14a34666513f8b3e82b32aee9367a47df7b,4218e3b269e21b8f2b75193c42ae9b4f51b4327f621d3ddb342e657457709e66,identity-bearing path/account metadata pseudonymized; measurements unchanged
outputs/sigmetrics/rq1_boundary_placement/recommended/rq1_b1_b5_main/manifests/runs/sigmetrics-rq1-boundary-placement-final-v1--recommended--rq1_b1_b5_main--7b0e265910d4f326.json,d19f8352f013236c4c314f8c40381140d25beaf6de4c17d19bfae5915872dda5,99e7d113f06fe709ffe5d21f9dafa3e000063cace1e9565fe8c0784f07bca194,identity-bearing path/account metadata pseudonymized; measurements unchanged
outputs/sigmetrics/rq1_boundary_placement/recommended/rq1_b1_b5_main/manifests/runs/sigmetrics-rq1-boundary-placement-final-v1--recommended--rq1_b1_b5_main--7b615a578fc8d3d5.json,20baa3bfdfe0fa6689963f91300e5f03ce1c969fb9343c5afa35b5ffef2488af,309da2ca5cb660f2e47930fe15e861484519e8ab833d25576696f32db4c8caa4,identity-bearing path/account metadata pseudonymized; measurements unchanged
outputs/sigmetrics/rq1_boundary_placement/recommended/rq1_b1_b5_main/manifests/runs/sigmetrics-rq1-boundary-placement-final-v1--recommended--rq1_b1_b5_main--7c054d8faab28cd0.json,234658653897a2971ec41ee55876e804274643ce77a77b81b4d0c9cd60c08f42,a1c57db0c4e8e4e8c50466e5c04d5de3bddc43ac515a54488a170273f52cea58,identity-bearing path/account metadata pseudonymized; measurements unchanged
outputs/sigmetrics/rq1_boundary_placement/recommended/rq1_b1_b5_main/manifests/runs/sigmetrics-rq1-boundary-placement-final-v1--recommended--rq1_b1_b5_main--7db28eccb473cd55.json,7589444a0446fc0fa23b8358250e2e3a6681890ae1dff6fbb78ee7389c5eabeb,b420d98d2c304d8c5c1300435b18719bbaf7322e3dfde5e19e2ec8160c0836bd,identity-bearing path/account metadata pseudonymized; measurements unchanged
outputs/sigmetrics/rq1_boundary_placement/recommended/rq1_b1_b5_main/manifests/runs/sigmetrics-rq1-boundary-placement-final-v1--recommended--rq1_b1_b5_main--7db7d936d4776d4f.json,5e1cc2a391074d3cd22bfffead7c1d42e7941d6d5ed70fae662a6de142a4711e,fcb72f92b478e447accb602d80b9c790cf998927dd9714d450b6b445ffb74f73,identity-bearing path/account metadata pseudonymized; measurements unchanged
outputs/sigmetrics/rq1_boundary_placement/recommended/rq1_b1_b5_main/manifests/runs/sigmetrics-rq1-boundary-placement-final-v1--recommended--rq1_b1_b5_main--7e06bc73b4651d6b.json,6a74842e443d0793b1e2a36ca0bdbf4b5bc09834323ce5dc32163883ecbb527d,fb340ecb00c533028aef60dc2d2d964538dfe1caf5c9bb5e466bee0f887d5223,identity-bearing path/account metadata pseudonymized; measurements unchanged
outputs/sigmetrics/rq1_boundary_placement/recommended/rq1_b1_b5_main/manifests/runs/sigmetrics-rq1-boundary-placement-final-v1--recommended--rq1_b1_b5_main--7e2c285d9e07d44f.json,7821859a7fdfd05e22a0c1b8c69f19b6670018b377fe6295c56a77168dcca6bd,8710bb12ee8994b2d0470fa8a109c078284012310362a3ae15a5c1ed5baae664,identity-bearing path/account metadata pseudonymized; measurements unchanged
outputs/sigmetrics/rq1_boundary_placement/recommended/rq1_b1_b5_main/manifests/runs/sigmetrics-rq1-boundary-placement-final-v1--recommended--rq1_b1_b5_main--7f7a734cd7f2de21.json,04538b2402baab4bc585a4ad766b28652b6d4d4c0366ea1e8a00c16660d632b8,770eb2dbf7c615766350a21ed39f7213f22dae8c821ca4bb2f2071c576a9d5b0,identity-bearing path/account metadata pseudonymized; measurements unchanged
outputs/sigmetrics/rq1_boundary_placement/recommended/rq1_b1_b5_main/manifests/runs/sigmetrics-rq1-boundary-placement-final-v1--recommended--rq1_b1_b5_main--7fa37837c6282ffb.json,a7524d41a4cc5855e40829855775116bc3acf9481b8888f32c29b86f92fc64d8,6c0d0f4940c2c03c7f237dfd1bd555581deb21c6c5d7bb3e834c93dbf5d61510,identity-bearing path/account metadata pseudonymized; measurements unchanged
outputs/sigmetrics/rq1_boundary_placement/recommended/rq1_b1_b5_main/manifests/runs/sigmetrics-rq1-boundary-placement-final-v1--recommended--rq1_b1_b5_main--83f932312ff7f172.json,2678fe94224b006b1d8a9640c9737fe43839ca1184431bbae6997f6b9efe4a50,8a5dc0d7780f2f6ec910067d9856c8da2ea2bda69c4f2b4bdda377dc6d1b4b81,identity-bearing path/account metadata pseudonymized; measurements unchanged
outputs/sigmetrics/rq1_boundary_placement/recommended/rq1_b1_b5_main/manifests/runs/sigmetrics-rq1-boundary-placement-final-v1--recommended--rq1_b1_b5_main--8474b36e485fb6bd.json,6edab80ce25430efbf88bec3a00be02a9d6a59c19f82357e9375af4c57944d30,6a39f2947c091637d9d2b9b16e8b489df811e2abe7a217e8817ef02824b4f36c,identity-bearing path/account metadata pseudonymized; measurements unchanged
outputs/sigmetrics/rq1_boundary_placement/recommended/rq1_b1_b5_main/manifests/runs/sigmetrics-rq1-boundary-placement-final-v1--recommended--rq1_b1_b5_main--854de384a83b0129.json,b0aa818b8d2748878f710388f8a98aab85c484f34d77bb66852e7e8dc154bd32,aafb83f247527195c7be144f644dba304c9ec4772bff8fb5163f6ffb53e32a77,identity-bearing path/account metadata pseudonymized; measurements unchanged
outputs/sigmetrics/rq1_boundary_placement/recommended/rq1_b1_b5_main/manifests/runs/sigmetrics-rq1-boundary-placement-final-v1--recommended--rq1_b1_b5_main--859a6f388220435f.json,650939e330518e8956e66511dc3bfaf433baaee5cf77db8c085e467efb40e44b,1e0b4850742a5d27275b9250080a48562557d9d1c1d2f21350c95d45e4837921,identity-bearing path/account metadata pseudonymized; measurements unchanged
outputs/sigmetrics/rq1_boundary_placement/recommended/rq1_b1_b5_main/manifests/runs/sigmetrics-rq1-boundary-placement-final-v1--recommended--rq1_b1_b5_main--87f714f9482cc9cd.json,a5e3d3b51f24ebd61087dc671240d3587ae88fcd83360a784b7d8218b5e8db08,693ef9d08ab51590372c4cc72bffb0b33dee626c0271dd2b7fb43b4db75de854,identity-bearing path/account metadata pseudonymized; measurements unchanged
outputs/sigmetrics/rq1_boundary_placement/recommended/rq1_b1_b5_main/manifests/runs/sigmetrics-rq1-boundary-placement-final-v1--recommended--rq1_b1_b5_main--885f65a56ac63fc2.json,b3b56a587a3e7951759905e821b9ba182fe3b544f8762d018bd7930341f01dd9,682ffedaf349b3292edac08b0adb74a041626a0e888838c8cfc9195e01417407,identity-bearing path/account metadata pseudonymized; measurements unchanged
outputs/sigmetrics/rq1_boundary_placement/recommended/rq1_b1_b5_main/manifests/runs/sigmetrics-rq1-boundary-placement-final-v1--recommended--rq1_b1_b5_main--893339c3879c3bbe.json,a2b4f1ae5d1ce4dfb3ba9a2975313790bec87df4ab1f43e59ae1e7a86f15a3ff,c841e056e575f1a30f57875cdf9f8520d8d69d4e88647df246a9fde752257b71,identity-bearing path/account metadata pseudonymized; measurements unchanged
outputs/sigmetrics/rq1_boundary_placement/recommended/rq1_b1_b5_main/manifests/runs/sigmetrics-rq1-boundary-placement-final-v1--recommended--rq1_b1_b5_main--8a6148d6a6f4b9ab.json,fd872c3a7511dbb90fec6fe3dca9d5a8db8aab94d04fbfe127349013067537e5,d2f148eb2641838ad1af4a40ce9d6403caa2f97cbc85cab9cf399d8824003030,identity-bearing path/account metadata pseudonymized; measurements unchanged
outputs/sigmetrics/rq1_boundary_placement/recommended/rq1_b1_b5_main/manifests/runs/sigmetrics-rq1-boundary-placement-final-v1--recommended--rq1_b1_b5_main--8ad7d7a75e9e7f5c.json,03e6d414d1f92fd5d42d45a8021a9d5475aa15c1bef4c7d39be17a5d56b9189d,3136d1b41790ea35e8a13686cde95d5cd0548a3465d33adbcaec2a0aca9ce4ac,identity-bearing path/account metadata pseudonymized; measurements unchanged
outputs/sigmetrics/rq1_boundary_placement/recommended/rq1_b1_b5_main/manifests/runs/sigmetrics-rq1-boundary-placement-final-v1--recommended--rq1_b1_b5_main--8afed1e6a2e388cb.json,81c995f4296bb7cb2a7a2094aa600f6b04692c51336789e00236530f31da0bdc,1bf8b20b7020c05efc880c732ab2cd7107f5992192554ea3f31fdc4adea9ae6a,identity-bearing path/account metadata pseudonymized; measurements unchanged
outputs/sigmetrics/rq1_boundary_placement/recommended/rq1_b1_b5_main/manifests/runs/sigmetrics-rq1-boundary-placement-final-v1--recommended--rq1_b1_b5_main--8d2025c71fa0689d.json,9242709be7cfd40e2a3782ca4031f97d441f2e35fc79da623080f3dd43bca6b7,e1fc7638976f3a9322bf1678672598465927b4ba17e8fb4f531d9e46ffe4b4bd,identity-bearing path/account metadata pseudonymized; measurements unchanged
outputs/sigmetrics/rq1_boundary_placement/recommended/rq1_b1_b5_main/manifests/runs/sigmetrics-rq1-boundary-placement-final-v1--recommended--rq1_b1_b5_main--8db9c52f7c4c45b2.json,3b891983dd02764e45482d9ea72cff97ee5d8e0f68d3ca7ff881e9953655fb8b,f10e3657ae5d07db7df5fd35623a07f41a2f128275bc41c92e77a57bab3fd60f,identity-bearing path/account metadata pseudonymized; measurements unchanged
outputs/sigmetrics/rq1_boundary_placement/recommended/rq1_b1_b5_main/manifests/runs/sigmetrics-rq1-boundary-placement-final-v1--recommended--rq1_b1_b5_main--8fa78e84ceb0a776.json,fae87516b5f1424255c94b3c7655aa94551c0f36bc2ce6c91fceb05ca85e1d9a,822f1faca8dd189e2baf2053458a1ad18476c2464ad01e9b894fd473fca0d63e,identity-bearing path/account metadata pseudonymized; measurements unchanged
outputs/sigmetrics/rq1_boundary_placement/recommended/rq1_b1_b5_main/manifests/runs/sigmetrics-rq1-boundary-placement-final-v1--recommended--rq1_b1_b5_main--8fa8605ff409e85f.json,29b4d51888656110229057432a466e245c1e80482b71c282aab6295aa6c15cfd,bb3613861f205d6b0a92b84862cdd28a40052c2e92718adcadd833a408ccbb8e,identity-bearing path/account metadata pseudonymized; measurements unchanged
outputs/sigmetrics/rq1_boundary_placement/recommended/rq1_b1_b5_main/manifests/runs/sigmetrics-rq1-boundary-placement-final-v1--recommended--rq1_b1_b5_main--8fce86a70678122e.json,9588df63693083a60318776fc95bf80c49ae2ff01622fe0c7de74eb474503c51,b254adf186c35e9424654073454b548290fa52b16f84f4d486e4b8143a4bb4b2,identity-bearing path/account metadata pseudonymized; measurements unchanged
outputs/sigmetrics/rq1_boundary_placement/recommended/rq1_b1_b5_main/manifests/runs/sigmetrics-rq1-boundary-placement-final-v1--recommended--rq1_b1_b5_main--90e5df1ddb80be6a.json,0b399fd1a9180413cb115bf9a159a6df2cdf94e3e35fc32c8c1d55bb6d1a37c3,43879acd9e2af3eec0d4f8a3893795d99a892f0d0bd6e03ee251ca2a851e90b4,identity-bearing path/account metadata pseudonymized; measurements unchanged
outputs/sigmetrics/rq1_boundary_placement/recommended/rq1_b1_b5_main/manifests/runs/sigmetrics-rq1-boundary-placement-final-v1--recommended--rq1_b1_b5_main--913de31fb5d646ef.json,886626ea4892c6d1ee7947556c78d3b00966d9be6117b9eff62281cee94e3e2c,5ee5bc05ba22a5e7dc372ee5eb79d5644841483044f053d86cfd216f90d67ba1,identity-bearing path/account metadata pseudonymized; measurements unchanged
outputs/sigmetrics/rq1_boundary_placement/recommended/rq1_b1_b5_main/manifests/runs/sigmetrics-rq1-boundary-placement-final-v1--recommended--rq1_b1_b5_main--91925a535663bba0.json,8d2cb418d7302c4382d2e32b241fcd638ab75cddee024c194b5153b8c58a9137,045711e90e46f12e56bdf1cb37ccf757ea2512b4ff656832e1d3f1e4a5cea9bc,identity-bearing path/account metadata pseudonymized; measurements unchanged
outputs/sigmetrics/rq1_boundary_placement/recommended/rq1_b1_b5_main/manifests/runs/sigmetrics-rq1-boundary-placement-final-v1--recommended--rq1_b1_b5_main--93e64b48c18f2d82.json,509a9b5b528dc2ecc335f04cd93accd7512089b424f28d6a2bf70315d0c21caf,f942160cb4c7012e44dd405fe0c8675e58fde782b1e21335053279f79fd23496,identity-bearing path/account metadata pseudonymized; measurements unchanged
outputs/sigmetrics/rq1_boundary_placement/recommended/rq1_b1_b5_main/manifests/runs/sigmetrics-rq1-boundary-placement-final-v1--recommended--rq1_b1_b5_main--94a8093883d25993.json,23055e290090f373363988217929f65d5cefec8b898f392c3b5b9683c5ac34db,3513a67dc73c8cff6dd9d2bb2c01a561f5b0d89cc1837ec2e46e34548cb983c7,identity-bearing path/account metadata pseudonymized; measurements unchanged
outputs/sigmetrics/rq1_boundary_placement/recommended/rq1_b1_b5_main/manifests/runs/sigmetrics-rq1-boundary-placement-final-v1--recommended--rq1_b1_b5_main--96f8e29296bab6d7.json,bb199e8271f3e1023f6f6d103013abaa75fb751725753bd6a246ff49fba07f8a,38b288cadebad32a3e5e20beca0e682a8bd558c7931fdb05490f2534b5578336,identity-bearing path/account metadata pseudonymized; measurements unchanged
outputs/sigmetrics/rq1_boundary_placement/recommended/rq1_b1_b5_main/manifests/runs/sigmetrics-rq1-boundary-placement-final-v1--recommended--rq1_b1_b5_main--99c734ae93759780.json,6dcf8ea0364245c452c7f426a43ab384340e5d3ddf589e1f351ec48bc479be90,2ec809fe02cfecb5d2770028b3e2edcc87110996081418555f5f28f8df844a0d,identity-bearing path/account metadata pseudonymized; measurements unchanged
outputs/sigmetrics/rq1_boundary_placement/recommended/rq1_b1_b5_main/manifests/runs/sigmetrics-rq1-boundary-placement-final-v1--recommended--rq1_b1_b5_main--9b60417e8c59285d.json,cf6335881a33eb3cdb0ae506f6cf36812c3c1318a86a9fb9bbb50ff7318ec503,ce830c4dfc1aed3370af0ca569c604012e385e215c4a2a5b54f8e1d3d323db39,identity-bearing path/account metadata pseudonymized; measurements unchanged
outputs/sigmetrics/rq1_boundary_placement/recommended/rq1_b1_b5_main/manifests/runs/sigmetrics-rq1-boundary-placement-final-v1--recommended--rq1_b1_b5_main--9d7869f1f95d0e31.json,6ac3add9533fb90f7f13286851ddc117451b9eb1e03ac9e7f8402f311b31da2e,ec6b1e765ac415751b359bf5d4d3b9ad0a185dcce7701df3a272ccd9798324b4,identity-bearing path/account metadata pseudonymized; measurements unchanged
outputs/sigmetrics/rq1_boundary_placement/recommended/rq1_b1_b5_main/manifests/runs/sigmetrics-rq1-boundary-placement-final-v1--recommended--rq1_b1_b5_main--a319e2b224c9a7c1.json,d396bb0241c129dedb233723ebef393aa74723760501968e10de0a55e3b8c16b,12a1c86f760364c9d7763f11e555de9c102944f779b90b9800aab8e09ca91f8a,identity-bearing path/account metadata pseudonymized; measurements unchanged
outputs/sigmetrics/rq1_boundary_placement/recommended/rq1_b1_b5_main/manifests/runs/sigmetrics-rq1-boundary-placement-final-v1--recommended--rq1_b1_b5_main--a34fffa5d75ddb03.json,0864758161eea3e88ba720ce6000b35120f5df756a7cbb33db771a4dd895f7a0,2035ee9192dad2eae79a107b4199d555c6d6fa3bab87fb2cfdfed9cef2556337,identity-bearing path/account metadata pseudonymized; measurements unchanged
outputs/sigmetrics/rq1_boundary_placement/recommended/rq1_b1_b5_main/manifests/runs/sigmetrics-rq1-boundary-placement-final-v1--recommended--rq1_b1_b5_main--a35a912e1f889778.json,ec0455e7d4531f193c7f5f223201ccd2171745b8b4f2a84394e813d1a57a6ce9,3fe031cae754306ddb7e313c9815a3b568ca140fac31d3e62f14ae1f80492a20,identity-bearing path/account metadata pseudonymized; measurements unchanged
outputs/sigmetrics/rq1_boundary_placement/recommended/rq1_b1_b5_main/manifests/runs/sigmetrics-rq1-boundary-placement-final-v1--recommended--rq1_b1_b5_main--a3f2a74bf38b670c.json,d1aba99fedb2fe0a77d82a5b9d39583eebd7515d18260f2e3329e0b22a5f5418,7b8e9b5bdbaa4a34cd2f01e47c06fcb967bc24d24d2a6dabd31ea8bdc1dc9913,identity-bearing path/account metadata pseudonymized; measurements unchanged
outputs/sigmetrics/rq1_boundary_placement/recommended/rq1_b1_b5_main/manifests/runs/sigmetrics-rq1-boundary-placement-final-v1--recommended--rq1_b1_b5_main--a40e79e952c4e18b.json,a17834ed76e0522e8463d37458efa015e7ce13b77d141319996133cc4fb4fd9c,7e7448788cd5a03ee6d7181b71466815a4a27f71ce4c3e5f18e7e59a3bc864d3,identity-bearing path/account metadata pseudonymized; measurements unchanged
outputs/sigmetrics/rq1_boundary_placement/recommended/rq1_b1_b5_main/manifests/runs/sigmetrics-rq1-boundary-placement-final-v1--recommended--rq1_b1_b5_main--a4d094a80d00332a.json,1fee4b781cc5200e8f793c6d84946c5a7d8fef82397669c582a051d363f0bd60,d68b7853b5e5b5e3697c9ca3d6eb552d9e260eb44caf40bc6b43850071bd28c4,identity-bearing path/account metadata pseudonymized; measurements unchanged
outputs/sigmetrics/rq1_boundary_placement/recommended/rq1_b1_b5_main/manifests/runs/sigmetrics-rq1-boundary-placement-final-v1--recommended--rq1_b1_b5_main--a6435dfaa06c594e.json,619354ef925cc4e02a1caac6baa6e47c4af1c3be79b11caa710c9f60b2d91fe5,7c7aafc94d7b8ce1a6f345b1b074777e1e07206228880144000861dcecebb971,identity-bearing path/account metadata pseudonymized; measurements unchanged
outputs/sigmetrics/rq1_boundary_placement/recommended/rq1_b1_b5_main/manifests/runs/sigmetrics-rq1-boundary-placement-final-v1--recommended--rq1_b1_b5_main--a67108df09877f57.json,f103227a9d25c0d6a014ccb54aa1197ec2a7d9d68b7364b9e7631952ecabb2e3,6d840c33b89176cd5ca3742746c8fe2c995bca33b5e7070d1969dd724e01f5a9,identity-bearing path/account metadata pseudonymized; measurements unchanged
outputs/sigmetrics/rq1_boundary_placement/recommended/rq1_b1_b5_main/manifests/runs/sigmetrics-rq1-boundary-placement-final-v1--recommended--rq1_b1_b5_main--a6cbe1ce249748e5.json,cad04c943b02247e3452bd8019916fcaaf224e4e09201e9f2080230b5e5d6d44,438b014738dd7d9f63140645a5ec4b80b85d823c5ac025b63bcbc6b6629f4c84,identity-bearing path/account metadata pseudonymized; measurements unchanged
outputs/sigmetrics/rq1_boundary_placement/recommended/rq1_b1_b5_main/manifests/runs/sigmetrics-rq1-boundary-placement-final-v1--recommended--rq1_b1_b5_main--a70b36445ece864b.json,47adff9337f255ab5fc69f18c97eeeb2af3afb0f6a5ff51931a94b8991bc3235,c041575ccbab36552f920e08971c1bb50e0f62035fd1a6e62b8be81a627b1b2a,identity-bearing path/account metadata pseudonymized; measurements unchanged
outputs/sigmetrics/rq1_boundary_placement/recommended/rq1_b1_b5_main/manifests/runs/sigmetrics-rq1-boundary-placement-final-v1--recommended--rq1_b1_b5_main--a8d032086c275ac0.json,59c74a293d9c05a610a3fd571b997cb3066ee664e697e4f8c1aaee0b5e2da500,332edef005161d38dc9f502ad0e0bec006ad2407361a76fb9316c5b5292e4323,identity-bearing path/account metadata pseudonymized; measurements unchanged
outputs/sigmetrics/rq1_boundary_placement/recommended/rq1_b1_b5_main/manifests/runs/sigmetrics-rq1-boundary-placement-final-v1--recommended--rq1_b1_b5_main--a9623b488255ee1f.json,f0f7a76ae34f5ee9bc21ab028444a3ee339c5d53be85504c69026c2f701654c9,4b98337e3d0cee60103e421cd06dd2cd814013dce2688ff1492fbb0bc04c2e42,identity-bearing path/account metadata pseudonymized; measurements unchanged
outputs/sigmetrics/rq1_boundary_placement/recommended/rq1_b1_b5_main/manifests/runs/sigmetrics-rq1-boundary-placement-final-v1--recommended--rq1_b1_b5_main--a9ab5a6d18cb0179.json,d8dde598cc8d1ed9494ceb71d11aaef918e084776ef3ec450dbc48320edf91e5,be29a4b290561d76b05f9c59d844537f1d6ea29a0bf2fcd97c5834e3d2e85d1a,identity-bearing path/account metadata pseudonymized; measurements unchanged
outputs/sigmetrics/rq1_boundary_placement/recommended/rq1_b1_b5_main/manifests/runs/sigmetrics-rq1-boundary-placement-final-v1--recommended--rq1_b1_b5_main--a9f951b87012ab0b.json,97a67006d4d6ae2517bfa5501a27b7d7307e42ac043c0716f19004f7548cc061,1b6b143b7456863bca8fd6afab2bb438de061dc95977a999967f7e10046ef44f,identity-bearing path/account metadata pseudonymized; measurements unchanged
outputs/sigmetrics/rq1_boundary_placement/recommended/rq1_b1_b5_main/manifests/runs/sigmetrics-rq1-boundary-placement-final-v1--recommended--rq1_b1_b5_main--aa3b8dad92f9704e.json,6aa9aee5f307437bab2309c033781237b71e890669617fcca30e2f57d931396b,87144f5ff750b45d187e4e0de74527380df1f0eee7eb1f7f492a6aae928ca884,identity-bearing path/account metadata pseudonymized; measurements unchanged
outputs/sigmetrics/rq1_boundary_placement/recommended/rq1_b1_b5_main/manifests/runs/sigmetrics-rq1-boundary-placement-final-v1--recommended--rq1_b1_b5_main--ab384a81fc39ac2d.json,b2d77088def8f3abe65a6e3464d5fe23f92c3a953581020426711e85f36aa07d,3c7935914cb293cdcfadb7fae4371e2baf38c229019f72884e25885856dd0644,identity-bearing path/account metadata pseudonymized; measurements unchanged
outputs/sigmetrics/rq1_boundary_placement/recommended/rq1_b1_b5_main/manifests/runs/sigmetrics-rq1-boundary-placement-final-v1--recommended--rq1_b1_b5_main--acbfe741879e10e1.json,ef11e89085db215bdd9c476394e9cb682efa91188683a513e93f7b6c8bfdac4f,7a598372514cfd60745dffb0596444cc65afecdcb8a50c39b4b3936dd3bb54e9,identity-bearing path/account metadata pseudonymized; measurements unchanged
outputs/sigmetrics/rq1_boundary_placement/recommended/rq1_b1_b5_main/manifests/runs/sigmetrics-rq1-boundary-placement-final-v1--recommended--rq1_b1_b5_main--acc86bfc1fe70b70.json,ae553d72324b7ad31e2a72854b17a51b3a476cc1c35087f9efefced19fe5408d,301c3c6b2e07de7eeb848ee2bca2df3a3e42290bbeb8a5588ae8846776515e94,identity-bearing path/account metadata pseudonymized; measurements unchanged
outputs/sigmetrics/rq1_boundary_placement/recommended/rq1_b1_b5_main/manifests/runs/sigmetrics-rq1-boundary-placement-final-v1--recommended--rq1_b1_b5_main--ae4ab138f7fb9fea.json,ebff95a7ea8610bf5c4a6bf020f262ce4ff03f4d7c5640152b206293957e7891,4ce49f07554ad04fb2fac2c216e600352801e0e252547b2468da432bf37e3aaf,identity-bearing path/account metadata pseudonymized; measurements unchanged
outputs/sigmetrics/rq1_boundary_placement/recommended/rq1_b1_b5_main/manifests/runs/sigmetrics-rq1-boundary-placement-final-v1--recommended--rq1_b1_b5_main--b0d4bbc4bdd6ebf8.json,dc312dec049a256a5dc03c5e81427ba674b714172352c803f95e04d0e797b0d5,ddfea89969de9f46a98b8df78846667218ef9cd93c23d30feec58293d3cf8854,identity-bearing path/account metadata pseudonymized; measurements unchanged
outputs/sigmetrics/rq1_boundary_placement/recommended/rq1_b1_b5_main/manifests/runs/sigmetrics-rq1-boundary-placement-final-v1--recommended--rq1_b1_b5_main--b2382abe1ae62e92.json,c29f38c8e41573f5bfef9747a2109bc10aee91d05228a9c88d6f50aee300b1dd,1d5497af689d8533636846d663f77befa2b2572dc47477ba22601aaa81291234,identity-bearing path/account metadata pseudonymized; measurements unchanged
outputs/sigmetrics/rq1_boundary_placement/recommended/rq1_b1_b5_main/manifests/runs/sigmetrics-rq1-boundary-placement-final-v1--recommended--rq1_b1_b5_main--b2816417ead3ba5d.json,cb4528380fc854732a5acd3aec03fcbc6202622c453bf1e744a09a71c2bbf5ea,c9c9a258e21ae62e36927d032bb36c99f1a284432bb4ae244dd86a6e582c39c7,identity-bearing path/account metadata pseudonymized; measurements unchanged
outputs/sigmetrics/rq1_boundary_placement/recommended/rq1_b1_b5_main/manifests/runs/sigmetrics-rq1-boundary-placement-final-v1--recommended--rq1_b1_b5_main--b3254a108e7f223b.json,57f1d4469f13da8cc94f5026b4714118e1b89920867800d73f147330ec944cd6,31347e06048b2b30bc87eec22a38250e3394efc32ac748abf40eb806d3ea643d,identity-bearing path/account metadata pseudonymized; measurements unchanged
outputs/sigmetrics/rq1_boundary_placement/recommended/rq1_b1_b5_main/manifests/runs/sigmetrics-rq1-boundary-placement-final-v1--recommended--rq1_b1_b5_main--b5850a0c06a91d56.json,0b101db31d2383c112ddf98f710f98f8538e4903a2a95255c14c3436cafa6b31,34c1c977fc153026b61ab94c9cbf7581560011b63eb1bb7bbfed5cd5e1fcecb1,identity-bearing path/account metadata pseudonymized; measurements unchanged
outputs/sigmetrics/rq1_boundary_placement/recommended/rq1_b1_b5_main/manifests/runs/sigmetrics-rq1-boundary-placement-final-v1--recommended--rq1_b1_b5_main--b63bd0f3cce9dd79.json,f21da75f26e341367055f4b25d3c975cdf6a744233ed33353e60dbc9992e74f8,96974bab8b648dbbfbfb72c3a9ee9484b1049ebcc320840af16213c08577ab14,identity-bearing path/account metadata pseudonymized; measurements unchanged
outputs/sigmetrics/rq1_boundary_placement/recommended/rq1_b1_b5_main/manifests/runs/sigmetrics-rq1-boundary-placement-final-v1--recommended--rq1_b1_b5_main--b69fcee5a5df7d89.json,00e54f8ce763689b32f451d6f16d6d46ed7a82a4fb04816b14dcdbe1db546978,a164c402a67583d4fde0fe89fff9d6c55601cf9e0b4d69d679d3071344409af7,identity-bearing path/account metadata pseudonymized; measurements unchanged
outputs/sigmetrics/rq1_boundary_placement/recommended/rq1_b1_b5_main/manifests/runs/sigmetrics-rq1-boundary-placement-final-v1--recommended--rq1_b1_b5_main--b6f97704a9ec944d.json,aaeb97718679c31eadc5ecbf7ac12fa3e2237af0448673b8b70fc650690f1d5e,ed39b7a113c1d51757b2f8fba3b7701a167a5cc4da83248b04a32d367ca7597f,identity-bearing path/account metadata pseudonymized; measurements unchanged
outputs/sigmetrics/rq1_boundary_placement/recommended/rq1_b1_b5_main/manifests/runs/sigmetrics-rq1-boundary-placement-final-v1--recommended--rq1_b1_b5_main--b865ee8ce24ff568.json,14159e4d529e3b5c08d5381f443715361a32e803272d3480efc68b79296cc835,b5bb210498c2fc3e9dc38e17c52d2b3256b34a5de8c074036d97ade740a6c435,identity-bearing path/account metadata pseudonymized; measurements unchanged
outputs/sigmetrics/rq1_boundary_placement/recommended/rq1_b1_b5_main/manifests/runs/sigmetrics-rq1-boundary-placement-final-v1--recommended--rq1_b1_b5_main--ba9348e0d8f1c1bc.json,df500f3e6e6d4293447877f2b00135ca4d43ada716aa69d1ad3b72688d1b8674,0e6f4fddd980f31492c68a1a56c9f1e8ed8222b52260a25cf67ae14d587b521c,identity-bearing path/account metadata pseudonymized; measurements unchanged
outputs/sigmetrics/rq1_boundary_placement/recommended/rq1_b1_b5_main/manifests/runs/sigmetrics-rq1-boundary-placement-final-v1--recommended--rq1_b1_b5_main--bae25a74a27b4de5.json,ef99e18b3de4c21f9703ae875324af1cf601e8fcce0036de620a796eac254c1a,502eed63dc185319b4c700b74d439bcd3e8dd2805285e9f926a6f12a9536ea60,identity-bearing path/account metadata pseudonymized; measurements unchanged
outputs/sigmetrics/rq1_boundary_placement/recommended/rq1_b1_b5_main/manifests/runs/sigmetrics-rq1-boundary-placement-final-v1--recommended--rq1_b1_b5_main--bae50e7050cb59f7.json,4457720c2fe9041de11d7996b20858843a806467a01a4c6cfc33acf408443458,1dfa3b546ea457501de1d958301eba85053d46b169cf54847cfb4078720c0ad9,identity-bearing path/account metadata pseudonymized; measurements unchanged
outputs/sigmetrics/rq1_boundary_placement/recommended/rq1_b1_b5_main/manifests/runs/sigmetrics-rq1-boundary-placement-final-v1--recommended--rq1_b1_b5_main--bb34c597b9dcae93.json,c680f8cda4cf30291b092a129609a508e3ed334dbdc16dfdcf941ea9356ada33,80bc08c62376f7666e4f7e1918e1ef0c7ff1201db5d051622d31d473ade5ffd8,identity-bearing path/account metadata pseudonymized; measurements unchanged
outputs/sigmetrics/rq1_boundary_placement/recommended/rq1_b1_b5_main/manifests/runs/sigmetrics-rq1-boundary-placement-final-v1--recommended--rq1_b1_b5_main--bb507b47eb86b52f.json,f35b7f64868f3d40d507d27a46e05717e0c0ddba41455d7aae4b32c57998f1d9,39300e9f944a586dc4aa4d7799c79f770d609abd46fe139f6dbaa7429ac6cd95,identity-bearing path/account metadata pseudonymized; measurements unchanged
outputs/sigmetrics/rq1_boundary_placement/recommended/rq1_b1_b5_main/manifests/runs/sigmetrics-rq1-boundary-placement-final-v1--recommended--rq1_b1_b5_main--bbb1d43938a139a4.json,7ad012a57067875a1b7d1e0d72799e49d1d0fb5e948391ed896c29dbf0a697e4,ca83a95b5dd7d126e6857b09e1f4330242302f86685168253a39e36de404a376,identity-bearing path/account metadata pseudonymized; measurements unchanged
outputs/sigmetrics/rq1_boundary_placement/recommended/rq1_b1_b5_main/manifests/runs/sigmetrics-rq1-boundary-placement-final-v1--recommended--rq1_b1_b5_main--bc5121b8f5262d5c.json,c91732ffa85c32094990a09396d1034af70efa9b345536404ffb328ff78cafdc,e5534a73c2ecdf1e4eda0d313c73b3f279be5a771e78dc1d246062b6e2bd5f9c,identity-bearing path/account metadata pseudonymized; measurements unchanged
outputs/sigmetrics/rq1_boundary_placement/recommended/rq1_b1_b5_main/manifests/runs/sigmetrics-rq1-boundary-placement-final-v1--recommended--rq1_b1_b5_main--bcf395faee005919.json,796abf51851d3f4fea82adee3cd9cd74cffc94bf0e4ed0e9185d549f1be80d90,d886028269fa8549eeda49427a38214445be421ba4b04b70d30c0f0ef6bf550b,identity-bearing path/account metadata pseudonymized; measurements unchanged
outputs/sigmetrics/rq1_boundary_placement/recommended/rq1_b1_b5_main/manifests/runs/sigmetrics-rq1-boundary-placement-final-v1--recommended--rq1_b1_b5_main--bd3609d303e3ad25.json,0e40793f5471123d981efd6d345b9b6e2cc06a391540ba6226a34e8ba092fdc8,e90571bf07e7ffaa29ea18b28dc095dd613791905b53d9f3f4a52a37c6b4ca69,identity-bearing path/account metadata pseudonymized; measurements unchanged
outputs/sigmetrics/rq1_boundary_placement/recommended/rq1_b1_b5_main/manifests/runs/sigmetrics-rq1-boundary-placement-final-v1--recommended--rq1_b1_b5_main--bed7dfd272d96892.json,3b236fe18e45a06b2748bd713530e65cdfd77f160777e009ee2580d612f1278a,ef6962dfe8411caf1f7d91591f1d2b8816561c6622d418e80ca8e7a3cc7d4cda,identity-bearing path/account metadata pseudonymized; measurements unchanged
outputs/sigmetrics/rq1_boundary_placement/recommended/rq1_b1_b5_main/manifests/runs/sigmetrics-rq1-boundary-placement-final-v1--recommended--rq1_b1_b5_main--bf192e0c123910fc.json,1dc93c089286d52300e7c4524d69b7d76b346e2f838c8cdcb7f2ef983f314e8a,9aef7adb5e5ffcb294826d4e83fb7f2f54632c58269e6d8a316e88b42e4082d6,identity-bearing path/account metadata pseudonymized; measurements unchanged
outputs/sigmetrics/rq1_boundary_placement/recommended/rq1_b1_b5_main/manifests/runs/sigmetrics-rq1-boundary-placement-final-v1--recommended--rq1_b1_b5_main--c05424e365a3653a.json,9c7597eb2ff0de9aa96cfa9515bcfbf1ff5a7e39a865d192a744b4626215c1f4,3dff987103203a727c6e4230ffcf9da9b2a4bb67dc641e3f707e35429e598cc0,identity-bearing path/account metadata pseudonymized; measurements unchanged
outputs/sigmetrics/rq1_boundary_placement/recommended/rq1_b1_b5_main/manifests/runs/sigmetrics-rq1-boundary-placement-final-v1--recommended--rq1_b1_b5_main--c07181ae1d7a1b6d.json,79bf50eeb6890f427a1b59a4acb22913844f9bd99fe0445e64f63ce2ebf1c568,a5673dff738c3b8a0757f1e83b4e8785e87433cde444e131b649fa9669a75b8c,identity-bearing path/account metadata pseudonymized; measurements unchanged
outputs/sigmetrics/rq1_boundary_placement/recommended/rq1_b1_b5_main/manifests/runs/sigmetrics-rq1-boundary-placement-final-v1--recommended--rq1_b1_b5_main--c174d616ea5527b3.json,489421437d7a209018c8d2df291652b87d49b53b2bea204983153caa77de6338,d9ce21503d601ff3cdd33f0a4de51bab976bfbb4edc51a9e8b4b837665dbf833,identity-bearing path/account metadata pseudonymized; measurements unchanged
outputs/sigmetrics/rq1_boundary_placement/recommended/rq1_b1_b5_main/manifests/runs/sigmetrics-rq1-boundary-placement-final-v1--recommended--rq1_b1_b5_main--c26bdefbd0002b8a.json,b6efed4a92fe284477236b17e8b01328ff3e942d789525cfe31817fa3ecfdf14,7a993c9d188a9bca9151e3d034e5dcc18a61f12691e956661ba89fe8e013d262,identity-bearing path/account metadata pseudonymized; measurements unchanged
outputs/sigmetrics/rq1_boundary_placement/recommended/rq1_b1_b5_main/manifests/runs/sigmetrics-rq1-boundary-placement-final-v1--recommended--rq1_b1_b5_main--c3397411a3b13d6d.json,6be1aa1906029cdcc629bb96d4dd370741b05b51c1b33158121f104597fd8fb2,f152610ef42f5942d2f28b45cfeb0d0b20c036618cc0ab235841a1f305868c58,identity-bearing path/account metadata pseudonymized; measurements unchanged
outputs/sigmetrics/rq1_boundary_placement/recommended/rq1_b1_b5_main/manifests/runs/sigmetrics-rq1-boundary-placement-final-v1--recommended--rq1_b1_b5_main--c43f1c4da1110898.json,94a5831b7cd3994d33aa2aa7980f516ef40f96dc689a4b374c0f0777dc0021d0,d7575d88e32e03be1ee9ca593438974d169eaa01db3a324eb3c0c271e27c2100,identity-bearing path/account metadata pseudonymized; measurements unchanged
outputs/sigmetrics/rq1_boundary_placement/recommended/rq1_b1_b5_main/manifests/runs/sigmetrics-rq1-boundary-placement-final-v1--recommended--rq1_b1_b5_main--c4bcbff18f5562aa.json,c3f392f82d5ec6f3967b51b39c21e1e7b2012d31243e05852910f038d3902687,1e0f8aaf17a3587cccdf254961169d735bcb94671dfbce7cfdc8a5c2e1132cbc,identity-bearing path/account metadata pseudonymized; measurements unchanged
outputs/sigmetrics/rq1_boundary_placement/recommended/rq1_b1_b5_main/manifests/runs/sigmetrics-rq1-boundary-placement-final-v1--recommended--rq1_b1_b5_main--c5c7dda306ad1519.json,cb11ebd1f6f7526a19cd4044fc3312d175dcb6fb386ac7ee0e0074ca2a3676a7,72a6fc2e226628d9aa87278b4cd404322df2993a9544cf43991e6de4639ecbfe,identity-bearing path/account metadata pseudonymized; measurements unchanged
outputs/sigmetrics/rq1_boundary_placement/recommended/rq1_b1_b5_main/manifests/runs/sigmetrics-rq1-boundary-placement-final-v1--recommended--rq1_b1_b5_main--c7735edc9496761f.json,e74e4d5b684c5cda666e481061c4cdc1deb9583c6fbfab6446118a7829519f17,4b7402e44e00d04b8956567fd41c6101bd5efcc4321a2029426a091f9c261258,identity-bearing path/account metadata pseudonymized; measurements unchanged
outputs/sigmetrics/rq1_boundary_placement/recommended/rq1_b1_b5_main/manifests/runs/sigmetrics-rq1-boundary-placement-final-v1--recommended--rq1_b1_b5_main--c7b282a1bf4d684a.json,65fefc08f2930ef9f79bfef0870f8a95e87f9abe4e74476656a3fc6b127bda53,658491b0346cf06db79c63adda0297405b76037177e3fb1c5a4f52ceb18030cf,identity-bearing path/account metadata pseudonymized; measurements unchanged
outputs/sigmetrics/rq1_boundary_placement/recommended/rq1_b1_b5_main/manifests/runs/sigmetrics-rq1-boundary-placement-final-v1--recommended--rq1_b1_b5_main--c840e68c69274b6e.json,a37ee79744efda4e28a377482d74db8939b6eb5e197aeded984bcde2d71e96ec,f870df783dae78bd62be69668e380c3a615ebfa1edca064ae306023519cc2907,identity-bearing path/account metadata pseudonymized; measurements unchanged
outputs/sigmetrics/rq1_boundary_placement/recommended/rq1_b1_b5_main/manifests/runs/sigmetrics-rq1-boundary-placement-final-v1--recommended--rq1_b1_b5_main--c8fb4943d80c815a.json,02d8d6663b63ea50cc62db78b5ac53fb4e2e9ecb6d14232e22e04a72cf6a6797,29fdbad5fb5927b09db0d808e8016e40f7f3885f33f3c51862ef143160be2914,identity-bearing path/account metadata pseudonymized; measurements unchanged
outputs/sigmetrics/rq1_boundary_placement/recommended/rq1_b1_b5_main/manifests/runs/sigmetrics-rq1-boundary-placement-final-v1--recommended--rq1_b1_b5_main--c905c7461bfd6ff8.json,f3c0933cad74410d9a349856cfe41556d989eea2be819f9f4b143d95f6090fa8,2c1f8b022e2bd8bf8171342f2dce7113e92e52094423b45107a40e2d6fdc6e44,identity-bearing path/account metadata pseudonymized; measurements unchanged
outputs/sigmetrics/rq1_boundary_placement/recommended/rq1_b1_b5_main/manifests/runs/sigmetrics-rq1-boundary-placement-final-v1--recommended--rq1_b1_b5_main--c93386185ab09a29.json,227b5de1df44065015c6e2a624cc506403a4c2b158f8d16ac822ea998a285147,c657ea24f9eeaf68ac7bdb1bd385020d9b1ea8acc5cac8039de8946fffbf4600,identity-bearing path/account metadata pseudonymized; measurements unchanged
outputs/sigmetrics/rq1_boundary_placement/recommended/rq1_b1_b5_main/manifests/runs/sigmetrics-rq1-boundary-placement-final-v1--recommended--rq1_b1_b5_main--c9562d38212bd22d.json,ee0b0057147ecf2bd3f6db5dd583d2006bdd83c0f8a250598744b7f268a4ec3b,d0c8f4ce7b8074b2c6788101d65ee0f8ee0a0ac24b4cfd0e77c259552a3ba74d,identity-bearing path/account metadata pseudonymized; measurements unchanged
outputs/sigmetrics/rq1_boundary_placement/recommended/rq1_b1_b5_main/manifests/runs/sigmetrics-rq1-boundary-placement-final-v1--recommended--rq1_b1_b5_main--cb0043d844505fcf.json,26e8d8e64d5faf05734d1b01163a766e1410e267362de4c4317c72387f00f41a,1cf8701eb3b496a30503391e074dd986c2d2f1ce811cb3afd21c6d9642a79a85,identity-bearing path/account metadata pseudonymized; measurements unchanged
outputs/sigmetrics/rq1_boundary_placement/recommended/rq1_b1_b5_main/manifests/runs/sigmetrics-rq1-boundary-placement-final-v1--recommended--rq1_b1_b5_main--cc8687ae561dd4d0.json,9bdd180739936d698fd0840ffb8bd4cb7d000c2b78913741537661f3e7895585,2e6f2e4d1c8649dc04977e5ed0357f45603b46ceac1ab528147905f8b915dddb,identity-bearing path/account metadata pseudonymized; measurements unchanged
outputs/sigmetrics/rq1_boundary_placement/recommended/rq1_b1_b5_main/manifests/runs/sigmetrics-rq1-boundary-placement-final-v1--recommended--rq1_b1_b5_main--ccf4986f5a94fbab.json,de26e654b7e294b75ddf7974cd9bafef453a6498152c31e241cd7725d6c58cc4,2439f16789b2cc27731008847b6452321dc2ac22c48707fe4fe953aeecc46a1c,identity-bearing path/account metadata pseudonymized; measurements unchanged
outputs/sigmetrics/rq1_boundary_placement/recommended/rq1_b1_b5_main/manifests/runs/sigmetrics-rq1-boundary-placement-final-v1--recommended--rq1_b1_b5_main--cd1f5102e2c4a2f7.json,99e5c6e77bb4e4b65be0d3ec05cb7c8754d859e872652d6fbe81fd8eb9f2b7a4,ee80d5fbe81639399d2e7f2604941d085fd7a1fdc128cc87229ee4e19fa82ac8,identity-bearing path/account metadata pseudonymized; measurements unchanged
outputs/sigmetrics/rq1_boundary_placement/recommended/rq1_b1_b5_main/manifests/runs/sigmetrics-rq1-boundary-placement-final-v1--recommended--rq1_b1_b5_main--ce6b0a86d38526e4.json,d27fe790226d7095cf8ba507e124f761cdf9e28e0f88901fd97bcca19c1baa1e,0c1758edb9a5844b68c4320f1ff0874e8c43851a44e5d0eb7eb7bd0224b3e4c7,identity-bearing path/account metadata pseudonymized; measurements unchanged
outputs/sigmetrics/rq1_boundary_placement/recommended/rq1_b1_b5_main/manifests/runs/sigmetrics-rq1-boundary-placement-final-v1--recommended--rq1_b1_b5_main--ceb3e33ecc66ac32.json,4e9ffe61f4c8f9ba717957c65a9bf743790209a0e794fd9420b2a41734c37e06,4e095c361c5a4684d1157f98702c8a00e4eb9b1d5a8aa23f8e345f1a75302b06,identity-bearing path/account metadata pseudonymized; measurements unchanged
outputs/sigmetrics/rq1_boundary_placement/recommended/rq1_b1_b5_main/manifests/runs/sigmetrics-rq1-boundary-placement-final-v1--recommended--rq1_b1_b5_main--cf63107a020cb9ff.json,205f56418e1fdaf693c32bb5a6c134db38f9f1abfa8de3404fa51e6577d03a9b,3b4ec5ba15d2614abba026c43eaf374f693b70bec62a4cddf58e3861187d47ff,identity-bearing path/account metadata pseudonymized; measurements unchanged
outputs/sigmetrics/rq1_boundary_placement/recommended/rq1_b1_b5_main/manifests/runs/sigmetrics-rq1-boundary-placement-final-v1--recommended--rq1_b1_b5_main--cf7578dc8b244ef4.json,cf042089fd09ab4ee84c48d08e4fc4922f7851d0201712eb0277f45db85e1091,7a284597798aeda1d1df7110b209c6929c5c185f434f2bd1961f4982720e58da,identity-bearing path/account metadata pseudonymized; measurements unchanged
outputs/sigmetrics/rq1_boundary_placement/recommended/rq1_b1_b5_main/manifests/runs/sigmetrics-rq1-boundary-placement-final-v1--recommended--rq1_b1_b5_main--cfe42b6d69b07a32.json,41355158a64719ca356f4b8be284ff8d0dd195b75e4c0e3fb450db1d3aa3a1dc,e41e348d5e6682bf5da8cd9e623114f655e4a0bd100540f634603bebf6fb6045,identity-bearing path/account metadata pseudonymized; measurements unchanged
outputs/sigmetrics/rq1_boundary_placement/recommended/rq1_b1_b5_main/manifests/runs/sigmetrics-rq1-boundary-placement-final-v1--recommended--rq1_b1_b5_main--d0004b9086d02d0e.json,151d2c2ab51e217d759ef1ddb60d60a46cb75f163925d64f78c710fc4913bfbe,14b7a8b49f55348ec7aaaac25a9ee9775866e2c4b64af7d47fc047026e6a14ed,identity-bearing path/account metadata pseudonymized; measurements unchanged
outputs/sigmetrics/rq1_boundary_placement/recommended/rq1_b1_b5_main/manifests/runs/sigmetrics-rq1-boundary-placement-final-v1--recommended--rq1_b1_b5_main--d09034c9e983ab16.json,c73987b6faf65eb4b608e846680be5bfe5dda32c9e823f4412af56d349555840,623a867dfbb73b34f0eaf07618686e41939eb42758ea5faa1bae2efee78550c7,identity-bearing path/account metadata pseudonymized; measurements unchanged
outputs/sigmetrics/rq1_boundary_placement/recommended/rq1_b1_b5_main/manifests/runs/sigmetrics-rq1-boundary-placement-final-v1--recommended--rq1_b1_b5_main--d12f3ea4efc314d2.json,8bb9bafb1ddc911c4ea54a80b3e94995e1a2339585f79f208d2e657e70b98ca0,598d36712fef20295ff64c865d87e6e6b71dc02a1bd0bec903e2f2d9dc7438eb,identity-bearing path/account metadata pseudonymized; measurements unchanged
outputs/sigmetrics/rq1_boundary_placement/recommended/rq1_b1_b5_main/manifests/runs/sigmetrics-rq1-boundary-placement-final-v1--recommended--rq1_b1_b5_main--d2b205595fc44423.json,78dc625a8392c80eae9244b5a3fdb0f551506503f07cdacd9f03bbbbe3266372,7af323ebb16567856850786ce226793a0e1e7222cc67556b274c5e30f1861230,identity-bearing path/account metadata pseudonymized; measurements unchanged
outputs/sigmetrics/rq1_boundary_placement/recommended/rq1_b1_b5_main/manifests/runs/sigmetrics-rq1-boundary-placement-final-v1--recommended--rq1_b1_b5_main--d3a5ca99afd29bf8.json,38f743a78d8cb14abab3dc02f1889e4e0d81a1035db660d09c829288b998e963,21f2e0017d60fe8b7a925d618b356949ee8a98a3befd237dd6cd46e6b065b634,identity-bearing path/account metadata pseudonymized; measurements unchanged
outputs/sigmetrics/rq1_boundary_placement/recommended/rq1_b1_b5_main/manifests/runs/sigmetrics-rq1-boundary-placement-final-v1--recommended--rq1_b1_b5_main--d3c585d438a3fe00.json,bdc2f8924b0be6a5c47fab88d55ef60c4a8eefe53d61d8416b56f3c360f89c2e,505ec6f63354b1d5c3fcce07b9d7324f29340b29aec03cef68a4089b4e1263cc,identity-bearing path/account metadata pseudonymized; measurements unchanged
outputs/sigmetrics/rq1_boundary_placement/recommended/rq1_b1_b5_main/manifests/runs/sigmetrics-rq1-boundary-placement-final-v1--recommended--rq1_b1_b5_main--d42be2fddbbf53af.json,c6339920887a1b66011c3083b56b6cf87493b81ab53d43ed43b8c0110d585db9,8d82968dd03aa48f1761013b4e3b0042ab480e0ef0da1d93b051759ff7492cb5,identity-bearing path/account metadata pseudonymized; measurements unchanged
outputs/sigmetrics/rq1_boundary_placement/recommended/rq1_b1_b5_main/manifests/runs/sigmetrics-rq1-boundary-placement-final-v1--recommended--rq1_b1_b5_main--d4755db9111152ab.json,e5a532c07186e03eeb771397ba1727cfcd34f5a4dc495c83e90f6cdc0339224e,be54e05fb9d6e9b06fc1e168919132a34b273975c625200fa693c9d4f1dfba5c,identity-bearing path/account metadata pseudonymized; measurements unchanged
outputs/sigmetrics/rq1_boundary_placement/recommended/rq1_b1_b5_main/manifests/runs/sigmetrics-rq1-boundary-placement-final-v1--recommended--rq1_b1_b5_main--d538ad0508aa1aaa.json,ea810cc5bd9d758af403bcda16430ee43bc1f8c51bef12fca21ca5b69d8c18e1,7e1d9933b044c3335e0cdcb159f13a904c6ec2d995eeab214304037c884bcbb4,identity-bearing path/account metadata pseudonymized; measurements unchanged
outputs/sigmetrics/rq1_boundary_placement/recommended/rq1_b1_b5_main/manifests/runs/sigmetrics-rq1-boundary-placement-final-v1--recommended--rq1_b1_b5_main--d5d972b51e8355a0.json,0855c1b488ec143139d9d5f202133112910968823ce8f886156328d2daf20a6d,88e662cb5fef834401d030bb737038771593a207e06fd7495007d030d25431a2,identity-bearing path/account metadata pseudonymized; measurements unchanged
outputs/sigmetrics/rq1_boundary_placement/recommended/rq1_b1_b5_main/manifests/runs/sigmetrics-rq1-boundary-placement-final-v1--recommended--rq1_b1_b5_main--d5f22b536c69557e.json,cbf61b581fe31e1e1a18edf476ca826b261fcfa54a8e86a424d2298ed86fc58c,cded3e2b59bf99fc38f647bbdec916113bb415f65e7411953726478e4e3c6820,identity-bearing path/account metadata pseudonymized; measurements unchanged
outputs/sigmetrics/rq1_boundary_placement/recommended/rq1_b1_b5_main/manifests/runs/sigmetrics-rq1-boundary-placement-final-v1--recommended--rq1_b1_b5_main--d600ca039567e26b.json,1e20aacf83915db114d57ebbe0b8e96f638e363e8d8e452538804956d512b898,dafcc793379a7af866f16891bad395b46fbb3f7a8d4f44e00ad8b433359a0e6b,identity-bearing path/account metadata pseudonymized; measurements unchanged
outputs/sigmetrics/rq1_boundary_placement/recommended/rq1_b1_b5_main/manifests/runs/sigmetrics-rq1-boundary-placement-final-v1--recommended--rq1_b1_b5_main--d66e61119fbcbf96.json,25731d74f0c4cb5b31401cb8a42f528fab23b547c9d272c9eb2de1708f13a018,91dda6fb112ca548e7fff237ae208315ffa094080da1b155238497d6d34074ee,identity-bearing path/account metadata pseudonymized; measurements unchanged
outputs/sigmetrics/rq1_boundary_placement/recommended/rq1_b1_b5_main/manifests/runs/sigmetrics-rq1-boundary-placement-final-v1--recommended--rq1_b1_b5_main--d690addd0545df4a.json,9cd4eadda03481adf5293d23bf38ad3dd50b4e1ed030b61f41a5f7dccd186d65,6fd9f20138e2777d57a6ee3c9551654ca11e068a0769b24b555d6ab856d08088,identity-bearing path/account metadata pseudonymized; measurements unchanged
outputs/sigmetrics/rq1_boundary_placement/recommended/rq1_b1_b5_main/manifests/runs/sigmetrics-rq1-boundary-placement-final-v1--recommended--rq1_b1_b5_main--d742afa2b6da60b6.json,cfae252d4360dce85d7f2bd70b5b1d6764b34bb14b36de37af97b33821db24f6,bc118e33b3b4485edb6027d5bade8d1cb3a1b3311079a733f49f7b81281dd404,identity-bearing path/account metadata pseudonymized; measurements unchanged
outputs/sigmetrics/rq1_boundary_placement/recommended/rq1_b1_b5_main/manifests/runs/sigmetrics-rq1-boundary-placement-final-v1--recommended--rq1_b1_b5_main--d74cd49fb754e06c.json,6b8832a773a596c656d9b565ae332d9495b2e503eedb0948014fbc6213904b24,25e259094604dae5fbaab8b6697e7819dd95f4387d297a13738171fa218aaff4,identity-bearing path/account metadata pseudonymized; measurements unchanged
outputs/sigmetrics/rq1_boundary_placement/recommended/rq1_b1_b5_main/manifests/runs/sigmetrics-rq1-boundary-placement-final-v1--recommended--rq1_b1_b5_main--d77a0d7e43e7b16f.json,acb011e5470f54971dee8f06209fa447291041fe6b58fb715a9cde4a49abcad2,89f1fe3254c025c7046a21c4266fcaeda15ecc321de3212326da78dc5d94745b,identity-bearing path/account metadata pseudonymized; measurements unchanged
outputs/sigmetrics/rq1_boundary_placement/recommended/rq1_b1_b5_main/manifests/runs/sigmetrics-rq1-boundary-placement-final-v1--recommended--rq1_b1_b5_main--d89e1f2ee7a67e8b.json,2b7a2e970816d61f32bdc7a76b67c0f0545810cb6e3439b273df18cee242ca83,043ee346a79b3e63c1d63f831b25e904c51608a21ca6db7c5b0bd55ed5035ad7,identity-bearing path/account metadata pseudonymized; measurements unchanged
outputs/sigmetrics/rq1_boundary_placement/recommended/rq1_b1_b5_main/manifests/runs/sigmetrics-rq1-boundary-placement-final-v1--recommended--rq1_b1_b5_main--d8bba8b5aa4e323b.json,7f7d2ab7828bec9480ed739b135d6caee8b0d0d619cfc5f9970339942f98b940,53835d67956585d9952d7bd6dd254d68cbf25934df75ecc15efdffe0bd084e7f,identity-bearing path/account metadata pseudonymized; measurements unchanged
outputs/sigmetrics/rq1_boundary_placement/recommended/rq1_b1_b5_main/manifests/runs/sigmetrics-rq1-boundary-placement-final-v1--recommended--rq1_b1_b5_main--da71474a63d5d3a9.json,0279f3c92432e8bb62efcf472eecd671d28d93562310ce054e840b78ca3a0bd9,7d83ddd07f6f0066c47f06960677d22d59da26228920971feeeff430443d87e2,identity-bearing path/account metadata pseudonymized; measurements unchanged
outputs/sigmetrics/rq1_boundary_placement/recommended/rq1_b1_b5_main/manifests/runs/sigmetrics-rq1-boundary-placement-final-v1--recommended--rq1_b1_b5_main--daa3bc3e797f1ea3.json,a21fef7597eabed2f4dc913e0c986b33a31f71ad7499b19e0289f707c6a7b217,409365b3f0aac7af1f71f97d1a4869045b21a045962bef7978cbea6aff74353e,identity-bearing path/account metadata pseudonymized; measurements unchanged
outputs/sigmetrics/rq1_boundary_placement/recommended/rq1_b1_b5_main/manifests/runs/sigmetrics-rq1-boundary-placement-final-v1--recommended--rq1_b1_b5_main--db4b09c5ada00d69.json,c2acc706004d4fb3705b85c8bf38fa1782e8a3a3519e90ddaecb4dcae36429e9,e55613ddb972a3459d6130b4b5b0ed04c5828f3df71c6871822b8dec226633cd,identity-bearing path/account metadata pseudonymized; measurements unchanged
outputs/sigmetrics/rq1_boundary_placement/recommended/rq1_b1_b5_main/manifests/runs/sigmetrics-rq1-boundary-placement-final-v1--recommended--rq1_b1_b5_main--db75599bedff407f.json,c835c7fc5a788a46580668a41c6cdedc7126e5486e1138712343a44365876494,22968d0d4b8109e597381a1e8a4eefeeac2c520303890998ecbe57afb75d2dac,identity-bearing path/account metadata pseudonymized; measurements unchanged
outputs/sigmetrics/rq1_boundary_placement/recommended/rq1_b1_b5_main/manifests/runs/sigmetrics-rq1-boundary-placement-final-v1--recommended--rq1_b1_b5_main--e0bc1bc53c75fd54.json,2aad7e9855ec808db1bdd6b4e5e80e1bef1505c134a2bc10997a513961920d6e,76df6cb4426351ae064f9e8bdaf94f35d4cb5914595f7d9a2a5980a0b1876871,identity-bearing path/account metadata pseudonymized; measurements unchanged
outputs/sigmetrics/rq1_boundary_placement/recommended/rq1_b1_b5_main/manifests/runs/sigmetrics-rq1-boundary-placement-final-v1--recommended--rq1_b1_b5_main--e295d966f9c3ddae.json,2bf7a70ef8eb1d13f4704e8bea7d25107fad98029bb3ee944081984ce10088c2,90d6946b5cb93fd0c4058f09e64e911564d9b93bc4a97dd481a073f61379fd6a,identity-bearing path/account metadata pseudonymized; measurements unchanged
outputs/sigmetrics/rq1_boundary_placement/recommended/rq1_b1_b5_main/manifests/runs/sigmetrics-rq1-boundary-placement-final-v1--recommended--rq1_b1_b5_main--e456e6c3e2508e50.json,7dad1d928079f68176f60289a5ac244bcade51257b728928d65eabd0addd51c1,b16b9e6e51a43f05685f95743177368e9390dcd70622d85db9f3632ead3d319f,identity-bearing path/account metadata pseudonymized; measurements unchanged
outputs/sigmetrics/rq1_boundary_placement/recommended/rq1_b1_b5_main/manifests/runs/sigmetrics-rq1-boundary-placement-final-v1--recommended--rq1_b1_b5_main--e547e08fae712a64.json,b8d68af07ad5a928891ac6d66b00d738d01b0445a54884a721192115a96805be,71ade99bd8633e044a86bb567dec68151bdf8ddec5df58fc55b9575b3903a3c5,identity-bearing path/account metadata pseudonymized; measurements unchanged
outputs/sigmetrics/rq1_boundary_placement/recommended/rq1_b1_b5_main/manifests/runs/sigmetrics-rq1-boundary-placement-final-v1--recommended--rq1_b1_b5_main--e55e268512dbbe1d.json,81bfc306fbb5d9594bf5e4de747de784898e4fe967570b37718e81dab045652b,df16d3341c963a05b1515dba0dd98ee054feb3ed24975746ba0e943175ff47f7,identity-bearing path/account metadata pseudonymized; measurements unchanged
outputs/sigmetrics/rq1_boundary_placement/recommended/rq1_b1_b5_main/manifests/runs/sigmetrics-rq1-boundary-placement-final-v1--recommended--rq1_b1_b5_main--e7389ee1b8b794ca.json,b92bbc23c65457598a32505a01efd636cf9d1f019c7ef31175bf7fe5576d54bf,bb167f7790854bb9cbfab98659f80c2efb4816c73da9df8ab9e0e21fb427b7bf,identity-bearing path/account metadata pseudonymized; measurements unchanged
outputs/sigmetrics/rq1_boundary_placement/recommended/rq1_b1_b5_main/manifests/runs/sigmetrics-rq1-boundary-placement-final-v1--recommended--rq1_b1_b5_main--e9be37cfa04258e1.json,6d016abd2c596dcca1279c55bb5fc3d77b967c35b4d79e121638dcdaf5e1e444,97d28d2bb91ad3e78150fac286423b87adb9cafbf7c15def2599aec86986f294,identity-bearing path/account metadata pseudonymized; measurements unchanged
outputs/sigmetrics/rq1_boundary_placement/recommended/rq1_b1_b5_main/manifests/runs/sigmetrics-rq1-boundary-placement-final-v1--recommended--rq1_b1_b5_main--e9dbb40556c88ec3.json,7a0308fcc3319d328f1fd21af9f4c3f73827a849246f4ff5bd04be4e9dfe1409,39b68741399618525160e46e330f611d28e1daceaa4f25c9671580b94d2ddf2a,identity-bearing path/account metadata pseudonymized; measurements unchanged
outputs/sigmetrics/rq1_boundary_placement/recommended/rq1_b1_b5_main/manifests/runs/sigmetrics-rq1-boundary-placement-final-v1--recommended--rq1_b1_b5_main--ec784ee5ba4db68f.json,60ac0a56b55dadb7fa609e05c9ed1e885fd8473568bdb7d8c033f6f1da1237c5,8796208135f12f9b7a237e0d5278b24d40f14b927d529a77f0aea96f3cf5ff6a,identity-bearing path/account metadata pseudonymized; measurements unchanged
outputs/sigmetrics/rq1_boundary_placement/recommended/rq1_b1_b5_main/manifests/runs/sigmetrics-rq1-boundary-placement-final-v1--recommended--rq1_b1_b5_main--ed6d05db0ba50830.json,c723f8c31e8035b0551a48f5b9e6d2631de3eeee3bc0fdde67480fa1ea17d8ab,002dbac433a073f682cd89af1af4626f44fc33657f261516bc840516e1f3db88,identity-bearing path/account metadata pseudonymized; measurements unchanged
outputs/sigmetrics/rq1_boundary_placement/recommended/rq1_b1_b5_main/manifests/runs/sigmetrics-rq1-boundary-placement-final-v1--recommended--rq1_b1_b5_main--efb73ced2fc4dd46.json,1139d230c844e56b6fc1fb32b501f7f06ef26d5920a2386c0909338455c01d89,931329d47540332a39d114dcff1288de4cb7a3f80d00f206173c86f49af039c4,identity-bearing path/account metadata pseudonymized; measurements unchanged
outputs/sigmetrics/rq1_boundary_placement/recommended/rq1_b1_b5_main/manifests/runs/sigmetrics-rq1-boundary-placement-final-v1--recommended--rq1_b1_b5_main--f106ca202241a2bc.json,63ef1ba0091ea9473d9939f5f43e71ee8c616ad5404b86f3ca6d4738ad8a88ae,d8dc9c423c0594165f85fd625c633967a4ad166a34e4aa7d0e97f3814dcd787f,identity-bearing path/account metadata pseudonymized; measurements unchanged
outputs/sigmetrics/rq1_boundary_placement/recommended/rq1_b1_b5_main/manifests/runs/sigmetrics-rq1-boundary-placement-final-v1--recommended--rq1_b1_b5_main--f20869176e6a66ca.json,476a66c36ebc7193fefdd05b618a4dbd985f5bc10c650954a2bf4754fcc2f5f4,fa3e3e01aa7753012fba0ba8f0f15746950345a0cb5cbb2514c4d536e25601c8,identity-bearing path/account metadata pseudonymized; measurements unchanged
outputs/sigmetrics/rq1_boundary_placement/recommended/rq1_b1_b5_main/manifests/runs/sigmetrics-rq1-boundary-placement-final-v1--recommended--rq1_b1_b5_main--f2e3828d2a4b3572.json,9212cb2c9c886a15eb7caef4a3c49ef870f7270688783f713683bc28c9cb6435,9ec6b3085665a30f6c49b93d0bb03b2ddc2aa92fa641abe3fb76a9e2a7c13a13,identity-bearing path/account metadata pseudonymized; measurements unchanged
outputs/sigmetrics/rq1_boundary_placement/recommended/rq1_b1_b5_main/manifests/runs/sigmetrics-rq1-boundary-placement-final-v1--recommended--rq1_b1_b5_main--f3941d4022aa8213.json,1c12e2f9bdec3581c19532053cc3f906789f1a3732a0ec83782e33e1e9512d56,971f3f178fad989b47766f4791a7ca74839c8835a86f1fbff88bdf7284ca8a1b,identity-bearing path/account metadata pseudonymized; measurements unchanged
outputs/sigmetrics/rq1_boundary_placement/recommended/rq1_b1_b5_main/manifests/runs/sigmetrics-rq1-boundary-placement-final-v1--recommended--rq1_b1_b5_main--f3c758d79067a5ae.json,7822ff0765a656bc00652e73e2b724400fe5f2a755f85d1fb38b0bc32ad1f4e1,feccdd5fab4ac2347e2294447c7fe19b7457b1337429628263f8d809def014c0,identity-bearing path/account metadata pseudonymized; measurements unchanged
outputs/sigmetrics/rq1_boundary_placement/recommended/rq1_b1_b5_main/manifests/runs/sigmetrics-rq1-boundary-placement-final-v1--recommended--rq1_b1_b5_main--f5da41761d1f4f49.json,73beef7b2662ea31e89c4157c80033c37df282cd8755a37d9ca5e0cfec2f0dea,7387d6850be1789287c8bb09fd403ce5e1ef12926b849ebf1ac3393be5f2f6c7,identity-bearing path/account metadata pseudonymized; measurements unchanged
outputs/sigmetrics/rq1_boundary_placement/recommended/rq1_b1_b5_main/manifests/runs/sigmetrics-rq1-boundary-placement-final-v1--recommended--rq1_b1_b5_main--f6c099bac40572c6.json,191efd76d2240f576f8d325e6770c7b83ce7d53687031ec22e2434b99b370ec5,822ecd975cc47e0eb3e5f76a4998d510bd27fff1b340c209a8310fc07c52ed2e,identity-bearing path/account metadata pseudonymized; measurements unchanged
outputs/sigmetrics/rq1_boundary_placement/recommended/rq1_b1_b5_main/manifests/runs/sigmetrics-rq1-boundary-placement-final-v1--recommended--rq1_b1_b5_main--f9b4a21f347cc4ea.json,fc56b092597cbb529ddb599ee1c2e5bfece61d4e06f4dd9d53dfbd68a5bceb51,6ce97ca2a25c13d89040a8b8b7d90e6b73d3f6c76584ad22a5ea3c18be143c9f,identity-bearing path/account metadata pseudonymized; measurements unchanged
outputs/sigmetrics/rq1_boundary_placement/recommended/rq1_b1_b5_main/manifests/runs/sigmetrics-rq1-boundary-placement-final-v1--recommended--rq1_b1_b5_main--f9da0ae50ad1c5c7.json,0f82ee04368088d18ceb5e8ac83f420e68190b7067b9e65d3cd21e39c770d1f2,35631e27c5605697bd62eeba1acfe9805dcec5c65cde3eae78f5a2948798a16c,identity-bearing path/account metadata pseudonymized; measurements unchanged
outputs/sigmetrics/rq1_boundary_placement/recommended/rq1_b1_b5_main/manifests/runs/sigmetrics-rq1-boundary-placement-final-v1--recommended--rq1_b1_b5_main--fa23af81b976650e.json,2e6877155fc2b16474dff6332895279867080ec4b10a03447969eaf807979d79,025a7a1f2e6ad64fc4fe1808d93fb3fca62558f8e9a53cf8f015a0fb0f9f5134,identity-bearing path/account metadata pseudonymized; measurements unchanged
outputs/sigmetrics/rq1_boundary_placement/recommended/rq1_b1_b5_main/manifests/runs/sigmetrics-rq1-boundary-placement-final-v1--recommended--rq1_b1_b5_main--fa9d58d2f6aea677.json,5423d3d3d2173f6a3e86edd865a94656617de9e3902fab3594099711b2a18062,c967866066ae1089e9c1595c1f8fc75d2ac7920dbd9fb86f463192bde4ff8742,identity-bearing path/account metadata pseudonymized; measurements unchanged
outputs/sigmetrics/rq1_boundary_placement/recommended/rq1_b1_b5_main/manifests/runs/sigmetrics-rq1-boundary-placement-final-v1--recommended--rq1_b1_b5_main--faeb5a8a0d50e73d.json,f1fa6bf690eda1700d5a23211b4cb345d1e89b5804fb78d80b2c0d4af38c77c5,968eb6ef9c11761684b5adfd783f0f0d68c193f22db6aab459c93e4e30b6a28c,identity-bearing path/account metadata pseudonymized; measurements unchanged
outputs/sigmetrics/rq1_boundary_placement/recommended/rq1_b1_b5_main/manifests/runs/sigmetrics-rq1-boundary-placement-final-v1--recommended--rq1_b1_b5_main--fb7590fe6490ab5f.json,f6093fee3966aa9fcc435e6aba0cd7286d146ca952a08cbfebc1eceede5e570e,1f84a0d0b2b245b444e0fc14ce4bffaae68e73cd479e2d3c267bed83a0fb5236,identity-bearing path/account metadata pseudonymized; measurements unchanged
outputs/sigmetrics/rq1_boundary_placement/recommended/rq1_b1_b5_main/manifests/runs/sigmetrics-rq1-boundary-placement-final-v1--recommended--rq1_b1_b5_main--fd1d2eedd0f2f9c3.json,4a4d6439df12c10838679adb164e13febad313b207bd1d141ac4c1df1552dce0,732c1311eb3d68254f6173649868e39b30694b93fc2804328a11b6e1423b1c8d,identity-bearing path/account metadata pseudonymized; measurements unchanged
outputs/sigmetrics/rq1_boundary_placement/recommended/rq1_b1_b5_main/manifests/runs/sigmetrics-rq1-boundary-placement-final-v1--recommended--rq1_b1_b5_main--fe192587153b39a8.json,8462076a99a28e21e893afe0a34233fdbba357f9ed05768907feb5f0572c7c36,14bb02f617643ca51ddd42e4f5c0e4efb791a125d82de7902b4f82ba71628de6,identity-bearing path/account metadata pseudonymized; measurements unchanged
outputs/sigmetrics/rq1_boundary_placement/recommended/rq1_b1_b5_main/manifests/runs/sigmetrics-rq1-boundary-placement-final-v1--recommended--rq1_b1_b5_main--fe411405541f5197.json,51470f21f31a1a7eaf060b2944bc425201f6f4920db1eaeaf9a200e48e1a578d,13a5d067ee230bfdcba9854744f494b071cdefc18bb3a3d986e673046f3d60c4,identity-bearing path/account metadata pseudonymized; measurements unchanged
outputs/sigmetrics/rq1_boundary_placement/recommended/rq1_b1_b5_main/processed/validation_report.json,85efd5b6d5e6b62aa077c829312bff49e57070a723b1a97889c31aa29d392c9d,496948def549a97b6e4d136475ec6092937429126aef68fa94c9a8908a8dfd59,identity-bearing path/account metadata pseudonymized; measurements unchanged
outputs/sigmetrics/rq1_boundary_placement/recommended/rq1_cadence_sensitivity/manifests/campaign.json,69dadb91ea30ea5597d423906d72b56b6174f17f267a0894e0c9eb75c15cd637,4b7e247e29cfabdc6aaa0c8470506f033a6ef8a003f3a5a5e53709224b54b480,identity-bearing path/account metadata pseudonymized; measurements unchanged
outputs/sigmetrics/rq1_boundary_placement/recommended/rq1_cadence_sensitivity/manifests/runs/sigmetrics-rq1-boundary-placement-final-v1--recommended--rq1_cadence_sensitivity--07333fb61a38b80a.json,268eef4434c2025519073c013f57732710ec41b66706f550473cf1e4057bdcbe,cf37a8e1f3cb1c47f4e4231b5156af76c92b9a97e86755975de6e8303944ddc5,identity-bearing path/account metadata pseudonymized; measurements unchanged
outputs/sigmetrics/rq1_boundary_placement/recommended/rq1_cadence_sensitivity/manifests/runs/sigmetrics-rq1-boundary-placement-final-v1--recommended--rq1_cadence_sensitivity--0c9dbff5f2c2f93d.json,e81aa9bdfced5882048102ad0460471c420aef4298fdd90528d1987ce552717f,76b93bc133ac4f217f04b2fab1cf4533a88cd0747c52cea527d59ba944120fbf,identity-bearing path/account metadata pseudonymized; measurements unchanged
outputs/sigmetrics/rq1_boundary_placement/recommended/rq1_cadence_sensitivity/manifests/runs/sigmetrics-rq1-boundary-placement-final-v1--recommended--rq1_cadence_sensitivity--108d0b3da4f25cdb.json,cc51e36236a0eeed2315f8acc1926fe1f30c748a218bac65a682a0bbe5c65c99,d8da749d20e5deed90cb6913d39057b469a822507d4d0b18a2f3440866ba7010,identity-bearing path/account metadata pseudonymized; measurements unchanged
outputs/sigmetrics/rq1_boundary_placement/recommended/rq1_cadence_sensitivity/manifests/runs/sigmetrics-rq1-boundary-placement-final-v1--recommended--rq1_cadence_sensitivity--12bfefa780628d0c.json,83ace48caaa106d860d23669ecc046a82d6205b2cd86f01429e298289910e2a0,a1fed74142b27858d10c751ed2ba59af73b5b1e47b633b1e39ff2f0850e3d6a9,identity-bearing path/account metadata pseudonymized; measurements unchanged
outputs/sigmetrics/rq1_boundary_placement/recommended/rq1_cadence_sensitivity/manifests/runs/sigmetrics-rq1-boundary-placement-final-v1--recommended--rq1_cadence_sensitivity--12ee8bcc09c7f25a.json,ba35d7e2660e9e98be5401a5d084b5dd00fcb3025a40c715312bc0ea8af570e7,261b4a565601007f7ce11f08d6466b2c0c005f3e5468509f1019f204c1522b1e,identity-bearing path/account metadata pseudonymized; measurements unchanged
outputs/sigmetrics/rq1_boundary_placement/recommended/rq1_cadence_sensitivity/manifests/runs/sigmetrics-rq1-boundary-placement-final-v1--recommended--rq1_cadence_sensitivity--130f55b167b7badb.json,2144266009576990a69d010d2d5dbc29da920e1f18164288e3d731506768f0af,507eb22ccf586d368668adfb849628b607863156feed8758cce7a909c08ebd10,identity-bearing path/account metadata pseudonymized; measurements unchanged
outputs/sigmetrics/rq1_boundary_placement/recommended/rq1_cadence_sensitivity/manifests/runs/sigmetrics-rq1-boundary-placement-final-v1--recommended--rq1_cadence_sensitivity--1718aa81fa120e2a.json,9492880b6e3b25f0c1d8649da4c0e2e67b88c44e913815c4325e846e612e4cee,3e54bda82a2715ae08c8d8a6693143c3c74bb376928f7bb66cfbe496ac100002,identity-bearing path/account metadata pseudonymized; measurements unchanged
outputs/sigmetrics/rq1_boundary_placement/recommended/rq1_cadence_sensitivity/manifests/runs/sigmetrics-rq1-boundary-placement-final-v1--recommended--rq1_cadence_sensitivity--1b75bef735c09bc1.json,a899ff3467d2df8ac777bb12a67acd5d36ef75d43dafa1f9bb0d370d3f09a44a,0c00786d08e80f737d3cbfdf35e4ed09d001de9d3262a5cc64787e9b3004a60c,identity-bearing path/account metadata pseudonymized; measurements unchanged
outputs/sigmetrics/rq1_boundary_placement/recommended/rq1_cadence_sensitivity/manifests/runs/sigmetrics-rq1-boundary-placement-final-v1--recommended--rq1_cadence_sensitivity--223494238b3a5fcf.json,0fe12c7d630896fca99cc2ded44d13d1fd9dfc98ec51700462c71ec79f15f9a3,33f184aad294ecb4fcc6758e819c77a84dd8e033772b0948f2ed78b2f41600f5,identity-bearing path/account metadata pseudonymized; measurements unchanged
outputs/sigmetrics/rq1_boundary_placement/recommended/rq1_cadence_sensitivity/manifests/runs/sigmetrics-rq1-boundary-placement-final-v1--recommended--rq1_cadence_sensitivity--339280ed8c12d8d9.json,c923b54443232117bfa929fdc32c5158cefa52ea0be7416aa0f2201cd22523a2,cb6dddf299fafa0f61843d086cb91752544b6f350ebad8578b3d4840ead4b92e,identity-bearing path/account metadata pseudonymized; measurements unchanged
outputs/sigmetrics/rq1_boundary_placement/recommended/rq1_cadence_sensitivity/manifests/runs/sigmetrics-rq1-boundary-placement-final-v1--recommended--rq1_cadence_sensitivity--36f9f8ae22581cd5.json,e1ee3e25a480c5c92adabcb4caed0c408816bb568f46b3411036c600f7b2a808,2470fc4620c159d9511597c5a2acbef985096359cb3df8751618e046c728f977,identity-bearing path/account metadata pseudonymized; measurements unchanged
outputs/sigmetrics/rq1_boundary_placement/recommended/rq1_cadence_sensitivity/manifests/runs/sigmetrics-rq1-boundary-placement-final-v1--recommended--rq1_cadence_sensitivity--38457603808df63f.json,879d6bc41b843eb38bd8675678185f47d8028119c4ef4f9273a8da6f7d49ec2e,4f338109bcca9b12baf263dac12fd96d1614a1eb2c1e819fd74e3d386953e9f5,identity-bearing path/account metadata pseudonymized; measurements unchanged
outputs/sigmetrics/rq1_boundary_placement/recommended/rq1_cadence_sensitivity/manifests/runs/sigmetrics-rq1-boundary-placement-final-v1--recommended--rq1_cadence_sensitivity--3b4e169c25f4f449.json,7dacb9ff34d061bf93625be043e991104111b90a4eefc631984cd6558b68f879,c9a2a4931f53db87b673ab67445f053ec19c477525690dc58542755cb198f74c,identity-bearing path/account metadata pseudonymized; measurements unchanged
outputs/sigmetrics/rq1_boundary_placement/recommended/rq1_cadence_sensitivity/manifests/runs/sigmetrics-rq1-boundary-placement-final-v1--recommended--rq1_cadence_sensitivity--3b816a2a49a92a47.json,8e6cc6fd5e34e3f0574b9559bbc49a1bc04c1226b5e522271ac99ff3004bae72,9329844c0f1deecb6793eb46aeec275d1574ca2098efb4da1d99b54be2de7ef5,identity-bearing path/account metadata pseudonymized; measurements unchanged
outputs/sigmetrics/rq1_boundary_placement/recommended/rq1_cadence_sensitivity/manifests/runs/sigmetrics-rq1-boundary-placement-final-v1--recommended--rq1_cadence_sensitivity--3fc9219f241046fe.json,a2096f23bbc959cba5b02126ac861c7d990e780696d0707a56b1364a7188757a,b70e83243eb4eda232d2d1094b3a1b9233b2e9f23bc0abffd42d156d146cf078,identity-bearing path/account metadata pseudonymized; measurements unchanged
outputs/sigmetrics/rq1_boundary_placement/recommended/rq1_cadence_sensitivity/manifests/runs/sigmetrics-rq1-boundary-placement-final-v1--recommended--rq1_cadence_sensitivity--40f62e0c21c2849c.json,8fe3860c9e2f5e5f574e389aa1f76912f219b21268358296d32220b5a68d5825,3fc851c9145febead8d69e1fc9f192ec4b61e4e6f434914c216f36256fb37119,identity-bearing path/account metadata pseudonymized; measurements unchanged
outputs/sigmetrics/rq1_boundary_placement/recommended/rq1_cadence_sensitivity/manifests/runs/sigmetrics-rq1-boundary-placement-final-v1--recommended--rq1_cadence_sensitivity--4a4b21e6c44fcdea.json,385217e0cfbd5d6959657116683adc7306eda37c81274545b6ee9b614aea7b62,a746718bdd3d0c8cdc56d26086142625b90807edbbf16b57c697fb5e1b1c1277,identity-bearing path/account metadata pseudonymized; measurements unchanged
outputs/sigmetrics/rq1_boundary_placement/recommended/rq1_cadence_sensitivity/manifests/runs/sigmetrics-rq1-boundary-placement-final-v1--recommended--rq1_cadence_sensitivity--52d9e929791147a3.json,dc5f96fc6627e33c63a97e879260f65c54053307e25da704528e310fa80ad523,bb59578060e5b2e5af3b4889559844786cf6b95eacbd67e146a99fcfe5d00bc8,identity-bearing path/account metadata pseudonymized; measurements unchanged
outputs/sigmetrics/rq1_boundary_placement/recommended/rq1_cadence_sensitivity/manifests/runs/sigmetrics-rq1-boundary-placement-final-v1--recommended--rq1_cadence_sensitivity--551dcecda6ba3b5c.json,565c1fbcdf0ded968bf8ae8eaad2ce9679bcdd563326e03c9ddd0507c9832a0c,5a9ced6390dab65756d888b25ae9b3bac920cc02627290033611742ba9858203,identity-bearing path/account metadata pseudonymized; measurements unchanged
outputs/sigmetrics/rq1_boundary_placement/recommended/rq1_cadence_sensitivity/manifests/runs/sigmetrics-rq1-boundary-placement-final-v1--recommended--rq1_cadence_sensitivity--5a3a660c9bbe8584.json,a5dca47d356a39c1182fd9f531653b003a3f1367790f65a3db5983b6b57502b0,be5de1cdea615641d60d63abb8573e9221995f3cdf8c77b8def3a29d85d41a13,identity-bearing path/account metadata pseudonymized; measurements unchanged
outputs/sigmetrics/rq1_boundary_placement/recommended/rq1_cadence_sensitivity/manifests/runs/sigmetrics-rq1-boundary-placement-final-v1--recommended--rq1_cadence_sensitivity--5d48f3e5d9383e1a.json,6bc3fec7f6f72630c0a0f43b835aba4f24c0ae2c78b308ba64fdf7c1e979443a,c79b6a8725ecb2dd1f08f59b5c60709c91a6a67a22bb4ea08d13697f36e1d87b,identity-bearing path/account metadata pseudonymized; measurements unchanged
outputs/sigmetrics/rq1_boundary_placement/recommended/rq1_cadence_sensitivity/manifests/runs/sigmetrics-rq1-boundary-placement-final-v1--recommended--rq1_cadence_sensitivity--68e127b0340856fd.json,76f417ac90e4e0cdedc3d3c1bce26b312f2d5114b010ca5704edd478bab549bb,cb836c8626841ca53b41987c88605e594867148d6ef81a7f0a0e33c77898ed23,identity-bearing path/account metadata pseudonymized; measurements unchanged
outputs/sigmetrics/rq1_boundary_placement/recommended/rq1_cadence_sensitivity/manifests/runs/sigmetrics-rq1-boundary-placement-final-v1--recommended--rq1_cadence_sensitivity--6a0654a029ea57a0.json,b6c15bd79f49cd2f5c1f1fd3411f70809f58b8be6021465f3e53d16676234c60,a22c0915bc2b14e7f704bf88491068fab6928db4d9455536e6dd65d602d5bf47,identity-bearing path/account metadata pseudonymized; measurements unchanged
outputs/sigmetrics/rq1_boundary_placement/recommended/rq1_cadence_sensitivity/manifests/runs/sigmetrics-rq1-boundary-placement-final-v1--recommended--rq1_cadence_sensitivity--765288e823241ff9.json,d95890cfc51ef681dadafa82762d8c97a0d0db8624d5df36c2b82af35069c91b,94e8c04e503cf67cccec625079e37c99e35729c184b2f64ebc17506d23101b1d,identity-bearing path/account metadata pseudonymized; measurements unchanged
outputs/sigmetrics/rq1_boundary_placement/recommended/rq1_cadence_sensitivity/manifests/runs/sigmetrics-rq1-boundary-placement-final-v1--recommended--rq1_cadence_sensitivity--780ac25b7a44a855.json,d06a0137509537f658b1b8af5381da83b8b8d35e36d97bdb2ae38e6957222f1f,2c4e357f5a4432e1160ee1d28f4715d6a1c71a7a8ea9064d6681920728d7283b,identity-bearing path/account metadata pseudonymized; measurements unchanged
outputs/sigmetrics/rq1_boundary_placement/recommended/rq1_cadence_sensitivity/manifests/runs/sigmetrics-rq1-boundary-placement-final-v1--recommended--rq1_cadence_sensitivity--78b5e1f78bad3be9.json,a228046bdcca492f44104332d8ec3106746ae0034cc1229c5af248d10c7b7369,9206efd4439da7c2114352ae96b8a0bad1032cb5be8549fa5678e980ec93c2c8,identity-bearing path/account metadata pseudonymized; measurements unchanged
outputs/sigmetrics/rq1_boundary_placement/recommended/rq1_cadence_sensitivity/manifests/runs/sigmetrics-rq1-boundary-placement-final-v1--recommended--rq1_cadence_sensitivity--7c9eba680aac1053.json,919e314b717d251d94eccb029acb156fa8d10b1edf366d8cbfbcb641b6508ae6,9288ddb9b93992297da4a5f067f432a7a4a8177cc57f4a9c2989762d8505d0d4,identity-bearing path/account metadata pseudonymized; measurements unchanged
outputs/sigmetrics/rq1_boundary_placement/recommended/rq1_cadence_sensitivity/manifests/runs/sigmetrics-rq1-boundary-placement-final-v1--recommended--rq1_cadence_sensitivity--7f6ec079aff9ab48.json,2d609ee3aa4075e7e6f66a4da14efd2cc8ee0f48fe4a7f74ea1f6beb0252cd16,f53a95f9b7083dcb8acc9e7916f289bb8b151fd23bf20fbd641e459951f2665f,identity-bearing path/account metadata pseudonymized; measurements unchanged
outputs/sigmetrics/rq1_boundary_placement/recommended/rq1_cadence_sensitivity/manifests/runs/sigmetrics-rq1-boundary-placement-final-v1--recommended--rq1_cadence_sensitivity--8330677ddd6804af.json,dd3b8eb8fbf2c80eca562eaf325c9b231f4c0c4979c71025c3f5c09f1e1f66c8,ee14ce1a86bcf4f7e03865a163586e48bdd6d42e637ef6c4f2fe33ccaa00972f,identity-bearing path/account metadata pseudonymized; measurements unchanged
outputs/sigmetrics/rq1_boundary_placement/recommended/rq1_cadence_sensitivity/manifests/runs/sigmetrics-rq1-boundary-placement-final-v1--recommended--rq1_cadence_sensitivity--866de5d16c8af927.json,a8f65ef64df4cf9332387663e750ad08b6eb62cf244a474172b900c21661a24b,17ab31a98adc1e883eec030ddaefc250e93a8adf6dbd2f5e35906534deeb0d0b,identity-bearing path/account metadata pseudonymized; measurements unchanged
outputs/sigmetrics/rq1_boundary_placement/recommended/rq1_cadence_sensitivity/manifests/runs/sigmetrics-rq1-boundary-placement-final-v1--recommended--rq1_cadence_sensitivity--9a4b64d00f5b7a36.json,3b46ea86fecb2306dcde27b4c50bc0cabfbf591c79e10811a2be4445eb493a59,223441581620a5551f3b557bff83d2f0f71476f5093844b014e406b628b25a18,identity-bearing path/account metadata pseudonymized; measurements unchanged
outputs/sigmetrics/rq1_boundary_placement/recommended/rq1_cadence_sensitivity/manifests/runs/sigmetrics-rq1-boundary-placement-final-v1--recommended--rq1_cadence_sensitivity--9b6bacebcbb59219.json,40d0e2ed717ad8960ca651576c81e036e2bfa9c39eb2fd5031c7f88723f0ba34,01dae861ed00a7e8035826fa722111f4fe5fd79fd9ced454f1f1fdb71089e493,identity-bearing path/account metadata pseudonymized; measurements unchanged
outputs/sigmetrics/rq1_boundary_placement/recommended/rq1_cadence_sensitivity/manifests/runs/sigmetrics-rq1-boundary-placement-final-v1--recommended--rq1_cadence_sensitivity--aaef853d84e1fa04.json,05c9154de86388a148033189c4f0774ef2f5f8ca6c85f34ec18df0ed562bc5f7,940206c2fdab0347ab484f84e64e67c3f31587eb627a3bca0c3867c029faa5f1,identity-bearing path/account metadata pseudonymized; measurements unchanged
outputs/sigmetrics/rq1_boundary_placement/recommended/rq1_cadence_sensitivity/manifests/runs/sigmetrics-rq1-boundary-placement-final-v1--recommended--rq1_cadence_sensitivity--c8494a44ba920159.json,0bb7d38f776244c17890227f5cee6c37c4891d7425f219a5b2423e836293eb00,6cbebd59c5771ac1a1f935920ed4dc06cf3624e156a1b2191e4cb5afcea8303e,identity-bearing path/account metadata pseudonymized; measurements unchanged
outputs/sigmetrics/rq1_boundary_placement/recommended/rq1_cadence_sensitivity/manifests/runs/sigmetrics-rq1-boundary-placement-final-v1--recommended--rq1_cadence_sensitivity--c8d0fab7edf98641.json,687ff1a7bbf0ecf51bc8a6699eac79f3e5f48031658fab59fe173b8e87b7ce7d,340d309a1609b5a276a0a669def181ab7980df155a3524070083bfb5c1d0ab0e,identity-bearing path/account metadata pseudonymized; measurements unchanged
outputs/sigmetrics/rq1_boundary_placement/recommended/rq1_cadence_sensitivity/manifests/runs/sigmetrics-rq1-boundary-placement-final-v1--recommended--rq1_cadence_sensitivity--cc614a37999c09ef.json,db99edda70be3017c4e402d46368276e47d77d930dc7e5b31f00ecb9f7097ead,124919c77c30472a767804afeeeadcea065ec5fa78f454fbc152f766e1734e2f,identity-bearing path/account metadata pseudonymized; measurements unchanged
outputs/sigmetrics/rq1_boundary_placement/recommended/rq1_cadence_sensitivity/manifests/runs/sigmetrics-rq1-boundary-placement-final-v1--recommended--rq1_cadence_sensitivity--f6ada95ee47ed3a3.json,294934a2582f164ba569eb6c3aa42f3e9dd920956a8538242ca91b626e198038,fe1ee8a724659374e13b6259dd4146a090f7929fa8ec11d8b233891e2d2690d7,identity-bearing path/account metadata pseudonymized; measurements unchanged
outputs/sigmetrics/rq1_boundary_placement/recommended/rq1_cadence_sensitivity/manifests/runs/sigmetrics-rq1-boundary-placement-final-v1--recommended--rq1_cadence_sensitivity--f7186067bfb01eb4.json,d140af934cca8c25cf99a20db6ca804dd2089a1562aad5c2444b0d4a5279a494,f3f53a00528e40c256eaeb5bbe1cb11fd25bc2f23ade1dde68a3064ad416c155,identity-bearing path/account metadata pseudonymized; measurements unchanged
outputs/sigmetrics/rq1_boundary_placement/recommended/rq1_cadence_sensitivity/manifests/runs/sigmetrics-rq1-boundary-placement-final-v1--recommended--rq1_cadence_sensitivity--f75185d7a4833417.json,2f339df89af908a4010d2755937604eb1e35c8c78a8060512f4c57af57297d78,b4f214f5cbc1d70e03991659bd8b8b6e6af9849bebc1a2e68cdce0d8b0133f40,identity-bearing path/account metadata pseudonymized; measurements unchanged
outputs/sigmetrics/rq1_boundary_placement/recommended/rq1_cadence_sensitivity/manifests/runs/sigmetrics-rq1-boundary-placement-final-v1--recommended--rq1_cadence_sensitivity--f9719ca5fd6c786f.json,f8682e87622b26edfe74e4bb0c36bf10cadc1a2662004a472a4d8cd494931f8e,a07c359a1dfebbf3f5e51ece47e52fd6850283a8ac68a1e2f4578d663b7db136,identity-bearing path/account metadata pseudonymized; measurements unchanged
outputs/sigmetrics/rq1_boundary_placement/recommended/rq1_cadence_sensitivity/processed/validation_report.json,0f3a91c2ae45005a77e8568ec924de7c9c1751a41edb7c6d85ed0aeb5e1f737c,160ecd7d4add7a8c0461da36a79d00d5d788de4ad5380ce8e2dcc15b0dd179fc,identity-bearing path/account metadata pseudonymized; measurements unchanged
outputs/sigmetrics/rq1_boundary_placement/recommended/rq1_failure_timing_sensitivity/manifests/campaign.json,3e473090a3213f71edaa2341172049145b9a4e9729fc1cb051caba404f8e943a,88eb5249ff8c1ca2d7afe843db532982c928988349377b6780d45468d342e37f,identity-bearing path/account metadata pseudonymized; measurements unchanged
outputs/sigmetrics/rq1_boundary_placement/recommended/rq1_failure_timing_sensitivity/manifests/runs/sigmetrics-rq1-boundary-placement-final-v1--recommended--rq1_failure_timing_sensitivity--04a8726e5d283f54.json,bf476a4573c78d4f5498a7bcfaa354ea751a3365c1f4a9fb6feb6c44cd3d6c25,852123d4391efee584bb339f084a6c351762737d9b9154d00faa3891225cd5f0,identity-bearing path/account metadata pseudonymized; measurements unchanged
outputs/sigmetrics/rq1_boundary_placement/recommended/rq1_failure_timing_sensitivity/manifests/runs/sigmetrics-rq1-boundary-placement-final-v1--recommended--rq1_failure_timing_sensitivity--05282f3c2dedc699.json,2dd61ec4a4a76faafdb35b8bea46339cf99c87dd853a54825e66697c62ed9777,7879c84eadddbe5853407eff7dd78158f9a1a09aba7548e707e2e2419d12a001,identity-bearing path/account metadata pseudonymized; measurements unchanged
outputs/sigmetrics/rq1_boundary_placement/recommended/rq1_failure_timing_sensitivity/manifests/runs/sigmetrics-rq1-boundary-placement-final-v1--recommended--rq1_failure_timing_sensitivity--06b9718cc8184376.json,4c6140fb4a899de54e7dee4e82a69af6e5a324fe1adf14716ea5983f5fa500a9,b2ba33e3b8836f59f6be3c2f84a4137c53324ddfdd0a6518affef722c92f18a0,identity-bearing path/account metadata pseudonymized; measurements unchanged
outputs/sigmetrics/rq1_boundary_placement/recommended/rq1_failure_timing_sensitivity/manifests/runs/sigmetrics-rq1-boundary-placement-final-v1--recommended--rq1_failure_timing_sensitivity--06ef4600ecc1bc29.json,b804d50d2fdb3faffe3c09fe8df282278cce212929c4cf193a63823035a7ceae,2e3e27b2cbf8e4aef8c0b4723295ea8c7714de304e99c0d28ae8cad56d13039b,identity-bearing path/account metadata pseudonymized; measurements unchanged
outputs/sigmetrics/rq1_boundary_placement/recommended/rq1_failure_timing_sensitivity/manifests/runs/sigmetrics-rq1-boundary-placement-final-v1--recommended--rq1_failure_timing_sensitivity--0788c5ce87ab7fa5.json,63cb47a6d58bd641799836916b83b542ed0b5de20406a77d64e65dba859f57e7,518afb6c6e73db1ba23c70f053f8528b2a75ce93b6f3a8fac8834565cc06f059,identity-bearing path/account metadata pseudonymized; measurements unchanged
outputs/sigmetrics/rq1_boundary_placement/recommended/rq1_failure_timing_sensitivity/manifests/runs/sigmetrics-rq1-boundary-placement-final-v1--recommended--rq1_failure_timing_sensitivity--092c8d2a84aec5eb.json,b69b5b22760c30f6687519a41df4fe2902adfbee9414fb31b8b0d361f9269010,716500385b35e6dd4096360076351d05d491475cc0e52968c369844f81d8f4b9,identity-bearing path/account metadata pseudonymized; measurements unchanged
outputs/sigmetrics/rq1_boundary_placement/recommended/rq1_failure_timing_sensitivity/manifests/runs/sigmetrics-rq1-boundary-placement-final-v1--recommended--rq1_failure_timing_sensitivity--09765629efd7399d.json,020afbd5e5facd7bb02b8f5d217c294b53f25d229575a6ff911d1451d917b691,4ce6881d4655cc1d23effb41f796d53de6ba1f65b021bd237061c9fc40ad956e,identity-bearing path/account metadata pseudonymized; measurements unchanged
outputs/sigmetrics/rq1_boundary_placement/recommended/rq1_failure_timing_sensitivity/manifests/runs/sigmetrics-rq1-boundary-placement-final-v1--recommended--rq1_failure_timing_sensitivity--0aac11eaf16e8aea.json,9755bdd9cf91f18cd304cc7d57c7ee79848477e12b7543e0388eeb1e2351cb78,0dd19d4f29f16b4ad178b5b458f0a19497b3c4919310e4083e1a5d032738cc02,identity-bearing path/account metadata pseudonymized; measurements unchanged
outputs/sigmetrics/rq1_boundary_placement/recommended/rq1_failure_timing_sensitivity/manifests/runs/sigmetrics-rq1-boundary-placement-final-v1--recommended--rq1_failure_timing_sensitivity--0b1a314f72f41273.json,f64c95d0c0b5f5e544d50278f1437bccd88bd3256499d3b2a93e8d0abf12dacf,56aee2720a61bba59799ac3145b348ff2781e1e2f3c8e470e07bbbd1ee409800,identity-bearing path/account metadata pseudonymized; measurements unchanged
outputs/sigmetrics/rq1_boundary_placement/recommended/rq1_failure_timing_sensitivity/manifests/runs/sigmetrics-rq1-boundary-placement-final-v1--recommended--rq1_failure_timing_sensitivity--0ce92237565b173c.json,c7409fcf8450ab07b3a472128eb607ea6f6127972a50ec0c0a8e4083b5742f06,bfc98f7415bca5b99111de6d65e5aa9dfab6486d3db5619f0fb262f1e6699343,identity-bearing path/account metadata pseudonymized; measurements unchanged
outputs/sigmetrics/rq1_boundary_placement/recommended/rq1_failure_timing_sensitivity/manifests/runs/sigmetrics-rq1-boundary-placement-final-v1--recommended--rq1_failure_timing_sensitivity--1125a0ec6ab33d13.json,cef7d824a1a0cfd3c5eb2c30d2e285f83e042402a3fc42ed07786665d52acb26,b346470bf7d8d761a709b328c199be42998214f0d1e3d85158a68aa053b3d997,identity-bearing path/account metadata pseudonymized; measurements unchanged
outputs/sigmetrics/rq1_boundary_placement/recommended/rq1_failure_timing_sensitivity/manifests/runs/sigmetrics-rq1-boundary-placement-final-v1--recommended--rq1_failure_timing_sensitivity--1f7ad9799120c7ac.json,ba8f4d18546583ece7e402ebc6ae6a1d2a4a93f7702cf5abb736f0a9e8b6df11,372519690c81ddebcdb76089e3f992d0d86603d38af30f3b411f6ef3f5385297,identity-bearing path/account metadata pseudonymized; measurements unchanged
outputs/sigmetrics/rq1_boundary_placement/recommended/rq1_failure_timing_sensitivity/manifests/runs/sigmetrics-rq1-boundary-placement-final-v1--recommended--rq1_failure_timing_sensitivity--25288f2f1e52f7a3.json,58d201789eb0c906c6620956d37d17e6b56b4ff080efcd6632c9506457693672,7cb652df98b85f36416b5d7105a6a74626803c1dd712c18eef72d07afff161e9,identity-bearing path/account metadata pseudonymized; measurements unchanged
outputs/sigmetrics/rq1_boundary_placement/recommended/rq1_failure_timing_sensitivity/manifests/runs/sigmetrics-rq1-boundary-placement-final-v1--recommended--rq1_failure_timing_sensitivity--27283915874fce97.json,21cadb72cb0fdd8eb2a6fd0b09298819b3ffc00466d0344a51baad6a3ec8eaef,9797d1e1b48f095e7a0325aa24af90b0486bde82b96a140c4e5b86df0b02df08,identity-bearing path/account metadata pseudonymized; measurements unchanged
outputs/sigmetrics/rq1_boundary_placement/recommended/rq1_failure_timing_sensitivity/manifests/runs/sigmetrics-rq1-boundary-placement-final-v1--recommended--rq1_failure_timing_sensitivity--2b7aadf93940e480.json,e3261ee2ab99eea65b11f5c01aa471ae4d4d4959c4eb206bb3903a9647590f27,3e4561f4479b708666210292c681f50215bfedd7be78c8e136210d93ca26093d,identity-bearing path/account metadata pseudonymized; measurements unchanged
outputs/sigmetrics/rq1_boundary_placement/recommended/rq1_failure_timing_sensitivity/manifests/runs/sigmetrics-rq1-boundary-placement-final-v1--recommended--rq1_failure_timing_sensitivity--2df5f3e5239e63ef.json,0f33bef5bd287c8d010b34f4b5ba65a624d4400d54461326dbcd73e2c1df799a,efc9635502e081253b3adcc7d4bc4024568d74f0453b1fad5937f92ea1154e33,identity-bearing path/account metadata pseudonymized; measurements unchanged
outputs/sigmetrics/rq1_boundary_placement/recommended/rq1_failure_timing_sensitivity/manifests/runs/sigmetrics-rq1-boundary-placement-final-v1--recommended--rq1_failure_timing_sensitivity--2eb5a471ab473ec5.json,fb167269c4da6bc30fd289ffbf6b25ffa2ca931ca062199f7b29b6327f0d83a8,12e5523346ab560f5c1d1c44556412f348dfd8a6173688f1a512f16f1df41d06,identity-bearing path/account metadata pseudonymized; measurements unchanged
outputs/sigmetrics/rq1_boundary_placement/recommended/rq1_failure_timing_sensitivity/manifests/runs/sigmetrics-rq1-boundary-placement-final-v1--recommended--rq1_failure_timing_sensitivity--35f548866189c68c.json,90c1838d8325500a55d68d7c02c626c9b927eef4494f2596f0c9ffc0a13d20ea,cf291c756fd0fb3885609bdccde1fa380b8ea354ce639a99cd585d593ebbc459,identity-bearing path/account metadata pseudonymized; measurements unchanged
outputs/sigmetrics/rq1_boundary_placement/recommended/rq1_failure_timing_sensitivity/manifests/runs/sigmetrics-rq1-boundary-placement-final-v1--recommended--rq1_failure_timing_sensitivity--3a8138f36377810d.json,1526b466ba219bba15ab48498143cf2da34c39fdc800f32af7c1f4f805fb38ee,96bd79c50cb683b3fbb23a1c6225235dcc0ab7c897b2d125ba29c03db7e98877,identity-bearing path/account metadata pseudonymized; measurements unchanged
outputs/sigmetrics/rq1_boundary_placement/recommended/rq1_failure_timing_sensitivity/manifests/runs/sigmetrics-rq1-boundary-placement-final-v1--recommended--rq1_failure_timing_sensitivity--3d40ef28f956ce34.json,283c7e65a50b41672c56b549aed3bb588329614bcb90fd50b9d4ed4b9f2b0d43,500f3ac1ea2472d94e0ca68db8ed90f45458a72f747e7fe621753d51ba502272,identity-bearing path/account metadata pseudonymized; measurements unchanged
outputs/sigmetrics/rq1_boundary_placement/recommended/rq1_failure_timing_sensitivity/manifests/runs/sigmetrics-rq1-boundary-placement-final-v1--recommended--rq1_failure_timing_sensitivity--3d868b9253c31582.json,8024c8f78437b16e21c03c07f8ccfeb5515c1decb5affc4757bcc39eadfed4a6,087efa5c38f1ef656c832a1ba8d73924bc4906e562902f94d8df2337309a5ae8,identity-bearing path/account metadata pseudonymized; measurements unchanged
outputs/sigmetrics/rq1_boundary_placement/recommended/rq1_failure_timing_sensitivity/manifests/runs/sigmetrics-rq1-boundary-placement-final-v1--recommended--rq1_failure_timing_sensitivity--3e45cdef0608b610.json,444378404bf18c781ba115c96bcd6cfc8ff0c636233bc123670b28f870e42bf5,4957089667e07806da2a813683ab12e2b7ac1ab723182182df061aa32d6881c0,identity-bearing path/account metadata pseudonymized; measurements unchanged
outputs/sigmetrics/rq1_boundary_placement/recommended/rq1_failure_timing_sensitivity/manifests/runs/sigmetrics-rq1-boundary-placement-final-v1--recommended--rq1_failure_timing_sensitivity--413196ca35cd55bf.json,61dd98933e6659891357e46367e8572a487ea62423ab133457304827026fcfa9,385acaa23f9e997bc155c2082ea7edb298ee2501472050bf22eaffe8c6bb219c,identity-bearing path/account metadata pseudonymized; measurements unchanged
outputs/sigmetrics/rq1_boundary_placement/recommended/rq1_failure_timing_sensitivity/manifests/runs/sigmetrics-rq1-boundary-placement-final-v1--recommended--rq1_failure_timing_sensitivity--490990fd2057651f.json,193ea451358cceb73cfed1edae87adb0e59389ad89164c9e22c38a6b5d4d0fe4,fafd4e9fc88a2fa43c2da7398df2042b8bd79e95842d7bcd86fa8155552e0129,identity-bearing path/account metadata pseudonymized; measurements unchanged
outputs/sigmetrics/rq1_boundary_placement/recommended/rq1_failure_timing_sensitivity/manifests/runs/sigmetrics-rq1-boundary-placement-final-v1--recommended--rq1_failure_timing_sensitivity--497b72474cec5143.json,f66d470531b80e069c122118fa8cc2ff60181dc77c57462e5cd2b55d25965d24,de8b906dbd81c24bebc3016d215644afa5f55c1d19f99d34728475993e3bbf8a,identity-bearing path/account metadata pseudonymized; measurements unchanged
outputs/sigmetrics/rq1_boundary_placement/recommended/rq1_failure_timing_sensitivity/manifests/runs/sigmetrics-rq1-boundary-placement-final-v1--recommended--rq1_failure_timing_sensitivity--55ee77653fa9bfc8.json,d29602b45cec23004435c8eae5093675728bf472984daecadfefff205cacadb1,d9ebb5a4ed0e8357c310ce49f26ba42e518f3414ad0ea3afbd9f6d52f9ca1265,identity-bearing path/account metadata pseudonymized; measurements unchanged
outputs/sigmetrics/rq1_boundary_placement/recommended/rq1_failure_timing_sensitivity/manifests/runs/sigmetrics-rq1-boundary-placement-final-v1--recommended--rq1_failure_timing_sensitivity--594d05757bcc74de.json,fa3c454a21d72469423c9d7d04705e33f85b711279fe39a91469f671e6beab34,d82ba2b78135168de1367129d864a803e47d32f6433210bf86a3aa55993c5de4,identity-bearing path/account metadata pseudonymized; measurements unchanged
outputs/sigmetrics/rq1_boundary_placement/recommended/rq1_failure_timing_sensitivity/manifests/runs/sigmetrics-rq1-boundary-placement-final-v1--recommended--rq1_failure_timing_sensitivity--5a69bc15aeca59f8.json,4f43f0e39b1d976ef397cb2cc1cfe8e13a26695e7780249e5de052f67f701b74,e1d5947ca43229b8f5c91aa4e7136bbe633dab5fcb0d40c05980d012252ba952,identity-bearing path/account metadata pseudonymized; measurements unchanged
outputs/sigmetrics/rq1_boundary_placement/recommended/rq1_failure_timing_sensitivity/manifests/runs/sigmetrics-rq1-boundary-placement-final-v1--recommended--rq1_failure_timing_sensitivity--5ad873f8a09d82fa.json,e108d6e0c8c47b53e7072898ae501eb16298fe174288a892aa257cb917616d77,bdf8407996ed073fc38b4986266b94cc3416743b303c9be8c5ad942918b09575,identity-bearing path/account metadata pseudonymized; measurements unchanged
outputs/sigmetrics/rq1_boundary_placement/recommended/rq1_failure_timing_sensitivity/manifests/runs/sigmetrics-rq1-boundary-placement-final-v1--recommended--rq1_failure_timing_sensitivity--5b13024fa1bcebdc.json,655328b0d0ce72591e3d6a76e5ed7b9b557b2ff1b11e5eb15246eb91ff0a2dfc,c5c11ba2fc7dbbf3e60e6e32a9afe1aa93be7fae648dae542c9e66da0ee35f12,identity-bearing path/account metadata pseudonymized; measurements unchanged
outputs/sigmetrics/rq1_boundary_placement/recommended/rq1_failure_timing_sensitivity/manifests/runs/sigmetrics-rq1-boundary-placement-final-v1--recommended--rq1_failure_timing_sensitivity--5c1c540a5be44bfa.json,28de3c7789c181e7f84c19161bf4a526e203147cabb8ce4308354c855ecb1be7,9b304e626c84d0a45437f7203eae78bbb28d852c269c8e8fbb1605c6d3aa520e,identity-bearing path/account metadata pseudonymized; measurements unchanged
outputs/sigmetrics/rq1_boundary_placement/recommended/rq1_failure_timing_sensitivity/manifests/runs/sigmetrics-rq1-boundary-placement-final-v1--recommended--rq1_failure_timing_sensitivity--5fcf45580f2a063e.json,f1f8e0b71c5989971984edd75626abe5f69b82f9dd259d50e1d30c7bca0e5b5f,eb06511e014d659a4e7d3219ba4ad9acacd32bf608bd0b0462f4dce76c64ac9d,identity-bearing path/account metadata pseudonymized; measurements unchanged
outputs/sigmetrics/rq1_boundary_placement/recommended/rq1_failure_timing_sensitivity/manifests/runs/sigmetrics-rq1-boundary-placement-final-v1--recommended--rq1_failure_timing_sensitivity--604e8b4d74785494.json,6aa2671e7a0ddb5387a41774028bdb679f69a7a5d8855963463cd7b512d66359,89425ad44d91a86212f0a845ed4d2f33a2358e68cd8b2ae352b97cba00099a0d,identity-bearing path/account metadata pseudonymized; measurements unchanged
outputs/sigmetrics/rq1_boundary_placement/recommended/rq1_failure_timing_sensitivity/manifests/runs/sigmetrics-rq1-boundary-placement-final-v1--recommended--rq1_failure_timing_sensitivity--618f38112eb84af8.json,75b65803204d73deec6c4a79d277a03ab9f007e137dca6a6518e01cebcebbc09,49c5bc4ad84ebb72bdf36b1cd8a805fd5ac4b36da5574d6d4d65950623288eef,identity-bearing path/account metadata pseudonymized; measurements unchanged
outputs/sigmetrics/rq1_boundary_placement/recommended/rq1_failure_timing_sensitivity/manifests/runs/sigmetrics-rq1-boundary-placement-final-v1--recommended--rq1_failure_timing_sensitivity--63cc79cbaa5fdece.json,119f5dd3cea65de4e43aee52b74b342b9a5d1ba0116c5019db5399ac83ba2113,ad7037729adebf733b3f43db0e1750994faa46d3776f5c445f8d7aec82d73f91,identity-bearing path/account metadata pseudonymized; measurements unchanged
outputs/sigmetrics/rq1_boundary_placement/recommended/rq1_failure_timing_sensitivity/manifests/runs/sigmetrics-rq1-boundary-placement-final-v1--recommended--rq1_failure_timing_sensitivity--65911079ee7dcd13.json,ec9532cf8fabb4a1ec7813e0ced59eecffd11dbe9e2481ea52504414e11e11cd,42ee1bedbae331ca300b0732a30bd6a11c5b309d7cc4d0b74907d30a92942b04,identity-bearing path/account metadata pseudonymized; measurements unchanged
outputs/sigmetrics/rq1_boundary_placement/recommended/rq1_failure_timing_sensitivity/manifests/runs/sigmetrics-rq1-boundary-placement-final-v1--recommended--rq1_failure_timing_sensitivity--69c49b35bd41bd8e.json,e2b293c30e84071d6d3801f5fa8d7790be720b603f49019c965c35cd54a97b5d,db7529fb8ecf2f794a5c1f376b7aac87cd6f8158c67d2150ff0a53345b309956,identity-bearing path/account metadata pseudonymized; measurements unchanged
outputs/sigmetrics/rq1_boundary_placement/recommended/rq1_failure_timing_sensitivity/manifests/runs/sigmetrics-rq1-boundary-placement-final-v1--recommended--rq1_failure_timing_sensitivity--6c906fcab9480b03.json,91f932ed86c3ccc9b68fbf09f8b59f52e5ae42bc48303ba0342abb99f6a037ee,f309059b2d148ebc2043c242f0a768e76039b8a4e6ad6d47da1c1a376487b08e,identity-bearing path/account metadata pseudonymized; measurements unchanged
outputs/sigmetrics/rq1_boundary_placement/recommended/rq1_failure_timing_sensitivity/manifests/runs/sigmetrics-rq1-boundary-placement-final-v1--recommended--rq1_failure_timing_sensitivity--6f917873ff83276f.json,ba938237addc18738a05f65af09ae4cdbef8aa699d4218b5cb651b20ed4bea97,a25c23be974dd83d945cfe742efd12363e24a81c4c59088b9ecf4bed6d00c3d1,identity-bearing path/account metadata pseudonymized; measurements unchanged
outputs/sigmetrics/rq1_boundary_placement/recommended/rq1_failure_timing_sensitivity/manifests/runs/sigmetrics-rq1-boundary-placement-final-v1--recommended--rq1_failure_timing_sensitivity--71fcb262de690bce.json,e63c84764fc8db1f9cd06c3478f20bf91ec87ddd66294fdd0e58b8ab197ca79c,59d66e44d494b50ceeeb20c0c3dc832871b19cb5df3919c7f4b61fae6eed6d72,identity-bearing path/account metadata pseudonymized; measurements unchanged
outputs/sigmetrics/rq1_boundary_placement/recommended/rq1_failure_timing_sensitivity/manifests/runs/sigmetrics-rq1-boundary-placement-final-v1--recommended--rq1_failure_timing_sensitivity--72d4e2bf52c14bac.json,a35ddc0a505a1bb65c802defee1f6eb5ea76a6b7f471b5557bcb7dc6f7474e91,17bff4c0847f0ff0ad702da5aeb92c8c8d769f4ebf080ddc176fe508b655927c,identity-bearing path/account metadata pseudonymized; measurements unchanged
outputs/sigmetrics/rq1_boundary_placement/recommended/rq1_failure_timing_sensitivity/manifests/runs/sigmetrics-rq1-boundary-placement-final-v1--recommended--rq1_failure_timing_sensitivity--756280cef678d93b.json,9b791b1896a3da1df10a5cf0d1da673c6d0850f9dd286220838847b2e04583a3,cbee1c12d82f0d6319fdbbf8975bfe48046c2f19822b53643589cfc97f5e2d98,identity-bearing path/account metadata pseudonymized; measurements unchanged
outputs/sigmetrics/rq1_boundary_placement/recommended/rq1_failure_timing_sensitivity/manifests/runs/sigmetrics-rq1-boundary-placement-final-v1--recommended--rq1_failure_timing_sensitivity--7acf32e54eacc767.json,c1e44b41d7ca961299b1b4ccfeeccfd1d0fa921a843669d25057cd88d354447c,fde8bd74163ec031de1cb04b8c8996d0313d749f2f3041ce3417f8708bda36dd,identity-bearing path/account metadata pseudonymized; measurements unchanged
outputs/sigmetrics/rq1_boundary_placement/recommended/rq1_failure_timing_sensitivity/manifests/runs/sigmetrics-rq1-boundary-placement-final-v1--recommended--rq1_failure_timing_sensitivity--7c74b6f47a64e9db.json,ec596230c0df0d6307da19caf2cb019680c372087d992fd933636c615a1594a4,f24fc4dc9f24dad08b2afd26d0fbe689a6f2782cad3a7ec8083c7e9dbf2329c4,identity-bearing path/account metadata pseudonymized; measurements unchanged
outputs/sigmetrics/rq1_boundary_placement/recommended/rq1_failure_timing_sensitivity/manifests/runs/sigmetrics-rq1-boundary-placement-final-v1--recommended--rq1_failure_timing_sensitivity--7d2b737fd87ac365.json,b3ac5667de95735442bdb4d669c21df35f19815b6b6e39c2529c6389f5b159b0,c4c96ed1aee241b391614c4aed0b867ce647f9807b11b605f5ff43cf2ec94a45,identity-bearing path/account metadata pseudonymized; measurements unchanged
outputs/sigmetrics/rq1_boundary_placement/recommended/rq1_failure_timing_sensitivity/manifests/runs/sigmetrics-rq1-boundary-placement-final-v1--recommended--rq1_failure_timing_sensitivity--7fa1196ef5e32b47.json,4cda05f10bc019db28c61e6540c90cf02411caa2dd3289edc2c14ec4f8ce9481,cc48761bd533ad3d0bee8ff66a86aa584ebb784fdeffbb3ad9be43a88eb9ed13,identity-bearing path/account metadata pseudonymized; measurements unchanged
outputs/sigmetrics/rq1_boundary_placement/recommended/rq1_failure_timing_sensitivity/manifests/runs/sigmetrics-rq1-boundary-placement-final-v1--recommended--rq1_failure_timing_sensitivity--8070c0d65c312170.json,eec2160de751d90612e0abe6132ed2092e102e9f638fdb570ba6121d08850d76,cf688650d632272a4595af46afb821a69222cf6300d54b9d091327c2ab2189e8,identity-bearing path/account metadata pseudonymized; measurements unchanged
outputs/sigmetrics/rq1_boundary_placement/recommended/rq1_failure_timing_sensitivity/manifests/runs/sigmetrics-rq1-boundary-placement-final-v1--recommended--rq1_failure_timing_sensitivity--8087416b0fab1648.json,f262bfad75bcf7cf5fdf4d1d7499d52c919f38f1fccd1ed0db006d5deecfa1a0,5b62137bbe1d792a93ef041afb7c3eb471e0a516cf1d57f17b7d1309174dcd89,identity-bearing path/account metadata pseudonymized; measurements unchanged
outputs/sigmetrics/rq1_boundary_placement/recommended/rq1_failure_timing_sensitivity/manifests/runs/sigmetrics-rq1-boundary-placement-final-v1--recommended--rq1_failure_timing_sensitivity--85132991d6538ebf.json,5fcd301cc8d2b3e460a03bc2da757f13375730bbabf6db6d1303d0a0648ef7d0,191db2c614875ea555df5f5df824330998ff239207e73646309f63c6010b8344,identity-bearing path/account metadata pseudonymized; measurements unchanged
outputs/sigmetrics/rq1_boundary_placement/recommended/rq1_failure_timing_sensitivity/manifests/runs/sigmetrics-rq1-boundary-placement-final-v1--recommended--rq1_failure_timing_sensitivity--85e4131995bc4114.json,77086839b0c8749a2fb562c89e1182cde1d1d688fea2004a37b6209789aa2df8,f301df62ed1a207323286d6907297c332c0d6f9b1cd0be7de779342a12b7e4de,identity-bearing path/account metadata pseudonymized; measurements unchanged
outputs/sigmetrics/rq1_boundary_placement/recommended/rq1_failure_timing_sensitivity/manifests/runs/sigmetrics-rq1-boundary-placement-final-v1--recommended--rq1_failure_timing_sensitivity--893a3532ab7d7100.json,1cb251c7f1930af35fc44468c7e8951b22077ed6429d87d1359595f3b4fe31ea,369665123fd518d2a1f0ec1041525cae660b5bc60b36ad9d2919064853d0f29a,identity-bearing path/account metadata pseudonymized; measurements unchanged
outputs/sigmetrics/rq1_boundary_placement/recommended/rq1_failure_timing_sensitivity/manifests/runs/sigmetrics-rq1-boundary-placement-final-v1--recommended--rq1_failure_timing_sensitivity--99ae11c8f9dd3c86.json,8e03b2eb457537495edc8a5895b47b7fc6630f016bbca4e4e10676661ed3d91e,3f64360ef9bc81558ba914b4c4b7e5511da3cbe25913b5d034c6b9de50e864bc,identity-bearing path/account metadata pseudonymized; measurements unchanged
outputs/sigmetrics/rq1_boundary_placement/recommended/rq1_failure_timing_sensitivity/manifests/runs/sigmetrics-rq1-boundary-placement-final-v1--recommended--rq1_failure_timing_sensitivity--9d8a50cd5cdb30b6.json,50099c7518c5c2f4bcf02dc329db6982ab51b49d935ca924ee4b954db0b51caa,3fc43b1db9598eec20a5c700da65d5d37a3ad9f5de6f11614edb518b6a5fe36a,identity-bearing path/account metadata pseudonymized; measurements unchanged
outputs/sigmetrics/rq1_boundary_placement/recommended/rq1_failure_timing_sensitivity/manifests/runs/sigmetrics-rq1-boundary-placement-final-v1--recommended--rq1_failure_timing_sensitivity--a1bb77c4833bca3b.json,ab1cf521fe6a3150b4122c313f7be4407a5f2c9160bba94cd7dcf6301788be58,52172a89d5a5625094a0f35a7e35ad36946b80a15f8ac65cc2d1fbe737a79972,identity-bearing path/account metadata pseudonymized; measurements unchanged
outputs/sigmetrics/rq1_boundary_placement/recommended/rq1_failure_timing_sensitivity/manifests/runs/sigmetrics-rq1-boundary-placement-final-v1--recommended--rq1_failure_timing_sensitivity--a2bd94277d8be0e5.json,2305b48258ad7eeae8e1c9b53feaa9ece75ca3ac57fbb49c1ca82f2657a3d312,817623cc9e019f714a6b5edb7a01e995d1afdcd159c1d49527a49cee23e08dfd,identity-bearing path/account metadata pseudonymized; measurements unchanged
outputs/sigmetrics/rq1_boundary_placement/recommended/rq1_failure_timing_sensitivity/manifests/runs/sigmetrics-rq1-boundary-placement-final-v1--recommended--rq1_failure_timing_sensitivity--ab4d2731b12f3fd4.json,14e41514a359a9581e4e86e4c81445a4d192b317365dbb3488ad6f78772134c2,45e96ab7af26237f81cbd0b321f71e5f099db5e4e327778a79762f18f06bd457,identity-bearing path/account metadata pseudonymized; measurements unchanged
outputs/sigmetrics/rq1_boundary_placement/recommended/rq1_failure_timing_sensitivity/manifests/runs/sigmetrics-rq1-boundary-placement-final-v1--recommended--rq1_failure_timing_sensitivity--ace7113edf8f2de8.json,8ec15cd5c6b240780a963634e081732cd5808d2366458f7e5c1de040b4b00212,d959ec739a557c51c5f679a428aa7fb5c952083731f05da21ca315e8dae6eff0,identity-bearing path/account metadata pseudonymized; measurements unchanged
outputs/sigmetrics/rq1_boundary_placement/recommended/rq1_failure_timing_sensitivity/manifests/runs/sigmetrics-rq1-boundary-placement-final-v1--recommended--rq1_failure_timing_sensitivity--b48a0d3cd719c66a.json,5219166e3b1052b84e9b0ff540c077c1619175db30666734627a75ccc612c1aa,451453ed59100f4e35d80d8dc6ad737e0b5987b7c34753a435b52d6506c4e7b7,identity-bearing path/account metadata pseudonymized; measurements unchanged
outputs/sigmetrics/rq1_boundary_placement/recommended/rq1_failure_timing_sensitivity/manifests/runs/sigmetrics-rq1-boundary-placement-final-v1--recommended--rq1_failure_timing_sensitivity--b65e328b0faf1f9d.json,b3577029c114f46450793baa5f6249d7a438896fd4f1c02c18948c0aa90dfb08,d1a0030216aa70af2d7947815765d76b8f1361ea804414852c3fe06e83ad0446,identity-bearing path/account metadata pseudonymized; measurements unchanged
outputs/sigmetrics/rq1_boundary_placement/recommended/rq1_failure_timing_sensitivity/manifests/runs/sigmetrics-rq1-boundary-placement-final-v1--recommended--rq1_failure_timing_sensitivity--b70ff0a5ec4d8623.json,d74a28a5ec1c69bb979bfb07f35b6adb6cc7ae813502128eea5417c040d37c50,58d7f804493c02c0ce23ed336566f92dfd275f5a1d9cfcafb4009f28f46859f3,identity-bearing path/account metadata pseudonymized; measurements unchanged
outputs/sigmetrics/rq1_boundary_placement/recommended/rq1_failure_timing_sensitivity/manifests/runs/sigmetrics-rq1-boundary-placement-final-v1--recommended--rq1_failure_timing_sensitivity--c595a7d0855ca21e.json,621b1f822b9bda6c96f606bc22bad6ef71d30021407495e04499c13d0513b6d8,4720746d36cdfb8d0429316b3bb51711ba4f0c36bf14767561b6b5f6286d1198,identity-bearing path/account metadata pseudonymized; measurements unchanged
outputs/sigmetrics/rq1_boundary_placement/recommended/rq1_failure_timing_sensitivity/manifests/runs/sigmetrics-rq1-boundary-placement-final-v1--recommended--rq1_failure_timing_sensitivity--c67cfcbc411c9774.json,0359ac52bd1b97ee513a50d946c7a36ce0b922babf38741b83d3ccc2bf658912,ee03208af6647b52a0025c7e38c15f63dc16c6742f4ac74aa3cccb6bdd069c5c,identity-bearing path/account metadata pseudonymized; measurements unchanged
outputs/sigmetrics/rq1_boundary_placement/recommended/rq1_failure_timing_sensitivity/manifests/runs/sigmetrics-rq1-boundary-placement-final-v1--recommended--rq1_failure_timing_sensitivity--c7ca8d2a3a19a15c.json,b65d0337bd7caeff79ec48b5adb4b695dde93dbcd1664cb2b66f12e6f8ebc0b7,6296302d23525be186de61de7ef8aef42f1a5043f8698bd8443f65e0f0ddbbe0,identity-bearing path/account metadata pseudonymized; measurements unchanged
outputs/sigmetrics/rq1_boundary_placement/recommended/rq1_failure_timing_sensitivity/manifests/runs/sigmetrics-rq1-boundary-placement-final-v1--recommended--rq1_failure_timing_sensitivity--ca7385b746440447.json,252779ddcde807803dba5ba5a625ca2b94113fc79d482acfde6e2b464af6ae6f,e5597787539d7ab8d05871b914e5530c370a298c6dbb8483d9e8443e3b4cc087,identity-bearing path/account metadata pseudonymized; measurements unchanged
outputs/sigmetrics/rq1_boundary_placement/recommended/rq1_failure_timing_sensitivity/manifests/runs/sigmetrics-rq1-boundary-placement-final-v1--recommended--rq1_failure_timing_sensitivity--cc612d54cee603a2.json,742b967b8796f921e60ecd488eee812bf4c584f75f40d347fa1b36b9e0cc843e,568a1094b1fc0dd3cf87f0ad87e4978805b91da12a0edfced2078caa425f0cdf,identity-bearing path/account metadata pseudonymized; measurements unchanged
outputs/sigmetrics/rq1_boundary_placement/recommended/rq1_failure_timing_sensitivity/manifests/runs/sigmetrics-rq1-boundary-placement-final-v1--recommended--rq1_failure_timing_sensitivity--ce4a455522712627.json,dc476296ea4a4dcb1c1c649f16889eb7935791b3a6696ef830a2266ffb44e0f8,620a19fe408f8f1ed2c8544e03f7368e6fdb03b333501f0c995f16d03111ea53,identity-bearing path/account metadata pseudonymized; measurements unchanged
outputs/sigmetrics/rq1_boundary_placement/recommended/rq1_failure_timing_sensitivity/manifests/runs/sigmetrics-rq1-boundary-placement-final-v1--recommended--rq1_failure_timing_sensitivity--d17eacd899698a67.json,f08990d4592eb22c9c466e8e99f86b1d0b1d5428ccfc9874b7683548232f1629,4cc84a352c41caacae91f358594f1f264188b58ddb1045bfb8320aadecb8723f,identity-bearing path/account metadata pseudonymized; measurements unchanged
outputs/sigmetrics/rq1_boundary_placement/recommended/rq1_failure_timing_sensitivity/manifests/runs/sigmetrics-rq1-boundary-placement-final-v1--recommended--rq1_failure_timing_sensitivity--d18c8add6010867c.json,a0d970f1bcbd32dcc9f9ac767086d14ac8f053419c1d1cdecc353a3680d4a1ab,db63d92f6d68b80eb8dc588d9408c23213c0923bbc033e84197a476f5d665611,identity-bearing path/account metadata pseudonymized; measurements unchanged
outputs/sigmetrics/rq1_boundary_placement/recommended/rq1_failure_timing_sensitivity/manifests/runs/sigmetrics-rq1-boundary-placement-final-v1--recommended--rq1_failure_timing_sensitivity--d3d49c503ba69585.json,6ae394e10a0f44e31f157fd64d10ced73e344c15a937f31ea17ea0e868d28ee0,d3db1c62ddaf4c906c87cdff80aa76ce6a858102fc730065ceb6478cd8bf5f66,identity-bearing path/account metadata pseudonymized; measurements unchanged
outputs/sigmetrics/rq1_boundary_placement/recommended/rq1_failure_timing_sensitivity/manifests/runs/sigmetrics-rq1-boundary-placement-final-v1--recommended--rq1_failure_timing_sensitivity--d63feb356bb2e278.json,7cd65a2a768ee7f0f5076e2c67df7e680b0d8bd93855bb6b8a0bc29e2946e628,7259c8543889e8e3cefc58c4c2d8bcd8b426771b906c25445bfad70961af45d1,identity-bearing path/account metadata pseudonymized; measurements unchanged
outputs/sigmetrics/rq1_boundary_placement/recommended/rq1_failure_timing_sensitivity/manifests/runs/sigmetrics-rq1-boundary-placement-final-v1--recommended--rq1_failure_timing_sensitivity--d8367657a0e8d1b3.json,fa10f452c424eefdace99c3f4ff10faeff9ddee37c03a2d685d9c8fccf93e1c8,d8f42d72960159df168c5ea7b6150a054dcc41fbe74615b262b797ef82245a88,identity-bearing path/account metadata pseudonymized; measurements unchanged
outputs/sigmetrics/rq1_boundary_placement/recommended/rq1_failure_timing_sensitivity/manifests/runs/sigmetrics-rq1-boundary-placement-final-v1--recommended--rq1_failure_timing_sensitivity--eefde1c988fdac3b.json,69385c02f90270096f33938185d56f0818c4716d6efba58b9098695f26848cec,346edc3dbc7fca8fb667ffcefbd4a34164b5485d1bd9354764172ec7e113938c,identity-bearing path/account metadata pseudonymized; measurements unchanged
outputs/sigmetrics/rq1_boundary_placement/recommended/rq1_failure_timing_sensitivity/manifests/runs/sigmetrics-rq1-boundary-placement-final-v1--recommended--rq1_failure_timing_sensitivity--f00ab709b858f4cc.json,5ed2abc7519cd3d5ae506c98dba8a87cea306548aef840a8375b7b7efacb76ca,9e2f34950eb5df09a7e949a4beafe26f040066c28476fca9522bc42ce622eeb3,identity-bearing path/account metadata pseudonymized; measurements unchanged
outputs/sigmetrics/rq1_boundary_placement/recommended/rq1_failure_timing_sensitivity/manifests/runs/sigmetrics-rq1-boundary-placement-final-v1--recommended--rq1_failure_timing_sensitivity--f30d493778f59dd9.json,3d8be4ed5b16a4c18971bcb12bd84d6b960575d7e7e5c994938548b2ede940c4,c97a307aa3a47fcd947ed85313ba062c666d6743d91c2dcf74a98c42f2bc41fe,identity-bearing path/account metadata pseudonymized; measurements unchanged
outputs/sigmetrics/rq1_boundary_placement/recommended/rq1_failure_timing_sensitivity/manifests/runs/sigmetrics-rq1-boundary-placement-final-v1--recommended--rq1_failure_timing_sensitivity--f345d84a0192e30b.json,26d24dc36d23313c69b1ef2c9f0918f74446e204804920652df5d26463029e3e,da5a3728091fd13b0eb088d5d4c185a384080a57148f24cf5ef5c45d6c70996c,identity-bearing path/account metadata pseudonymized; measurements unchanged
outputs/sigmetrics/rq1_boundary_placement/recommended/rq1_failure_timing_sensitivity/manifests/runs/sigmetrics-rq1-boundary-placement-final-v1--recommended--rq1_failure_timing_sensitivity--f5637742b0db9166.json,cdc78e0eefdd0e5a148647fb83710130936dfadf509aa3f5caf5ce3d18696bcc,074a1d6efb89dd33dcbd189bf65e106e119a51956826eb4dde825a3c6abca7e8,identity-bearing path/account metadata pseudonymized; measurements unchanged
outputs/sigmetrics/rq1_boundary_placement/recommended/rq1_failure_timing_sensitivity/manifests/runs/sigmetrics-rq1-boundary-placement-final-v1--recommended--rq1_failure_timing_sensitivity--f86416aa49f0725a.json,fc3298e82407676fac5be04d8500072a6bf0bc8a89488b07792abb5f0156ba3e,28b6d3d47cdec7325c24e83741be313b9b35eec7c57f1050fcbb1bf47b11c989,identity-bearing path/account metadata pseudonymized; measurements unchanged
outputs/sigmetrics/rq1_boundary_placement/recommended/rq1_failure_timing_sensitivity/manifests/runs/sigmetrics-rq1-boundary-placement-final-v1--recommended--rq1_failure_timing_sensitivity--f8788198f7343cf9.json,360e14fd001a4c68e581c640cc3eea9c1017f08013d3c59874a753a8ffa81774,5dae1fa548049b6429e293c6221c4a50e43ae7f7ab1a88daaeddde45274aa266,identity-bearing path/account metadata pseudonymized; measurements unchanged
outputs/sigmetrics/rq1_boundary_placement/recommended/rq1_failure_timing_sensitivity/manifests/runs/sigmetrics-rq1-boundary-placement-final-v1--recommended--rq1_failure_timing_sensitivity--f8d0b17ab9b1a2b3.json,f8476e2a44aa95e6c3ca89a15650345a1b5098424a3a14681f63b116d6038eef,977901587a1c65a3f4c53d4ec6d66c3c453c02c59402178b80d0a1f2881e788b,identity-bearing path/account metadata pseudonymized; measurements unchanged
outputs/sigmetrics/rq1_boundary_placement/recommended/rq1_failure_timing_sensitivity/manifests/runs/sigmetrics-rq1-boundary-placement-final-v1--recommended--rq1_failure_timing_sensitivity--fc0476610b6850be.json,f7d2af0c6b209b2ebf5518f263ecbf8ffa13b277206f70d7b342a5f524f058ed,098c66754bc59279edeae43fe8410ee66666522bfbcef3c25b1db89b730877c8,identity-bearing path/account metadata pseudonymized; measurements unchanged
outputs/sigmetrics/rq1_boundary_placement/recommended/rq1_failure_timing_sensitivity/processed/validation_report.json,abcc18b0e18280420feea31151c5810057fae5b49859b151a949d941c24a3523,7e0b52a0bfc688dea44a978e3b83b3febaa6db93e2a4842e20f9d106050ef9c2,identity-bearing path/account metadata pseudonymized; measurements unchanged
outputs/sigmetrics/rq2_overhead_scaling/recommended/rq2_full_scale/manifests/campaign.json,7795a5a6d0ae8323d64f7fcba5c66159b8e700ea0c7bd2abf1eb3837bc9da0ed,9d1d6e9a7889d69bb29fba241d1177d0861710d176796ba6248cab804fd8bbf0,identity-bearing path/account metadata pseudonymized; measurements unchanged
outputs/sigmetrics/rq2_overhead_scaling/recommended/rq2_full_scale/manifests/runs/sigmetrics-rq2-overhead-scaling-final-v1--recommended--rq2_full_scale--00f7367f9690b1ce.json,a8d06e00299eeae923a19744f42446e55bdf303c67b3ce6cff90f10b0c702e9a,298f9a31af7cbbbd00ad745262ab88ecfc501dad12171d0ee8f8b6b8245587fa,identity-bearing path/account metadata pseudonymized; measurements unchanged
outputs/sigmetrics/rq2_overhead_scaling/recommended/rq2_full_scale/manifests/runs/sigmetrics-rq2-overhead-scaling-final-v1--recommended--rq2_full_scale--01238719265d167d.json,ef97b3ac0ebc34ffeec144de1db11310950b32669b555dd32ab35fe66b112d72,5f7ffcc3edc40e224c4dc19d634274e8532814507031b1a7ad61f42ff3d98405,identity-bearing path/account metadata pseudonymized; measurements unchanged
outputs/sigmetrics/rq2_overhead_scaling/recommended/rq2_full_scale/manifests/runs/sigmetrics-rq2-overhead-scaling-final-v1--recommended--rq2_full_scale--013c1284856254b4.json,66dbf063d691f611e5782eeba42a91780aa69e5db508216d110bd88b5c05d04c,3b4d430347e6a665f702cc573e9e395d16dcc45dbe8ee134edb87703af98b45d,identity-bearing path/account metadata pseudonymized; measurements unchanged
outputs/sigmetrics/rq2_overhead_scaling/recommended/rq2_full_scale/manifests/runs/sigmetrics-rq2-overhead-scaling-final-v1--recommended--rq2_full_scale--01e6ed4594cd86d8.json,3fb44cb0f5bfcd043b04170ee8b3431d2247c4ba560f63caeaec55d26fcfdc4b,449efabd2e1d6d4fd22878020c7cad66eb188586b1a9140671859845eb18a5b0,identity-bearing path/account metadata pseudonymized; measurements unchanged
outputs/sigmetrics/rq2_overhead_scaling/recommended/rq2_full_scale/manifests/runs/sigmetrics-rq2-overhead-scaling-final-v1--recommended--rq2_full_scale--0220b5d8b99231ef.json,1d2458ac33e4d416418373aaf2ca28d1a8ae30b1813f4f859011a8758f280ec5,c44bd14f544119a364951b7388938580500b98f7668ecec91739e0edf2b79295,identity-bearing path/account metadata pseudonymized; measurements unchanged
outputs/sigmetrics/rq2_overhead_scaling/recommended/rq2_full_scale/manifests/runs/sigmetrics-rq2-overhead-scaling-final-v1--recommended--rq2_full_scale--02e9809490e563a4.json,9b069bd2365802c648d079dfbfc4aa34988ace79004566f66adb0dc8a9910237,4b8346d48bb73f3ed89b9f033dce4a6a8656a400a6b0c035d6c60f698124693a,identity-bearing path/account metadata pseudonymized; measurements unchanged
outputs/sigmetrics/rq2_overhead_scaling/recommended/rq2_full_scale/manifests/runs/sigmetrics-rq2-overhead-scaling-final-v1--recommended--rq2_full_scale--038b39b71b2ceb5a.json,bbecead1236ef82fe7c69cad4a5e319fd472f4370838e397fbf0e95781fb6f13,5b979baa554731d1ad55947052458360c3f89540a196e50f7b54e6933cc45dab,identity-bearing path/account metadata pseudonymized; measurements unchanged
outputs/sigmetrics/rq2_overhead_scaling/recommended/rq2_full_scale/manifests/runs/sigmetrics-rq2-overhead-scaling-final-v1--recommended--rq2_full_scale--03aa9866b988c6c1.json,72284c87d63f38322bf09b9d0cfd29562efc7d339e0fc46b636f74805848d2fd,7bb79d5409136a318b76e8097596421c0ebdf32469e3854c695256ad7b789ad2,identity-bearing path/account metadata pseudonymized; measurements unchanged
outputs/sigmetrics/rq2_overhead_scaling/recommended/rq2_full_scale/manifests/runs/sigmetrics-rq2-overhead-scaling-final-v1--recommended--rq2_full_scale--03efe2fd058ea689.json,963bc318ae74c23f546fccb742aab9f5baa019f4b13ad18906824c41a2153049,224b66c867eafdbb76b65d85b7984f45192fc96ff4937b62381ea9923edbb442,identity-bearing path/account metadata pseudonymized; measurements unchanged
outputs/sigmetrics/rq2_overhead_scaling/recommended/rq2_full_scale/manifests/runs/sigmetrics-rq2-overhead-scaling-final-v1--recommended--rq2_full_scale--05664ef54e12d750.json,851fd008745b7645bcb969651b7140653cd5c3a224d89506be55216d1fc394ed,34021c792dba39b50754029d0dc4ba9c9c6b745a4accf7d8f0d13ebc12a5c17c,identity-bearing path/account metadata pseudonymized; measurements unchanged
outputs/sigmetrics/rq2_overhead_scaling/recommended/rq2_full_scale/manifests/runs/sigmetrics-rq2-overhead-scaling-final-v1--recommended--rq2_full_scale--058ef389176ed4a1.json,9d81f605d4b542042d057f9688cbeaae694e3e3669e43d662a3c0986dad0c656,a98d73da2300faeaaa49581cea6516c7acd8d503edaeb0a2b52471ba8a3e69fd,identity-bearing path/account metadata pseudonymized; measurements unchanged
outputs/sigmetrics/rq2_overhead_scaling/recommended/rq2_full_scale/manifests/runs/sigmetrics-rq2-overhead-scaling-final-v1--recommended--rq2_full_scale--0623e021b02ebb01.json,59b56c516c7d881e2db662f0675f9cca8bb1938e53f9b2751c30eddf6c350591,712630130bf1db3ed7c5e9648c2144bc7a44624e6d542f2441c7dcca6829e4bd,identity-bearing path/account metadata pseudonymized; measurements unchanged
outputs/sigmetrics/rq2_overhead_scaling/recommended/rq2_full_scale/manifests/runs/sigmetrics-rq2-overhead-scaling-final-v1--recommended--rq2_full_scale--06767c295934e319.json,4df973a0c851b64fb2e9a5ad102244a26d67a1f9339a5bf2fa7632ee3282eb44,43e4a3d16967d69736a7a30b07fde492d67669afacc86d994894ee5e45d17807,identity-bearing path/account metadata pseudonymized; measurements unchanged
outputs/sigmetrics/rq2_overhead_scaling/recommended/rq2_full_scale/manifests/runs/sigmetrics-rq2-overhead-scaling-final-v1--recommended--rq2_full_scale--077e8f16c075b4ba.json,6800207932439742ebc3629f9387579249bb5521da4c7fbf365adb0939cd15da,b9c6241238156ada902d8f653ae2d314fc58f962b64567674e96605f4516eecc,identity-bearing path/account metadata pseudonymized; measurements unchanged
outputs/sigmetrics/rq2_overhead_scaling/recommended/rq2_full_scale/manifests/runs/sigmetrics-rq2-overhead-scaling-final-v1--recommended--rq2_full_scale--0889a1a4dd6a2e95.json,519c947ac5d8fc8af0e53ecad22aafac9c172649603503c0af8758e2de609382,2f4bca38239430098906e11365bc782975e69263214d6b76a3a509fb7574add3,identity-bearing path/account metadata pseudonymized; measurements unchanged
outputs/sigmetrics/rq2_overhead_scaling/recommended/rq2_full_scale/manifests/runs/sigmetrics-rq2-overhead-scaling-final-v1--recommended--rq2_full_scale--09086c0b06eec6e1.json,e61b1e8d23fc2db8ca1141cd59af6e910194a36c655322bcb144e0312837bbf8,62ddcf662085e20aa14930476e3fc456ccdd416c7b1454823b22c160fa760fd3,identity-bearing path/account metadata pseudonymized; measurements unchanged
outputs/sigmetrics/rq2_overhead_scaling/recommended/rq2_full_scale/manifests/runs/sigmetrics-rq2-overhead-scaling-final-v1--recommended--rq2_full_scale--09b2445c76daf6a5.json,6fa67baf577f4fdcb8cd58be21b202ab7d30d7842bae215d69fb952017e4a857,90475152ea1a51fa88c26ce1c50cf0fe8269e48b77d2c068406d8467525d6c06,identity-bearing path/account metadata pseudonymized; measurements unchanged
outputs/sigmetrics/rq2_overhead_scaling/recommended/rq2_full_scale/manifests/runs/sigmetrics-rq2-overhead-scaling-final-v1--recommended--rq2_full_scale--09fda4ef1040f734.json,ada1d3d2ff8e1e6d5391113c36eb7aacb7fed687bef62022ac64e70e9978ad1e,58703c31d5f88026c65f086bcc80aa1fff9d2b031fd6bf97022f1860a7730016,identity-bearing path/account metadata pseudonymized; measurements unchanged
outputs/sigmetrics/rq2_overhead_scaling/recommended/rq2_full_scale/manifests/runs/sigmetrics-rq2-overhead-scaling-final-v1--recommended--rq2_full_scale--0a0b8369c8cbf502.json,34d73c0fb17e102e00294e7df6a82662abd6f17e888662f0915886b1cad8c604,01fab0f3d5ff5ea2625c0eb43e2607338251f9b6d9474592e8c12a63eedc6628,identity-bearing path/account metadata pseudonymized; measurements unchanged
outputs/sigmetrics/rq2_overhead_scaling/recommended/rq2_full_scale/manifests/runs/sigmetrics-rq2-overhead-scaling-final-v1--recommended--rq2_full_scale--0a1e126abdd53443.json,501feb815c00cfd5039f7e6cc231e71953468a86bbcdd53e48992622a96599fb,7546dcf8d82c6d4acf318c9a900e9dd10a107b323b816d5f8e89e1dc5648f310,identity-bearing path/account metadata pseudonymized; measurements unchanged
outputs/sigmetrics/rq2_overhead_scaling/recommended/rq2_full_scale/manifests/runs/sigmetrics-rq2-overhead-scaling-final-v1--recommended--rq2_full_scale--0ab4ea22d3129fd6.json,9c7531ba37780a5024ea6f5ee3ab155a2d6d9e51ef51879be7bb034ecfb8f4b3,2e6f3ec2157de89b04b71b8fc6ebfb75ead8b601762487c0fb1c3b4baa96951f,identity-bearing path/account metadata pseudonymized; measurements unchanged
outputs/sigmetrics/rq2_overhead_scaling/recommended/rq2_full_scale/manifests/runs/sigmetrics-rq2-overhead-scaling-final-v1--recommended--rq2_full_scale--0b38acbe3cd5d4fc.json,00bbf0a903caba340de22be1dd68c3c3fb6ed8388f46df5425b37823b091d29d,ebdd41b87f6b4a1834d7b20e67022e8b0cacdab0184ff448590b8af982e50549,identity-bearing path/account metadata pseudonymized; measurements unchanged
outputs/sigmetrics/rq2_overhead_scaling/recommended/rq2_full_scale/manifests/runs/sigmetrics-rq2-overhead-scaling-final-v1--recommended--rq2_full_scale--0bfae5298b0c3e2b.json,37a67331a171c99f4e38c42253f804f14151cf65511229c5763490ab57693b0c,0833395772f00a09a9ded76adffaa0f9d988f27b1d0f1c70b65fca26e3f8b9d1,identity-bearing path/account metadata pseudonymized; measurements unchanged
outputs/sigmetrics/rq2_overhead_scaling/recommended/rq2_full_scale/manifests/runs/sigmetrics-rq2-overhead-scaling-final-v1--recommended--rq2_full_scale--0bff2a1cb3c5e5cb.json,c0b643c33ff0af73b19f43b0e7461f31cf31a422484b61b4ebffaf9bf4c8dab0,e9eab4b3fc040305b12749a064b17a9ee17edc52a32150003fe55686508eed31,identity-bearing path/account metadata pseudonymized; measurements unchanged
outputs/sigmetrics/rq2_overhead_scaling/recommended/rq2_full_scale/manifests/runs/sigmetrics-rq2-overhead-scaling-final-v1--recommended--rq2_full_scale--0c2d2b1cfdfac113.json,cf18251b189d6e055cf7c22ddb2b43036756ecec0b2967f5a095e00b100a6d26,56f9368373a52e9a1740154d5105745aaed65b23e77c347de7a23deb7c182392,identity-bearing path/account metadata pseudonymized; measurements unchanged
outputs/sigmetrics/rq2_overhead_scaling/recommended/rq2_full_scale/manifests/runs/sigmetrics-rq2-overhead-scaling-final-v1--recommended--rq2_full_scale--0ce963e90c08a878.json,17dceda44081657ed29a5acee3234fe077ed11d7288b59db5735b9749bbec1d5,d03f00e05dc1087fa4f4793c90add55d5f6905909eae72d967b45daaa70ef613,identity-bearing path/account metadata pseudonymized; measurements unchanged
outputs/sigmetrics/rq2_overhead_scaling/recommended/rq2_full_scale/manifests/runs/sigmetrics-rq2-overhead-scaling-final-v1--recommended--rq2_full_scale--0d0fabaa5649fb9a.json,013cccb3d7da703a767f970f66db7bc5ad41e78e05269211c7f915f70c3c053e,9e360a956ce5b92398f1a20c7035391a6dc5bb5d4b95674dc8914c7d40c38b1b,identity-bearing path/account metadata pseudonymized; measurements unchanged
outputs/sigmetrics/rq2_overhead_scaling/recommended/rq2_full_scale/manifests/runs/sigmetrics-rq2-overhead-scaling-final-v1--recommended--rq2_full_scale--0e15a91cb3ce1c6d.json,e515bc9ac04164d501eed0c598cb15f5297302fae80b5abf17b703dba0b9481d,a006b6acec2053b9dc313c533a073f1a2bf841c1c664956462e11bd17e0bc4ff,identity-bearing path/account metadata pseudonymized; measurements unchanged
outputs/sigmetrics/rq2_overhead_scaling/recommended/rq2_full_scale/manifests/runs/sigmetrics-rq2-overhead-scaling-final-v1--recommended--rq2_full_scale--0e31dcc54557ccd5.json,a327d04b08f5c779efaa4bd5e0220dac319a25adc1969fc3a93043e66ac7f214,72705655d2ed66a81acff54745f6c9d8c2d6a8bfcf6c8b2926cc8c5a3c4569c0,identity-bearing path/account metadata pseudonymized; measurements unchanged
outputs/sigmetrics/rq2_overhead_scaling/recommended/rq2_full_scale/manifests/runs/sigmetrics-rq2-overhead-scaling-final-v1--recommended--rq2_full_scale--0ebff90954a1cdfd.json,cfcb02c5df83142149d7d571994b8a6b6c44a25071b0757f419235585339cd75,2d6814361823ded9a2c0c0b76bb76630abd134733452a78eea0797740727c53d,identity-bearing path/account metadata pseudonymized; measurements unchanged
outputs/sigmetrics/rq2_overhead_scaling/recommended/rq2_full_scale/manifests/runs/sigmetrics-rq2-overhead-scaling-final-v1--recommended--rq2_full_scale--0f760efa2d01d177.json,12a514c029668ff03553c23fe2cc79f58691df33ea239541528e9880774a261d,d28abf5646bada36c74597a1e8a77504543fcdcf8c8a36f70262d18a5481408a,identity-bearing path/account metadata pseudonymized; measurements unchanged
outputs/sigmetrics/rq2_overhead_scaling/recommended/rq2_full_scale/manifests/runs/sigmetrics-rq2-overhead-scaling-final-v1--recommended--rq2_full_scale--0f93a72d944ed9c4.json,f813ade5fedd49805a93628168e58c0ff7dc8af56a93fd2804adf50286752832,d971b8c6ca57fb59b565e6cb9c74e647c4d6ee1492f6b7f06652e98f444ecb97,identity-bearing path/account metadata pseudonymized; measurements unchanged
outputs/sigmetrics/rq2_overhead_scaling/recommended/rq2_full_scale/manifests/runs/sigmetrics-rq2-overhead-scaling-final-v1--recommended--rq2_full_scale--0fd237bbbb9d6fea.json,9777b6135edcb67898d77dfa025a4d09ad01a9923503264b2766247bb2438e51,7b6382eef3c6bd6b79ac5f3723553a9d393d99092bab185e95b5b17ecb8fe93a,identity-bearing path/account metadata pseudonymized; measurements unchanged
outputs/sigmetrics/rq2_overhead_scaling/recommended/rq2_full_scale/manifests/runs/sigmetrics-rq2-overhead-scaling-final-v1--recommended--rq2_full_scale--10401600467735ba.json,fa898d6b4126c60421e46970d3ea3a7dec80d7e4d782bbee8f598a3f4db7fd2a,09a68c94c155f13db17197f59245145085a603dbf0cb3a11eddd0af6709373d6,identity-bearing path/account metadata pseudonymized; measurements unchanged
outputs/sigmetrics/rq2_overhead_scaling/recommended/rq2_full_scale/manifests/runs/sigmetrics-rq2-overhead-scaling-final-v1--recommended--rq2_full_scale--10797a7a529428f2.json,bdca599b8aa7db639992a4a03cb24d1c08b166da9952a66066fd122723201117,870c5c48cfbc567687c99f6638c4c140ca747bebb6599cc35a926c5c39d4a3e4,identity-bearing path/account metadata pseudonymized; measurements unchanged
outputs/sigmetrics/rq2_overhead_scaling/recommended/rq2_full_scale/manifests/runs/sigmetrics-rq2-overhead-scaling-final-v1--recommended--rq2_full_scale--12281e4407021fe5.json,68ae8e72adda58642f013b11545cff86b27fe90a469a17720e0f6ea599697858,ec34a8f7f67640cc942d631091d52566d381f1a0f70b279f6d8f6a3030247d1d,identity-bearing path/account metadata pseudonymized; measurements unchanged
outputs/sigmetrics/rq2_overhead_scaling/recommended/rq2_full_scale/manifests/runs/sigmetrics-rq2-overhead-scaling-final-v1--recommended--rq2_full_scale--12a1db000e9427e3.json,22ff0ab3c46cc7019e460ea0d0d1be973b62dad5c3d74b95b5cbe096e560ef47,623350dc393d6dfbd0a3cfccea88929e55d94fdbfa10695decfe1bb2426ed9a8,identity-bearing path/account metadata pseudonymized; measurements unchanged
outputs/sigmetrics/rq2_overhead_scaling/recommended/rq2_full_scale/manifests/runs/sigmetrics-rq2-overhead-scaling-final-v1--recommended--rq2_full_scale--13c8dbb65af11e08.json,7114ba98a9e7b2542625025d555cce471c47339fbb2e99f4dce9f8a217579b4c,0fa20c56f5fab5ccbaaee5dfe0c903708efd5c983c3af09a0ec82e4d1a03f8d8,identity-bearing path/account metadata pseudonymized; measurements unchanged
outputs/sigmetrics/rq2_overhead_scaling/recommended/rq2_full_scale/manifests/runs/sigmetrics-rq2-overhead-scaling-final-v1--recommended--rq2_full_scale--13ec8aa505cf4697.json,8153071b5295486313b71a8f4988ee88346ab4acaa5e93230beed9330726b69c,facb307c95db62d8bf6301c6d1720536644b2a695969cab3a50ad91acaaa44f3,identity-bearing path/account metadata pseudonymized; measurements unchanged
outputs/sigmetrics/rq2_overhead_scaling/recommended/rq2_full_scale/manifests/runs/sigmetrics-rq2-overhead-scaling-final-v1--recommended--rq2_full_scale--164aaee02e087c16.json,58edb7943868497da870d957d0cf37cc63061d300a5a5a276f2e29ed44377f8c,e8ea65ac46471aa83bd083e4aaa63b44473f0f58d035ab94cc931ca195aa3e8a,identity-bearing path/account metadata pseudonymized; measurements unchanged
outputs/sigmetrics/rq2_overhead_scaling/recommended/rq2_full_scale/manifests/runs/sigmetrics-rq2-overhead-scaling-final-v1--recommended--rq2_full_scale--168adb7091f9b1b4.json,3868a17c330a197ca67e61caa647fe4b6e5f89ba45191b9e5c012ac174625dec,367a7791595ff22937d7001977c659dc1c59c5c35c843506a3c4488773227e2d,identity-bearing path/account metadata pseudonymized; measurements unchanged
outputs/sigmetrics/rq2_overhead_scaling/recommended/rq2_full_scale/manifests/runs/sigmetrics-rq2-overhead-scaling-final-v1--recommended--rq2_full_scale--16cc8d86956490ac.json,ea5c44ef5225ee602a812aa908b29fae0d52dbf3decb29b66a0874102c57d9e3,5ee5cafac75b38e5a46f1979b5e0db24d7b0783e16a36839f8d29fa6e13d24ce,identity-bearing path/account metadata pseudonymized; measurements unchanged
outputs/sigmetrics/rq2_overhead_scaling/recommended/rq2_full_scale/manifests/runs/sigmetrics-rq2-overhead-scaling-final-v1--recommended--rq2_full_scale--177344425a0d875d.json,06f0762ff2c20f211fcd7cf5a23ea2901919d11b5806eb233031a5a617b01d33,dc4f7171edbec779bf85507bb69e9f8d44f9d09b64197a1cc6e6f02f4f03c635,identity-bearing path/account metadata pseudonymized; measurements unchanged
outputs/sigmetrics/rq2_overhead_scaling/recommended/rq2_full_scale/manifests/runs/sigmetrics-rq2-overhead-scaling-final-v1--recommended--rq2_full_scale--17a64c81dbc57bf5.json,d665c9dc9bd2dba50d767b028a16f7cab6524b98a1fa7383c7d6f2ca838f5fd8,1096dce1ee2668862da0d919826b6d0ce8839d49b4b2c765560f74d7a210eee6,identity-bearing path/account metadata pseudonymized; measurements unchanged
outputs/sigmetrics/rq2_overhead_scaling/recommended/rq2_full_scale/manifests/runs/sigmetrics-rq2-overhead-scaling-final-v1--recommended--rq2_full_scale--180ac648bd2a394e.json,cd8d5269e54876458e2451bebd81f690ec3e14e2434d8f41123aa723938e1315,b17c147fe4909520c266911119393d30d9e0bdcdb735b66833caac8cfa8cf380,identity-bearing path/account metadata pseudonymized; measurements unchanged
outputs/sigmetrics/rq2_overhead_scaling/recommended/rq2_full_scale/manifests/runs/sigmetrics-rq2-overhead-scaling-final-v1--recommended--rq2_full_scale--180e8ef2b21c1b5c.json,53335e57176f1c2b8ab118a8b1480b9b2de5b056329f3ae6f6ca525dd15ad879,15a2b3e6c2a364355a5caad119bb8fa43200cbee36c02c142740702610ac93e7,identity-bearing path/account metadata pseudonymized; measurements unchanged
outputs/sigmetrics/rq2_overhead_scaling/recommended/rq2_full_scale/manifests/runs/sigmetrics-rq2-overhead-scaling-final-v1--recommended--rq2_full_scale--1853f940c39bcc32.json,8c770b2f858ebdab67afe1da45446aafd8acda239250ac25c908d59e468e728e,a423b56fe5648b038d55dee870d969991fbb525472ba43be93231ea79700200f,identity-bearing path/account metadata pseudonymized; measurements unchanged
outputs/sigmetrics/rq2_overhead_scaling/recommended/rq2_full_scale/manifests/runs/sigmetrics-rq2-overhead-scaling-final-v1--recommended--rq2_full_scale--189e91a5ec31c438.json,b0b07bf51a5d4e6746c06fdea6006c36a84b737966529100762e9cdd20e455aa,2e84a02487f8188854c42665b564e322386ed676c06d6b9e3a1ecefb8f0dabe6,identity-bearing path/account metadata pseudonymized; measurements unchanged
outputs/sigmetrics/rq2_overhead_scaling/recommended/rq2_full_scale/manifests/runs/sigmetrics-rq2-overhead-scaling-final-v1--recommended--rq2_full_scale--19d4c11b72351627.json,6251d9275297fba95e1bbacb323668dfde1585178f770445d8b59da016166efb,bacb475fed463d20ca2392a9ccdc909fd9edda198581b47b96a6255a6b774c48,identity-bearing path/account metadata pseudonymized; measurements unchanged
outputs/sigmetrics/rq2_overhead_scaling/recommended/rq2_full_scale/manifests/runs/sigmetrics-rq2-overhead-scaling-final-v1--recommended--rq2_full_scale--1a1f36ba3293c270.json,f0985267c5f947efd61506200bd6e72647e3d275c082c453664a9f0779e94694,a4a1f4270707cca290e78a0498c549a8dab9c8b4f7fabe3325345b53590f2814,identity-bearing path/account metadata pseudonymized; measurements unchanged
outputs/sigmetrics/rq2_overhead_scaling/recommended/rq2_full_scale/manifests/runs/sigmetrics-rq2-overhead-scaling-final-v1--recommended--rq2_full_scale--1ac03d41177481aa.json,2aefff36056ca33a3dd6ed9dc32361893a8144de3cfda177c0f06da282373e94,3be89cc527e73ce09b2eff1fe25c81299e2b879f66728a96c9577bdd2a151d39,identity-bearing path/account metadata pseudonymized; measurements unchanged
outputs/sigmetrics/rq2_overhead_scaling/recommended/rq2_full_scale/manifests/runs/sigmetrics-rq2-overhead-scaling-final-v1--recommended--rq2_full_scale--1b934d044cbc1b3c.json,b90b5527b6789b337a2c479bcd101cbdc8c57b2a5d9cfeeafde642026727f62b,7b62c863887734b8bc63e577f71832547fe4bda406b711f0bfe70cfba3e9a1a1,identity-bearing path/account metadata pseudonymized; measurements unchanged
outputs/sigmetrics/rq2_overhead_scaling/recommended/rq2_full_scale/manifests/runs/sigmetrics-rq2-overhead-scaling-final-v1--recommended--rq2_full_scale--1bddea45580e1cab.json,f304f8def12647afd2c407ce351f6e7e6ce820100e521e0f2367541399cb81d4,b64990ed0e56a8d026f7a69716c550865034a441eab0be767061780c121ad17e,identity-bearing path/account metadata pseudonymized; measurements unchanged
outputs/sigmetrics/rq2_overhead_scaling/recommended/rq2_full_scale/manifests/runs/sigmetrics-rq2-overhead-scaling-final-v1--recommended--rq2_full_scale--1d190a856f0fa990.json,9d243366f2bd4603ed1837342f683d427af36bbef8bf88ba617438ec642f75f1,d40ba89d25ae321af8cb34bca99341f00536e5fd19750fcdcccf98ee23d1f21f,identity-bearing path/account metadata pseudonymized; measurements unchanged
outputs/sigmetrics/rq2_overhead_scaling/recommended/rq2_full_scale/manifests/runs/sigmetrics-rq2-overhead-scaling-final-v1--recommended--rq2_full_scale--1d8e94aa40e4110b.json,f2fd43fd493d2e421b0e8df83fb188b32ed49dc8ee8ecb09ca036d9d327ebba2,515c8df17059bffc8151a94a21ff3b91ffbf916e506b0aa276113017e4b0602c,identity-bearing path/account metadata pseudonymized; measurements unchanged
outputs/sigmetrics/rq2_overhead_scaling/recommended/rq2_full_scale/manifests/runs/sigmetrics-rq2-overhead-scaling-final-v1--recommended--rq2_full_scale--1d99cc7ea056f20d.json,ef273707266cbf835136a589991af767a9a8534d811fbc2a462b3a86e6aecee7,5e4543d7e0da6f10e0a0c55ddbe5126a372ad68f3aa23f2561b378eb61615022,identity-bearing path/account metadata pseudonymized; measurements unchanged
outputs/sigmetrics/rq2_overhead_scaling/recommended/rq2_full_scale/manifests/runs/sigmetrics-rq2-overhead-scaling-final-v1--recommended--rq2_full_scale--1daacd867b08633d.json,8e3eb09b508491b3980b3a6744f44cd329e3c0e6d6d2d109fc52ffa4d09fb224,8493f467ca97c841b822a488f9c36eb3b2285277e4333df3cf88394360607ff9,identity-bearing path/account metadata pseudonymized; measurements unchanged
outputs/sigmetrics/rq2_overhead_scaling/recommended/rq2_full_scale/manifests/runs/sigmetrics-rq2-overhead-scaling-final-v1--recommended--rq2_full_scale--1ed8e9fbd8b2ad95.json,2c323ba91878f2ff75d4d47be3a34c8321c870b8d91fe2cfffa20a3284d2b6a6,3aab0904c617def56541213138c07b7639f47077889afbd6114e8cade492ed8f,identity-bearing path/account metadata pseudonymized; measurements unchanged
outputs/sigmetrics/rq2_overhead_scaling/recommended/rq2_full_scale/manifests/runs/sigmetrics-rq2-overhead-scaling-final-v1--recommended--rq2_full_scale--1f0d7c5c4c086a1a.json,e96eb1476a35bd905fcd46499e5c389872c9d15745b451e14ee355dfa3d769a2,45f3bf0e7687428a1852099905cb374efdd0c226d8a4d0b952fc57f8a6cc22b6,identity-bearing path/account metadata pseudonymized; measurements unchanged
outputs/sigmetrics/rq2_overhead_scaling/recommended/rq2_full_scale/manifests/runs/sigmetrics-rq2-overhead-scaling-final-v1--recommended--rq2_full_scale--1f88aee1c9a78981.json,d5bcfeda2f37ef29b48b4a6c2acd885a07f33bf42b1ac92d61e4ab186dcdc18f,ecaebb2a68691209435e1e6e15dbd292456d0dcf90ed235210238964c3b46c9e,identity-bearing path/account metadata pseudonymized; measurements unchanged
outputs/sigmetrics/rq2_overhead_scaling/recommended/rq2_full_scale/manifests/runs/sigmetrics-rq2-overhead-scaling-final-v1--recommended--rq2_full_scale--1fcec6b5feb2f487.json,8733662c3f6e973990ad2ff3223b52ef50c4524f4c9b753269561e9b5b691c31,e7ac28964c8d6bb5c1e87e60c7ac0e436e0573754f92e7731acb9d7a793b7db2,identity-bearing path/account metadata pseudonymized; measurements unchanged
outputs/sigmetrics/rq2_overhead_scaling/recommended/rq2_full_scale/manifests/runs/sigmetrics-rq2-overhead-scaling-final-v1--recommended--rq2_full_scale--213c8cd7a96d70fd.json,58b82877b7b4b23e9a8b7e19490cd52fba72a47cf47ae0827019ca9a40adb92e,b2574c61e4200cf0586f414d0dbe91fdfabb49e4a005f8239cf246bce2f34799,identity-bearing path/account metadata pseudonymized; measurements unchanged
outputs/sigmetrics/rq2_overhead_scaling/recommended/rq2_full_scale/manifests/runs/sigmetrics-rq2-overhead-scaling-final-v1--recommended--rq2_full_scale--21b265f7095063ee.json,5fa7f0e21cd59ac730cb206cabeb6df86ace62f70f6c12472f854093f4a6f0a5,aa947ae8e51e1e69307ecc9fa7e0d5a7d1a6431ce9b1eb74b65285c8af941c3f,identity-bearing path/account metadata pseudonymized; measurements unchanged
outputs/sigmetrics/rq2_overhead_scaling/recommended/rq2_full_scale/manifests/runs/sigmetrics-rq2-overhead-scaling-final-v1--recommended--rq2_full_scale--21be5b12de02a204.json,34a63879c01d9419a5346c99dd0ada82a7550cc602593f9cf2fdd5466fb3789e,2fca363be90c475a1d73f8efa2d6c3e7d32e820cf6b444a784e25e6f13943c9f,identity-bearing path/account metadata pseudonymized; measurements unchanged
outputs/sigmetrics/rq2_overhead_scaling/recommended/rq2_full_scale/manifests/runs/sigmetrics-rq2-overhead-scaling-final-v1--recommended--rq2_full_scale--224bf2861db1348d.json,fb1b3366f7592ca411ce52f4f05e3ab7c3205863a70ef20a6a9942b2ac36a618,8f6c4399df1b8ffb957523849686ce897fc82b02f040ad5b14fbc6330dad4b6c,identity-bearing path/account metadata pseudonymized; measurements unchanged
outputs/sigmetrics/rq2_overhead_scaling/recommended/rq2_full_scale/manifests/runs/sigmetrics-rq2-overhead-scaling-final-v1--recommended--rq2_full_scale--2292c454c688e70d.json,77267cca0605b3de2b1b4f551b7a2e840d61d270f65217bd56428a7137dd6371,051ebce3e0156d8dd9e229000903ca5c7a5a5b37fc3812a3351b13af6c884e7b,identity-bearing path/account metadata pseudonymized; measurements unchanged
outputs/sigmetrics/rq2_overhead_scaling/recommended/rq2_full_scale/manifests/runs/sigmetrics-rq2-overhead-scaling-final-v1--recommended--rq2_full_scale--22c97ff21f6800c2.json,89bd78e7849227012e69e1747d95dcc48aed375887b8cc3f7b87316141e3c336,6a1db7f5da79c3fffdce71a928848adc8f048ab84b18507fc445af56bc9dd645,identity-bearing path/account metadata pseudonymized; measurements unchanged
outputs/sigmetrics/rq2_overhead_scaling/recommended/rq2_full_scale/manifests/runs/sigmetrics-rq2-overhead-scaling-final-v1--recommended--rq2_full_scale--240eb2d6c5da79c8.json,6bdaa1f391ba3f53c8fa23fc63060cde6a896dd51c6e8876d59a1666dcea9811,0b3ee65c9603877863a857c637bb1478e62e25a1bf16b46b98eefb492e1e6d7a,identity-bearing path/account metadata pseudonymized; measurements unchanged
outputs/sigmetrics/rq2_overhead_scaling/recommended/rq2_full_scale/manifests/runs/sigmetrics-rq2-overhead-scaling-final-v1--recommended--rq2_full_scale--24d82a42fa48abbf.json,632fccb7eecb4eca6d19e7cd9e6730858e34ce72251de847d4d72d8cf12a4563,cf204c415f2fe8e0b1728b05b44241ba7d14544f4dd2a71f83b3046183b56050,identity-bearing path/account metadata pseudonymized; measurements unchanged
outputs/sigmetrics/rq2_overhead_scaling/recommended/rq2_full_scale/manifests/runs/sigmetrics-rq2-overhead-scaling-final-v1--recommended--rq2_full_scale--25d02f9348c14799.json,188fff3ee666a5c21aa2e300a6abfa5b16f7ac4521ec7fcf39f33cc20d667f38,2d8accea09ed8210c6c8a9dd997bee8119871a593c72e7ab4be89e3fedeab9c5,identity-bearing path/account metadata pseudonymized; measurements unchanged
outputs/sigmetrics/rq2_overhead_scaling/recommended/rq2_full_scale/manifests/runs/sigmetrics-rq2-overhead-scaling-final-v1--recommended--rq2_full_scale--25e16b5f46515592.json,eca979a3c49ee14a4f0e6bfee181069519db0b67949a3086667eab5627f1b77c,f3f62393afe7f1ef899c04448443ee32f408147867d2c1f2694cc15fce032fa2,identity-bearing path/account metadata pseudonymized; measurements unchanged
outputs/sigmetrics/rq2_overhead_scaling/recommended/rq2_full_scale/manifests/runs/sigmetrics-rq2-overhead-scaling-final-v1--recommended--rq2_full_scale--26284cb4ab137ee7.json,2c47f0033e99e553d8c638bd3ac183d0d909553eb99badf2c27a08b419055af8,3c29cbd43942355915d9fd1dbab20d20048c913bee516dbf9198a5ce1ca2800d,identity-bearing path/account metadata pseudonymized; measurements unchanged
outputs/sigmetrics/rq2_overhead_scaling/recommended/rq2_full_scale/manifests/runs/sigmetrics-rq2-overhead-scaling-final-v1--recommended--rq2_full_scale--2691d9f91af76932.json,fa3226ecfda4e11209c857e298255198e5c2ab90ab442f2828f2ee6f61371f25,7b0b650a044f4ad7f1408834ae52b23355f83ccce081bf56d1dbe8671bf7cded,identity-bearing path/account metadata pseudonymized; measurements unchanged
outputs/sigmetrics/rq2_overhead_scaling/recommended/rq2_full_scale/manifests/runs/sigmetrics-rq2-overhead-scaling-final-v1--recommended--rq2_full_scale--271c1c88c85c7dd7.json,f9a4d87c8d9a40ef3637d8421ef88da316c3cbaa761c2c7a2d0176ca0d604807,07ab1f4b37520a7cb9da4894177fdcdc8df715b659db3339a4790930053f1359,identity-bearing path/account metadata pseudonymized; measurements unchanged
outputs/sigmetrics/rq2_overhead_scaling/recommended/rq2_full_scale/manifests/runs/sigmetrics-rq2-overhead-scaling-final-v1--recommended--rq2_full_scale--279821d176f72e3f.json,4be3136e76433aaac3d0ae628bf99871124079e05228791ff69c3bbbae883401,a54194b6c57a0af35749ddf61f3f12f7cf59298d7d23e8d570a724987de8bafd,identity-bearing path/account metadata pseudonymized; measurements unchanged
outputs/sigmetrics/rq2_overhead_scaling/recommended/rq2_full_scale/manifests/runs/sigmetrics-rq2-overhead-scaling-final-v1--recommended--rq2_full_scale--288d94e7122934ae.json,758470a8f3c9770ee183244ae2f24bd7ad055edb28f11a2e5197289affa6ed4c,f892e33d28866551631e7194b72a99ffd312a2e9c4d174a2e88b8a3bdec0b6e2,identity-bearing path/account metadata pseudonymized; measurements unchanged
outputs/sigmetrics/rq2_overhead_scaling/recommended/rq2_full_scale/manifests/runs/sigmetrics-rq2-overhead-scaling-final-v1--recommended--rq2_full_scale--292c67faffb5288a.json,529ad2fcb1b1363bf9d59e85401825deeafb6e0080f598f99daa33a76bfc00d4,44ab5e929b565cea7e08d6432b4fe73a902e901b862fca07514b86693550a951,identity-bearing path/account metadata pseudonymized; measurements unchanged
outputs/sigmetrics/rq2_overhead_scaling/recommended/rq2_full_scale/manifests/runs/sigmetrics-rq2-overhead-scaling-final-v1--recommended--rq2_full_scale--29770362cd8d3ae1.json,70051fef6029d50a79265400304fc61e227fe43c4b8ba0847da87219b3b3bb85,164f2041fc5548ff951f4a63099b8a353d7764dcd2b8f6710addcaa5e5a91b1f,identity-bearing path/account metadata pseudonymized; measurements unchanged
outputs/sigmetrics/rq2_overhead_scaling/recommended/rq2_full_scale/manifests/runs/sigmetrics-rq2-overhead-scaling-final-v1--recommended--rq2_full_scale--29c0e9b70b3a51a4.json,0c9bb271d5640e6fe6f7dea71c2cea0385e962428154cb4235522a5ea218b1ef,1725c4df7449903ac711aafa0c6fc877b515f20fc2da436c4808a4ae4416e05b,identity-bearing path/account metadata pseudonymized; measurements unchanged
outputs/sigmetrics/rq2_overhead_scaling/recommended/rq2_full_scale/manifests/runs/sigmetrics-rq2-overhead-scaling-final-v1--recommended--rq2_full_scale--29d4fae1c0665dc9.json,0fbb093635d8b1526c9ab1672944991422cce8d1c42394e675db2c2786f3646e,8b9a98f1fa9c22066ffd520d86b270deae2cb19fc1695b77bafca52eb68871b7,identity-bearing path/account metadata pseudonymized; measurements unchanged
outputs/sigmetrics/rq2_overhead_scaling/recommended/rq2_full_scale/manifests/runs/sigmetrics-rq2-overhead-scaling-final-v1--recommended--rq2_full_scale--2a6892cfd57ba65c.json,bc0f6161abc9cc36aad03c10fbbc43d0c1d7b655a4c0c7dfd52e240aa2227380,b823a7684ae6dd2ea9e98a654c5bc1a3a5b00ba0378e4b03d46999fb10a0df15,identity-bearing path/account metadata pseudonymized; measurements unchanged
outputs/sigmetrics/rq2_overhead_scaling/recommended/rq2_full_scale/manifests/runs/sigmetrics-rq2-overhead-scaling-final-v1--recommended--rq2_full_scale--2a6f50e00b67256d.json,608bed4876bae0c333f6f71f3446c03ca8122eacec31a9c12ae3e5b008096744,67ca086e56f36f2f4bfd3e21b32106c40c0dba984d892435ba5527865b9bcb47,identity-bearing path/account metadata pseudonymized; measurements unchanged
outputs/sigmetrics/rq2_overhead_scaling/recommended/rq2_full_scale/manifests/runs/sigmetrics-rq2-overhead-scaling-final-v1--recommended--rq2_full_scale--2b2b040d77b06270.json,bf1fc8d6bc4a5f50e722e6767fbf286facb676d5ab256ee26bdc3b2514f879cd,90e13739555638e23a4ac77b0e3db5789f91677c482e62b3a04632b3b7319e66,identity-bearing path/account metadata pseudonymized; measurements unchanged
outputs/sigmetrics/rq2_overhead_scaling/recommended/rq2_full_scale/manifests/runs/sigmetrics-rq2-overhead-scaling-final-v1--recommended--rq2_full_scale--2b5fda2ddfd179f1.json,b778452c5dfbd66bf162ae0435b64cc868bf726e7ed9bec612dc9f6c28cc6fda,b5144f35b598a8e7d6c177ddacbf44f0c3c570fcd801a687c0178fdc3c29ef11,identity-bearing path/account metadata pseudonymized; measurements unchanged
outputs/sigmetrics/rq2_overhead_scaling/recommended/rq2_full_scale/manifests/runs/sigmetrics-rq2-overhead-scaling-final-v1--recommended--rq2_full_scale--2bebe711bbccf0b3.json,d9f34b491eb57ff6f6cea0d8021f01499a1d18338cd4718a9d0984040e6ff59a,5595cb4e3591b3d65ac6f3b46dc9452c2b88adf044990d8d25daa0c6c10831b6,identity-bearing path/account metadata pseudonymized; measurements unchanged
outputs/sigmetrics/rq2_overhead_scaling/recommended/rq2_full_scale/manifests/runs/sigmetrics-rq2-overhead-scaling-final-v1--recommended--rq2_full_scale--2c514bd7eb01311b.json,8dde7a49af8b50ed2fe7dba6e828b6b80af9c043749564e2ce66ea324ec94c93,a3a11bf4d6ef3a88bfa7942f454606ec777d578cd57b0959dd8a4b4dfdfe2e1b,identity-bearing path/account metadata pseudonymized; measurements unchanged
outputs/sigmetrics/rq2_overhead_scaling/recommended/rq2_full_scale/manifests/runs/sigmetrics-rq2-overhead-scaling-final-v1--recommended--rq2_full_scale--2d3fadae5147768b.json,1503d019c827255e0f7f4683db48c6ab78eff776b4ce22db0d14cddb455586da,da95006a290be9e1131dfdbbcabacfc218f2c73ffd819bc875808fe0c2510ac2,identity-bearing path/account metadata pseudonymized; measurements unchanged
outputs/sigmetrics/rq2_overhead_scaling/recommended/rq2_full_scale/manifests/runs/sigmetrics-rq2-overhead-scaling-final-v1--recommended--rq2_full_scale--2d455e845aaf4d71.json,c43d4c078e5aa6dc77f5e34989303c651f9c216caf0056190b78086de7470cf7,0a23f631422f50235e1e73cf7e4df5e937e4c17a09c0ad0dbb4613afa4b92d1f,identity-bearing path/account metadata pseudonymized; measurements unchanged
outputs/sigmetrics/rq2_overhead_scaling/recommended/rq2_full_scale/manifests/runs/sigmetrics-rq2-overhead-scaling-final-v1--recommended--rq2_full_scale--2ddcbea44d963523.json,4b63425a234e51b6837d79801c34253684e591bbe8986ac25dc96e2c67d56442,12eeabe567fb13326df3fed88c17c29d1b8e1a1329804b0060c63f2513f1838d,identity-bearing path/account metadata pseudonymized; measurements unchanged
outputs/sigmetrics/rq2_overhead_scaling/recommended/rq2_full_scale/manifests/runs/sigmetrics-rq2-overhead-scaling-final-v1--recommended--rq2_full_scale--2f0f09339c634737.json,04f37196587574f32f15bbff1e801e1cde0ef5670f11dfc3d00146f1c7f14880,a042f8de63c3bd5c155de6b0e3e8f327518b721ab0be9231a17349c18185d53a,identity-bearing path/account metadata pseudonymized; measurements unchanged
outputs/sigmetrics/rq2_overhead_scaling/recommended/rq2_full_scale/manifests/runs/sigmetrics-rq2-overhead-scaling-final-v1--recommended--rq2_full_scale--2f3b55ced4c959a4.json,7e4a7c7d4f329d61a8cbf6223bb3f445e88cb345d1e1e812288f285f64947bb9,ff60a704dd02363a75266400150d92f49447b8d0dfe9ed7d5056245202ab71d8,identity-bearing path/account metadata pseudonymized; measurements unchanged
outputs/sigmetrics/rq2_overhead_scaling/recommended/rq2_full_scale/manifests/runs/sigmetrics-rq2-overhead-scaling-final-v1--recommended--rq2_full_scale--2f42d612801e4f6e.json,272646e43fa982bf05cd4744b2f07fd003d854a1465c8821f9057b30515f9dc4,eac1c43f079029a6dfef042ed83ac45a7e249641cd61235a7a2c38550adb6693,identity-bearing path/account metadata pseudonymized; measurements unchanged
outputs/sigmetrics/rq2_overhead_scaling/recommended/rq2_full_scale/manifests/runs/sigmetrics-rq2-overhead-scaling-final-v1--recommended--rq2_full_scale--3007ef2bb62cc51b.json,1a535ecbfb14a6ae46b73a51bf6ab5090c54a17f3a4fa4616e9981e67015d812,f3d09c4cc13b4b87636c1f523b4c38b971ef90cff60dcade290ed7a6232955bc,identity-bearing path/account metadata pseudonymized; measurements unchanged
outputs/sigmetrics/rq2_overhead_scaling/recommended/rq2_full_scale/manifests/runs/sigmetrics-rq2-overhead-scaling-final-v1--recommended--rq2_full_scale--31da31505197e2fe.json,bcde0cc042f672995baeae2c4e03e4d8b720369ce44c327c9da8f0b089f316f8,e9dc2d525936ae6826eb41d53303ae4f6a73b18f752b50c46af16e8ad76efdef,identity-bearing path/account metadata pseudonymized; measurements unchanged
outputs/sigmetrics/rq2_overhead_scaling/recommended/rq2_full_scale/manifests/runs/sigmetrics-rq2-overhead-scaling-final-v1--recommended--rq2_full_scale--3216c5018ea2933e.json,bcb7bd9edb3321fb79066b1a2cceb7abe98e95344f0e8f82437248b272643cb0,2f656e5fb06fcad0abb88e40081fcd6ad80d3d215eaf02747f6cc281a316e559,identity-bearing path/account metadata pseudonymized; measurements unchanged
outputs/sigmetrics/rq2_overhead_scaling/recommended/rq2_full_scale/manifests/runs/sigmetrics-rq2-overhead-scaling-final-v1--recommended--rq2_full_scale--32bcd89026ba6aca.json,7b30315b7e7c02f5b9dbd4d77afb369aba7172a3d1582240c9e1f1172d67e5fb,8f413a10f8290ada490ab27538a25d6528d5413feef8ea2cce7a898d9aea0b80,identity-bearing path/account metadata pseudonymized; measurements unchanged
outputs/sigmetrics/rq2_overhead_scaling/recommended/rq2_full_scale/manifests/runs/sigmetrics-rq2-overhead-scaling-final-v1--recommended--rq2_full_scale--336e365c74c550ea.json,9c139b0a5a155b0dd8007db45488461c1ae8b59489ccfbf4ce13abcab7e38522,de30f97a0112762f03ef507489aecc6bb36dd91d03a9a858fa4b7579c45bdb32,identity-bearing path/account metadata pseudonymized; measurements unchanged
outputs/sigmetrics/rq2_overhead_scaling/recommended/rq2_full_scale/manifests/runs/sigmetrics-rq2-overhead-scaling-final-v1--recommended--rq2_full_scale--35066898a7361b84.json,bf844a3a054c8ff82989ebd608db3f098e8838601a19f7f312a6f83bcab03c2a,d5a64d445c684309bf96ff9a5bf9c3a7041f8ee294d0370bc53eb71b97fdb739,identity-bearing path/account metadata pseudonymized; measurements unchanged
outputs/sigmetrics/rq2_overhead_scaling/recommended/rq2_full_scale/manifests/runs/sigmetrics-rq2-overhead-scaling-final-v1--recommended--rq2_full_scale--3544f780dcb3628c.json,f3b5db976f4f1d7d8203acf230d72f11e1da39e5b8f27bb05927b2b39ee3f4d6,8752a959f755d02f901dbce7ca80adf6e56c9d6f4cffabf7d9b045887b530607,identity-bearing path/account metadata pseudonymized; measurements unchanged
outputs/sigmetrics/rq2_overhead_scaling/recommended/rq2_full_scale/manifests/runs/sigmetrics-rq2-overhead-scaling-final-v1--recommended--rq2_full_scale--35b734d3a8832df3.json,788843225697f3428e15530e59d092171e04d96c099f424c6c73a14bddd2e9bd,10246a5298b2a6efe91a2ce68589c6f9a5b95ce3787d343180d3baa2e32bebb5,identity-bearing path/account metadata pseudonymized; measurements unchanged
outputs/sigmetrics/rq2_overhead_scaling/recommended/rq2_full_scale/manifests/runs/sigmetrics-rq2-overhead-scaling-final-v1--recommended--rq2_full_scale--36e7590fd4e06990.json,2a112aeb5aebee9a95ab92af585c14b62f4ea5504c9834ffae3bcd09fee0823c,1a68a3da225668cbc3be041094cca374b978a84d874a4c57821412f284f8e353,identity-bearing path/account metadata pseudonymized; measurements unchanged
outputs/sigmetrics/rq2_overhead_scaling/recommended/rq2_full_scale/manifests/runs/sigmetrics-rq2-overhead-scaling-final-v1--recommended--rq2_full_scale--377479923f4a8d95.json,27647e886b3600123a002d90bf9aeade8d81a9e5bd47722aabe167f15525f66d,f881b1095d4364d031f0725c55e962173cc87a1fc5068249442e0b9f7956573d,identity-bearing path/account metadata pseudonymized; measurements unchanged
outputs/sigmetrics/rq2_overhead_scaling/recommended/rq2_full_scale/manifests/runs/sigmetrics-rq2-overhead-scaling-final-v1--recommended--rq2_full_scale--37d3276d353056cb.json,3602543a41d6e81fa7f8b82af5d4d923e9923f62eb02f3d9c3ba5070008901f7,de55fdc11ef2988a4f729edae9472e810341939650e1d9296387a4e25ab55f37,identity-bearing path/account metadata pseudonymized; measurements unchanged
outputs/sigmetrics/rq2_overhead_scaling/recommended/rq2_full_scale/manifests/runs/sigmetrics-rq2-overhead-scaling-final-v1--recommended--rq2_full_scale--383f15719e19c63b.json,c7370ed8fc3dbc06ba1f518e7531288f3eedaeaa700a02a5071f543ab64f8a16,ade3e50578b41b5f7a5d26559163738d9133815c27e890c25b02dd56b2f9fcb1,identity-bearing path/account metadata pseudonymized; measurements unchanged
outputs/sigmetrics/rq2_overhead_scaling/recommended/rq2_full_scale/manifests/runs/sigmetrics-rq2-overhead-scaling-final-v1--recommended--rq2_full_scale--386a344e63b532a7.json,519501bab008186aeb2dc422d7ea577a6d5398a19e15d9afd12bb2d825a28bd5,bd79da08b63c55e4708013a3c5170c1734d7c0a1ade68370d39376ceea0ae5bf,identity-bearing path/account metadata pseudonymized; measurements unchanged
outputs/sigmetrics/rq2_overhead_scaling/recommended/rq2_full_scale/manifests/runs/sigmetrics-rq2-overhead-scaling-final-v1--recommended--rq2_full_scale--396b51d56e2c7cc3.json,6adb0b8470a36d37f5b3594160fc1dcea7a12c06161a0db8abb9686271bd879b,a86fbfad5a22623a04d1df383414539c2c2139515587cb1d560120ff8c13f1a2,identity-bearing path/account metadata pseudonymized; measurements unchanged
outputs/sigmetrics/rq2_overhead_scaling/recommended/rq2_full_scale/manifests/runs/sigmetrics-rq2-overhead-scaling-final-v1--recommended--rq2_full_scale--3ab0ceafba444ce2.json,8852f4dae0de1cbebce363e22b49ff83bae29a132e0a35890a635757e1fa545e,abf10d4b78b5fb6179aa5a077b5f8772cdc046dd5f8e3914302154575ab4c9b1,identity-bearing path/account metadata pseudonymized; measurements unchanged
outputs/sigmetrics/rq2_overhead_scaling/recommended/rq2_full_scale/manifests/runs/sigmetrics-rq2-overhead-scaling-final-v1--recommended--rq2_full_scale--3ae550ae92287ae8.json,498dc9fed0d76913bde17488c76fc44971d85fc1a9aa790b1fe04c0e047f60cf,382cf68fbf8f6c23bfcc9301b1a50b5e12c767b49d1ac6d7f0a15420113134d6,identity-bearing path/account metadata pseudonymized; measurements unchanged
outputs/sigmetrics/rq2_overhead_scaling/recommended/rq2_full_scale/manifests/runs/sigmetrics-rq2-overhead-scaling-final-v1--recommended--rq2_full_scale--3b513e6f9e3dc658.json,81562cc884d52330021eae86fcc99d271deb4a624c89c833309c7cf92878667f,79ce003c61c66ceeb7816b31b7fdc83afb3e35dee7028449c267a80102949e9d,identity-bearing path/account metadata pseudonymized; measurements unchanged
outputs/sigmetrics/rq2_overhead_scaling/recommended/rq2_full_scale/manifests/runs/sigmetrics-rq2-overhead-scaling-final-v1--recommended--rq2_full_scale--3c0fc8af27eac53e.json,afb6c4a1fc0c9a6d37fb3c02f41b9782a3ccc78627f7562f6429d3e94f57faa5,1d9f3231ba2df3c9efaa44eae87b93e2f4e8723eeb55349d17eee48b0dda3293,identity-bearing path/account metadata pseudonymized; measurements unchanged
outputs/sigmetrics/rq2_overhead_scaling/recommended/rq2_full_scale/manifests/runs/sigmetrics-rq2-overhead-scaling-final-v1--recommended--rq2_full_scale--3ca7fad4b97344ba.json,ab326598ce359a262943cce16a8561933e8003f2a3e4dd8585ea39d76a0949ac,460558cc8bb61ca30e433ac7786e53cd5e90abbd5c8839f5a0a201343eb9c85c,identity-bearing path/account metadata pseudonymized; measurements unchanged
outputs/sigmetrics/rq2_overhead_scaling/recommended/rq2_full_scale/manifests/runs/sigmetrics-rq2-overhead-scaling-final-v1--recommended--rq2_full_scale--3cb565440547a1f8.json,be90218c807579a1a224f24b7ed5b40a699d1176d3247124e26054f20fe5e12b,de01ab428946424c3d975027605dfdfdcc734cc8c9158e0119a76f70ac69a522,identity-bearing path/account metadata pseudonymized; measurements unchanged
outputs/sigmetrics/rq2_overhead_scaling/recommended/rq2_full_scale/manifests/runs/sigmetrics-rq2-overhead-scaling-final-v1--recommended--rq2_full_scale--3cbb5c8218b515ce.json,ece13fd0125055b430a4774869155e8ccc374728e13e0751da5a85e2d7093f7c,3d4de629c099563bf0d62c907732f2ed99a3c1a5fc4e7e59fe1b12aef57dc13c,identity-bearing path/account metadata pseudonymized; measurements unchanged
outputs/sigmetrics/rq2_overhead_scaling/recommended/rq2_full_scale/manifests/runs/sigmetrics-rq2-overhead-scaling-final-v1--recommended--rq2_full_scale--3d0de8c9d1a224ba.json,2eabb6db070e3f71954ec032555d10fcc9c2397bb34cd91ebaea40e8885ccefa,eab34ebdbb9b8f37b59e36f307f52bfcc466de49881d159967d33f48e8880487,identity-bearing path/account metadata pseudonymized; measurements unchanged
outputs/sigmetrics/rq2_overhead_scaling/recommended/rq2_full_scale/manifests/runs/sigmetrics-rq2-overhead-scaling-final-v1--recommended--rq2_full_scale--3dd40d0e97d39bfb.json,9f1454b1319664fdc8c8fba838c46dd32ddafede6cf8cac9689ae88da8232940,47ac679265fa7bd8fb3598b19c01a323b42ac08b416e52ab0defe5256eb6cd7b,identity-bearing path/account metadata pseudonymized; measurements unchanged
outputs/sigmetrics/rq2_overhead_scaling/recommended/rq2_full_scale/manifests/runs/sigmetrics-rq2-overhead-scaling-final-v1--recommended--rq2_full_scale--3dd81ab58e67ccff.json,bebdd071c5bf83a2ccb6070492bc630a222436c21970794fc2681e0624a9e0d7,8e4cdc960eb884edb4b80f381fb3f06666e30c48ceacad95e8d4af4f7e3de280,identity-bearing path/account metadata pseudonymized; measurements unchanged
outputs/sigmetrics/rq2_overhead_scaling/recommended/rq2_full_scale/manifests/runs/sigmetrics-rq2-overhead-scaling-final-v1--recommended--rq2_full_scale--3e5ce5737c7e0a4e.json,03447e686b5d2825a085380fc4163a9527b0424a308d66d0dfc17b9c65eaf2f7,3853c7a48b75de2fce603af3d60e66ec9911f11b012f188869737c7b09df687f,identity-bearing path/account metadata pseudonymized; measurements unchanged
outputs/sigmetrics/rq2_overhead_scaling/recommended/rq2_full_scale/manifests/runs/sigmetrics-rq2-overhead-scaling-final-v1--recommended--rq2_full_scale--3f292558fe8ab7df.json,5dab03a117cdda95e4adc35e85aaf39b5fad15e51581f588ebd621687a4b096b,08bb57dd0646547fc7ba99ca352382d23536884bdef4c9d21d8030f041e9d5e5,identity-bearing path/account metadata pseudonymized; measurements unchanged
outputs/sigmetrics/rq2_overhead_scaling/recommended/rq2_full_scale/manifests/runs/sigmetrics-rq2-overhead-scaling-final-v1--recommended--rq2_full_scale--3f9da5b258b15771.json,dbeedfa9cba6169aea8615e4986aa5f997e975c8c88839e08586d7d5442efcdb,e36628715e18af385347298c04406fcc5ef1540997a167373bc49071bff1f659,identity-bearing path/account metadata pseudonymized; measurements unchanged
outputs/sigmetrics/rq2_overhead_scaling/recommended/rq2_full_scale/manifests/runs/sigmetrics-rq2-overhead-scaling-final-v1--recommended--rq2_full_scale--4050546c2a73118f.json,eb3c9bfd00df13ad97f15566f183c73ef7e5738f12e80fac392f3ae01266b294,ae5583ff7d02e9fbd0a93ac3246637e7742254c62cde8cfd931d9766644965ab,identity-bearing path/account metadata pseudonymized; measurements unchanged
outputs/sigmetrics/rq2_overhead_scaling/recommended/rq2_full_scale/manifests/runs/sigmetrics-rq2-overhead-scaling-final-v1--recommended--rq2_full_scale--4150267170f3bdb2.json,9a9e3af348f97dc784b1bc2d45776b6506878412abb4b532bdeb4cd19fb54771,ec0c8e323a56f5ddafa4dad20b43cec9443adfc901a1c3686475cb34ac7c5182,identity-bearing path/account metadata pseudonymized; measurements unchanged
outputs/sigmetrics/rq2_overhead_scaling/recommended/rq2_full_scale/manifests/runs/sigmetrics-rq2-overhead-scaling-final-v1--recommended--rq2_full_scale--415d79c2404d50b4.json,efedb29603289e9f864a35fe7b7af4d029b40080cc7cb54381320b340e959aa9,c37eb38aef9748e6571470a9f6163872342f6374aa1d6b2e58b96c011208d5cd,identity-bearing path/account metadata pseudonymized; measurements unchanged
outputs/sigmetrics/rq2_overhead_scaling/recommended/rq2_full_scale/manifests/runs/sigmetrics-rq2-overhead-scaling-final-v1--recommended--rq2_full_scale--42e814af1845a42c.json,c3af2c61a9008b4bea34e1d8454682aacba6b5dda848efb7fef221e14b3ebc8a,e66de2198b8c52a77b2aea510b7b49d16c6012f64b73c729306bfb4ce9574a36,identity-bearing path/account metadata pseudonymized; measurements unchanged
outputs/sigmetrics/rq2_overhead_scaling/recommended/rq2_full_scale/manifests/runs/sigmetrics-rq2-overhead-scaling-final-v1--recommended--rq2_full_scale--43d40edfc9decd11.json,ced4bbbee7567d80aca19f27222fe071282b90fa4593b1ef8952ae908bdff797,1de8377ecd08f3e6484be275fc9cbd3a6ea765c9df9ed7d7d9a0ca19c1bc2374,identity-bearing path/account metadata pseudonymized; measurements unchanged
outputs/sigmetrics/rq2_overhead_scaling/recommended/rq2_full_scale/manifests/runs/sigmetrics-rq2-overhead-scaling-final-v1--recommended--rq2_full_scale--44041210a64e676c.json,bc8a5094258f571cdca0a85435bcb70fd68892301d9435b1965c81fc2aa66bd9,b59005c904a55baf65c933cfafcde4fc75479c55e03cf52634777452c85b419b,identity-bearing path/account metadata pseudonymized; measurements unchanged
outputs/sigmetrics/rq2_overhead_scaling/recommended/rq2_full_scale/manifests/runs/sigmetrics-rq2-overhead-scaling-final-v1--recommended--rq2_full_scale--44065a4900dbd86c.json,31feb569ec7dd1cb0d69ba4414ba677eed262a8777bb85d3f12c0ab22d4a291d,d0000aacfdbe9919660c26fe95bee64788f1292690c3716fbdc3830835aea297,identity-bearing path/account metadata pseudonymized; measurements unchanged
outputs/sigmetrics/rq2_overhead_scaling/recommended/rq2_full_scale/manifests/runs/sigmetrics-rq2-overhead-scaling-final-v1--recommended--rq2_full_scale--470b17f446dba956.json,3ec7bbb5bf8ce950251eb00b5508ca2cdb2e6b996bc3940f0e076f2f29e6c568,cb6a591b4f39748595db7ab095db695e307ab5347dd19bf9f187e8dd9a7b9dc1,identity-bearing path/account metadata pseudonymized; measurements unchanged
outputs/sigmetrics/rq2_overhead_scaling/recommended/rq2_full_scale/manifests/runs/sigmetrics-rq2-overhead-scaling-final-v1--recommended--rq2_full_scale--48cf634f0af76c55.json,f5ccfcae7275b089c5eb23b965c692d9366c99993bdc7c32a20edb964825fd9f,2056c42a2da990fe0762f210c3c7f57b6ff25be6171ca06ff767aeb878ae940e,identity-bearing path/account metadata pseudonymized; measurements unchanged
outputs/sigmetrics/rq2_overhead_scaling/recommended/rq2_full_scale/manifests/runs/sigmetrics-rq2-overhead-scaling-final-v1--recommended--rq2_full_scale--4acf9fa139ea9920.json,82ea0c105781a3e08cc594609c8defa37eeb370be94c12f13498bbece9393c72,687fd30e5bea07f5bde0a90cecfaa2f084a8026d89b1c8e15a85f15688c828e6,identity-bearing path/account metadata pseudonymized; measurements unchanged
outputs/sigmetrics/rq2_overhead_scaling/recommended/rq2_full_scale/manifests/runs/sigmetrics-rq2-overhead-scaling-final-v1--recommended--rq2_full_scale--4b00dc4fdc3ab963.json,de136b679972a7cbc168627263187315982aae2d9a6a1e98315130c837490634,7eaa79e26df71b37e304e9e714eed65f1ba054b7399302baee3ea4eab14165f3,identity-bearing path/account metadata pseudonymized; measurements unchanged
outputs/sigmetrics/rq2_overhead_scaling/recommended/rq2_full_scale/manifests/runs/sigmetrics-rq2-overhead-scaling-final-v1--recommended--rq2_full_scale--4c0aa832de7e19ba.json,7941134a764d01159802d32ace21babea7e7a01f47646c5b036874bae5dbc69c,e5f509cf17cb5598b9d49fffb40eafaeb32514afc00a12598f92ca19db003190,identity-bearing path/account metadata pseudonymized; measurements unchanged
outputs/sigmetrics/rq2_overhead_scaling/recommended/rq2_full_scale/manifests/runs/sigmetrics-rq2-overhead-scaling-final-v1--recommended--rq2_full_scale--4c61258a88e73544.json,2ead9b8e28ee04294a418d2b2ad3130e9778a5c17f90d822976917fc69cab710,74f2bf0efb3572cbf6f83a6f5dd5ef3b660ed2d00315b241315cfe23f21cafac,identity-bearing path/account metadata pseudonymized; measurements unchanged
outputs/sigmetrics/rq2_overhead_scaling/recommended/rq2_full_scale/manifests/runs/sigmetrics-rq2-overhead-scaling-final-v1--recommended--rq2_full_scale--4c8638aee8926625.json,fa3f08c1dbf14f9325dc16fa6b042c5525a34e1880829087aaf241f0c447899e,a7095ff3987cb93e6d877f3339619c28dceae9760e1f4cfc8a51f229bb454658,identity-bearing path/account metadata pseudonymized; measurements unchanged
outputs/sigmetrics/rq2_overhead_scaling/recommended/rq2_full_scale/manifests/runs/sigmetrics-rq2-overhead-scaling-final-v1--recommended--rq2_full_scale--4d69333a01d99cf2.json,5a30c3c65f1d90c738e183fd894b5e570db44571317b43ec2406df7cdb8bb7fe,5bf8085c33cda7ad7fef5238232794b10e41994b636f119efb84378ed640f3aa,identity-bearing path/account metadata pseudonymized; measurements unchanged
outputs/sigmetrics/rq2_overhead_scaling/recommended/rq2_full_scale/manifests/runs/sigmetrics-rq2-overhead-scaling-final-v1--recommended--rq2_full_scale--4ea7b35bbaba1a4a.json,3f9dae5b19857ec37efae4718e656b2de3db0760fee9402021dda659c6de5e50,152c2f6df5d4478a1ffe5ea5ca2424478bd85a3109d3a03ee9e2fcc12acee018,identity-bearing path/account metadata pseudonymized; measurements unchanged
outputs/sigmetrics/rq2_overhead_scaling/recommended/rq2_full_scale/manifests/runs/sigmetrics-rq2-overhead-scaling-final-v1--recommended--rq2_full_scale--4ec61485488bc24e.json,0977ac8a187adea59099708609e8b3e73542b0252774480ad633c69ead8065de,a7bbc0fce3075cbcd0ab26f68a39e16bb4af3df3127f9f8aa5ec4e827acea9b4,identity-bearing path/account metadata pseudonymized; measurements unchanged
outputs/sigmetrics/rq2_overhead_scaling/recommended/rq2_full_scale/manifests/runs/sigmetrics-rq2-overhead-scaling-final-v1--recommended--rq2_full_scale--4f7d2e803e18fc98.json,d5807629bb05a86ff8138ac57e6e5deb3221920a04dfe4d4569563b7b7957619,645197ba3e89f85058b7febde564ff4bb4f3238fc3efed8eaf8a58b8e6e41012,identity-bearing path/account metadata pseudonymized; measurements unchanged
outputs/sigmetrics/rq2_overhead_scaling/recommended/rq2_full_scale/manifests/runs/sigmetrics-rq2-overhead-scaling-final-v1--recommended--rq2_full_scale--505d4f0fde7df7ff.json,376ad3e978a236b765ca43bee77c03a8f6190ded33509dff394f8b5197203dcf,c0da6e1666ea0e036f2ddafa54cebfdb830005b4686c9de0978b627bfb665ad0,identity-bearing path/account metadata pseudonymized; measurements unchanged
outputs/sigmetrics/rq2_overhead_scaling/recommended/rq2_full_scale/manifests/runs/sigmetrics-rq2-overhead-scaling-final-v1--recommended--rq2_full_scale--512cf6e5ad5ad7d2.json,d3a037453b08be639a3b7bc6e9e115dec9c65ae717bf669211aaca2ea018dadc,a9ab2903955f6fefbd3f0a3ce3f7a42fdf3e9d5b16a8201089080a61c98da3dc,identity-bearing path/account metadata pseudonymized; measurements unchanged
outputs/sigmetrics/rq2_overhead_scaling/recommended/rq2_full_scale/manifests/runs/sigmetrics-rq2-overhead-scaling-final-v1--recommended--rq2_full_scale--518a9d5c9743de24.json,a1148b9f44a68248c28a4132a48aefbd0e05fcf748b0591f133339a3913c2610,4ea842158f6ac0532515b8a876905116431ae03785295308f8894e7ca7e5cae6,identity-bearing path/account metadata pseudonymized; measurements unchanged
outputs/sigmetrics/rq2_overhead_scaling/recommended/rq2_full_scale/manifests/runs/sigmetrics-rq2-overhead-scaling-final-v1--recommended--rq2_full_scale--519e722cea29dc30.json,83bff051675af9d0baf11c7b386fa0714dc5e5fa9ed1a169d2c9cd60db539863,fc08423f7bb55c97c2fdd1e2962919798be627d4e126e2f31a2a40af5446eb39,identity-bearing path/account metadata pseudonymized; measurements unchanged
outputs/sigmetrics/rq2_overhead_scaling/recommended/rq2_full_scale/manifests/runs/sigmetrics-rq2-overhead-scaling-final-v1--recommended--rq2_full_scale--52ac421f949f5e32.json,14b28ab76b8e8103e5116f44ed18352f07b5e57fb69e46c134193a2f6530c8d8,a424284bc130bc3bd6711198f24b56744ddac7935c1b3b09c01a186b41ff474e,identity-bearing path/account metadata pseudonymized; measurements unchanged
outputs/sigmetrics/rq2_overhead_scaling/recommended/rq2_full_scale/manifests/runs/sigmetrics-rq2-overhead-scaling-final-v1--recommended--rq2_full_scale--536ff66e0843bb98.json,72ffe468ca9c4ad25bf59fef81174d8dd3d3151ae9a07e7e1b25073ca2c6bd19,db2b1a1cb61697a830c4fe959e75ab73bef870c380fc23ef76f95726e9aa293a,identity-bearing path/account metadata pseudonymized; measurements unchanged
outputs/sigmetrics/rq2_overhead_scaling/recommended/rq2_full_scale/manifests/runs/sigmetrics-rq2-overhead-scaling-final-v1--recommended--rq2_full_scale--5378f808f93d439c.json,bb420fffc6d48899b1f59ef8c5d3b192ce40c1d7267552706bf641fca0c49f3d,43771837fa57803dbc0011d2fd7e934b7b3c2cd1b4a8aea38d22d03b85bfd421,identity-bearing path/account metadata pseudonymized; measurements unchanged
outputs/sigmetrics/rq2_overhead_scaling/recommended/rq2_full_scale/manifests/runs/sigmetrics-rq2-overhead-scaling-final-v1--recommended--rq2_full_scale--537dc8dfa95e4208.json,532ccf58f6917048355c7d8f67f7eb0f4ccd682a45f836029cae04253b586b83,1f8cc1e5872384605c52433f6f8e220557a94f0a397b6621c16dc48181be55a6,identity-bearing path/account metadata pseudonymized; measurements unchanged
outputs/sigmetrics/rq2_overhead_scaling/recommended/rq2_full_scale/manifests/runs/sigmetrics-rq2-overhead-scaling-final-v1--recommended--rq2_full_scale--537f9a92edf52138.json,ae59abd58fc735359bd8a18a299752275936ebea45c19dae439757f4aa072a01,8870a0c50438d8f685faa7339aae4b097f93281d4a95cf9f696fca99dd645333,identity-bearing path/account metadata pseudonymized; measurements unchanged
outputs/sigmetrics/rq2_overhead_scaling/recommended/rq2_full_scale/manifests/runs/sigmetrics-rq2-overhead-scaling-final-v1--recommended--rq2_full_scale--5477fabaeff1430a.json,17a337125b6763a1fe92566a0721f5df4337569a80419bd474a3c1e1c575fd64,049840fd5b5bb3402fd60d4416db83f875523c287a8fff660347e853e0eaaaeb,identity-bearing path/account metadata pseudonymized; measurements unchanged
outputs/sigmetrics/rq2_overhead_scaling/recommended/rq2_full_scale/manifests/runs/sigmetrics-rq2-overhead-scaling-final-v1--recommended--rq2_full_scale--54a82f3bf1addc06.json,4e49f02da47c77872c1b8d92c3b1a21004fe80cae4c02b6d45dea252cc162c2b,158c83ee3c8ed308dfa06ad906157378aaf96519c4ef078a39a2a3cc17c7501c,identity-bearing path/account metadata pseudonymized; measurements unchanged
outputs/sigmetrics/rq2_overhead_scaling/recommended/rq2_full_scale/manifests/runs/sigmetrics-rq2-overhead-scaling-final-v1--recommended--rq2_full_scale--54aef95e42522284.json,f9b2d6035427c48fbeaa21e6995a0b323c249f8f7919d7d9d9f4c6e293eab44c,47f4db827f8970cc2d792f06d5b04f2ae7cbce8a1d9d2d64227df70448df9d51,identity-bearing path/account metadata pseudonymized; measurements unchanged
outputs/sigmetrics/rq2_overhead_scaling/recommended/rq2_full_scale/manifests/runs/sigmetrics-rq2-overhead-scaling-final-v1--recommended--rq2_full_scale--54b2c83e53527914.json,1944e4f8da70946da5ec3cec37fc40cecba1e0acd39711b0b4d870e55d940f6a,36f5b29f411e98927c4dd83881d0e6b12f5527c6381a32160f093a49140b20f2,identity-bearing path/account metadata pseudonymized; measurements unchanged
outputs/sigmetrics/rq2_overhead_scaling/recommended/rq2_full_scale/manifests/runs/sigmetrics-rq2-overhead-scaling-final-v1--recommended--rq2_full_scale--54bafd381a450bab.json,d27df9cadd766ab87e617d0c77f4ab7b014c19235ef7355e8e2e005b9274ef33,775eedc4dea29227fb2a0600533e1d0cb120732baa991b4d734c5087c8ebb55b,identity-bearing path/account metadata pseudonymized; measurements unchanged
outputs/sigmetrics/rq2_overhead_scaling/recommended/rq2_full_scale/manifests/runs/sigmetrics-rq2-overhead-scaling-final-v1--recommended--rq2_full_scale--561073ec99ce9d26.json,d488cbabf025255052c41432153622695d6aabc319cbfd3a4bbb0a1ef3660f64,b7007174a52d8d883afdaa50e99536ad41597d8ca2c061007bf3cedffe0aef4a,identity-bearing path/account metadata pseudonymized; measurements unchanged
outputs/sigmetrics/rq2_overhead_scaling/recommended/rq2_full_scale/manifests/runs/sigmetrics-rq2-overhead-scaling-final-v1--recommended--rq2_full_scale--561522e227bfd519.json,69aba386de4a56cb4f3636bab4132a552566436fae234ae019f7a427d5a8e202,696edea4662a6177dc97811e0012401167c7a3f0e1f5cc1a774de40a15ca2e34,identity-bearing path/account metadata pseudonymized; measurements unchanged
outputs/sigmetrics/rq2_overhead_scaling/recommended/rq2_full_scale/manifests/runs/sigmetrics-rq2-overhead-scaling-final-v1--recommended--rq2_full_scale--56a5c822498462d6.json,17105b16d732067bb39830ad95385f747d89356edd71f535c97f4c9ad7e5f11a,103cfd9818734cb0e0c26ca6f8aa3b1d89ba836c3b19f359940455371096c066,identity-bearing path/account metadata pseudonymized; measurements unchanged
outputs/sigmetrics/rq2_overhead_scaling/recommended/rq2_full_scale/manifests/runs/sigmetrics-rq2-overhead-scaling-final-v1--recommended--rq2_full_scale--56e0c78cb57a3caf.json,33fe51e3c51633ccae2772f8ea164a15f208d68076efd730cdac5d8b6a776091,81bdf04a434dcbf1b6f545b784c68bf7c0497423b332fd5b04e8851fa8f7aef1,identity-bearing path/account metadata pseudonymized; measurements unchanged
outputs/sigmetrics/rq2_overhead_scaling/recommended/rq2_full_scale/manifests/runs/sigmetrics-rq2-overhead-scaling-final-v1--recommended--rq2_full_scale--56f241aeb9fca98d.json,190f7e39184492128a7ce0f46df6f645a14c8f48f7a3b0cc0174109f037157bb,3441fe74f0d68e6e3e675b8d8689e176c4284a0759d91da552ef892cc0152596,identity-bearing path/account metadata pseudonymized; measurements unchanged
outputs/sigmetrics/rq2_overhead_scaling/recommended/rq2_full_scale/manifests/runs/sigmetrics-rq2-overhead-scaling-final-v1--recommended--rq2_full_scale--572a660f6afdfa04.json,5ea2d2eb011131b54ac638f597203f2d04fcf9a4918d85b99ba6d01112369c5b,44131344c3e959aa1947e45b00c2bd9cf844db9c421d13f129f51206e08799fb,identity-bearing path/account metadata pseudonymized; measurements unchanged
outputs/sigmetrics/rq2_overhead_scaling/recommended/rq2_full_scale/manifests/runs/sigmetrics-rq2-overhead-scaling-final-v1--recommended--rq2_full_scale--572f8876fe637df4.json,41db7aabfee764486a28cf9e559605559b21e84b5c4afd4ae3d5c243eface58a,3349cace5978fa954e2f7e60a9d7ec21ddaa944b1cf2b332488d60bbe9739446,identity-bearing path/account metadata pseudonymized; measurements unchanged
outputs/sigmetrics/rq2_overhead_scaling/recommended/rq2_full_scale/manifests/runs/sigmetrics-rq2-overhead-scaling-final-v1--recommended--rq2_full_scale--574191adb41cc17a.json,aa12ea35406d5ad7eef199302c75eef019ff701ada0a2e25262a6f8133feef3c,953eaa846583a194b934c7050b7e9d8ef36b8890e0b9905060cd5b77c2463e6a,identity-bearing path/account metadata pseudonymized; measurements unchanged
outputs/sigmetrics/rq2_overhead_scaling/recommended/rq2_full_scale/manifests/runs/sigmetrics-rq2-overhead-scaling-final-v1--recommended--rq2_full_scale--57ac2e14922f078e.json,d7d07918e76ed559a821a2614cc96ab4d5dc7b3dc7f8d6eddc46c63903b94f46,5d4bbae5fc5235d4b7da865ff9a666d8051b1397bb56bb388d28be599c143c87,identity-bearing path/account metadata pseudonymized; measurements unchanged
outputs/sigmetrics/rq2_overhead_scaling/recommended/rq2_full_scale/manifests/runs/sigmetrics-rq2-overhead-scaling-final-v1--recommended--rq2_full_scale--580b115d8817b1c3.json,e2eb03a445d64f05ad29157bfb33bb2bcd7f8a6cbeea80cd897c23b1dbfcaf92,f11d6729f25dfad00a1be68e241ea4cec537473814544212b7f59a718eed3547,identity-bearing path/account metadata pseudonymized; measurements unchanged
outputs/sigmetrics/rq2_overhead_scaling/recommended/rq2_full_scale/manifests/runs/sigmetrics-rq2-overhead-scaling-final-v1--recommended--rq2_full_scale--5815fe75c6305907.json,33ccc02f4bed178cf6b20452300ec0688404b06ec2179e5d715f3aa9fb666330,5d7fa8c2bbb9bdb3f3f41f1db5152470ac25f1dff854d0353b72ebcafd29c037,identity-bearing path/account metadata pseudonymized; measurements unchanged
outputs/sigmetrics/rq2_overhead_scaling/recommended/rq2_full_scale/manifests/runs/sigmetrics-rq2-overhead-scaling-final-v1--recommended--rq2_full_scale--58235c146285e16b.json,b5a84560369ea6bdc99d14cfd7d3c150cfae253f5035248df8b6a2b5d347085e,106a6e09e94e6d4a50b511ab547ad68922d3372198abeced62fe515ef2565a27,identity-bearing path/account metadata pseudonymized; measurements unchanged
outputs/sigmetrics/rq2_overhead_scaling/recommended/rq2_full_scale/manifests/runs/sigmetrics-rq2-overhead-scaling-final-v1--recommended--rq2_full_scale--58af5cbf585e27f7.json,03eb7753998819882f294e9d422322a7db83d89d5368a9aa42a316471ac127ff,b299673d44d9f1a023c6322ed40dce69495643a363852b09dc5b904141f259b3,identity-bearing path/account metadata pseudonymized; measurements unchanged
outputs/sigmetrics/rq2_overhead_scaling/recommended/rq2_full_scale/manifests/runs/sigmetrics-rq2-overhead-scaling-final-v1--recommended--rq2_full_scale--5993db19ff306dda.json,a9f2c45993b3969a9d11e37400023c78ec88a82690de6d376e25776dfc0b0560,0fe34f956d7a2209a348fddb16c321a6eaba7a6e67360808e86606aa2910d732,identity-bearing path/account metadata pseudonymized; measurements unchanged
outputs/sigmetrics/rq2_overhead_scaling/recommended/rq2_full_scale/manifests/runs/sigmetrics-rq2-overhead-scaling-final-v1--recommended--rq2_full_scale--5b2e8ce5b314fa29.json,8779244c0a7cfead75510c392902476c92a3b17d7c86bc85abb9afe4e16a6402,146bad21391bf6731b886ff75bc83af46bd952b6cea2f194dff1065946be1748,identity-bearing path/account metadata pseudonymized; measurements unchanged
outputs/sigmetrics/rq2_overhead_scaling/recommended/rq2_full_scale/manifests/runs/sigmetrics-rq2-overhead-scaling-final-v1--recommended--rq2_full_scale--5b32befbbf06f94a.json,dcccbc6f56f76262eaa1f4329a3cd1026d2c99fae470861b57817793f1669ea2,a3f0f5e67ab4f24a0b8d82e51e501b2448b48438f8d07f148c5d5de144167e83,identity-bearing path/account metadata pseudonymized; measurements unchanged
outputs/sigmetrics/rq2_overhead_scaling/recommended/rq2_full_scale/manifests/runs/sigmetrics-rq2-overhead-scaling-final-v1--recommended--rq2_full_scale--5c45acdb58dd175a.json,ba6f0200d25fd601a9dab460b7ae2561e3717a8d912db545c239d0db53d4490e,f7b7a278cb0b9b183767d16f901c899fff84d3fd1faee68d6f563d7144705992,identity-bearing path/account metadata pseudonymized; measurements unchanged
outputs/sigmetrics/rq2_overhead_scaling/recommended/rq2_full_scale/manifests/runs/sigmetrics-rq2-overhead-scaling-final-v1--recommended--rq2_full_scale--5c7cd9f4e9dd1bd3.json,6fc7724e4b56c395bc5574453e47f8789ba4ca906528059ef1497d917010b2ce,ead133aa1a4a07ea9048466f206bc7e6287daae10217bdcf542f2722c3aac677,identity-bearing path/account metadata pseudonymized; measurements unchanged
outputs/sigmetrics/rq2_overhead_scaling/recommended/rq2_full_scale/manifests/runs/sigmetrics-rq2-overhead-scaling-final-v1--recommended--rq2_full_scale--5d0b6d07a29a4366.json,6e481754d8f70c81f719b830c9346662a2f689084782176afff43234fd4d2afb,b025cd335eb7bb4de6af47e06c0bcd58ce357084b856d669ea48c115fbcc72bf,identity-bearing path/account metadata pseudonymized; measurements unchanged
outputs/sigmetrics/rq2_overhead_scaling/recommended/rq2_full_scale/manifests/runs/sigmetrics-rq2-overhead-scaling-final-v1--recommended--rq2_full_scale--5d92984235cb0f70.json,fd09609a8c32aedb8d7622ae84bc1fcef5d745dea988c219e302c58a1da9ddec,f20dce871c7cbcb4cde41516fd25a2fa909d7e905c2dfa86b95499e866788fbf,identity-bearing path/account metadata pseudonymized; measurements unchanged
outputs/sigmetrics/rq2_overhead_scaling/recommended/rq2_full_scale/manifests/runs/sigmetrics-rq2-overhead-scaling-final-v1--recommended--rq2_full_scale--5db131fcb65342f8.json,74aecc19274a2c1313c37e7fd1672e58fc1fe5ee66a3d5ad0066d049a63285df,94de857e83bd95a11d4bb9cf2e81843bce946272b1d25c675be64addf8d13ad4,identity-bearing path/account metadata pseudonymized; measurements unchanged
outputs/sigmetrics/rq2_overhead_scaling/recommended/rq2_full_scale/manifests/runs/sigmetrics-rq2-overhead-scaling-final-v1--recommended--rq2_full_scale--5ed5de498245d809.json,363479b40180b8cd74f70bb68bab6fca03d8271b086f553037e5cfccca579771,f7c65207460793900fb8e0dd3d31b6358968c1c0b1b3cd421c12eeb66d72064e,identity-bearing path/account metadata pseudonymized; measurements unchanged
outputs/sigmetrics/rq2_overhead_scaling/recommended/rq2_full_scale/manifests/runs/sigmetrics-rq2-overhead-scaling-final-v1--recommended--rq2_full_scale--5f39c8bf760cea9c.json,d3b3eda875f406fc9102066ed143031de08c16b355cc6861e9ad589484d8fddb,e606a3e85bfb1c3fcfc06e2c01e71f6c35a74fcf354815bce9df96baabc35869,identity-bearing path/account metadata pseudonymized; measurements unchanged
outputs/sigmetrics/rq2_overhead_scaling/recommended/rq2_full_scale/manifests/runs/sigmetrics-rq2-overhead-scaling-final-v1--recommended--rq2_full_scale--625bff4e65b92d4f.json,789c64cf33e111e2945bc02f454226673dd6e954550bfbde260d911bcc25dff6,a30ee07fa7631420c9c79437b42665dc2670e5efdd8517350de6ed013756b70d,identity-bearing path/account metadata pseudonymized; measurements unchanged
outputs/sigmetrics/rq2_overhead_scaling/recommended/rq2_full_scale/manifests/runs/sigmetrics-rq2-overhead-scaling-final-v1--recommended--rq2_full_scale--625fcf8c028dd861.json,bff212fd44089adee5f94d7922ed9e74742c53babcbfccf627729ba15e3cdee5,52bc34a8ed34b670e0c1703364376875e790760c67b65a94da2dd01208dba000,identity-bearing path/account metadata pseudonymized; measurements unchanged
outputs/sigmetrics/rq2_overhead_scaling/recommended/rq2_full_scale/manifests/runs/sigmetrics-rq2-overhead-scaling-final-v1--recommended--rq2_full_scale--63a808c669a561cb.json,c9024f2d701ac2b610247554509eadaede9ead4b4fa07ccc24ea2573137be5b6,c47650ea1aa8f9093b83636889cb418aa5c1731d33f92facf8861ec7e9428ace,identity-bearing path/account metadata pseudonymized; measurements unchanged
outputs/sigmetrics/rq2_overhead_scaling/recommended/rq2_full_scale/manifests/runs/sigmetrics-rq2-overhead-scaling-final-v1--recommended--rq2_full_scale--64b96805053ef03c.json,0bb3319115b4215ec63b1b78fd5ac6a9ec8dd8972b7f9e6956d07c617275ab50,03df2e61f3788b150e6d22406da7d2751752bc0ab5aec4413ada0229f464c5e2,identity-bearing path/account metadata pseudonymized; measurements unchanged
outputs/sigmetrics/rq2_overhead_scaling/recommended/rq2_full_scale/manifests/runs/sigmetrics-rq2-overhead-scaling-final-v1--recommended--rq2_full_scale--658e8dc66a07053e.json,73cc0e6d3d9c4680687379f12a3bc74b892500101c2d375f4858dbfcfa9b3bf4,233d1a1ba281820c6913942917f59b8893dfc59800cdf847b8299b0d44c65aab,identity-bearing path/account metadata pseudonymized; measurements unchanged
outputs/sigmetrics/rq2_overhead_scaling/recommended/rq2_full_scale/manifests/runs/sigmetrics-rq2-overhead-scaling-final-v1--recommended--rq2_full_scale--65928f9af48718cd.json,e9ac3ffe59efc4bf6f78978b16106fedaf5f8fdb1be33e98a33e99a0163ef9f1,c913fd7d553ad3f895d029db145bf936d0ba16fc97958fad4c847fd990aab6b3,identity-bearing path/account metadata pseudonymized; measurements unchanged
outputs/sigmetrics/rq2_overhead_scaling/recommended/rq2_full_scale/manifests/runs/sigmetrics-rq2-overhead-scaling-final-v1--recommended--rq2_full_scale--6681aaf087b36ea9.json,b69857901f1e27b8f7b104228e72131f07492febfcf68607629b3c9dd8dcfc92,8f7e56383604cf9e89388ea186937456e19c420a7baac518a942dce7d01a859e,identity-bearing path/account metadata pseudonymized; measurements unchanged
outputs/sigmetrics/rq2_overhead_scaling/recommended/rq2_full_scale/manifests/runs/sigmetrics-rq2-overhead-scaling-final-v1--recommended--rq2_full_scale--675ed25c8b2c07e2.json,7907285f3a9d7449c32504d6744bc71efbae912931adf18ad8e4165a24d688da,a519af459300d2375dd01d6c1634f167a4ac2e0c0cfeceb17cac418d7b20a641,identity-bearing path/account metadata pseudonymized; measurements unchanged
outputs/sigmetrics/rq2_overhead_scaling/recommended/rq2_full_scale/manifests/runs/sigmetrics-rq2-overhead-scaling-final-v1--recommended--rq2_full_scale--67c51fd700bad97f.json,4858a3ed03b65ea190045a600b847656b9907482109029e0f6ca4c8bffd05908,d1495e621c0a46c8a343b9f9090d6181b1d83ab0be477c88920d068774fdec62,identity-bearing path/account metadata pseudonymized; measurements unchanged
outputs/sigmetrics/rq2_overhead_scaling/recommended/rq2_full_scale/manifests/runs/sigmetrics-rq2-overhead-scaling-final-v1--recommended--rq2_full_scale--68b8e15d5b83756f.json,47ea46e67ce0c02c92336e7e37a41fb8dca20b46929d8d41c3c600e42a45e5a7,b92ac8bccc7c7c6fc60ecc42f5e52b0fcc0f16057e57fcb308ce4b938bfb7d3e,identity-bearing path/account metadata pseudonymized; measurements unchanged
outputs/sigmetrics/rq2_overhead_scaling/recommended/rq2_full_scale/manifests/runs/sigmetrics-rq2-overhead-scaling-final-v1--recommended--rq2_full_scale--68becda89c50a512.json,b893ee5c6548879f216cf16cde3987cdf89ebe3b8073db5da2729b0cc5be5915,52f65519faa8b5c22931d729cd5ce4ebc75b52af7f4366c142cd01b7d29b6fe6,identity-bearing path/account metadata pseudonymized; measurements unchanged
outputs/sigmetrics/rq2_overhead_scaling/recommended/rq2_full_scale/manifests/runs/sigmetrics-rq2-overhead-scaling-final-v1--recommended--rq2_full_scale--68c454b9bcbb8abe.json,ee7a0ef311189e1774ee9a6c5d566012d9289e4b5f7e2e7c1202af13283d640f,5dc09673b25d57f436e43e32492d42a18fb71f45ee1361321c3f3b4a861c478c,identity-bearing path/account metadata pseudonymized; measurements unchanged
outputs/sigmetrics/rq2_overhead_scaling/recommended/rq2_full_scale/manifests/runs/sigmetrics-rq2-overhead-scaling-final-v1--recommended--rq2_full_scale--68e79de03b7cd19b.json,ce089db07f1f12584041c9a1531918b3bcf3f35fe8500582bc30d274ac34fc1c,a8f1f8d1b6b8bdd23781628a8c6b37f1f61f365b6b6672456b0c1ea79491bc17,identity-bearing path/account metadata pseudonymized; measurements unchanged
outputs/sigmetrics/rq2_overhead_scaling/recommended/rq2_full_scale/manifests/runs/sigmetrics-rq2-overhead-scaling-final-v1--recommended--rq2_full_scale--68fa32d39250ad62.json,b596fea563b48a520d8194620eb558db0f15fc15680aa55174ef0f7a7adcf530,819ece32b7753f86dade6d4fa6e2e73651d3928c137316563419c7c981d2ce8f,identity-bearing path/account metadata pseudonymized; measurements unchanged
outputs/sigmetrics/rq2_overhead_scaling/recommended/rq2_full_scale/manifests/runs/sigmetrics-rq2-overhead-scaling-final-v1--recommended--rq2_full_scale--6a0d63993c4f2c40.json,0db78fab020f3bc617fc819ae78ecae7ed3714864bab83cb74bcb25015c0b2bf,0d48ca899df11a48d4f45d903614056c19b39a0d8ecd75fbcdb4613d4608e2a9,identity-bearing path/account metadata pseudonymized; measurements unchanged
outputs/sigmetrics/rq2_overhead_scaling/recommended/rq2_full_scale/manifests/runs/sigmetrics-rq2-overhead-scaling-final-v1--recommended--rq2_full_scale--6a79dc91596d9514.json,93c15273b3bc7916991e08d72d1c7232362c7c0e653c1d2c0b99073dee718c9e,ac0e260f9838a2965fe19373b613756d3f5b43b2e6c747e33ae47724b56705bb,identity-bearing path/account metadata pseudonymized; measurements unchanged
outputs/sigmetrics/rq2_overhead_scaling/recommended/rq2_full_scale/manifests/runs/sigmetrics-rq2-overhead-scaling-final-v1--recommended--rq2_full_scale--6b1254791686dfe7.json,3a490f5e604524eb06855678983d39a95aeecbf1eded06629bb2a62025b8dd91,d51b38d69a10829e8382d60218adb0f2bf9802dbfad315a3b492352ac3503db9,identity-bearing path/account metadata pseudonymized; measurements unchanged
outputs/sigmetrics/rq2_overhead_scaling/recommended/rq2_full_scale/manifests/runs/sigmetrics-rq2-overhead-scaling-final-v1--recommended--rq2_full_scale--6bbbd29df8117893.json,cd702f8b7e6ae6e35b57fbb9992c73f28eb9984ff485bc295cf94ef658e39cfa,50080b61417bed24e9894ebe035f138347f0e16aa6937ce8f18886af0eeb3b44,identity-bearing path/account metadata pseudonymized; measurements unchanged
outputs/sigmetrics/rq2_overhead_scaling/recommended/rq2_full_scale/manifests/runs/sigmetrics-rq2-overhead-scaling-final-v1--recommended--rq2_full_scale--6bef19d6e8a11ea4.json,9390fc6b4db835557cecf330b82022fe29acc25ee68ef58be4aa92e7e4b9abd9,604f47190782beaece249dca695a68925e99626439b09465d8c290ed23df6873,identity-bearing path/account metadata pseudonymized; measurements unchanged
outputs/sigmetrics/rq2_overhead_scaling/recommended/rq2_full_scale/manifests/runs/sigmetrics-rq2-overhead-scaling-final-v1--recommended--rq2_full_scale--6c286548d29ad2c1.json,990dff2761706c56fc0f80bb071e7bf01dd707fd200a80dadb61b6ef372eed45,e0a554f93f5cd31857d34ff9aed0f4f216552fc3a58ed37827c9647eae9a2c22,identity-bearing path/account metadata pseudonymized; measurements unchanged
outputs/sigmetrics/rq2_overhead_scaling/recommended/rq2_full_scale/manifests/runs/sigmetrics-rq2-overhead-scaling-final-v1--recommended--rq2_full_scale--6c48cc3648ea627a.json,a10c796328b3dc6483ed5f26fdd42dc3e97add6c615ba0b5a973a515da803226,374a42b64f0d3c52cf201ed697b159fd33e89449c643414a6df8d06a8622f8d3,identity-bearing path/account metadata pseudonymized; measurements unchanged
outputs/sigmetrics/rq2_overhead_scaling/recommended/rq2_full_scale/manifests/runs/sigmetrics-rq2-overhead-scaling-final-v1--recommended--rq2_full_scale--6da17e3933629362.json,dd19d06eb89cf402bc23d2782aa89d0dac33deef48b8e1e8e3575a935e95ed0b,3eb6aa0bd7783c9c310b4458c2e0a849296e81bbdca320717a0e2d4b516da6a5,identity-bearing path/account metadata pseudonymized; measurements unchanged
outputs/sigmetrics/rq2_overhead_scaling/recommended/rq2_full_scale/manifests/runs/sigmetrics-rq2-overhead-scaling-final-v1--recommended--rq2_full_scale--6e06e3ff7367dc32.json,a1741b9172dbe719dc9f79e1a5d9fbd66a9d167f9bda5249822b4d307435d590,d5887f64ee5753375bec8527e9ea9e5ed7e9866ab2a3697f63f64efbbe2b3174,identity-bearing path/account metadata pseudonymized; measurements unchanged
outputs/sigmetrics/rq2_overhead_scaling/recommended/rq2_full_scale/manifests/runs/sigmetrics-rq2-overhead-scaling-final-v1--recommended--rq2_full_scale--6e3f76baf63b10b5.json,7198e554a581faf556390fd270171ba064c159f316a6c5e0bfa9ab9480777eea,d87a365df69bdce52a584bcbbfcdbaa33319880f3956817b71d2a520e640bf1c,identity-bearing path/account metadata pseudonymized; measurements unchanged
outputs/sigmetrics/rq2_overhead_scaling/recommended/rq2_full_scale/manifests/runs/sigmetrics-rq2-overhead-scaling-final-v1--recommended--rq2_full_scale--6e69dcb894211abf.json,461d7a4fe6268c04a75a748bb2567db27e459832c38fc860fcc2d8b0fc286857,4d9190b5a72857ca931815f8e419ed61292a98858096fa8d66e58b8502bded2c,identity-bearing path/account metadata pseudonymized; measurements unchanged
outputs/sigmetrics/rq2_overhead_scaling/recommended/rq2_full_scale/manifests/runs/sigmetrics-rq2-overhead-scaling-final-v1--recommended--rq2_full_scale--6ee632f8d606eace.json,0cbe2def5ee660d13fa180e35eb5fa60347f4b15971d0efc7f5cf5d981ce5a4b,8ca7b2b7127f0c4bcc63494a81daa1e776614848c5221bfcac6a0d43cdbff54a,identity-bearing path/account metadata pseudonymized; measurements unchanged
outputs/sigmetrics/rq2_overhead_scaling/recommended/rq2_full_scale/manifests/runs/sigmetrics-rq2-overhead-scaling-final-v1--recommended--rq2_full_scale--6f0637fbd378852a.json,1262d0788b2de9a56bfb7bc4a1ac29b722be974fb5791634c8f82afc74cba707,93fed8c6a5f3fa1d70d50bf39edb6028f6503a334fdc76d20f943412ccb8f4c6,identity-bearing path/account metadata pseudonymized; measurements unchanged
outputs/sigmetrics/rq2_overhead_scaling/recommended/rq2_full_scale/manifests/runs/sigmetrics-rq2-overhead-scaling-final-v1--recommended--rq2_full_scale--703fcd529012102c.json,ff9de2a97d415c750020c41c2afbe0ba09911f7ef63aa003c81fa4f77554831a,819dd2a87722ddce15701b0cbb7563025720ad601629e3ee6d7b6169c0a5c77d,identity-bearing path/account metadata pseudonymized; measurements unchanged
outputs/sigmetrics/rq2_overhead_scaling/recommended/rq2_full_scale/manifests/runs/sigmetrics-rq2-overhead-scaling-final-v1--recommended--rq2_full_scale--709975e1717f5c82.json,9dbb0ca9ee56d71a0c78ff55767668cf247404cf3075261771eadb784c19cd17,e676a1cbf2482eec0ca49c0575dbcbc3fb89e2a4d72711111e154e6b41b6c7fe,identity-bearing path/account metadata pseudonymized; measurements unchanged
outputs/sigmetrics/rq2_overhead_scaling/recommended/rq2_full_scale/manifests/runs/sigmetrics-rq2-overhead-scaling-final-v1--recommended--rq2_full_scale--70d604f9b53b5549.json,3a9ecd0e2f9eb689507f972b0033f16ebd074bf1b3525e6a3d16b687a6aac67f,d5429a08ac9086e8643bfbf6860e8f212b68d02d357b6ad3c92578bff21e360d,identity-bearing path/account metadata pseudonymized; measurements unchanged
outputs/sigmetrics/rq2_overhead_scaling/recommended/rq2_full_scale/manifests/runs/sigmetrics-rq2-overhead-scaling-final-v1--recommended--rq2_full_scale--71055828ad7eb489.json,32b885286a77c24ea16f1eedaa34d0823e4427e62b370760954a424a4cfb05d4,69371832d4d4065d0fd1bb28df931f3fee226a67d575d418f27eb9e5ff2855a4,identity-bearing path/account metadata pseudonymized; measurements unchanged
outputs/sigmetrics/rq2_overhead_scaling/recommended/rq2_full_scale/manifests/runs/sigmetrics-rq2-overhead-scaling-final-v1--recommended--rq2_full_scale--711e35c734f6b0b7.json,437498b399d735344dd5fed5fc21b64ae504c1545ac3ebdca73ff1241b923ef3,3f73b5a55b83eff08e53e034c65c949ab08f1c8d3fa9f245ad347743b59a9598,identity-bearing path/account metadata pseudonymized; measurements unchanged
outputs/sigmetrics/rq2_overhead_scaling/recommended/rq2_full_scale/manifests/runs/sigmetrics-rq2-overhead-scaling-final-v1--recommended--rq2_full_scale--71449a397f142ff3.json,bbba35dec19489d7083e7d875334c877f831d6c5deb4d46eb89ff6b87585be0d,f7d974674faa64182472e5fa0f03b58bd5dfb1426c4e94811c9a9ad224ccc841,identity-bearing path/account metadata pseudonymized; measurements unchanged
outputs/sigmetrics/rq2_overhead_scaling/recommended/rq2_full_scale/manifests/runs/sigmetrics-rq2-overhead-scaling-final-v1--recommended--rq2_full_scale--716355d1e6008afc.json,930e06be80c132b10e6f342c16ec1dd04aab6b00e82f386d364b6cc4f677eff0,9944d1ee94eccd9e79b3a11b44a11be96359b1e9c729d6132f47b4a7c60ea203,identity-bearing path/account metadata pseudonymized; measurements unchanged
outputs/sigmetrics/rq2_overhead_scaling/recommended/rq2_full_scale/manifests/runs/sigmetrics-rq2-overhead-scaling-final-v1--recommended--rq2_full_scale--71f56350e898f219.json,b3b7bd68f63d7e5f5336a9debe0ccc998d99fa24a4efb377015b114b40e22727,f1e3e01b0912fae2e5e14ef1ce547b47a1beb86b43b9c9b456c87d572f234617,identity-bearing path/account metadata pseudonymized; measurements unchanged
outputs/sigmetrics/rq2_overhead_scaling/recommended/rq2_full_scale/manifests/runs/sigmetrics-rq2-overhead-scaling-final-v1--recommended--rq2_full_scale--721b5b35ff952dea.json,3797973f9239f3d7df79266b22713308207959332a84692b0f7e576ffd8dd2a5,0c60996a93aa34dcce9f0ca3ca9ece2a4ed2c40b6c8534c9a232112424d1b8d8,identity-bearing path/account metadata pseudonymized; measurements unchanged
outputs/sigmetrics/rq2_overhead_scaling/recommended/rq2_full_scale/manifests/runs/sigmetrics-rq2-overhead-scaling-final-v1--recommended--rq2_full_scale--724279d0efb80248.json,eba5bed41096c971b6d3f1705536684352ff3532d481d1d3b057931ec9460657,4973f14d773d93333039277cfcc2c03ff1499adcd4f8b2fa7626637333d18008,identity-bearing path/account metadata pseudonymized; measurements unchanged
outputs/sigmetrics/rq2_overhead_scaling/recommended/rq2_full_scale/manifests/runs/sigmetrics-rq2-overhead-scaling-final-v1--recommended--rq2_full_scale--7469bb8334d3541c.json,c01ccc73828cbe42713717b911bdf2f390cff65c34b37bdfbc42288fe59faf8f,2aff51a6171adeee8ae0694557634e4d082527faa9c31221d0b79ba664ec45ad,identity-bearing path/account metadata pseudonymized; measurements unchanged
outputs/sigmetrics/rq2_overhead_scaling/recommended/rq2_full_scale/manifests/runs/sigmetrics-rq2-overhead-scaling-final-v1--recommended--rq2_full_scale--74df1de225856448.json,ac5511c1b67f6243f600c99998171c5d5f91ee40b37498a959ab8beca5f3e4da,e915922f582bd7e2583a2331252cee22d5eb607e3d15fccef8aa46d602f259c4,identity-bearing path/account metadata pseudonymized; measurements unchanged
outputs/sigmetrics/rq2_overhead_scaling/recommended/rq2_full_scale/manifests/runs/sigmetrics-rq2-overhead-scaling-final-v1--recommended--rq2_full_scale--75679af60ac68528.json,4efd2cbff0f182714446033935b21a6eeac95cdf72edc444f9330d7aaa360ef7,879dd6804b2cb061ac7610d4b9040a53511d51943b3759b8561c497398f1a816,identity-bearing path/account metadata pseudonymized; measurements unchanged
outputs/sigmetrics/rq2_overhead_scaling/recommended/rq2_full_scale/manifests/runs/sigmetrics-rq2-overhead-scaling-final-v1--recommended--rq2_full_scale--7597c2c364d68581.json,ceb448bbdd5366874f8412b0cf6fe475cce641190b4369e388166824b08005ea,c2d7c2d697686bfa83b901d1863924632168586b0480bf194fd5f4485fc9dac3,identity-bearing path/account metadata pseudonymized; measurements unchanged
outputs/sigmetrics/rq2_overhead_scaling/recommended/rq2_full_scale/manifests/runs/sigmetrics-rq2-overhead-scaling-final-v1--recommended--rq2_full_scale--765504989750957e.json,c9fc547aad9f05eed4cbac499fe4db6fb55f10d0020a8daefc3958652bb4375a,f02c3a96ee28d7ff3c063e1f5b903d358afdc6f2e95b82eed4dadae776749677,identity-bearing path/account metadata pseudonymized; measurements unchanged
outputs/sigmetrics/rq2_overhead_scaling/recommended/rq2_full_scale/manifests/runs/sigmetrics-rq2-overhead-scaling-final-v1--recommended--rq2_full_scale--76cb8ced77aee552.json,16964cab88d30f4f0cdc226956e15e9880dd718d034c0dc313ad64c39263abce,3dc56550c90099aad36bfdf31ba96cac9baec14d68fee5045ce76296c911eb8a,identity-bearing path/account metadata pseudonymized; measurements unchanged
outputs/sigmetrics/rq2_overhead_scaling/recommended/rq2_full_scale/manifests/runs/sigmetrics-rq2-overhead-scaling-final-v1--recommended--rq2_full_scale--76ccc97c4ccc5bf8.json,59bab36673141baf58122e7bb59958f30fe37361d69470ef0820333633c31c0d,986064cd264ee3adbfa41d4f6ff23aac60791cb06e0144ac5e19eefdc3838baf,identity-bearing path/account metadata pseudonymized; measurements unchanged
outputs/sigmetrics/rq2_overhead_scaling/recommended/rq2_full_scale/manifests/runs/sigmetrics-rq2-overhead-scaling-final-v1--recommended--rq2_full_scale--76eca22448f0aab3.json,26a8df280257a49c37cb0220b782cfa2e32fbf3b03033853116b7aec61d685bf,d389f5ca75c0090c5d775eff5bf7f0f4f4169ea6fe9663661ff46d061cc07243,identity-bearing path/account metadata pseudonymized; measurements unchanged
outputs/sigmetrics/rq2_overhead_scaling/recommended/rq2_full_scale/manifests/runs/sigmetrics-rq2-overhead-scaling-final-v1--recommended--rq2_full_scale--77091127d3044882.json,fe8eedf7a33f9fd0cd276e368b18c1839538721ca1861fa9de335c7be7a56900,ba8d47cc7c8b045c71e85437d16157c4b96a0ee0e5366211a4c3639f39c8b838,identity-bearing path/account metadata pseudonymized; measurements unchanged
outputs/sigmetrics/rq2_overhead_scaling/recommended/rq2_full_scale/manifests/runs/sigmetrics-rq2-overhead-scaling-final-v1--recommended--rq2_full_scale--78fa8932389de636.json,cb6021e7f9e7a0db5e83dd4c4755a0c48f21c048ffc2e9defd02bd1ebc54fddc,80eee02631f4c9da73923199bcd9ea07349a8bbf511356441e5e7199dee0dde6,identity-bearing path/account metadata pseudonymized; measurements unchanged
outputs/sigmetrics/rq2_overhead_scaling/recommended/rq2_full_scale/manifests/runs/sigmetrics-rq2-overhead-scaling-final-v1--recommended--rq2_full_scale--7979d9a3f3b56255.json,aaceaf505e0258f457338a8dcdc7a8dc7b575b70aea94c77ea69322d83e03a68,8ed986d225a5551e9d99c3293e170797e3f35ac24ba584624c4358340159a270,identity-bearing path/account metadata pseudonymized; measurements unchanged
outputs/sigmetrics/rq2_overhead_scaling/recommended/rq2_full_scale/manifests/runs/sigmetrics-rq2-overhead-scaling-final-v1--recommended--rq2_full_scale--7a6d45df2e5c3f1a.json,1f1b2e72bfe76ef0d0ba9895e0acb6edeef5665564474189ee73aba0206e1cf3,a75a99b6ec918add9ceefb6e3382bcee00c03c35287379df91f56ec44b2ea532,identity-bearing path/account metadata pseudonymized; measurements unchanged
outputs/sigmetrics/rq2_overhead_scaling/recommended/rq2_full_scale/manifests/runs/sigmetrics-rq2-overhead-scaling-final-v1--recommended--rq2_full_scale--7b31447f50401f1e.json,d6425fa4460ccc9bead82ff257679b3a33000b979bbff545f8cc84eeedd5e25e,8ad921edfc4c7166c9678b81096e561075bb8263ca1173b5898fb9bb0a97bd1e,identity-bearing path/account metadata pseudonymized; measurements unchanged
outputs/sigmetrics/rq2_overhead_scaling/recommended/rq2_full_scale/manifests/runs/sigmetrics-rq2-overhead-scaling-final-v1--recommended--rq2_full_scale--7b7929bd84081c2b.json,9d3da8ea8d65bdcc3b4b5fefcde07dd46c6cc9e6bccd23a3795946d264154f35,f8b21dc3a0711578aba9d63b6883c27becac08c47ae32e949c711cf55e894901,identity-bearing path/account metadata pseudonymized; measurements unchanged
outputs/sigmetrics/rq2_overhead_scaling/recommended/rq2_full_scale/manifests/runs/sigmetrics-rq2-overhead-scaling-final-v1--recommended--rq2_full_scale--7bdd52e999aba740.json,97a97c135b3e4f63b5b401453872e8dac6be0a50d4517e906351b38b450d7ad4,d5948f5593d24c0f49d802ea4021b8089fe14fc8044aa8978a4e4e474d35da2f,identity-bearing path/account metadata pseudonymized; measurements unchanged
outputs/sigmetrics/rq2_overhead_scaling/recommended/rq2_full_scale/manifests/runs/sigmetrics-rq2-overhead-scaling-final-v1--recommended--rq2_full_scale--7c20629112a232b9.json,b90d68b204df602d045ed663c997509c5ea1d4b551efcf0d22a9f39e1310132f,a14c8692c296b8c3b0a267236784bf2668fc3569fb9bbf66ee554f46648839b6,identity-bearing path/account metadata pseudonymized; measurements unchanged
outputs/sigmetrics/rq2_overhead_scaling/recommended/rq2_full_scale/manifests/runs/sigmetrics-rq2-overhead-scaling-final-v1--recommended--rq2_full_scale--7e0b276130b64866.json,f28c98ceea53340062da8eea3112ca380c2f759dbe86f9402431df7be505fbdc,12d49b4f9d198c2e2a57a98c4032cedb4f99bbcabd7fb47c2b115b901021e26a,identity-bearing path/account metadata pseudonymized; measurements unchanged
outputs/sigmetrics/rq2_overhead_scaling/recommended/rq2_full_scale/manifests/runs/sigmetrics-rq2-overhead-scaling-final-v1--recommended--rq2_full_scale--7eea73b8f80457ee.json,b77f206de2216a0e1e065e545a3b9d64a7e16fa16ada47af4292dd34ad815df4,f08ca456ba595d8a99590251bccc52f5006ce14e041782e6d8602d0c0b0b9f0d,identity-bearing path/account metadata pseudonymized; measurements unchanged
outputs/sigmetrics/rq2_overhead_scaling/recommended/rq2_full_scale/manifests/runs/sigmetrics-rq2-overhead-scaling-final-v1--recommended--rq2_full_scale--7f070a6406ef5017.json,da967c82d2f06589db753ae5952f28162900459ed33d5392e3dfe19175c0a775,af02a40ce3dcca2332bdf296647713d2179a22df8df995fdfbeeb2ca3ec03362,identity-bearing path/account metadata pseudonymized; measurements unchanged
outputs/sigmetrics/rq2_overhead_scaling/recommended/rq2_full_scale/manifests/runs/sigmetrics-rq2-overhead-scaling-final-v1--recommended--rq2_full_scale--80a8ff52ac92ad80.json,75d6a56df34a98fde50b2d95b403183866a7f21f0a3e91476dbb270360ca40c6,681bdb81c73d816fbd6e9478ae6c0701cfd3da6bbd628f79762228b41d34a021,identity-bearing path/account metadata pseudonymized; measurements unchanged
outputs/sigmetrics/rq2_overhead_scaling/recommended/rq2_full_scale/manifests/runs/sigmetrics-rq2-overhead-scaling-final-v1--recommended--rq2_full_scale--80af5a431985c6fb.json,1d4c41026327da91277d877a6f590f43048555a8773b335f0066d85121c4389e,34fc3fa8cc414c90300ab8b936153eda3e40d04512a30b6a5980fad725e739b4,identity-bearing path/account metadata pseudonymized; measurements unchanged
outputs/sigmetrics/rq2_overhead_scaling/recommended/rq2_full_scale/manifests/runs/sigmetrics-rq2-overhead-scaling-final-v1--recommended--rq2_full_scale--80b41af5b14666b0.json,50fbaad584508842a504adaafe0cbf57bb6147434df8dad55f1c0096b029bd83,ef80ecaee9a64cbc3bc7eac73824609697882b25e6870e1f2152152bb13e7053,identity-bearing path/account metadata pseudonymized; measurements unchanged
outputs/sigmetrics/rq2_overhead_scaling/recommended/rq2_full_scale/manifests/runs/sigmetrics-rq2-overhead-scaling-final-v1--recommended--rq2_full_scale--80cc6a21aa1c819d.json,72f9c79f911d6e157c4d64383341e91a8f03d358835a7d5479352319edbe7883,6f752b22e926cc014924533f1cd00b24568e7da4f707fa26b14d44c2120b9282,identity-bearing path/account metadata pseudonymized; measurements unchanged
outputs/sigmetrics/rq2_overhead_scaling/recommended/rq2_full_scale/manifests/runs/sigmetrics-rq2-overhead-scaling-final-v1--recommended--rq2_full_scale--80f61fd3cb8fa719.json,7b24a3b12dfad6b6e9f77c66fffd4452adad549cedcff9dbb8b845aef2e5fce2,281f4c8c9ae21578beeed54b86f0debf004f6bdc0879b254506d0cc9c2dc014d,identity-bearing path/account metadata pseudonymized; measurements unchanged
outputs/sigmetrics/rq2_overhead_scaling/recommended/rq2_full_scale/manifests/runs/sigmetrics-rq2-overhead-scaling-final-v1--recommended--rq2_full_scale--81d4acd939d5d0b3.json,07ccd6f86eb70758495ac44353d76301ed78b6de89b2daf15efb472903f0bb6f,3e90267759ae9d34811513d8e763fd7b59d75d1633fcf9f01417464c48cef0f9,identity-bearing path/account metadata pseudonymized; measurements unchanged
outputs/sigmetrics/rq2_overhead_scaling/recommended/rq2_full_scale/manifests/runs/sigmetrics-rq2-overhead-scaling-final-v1--recommended--rq2_full_scale--81e91fafe5d8794e.json,dc06c9db2f1921fa70a09849d663b19dde498d93616106cd0b9a7fc446b52d61,37856ed87714196b4b9dc6bbbd6c34ef31a09e8674b275a235285b5f83ea80df,identity-bearing path/account metadata pseudonymized; measurements unchanged
outputs/sigmetrics/rq2_overhead_scaling/recommended/rq2_full_scale/manifests/runs/sigmetrics-rq2-overhead-scaling-final-v1--recommended--rq2_full_scale--81f83d01221cef05.json,ae11d3c4b069d57baacd39a96b20220035b0ba898d72f34f0d81198fbb4804c0,b4bd8838bcc83ed9f908acd3952bd307deb762c2011eebf1090e70d162f96457,identity-bearing path/account metadata pseudonymized; measurements unchanged
outputs/sigmetrics/rq2_overhead_scaling/recommended/rq2_full_scale/manifests/runs/sigmetrics-rq2-overhead-scaling-final-v1--recommended--rq2_full_scale--82504688cd02d8ee.json,a0a96a061a31e935d67accdcce40c06686dfd820402b4247b5a02c3f44ef4b20,c6adb36070d7d0eb61037aac83f6e37ccaab3a18437c3d673745c46109ac46d9,identity-bearing path/account metadata pseudonymized; measurements unchanged
outputs/sigmetrics/rq2_overhead_scaling/recommended/rq2_full_scale/manifests/runs/sigmetrics-rq2-overhead-scaling-final-v1--recommended--rq2_full_scale--8253135a347f5bbd.json,38647aa1662eb9a7850b273ed41351a1f68159779dc24318e7ef23f41327c6d4,ecf42b9e90bf5b892e0319e7c11105b49634f7a76cc80fb06f2a69d503410b7b,identity-bearing path/account metadata pseudonymized; measurements unchanged
outputs/sigmetrics/rq2_overhead_scaling/recommended/rq2_full_scale/manifests/runs/sigmetrics-rq2-overhead-scaling-final-v1--recommended--rq2_full_scale--82cd42b54d355e27.json,238c4f4a3e8a9fac71d143c1f5bf6dd481e5e224f790d5910bbb0519797d2434,e77a98411e8f890aeabf66b77aa02778194d117c8987882f482c9a8a041e2177,identity-bearing path/account metadata pseudonymized; measurements unchanged
outputs/sigmetrics/rq2_overhead_scaling/recommended/rq2_full_scale/manifests/runs/sigmetrics-rq2-overhead-scaling-final-v1--recommended--rq2_full_scale--831cd9c5d833a352.json,fcbade73f132e1b744dda9702e2134979b361cc98e0c184e79abc4468c64e70e,68f8b91d87d157e4b1185bad03e8dff6ba4e7923276a090253bcf5297ee54aed,identity-bearing path/account metadata pseudonymized; measurements unchanged
outputs/sigmetrics/rq2_overhead_scaling/recommended/rq2_full_scale/manifests/runs/sigmetrics-rq2-overhead-scaling-final-v1--recommended--rq2_full_scale--84390bbf604d7c1c.json,587710222cb81031a765dac4175a8917aba5a7602977b0f3feab26fc74c97548,6ff794e451ce0094aa99ca586aea3c23c3c066ed7a7918d230a24780dd93ac51,identity-bearing path/account metadata pseudonymized; measurements unchanged
outputs/sigmetrics/rq2_overhead_scaling/recommended/rq2_full_scale/manifests/runs/sigmetrics-rq2-overhead-scaling-final-v1--recommended--rq2_full_scale--84471e9415a79b07.json,7c6079478a8544aa1127da113817e543a2a81cf05db464d89106e326cc86b4b7,774b4bca7493383cc5f0ef83523fe85015b810cfa7a70fc831d60ba57ea98703,identity-bearing path/account metadata pseudonymized; measurements unchanged
outputs/sigmetrics/rq2_overhead_scaling/recommended/rq2_full_scale/manifests/runs/sigmetrics-rq2-overhead-scaling-final-v1--recommended--rq2_full_scale--854830dc2f94c2df.json,845852fbd084c1b534e4271d512505fa079d42ed2f18413764622505eee0a383,7f5019fdf59533ceab4940fa64f54e30044dfa312551a2eaa4c32367b8d9aada,identity-bearing path/account metadata pseudonymized; measurements unchanged
outputs/sigmetrics/rq2_overhead_scaling/recommended/rq2_full_scale/manifests/runs/sigmetrics-rq2-overhead-scaling-final-v1--recommended--rq2_full_scale--85ce1febb7e4c057.json,66ed0853e9bc4d8cfb0ece42606ea1736cdb41c5ab77073aee58b753b6b6a823,404271dcebfbf4d4e81b0e95f514bc149bf27b8131e56e154ec16d553100fb55,identity-bearing path/account metadata pseudonymized; measurements unchanged
outputs/sigmetrics/rq2_overhead_scaling/recommended/rq2_full_scale/manifests/runs/sigmetrics-rq2-overhead-scaling-final-v1--recommended--rq2_full_scale--8788b16e9487fd02.json,efa11cdead04ecd5e742d557fa8d077c36e2313f4ed85df543ee38f11945e655,f5a69042fb433e0244ec2b0946123fbb1228fa71a9abd40157ea49fa8999ed6f,identity-bearing path/account metadata pseudonymized; measurements unchanged
outputs/sigmetrics/rq2_overhead_scaling/recommended/rq2_full_scale/manifests/runs/sigmetrics-rq2-overhead-scaling-final-v1--recommended--rq2_full_scale--87a1d0258f420348.json,634c3fe31c263eca754208f7052f46d44a5a45b05f83e9d62303d68686255b17,31f44858ea3253fb1b4098dd71a8f607490b087f406dccd7d249e6f58115f0e0,identity-bearing path/account metadata pseudonymized; measurements unchanged
outputs/sigmetrics/rq2_overhead_scaling/recommended/rq2_full_scale/manifests/runs/sigmetrics-rq2-overhead-scaling-final-v1--recommended--rq2_full_scale--87e79a36534c7b45.json,9ccda2860d7b0c36e86e74ea3f5bf87c5475e8846cac377e6401009bd89f8153,86fbd1f55d857c12792acd09e96dd44adfa8efc80765c2d8d479bd3f753b9b85,identity-bearing path/account metadata pseudonymized; measurements unchanged
outputs/sigmetrics/rq2_overhead_scaling/recommended/rq2_full_scale/manifests/runs/sigmetrics-rq2-overhead-scaling-final-v1--recommended--rq2_full_scale--87ef6dea4d54dafb.json,733ae10259f100cae328a063811ed3e7fbe9b99af00d434adc3e9865cbfdb2ac,ef922d9ae801869730dd2d20074c8026b2a5f7f1b97e0e297607ffac7b78a8c6,identity-bearing path/account metadata pseudonymized; measurements unchanged
outputs/sigmetrics/rq2_overhead_scaling/recommended/rq2_full_scale/manifests/runs/sigmetrics-rq2-overhead-scaling-final-v1--recommended--rq2_full_scale--880ea6aaf3106ee0.json,df0eb2b205bf5d1cc25b9b2ab90f87b3dde1ebb82c35e0627bc28b0927e13a9a,24f4c198d895c017121d0d0202b9a82ea7dab42d81f3c454d89e4f6765d65e7f,identity-bearing path/account metadata pseudonymized; measurements unchanged
outputs/sigmetrics/rq2_overhead_scaling/recommended/rq2_full_scale/manifests/runs/sigmetrics-rq2-overhead-scaling-final-v1--recommended--rq2_full_scale--881cfb77146dd7c2.json,91bc30464f63db2841a82433aa5c42e0f16b5806c6568de0a089c0e94be5333c,ab12222df2052125d6e25b9635028f54a67d140209e3c3b171052a87ea03f6ff,identity-bearing path/account metadata pseudonymized; measurements unchanged
outputs/sigmetrics/rq2_overhead_scaling/recommended/rq2_full_scale/manifests/runs/sigmetrics-rq2-overhead-scaling-final-v1--recommended--rq2_full_scale--883666145a367f4c.json,bd1820512604d48233da2d0c9831f30fcb1d7eb0f868c665717da2edd515534a,33d845ec2bf4cb04df894b83a55ad15cd33fa7a4d6b26a14371c267553afe7a6,identity-bearing path/account metadata pseudonymized; measurements unchanged
outputs/sigmetrics/rq2_overhead_scaling/recommended/rq2_full_scale/manifests/runs/sigmetrics-rq2-overhead-scaling-final-v1--recommended--rq2_full_scale--8924886ad0182871.json,5a32bdac31a3f3eb85dd627cadac6ec36ca990a972f737d780d7faba08f1ae92,7ce648f0620d4a9a1f8e0e1b7b11ff6d67adbfc66c5a0e75ab544c66ccb2f64d,identity-bearing path/account metadata pseudonymized; measurements unchanged
outputs/sigmetrics/rq2_overhead_scaling/recommended/rq2_full_scale/manifests/runs/sigmetrics-rq2-overhead-scaling-final-v1--recommended--rq2_full_scale--89d7e1e522dc0015.json,c3b7e2e0b4d9542ad03642b7a9048316db65dac37cc60b603f2ae1a8c1fd2fd7,be1676134a6976ad690a8f851245259e6afb8da03a021c17740971a9972abe63,identity-bearing path/account metadata pseudonymized; measurements unchanged
outputs/sigmetrics/rq2_overhead_scaling/recommended/rq2_full_scale/manifests/runs/sigmetrics-rq2-overhead-scaling-final-v1--recommended--rq2_full_scale--8a7f963bf79ac486.json,0eab4d17a2878340f2ffa07cd6caa51a9d3d1092f44d9770f8c8b3f156fed28c,2024ff6f78e8ed0f2f4c0d219ecf159d33489b6d50134136706f56f4131e0d37,identity-bearing path/account metadata pseudonymized; measurements unchanged
outputs/sigmetrics/rq2_overhead_scaling/recommended/rq2_full_scale/manifests/runs/sigmetrics-rq2-overhead-scaling-final-v1--recommended--rq2_full_scale--8a98231f1c2b0394.json,b81a567c5c91eb5ea7d9b4aa2e13b9a100f4269ac18f8c13a32559b512f06544,8ee652a474d72f4be443b6e65a08bd14398cca4f85bf91d1cd6e68f445aa8f82,identity-bearing path/account metadata pseudonymized; measurements unchanged
outputs/sigmetrics/rq2_overhead_scaling/recommended/rq2_full_scale/manifests/runs/sigmetrics-rq2-overhead-scaling-final-v1--recommended--rq2_full_scale--8a9eef4d1cfa1753.json,6032322e62ede9c451a252dce982abfe08e62fe22883489f1fb85265117a6ad8,449d7195888839bd33b68601cd3f2723337d272a8171376a1e2112366f7f2374,identity-bearing path/account metadata pseudonymized; measurements unchanged
outputs/sigmetrics/rq2_overhead_scaling/recommended/rq2_full_scale/manifests/runs/sigmetrics-rq2-overhead-scaling-final-v1--recommended--rq2_full_scale--8b050f5f650b5d59.json,dc24aa5ea10e2568cbee408df71f15acbd36cd9287d8e5ae280f2952bfa6e228,0d70001c6f68c303a9d8c5a8fd54e1c168eb95e3b51a679f043561725ac8f5ad,identity-bearing path/account metadata pseudonymized; measurements unchanged
outputs/sigmetrics/rq2_overhead_scaling/recommended/rq2_full_scale/manifests/runs/sigmetrics-rq2-overhead-scaling-final-v1--recommended--rq2_full_scale--8b724842534720bb.json,b9e8a8323696eb3383f45dcec4522fa17b6c9f15d20d56295b9f864caa653919,b37f8ffe0eebd53a15bc767110b7f111a856b27b5fbd4e211d99941d406495b7,identity-bearing path/account metadata pseudonymized; measurements unchanged
outputs/sigmetrics/rq2_overhead_scaling/recommended/rq2_full_scale/manifests/runs/sigmetrics-rq2-overhead-scaling-final-v1--recommended--rq2_full_scale--8bda8798535d54be.json,4f518c189509f498bbcdf357b3a8f86b6192adf6a68247a4fe550b17974e4de2,e6eeae0e0b982e1bd421f4c84a84e5673845f2c30842a4e0abeea605b25e6711,identity-bearing path/account metadata pseudonymized; measurements unchanged
outputs/sigmetrics/rq2_overhead_scaling/recommended/rq2_full_scale/manifests/runs/sigmetrics-rq2-overhead-scaling-final-v1--recommended--rq2_full_scale--8c1117875e64f5d6.json,fc8cac76136c9eb7d44168cbe286de99be8a20a7ceef3d576f2b6ee1ba6788ec,f1d339c759d1f0ed9d7afb6af52c29a6835b1b51d062574d1933a2e78482fe56,identity-bearing path/account metadata pseudonymized; measurements unchanged
outputs/sigmetrics/rq2_overhead_scaling/recommended/rq2_full_scale/manifests/runs/sigmetrics-rq2-overhead-scaling-final-v1--recommended--rq2_full_scale--8c420c63fc4f921c.json,e78774c38d47c7e80576824ae5bfc97d100cf761d8cb15d46b63bdc4101e5a46,a21a8995978763e4da8eb06ac7914bbdaa4ea005c8029357d49358751f5f5c12,identity-bearing path/account metadata pseudonymized; measurements unchanged
outputs/sigmetrics/rq2_overhead_scaling/recommended/rq2_full_scale/manifests/runs/sigmetrics-rq2-overhead-scaling-final-v1--recommended--rq2_full_scale--8c765c7028d0bf95.json,9730f7342bc412056ae5f9b34bc7a655e4c83e99540c471058133a46eae0368a,522ff1b18450832de7db0714ee07ed03e7fd0ed4087c680504f02e7b7f89ec8a,identity-bearing path/account metadata pseudonymized; measurements unchanged
outputs/sigmetrics/rq2_overhead_scaling/recommended/rq2_full_scale/manifests/runs/sigmetrics-rq2-overhead-scaling-final-v1--recommended--rq2_full_scale--8c98d5cec170d925.json,adc35ed6069b5a204e651fe19ef42838dee1675bf60958ea14eeae8f5019d787,6ee4b42a0401d2bc69602c2e38ec12ce93dc797f73edb74ba3db0b784b016223,identity-bearing path/account metadata pseudonymized; measurements unchanged
outputs/sigmetrics/rq2_overhead_scaling/recommended/rq2_full_scale/manifests/runs/sigmetrics-rq2-overhead-scaling-final-v1--recommended--rq2_full_scale--8d0d694dbb068192.json,d2ebef1efdab2732cf5b1afa9aa4bba26bd0b205407c1cb6b8b3bda096189d9b,337d126dd3058004f79ced85f2f83921dfc2779bc45cf3775b100edbb473dc38,identity-bearing path/account metadata pseudonymized; measurements unchanged
outputs/sigmetrics/rq2_overhead_scaling/recommended/rq2_full_scale/manifests/runs/sigmetrics-rq2-overhead-scaling-final-v1--recommended--rq2_full_scale--8d6e3899333e37b7.json,21077bc403651b5cd5cefbc72fbbcaee0221a200a859a0bd436192868912c4f4,0732799b19e6550f192ad48c957665c3a0659b2eb2efef6ead6578ae5e8c48ab,identity-bearing path/account metadata pseudonymized; measurements unchanged
outputs/sigmetrics/rq2_overhead_scaling/recommended/rq2_full_scale/manifests/runs/sigmetrics-rq2-overhead-scaling-final-v1--recommended--rq2_full_scale--8e70153f5f7228ea.json,705921c6c1f7e64732a447c471a2e315b28987e7a73b0f24c84374a903bf925a,3263ce56e1ae1542e26ff9514ef357547d6d0a88ca9fbbc42ca3801d726f30a7,identity-bearing path/account metadata pseudonymized; measurements unchanged
outputs/sigmetrics/rq2_overhead_scaling/recommended/rq2_full_scale/manifests/runs/sigmetrics-rq2-overhead-scaling-final-v1--recommended--rq2_full_scale--8eaec36858b3b0a7.json,31c0cd028c1e2a2e733d55a34b074056058c9cda69750f05bded98439d5e1a91,a137b640af5020aed729fddf040c7202bdd8be27fcce69c270b0fa90eaf71024,identity-bearing path/account metadata pseudonymized; measurements unchanged
outputs/sigmetrics/rq2_overhead_scaling/recommended/rq2_full_scale/manifests/runs/sigmetrics-rq2-overhead-scaling-final-v1--recommended--rq2_full_scale--8f7e701c7f5ebbaf.json,21286391318136194960612ad8004b329732053bb0ad0922c9b53a87c1d7f46b,2f55d0bb30a9d928763d3ddcd9d77a10a4e05a001696cc24995f4a4d586249dc,identity-bearing path/account metadata pseudonymized; measurements unchanged
outputs/sigmetrics/rq2_overhead_scaling/recommended/rq2_full_scale/manifests/runs/sigmetrics-rq2-overhead-scaling-final-v1--recommended--rq2_full_scale--8faa358370265f85.json,736b558673ccc7b632803156ed497b1f93fbeda43f2781f4f3e17b0be1438e2c,38ab0453c999e2d9776d4eac63566612e82c8bdfd78d34aa663b2e14355376ef,identity-bearing path/account metadata pseudonymized; measurements unchanged
outputs/sigmetrics/rq2_overhead_scaling/recommended/rq2_full_scale/manifests/runs/sigmetrics-rq2-overhead-scaling-final-v1--recommended--rq2_full_scale--8fd3cfefdc64dc51.json,116845e1bf204f3cf6b15a0e61865b4acad1c56b2391f63ad006611bf9f5a6ea,c146bc5d0a7a003e5fdbf87ab0e47b7c97fd25306d7a387f02333a4350ba9a68,identity-bearing path/account metadata pseudonymized; measurements unchanged
outputs/sigmetrics/rq2_overhead_scaling/recommended/rq2_full_scale/manifests/runs/sigmetrics-rq2-overhead-scaling-final-v1--recommended--rq2_full_scale--903729b38ff5ffe7.json,3b15240413e1ad3d44362ca6e51ab1894b26ef14fc108c9e9a89af72a2901c4f,ecedafcd414ee35ac1262c2346d89e8c6f510174ed38713dfc2a45e94ec51e3c,identity-bearing path/account metadata pseudonymized; measurements unchanged
outputs/sigmetrics/rq2_overhead_scaling/recommended/rq2_full_scale/manifests/runs/sigmetrics-rq2-overhead-scaling-final-v1--recommended--rq2_full_scale--90b23ca18a4a7440.json,447ecf063cfceb4486e49e5cc48a7cc83f9ad6709257c57b80a6458f86629357,942e9f2c12f1cab9b80adff9314abed9c4cf34d25847d2780d1021c88ab4fb2d,identity-bearing path/account metadata pseudonymized; measurements unchanged
outputs/sigmetrics/rq2_overhead_scaling/recommended/rq2_full_scale/manifests/runs/sigmetrics-rq2-overhead-scaling-final-v1--recommended--rq2_full_scale--91177d36a613ebb1.json,dfd180af6a3ee4129835805ac110f3212d1de895eea7853373da0b32160af3c3,1b31ae2fefc970b08b9ca7bea61b59dc0ae735325dd2794b04e392bd00ec75ee,identity-bearing path/account metadata pseudonymized; measurements unchanged
outputs/sigmetrics/rq2_overhead_scaling/recommended/rq2_full_scale/manifests/runs/sigmetrics-rq2-overhead-scaling-final-v1--recommended--rq2_full_scale--9225ff0e7e477fde.json,3ccb1e72bdda8a74e1b85a79e14bd99706a44b27c217e84d406986a961d7b060,d0908e27cec2a7545533922bccfa3867769e34f800d54b7004d9c0cb886c551c,identity-bearing path/account metadata pseudonymized; measurements unchanged
outputs/sigmetrics/rq2_overhead_scaling/recommended/rq2_full_scale/manifests/runs/sigmetrics-rq2-overhead-scaling-final-v1--recommended--rq2_full_scale--933ee2c3ee876e80.json,a3908b96b5fae2e16c729edf53ba92b117f2628d3415e007844e668e213af70d,2eece2a57f7bf189dfe78f7830a92601f54d9f0aae406892897aa5addb453099,identity-bearing path/account metadata pseudonymized; measurements unchanged
outputs/sigmetrics/rq2_overhead_scaling/recommended/rq2_full_scale/manifests/runs/sigmetrics-rq2-overhead-scaling-final-v1--recommended--rq2_full_scale--938c2cd905879050.json,51dc3e33bf8bf64b7a660096f47a2880c0ad78917fc35fa9afb2386b766017d9,3951bb3a004c3dc79d08dc6106e7d76fdfdd43b11601b3746eed2fc8b8685829,identity-bearing path/account metadata pseudonymized; measurements unchanged
outputs/sigmetrics/rq2_overhead_scaling/recommended/rq2_full_scale/manifests/runs/sigmetrics-rq2-overhead-scaling-final-v1--recommended--rq2_full_scale--94db831bbb294e05.json,6c172a827acd625b5835d6bdc1b7058c113de823653d0804dac1c07c01cf534a,930451bae9398410cc117359800f3650915f46cdf5310a48cc5cef09d5f6c7bd,identity-bearing path/account metadata pseudonymized; measurements unchanged
outputs/sigmetrics/rq2_overhead_scaling/recommended/rq2_full_scale/manifests/runs/sigmetrics-rq2-overhead-scaling-final-v1--recommended--rq2_full_scale--967e28d12ef92b4c.json,a6ebf77a9f401b21a09b0bafb5a0171cee80fcd53216c32d329a878d2bc4edf9,a09ff35186f509090f57facb90b30ee3b58764a75b5a0b777256ca5520c2c7d7,identity-bearing path/account metadata pseudonymized; measurements unchanged
outputs/sigmetrics/rq2_overhead_scaling/recommended/rq2_full_scale/manifests/runs/sigmetrics-rq2-overhead-scaling-final-v1--recommended--rq2_full_scale--9689dbb98b1cbad4.json,254d8c0c43c40163fcb0e769503c0ea8f7f4537ab5f464a00d3890ee14a27898,5761544c3ff7d3a511e4cf6dca55bb40e8a219a79dc06ad6cd6d4dba30d66cd9,identity-bearing path/account metadata pseudonymized; measurements unchanged
outputs/sigmetrics/rq2_overhead_scaling/recommended/rq2_full_scale/manifests/runs/sigmetrics-rq2-overhead-scaling-final-v1--recommended--rq2_full_scale--9697e52951e6dee8.json,61363198949edfef80705d38d42c48802628833039c09397a53b776bcfb886e5,554d000ee757cff95e52e314017e03469353c59ff4b834d5f7e7bea295a90390,identity-bearing path/account metadata pseudonymized; measurements unchanged
outputs/sigmetrics/rq2_overhead_scaling/recommended/rq2_full_scale/manifests/runs/sigmetrics-rq2-overhead-scaling-final-v1--recommended--rq2_full_scale--9749d5e6a96b7e57.json,8c0c72bfb86905e2c1f3e7b15b53352244c60745899a0afdf62f71ea7bee2b00,8ec058e5635ac70ae0872d68d09bfac1e924dc2f1d134aa1df8ca5452a07d8bc,identity-bearing path/account metadata pseudonymized; measurements unchanged
outputs/sigmetrics/rq2_overhead_scaling/recommended/rq2_full_scale/manifests/runs/sigmetrics-rq2-overhead-scaling-final-v1--recommended--rq2_full_scale--97c138efcaf6c7f0.json,d48926d13ee6b78c6817a9fcdaf04d6b1144253bbc139cd018e571c747a1520b,eda861d8d7405faee535ec594d69fbdae295238404d704f74cfe9dc37eaf4da0,identity-bearing path/account metadata pseudonymized; measurements unchanged
outputs/sigmetrics/rq2_overhead_scaling/recommended/rq2_full_scale/manifests/runs/sigmetrics-rq2-overhead-scaling-final-v1--recommended--rq2_full_scale--982c680119790538.json,c462afd66a309d26c9b3ea86aa4e91d5b5a63b6a7542ecf3d1a608953fd8e37f,b5d9dd6c0207c0ea2748d38f3172f094069e258e95b23b79c22c828893dba765,identity-bearing path/account metadata pseudonymized; measurements unchanged
outputs/sigmetrics/rq2_overhead_scaling/recommended/rq2_full_scale/manifests/runs/sigmetrics-rq2-overhead-scaling-final-v1--recommended--rq2_full_scale--9942d255155c5ea6.json,f74a0818553619666e6deecf06245770aabb2bc62ab1e9fb400b7326b0803980,926272f8c24c05e8abfc4549bd4f5edde2073da6c2d0dbe789f9cc54c1b78f74,identity-bearing path/account metadata pseudonymized; measurements unchanged
outputs/sigmetrics/rq2_overhead_scaling/recommended/rq2_full_scale/manifests/runs/sigmetrics-rq2-overhead-scaling-final-v1--recommended--rq2_full_scale--9a271e188767fe51.json,7bef4f58136eeb33e00ec901ba98c95e9f35cf170ce16ba470b60535d141f2a0,85a4f03ebbabc9f9b5e6e608b9f4ad88ccc33de37c6f3836e2c7848b36156ae0,identity-bearing path/account metadata pseudonymized; measurements unchanged
outputs/sigmetrics/rq2_overhead_scaling/recommended/rq2_full_scale/manifests/runs/sigmetrics-rq2-overhead-scaling-final-v1--recommended--rq2_full_scale--9a43e1593310ce16.json,1e23f79489dd626b1dd706e97a49453ec67c73f33519719b7014390937efce80,e23f38b9396a9112e830274b2d7e7a5b14f1ff7c40ba5d4795fa72e8409673df,identity-bearing path/account metadata pseudonymized; measurements unchanged
outputs/sigmetrics/rq2_overhead_scaling/recommended/rq2_full_scale/manifests/runs/sigmetrics-rq2-overhead-scaling-final-v1--recommended--rq2_full_scale--9a66001bd53ea109.json,9a980a468699e6e3ef4894076c1a1afd62e8ae8376ad6f726acf5879201b5a2a,4734399414816f6c24c20a74d252003e6abb279398eecd01782f22bc6b5b1d71,identity-bearing path/account metadata pseudonymized; measurements unchanged
outputs/sigmetrics/rq2_overhead_scaling/recommended/rq2_full_scale/manifests/runs/sigmetrics-rq2-overhead-scaling-final-v1--recommended--rq2_full_scale--9a7828fc93874288.json,9a23f758ff2c414f905f3d512c7e4122c38f7656574f994661d4a07522770708,0681a17d1f179135ea8b8ce1eb6bf424cb7c4b63cbb2f165b9f63a2c36c4661d,identity-bearing path/account metadata pseudonymized; measurements unchanged
outputs/sigmetrics/rq2_overhead_scaling/recommended/rq2_full_scale/manifests/runs/sigmetrics-rq2-overhead-scaling-final-v1--recommended--rq2_full_scale--9b0de323a7fca360.json,18c4e4b63f3d63355ca36a73f173431fe1bf489dee39fd76874affdaefac2db2,8543a009fb8f81352a98b790e56e9c0d5f18df0679a3dc9730ad0fcae124f12b,identity-bearing path/account metadata pseudonymized; measurements unchanged
outputs/sigmetrics/rq2_overhead_scaling/recommended/rq2_full_scale/manifests/runs/sigmetrics-rq2-overhead-scaling-final-v1--recommended--rq2_full_scale--9c2fedb8b11cecfb.json,0cc27b177c73b544ef8291ba519a7c45b3ba068bbcf3db80e3bdb11cfe355446,f9c7aebbd57b9466e775fa01140ffd29cd17f90a6e3af1c6cd954f377570ea83,identity-bearing path/account metadata pseudonymized; measurements unchanged
outputs/sigmetrics/rq2_overhead_scaling/recommended/rq2_full_scale/manifests/runs/sigmetrics-rq2-overhead-scaling-final-v1--recommended--rq2_full_scale--9cc83099c115daf0.json,76ad1f5cb6f27d4ebbae56ff4c277ad478633449186b2c38bb38e6ca51be7fdd,f3701059aebce369d1e608c2693a6b4440c184d66a986b13bf892ec3dd95e906,identity-bearing path/account metadata pseudonymized; measurements unchanged
outputs/sigmetrics/rq2_overhead_scaling/recommended/rq2_full_scale/manifests/runs/sigmetrics-rq2-overhead-scaling-final-v1--recommended--rq2_full_scale--9d279503d611dde2.json,3f999bf7461331f2ce976e2997bb88037cb9fbe4eb934e5cc2adc79dd45fb111,0f8c94531a5c02554e5f4d4d6480e76b2e6a9df4bfd4b646206059185fd364dd,identity-bearing path/account metadata pseudonymized; measurements unchanged
outputs/sigmetrics/rq2_overhead_scaling/recommended/rq2_full_scale/manifests/runs/sigmetrics-rq2-overhead-scaling-final-v1--recommended--rq2_full_scale--9d3e9a8f47e6cdad.json,033abb24389f003eb5c0b62da103734f372225adb17b88bc924a40be30722c2c,976ad00c6107135340e5e6f9f671afa228f58cf51e74e6fead07d39a555ba0a0,identity-bearing path/account metadata pseudonymized; measurements unchanged
outputs/sigmetrics/rq2_overhead_scaling/recommended/rq2_full_scale/manifests/runs/sigmetrics-rq2-overhead-scaling-final-v1--recommended--rq2_full_scale--9db59bb7c40a423d.json,0ae8582d9ac13cf8c235a334804063464f0d0d3d566fb1624485313343ff254c,0d0c156c81c902faa525400339d130dc981fb4cd40b952451ed70eb5bd1d19a1,identity-bearing path/account metadata pseudonymized; measurements unchanged
outputs/sigmetrics/rq2_overhead_scaling/recommended/rq2_full_scale/manifests/runs/sigmetrics-rq2-overhead-scaling-final-v1--recommended--rq2_full_scale--9e0088e213a916e3.json,0e4d7f7b9ea6a046b2c073c4f5a92baa685f40295a18fff67d0c3996e39bb86d,c1dee749c450e882227761fe281c8138fa0ab13a87f6d96907fa628d055cc8f0,identity-bearing path/account metadata pseudonymized; measurements unchanged
outputs/sigmetrics/rq2_overhead_scaling/recommended/rq2_full_scale/manifests/runs/sigmetrics-rq2-overhead-scaling-final-v1--recommended--rq2_full_scale--9e125b9a7fae85fa.json,679e9fa8381c92e2ff0734ed551d2a00df66c89728d872354bdd5267f757170d,c35020f7268e99c5e849dcfdb80fa969b9f57dc02503482e0dd947892b5739a1,identity-bearing path/account metadata pseudonymized; measurements unchanged
outputs/sigmetrics/rq2_overhead_scaling/recommended/rq2_full_scale/manifests/runs/sigmetrics-rq2-overhead-scaling-final-v1--recommended--rq2_full_scale--9e2d97b6f76b07fa.json,110b5d4f01fcfad67335bc201099b2ad4ee5ed38511611bb2a65704fb49de6b5,40ad112f2c1360ddb4df82888df5aa26dd67047bf4c164214f671e8087bd8e28,identity-bearing path/account metadata pseudonymized; measurements unchanged
outputs/sigmetrics/rq2_overhead_scaling/recommended/rq2_full_scale/manifests/runs/sigmetrics-rq2-overhead-scaling-final-v1--recommended--rq2_full_scale--9ecf2b95e9511925.json,124bded9f219562671cd5e4719afb595e35ac9293aac97c5d036ee5d3c8cf1f4,ec03f51e44af9f9d53e1e25c640ab3c5e76f1e98a45393b0b3d4b8269f286f0b,identity-bearing path/account metadata pseudonymized; measurements unchanged
outputs/sigmetrics/rq2_overhead_scaling/recommended/rq2_full_scale/manifests/runs/sigmetrics-rq2-overhead-scaling-final-v1--recommended--rq2_full_scale--9f2509c0a1586ece.json,375eb2513616377399bf90033a62c7f814b66ea2a31a325c19d04296f12f5853,6dfa20ffc83a30f67979564b8ab9185d91399adae5220769cd616f482e59ddca,identity-bearing path/account metadata pseudonymized; measurements unchanged
outputs/sigmetrics/rq2_overhead_scaling/recommended/rq2_full_scale/manifests/runs/sigmetrics-rq2-overhead-scaling-final-v1--recommended--rq2_full_scale--9f934ee12bd29de4.json,c35a206f883747e1c8ab668088f52b6b66163510d11dfcd67e5b1b4599138b9c,80a5b9935765fca7acac5dac7dc22460208d1a41517ef5fd32884134a352f5f7,identity-bearing path/account metadata pseudonymized; measurements unchanged
outputs/sigmetrics/rq2_overhead_scaling/recommended/rq2_full_scale/manifests/runs/sigmetrics-rq2-overhead-scaling-final-v1--recommended--rq2_full_scale--9fcdd6139ae67467.json,5e37c55dc79c45cdc4ec8946fe738cde5aa6023de139f3672a9fac05c571c378,f09e67c664c0cdfed8fb985a2a4a3ef97af928374e2d7797abf5bdcd6a623ae6,identity-bearing path/account metadata pseudonymized; measurements unchanged
outputs/sigmetrics/rq2_overhead_scaling/recommended/rq2_full_scale/manifests/runs/sigmetrics-rq2-overhead-scaling-final-v1--recommended--rq2_full_scale--9ff4e96b4058a014.json,e009b1d854ef5079b542615f5529da7e58a67154f0d44afad5ab33aad9a634cb,218af106d3a3ecfe12356ff254b10e0b49a24f595809643304221d488ea9f65b,identity-bearing path/account metadata pseudonymized; measurements unchanged
outputs/sigmetrics/rq2_overhead_scaling/recommended/rq2_full_scale/manifests/runs/sigmetrics-rq2-overhead-scaling-final-v1--recommended--rq2_full_scale--a0277d9834a49b61.json,870dfc2a6b625a42fb23b56c7d882a232e04140f1e5e4d75af2bca7018385c8f,b577c07922d9f47cf8a151e314fa413c4b02ffa8210fe4c995542cf359d68275,identity-bearing path/account metadata pseudonymized; measurements unchanged
outputs/sigmetrics/rq2_overhead_scaling/recommended/rq2_full_scale/manifests/runs/sigmetrics-rq2-overhead-scaling-final-v1--recommended--rq2_full_scale--a03e996ad7086b64.json,843150d02582cf620ffc920317de1a3ae8004b31a74b7decbec6e5650ecd5558,13ff656ea7475e1340f99aea0ee94e22358eb3a1523fffe426b96623a25c4828,identity-bearing path/account metadata pseudonymized; measurements unchanged
outputs/sigmetrics/rq2_overhead_scaling/recommended/rq2_full_scale/manifests/runs/sigmetrics-rq2-overhead-scaling-final-v1--recommended--rq2_full_scale--a0cc28b6e9feb4ce.json,89b560ba60cf81ed2a83804460fef6024483909c9c3698ee50521057214a6d89,99d15654d009687d4d2342ac7eb15321aaa50e7349140fe87b6dca10f4d25c3c,identity-bearing path/account metadata pseudonymized; measurements unchanged
outputs/sigmetrics/rq2_overhead_scaling/recommended/rq2_full_scale/manifests/runs/sigmetrics-rq2-overhead-scaling-final-v1--recommended--rq2_full_scale--a239895eae07ea53.json,00ea273babf882f8ba8a2878a398ef2410b955d06f548d3e21a9d582c778bc2f,e067da01663aa785d4e9af15e43db3ca585bf0bd3533f1a67545f109af7a66db,identity-bearing path/account metadata pseudonymized; measurements unchanged
outputs/sigmetrics/rq2_overhead_scaling/recommended/rq2_full_scale/manifests/runs/sigmetrics-rq2-overhead-scaling-final-v1--recommended--rq2_full_scale--a3510c4211a75266.json,cc52bbb88698a4d663aa840607a7f2a9c5cf76da89c4cde9259cf49138052460,0fd48f5328e79ef29ee36662dae23cdf02d3068437ff1391feef93b799a38be7,identity-bearing path/account metadata pseudonymized; measurements unchanged
outputs/sigmetrics/rq2_overhead_scaling/recommended/rq2_full_scale/manifests/runs/sigmetrics-rq2-overhead-scaling-final-v1--recommended--rq2_full_scale--a448a9960f8f55ee.json,938c25fd9fc2b5b07866381a5a92665c399daefb8cc436e6112f382f2dd789bf,7bef01da22d918140f331dea3507dc841e587a373e5fa42076ddc483a3abbff1,identity-bearing path/account metadata pseudonymized; measurements unchanged
outputs/sigmetrics/rq2_overhead_scaling/recommended/rq2_full_scale/manifests/runs/sigmetrics-rq2-overhead-scaling-final-v1--recommended--rq2_full_scale--a4932ac0ddee2df0.json,8813edd485e23a3576497f802ecf8669e8cad383174cf95bd6444f797ed5efba,34ccd9864c90062700d1fd9519bc6010aafe280d04e668a78c43b337f305899e,identity-bearing path/account metadata pseudonymized; measurements unchanged
outputs/sigmetrics/rq2_overhead_scaling/recommended/rq2_full_scale/manifests/runs/sigmetrics-rq2-overhead-scaling-final-v1--recommended--rq2_full_scale--a5a11f86cbccb003.json,3ff60225900e98ef5f6a75d82788a12b381ff32eef7c884c853a7910392ef43a,49e042fe0c822e75409290409c56cd630b49f50e74ff79242f908fbded830b72,identity-bearing path/account metadata pseudonymized; measurements unchanged
outputs/sigmetrics/rq2_overhead_scaling/recommended/rq2_full_scale/manifests/runs/sigmetrics-rq2-overhead-scaling-final-v1--recommended--rq2_full_scale--a6b4aeff4acdd7fb.json,dc58a3432dc10f18e78631210f545b0f88aefce1e12276e64de4542c60ae0c03,a7023fe5d9408d58ad5ae198395191be1652deb800055a680b49eb16aaf5758c,identity-bearing path/account metadata pseudonymized; measurements unchanged
outputs/sigmetrics/rq2_overhead_scaling/recommended/rq2_full_scale/manifests/runs/sigmetrics-rq2-overhead-scaling-final-v1--recommended--rq2_full_scale--a7a06612b1f8c548.json,80172f76fdec9cec57930616bd19cdc5d5491b6c61dfb5cdafd2e5ba67e21d40,69c33f1b0e9e6c18aceb8079316b87a03da38f1a3b1b9471e2e45833af989fdd,identity-bearing path/account metadata pseudonymized; measurements unchanged
outputs/sigmetrics/rq2_overhead_scaling/recommended/rq2_full_scale/manifests/runs/sigmetrics-rq2-overhead-scaling-final-v1--recommended--rq2_full_scale--a868c509b2d1ebd3.json,e5cab03f453cb36275898057550c59a2369bf3d24f7efe3f5ec2a737f2d51fe8,a829dc883210afc65bc61257e01644f2286ff7531df8a6a9cd0ccc832f820277,identity-bearing path/account metadata pseudonymized; measurements unchanged
outputs/sigmetrics/rq2_overhead_scaling/recommended/rq2_full_scale/manifests/runs/sigmetrics-rq2-overhead-scaling-final-v1--recommended--rq2_full_scale--a87f4e5239f4561a.json,9b8d60b817599cbc1153b58e367f40ceb89203169967954a276360158731e639,068d62ff046fefda3b168c9318354f498ef7bd7f83eae9e4425d1283257d3593,identity-bearing path/account metadata pseudonymized; measurements unchanged
outputs/sigmetrics/rq2_overhead_scaling/recommended/rq2_full_scale/manifests/runs/sigmetrics-rq2-overhead-scaling-final-v1--recommended--rq2_full_scale--a9cdc3c0baf512ba.json,ec8cdcfdee4e28f96cd969ef1810b7eff735c10c60a163cae6c91292037293bb,944249c8d3155dc3a63234cd37733976c1f83a0098077bf02b6ef799e29fa678,identity-bearing path/account metadata pseudonymized; measurements unchanged
outputs/sigmetrics/rq2_overhead_scaling/recommended/rq2_full_scale/manifests/runs/sigmetrics-rq2-overhead-scaling-final-v1--recommended--rq2_full_scale--ab05bec63bc7d4f2.json,d80e544c716be4ba6a55a53d366a1d0554e371a04a27e58a07df1bc0938697d0,614a80c3c24cd3298efae778e57956889f532e98db3faebfe2f5feec5f783d12,identity-bearing path/account metadata pseudonymized; measurements unchanged
outputs/sigmetrics/rq2_overhead_scaling/recommended/rq2_full_scale/manifests/runs/sigmetrics-rq2-overhead-scaling-final-v1--recommended--rq2_full_scale--ab8714754579cfe9.json,a6a82bbb2af114d6ff8ba0abab94077dccf49d9c7305f74f4f02494e875b0599,c9a06751cd9ac1797064ff4462845e53bcf4810c6c685c60df4297c8d503afe1,identity-bearing path/account metadata pseudonymized; measurements unchanged
outputs/sigmetrics/rq2_overhead_scaling/recommended/rq2_full_scale/manifests/runs/sigmetrics-rq2-overhead-scaling-final-v1--recommended--rq2_full_scale--ab92206a62d50861.json,f5c63a205b572de060c28eaf3b557143b176973799e1b8341d7c0ed4eda3bddd,1c6f74e17182f8a4916fce4d2e009268f2a4ed0b1ca4c8a72bedbddb86786674,identity-bearing path/account metadata pseudonymized; measurements unchanged
outputs/sigmetrics/rq2_overhead_scaling/recommended/rq2_full_scale/manifests/runs/sigmetrics-rq2-overhead-scaling-final-v1--recommended--rq2_full_scale--abbefa5f14910678.json,ed61707bf0cae7615e44c2547615f7bff44bbc5d0d53a534ef1d0eba08133584,2faa1bd82a2d0a50b0f6377473fd89564843458e015725f45032af84b05e8194,identity-bearing path/account metadata pseudonymized; measurements unchanged
outputs/sigmetrics/rq2_overhead_scaling/recommended/rq2_full_scale/manifests/runs/sigmetrics-rq2-overhead-scaling-final-v1--recommended--rq2_full_scale--abfa8cd6159d05a7.json,3141b92bac8978e3a6d429f07ec642a51d14396a260bf8069682fb2b875b5ebd,9ecef31fa67c36d15f887cfa2cd506354c8ecbdbe09fd74c1d81953be739eb05,identity-bearing path/account metadata pseudonymized; measurements unchanged
outputs/sigmetrics/rq2_overhead_scaling/recommended/rq2_full_scale/manifests/runs/sigmetrics-rq2-overhead-scaling-final-v1--recommended--rq2_full_scale--aca05db162298901.json,f56751d365c4866c764f5f77901db8f3df45e934c8e679fd75b64e5668f6073a,0bf2df475359b44f12f0fdeed2d6665117fe8843fd268cacf379dc2ea8b68be7,identity-bearing path/account metadata pseudonymized; measurements unchanged
outputs/sigmetrics/rq2_overhead_scaling/recommended/rq2_full_scale/manifests/runs/sigmetrics-rq2-overhead-scaling-final-v1--recommended--rq2_full_scale--acc19b65619acb59.json,4add8e9c123adfacb2344e520e11ec41b572a3c90257b550e29aa16683e1120a,c2beeaa3f1c00c5a666d0be3bd6e7dd419405ae5d4b344e13a5c894c597ac30a,identity-bearing path/account metadata pseudonymized; measurements unchanged
outputs/sigmetrics/rq2_overhead_scaling/recommended/rq2_full_scale/manifests/runs/sigmetrics-rq2-overhead-scaling-final-v1--recommended--rq2_full_scale--acd23b53817ad7ad.json,cedc998cf511da8a8021123ac81b969ffa6ce9098c2b4039338e7af3f5e8dc2f,7cdd6493435308053db63fc14496d18f8ab1db72ab4d0350efe252704b0a0af7,identity-bearing path/account metadata pseudonymized; measurements unchanged
outputs/sigmetrics/rq2_overhead_scaling/recommended/rq2_full_scale/manifests/runs/sigmetrics-rq2-overhead-scaling-final-v1--recommended--rq2_full_scale--ad4e24f686900291.json,d0448015b9c3340622261ad248881c7b290d211b2ec360c37213b05936f0d6ad,eaa26f7f1045e7c422bbc6b038d1cfaddf06a0ac8ae41c63ba54e04218851cd2,identity-bearing path/account metadata pseudonymized; measurements unchanged
outputs/sigmetrics/rq2_overhead_scaling/recommended/rq2_full_scale/manifests/runs/sigmetrics-rq2-overhead-scaling-final-v1--recommended--rq2_full_scale--ad5590b6b43dbc93.json,e74cd4c07f10642bc8c68da72129da44065fd8f2be218bb5aabe50fbc11e32fe,13600f6fa054bcae6ecc50ab3818de93e6f9204b5fb33dc51b50f40c44d213c6,identity-bearing path/account metadata pseudonymized; measurements unchanged
outputs/sigmetrics/rq2_overhead_scaling/recommended/rq2_full_scale/manifests/runs/sigmetrics-rq2-overhead-scaling-final-v1--recommended--rq2_full_scale--ae06fa004f6324ad.json,eb980c4b6713a64e03a405297175c0b1739dde88e48e6b9822726b2d8db4e768,c91dee2689cac87bc670f5b4ac865798324bc1116da05facf6d0805ec7e0d44f,identity-bearing path/account metadata pseudonymized; measurements unchanged
outputs/sigmetrics/rq2_overhead_scaling/recommended/rq2_full_scale/manifests/runs/sigmetrics-rq2-overhead-scaling-final-v1--recommended--rq2_full_scale--afda2be725933695.json,0b2ecee77e0389cc7d238cdd94e5a81fc15719b4c6513ff27841fefd052ce74b,f276596036e2beeb85899f03e616935163d3a559d2d4175c8b8d016123185031,identity-bearing path/account metadata pseudonymized; measurements unchanged
outputs/sigmetrics/rq2_overhead_scaling/recommended/rq2_full_scale/manifests/runs/sigmetrics-rq2-overhead-scaling-final-v1--recommended--rq2_full_scale--b02cfe706692b791.json,e7ed8cb094f0070572283bca42ef88c84efeb875d12474fcc0766c106c5dc38b,62595b069f906575c3308804f8ca2983eacad278e3a1027a810d3ab845318262,identity-bearing path/account metadata pseudonymized; measurements unchanged
outputs/sigmetrics/rq2_overhead_scaling/recommended/rq2_full_scale/manifests/runs/sigmetrics-rq2-overhead-scaling-final-v1--recommended--rq2_full_scale--b03245773cb10711.json,803b9f32931883f6ee129f14c2404a975d094e333fbb82ecedd14a5a7156c9c7,a54478edf7fb8b69c2cc097cc9c343df40e0860c693786183f0e76f385e540f5,identity-bearing path/account metadata pseudonymized; measurements unchanged
outputs/sigmetrics/rq2_overhead_scaling/recommended/rq2_full_scale/manifests/runs/sigmetrics-rq2-overhead-scaling-final-v1--recommended--rq2_full_scale--b052496eb2203e29.json,d6a7e83700ea64699f0138bcf3388888f7e13161742d563948eb6762ee70a007,f5b1eb31319d1e6a1adc91bc4ca89980525b693b26657878fc1a62244753977b,identity-bearing path/account metadata pseudonymized; measurements unchanged
outputs/sigmetrics/rq2_overhead_scaling/recommended/rq2_full_scale/manifests/runs/sigmetrics-rq2-overhead-scaling-final-v1--recommended--rq2_full_scale--b08a7793c23e3565.json,8f38a45fe5c2c69e45af1b677329d86c44a0c92b26c74aed667115a7ecba3ddf,cecfcc8f431a4e2a8798773dd172fffd6bf479fd7f9378e49b7425c87e0c5056,identity-bearing path/account metadata pseudonymized; measurements unchanged
outputs/sigmetrics/rq2_overhead_scaling/recommended/rq2_full_scale/manifests/runs/sigmetrics-rq2-overhead-scaling-final-v1--recommended--rq2_full_scale--b1195f261d46f39b.json,ce63b872f78d5d7ea8e07c2a8b12064853d0e507e4eef5a601a95ed648589688,407a38aad3bc8cfdfd91712869b1f5398e96fc1110340cb2395284c4e207ff24,identity-bearing path/account metadata pseudonymized; measurements unchanged
outputs/sigmetrics/rq2_overhead_scaling/recommended/rq2_full_scale/manifests/runs/sigmetrics-rq2-overhead-scaling-final-v1--recommended--rq2_full_scale--b175f4c920f57d54.json,5ceb988bb1b72a8a5c9fb4472c05276de6fe8ccf70a4c613a78d19c6c99b577f,5710f29aee380483aa74d2d4b99cc7190e8bda7f284d88cb90218bd05ff1a544,identity-bearing path/account metadata pseudonymized; measurements unchanged
outputs/sigmetrics/rq2_overhead_scaling/recommended/rq2_full_scale/manifests/runs/sigmetrics-rq2-overhead-scaling-final-v1--recommended--rq2_full_scale--b4dbaa273e613a50.json,ea87530c60de1982ec0845beb7f1a0de72204c8e6e9e7141c8094c282af37c56,00c63a7aed69fcffe59ba4410f775fc187159a164f8465ab6bff2e2d72b38801,identity-bearing path/account metadata pseudonymized; measurements unchanged
outputs/sigmetrics/rq2_overhead_scaling/recommended/rq2_full_scale/manifests/runs/sigmetrics-rq2-overhead-scaling-final-v1--recommended--rq2_full_scale--b4f328ea1c29fbad.json,bec05c5fb88b9d84d5fb04d05d322e95eb0bb6fd2b4c34be7d903ef63e2cdbc3,4314ace519e9f54aa13af656d2b6a801a283169b5149a0e86b252eed8d5b318c,identity-bearing path/account metadata pseudonymized; measurements unchanged
outputs/sigmetrics/rq2_overhead_scaling/recommended/rq2_full_scale/manifests/runs/sigmetrics-rq2-overhead-scaling-final-v1--recommended--rq2_full_scale--b52d831f054c8630.json,58a1a1be9bd324a885448873e46b3789510535dd8ac38479866ed272edd2fbee,094084de42fc7a10a761bccd80e8d92324104f7966ce3cd1874f8e0e5a8b5ef4,identity-bearing path/account metadata pseudonymized; measurements unchanged
outputs/sigmetrics/rq2_overhead_scaling/recommended/rq2_full_scale/manifests/runs/sigmetrics-rq2-overhead-scaling-final-v1--recommended--rq2_full_scale--b700d09f315b7117.json,b1aabe8f4c7e47b674e17efe12dd56a8ab79b59d8feede4fe71567cd529f5e71,26d0d701e0f4e1a93063d77b01877cd564a69838e585851621ef4e9ace042be8,identity-bearing path/account metadata pseudonymized; measurements unchanged
outputs/sigmetrics/rq2_overhead_scaling/recommended/rq2_full_scale/manifests/runs/sigmetrics-rq2-overhead-scaling-final-v1--recommended--rq2_full_scale--b7d833bc4c10c005.json,ffa0b912a0beb5c2e96b4ed7974a1577eb0ec3d2813899107eb717509a07ffef,bc7660e77276c3b65e3f3fca4bf27253f27767215c554dc4c7520a76dbb0e729,identity-bearing path/account metadata pseudonymized; measurements unchanged
outputs/sigmetrics/rq2_overhead_scaling/recommended/rq2_full_scale/manifests/runs/sigmetrics-rq2-overhead-scaling-final-v1--recommended--rq2_full_scale--b7e9eb61764a7354.json,6a8af533b392e156eceea0f769cf6012144c8c29cbbd98009ed93ff0947f3a2f,cae0bac458be2cbc32a64ccd3e488ea05aaee897eeffce90892af067b7948847,identity-bearing path/account metadata pseudonymized; measurements unchanged
outputs/sigmetrics/rq2_overhead_scaling/recommended/rq2_full_scale/manifests/runs/sigmetrics-rq2-overhead-scaling-final-v1--recommended--rq2_full_scale--b90dcfd0fbe5e8d4.json,b284bc7939b9cd616ff5ab4e97d8dce1f41189c09d096ea6da0d33f90ff8f553,cd1819868116cdaadb84aa916973da36d303ae68f00b48a8f2071bbe8e3ac1b3,identity-bearing path/account metadata pseudonymized; measurements unchanged
outputs/sigmetrics/rq2_overhead_scaling/recommended/rq2_full_scale/manifests/runs/sigmetrics-rq2-overhead-scaling-final-v1--recommended--rq2_full_scale--b97919e05e2ef6ae.json,1a86afd400385bc3b00ddf2a856633eb550db9895a941350a41939355ce882dd,de4c7493a10e6d79524178c65fa2ba8243c07e1fe1d34cbd92f91687eb4be047,identity-bearing path/account metadata pseudonymized; measurements unchanged
outputs/sigmetrics/rq2_overhead_scaling/recommended/rq2_full_scale/manifests/runs/sigmetrics-rq2-overhead-scaling-final-v1--recommended--rq2_full_scale--bad938ecd7c9059d.json,5f3c8ad57d2616d64854e9afc3340a4c3ebfdf11fd0b3cfdfdf73857c74744d7,da40276192a61375312b8cbb746e1b003168f0d3dea2dd5c3d0fcb09c2866eae,identity-bearing path/account metadata pseudonymized; measurements unchanged
outputs/sigmetrics/rq2_overhead_scaling/recommended/rq2_full_scale/manifests/runs/sigmetrics-rq2-overhead-scaling-final-v1--recommended--rq2_full_scale--bba9422c600551ad.json,d60723ebbda4200f65c4033d7d2593b8a847befbcbc18948c6ea283de3753dd7,b8fa7e83d67c17888b85219e33bc6e267db6a0626954db06b97df77dda257ca0,identity-bearing path/account metadata pseudonymized; measurements unchanged
outputs/sigmetrics/rq2_overhead_scaling/recommended/rq2_full_scale/manifests/runs/sigmetrics-rq2-overhead-scaling-final-v1--recommended--rq2_full_scale--bbe206b3a15a9932.json,cad00ad4fce962e81f85b768c5efd608ed25827bc134e25f69d129b81115ef9f,95a401ad2423ff121d3eccdc856b85730b13ec6bd6f747a44ca84170b2010ee6,identity-bearing path/account metadata pseudonymized; measurements unchanged
outputs/sigmetrics/rq2_overhead_scaling/recommended/rq2_full_scale/manifests/runs/sigmetrics-rq2-overhead-scaling-final-v1--recommended--rq2_full_scale--bc6f2faa6d896838.json,fd7637f2b2d2593faf059557467baa67c61244a2f7fa3eb13574cd01bf09c6d8,e3121fc896730c9aa0dae6cc0393f660c8ee32c0b54e5d8423ffdd103bdd8658,identity-bearing path/account metadata pseudonymized; measurements unchanged
outputs/sigmetrics/rq2_overhead_scaling/recommended/rq2_full_scale/manifests/runs/sigmetrics-rq2-overhead-scaling-final-v1--recommended--rq2_full_scale--bc7bbb2a06cdff22.json,6d4fab741dba77369c4f7b8274a97f3238dce3cb35329286e1ac38402a53e18d,597fea6f692ad751ce850114103bb2cf36050e3928228d40a64738385c857ec1,identity-bearing path/account metadata pseudonymized; measurements unchanged
outputs/sigmetrics/rq2_overhead_scaling/recommended/rq2_full_scale/manifests/runs/sigmetrics-rq2-overhead-scaling-final-v1--recommended--rq2_full_scale--bced99db47adcb5b.json,8aa4e1dfd9b9b92f0d00db5c4e7d09808c16638d07730f61e0d78bac2e041a5a,32e857b3c985eca5949972f5fe84c26a79187beb61eced210c9eb91adab6f24e,identity-bearing path/account metadata pseudonymized; measurements unchanged
outputs/sigmetrics/rq2_overhead_scaling/recommended/rq2_full_scale/manifests/runs/sigmetrics-rq2-overhead-scaling-final-v1--recommended--rq2_full_scale--bd8698be4f3c4c59.json,b0b44827d1e2e60dd74b6c37780d386da65e6923a56b679cecb6aa9a7428c0b5,b7c6813d333ccf4d04c95ada704ef9402515800f26fb8537c74824eacf459f79,identity-bearing path/account metadata pseudonymized; measurements unchanged
outputs/sigmetrics/rq2_overhead_scaling/recommended/rq2_full_scale/manifests/runs/sigmetrics-rq2-overhead-scaling-final-v1--recommended--rq2_full_scale--be1115f4a597b1b1.json,94abbaeb0a5059ad5e57398dce1403a60cecd4f7cdd2dc12b55e3ce4683e0cb5,bcfa95663767d27be9265ac128699adf7b012a24c443c65db05d1eb8a8efdc5c,identity-bearing path/account metadata pseudonymized; measurements unchanged
outputs/sigmetrics/rq2_overhead_scaling/recommended/rq2_full_scale/manifests/runs/sigmetrics-rq2-overhead-scaling-final-v1--recommended--rq2_full_scale--be1645f2f09eb8cf.json,7770a6034a7d0f64eaf7948cf77d9c140e5497be0573d14e0b6cd5a1a479ebbb,f8827c28fd793bc08d2c4121081f6e3c704ba964d908ca62a6d60cf3857c57bb,identity-bearing path/account metadata pseudonymized; measurements unchanged
outputs/sigmetrics/rq2_overhead_scaling/recommended/rq2_full_scale/manifests/runs/sigmetrics-rq2-overhead-scaling-final-v1--recommended--rq2_full_scale--bea5ee4487843534.json,ab4395302f60a040852db5a57dc6ecb55f27b6519ea07b316a4c379540a5b471,e7216f0d367d24d8c2107cc114b114b46f6c566fca4906233a9cf06391d11ae2,identity-bearing path/account metadata pseudonymized; measurements unchanged
outputs/sigmetrics/rq2_overhead_scaling/recommended/rq2_full_scale/manifests/runs/sigmetrics-rq2-overhead-scaling-final-v1--recommended--rq2_full_scale--beb33971f3cd4245.json,8bb6ac52f0dc8dadc9a95601b7cc2717d67d16f854c2ee7ad44f26a9ae4b0f2b,f61f3d9d8e784d6d856399cc646510847142aebdc13a7d0666ae47ec75f2be07,identity-bearing path/account metadata pseudonymized; measurements unchanged
outputs/sigmetrics/rq2_overhead_scaling/recommended/rq2_full_scale/manifests/runs/sigmetrics-rq2-overhead-scaling-final-v1--recommended--rq2_full_scale--bfbb7f954aadef80.json,6a3236565541aebcd1138730b6265281e9c0fef576403d6c1913c95556393fd8,3a00c51330776a739d6e699121b0c298561f38fea7d0d85fdd63e9dc321023a8,identity-bearing path/account metadata pseudonymized; measurements unchanged
outputs/sigmetrics/rq2_overhead_scaling/recommended/rq2_full_scale/manifests/runs/sigmetrics-rq2-overhead-scaling-final-v1--recommended--rq2_full_scale--bfbf838e2748eae4.json,6f6e27f597f93883af9be0d7306fdca70f314824b1e898fbff19dd4900375261,0209ac03bd4056479a4d405284ef59a6e0eeb975fca91340b7a474f9a4f52591,identity-bearing path/account metadata pseudonymized; measurements unchanged
outputs/sigmetrics/rq2_overhead_scaling/recommended/rq2_full_scale/manifests/runs/sigmetrics-rq2-overhead-scaling-final-v1--recommended--rq2_full_scale--bfdb59d0b47f238f.json,cb18a2ff7b125885bd8681a75535e54b3f83a90fc566d22647b6d39d9fb03fba,2be33ef2ffedf15f23c13089cbfc8ef1b99c7b21349d43dcd12cd1a9c93ecf02,identity-bearing path/account metadata pseudonymized; measurements unchanged
outputs/sigmetrics/rq2_overhead_scaling/recommended/rq2_full_scale/manifests/runs/sigmetrics-rq2-overhead-scaling-final-v1--recommended--rq2_full_scale--c0f8b1a663e5bf83.json,04530b3f3e2b4902fa6264cb9df5d7d22ff6857169681573079ad5d285612cc3,da925acad4ce1a220d60b27ffed3234a081def9424f3a94396c0ae1322726ba1,identity-bearing path/account metadata pseudonymized; measurements unchanged
outputs/sigmetrics/rq2_overhead_scaling/recommended/rq2_full_scale/manifests/runs/sigmetrics-rq2-overhead-scaling-final-v1--recommended--rq2_full_scale--c137fffbb507e5dc.json,19c47eb0d051174a70013508f97cde6b9dd1890b9a821bf1e06a6d523e75c696,dd9e97045edcd0d24dded30d61058e3e9ccfa35e7348552403ff273cdc0c482d,identity-bearing path/account metadata pseudonymized; measurements unchanged
outputs/sigmetrics/rq2_overhead_scaling/recommended/rq2_full_scale/manifests/runs/sigmetrics-rq2-overhead-scaling-final-v1--recommended--rq2_full_scale--c33be2da53491e81.json,804a8aa49ca19e17879dd76a8cb1f22f51da1e5cd9ad71f0657045143d6af31a,ffa070b355cc8186e049a05e1ba8fcb7159f6d0e5bc500a256a3e5c6abb00751,identity-bearing path/account metadata pseudonymized; measurements unchanged
outputs/sigmetrics/rq2_overhead_scaling/recommended/rq2_full_scale/manifests/runs/sigmetrics-rq2-overhead-scaling-final-v1--recommended--rq2_full_scale--c371fefcba6d2d29.json,f6408649acd47a1199b78729e31ae10d9dff61d4f4f264b452b94b2e7b825f46,7dc13c7511e4beb44a34c7997b3060903edcd20e14f49f93a59d1096ab18ef06,identity-bearing path/account metadata pseudonymized; measurements unchanged
outputs/sigmetrics/rq2_overhead_scaling/recommended/rq2_full_scale/manifests/runs/sigmetrics-rq2-overhead-scaling-final-v1--recommended--rq2_full_scale--c3ab7f898d2e6cc6.json,5c8eeba11665a82e574e45c2441c132daa5d2b8c1d0f2b8b87811972c1c3d1e7,747da4be37d3d771b9b2ec9fb24a521066f3b28019046643406988ab25c9c13a,identity-bearing path/account metadata pseudonymized; measurements unchanged
outputs/sigmetrics/rq2_overhead_scaling/recommended/rq2_full_scale/manifests/runs/sigmetrics-rq2-overhead-scaling-final-v1--recommended--rq2_full_scale--c49c0ccbeed6e188.json,485ae33cf373dd246d8f7ec3ce24cccade966576fa56cc487a5b0f6189e074cb,6b8de5ea37bb80630bc5442dc809b2b4890ae12318f1a42e95e8e12fa35165e8,identity-bearing path/account metadata pseudonymized; measurements unchanged
outputs/sigmetrics/rq2_overhead_scaling/recommended/rq2_full_scale/manifests/runs/sigmetrics-rq2-overhead-scaling-final-v1--recommended--rq2_full_scale--c5043136f2154202.json,93fd4386f0e741ea3b75933c8b547e9d52063848917bbfae5b4e03aacc8b892c,acb55eed15c0c0b9d6f89c69e4e5c2704ee92bb64c8898154e89532f55040d52,identity-bearing path/account metadata pseudonymized; measurements unchanged
outputs/sigmetrics/rq2_overhead_scaling/recommended/rq2_full_scale/manifests/runs/sigmetrics-rq2-overhead-scaling-final-v1--recommended--rq2_full_scale--c513fe7103cf945d.json,d83448196f11a28ead52c1765fde2d7391ce5f372db12bfb25a4ac4442ff8696,ceccb7b867ba832e47257abc33aa14477c0689835a6cddd2a45ab4304f398dec,identity-bearing path/account metadata pseudonymized; measurements unchanged
outputs/sigmetrics/rq2_overhead_scaling/recommended/rq2_full_scale/manifests/runs/sigmetrics-rq2-overhead-scaling-final-v1--recommended--rq2_full_scale--c551669149ea2929.json,106beef341b0ee8fca2d4005fbe3634a41dbb798791a655c6b9a129644edc353,2e675aee34dcea094ade77c37dd436ccb3e90bf61d2ac4cb1e85f28655c164a8,identity-bearing path/account metadata pseudonymized; measurements unchanged
outputs/sigmetrics/rq2_overhead_scaling/recommended/rq2_full_scale/manifests/runs/sigmetrics-rq2-overhead-scaling-final-v1--recommended--rq2_full_scale--c70344cc3a5aa4c4.json,54dec953feebe5466689b0f37f8cf0f214bfee5c9d8761db1ba7a0b6e4cf8c86,78b75cd69f7b1e7b2ab70532527bce0697d3f08497d6439340baf14af4e896a4,identity-bearing path/account metadata pseudonymized; measurements unchanged
outputs/sigmetrics/rq2_overhead_scaling/recommended/rq2_full_scale/manifests/runs/sigmetrics-rq2-overhead-scaling-final-v1--recommended--rq2_full_scale--c77dd7ee86518974.json,4dc59621ea0a2b568c0960f7eddfbb4f1a4bf8ef1a6bc48914017fcb461b004d,981a19fc79a7dd7d4549eadfdcb1856d7a943be5e003f6fd2d411a05b5e496e3,identity-bearing path/account metadata pseudonymized; measurements unchanged
outputs/sigmetrics/rq2_overhead_scaling/recommended/rq2_full_scale/manifests/runs/sigmetrics-rq2-overhead-scaling-final-v1--recommended--rq2_full_scale--c7875978a2558a69.json,69934bfac878d87af019f6b64f0328b9654933bd5064c607c6bc2ea3e7ac9b30,865d0bd958dfb573e2759cfa5b6fea81749e914aa0e593b30d1f7e36ab920a2d,identity-bearing path/account metadata pseudonymized; measurements unchanged
outputs/sigmetrics/rq2_overhead_scaling/recommended/rq2_full_scale/manifests/runs/sigmetrics-rq2-overhead-scaling-final-v1--recommended--rq2_full_scale--c7d68deb94b57c52.json,545bb16bdb35b9fae6db7f240bc6435f2529d79fccd67b53ff20e6ef4327d46e,bedb410702697ae17439a24fbcbc67f1acf5d627259ddc57a33bb8e6e8f44566,identity-bearing path/account metadata pseudonymized; measurements unchanged
outputs/sigmetrics/rq2_overhead_scaling/recommended/rq2_full_scale/manifests/runs/sigmetrics-rq2-overhead-scaling-final-v1--recommended--rq2_full_scale--c8a708e24e3fba14.json,238c6680a8042116a23a6d82a468f2ac494f61fc4fb2a1d6b4725738ad8921a5,ed339bca1c3a251b8eed1afd5ec3fca44be40f5d7404d745ec375ee74488392a,identity-bearing path/account metadata pseudonymized; measurements unchanged
outputs/sigmetrics/rq2_overhead_scaling/recommended/rq2_full_scale/manifests/runs/sigmetrics-rq2-overhead-scaling-final-v1--recommended--rq2_full_scale--c8dced75cdc5c183.json,6ac0e640e9f005cda5aec83430c80c373f9160d151f47c4f959d01cac849533c,97f465eda0f3e20e40cef82200fa9fc14e3db56c32477012f256681a7040377e,identity-bearing path/account metadata pseudonymized; measurements unchanged
outputs/sigmetrics/rq2_overhead_scaling/recommended/rq2_full_scale/manifests/runs/sigmetrics-rq2-overhead-scaling-final-v1--recommended--rq2_full_scale--c8fc774033890254.json,4f705fdb35f18c4316787d2ce610d3dc8c79ce32b00c729feb49198e7addee2c,acb17142fc4c35a3e138f0f13c9b569eb2db2c191b03534c0b00318126f58eec,identity-bearing path/account metadata pseudonymized; measurements unchanged
outputs/sigmetrics/rq2_overhead_scaling/recommended/rq2_full_scale/manifests/runs/sigmetrics-rq2-overhead-scaling-final-v1--recommended--rq2_full_scale--c907f28a99b18ce0.json,bca62d51a042e66e64ca33e519d3cde88bd28647c4118184a3b3a16277150a9e,df18a894ebe9e33e35aca7954177bb94a42c2c8773876dbce42c57f764f55ae9,identity-bearing path/account metadata pseudonymized; measurements unchanged
outputs/sigmetrics/rq2_overhead_scaling/recommended/rq2_full_scale/manifests/runs/sigmetrics-rq2-overhead-scaling-final-v1--recommended--rq2_full_scale--ca075c783123f176.json,70d803080edf8b10e6ee1945371c37f4cedff8ab23bb6cc802ddcf630fd7a0d3,ad8a8acbb83b28d6e795a6072def8b9b401e98b4e33468de3fe2c97c8f81d87b,identity-bearing path/account metadata pseudonymized; measurements unchanged
outputs/sigmetrics/rq2_overhead_scaling/recommended/rq2_full_scale/manifests/runs/sigmetrics-rq2-overhead-scaling-final-v1--recommended--rq2_full_scale--ca134e7ca0459bba.json,9ce7ecfbb9c2ed541347062d6fac96076c0e849d708f5ce8eeafe425397ab2fa,233565a551e8182ebb58af0b111b09bc6ffc64da2b88322e164d60f01e19ef2e,identity-bearing path/account metadata pseudonymized; measurements unchanged
outputs/sigmetrics/rq2_overhead_scaling/recommended/rq2_full_scale/manifests/runs/sigmetrics-rq2-overhead-scaling-final-v1--recommended--rq2_full_scale--ca597e8acc7243e9.json,fa7ea4d03ba760687a9bdee8b5556e578a1aa27d95d14a746cddac43013e56f7,d982c9aeafa8a8704220c7dd2e2ca813e9fba75ae2c73fee11ead6481016e046,identity-bearing path/account metadata pseudonymized; measurements unchanged
outputs/sigmetrics/rq2_overhead_scaling/recommended/rq2_full_scale/manifests/runs/sigmetrics-rq2-overhead-scaling-final-v1--recommended--rq2_full_scale--cae912ceb94a90f2.json,78c3f840b0efe4633bc6063003e0a075c3caa4c6c8c9a253d8fc9c2c84df9af5,ed892d16f23f5f0256860d44da77c43b19a400149b9771053989142cd695e668,identity-bearing path/account metadata pseudonymized; measurements unchanged
outputs/sigmetrics/rq2_overhead_scaling/recommended/rq2_full_scale/manifests/runs/sigmetrics-rq2-overhead-scaling-final-v1--recommended--rq2_full_scale--caeb8897bf0811f9.json,b5ad241f817028a0bff4529be7fd820121ed95806a82c27b2807c52a2383abe2,19f9d12f14dabffabc0b3b02dcec5adc639a0146932c19ff3777a72950008863,identity-bearing path/account metadata pseudonymized; measurements unchanged
outputs/sigmetrics/rq2_overhead_scaling/recommended/rq2_full_scale/manifests/runs/sigmetrics-rq2-overhead-scaling-final-v1--recommended--rq2_full_scale--cb34b8df7af7cfb9.json,6257533541a37f9528652d8cfb50bdffe770d42d68cbc6b04904862bb7ef1d07,640c5fdd3ec7a68c87ea979dec8c7669b18bd1ecf5dc6dd60b4a1f695aceff01,identity-bearing path/account metadata pseudonymized; measurements unchanged
outputs/sigmetrics/rq2_overhead_scaling/recommended/rq2_full_scale/manifests/runs/sigmetrics-rq2-overhead-scaling-final-v1--recommended--rq2_full_scale--cbe167ae63588580.json,9d4ad72354994af5ff173c4ff94050ae66a77d10b9f684562aba78837ef80ced,c77402211ac76dca26ef264287f8800b34c89f85fc8c863ab0830994a12399e0,identity-bearing path/account metadata pseudonymized; measurements unchanged
outputs/sigmetrics/rq2_overhead_scaling/recommended/rq2_full_scale/manifests/runs/sigmetrics-rq2-overhead-scaling-final-v1--recommended--rq2_full_scale--cbf398b040abe758.json,2b75531e98b28993367a6206e1d1b8d2ace81b266046333dc9522a0f4c3d374d,8705a0d53189555af3b61e01d620fbb989dd8734079f7925078596174cea5b9c,identity-bearing path/account metadata pseudonymized; measurements unchanged
outputs/sigmetrics/rq2_overhead_scaling/recommended/rq2_full_scale/manifests/runs/sigmetrics-rq2-overhead-scaling-final-v1--recommended--rq2_full_scale--cc78bb49d73c6b19.json,871e6180c5877e8d01f4930fe0600862c721eec6ac2366ab82139fa7f4299eb9,15f51f41d87be8b244512dd5019691ad68d7ec0065f9a2c8718f7d2379edabaa,identity-bearing path/account metadata pseudonymized; measurements unchanged
outputs/sigmetrics/rq2_overhead_scaling/recommended/rq2_full_scale/manifests/runs/sigmetrics-rq2-overhead-scaling-final-v1--recommended--rq2_full_scale--cc9e878be6882f7c.json,94693df41196d7e775d70b9671e07eb7889429f6bfa4d174ffa0c04ddf59d014,d9a8694be2dd6797c2f2403ecde6cec040ffdf52ad93a6ea7702762ec54ea5c9,identity-bearing path/account metadata pseudonymized; measurements unchanged
outputs/sigmetrics/rq2_overhead_scaling/recommended/rq2_full_scale/manifests/runs/sigmetrics-rq2-overhead-scaling-final-v1--recommended--rq2_full_scale--cd1db1cd4181ac91.json,7cffd9d90d27a70499c0fac978c3874a433e5b724aee2c1b131d46f2ae0e58db,5d2136f1a682d36168dd14426797db0eaed93fd3c08b25ca2015025fa4e71acb,identity-bearing path/account metadata pseudonymized; measurements unchanged
outputs/sigmetrics/rq2_overhead_scaling/recommended/rq2_full_scale/manifests/runs/sigmetrics-rq2-overhead-scaling-final-v1--recommended--rq2_full_scale--cda5dbbba316e8e7.json,4d4ddeaf64d94d290e36e602623b238bf78970d52b85287e7b738dde9763cc2c,0985d7c83b5e644861dda36c35a584b4beb65561654c8c9cedb2e74f9daa9193,identity-bearing path/account metadata pseudonymized; measurements unchanged
outputs/sigmetrics/rq2_overhead_scaling/recommended/rq2_full_scale/manifests/runs/sigmetrics-rq2-overhead-scaling-final-v1--recommended--rq2_full_scale--cdc1acb67928cd4b.json,13385a8a7a92ecb8798552d0619aa07277e024b85aa6342adab064a51d536f8f,8dcf4529d445c215f2367a722d55da2502c16f00bd60de80881b477b81312989,identity-bearing path/account metadata pseudonymized; measurements unchanged
outputs/sigmetrics/rq2_overhead_scaling/recommended/rq2_full_scale/manifests/runs/sigmetrics-rq2-overhead-scaling-final-v1--recommended--rq2_full_scale--cde0ec0dd02cd796.json,5bcc78d92cf802046f3b74503e37c8e1db26c7b6bf4a7ce38338c6ea41e639b8,e73c28a2ddfddcf2302ff1da8ecefb4d758e734aa40623551eb680578a7b46f0,identity-bearing path/account metadata pseudonymized; measurements unchanged
outputs/sigmetrics/rq2_overhead_scaling/recommended/rq2_full_scale/manifests/runs/sigmetrics-rq2-overhead-scaling-final-v1--recommended--rq2_full_scale--ce21777d070e6807.json,6d83b3dcce9151df2e4e9a7ec25f8ba904895fa686c4c665936d290ab6499c13,6069887b224e814d4445f0f8fe406db51df5c7107220d986a5d77e4b0cdf8b3d,identity-bearing path/account metadata pseudonymized; measurements unchanged
outputs/sigmetrics/rq2_overhead_scaling/recommended/rq2_full_scale/manifests/runs/sigmetrics-rq2-overhead-scaling-final-v1--recommended--rq2_full_scale--ce223faa5053bbc2.json,e9b5dd3b24c0c996eac67a142517ca64622ff58ce2bd1dfec778b2ca7c261388,8d050db1e15e745f6a17fc80fedf262e7592f37e9921947c873f582fc179b11d,identity-bearing path/account metadata pseudonymized; measurements unchanged
outputs/sigmetrics/rq2_overhead_scaling/recommended/rq2_full_scale/manifests/runs/sigmetrics-rq2-overhead-scaling-final-v1--recommended--rq2_full_scale--ce36b90111b7343e.json,7f2c97d62ce23ad57fcff7e971cd93eab6ca9c9680d6e3c12f47975094116468,0835011b951ee8b19dc2164201a6ce3880692e6bcdf237998d6f79770bbc6869,identity-bearing path/account metadata pseudonymized; measurements unchanged
outputs/sigmetrics/rq2_overhead_scaling/recommended/rq2_full_scale/manifests/runs/sigmetrics-rq2-overhead-scaling-final-v1--recommended--rq2_full_scale--cf212a82ede58009.json,784bea4c247157c20eb607d5be508bb2b8cdb53e680aea8e38f65489ac13c748,c39efcdb2c86e56b53de58f70c19d881d49320bea2813519055a27a7196a3912,identity-bearing path/account metadata pseudonymized; measurements unchanged
outputs/sigmetrics/rq2_overhead_scaling/recommended/rq2_full_scale/manifests/runs/sigmetrics-rq2-overhead-scaling-final-v1--recommended--rq2_full_scale--d014a08e028e0eb8.json,ae30c4be617b2c1db6bc29d88545f4878d411ccac578d0ba7ff08b7b2da8f6cc,a68809f8451a8959ba7013efaee460e9ceb8c0e12727ca2aae9785428b420a3a,identity-bearing path/account metadata pseudonymized; measurements unchanged
outputs/sigmetrics/rq2_overhead_scaling/recommended/rq2_full_scale/manifests/runs/sigmetrics-rq2-overhead-scaling-final-v1--recommended--rq2_full_scale--d12c654de291dc57.json,b755427454d124a57f82ba836bbd8be964bd16cffebde4f5a8a9eb482219582f,a3556d56ed65dd1e8252a2f0555cf39fa17fcc12ace05f93b21ebd321bd45811,identity-bearing path/account metadata pseudonymized; measurements unchanged
outputs/sigmetrics/rq2_overhead_scaling/recommended/rq2_full_scale/manifests/runs/sigmetrics-rq2-overhead-scaling-final-v1--recommended--rq2_full_scale--d23bc25a194bbd59.json,fb79cf69e854b5abe05757ef154b59000b51c5baf5f3c6a73c3d2766ed48aebc,96b78bf8286590000696fed619779543395f703e4b24407f69f84c0bc387697e,identity-bearing path/account metadata pseudonymized; measurements unchanged
outputs/sigmetrics/rq2_overhead_scaling/recommended/rq2_full_scale/manifests/runs/sigmetrics-rq2-overhead-scaling-final-v1--recommended--rq2_full_scale--d2c589a7d08ffb87.json,af428927c9a493942dfd1370088d5b5da368a830b39a1dfc5db8d2ea52e11de8,4ee0754136cf25eaad992b2cca92c3a4431a0415c953d38ff0313bb9188148e1,identity-bearing path/account metadata pseudonymized; measurements unchanged
outputs/sigmetrics/rq2_overhead_scaling/recommended/rq2_full_scale/manifests/runs/sigmetrics-rq2-overhead-scaling-final-v1--recommended--rq2_full_scale--d2f6deac0da31556.json,662f38bc264a3c1c3bf5b8d3cf49fbaa4e18634dbd9c373e293c6b57b7f76bb0,8f2d830995e337aba9d20631d271a8d4a7dfa910b60d8a9a5a2b5ae2c76d9968,identity-bearing path/account metadata pseudonymized; measurements unchanged
outputs/sigmetrics/rq2_overhead_scaling/recommended/rq2_full_scale/manifests/runs/sigmetrics-rq2-overhead-scaling-final-v1--recommended--rq2_full_scale--d307a468276d08b1.json,986a6e0d7672321aa80688dc65568ee12dfcfd94c5f7958543462576eff04d7d,c40c42fc6411bbdde962aa9cb0039137adb31ebd503a790b92c86c19961dacfd,identity-bearing path/account metadata pseudonymized; measurements unchanged
outputs/sigmetrics/rq2_overhead_scaling/recommended/rq2_full_scale/manifests/runs/sigmetrics-rq2-overhead-scaling-final-v1--recommended--rq2_full_scale--d308ac346c268ea8.json,e0a02e4e261582cf0379a6cf2ae0d1f73210b6fd1aa463a31704ea485ebdd6d3,f7c7c4430c50b95d7dd9b18ca0054d6c0cdc95834e52b150f67644ca4322ff22,identity-bearing path/account metadata pseudonymized; measurements unchanged
outputs/sigmetrics/rq2_overhead_scaling/recommended/rq2_full_scale/manifests/runs/sigmetrics-rq2-overhead-scaling-final-v1--recommended--rq2_full_scale--d36a3a2d95b8655c.json,a42c6037c09ad44c7ce46fef783307b161eed2ee14d141bb4038d91d2c074aa1,1dbf24d2b7d27f7c759e285707869852e09be1099b66f6b5ad2a8451e945fc95,identity-bearing path/account metadata pseudonymized; measurements unchanged
outputs/sigmetrics/rq2_overhead_scaling/recommended/rq2_full_scale/manifests/runs/sigmetrics-rq2-overhead-scaling-final-v1--recommended--rq2_full_scale--d3cdb2eae9f7cf28.json,9015d80defbf72cc205e76e6cf814d22a68c741e35ce560f8deaea4db8299a84,1f5fe074160b5b056d08975426aeb79e2b8a41963d59ac4db891d618abf166b0,identity-bearing path/account metadata pseudonymized; measurements unchanged
outputs/sigmetrics/rq2_overhead_scaling/recommended/rq2_full_scale/manifests/runs/sigmetrics-rq2-overhead-scaling-final-v1--recommended--rq2_full_scale--d4b3cada504cc300.json,93dfccea7fe0c36bc43570a310e4ac0f74a54f338e9a96251c13e6a01e1f3879,5e40c02ae5e4847e5ba6bd814ecbd4ebfed04bcec6b33b6c7a5d7f810e903cb9,identity-bearing path/account metadata pseudonymized; measurements unchanged
outputs/sigmetrics/rq2_overhead_scaling/recommended/rq2_full_scale/manifests/runs/sigmetrics-rq2-overhead-scaling-final-v1--recommended--rq2_full_scale--d5a733d9de1f6722.json,50aa8010d5bf81731dbc010eb4b53e4d7aee906f030b22306587b976e37af0f4,7af167581c98ad634497842c5a728fb4eaecb7b249594138c54727e76b80e3e5,identity-bearing path/account metadata pseudonymized; measurements unchanged
outputs/sigmetrics/rq2_overhead_scaling/recommended/rq2_full_scale/manifests/runs/sigmetrics-rq2-overhead-scaling-final-v1--recommended--rq2_full_scale--d5ad1c4473c07a87.json,9e9c6393ce2b14ec386c877d9ade00af88ad20a7899db0c14a836d930bae530e,82c2697ea9ad6b6291ce9d87cf3d39da96316a93689986fa051bd3c07a94e2b1,identity-bearing path/account metadata pseudonymized; measurements unchanged
outputs/sigmetrics/rq2_overhead_scaling/recommended/rq2_full_scale/manifests/runs/sigmetrics-rq2-overhead-scaling-final-v1--recommended--rq2_full_scale--d60a22a6e7c52f95.json,8e100c025164c9bd040f62c69f15cd452a0e0490f74bee5dca37716b30457f7a,d0d16624ae4de4bb9bf7bb7c57ae57ae9a1edb92c2380063ae93ce1bc63c6912,identity-bearing path/account metadata pseudonymized; measurements unchanged
outputs/sigmetrics/rq2_overhead_scaling/recommended/rq2_full_scale/manifests/runs/sigmetrics-rq2-overhead-scaling-final-v1--recommended--rq2_full_scale--d61a47b4a65dc80e.json,05d92238f71a68a84ef9ccc9969045f3d439c7fa48fdc1d4f2765e8d91120f5f,91c36aff7eb38261dc16aa4d626a1b67ed50cecd4b730ed489b246ea8ae3e021,identity-bearing path/account metadata pseudonymized; measurements unchanged
outputs/sigmetrics/rq2_overhead_scaling/recommended/rq2_full_scale/manifests/runs/sigmetrics-rq2-overhead-scaling-final-v1--recommended--rq2_full_scale--d67d2d46f4d199db.json,2c229ca56d7dd943f6c31078bed7972fbb82e6abd2f0f5263eb9e0184cb5d6ce,3668d611454838af3c6f2aa03002e8bbee5a7e5ebffe6e054a3916dabca72762,identity-bearing path/account metadata pseudonymized; measurements unchanged
outputs/sigmetrics/rq2_overhead_scaling/recommended/rq2_full_scale/manifests/runs/sigmetrics-rq2-overhead-scaling-final-v1--recommended--rq2_full_scale--d69919236d4215e7.json,2894343f885d0fc691604b95d0aa1df5f1c5be5e4c5e1ae4deaa8fe3d37bf934,f70e5c61513f1e4587d3e6b5dbe18e2b5e80734d57756df189aa96bae04bfedc,identity-bearing path/account metadata pseudonymized; measurements unchanged
outputs/sigmetrics/rq2_overhead_scaling/recommended/rq2_full_scale/manifests/runs/sigmetrics-rq2-overhead-scaling-final-v1--recommended--rq2_full_scale--d73a47aae3ece6a4.json,db77cc634e2cbac50bdf5a3e871082ff5e3b0c068f9345a007e4597dca8e7e09,bc8cd321c2a1a9beb299aeebe9e535e0ddc488e971db143aa345ecb43020c3ad,identity-bearing path/account metadata pseudonymized; measurements unchanged
outputs/sigmetrics/rq2_overhead_scaling/recommended/rq2_full_scale/manifests/runs/sigmetrics-rq2-overhead-scaling-final-v1--recommended--rq2_full_scale--d87bdeb010f71345.json,e5c6e5cbb2cce25fb2741868d122f00eab2a39624facca7db16caa96d6994373,c25fb595037cad13c2a74d90c51d8d321bf41c708bd3f4a7c1263787a86a63ec,identity-bearing path/account metadata pseudonymized; measurements unchanged
outputs/sigmetrics/rq2_overhead_scaling/recommended/rq2_full_scale/manifests/runs/sigmetrics-rq2-overhead-scaling-final-v1--recommended--rq2_full_scale--d8e38b6bd9e8dcce.json,565c5b273c8d3395f8e27bda39630bc80dad5fe8fd8f5cf5cdda4f1f4ceef682,2ede65148beea167d491806ab8e747c6511bf35db721380a720e3d32e4654e73,identity-bearing path/account metadata pseudonymized; measurements unchanged
outputs/sigmetrics/rq2_overhead_scaling/recommended/rq2_full_scale/manifests/runs/sigmetrics-rq2-overhead-scaling-final-v1--recommended--rq2_full_scale--d9400ec579910458.json,2c4a08fe713a81c64d308761e9a4e546aa2e8bb0a27b23227773682eb388ac9c,a782c7ff3366bc1705e66846655c62b9e08139bcd9ffc0daf34549d8f2e1c355,identity-bearing path/account metadata pseudonymized; measurements unchanged
outputs/sigmetrics/rq2_overhead_scaling/recommended/rq2_full_scale/manifests/runs/sigmetrics-rq2-overhead-scaling-final-v1--recommended--rq2_full_scale--d9b5b7ed54afe6d3.json,c6e696da1da4481224f2e20597e75aa7bc52d8fd71431a688788fc85e10e119d,7ae067eec0f817b7edd8bb8f7f13a1cb6f65f4ddcf1520d2c18fb7de26d97bfe,identity-bearing path/account metadata pseudonymized; measurements unchanged
outputs/sigmetrics/rq2_overhead_scaling/recommended/rq2_full_scale/manifests/runs/sigmetrics-rq2-overhead-scaling-final-v1--recommended--rq2_full_scale--da1d95f8b12d307e.json,4a6288f4cca09458520ddbad1e6ee863682ef9239eb50d55387029aa4c454132,acc853aa352f3840fda97d0ec555fb29111f55ba2c7e27c64ce5a6f41eeb5a50,identity-bearing path/account metadata pseudonymized; measurements unchanged
outputs/sigmetrics/rq2_overhead_scaling/recommended/rq2_full_scale/manifests/runs/sigmetrics-rq2-overhead-scaling-final-v1--recommended--rq2_full_scale--da9ef525636314ed.json,a042404c1272319346db06a0df6b66099965b2da9788c0d539c794908df5fd03,2be2cc17e32affc00acd1e2a4336a04d188f04d2594ad3340dd6c40c585f7d06,identity-bearing path/account metadata pseudonymized; measurements unchanged
outputs/sigmetrics/rq2_overhead_scaling/recommended/rq2_full_scale/manifests/runs/sigmetrics-rq2-overhead-scaling-final-v1--recommended--rq2_full_scale--daaea14690eb84ff.json,7ce1b56fabfa81d35053e24d9753ea5441dc86c5988ded226fad2bf343e74152,e4d688685584bc4580b22378327ca308fc446d64f71210a25e1e04a9a67c2ddd,identity-bearing path/account metadata pseudonymized; measurements unchanged
outputs/sigmetrics/rq2_overhead_scaling/recommended/rq2_full_scale/manifests/runs/sigmetrics-rq2-overhead-scaling-final-v1--recommended--rq2_full_scale--dafc8c1dbc6d8381.json,ceb80f153475b2c3b7cc7ee0e5b2d01c0327d588f85db42842262fc1fc12f6a7,34a5bc5fca16a9d81a499b17f8abf16bee3de77cfdd2b4ad1eddd73d22124c3c,identity-bearing path/account metadata pseudonymized; measurements unchanged
outputs/sigmetrics/rq2_overhead_scaling/recommended/rq2_full_scale/manifests/runs/sigmetrics-rq2-overhead-scaling-final-v1--recommended--rq2_full_scale--dc0f9c3a95614758.json,efaf14ad3ed9cf96d5e627432e186d052354e866cd2f772e527d8985eda3a79e,51eb1a5d991515e4be98e82f0b48deaf66d70cbeac371768f2a45cf99afc809d,identity-bearing path/account metadata pseudonymized; measurements unchanged
outputs/sigmetrics/rq2_overhead_scaling/recommended/rq2_full_scale/manifests/runs/sigmetrics-rq2-overhead-scaling-final-v1--recommended--rq2_full_scale--dc6781d23cbeda5d.json,f138453d33d9ef8fe788329de54273b692ab71bf76c895c7226585c8aef573ea,8295cbe39e67170ad00246b12582687ea17edbab37e9c6c8ef95c6d64b61bc61,identity-bearing path/account metadata pseudonymized; measurements unchanged
outputs/sigmetrics/rq2_overhead_scaling/recommended/rq2_full_scale/manifests/runs/sigmetrics-rq2-overhead-scaling-final-v1--recommended--rq2_full_scale--dc6d7d603bb44d96.json,e40921d0ab2af7a26d490476243eb5679c6bb441869e67a86b123194e45c281f,111dea0f62e0aa1de28863d64f707214e66076e617a55ee75a3c6fd9ad0458cd,identity-bearing path/account metadata pseudonymized; measurements unchanged
outputs/sigmetrics/rq2_overhead_scaling/recommended/rq2_full_scale/manifests/runs/sigmetrics-rq2-overhead-scaling-final-v1--recommended--rq2_full_scale--dce8e476e6e2557f.json,88a4228864ee0ac599f530131d7ead8f86c8874e76acb35df2ee7eae753138da,fdeb4805920b15be62a46b5bc1424ff2dd0eff019618dae6aea4fda44a507556,identity-bearing path/account metadata pseudonymized; measurements unchanged
outputs/sigmetrics/rq2_overhead_scaling/recommended/rq2_full_scale/manifests/runs/sigmetrics-rq2-overhead-scaling-final-v1--recommended--rq2_full_scale--dd6fea296f3a2a18.json,d0d407f19dfc7927a9bb173b2ca3b30a2d84162df5992ad161a97cf01378c73d,0d6aeeeee2d015ea587966c4cf6e5b2166584b58fac503b0bf58f435f38bdd00,identity-bearing path/account metadata pseudonymized; measurements unchanged
outputs/sigmetrics/rq2_overhead_scaling/recommended/rq2_full_scale/manifests/runs/sigmetrics-rq2-overhead-scaling-final-v1--recommended--rq2_full_scale--de0756f6f63a5e2b.json,125c56bb9ef67bddb92502cde1ab5d1ed0ffc0d58aa744b97383484c6e3dbdfa,c215c7a42b9c0e6420b9040ee40d4cfc1163b4eb6eb3e560e347159bb2a1c00e,identity-bearing path/account metadata pseudonymized; measurements unchanged
outputs/sigmetrics/rq2_overhead_scaling/recommended/rq2_full_scale/manifests/runs/sigmetrics-rq2-overhead-scaling-final-v1--recommended--rq2_full_scale--df6b509d10f31248.json,1fb596ac55b6db391e3aadecfc2aade6dbcbddea73b5fde3e8f7a000852a903a,2ece5f4b727948b9eeb6182cbe45c04ad9ff748700c28f49087f05b592d45611,identity-bearing path/account metadata pseudonymized; measurements unchanged
outputs/sigmetrics/rq2_overhead_scaling/recommended/rq2_full_scale/manifests/runs/sigmetrics-rq2-overhead-scaling-final-v1--recommended--rq2_full_scale--dfcefeb17fccfde7.json,d3134302cf7d0ebc0fc1aaadaeb59692bdaf095598fea6b6f2e9f7dfc6c12c1c,fdc69d271eec9837c1cbfd8ae10ec9d6f074dc55379c70d2c116579b640a0a69,identity-bearing path/account metadata pseudonymized; measurements unchanged
outputs/sigmetrics/rq2_overhead_scaling/recommended/rq2_full_scale/manifests/runs/sigmetrics-rq2-overhead-scaling-final-v1--recommended--rq2_full_scale--e1c6e6173b45d77d.json,a3722d12af18b8c2319f936bd8df14dd35edcd9e2c8ec127ba955450d86d9df2,1273450ae3fb5a82138da22b12259ed37056a4a60006d2487e3ff19836049b2b,identity-bearing path/account metadata pseudonymized; measurements unchanged
outputs/sigmetrics/rq2_overhead_scaling/recommended/rq2_full_scale/manifests/runs/sigmetrics-rq2-overhead-scaling-final-v1--recommended--rq2_full_scale--e345d8c7f6162639.json,a191aeb40cd7d7fb9d8627d156bfec3eb3d562e6b1543449c5d6d8a62876c6eb,c0b35cf15ea5bc781edb7750f1f3937a0b659518655ed1fa7fb1a13d6182d121,identity-bearing path/account metadata pseudonymized; measurements unchanged
outputs/sigmetrics/rq2_overhead_scaling/recommended/rq2_full_scale/manifests/runs/sigmetrics-rq2-overhead-scaling-final-v1--recommended--rq2_full_scale--e353285478f5d556.json,102cdf041efc1396fe6ffc0637a6253bf45862d79b68bf5d091979880c199f5c,15356266d09f4f938077f64e6d13457c940d1b38e09ad88adf638d219db6723f,identity-bearing path/account metadata pseudonymized; measurements unchanged
outputs/sigmetrics/rq2_overhead_scaling/recommended/rq2_full_scale/manifests/runs/sigmetrics-rq2-overhead-scaling-final-v1--recommended--rq2_full_scale--e45beb098f7c43e7.json,80867f680e56b272063b2507afa7606f80d83ec25f0dd4b827a659f73dd31a3e,da994bdf7b2e09720d343f3eb7f10b350634b997c7883fc3b687f59c95ad5326,identity-bearing path/account metadata pseudonymized; measurements unchanged
outputs/sigmetrics/rq2_overhead_scaling/recommended/rq2_full_scale/manifests/runs/sigmetrics-rq2-overhead-scaling-final-v1--recommended--rq2_full_scale--e4bc03aa8b144b9f.json,1118d108f56a2c89518be27ebf3750403cdd1f42e5d76eb201677ea69ce187bc,8b573f4a49b63c059fa161327bfc93215e983c1732c0a01613437521834f1461,identity-bearing path/account metadata pseudonymized; measurements unchanged
outputs/sigmetrics/rq2_overhead_scaling/recommended/rq2_full_scale/manifests/runs/sigmetrics-rq2-overhead-scaling-final-v1--recommended--rq2_full_scale--e5101f7b78032162.json,566b4d83ac4d3830d8d4630a72c8777365a8e6428bc46ea074d929306babd5a0,0fb04f76c024ed1b22edcf7f4b3e6b752a2fd86db826e5c7557c24e4a1f3aa59,identity-bearing path/account metadata pseudonymized; measurements unchanged
outputs/sigmetrics/rq2_overhead_scaling/recommended/rq2_full_scale/manifests/runs/sigmetrics-rq2-overhead-scaling-final-v1--recommended--rq2_full_scale--e516856b20a5a380.json,eb4b47302ad083d0732746894269b1abb085a8c134a6d301f99e32ec08b340e0,17d6df362214990cd44ed14f6906b5edb5ef673de78eae0143f6cb2e991baece,identity-bearing path/account metadata pseudonymized; measurements unchanged
outputs/sigmetrics/rq2_overhead_scaling/recommended/rq2_full_scale/manifests/runs/sigmetrics-rq2-overhead-scaling-final-v1--recommended--rq2_full_scale--e6b91a1b992399a1.json,daa7140bace14354fcc8213fdd713b18b6106af80267ea453836228d688d524d,289afe40c85bccb32f4272a1698f81a8015a4291da3198203cb50a6b2fb8a42d,identity-bearing path/account metadata pseudonymized; measurements unchanged
outputs/sigmetrics/rq2_overhead_scaling/recommended/rq2_full_scale/manifests/runs/sigmetrics-rq2-overhead-scaling-final-v1--recommended--rq2_full_scale--e6e6db7b476086d7.json,c22bfb3303803238c7fb40eeb918490d4f1f5fbc3bd3349d2abdcd7c1176fb47,8aaa9b05728d0b674f1bb2a45c413b1efaa3fc79fcd522b973433bbff849298f,identity-bearing path/account metadata pseudonymized; measurements unchanged
outputs/sigmetrics/rq2_overhead_scaling/recommended/rq2_full_scale/manifests/runs/sigmetrics-rq2-overhead-scaling-final-v1--recommended--rq2_full_scale--e78f4826e2376035.json,f13abef154ca1b472f490371cacf55f4c8cbdd616b33425be957cdb0a794ebe8,b89a5592ff489a88b24017cba942170f2285f21ede2ed0808d668b35b35cf3c3,identity-bearing path/account metadata pseudonymized; measurements unchanged
outputs/sigmetrics/rq2_overhead_scaling/recommended/rq2_full_scale/manifests/runs/sigmetrics-rq2-overhead-scaling-final-v1--recommended--rq2_full_scale--e8b950d5e53bd350.json,84d41a6c778b72d08cefe4f19b4470c1e2703d415f25b4c872d116d755fe8677,6c63027b0dbf591febc9604a1c7b0b0302fe0fcc7e2b094392f8ea7f58658978,identity-bearing path/account metadata pseudonymized; measurements unchanged
outputs/sigmetrics/rq2_overhead_scaling/recommended/rq2_full_scale/manifests/runs/sigmetrics-rq2-overhead-scaling-final-v1--recommended--rq2_full_scale--e8ced911f85a817b.json,14873f4cfa527b271ae200b29fb3e065ba8bc11742b6e5abd2be0edefa1e1846,2f2ddb4f57c6cb400da924ff1615ea1d6136fd3925d2765d80ecad2c01d23ac5,identity-bearing path/account metadata pseudonymized; measurements unchanged
outputs/sigmetrics/rq2_overhead_scaling/recommended/rq2_full_scale/manifests/runs/sigmetrics-rq2-overhead-scaling-final-v1--recommended--rq2_full_scale--e8cf713193ef9ada.json,7666fd0c2667ca150f3dd6f2905f0a5f4ac43eb76acc8c604579ade66f993dd1,243dec1b2214d350046a51bb7fc019476ca6b9934e99c9e31a9cfa80fa658391,identity-bearing path/account metadata pseudonymized; measurements unchanged
outputs/sigmetrics/rq2_overhead_scaling/recommended/rq2_full_scale/manifests/runs/sigmetrics-rq2-overhead-scaling-final-v1--recommended--rq2_full_scale--ea76308b19791f35.json,59abada805b6672d5dbf5b85f82f4ec2361aedbedbbaccc3be8f7162c8a6eb15,40409d0bd25c5666c6c18916f0372aeb78371869b262a01fd229dd92976adf9a,identity-bearing path/account metadata pseudonymized; measurements unchanged
outputs/sigmetrics/rq2_overhead_scaling/recommended/rq2_full_scale/manifests/runs/sigmetrics-rq2-overhead-scaling-final-v1--recommended--rq2_full_scale--ec2fa2cca3a74dbd.json,3e32c09cfdb98807c6b33c4e6909245b380ec9e8b8b743b808c50b2dbbfa35fc,7eef0d62882294409a81f441cf320df6c96ec46d33ecd5b30f967b4dab7ab163,identity-bearing path/account metadata pseudonymized; measurements unchanged
outputs/sigmetrics/rq2_overhead_scaling/recommended/rq2_full_scale/manifests/runs/sigmetrics-rq2-overhead-scaling-final-v1--recommended--rq2_full_scale--ec49c9e1e97d73d5.json,8c2641457a3b06b44be2bec7b8b8cd21df68236f98ce6d235316bd3985b2956a,e9a0c358e689a521d8745367467d27138c0a44264de1e5fa484f3962c9e158ba,identity-bearing path/account metadata pseudonymized; measurements unchanged
outputs/sigmetrics/rq2_overhead_scaling/recommended/rq2_full_scale/manifests/runs/sigmetrics-rq2-overhead-scaling-final-v1--recommended--rq2_full_scale--ed0e406ce86d2813.json,d2b9d6a611e78289f014d79a387e25c3712a0cb83d5c9bd54ddb0e1835841777,5747e67e4c4c642d3266914880627c46a1567d849e6f1c7c5ad9591e2612029f,identity-bearing path/account metadata pseudonymized; measurements unchanged
outputs/sigmetrics/rq2_overhead_scaling/recommended/rq2_full_scale/manifests/runs/sigmetrics-rq2-overhead-scaling-final-v1--recommended--rq2_full_scale--ed152155c28b989b.json,70fe14a4c3400f237bf6c3d0b3c31401dd3ed914bea1c057018ba27b2d95a143,52b4dec55126b06f763175fb7275d067c7c3a3afcb20161dfc903f5162034d68,identity-bearing path/account metadata pseudonymized; measurements unchanged
outputs/sigmetrics/rq2_overhead_scaling/recommended/rq2_full_scale/manifests/runs/sigmetrics-rq2-overhead-scaling-final-v1--recommended--rq2_full_scale--ed2b3869a43021ca.json,e176b59ee05d64a359910fd64e23bb6fc69847217c74430360e37a7e94071787,62206f128cd000478017debcb16a865031f79778207d24c17385970e5b597e17,identity-bearing path/account metadata pseudonymized; measurements unchanged
outputs/sigmetrics/rq2_overhead_scaling/recommended/rq2_full_scale/manifests/runs/sigmetrics-rq2-overhead-scaling-final-v1--recommended--rq2_full_scale--eda75cb258ceb152.json,b1818adb49ad1622ca1a3ed0d3406b04c88247098135dca9cc4ae1180720cc17,7622a37cfa9d6220afa89d1c1fdce3454d94f637c9ed58787e99be45cbce3e51,identity-bearing path/account metadata pseudonymized; measurements unchanged
outputs/sigmetrics/rq2_overhead_scaling/recommended/rq2_full_scale/manifests/runs/sigmetrics-rq2-overhead-scaling-final-v1--recommended--rq2_full_scale--edb1e61d7ac1c2ee.json,d2295284252db72e9c9c6565f6bc95dfc6488b7943e21b62261208908ebda9e2,8b456958b66705403f1753fedaec6129d5c4d1f5601851da7ca8c03c09b9805a,identity-bearing path/account metadata pseudonymized; measurements unchanged
outputs/sigmetrics/rq2_overhead_scaling/recommended/rq2_full_scale/manifests/runs/sigmetrics-rq2-overhead-scaling-final-v1--recommended--rq2_full_scale--ee823d3a28077c9f.json,e673d3946cd3429ce175581125d08c32dbecee6eff260d2e706baf704c4c190c,7120922e6490dc383cf79684462cfa7787d56fc8be058d8e82b86d0190c2c218,identity-bearing path/account metadata pseudonymized; measurements unchanged
outputs/sigmetrics/rq2_overhead_scaling/recommended/rq2_full_scale/manifests/runs/sigmetrics-rq2-overhead-scaling-final-v1--recommended--rq2_full_scale--eeacb93babe72357.json,0880780ff2ec9545ff8d467afa315e31700d3c49c9a8f7a72787b64b96dcfde2,c53a29b4fe4145018815a29819a2f07c9feb818e97496e7515a10a0cb43291fd,identity-bearing path/account metadata pseudonymized; measurements unchanged
outputs/sigmetrics/rq2_overhead_scaling/recommended/rq2_full_scale/manifests/runs/sigmetrics-rq2-overhead-scaling-final-v1--recommended--rq2_full_scale--eed1144c068cec2d.json,8182768a118cdc597ff4e58662f1ae86f9f271a0943f728838566ba217e306a4,1f2add4918878dbfc05386886c24666fe613720ce06682bcb76c14b6cdcdf90a,identity-bearing path/account metadata pseudonymized; measurements unchanged
outputs/sigmetrics/rq2_overhead_scaling/recommended/rq2_full_scale/manifests/runs/sigmetrics-rq2-overhead-scaling-final-v1--recommended--rq2_full_scale--ef79f1c87b1c6988.json,c002d54749c1b9593c2af0a61f5f487b7f71a541715232d132afe6bd4d2a36cc,0e97d6aaad95a26ad27220c398a79b62fc590eee92e31354ddf34a3f70b1ba96,identity-bearing path/account metadata pseudonymized; measurements unchanged
outputs/sigmetrics/rq2_overhead_scaling/recommended/rq2_full_scale/manifests/runs/sigmetrics-rq2-overhead-scaling-final-v1--recommended--rq2_full_scale--eff55bad6dbb07a2.json,41d781649f7b54939745f8ed3a12f8a84f9ec3bf9972ee0b8dba1225eb81af57,64d2ad8579fb78b81a19dca4e528cdabaa6c4a30f86d7c34cc2c03976ddae0aa,identity-bearing path/account metadata pseudonymized; measurements unchanged
outputs/sigmetrics/rq2_overhead_scaling/recommended/rq2_full_scale/manifests/runs/sigmetrics-rq2-overhead-scaling-final-v1--recommended--rq2_full_scale--f031fdd4bde2557c.json,077029ba9f22e204ceaa4f475892ce9852ce0f39c7a6260824d730a5d3c31204,ed26019548ae5064dfa2e19ab10ba6dded20d79a9d48f2e5481bc43705a23b41,identity-bearing path/account metadata pseudonymized; measurements unchanged
outputs/sigmetrics/rq2_overhead_scaling/recommended/rq2_full_scale/manifests/runs/sigmetrics-rq2-overhead-scaling-final-v1--recommended--rq2_full_scale--f104ae5f04712a44.json,53f8e88d9b6df80d2ec607c9ee9374a2321a42ac9588fb5fd79d784ab5902b90,7eb67580d1bb5f313c26fc30e7b4d438919d4eb97e70e84bd29bc566e8663bb9,identity-bearing path/account metadata pseudonymized; measurements unchanged
outputs/sigmetrics/rq2_overhead_scaling/recommended/rq2_full_scale/manifests/runs/sigmetrics-rq2-overhead-scaling-final-v1--recommended--rq2_full_scale--f11d2fd8866de981.json,dafb3b7bce3c6707d877aa0da8da3c99c8ae611e874955014c78135e2830d616,0c9397ed56d18b8684e2a3b2d1568324c2c704800415bd17cde5e303cbe30de0,identity-bearing path/account metadata pseudonymized; measurements unchanged
outputs/sigmetrics/rq2_overhead_scaling/recommended/rq2_full_scale/manifests/runs/sigmetrics-rq2-overhead-scaling-final-v1--recommended--rq2_full_scale--f2fe6564e0013858.json,50a510fc41d27939926ce69a30725f1edf44223f7d0ba367a6849824c78d0766,2d6bcd17e66d60e27039ba37eabbc98f5bc9999dc38053cfd78a7a58a997ff80,identity-bearing path/account metadata pseudonymized; measurements unchanged
outputs/sigmetrics/rq2_overhead_scaling/recommended/rq2_full_scale/manifests/runs/sigmetrics-rq2-overhead-scaling-final-v1--recommended--rq2_full_scale--f30c8e97e11cb349.json,7636c96828749d64ec70a365f5fffd5038ef1aeda051272a24f4d4a628d8dce5,56730bf00116d6b876cb38ced4c66fc890b2b453b4c57cdb7cbb0824002b2776,identity-bearing path/account metadata pseudonymized; measurements unchanged
outputs/sigmetrics/rq2_overhead_scaling/recommended/rq2_full_scale/manifests/runs/sigmetrics-rq2-overhead-scaling-final-v1--recommended--rq2_full_scale--f45f2f353010b913.json,36cb2e94bd2dff362a852bcbda35294088de620e6f10a057606689f5fe78b8a3,8153c4a8a8a664542185106ee7c606dae43db008fbf6ef8a98be7a2ed22cfd42,identity-bearing path/account metadata pseudonymized; measurements unchanged
outputs/sigmetrics/rq2_overhead_scaling/recommended/rq2_full_scale/manifests/runs/sigmetrics-rq2-overhead-scaling-final-v1--recommended--rq2_full_scale--f4eaaba8df77f4d8.json,0beb7c7d591ec5059674caadcf70b735bb59c3cc48249965325a8b5b0b486773,9f393bd715d4b55efc3e9e1e36988548ef2417811b5bd6edd02d8ab493b8bcfe,identity-bearing path/account metadata pseudonymized; measurements unchanged
outputs/sigmetrics/rq2_overhead_scaling/recommended/rq2_full_scale/manifests/runs/sigmetrics-rq2-overhead-scaling-final-v1--recommended--rq2_full_scale--f4f53f9f4213f01e.json,66f4fc3d750d85619c5fc29bf6d176caa34fa7922f3d0da4aa89543ae066475d,dcd743c00695724e1b44cd34f705f3996c9a822c54eb4efc8a9f856cab58b545,identity-bearing path/account metadata pseudonymized; measurements unchanged
outputs/sigmetrics/rq2_overhead_scaling/recommended/rq2_full_scale/manifests/runs/sigmetrics-rq2-overhead-scaling-final-v1--recommended--rq2_full_scale--f521681f8961c347.json,ff4c3c859ab627fe9263cc18f5dd4c885e9f9d814bb73429ed3122f1045cbd1d,f04a4b7253aafd3429dd4b627ee31ea11636b66fe510859d09b622f2bc394ade,identity-bearing path/account metadata pseudonymized; measurements unchanged
outputs/sigmetrics/rq2_overhead_scaling/recommended/rq2_full_scale/manifests/runs/sigmetrics-rq2-overhead-scaling-final-v1--recommended--rq2_full_scale--f5875da6ede250b0.json,672a0eea3fe8e20fcdeda54631e4a6df5475f8ce3cb851160c43e535f13aa40f,5cb4dc1c338487e9def612c1c7eba6649f75aed6b5406d8a1d8b52c15c5e86d2,identity-bearing path/account metadata pseudonymized; measurements unchanged
outputs/sigmetrics/rq2_overhead_scaling/recommended/rq2_full_scale/manifests/runs/sigmetrics-rq2-overhead-scaling-final-v1--recommended--rq2_full_scale--f62ad2e9791a8988.json,1757b62370a109570918cdef75771bf222158f84ce630744f439d4480f63480f,3f6bfdccc22b10108860eb9bf692dda93863c0cc5b8e3e65cda21307c7140e10,identity-bearing path/account metadata pseudonymized; measurements unchanged
outputs/sigmetrics/rq2_overhead_scaling/recommended/rq2_full_scale/manifests/runs/sigmetrics-rq2-overhead-scaling-final-v1--recommended--rq2_full_scale--f71b92a511881487.json,1fbe080fdc7c06f75a2dc732c25e2a0785789e6cb0b5f22a924742a1b459481f,db9e34fe55ed436b362f0c4a128f0f46248205127ca0a6ce8a1edba9ff5a397b,identity-bearing path/account metadata pseudonymized; measurements unchanged
outputs/sigmetrics/rq2_overhead_scaling/recommended/rq2_full_scale/manifests/runs/sigmetrics-rq2-overhead-scaling-final-v1--recommended--rq2_full_scale--f73612c6b05d3a91.json,4880113ae670728611f374ef74899c9fa9f67a06e20dea46b135711db2dc3cab,d0483b7228a751ccb0be3c6590d737e36aa58fa9fa999eeacc75f4d980ee957c,identity-bearing path/account metadata pseudonymized; measurements unchanged
outputs/sigmetrics/rq2_overhead_scaling/recommended/rq2_full_scale/manifests/runs/sigmetrics-rq2-overhead-scaling-final-v1--recommended--rq2_full_scale--f74d7cd6c6996389.json,f740293110e2a64918d924ac80d53875ae5e790d869ca0052dd3fa8bd2217669,9feeff4542e9e2f68184ec524831e1877a4e1639cf037f0d5077966781300b32,identity-bearing path/account metadata pseudonymized; measurements unchanged
outputs/sigmetrics/rq2_overhead_scaling/recommended/rq2_full_scale/manifests/runs/sigmetrics-rq2-overhead-scaling-final-v1--recommended--rq2_full_scale--f758a1870c6576eb.json,2542691482f46519480e2c96b954afc48b25a9f6b09f9f7114c9a0ce54c6bd26,0e7ce1f5dac5ce68d6a4acb29f90e35a11b493a29d409b11ff35d8d097601845,identity-bearing path/account metadata pseudonymized; measurements unchanged
outputs/sigmetrics/rq2_overhead_scaling/recommended/rq2_full_scale/manifests/runs/sigmetrics-rq2-overhead-scaling-final-v1--recommended--rq2_full_scale--f7f3360863d45dda.json,4c7685b3fc88f740fcc6a0816d85854877b89dffa835eeba31d33bf53f08492b,92d0fe0a222154d18312bc6a52205de4019a89f041986d56f673730e0efbf9c0,identity-bearing path/account metadata pseudonymized; measurements unchanged
outputs/sigmetrics/rq2_overhead_scaling/recommended/rq2_full_scale/manifests/runs/sigmetrics-rq2-overhead-scaling-final-v1--recommended--rq2_full_scale--f95f0f5909ba9ba6.json,aa1c642ed03dbdc1680794566cfa65ac30eeb77d8329f80005c40cf038b31358,6fcc12b851fabe0c31026aadc70a318ee108e82fdfab29a8164f02fe41643b42,identity-bearing path/account metadata pseudonymized; measurements unchanged
outputs/sigmetrics/rq2_overhead_scaling/recommended/rq2_full_scale/manifests/runs/sigmetrics-rq2-overhead-scaling-final-v1--recommended--rq2_full_scale--fa3932bf09db3524.json,499bef100b26a2c1a90db46a12a8a422b49ad2cd8245879f131cad5de82f5775,0dae385b9d6087d2be6f8702c4186a58747d12dc1f2b922f85ce5d3a8e4c7bca,identity-bearing path/account metadata pseudonymized; measurements unchanged
outputs/sigmetrics/rq2_overhead_scaling/recommended/rq2_full_scale/manifests/runs/sigmetrics-rq2-overhead-scaling-final-v1--recommended--rq2_full_scale--fa88500cf26deb0e.json,5c562516e520cbeb17f6744b2ae1b3d0a48fc3a565797713277466c02f808685,104cc5257532e8ff923934596ecf58266f23a068fac787f12cd93c161093d33f,identity-bearing path/account metadata pseudonymized; measurements unchanged
outputs/sigmetrics/rq2_overhead_scaling/recommended/rq2_full_scale/manifests/runs/sigmetrics-rq2-overhead-scaling-final-v1--recommended--rq2_full_scale--faabce6faf368f12.json,a1faf7f0e3e49e8a9e0cbdeb7b605d07b3ed107d1c9e91af1d28d906a1f82187,103bd7c8590b3dfd4654d6c570dcc267de13c329c72c6cdfac89f196be38fe84,identity-bearing path/account metadata pseudonymized; measurements unchanged
outputs/sigmetrics/rq2_overhead_scaling/recommended/rq2_full_scale/manifests/runs/sigmetrics-rq2-overhead-scaling-final-v1--recommended--rq2_full_scale--fb079f49659d7e01.json,b96af8acffe1fd03889ffcb16500f24bca4b1f67f0a5ff9189643388314fb0a7,1c3cc5b878d812fa790504fa9bc9582aa645a7b0baffba289e7ea6c28ae36274,identity-bearing path/account metadata pseudonymized; measurements unchanged
outputs/sigmetrics/rq2_overhead_scaling/recommended/rq2_full_scale/manifests/runs/sigmetrics-rq2-overhead-scaling-final-v1--recommended--rq2_full_scale--fb79cb21efc1b39f.json,c0b0a16b692806c8a3a75e51f17bd1c863f5430c503c27c17427fdbde9a9e215,37d3f4d495036d3b0f4ab26bb627750bb618ece8f8795f27f0d0e48026bd9787,identity-bearing path/account metadata pseudonymized; measurements unchanged
outputs/sigmetrics/rq2_overhead_scaling/recommended/rq2_full_scale/manifests/runs/sigmetrics-rq2-overhead-scaling-final-v1--recommended--rq2_full_scale--fc2c51af81873e8e.json,ba8c6644e85b084e6a01634b863ea76d6a6a389e5278a1e1db9dfaaad5d2ba68,732933c86c4aaa7d981b3661aa946da929a5dbe109d12c10a2c217cbade00d36,identity-bearing path/account metadata pseudonymized; measurements unchanged
outputs/sigmetrics/rq2_overhead_scaling/recommended/rq2_full_scale/manifests/runs/sigmetrics-rq2-overhead-scaling-final-v1--recommended--rq2_full_scale--fc4bbf8d5c16d9a1.json,faae650f7618db17af53b472608ef22afe26f04537bea56118b30d63c204aafc,a6aaa1aee956e3cffe42640710f7a446273bfaba64abb26b2af74baf0a1c2f82,identity-bearing path/account metadata pseudonymized; measurements unchanged
outputs/sigmetrics/rq2_overhead_scaling/recommended/rq2_full_scale/manifests/runs/sigmetrics-rq2-overhead-scaling-final-v1--recommended--rq2_full_scale--fc82323bfa6dd550.json,8d51c22478313d880c39de88379dd837bdb72d9eb913f6d3a7f22a51cb7fcf0d,a613355b001c15b19401eedc9aabd60b7e8464b2af6f7d3be5fba0e6af09d052,identity-bearing path/account metadata pseudonymized; measurements unchanged
outputs/sigmetrics/rq2_overhead_scaling/recommended/rq2_full_scale/manifests/runs/sigmetrics-rq2-overhead-scaling-final-v1--recommended--rq2_full_scale--fd0c586f0fa278f0.json,4e4f32c50693f7ca6938d8e811adbc196bca45f7add58bee6f92f5b6f68aef8b,ec58c008c1fc00655174d861a00c0ad7988ee2e62cd3fd3a268565e3cfd391d2,identity-bearing path/account metadata pseudonymized; measurements unchanged
outputs/sigmetrics/rq2_overhead_scaling/recommended/rq2_full_scale/manifests/runs/sigmetrics-rq2-overhead-scaling-final-v1--recommended--rq2_full_scale--ff4b3aa0cacc2178.json,d75cec62c08d1dbb39d491c4eb3797721c3e2d11ac98d1d218c8d48b39924d65,eff7b0a3381d0dcc66ee375c724bfa5ac3a58b1645fcfeb1ac31b76f115d1023,identity-bearing path/account metadata pseudonymized; measurements unchanged
outputs/sigmetrics/rq2_overhead_scaling/recommended/rq2_full_scale/manifests/runs/sigmetrics-rq2-overhead-scaling-final-v1--recommended--rq2_full_scale--ff82e6cfb9cfcae4.json,a4d5b4ce196783727ac5e23f4d4c95178ddac2448e17cf310a8d936eb1fce08b,4f98011af7173dfb15131680533037915cbdc2dbb57532f9c9bb99c4ceb51685,identity-bearing path/account metadata pseudonymized; measurements unchanged
outputs/sigmetrics/rq2_overhead_scaling/recommended/rq2_full_scale/manifests/runs/sigmetrics-rq2-overhead-scaling-final-v1--recommended--rq2_full_scale--ffe3d6d18a140690.json,b20dbb807436258c107600536ad71593579797e1104ea06b7b162f208406e3df,6e61b43721be01f9ed43b0de1a3bf96a53e20d9c500a44624a8a18c95f2fa41b,identity-bearing path/account metadata pseudonymized; measurements unchanged
outputs/sigmetrics/rq2_overhead_scaling/recommended/rq2_full_scale/processed/validation_report.json,2936b7453f1223c266835606825793f209932a4149217b82008942525e7d62ba,d174dd91e097a9e94c6c0c039ea2caefbbf4770dae339bd7a9ff0ad849db34f4,identity-bearing path/account metadata pseudonymized; measurements unchanged
outputs/sigmetrics/rq2_overhead_scaling/recommended/rq2_full_scale/raw/runs/sigmetrics-rq2-overhead-scaling-final-v1--recommended--rq2_full_scale--00f7367f9690b1ce.json,9671ca230adc9d9c52c86d5515f08a252f65224b303ce6df35750d9be8ebc5e6,988485794d4da95eedcbacc9cb6559f40e138a03605d03b59ad201a2e544e39a,identity-bearing path/account metadata pseudonymized; measurements unchanged
outputs/sigmetrics/rq2_overhead_scaling/recommended/rq2_full_scale/raw/runs/sigmetrics-rq2-overhead-scaling-final-v1--recommended--rq2_full_scale--01238719265d167d.json,66f2c78f63cc24e0b78ac2d11624479b1c6cc8a628a6e27cb77703af46d7fd4a,60e0d155d7542e6db94d90ac20cc79b426700755b5151aeb5b573349357eb96a,identity-bearing path/account metadata pseudonymized; measurements unchanged
outputs/sigmetrics/rq2_overhead_scaling/recommended/rq2_full_scale/raw/runs/sigmetrics-rq2-overhead-scaling-final-v1--recommended--rq2_full_scale--013c1284856254b4.json,9269c4615aabe2956b19fb45bb559a4bba0631f81ff2d7e365b72a4591baf7e0,b396d44e63965241a934b08635cbe28362059f96cdfbddc47f6ef267ec4b2bbb,identity-bearing path/account metadata pseudonymized; measurements unchanged
outputs/sigmetrics/rq2_overhead_scaling/recommended/rq2_full_scale/raw/runs/sigmetrics-rq2-overhead-scaling-final-v1--recommended--rq2_full_scale--01e6ed4594cd86d8.json,07e9c6d724dd26af1fab5ab79b045202ad7815abbbe213dcafd7eed26daf3fbc,6c7801562cca2c8480a016343b8358d08b220e5d5af198cf12edbcbf1bacce49,identity-bearing path/account metadata pseudonymized; measurements unchanged
outputs/sigmetrics/rq2_overhead_scaling/recommended/rq2_full_scale/raw/runs/sigmetrics-rq2-overhead-scaling-final-v1--recommended--rq2_full_scale--0220b5d8b99231ef.json,8905300980cc56478ca72b6b2fbc61cf032278e9d74409a2646b69a4fc862efc,3c78125a1f23c285813241305e28452d4fda77cd03a9b1bfcbab7a7b9f2703ef,identity-bearing path/account metadata pseudonymized; measurements unchanged
outputs/sigmetrics/rq2_overhead_scaling/recommended/rq2_full_scale/raw/runs/sigmetrics-rq2-overhead-scaling-final-v1--recommended--rq2_full_scale--02e9809490e563a4.json,26b5b27ace03bbd600ea29871d47cb3f7d8849b50f705081c3dee5e4bbe45084,1fc9fde9f5677b79c8251f13a8b3e2659c4b6351c7c1698ffad848f7e82b2cc8,identity-bearing path/account metadata pseudonymized; measurements unchanged
outputs/sigmetrics/rq2_overhead_scaling/recommended/rq2_full_scale/raw/runs/sigmetrics-rq2-overhead-scaling-final-v1--recommended--rq2_full_scale--038b39b71b2ceb5a.json,c1525005e286daec939a9b066b281320f74bb42145a3ada3700de8c39bed2b16,05e054ec220d5e7bc9eae77cb1013f3093bd5235a99ada0b298a061f69d904cb,identity-bearing path/account metadata pseudonymized; measurements unchanged
outputs/sigmetrics/rq2_overhead_scaling/recommended/rq2_full_scale/raw/runs/sigmetrics-rq2-overhead-scaling-final-v1--recommended--rq2_full_scale--03aa9866b988c6c1.json,cf58ec11b4496deb269301c1d4cef26631886cc96b01c10558fde898a9698785,0f6f3f04906a542c172555ad17cab2d11bc3dcb361688e0113d6f7c2c4617181,identity-bearing path/account metadata pseudonymized; measurements unchanged
outputs/sigmetrics/rq2_overhead_scaling/recommended/rq2_full_scale/raw/runs/sigmetrics-rq2-overhead-scaling-final-v1--recommended--rq2_full_scale--03efe2fd058ea689.json,0ab0b39ccd8a6e9831c3428089068b0503a01e3ed134e8da8272b61cee3ae1cd,211e2f4079a87adfe5c9e593b2324c63b8249f64af255433b372ddcfb41c38c9,identity-bearing path/account metadata pseudonymized; measurements unchanged
outputs/sigmetrics/rq2_overhead_scaling/recommended/rq2_full_scale/raw/runs/sigmetrics-rq2-overhead-scaling-final-v1--recommended--rq2_full_scale--05664ef54e12d750.json,ad2873ee5234f23caedfa9cf42f70e650156f0719a7c5e9beb3fe6051d3bd416,1d411fde6e91c703525726ddf092ac0e302a7ad9c01647be662675c041d818b7,identity-bearing path/account metadata pseudonymized; measurements unchanged
outputs/sigmetrics/rq2_overhead_scaling/recommended/rq2_full_scale/raw/runs/sigmetrics-rq2-overhead-scaling-final-v1--recommended--rq2_full_scale--058ef389176ed4a1.json,0cc9118e2a4c92c5bf38a5984438d014abe150d49e721ab997165855894137c6,ab47d2dc64c3ea51eb48c618e5d7e98bcc3857e0740ec6a221ae59013d9855e6,identity-bearing path/account metadata pseudonymized; measurements unchanged
outputs/sigmetrics/rq2_overhead_scaling/recommended/rq2_full_scale/raw/runs/sigmetrics-rq2-overhead-scaling-final-v1--recommended--rq2_full_scale--0623e021b02ebb01.json,5c14bb017050c43409320ebf5831a2575800375b08957af98c9496cbeef090f5,fb2b79ce6303b3bfa7eff6b2aeb6049796be1b38b687002173b5148d29652e5e,identity-bearing path/account metadata pseudonymized; measurements unchanged
outputs/sigmetrics/rq2_overhead_scaling/recommended/rq2_full_scale/raw/runs/sigmetrics-rq2-overhead-scaling-final-v1--recommended--rq2_full_scale--06767c295934e319.json,f4f4191ea32b2709c221e7c8b91bd942c18563f0489b5cbf8419e41051d74c21,4644749fcb31bc90cc341864ebb6253158105304d9c10d2627cb573a8d5f57ed,identity-bearing path/account metadata pseudonymized; measurements unchanged
outputs/sigmetrics/rq2_overhead_scaling/recommended/rq2_full_scale/raw/runs/sigmetrics-rq2-overhead-scaling-final-v1--recommended--rq2_full_scale--077e8f16c075b4ba.json,19441cbee55230922fe106172ed24ff736cd10e9c59751dcd34fab16b8e5c98d,a156e1b990800e7c2283e5428937fc1e74578c9d9e146bb600121c7928000c02,identity-bearing path/account metadata pseudonymized; measurements unchanged
outputs/sigmetrics/rq2_overhead_scaling/recommended/rq2_full_scale/raw/runs/sigmetrics-rq2-overhead-scaling-final-v1--recommended--rq2_full_scale--0889a1a4dd6a2e95.json,cb78cf9fdc5280e54bb910058fc6d156723d713acbbbf96c08ae5a5cb22d583b,9a170bcd053fc52cdd1a5d406d7589ff083cd3c60a9a0fbcb3d56753e22e8149,identity-bearing path/account metadata pseudonymized; measurements unchanged
outputs/sigmetrics/rq2_overhead_scaling/recommended/rq2_full_scale/raw/runs/sigmetrics-rq2-overhead-scaling-final-v1--recommended--rq2_full_scale--09086c0b06eec6e1.json,d6fc767b2fed1a4630b10e96509b1120ed1afa1c89f69874b7d3484a71440e54,1266960cdbd4de5f571be0c4e6afdf92a36c8cc146b31336864b2f94f5f2e5ae,identity-bearing path/account metadata pseudonymized; measurements unchanged
outputs/sigmetrics/rq2_overhead_scaling/recommended/rq2_full_scale/raw/runs/sigmetrics-rq2-overhead-scaling-final-v1--recommended--rq2_full_scale--09b2445c76daf6a5.json,99d0f76e9a1c249c9bf4f1d1653c97fbd112b896e19dfb37d383e0976bdd35e7,83c9afc72c86c0eda71468d1de0070b7b208594aa9390b3fdc347f77f7e6675b,identity-bearing path/account metadata pseudonymized; measurements unchanged
outputs/sigmetrics/rq2_overhead_scaling/recommended/rq2_full_scale/raw/runs/sigmetrics-rq2-overhead-scaling-final-v1--recommended--rq2_full_scale--09fda4ef1040f734.json,5093edcca8f39a2dab7f3c18b44e381f63aa371080868f631f49d486f33a085d,1abff48e586ac8215f39c850c4321f9decb007d75715701e0134ee72d11afcfb,identity-bearing path/account metadata pseudonymized; measurements unchanged
outputs/sigmetrics/rq2_overhead_scaling/recommended/rq2_full_scale/raw/runs/sigmetrics-rq2-overhead-scaling-final-v1--recommended--rq2_full_scale--0a0b8369c8cbf502.json,215f9db2ac462e6bf14694e53693593cd0729bd6275733290b8770478c97ba92,849c2829967f7a2dcc311105ad11d68ca902f94318d0cce330ebaea52bf7ac40,identity-bearing path/account metadata pseudonymized; measurements unchanged
outputs/sigmetrics/rq2_overhead_scaling/recommended/rq2_full_scale/raw/runs/sigmetrics-rq2-overhead-scaling-final-v1--recommended--rq2_full_scale--0a1e126abdd53443.json,353b1a7274a10d703f1cdb9468522d34804ad2e5a45b988a276d673777917690,900630246cad5c050a3ea4c3c67b92478f65d02d11ea6fa0cae034e96c836caa,identity-bearing path/account metadata pseudonymized; measurements unchanged
outputs/sigmetrics/rq2_overhead_scaling/recommended/rq2_full_scale/raw/runs/sigmetrics-rq2-overhead-scaling-final-v1--recommended--rq2_full_scale--0ab4ea22d3129fd6.json,e40016ab41a3e3ba7d99784b6047be00a0a2ac98eee05d46b8f7105ec2f38a84,f72b9180e1ad229bb448ad7287c53e7f1f5c3103fad785cb4eefc16d84affd1f,identity-bearing path/account metadata pseudonymized; measurements unchanged
outputs/sigmetrics/rq2_overhead_scaling/recommended/rq2_full_scale/raw/runs/sigmetrics-rq2-overhead-scaling-final-v1--recommended--rq2_full_scale--0b38acbe3cd5d4fc.json,26f763e8d3d428564f3e03b47ce66795d3b5d21de35c86586e67404232b22fe8,9d371466f33c648d737f689eb9323009b66343b87b078e0529d4db9f56aac54d,identity-bearing path/account metadata pseudonymized; measurements unchanged
outputs/sigmetrics/rq2_overhead_scaling/recommended/rq2_full_scale/raw/runs/sigmetrics-rq2-overhead-scaling-final-v1--recommended--rq2_full_scale--0bfae5298b0c3e2b.json,6f4bc1526108dbbce636e4d79bc9a1918e6bdebe942c10e01f0d69902f396b74,e2c349923a6665760e5ffe5e930a3296add8460ea765f1304831729404629abc,identity-bearing path/account metadata pseudonymized; measurements unchanged
outputs/sigmetrics/rq2_overhead_scaling/recommended/rq2_full_scale/raw/runs/sigmetrics-rq2-overhead-scaling-final-v1--recommended--rq2_full_scale--0bff2a1cb3c5e5cb.json,e03bb701d8402abf436f3be5a81b6b6fe8479359cc2040ca16ee177ecda08600,2053eb27209e6d411d59ba94c5677d3472de6356f6a93960d26752528e8b3c9f,identity-bearing path/account metadata pseudonymized; measurements unchanged
outputs/sigmetrics/rq2_overhead_scaling/recommended/rq2_full_scale/raw/runs/sigmetrics-rq2-overhead-scaling-final-v1--recommended--rq2_full_scale--0c2d2b1cfdfac113.json,770817927989b6c3658ef449ce52c017690745ebc1fbdb145574e9d2877bb8b5,be8c4eb59270ce14b5d51eb056e697e105a5dc12e9afc8b65c775bee8958c1d8,identity-bearing path/account metadata pseudonymized; measurements unchanged
outputs/sigmetrics/rq2_overhead_scaling/recommended/rq2_full_scale/raw/runs/sigmetrics-rq2-overhead-scaling-final-v1--recommended--rq2_full_scale--0ce963e90c08a878.json,f44baa5c0e226be5d207a404cb5e3502f8990a4499f3c454645605540211a943,ed033ac3f62d2a1b6b3ab75baea297c076bbb3520eb5ea5a41a189a207ae8656,identity-bearing path/account metadata pseudonymized; measurements unchanged
outputs/sigmetrics/rq2_overhead_scaling/recommended/rq2_full_scale/raw/runs/sigmetrics-rq2-overhead-scaling-final-v1--recommended--rq2_full_scale--0d0fabaa5649fb9a.json,8c4b86fcb53cabf83eb1e649f78efa856ba057e888591e32df0ed05136986a86,4ba96e4f1664209c1e36364eb1f596d90c539516c44345fbf3c54969d738e80e,identity-bearing path/account metadata pseudonymized; measurements unchanged
outputs/sigmetrics/rq2_overhead_scaling/recommended/rq2_full_scale/raw/runs/sigmetrics-rq2-overhead-scaling-final-v1--recommended--rq2_full_scale--0e15a91cb3ce1c6d.json,936e94d23742656e29289a66d8925a79babea0ecc606ae5a8ec1c2743af84f65,7d06e4696482f9cc3aab2e12aec169d17fe6c0ad9600531b32e5daeec920aa66,identity-bearing path/account metadata pseudonymized; measurements unchanged
outputs/sigmetrics/rq2_overhead_scaling/recommended/rq2_full_scale/raw/runs/sigmetrics-rq2-overhead-scaling-final-v1--recommended--rq2_full_scale--0e31dcc54557ccd5.json,d5fd6281da29ef0addba74c376be661cd00e0b3c8ca056b0478033736a2411a3,dee1e652bd6f679a00cc266effba27595d913272c63341a64871b9a9355e5eaa,identity-bearing path/account metadata pseudonymized; measurements unchanged
outputs/sigmetrics/rq2_overhead_scaling/recommended/rq2_full_scale/raw/runs/sigmetrics-rq2-overhead-scaling-final-v1--recommended--rq2_full_scale--0ebff90954a1cdfd.json,71b6f324540c7782a691044f605bb75729937ddd243d4e7d240b9d4e7da0c7a5,979146c599d17c7d596323c43068f0e8d61670fbf42479769d633a43e6754d29,identity-bearing path/account metadata pseudonymized; measurements unchanged
outputs/sigmetrics/rq2_overhead_scaling/recommended/rq2_full_scale/raw/runs/sigmetrics-rq2-overhead-scaling-final-v1--recommended--rq2_full_scale--0f760efa2d01d177.json,dec8b1b224e293cb4c9891ad76e86eeedf9e9b60a12e05abf432d4a2cc202d00,3970560e38c14633295e1bb6f12ab2c7b0d00402b34af1414470d1f72c3ec4cc,identity-bearing path/account metadata pseudonymized; measurements unchanged
outputs/sigmetrics/rq2_overhead_scaling/recommended/rq2_full_scale/raw/runs/sigmetrics-rq2-overhead-scaling-final-v1--recommended--rq2_full_scale--0f93a72d944ed9c4.json,631a58988bb6730bd29e5b7e30f445ce97a5a525cd1156ff4dd330f27e533895,d7b3bd4908312fe7522e1efd46ec504fb0a54763405143b74a91c637add7db8b,identity-bearing path/account metadata pseudonymized; measurements unchanged
outputs/sigmetrics/rq2_overhead_scaling/recommended/rq2_full_scale/raw/runs/sigmetrics-rq2-overhead-scaling-final-v1--recommended--rq2_full_scale--0fd237bbbb9d6fea.json,d84e768413eeec54d008a7e77bef645db7f9e6e11b06af189a60f62e01303805,8b981e59cfd75c6e759b960c1425b0a59c481ea5ac6277f0e686e99ace84198e,identity-bearing path/account metadata pseudonymized; measurements unchanged
outputs/sigmetrics/rq2_overhead_scaling/recommended/rq2_full_scale/raw/runs/sigmetrics-rq2-overhead-scaling-final-v1--recommended--rq2_full_scale--10401600467735ba.json,c0de011a6035d2e44fa7cf5de4f393b58e9aa2464000ad1fe71f81714f98d3b7,b9144d016f82181067ede80b2d06caed27c31cd90444b816dad6ee1d62384175,identity-bearing path/account metadata pseudonymized; measurements unchanged
outputs/sigmetrics/rq2_overhead_scaling/recommended/rq2_full_scale/raw/runs/sigmetrics-rq2-overhead-scaling-final-v1--recommended--rq2_full_scale--10797a7a529428f2.json,5a2c09c074dff0850eb273db5339aba8b337121c50f55e0bef0777905bd3a333,afdc1c65b97dddd507f3282684b94ac22a79102c0ba058777f3a56d540072da8,identity-bearing path/account metadata pseudonymized; measurements unchanged
outputs/sigmetrics/rq2_overhead_scaling/recommended/rq2_full_scale/raw/runs/sigmetrics-rq2-overhead-scaling-final-v1--recommended--rq2_full_scale--12281e4407021fe5.json,b799decc0c5907441d63ce097882bc82d142b21d47c30783e8756350b690f994,56a5f66e105fee20569eafeb8906a31a03c1feccfa22a409bb3b0bac749fa2c1,identity-bearing path/account metadata pseudonymized; measurements unchanged
outputs/sigmetrics/rq2_overhead_scaling/recommended/rq2_full_scale/raw/runs/sigmetrics-rq2-overhead-scaling-final-v1--recommended--rq2_full_scale--12a1db000e9427e3.json,c274c8c1d1350ec4013473d48bd331dded9bed515bf3b34a1ba3e77677b6761c,02f90ae7a6b8956788b381929cfc1cea809fa5f9f121b4694f82bfeae82faa21,identity-bearing path/account metadata pseudonymized; measurements unchanged
outputs/sigmetrics/rq2_overhead_scaling/recommended/rq2_full_scale/raw/runs/sigmetrics-rq2-overhead-scaling-final-v1--recommended--rq2_full_scale--13c8dbb65af11e08.json,37d1d652d97206c549c59bc231cd5eb675373bb2d9ea1ff0d47221a2315adab7,da8984b80c0af9927efece3ec86fb2b303acac280fee3a75953d32b6c78d021e,identity-bearing path/account metadata pseudonymized; measurements unchanged
outputs/sigmetrics/rq2_overhead_scaling/recommended/rq2_full_scale/raw/runs/sigmetrics-rq2-overhead-scaling-final-v1--recommended--rq2_full_scale--13ec8aa505cf4697.json,b8c88c723a5e363c73be0aa76084e4d1bd6577445e56e0fa27d855cc2d67a099,f78681e8f7365eb84cab6241e22a22bc4e5da85898f0f5998fe37706ad25566f,identity-bearing path/account metadata pseudonymized; measurements unchanged
outputs/sigmetrics/rq2_overhead_scaling/recommended/rq2_full_scale/raw/runs/sigmetrics-rq2-overhead-scaling-final-v1--recommended--rq2_full_scale--164aaee02e087c16.json,37db64364ed2fae7d62379dd0c6b330193a37a02de12476357034ad783678182,69822921477dd3ff1e8506b6be706c1c56af9139442a4ac06f9f643041659916,identity-bearing path/account metadata pseudonymized; measurements unchanged
outputs/sigmetrics/rq2_overhead_scaling/recommended/rq2_full_scale/raw/runs/sigmetrics-rq2-overhead-scaling-final-v1--recommended--rq2_full_scale--168adb7091f9b1b4.json,77375bd26a8f10619dd06da491d29e6bba57f8296348bb3c67cfc7ea3c05cc25,b19cd854171203164a119281f10c735b5543b5cbf6c0b190408e3088d2ad82cc,identity-bearing path/account metadata pseudonymized; measurements unchanged
outputs/sigmetrics/rq2_overhead_scaling/recommended/rq2_full_scale/raw/runs/sigmetrics-rq2-overhead-scaling-final-v1--recommended--rq2_full_scale--16cc8d86956490ac.json,5e7d0d89d8e220938747ef66454bba8e0b0fbe756553dcb82e90d8a5f77030e6,2ab5fc389b35be08d6eeb9f86c1a92ed7d4fc8e7ebe87c4dd5533b810ca46599,identity-bearing path/account metadata pseudonymized; measurements unchanged
outputs/sigmetrics/rq2_overhead_scaling/recommended/rq2_full_scale/raw/runs/sigmetrics-rq2-overhead-scaling-final-v1--recommended--rq2_full_scale--177344425a0d875d.json,261b22f5533d87bf5c450696e7cdc993df7afb3719757ca1898d10c358beb221,0ecb2e74527fdcb1c2418e83c5513ba926aef60ad672814ba768e96ce1000f6c,identity-bearing path/account metadata pseudonymized; measurements unchanged
outputs/sigmetrics/rq2_overhead_scaling/recommended/rq2_full_scale/raw/runs/sigmetrics-rq2-overhead-scaling-final-v1--recommended--rq2_full_scale--17a64c81dbc57bf5.json,f9449d875f7f1abd7993c6bd22a9abf737f2eb161ca6df76452d17143dd30602,b0f2fe56ba4fe9e8345d907db68ac917cace7b4550c85136e350500fbf7ce5ce,identity-bearing path/account metadata pseudonymized; measurements unchanged
outputs/sigmetrics/rq2_overhead_scaling/recommended/rq2_full_scale/raw/runs/sigmetrics-rq2-overhead-scaling-final-v1--recommended--rq2_full_scale--180ac648bd2a394e.json,f599dc7252ba3efa5e2ec50d5102e62669a4eebcee2663ebc6ccd482cc58b5f5,70c099a2c60aa1304e70f7c186b5f357fb5b1926975098e9a8972842b691fa18,identity-bearing path/account metadata pseudonymized; measurements unchanged
outputs/sigmetrics/rq2_overhead_scaling/recommended/rq2_full_scale/raw/runs/sigmetrics-rq2-overhead-scaling-final-v1--recommended--rq2_full_scale--180e8ef2b21c1b5c.json,f3d0c16a7cd751471ce4661b69ab8457339b0afe851239dd9d879fc50737cbe1,2145341c4c554f8032d7c3e94f766b92cf76bc441ba08dd1ee85066a8ca49514,identity-bearing path/account metadata pseudonymized; measurements unchanged
outputs/sigmetrics/rq2_overhead_scaling/recommended/rq2_full_scale/raw/runs/sigmetrics-rq2-overhead-scaling-final-v1--recommended--rq2_full_scale--1853f940c39bcc32.json,bd480eb9c5f0fd121635f77d168040089f2a51fbd92f1bd593fa39a16012dcb2,77afea037f7716c6df2c61738741046e772e79e38e19b9a74be8bde96f9c0342,identity-bearing path/account metadata pseudonymized; measurements unchanged
outputs/sigmetrics/rq2_overhead_scaling/recommended/rq2_full_scale/raw/runs/sigmetrics-rq2-overhead-scaling-final-v1--recommended--rq2_full_scale--189e91a5ec31c438.json,efe8eed44867a60d921b127e215be337277cfd266f0b39693ee0aad6b8389b11,ca953c0ab879027cf70ef892650de8b722d322d3b31f579cf783176c00be0019,identity-bearing path/account metadata pseudonymized; measurements unchanged
outputs/sigmetrics/rq2_overhead_scaling/recommended/rq2_full_scale/raw/runs/sigmetrics-rq2-overhead-scaling-final-v1--recommended--rq2_full_scale--19d4c11b72351627.json,a45737e07e0a9908e113d2157494d3410296c148b96330617590b10b96acd6ae,32f457bcc42caf841d8ee355d025184dc72e64e5857f5c12928d4c04c06b577d,identity-bearing path/account metadata pseudonymized; measurements unchanged
outputs/sigmetrics/rq2_overhead_scaling/recommended/rq2_full_scale/raw/runs/sigmetrics-rq2-overhead-scaling-final-v1--recommended--rq2_full_scale--1a1f36ba3293c270.json,04c2571c04e5b329429cc8a8b9781f7dc241359fc2f703bfd3ca164a06e177fb,dbb9a16afbf50ef1140e99f43411df96d868e54769a24a1c39017111e5359955,identity-bearing path/account metadata pseudonymized; measurements unchanged
outputs/sigmetrics/rq2_overhead_scaling/recommended/rq2_full_scale/raw/runs/sigmetrics-rq2-overhead-scaling-final-v1--recommended--rq2_full_scale--1ac03d41177481aa.json,2755cf9609453319d6b72f9ea2714bf46521a6ba264bee16be311124c920acb5,77e50d844c1f80189613b0d2a55f02a2f6472f31c572d1d98c70fe245a79e191,identity-bearing path/account metadata pseudonymized; measurements unchanged
outputs/sigmetrics/rq2_overhead_scaling/recommended/rq2_full_scale/raw/runs/sigmetrics-rq2-overhead-scaling-final-v1--recommended--rq2_full_scale--1b934d044cbc1b3c.json,f8c06b57f455ba3936f1be54acc1cf3597bccf1d9271a076ead90e049ba759bf,056b55f52861182b808a5aab2c2f0ae05a0ad1d676bb96e53925315dee14f28e,identity-bearing path/account metadata pseudonymized; measurements unchanged
outputs/sigmetrics/rq2_overhead_scaling/recommended/rq2_full_scale/raw/runs/sigmetrics-rq2-overhead-scaling-final-v1--recommended--rq2_full_scale--1bddea45580e1cab.json,d9256a31b3408cef7ba81741d80d3b66c61f5288d080f019a9980ceaa2e05be8,7e0d75f57f03417b4abc614582bce4e83e177c34a9f6e3dd76994b910e4eb376,identity-bearing path/account metadata pseudonymized; measurements unchanged
outputs/sigmetrics/rq2_overhead_scaling/recommended/rq2_full_scale/raw/runs/sigmetrics-rq2-overhead-scaling-final-v1--recommended--rq2_full_scale--1d190a856f0fa990.json,2b9da6be6313343157dfe30c0b8da52ede5ff8b03084deb5533db7bb6f4329d5,fc62daac09875fe01f544883d82f4501be9a1fe0322df6769609734fc8d060b9,identity-bearing path/account metadata pseudonymized; measurements unchanged
outputs/sigmetrics/rq2_overhead_scaling/recommended/rq2_full_scale/raw/runs/sigmetrics-rq2-overhead-scaling-final-v1--recommended--rq2_full_scale--1d8e94aa40e4110b.json,cef4b4e2e8c0816a7f904ed650e5fd25a86aeb42189a2b70dfff3b92622a1c9a,dc93cc5eee4bc7f1637a1d20126ca34fb7333f3bce36973587243f4a6fc9f65f,identity-bearing path/account metadata pseudonymized; measurements unchanged
outputs/sigmetrics/rq2_overhead_scaling/recommended/rq2_full_scale/raw/runs/sigmetrics-rq2-overhead-scaling-final-v1--recommended--rq2_full_scale--1d99cc7ea056f20d.json,a74d8d19eec7ab91d7f0b3aab85f4e139e6274c97b35feab7c4839356cefb9b2,f4072e2333350bba91488e7dda1b0abfc3727540dd4d66cbd6011889c2606e23,identity-bearing path/account metadata pseudonymized; measurements unchanged
outputs/sigmetrics/rq2_overhead_scaling/recommended/rq2_full_scale/raw/runs/sigmetrics-rq2-overhead-scaling-final-v1--recommended--rq2_full_scale--1daacd867b08633d.json,6b296de2db9ffdbd3307501fc31595eb974d52a2c0df7fe9f2e0496089206ea6,c77c80f43f62e0f28e2efca7242f064c82b593dcf37217b7771e02a219023cc7,identity-bearing path/account metadata pseudonymized; measurements unchanged
outputs/sigmetrics/rq2_overhead_scaling/recommended/rq2_full_scale/raw/runs/sigmetrics-rq2-overhead-scaling-final-v1--recommended--rq2_full_scale--1ed8e9fbd8b2ad95.json,78d57830b818083bb706be6665a96e8ab1354d7699c87bd35a3f1138d2288090,ef8c9ecdfc96036a5a2a182d8a0c61910078db895f83b650efbf11c908d05738,identity-bearing path/account metadata pseudonymized; measurements unchanged
outputs/sigmetrics/rq2_overhead_scaling/recommended/rq2_full_scale/raw/runs/sigmetrics-rq2-overhead-scaling-final-v1--recommended--rq2_full_scale--1f0d7c5c4c086a1a.json,ce76eb62012be8b03d75b345ff4fa9ba7c199475f96b3e63edae21d17952386c,6b09333b0865dbca817b86a55226215868f71f15804456bc36e5b3f77788e124,identity-bearing path/account metadata pseudonymized; measurements unchanged
outputs/sigmetrics/rq2_overhead_scaling/recommended/rq2_full_scale/raw/runs/sigmetrics-rq2-overhead-scaling-final-v1--recommended--rq2_full_scale--1f88aee1c9a78981.json,5e8e55d1a9e1e430198bed29e9b065051fe2f08092fe91e703b198f0009e8c27,d0d4db9265b2f736c17f2c20b34b5dcd854ea77ba6715ac589c4bbd649d62f8f,identity-bearing path/account metadata pseudonymized; measurements unchanged
outputs/sigmetrics/rq2_overhead_scaling/recommended/rq2_full_scale/raw/runs/sigmetrics-rq2-overhead-scaling-final-v1--recommended--rq2_full_scale--1fcec6b5feb2f487.json,2eea2318a56ee2ad7a67e906f58672e065088c4d09bd9abd1c4679ef226f44c3,9f94f7aec5192a4815a27df52b514079dc73f8f9feb628b3b245a48e555e6d27,identity-bearing path/account metadata pseudonymized; measurements unchanged
outputs/sigmetrics/rq2_overhead_scaling/recommended/rq2_full_scale/raw/runs/sigmetrics-rq2-overhead-scaling-final-v1--recommended--rq2_full_scale--213c8cd7a96d70fd.json,3b69b89812c09e24d5206ff33e001e038948b2a9c4b01f8e17ca6a539258735f,b6af058ecf1b03eaaf605f9dff6f37952df39018b377df92b572829830a45e79,identity-bearing path/account metadata pseudonymized; measurements unchanged
outputs/sigmetrics/rq2_overhead_scaling/recommended/rq2_full_scale/raw/runs/sigmetrics-rq2-overhead-scaling-final-v1--recommended--rq2_full_scale--21b265f7095063ee.json,7ff12e42a32ccc38116cf64252c3a602bced1c3983155120c72344f7bae6b6f3,2bff781f108ba3467af1c965f6f15a178c89b05e1214ef1bad779ba761ef7e3f,identity-bearing path/account metadata pseudonymized; measurements unchanged
outputs/sigmetrics/rq2_overhead_scaling/recommended/rq2_full_scale/raw/runs/sigmetrics-rq2-overhead-scaling-final-v1--recommended--rq2_full_scale--21be5b12de02a204.json,89e0cd3c393acde16323f62a3ccd33a8f10279419027c04c5672a45402ca9e9d,740370a88c74a856d044619e04a1c31ddc25eedeae4ae4e2cf38ebd4d5759743,identity-bearing path/account metadata pseudonymized; measurements unchanged
outputs/sigmetrics/rq2_overhead_scaling/recommended/rq2_full_scale/raw/runs/sigmetrics-rq2-overhead-scaling-final-v1--recommended--rq2_full_scale--224bf2861db1348d.json,34dba84f423c35d594e5302662196a512a5f30923b407042af095a5281edf537,15d96081be87bf270a05ec7d2481cf99d99d239ed66eb02bd79d6c2e4e73ab5c,identity-bearing path/account metadata pseudonymized; measurements unchanged
outputs/sigmetrics/rq2_overhead_scaling/recommended/rq2_full_scale/raw/runs/sigmetrics-rq2-overhead-scaling-final-v1--recommended--rq2_full_scale--2292c454c688e70d.json,f72d9453de2715429f47a579c036101eab2f8491310a366f6f4f3bc60b3b7045,7a27474814edd5d988654c9d33799e04a6454ab5263cbada19b1ae568aaf909e,identity-bearing path/account metadata pseudonymized; measurements unchanged
outputs/sigmetrics/rq2_overhead_scaling/recommended/rq2_full_scale/raw/runs/sigmetrics-rq2-overhead-scaling-final-v1--recommended--rq2_full_scale--22c97ff21f6800c2.json,cb8650dd5a01830157dc7c510d80694238f6ebc49dd5e8930b4cc2b47239590d,19a32ba6d9efefc14caccd2d6e8c585d3b2dba70e733c60875527d247385c61c,identity-bearing path/account metadata pseudonymized; measurements unchanged
outputs/sigmetrics/rq2_overhead_scaling/recommended/rq2_full_scale/raw/runs/sigmetrics-rq2-overhead-scaling-final-v1--recommended--rq2_full_scale--240eb2d6c5da79c8.json,eb5136211003b9ebd5b0dd85008332b4b0ea3fdcca34837d377ccda5bf3440ee,01f938df2e4cd4b23521fb0916d2dd00ab122f03425e5c01b8b5b9a2b65361c6,identity-bearing path/account metadata pseudonymized; measurements unchanged
outputs/sigmetrics/rq2_overhead_scaling/recommended/rq2_full_scale/raw/runs/sigmetrics-rq2-overhead-scaling-final-v1--recommended--rq2_full_scale--24d82a42fa48abbf.json,1f35b3c9522b0b7f33eb4b9311bbd2f7ebd3de0064dc71f7eb5f365ac58a0a6d,442a863dfbfd3b593f679f516719b8529f0eba705156d553451fdcea55d16dc2,identity-bearing path/account metadata pseudonymized; measurements unchanged
outputs/sigmetrics/rq2_overhead_scaling/recommended/rq2_full_scale/raw/runs/sigmetrics-rq2-overhead-scaling-final-v1--recommended--rq2_full_scale--25d02f9348c14799.json,a5eaa8ea3bf88df2a6e0130cd4f86388f2968255c71b4b97f9c0cf8b5825ca5b,3d849998e7f2e2b05b7bce2a8d0e81fc7481318731671bde0795dfcca425d591,identity-bearing path/account metadata pseudonymized; measurements unchanged
outputs/sigmetrics/rq2_overhead_scaling/recommended/rq2_full_scale/raw/runs/sigmetrics-rq2-overhead-scaling-final-v1--recommended--rq2_full_scale--25e16b5f46515592.json,853b871867f3f1dcf47decc73603398bd9693b0a1a5a2ce832d9c8da7ce2a33b,2f1aebdda043742e29398ce328d81e589845eb26e09d5246e0fd0fac807ed411,identity-bearing path/account metadata pseudonymized; measurements unchanged
outputs/sigmetrics/rq2_overhead_scaling/recommended/rq2_full_scale/raw/runs/sigmetrics-rq2-overhead-scaling-final-v1--recommended--rq2_full_scale--26284cb4ab137ee7.json,f5ee8f2da3adb0e973fe5844174f764ee9d5caa33ee29abd8728f918227524a0,66c9ee6fc845879c5f02171a3f652f4311ddf277b9720039aa630fd364d16234,identity-bearing path/account metadata pseudonymized; measurements unchanged
outputs/sigmetrics/rq2_overhead_scaling/recommended/rq2_full_scale/raw/runs/sigmetrics-rq2-overhead-scaling-final-v1--recommended--rq2_full_scale--2691d9f91af76932.json,5fb1fcada7dcfe8f9dafcb41ba84a36dcf1205bf46081877a3c006182a950bc4,1ec3ff6fd8b9c518fe773068014c5cb54220b357f6b05c42b08ab479e7e6cc46,identity-bearing path/account metadata pseudonymized; measurements unchanged
outputs/sigmetrics/rq2_overhead_scaling/recommended/rq2_full_scale/raw/runs/sigmetrics-rq2-overhead-scaling-final-v1--recommended--rq2_full_scale--271c1c88c85c7dd7.json,51245018d796946993d68ea89e9a1ecc17b97fd0d24ff29a5ca9d97913290a96,0a5631e49628f30d696a4d7dd4d85d2308232a6e1c0d99b0df0ad6eb8a8e4ad8,identity-bearing path/account metadata pseudonymized; measurements unchanged
outputs/sigmetrics/rq2_overhead_scaling/recommended/rq2_full_scale/raw/runs/sigmetrics-rq2-overhead-scaling-final-v1--recommended--rq2_full_scale--279821d176f72e3f.json,5dc62bcfe1e4332dcd7a99eb5edd92b9df0d67b83488e953d15b987da6121c0d,ff5d07ad7f3218d8e120ce67667b87b57ea1599c9315233c9fe6b7162db0878b,identity-bearing path/account metadata pseudonymized; measurements unchanged
outputs/sigmetrics/rq2_overhead_scaling/recommended/rq2_full_scale/raw/runs/sigmetrics-rq2-overhead-scaling-final-v1--recommended--rq2_full_scale--288d94e7122934ae.json,2a4a69b14c26ce1410e47925d948924658da2a3a2b5c253091bee40f7a4fa98c,d9386a2184a40635f1cb8f5edb072fd80f38de54e4859d43f3d17fdded4b65d5,identity-bearing path/account metadata pseudonymized; measurements unchanged
outputs/sigmetrics/rq2_overhead_scaling/recommended/rq2_full_scale/raw/runs/sigmetrics-rq2-overhead-scaling-final-v1--recommended--rq2_full_scale--292c67faffb5288a.json,52474ea543a285e5bf8050c6dbfe0cc8d050783db202b278b0abd84c3989d859,e614b0350290f96b018b076e0640fb1d624d3b05cf5ee740f3dbea3c08c9ac53,identity-bearing path/account metadata pseudonymized; measurements unchanged
outputs/sigmetrics/rq2_overhead_scaling/recommended/rq2_full_scale/raw/runs/sigmetrics-rq2-overhead-scaling-final-v1--recommended--rq2_full_scale--29770362cd8d3ae1.json,7860aa204ce9c09cb22454af442b688d8dc2f4d8c2ef5116494a35ece7a95729,0e6df20fa6f74e21327557feeb7457d8353be50a35a38f87db41929e573ba9fa,identity-bearing path/account metadata pseudonymized; measurements unchanged
outputs/sigmetrics/rq2_overhead_scaling/recommended/rq2_full_scale/raw/runs/sigmetrics-rq2-overhead-scaling-final-v1--recommended--rq2_full_scale--29c0e9b70b3a51a4.json,659d0ec2d33115ed6ebbf553293f26796e0f1d8294bcf41bb5e70315d9098768,a075d28c0655acb5c95104dc8a3250f8f166a49291cff0ff8f0cadcb973fd214,identity-bearing path/account metadata pseudonymized; measurements unchanged
outputs/sigmetrics/rq2_overhead_scaling/recommended/rq2_full_scale/raw/runs/sigmetrics-rq2-overhead-scaling-final-v1--recommended--rq2_full_scale--29d4fae1c0665dc9.json,5d840181312471fe6a1be2c66e77058b9f280997740d748cf47e5ab6aa9b9337,8ea41d35d8975c310406cb7ba2ec172ae30819ce42281e0fdbb691c87c8e8b28,identity-bearing path/account metadata pseudonymized; measurements unchanged
outputs/sigmetrics/rq2_overhead_scaling/recommended/rq2_full_scale/raw/runs/sigmetrics-rq2-overhead-scaling-final-v1--recommended--rq2_full_scale--2a6892cfd57ba65c.json,175a1306befb7f2b2398f950393aaa223e75474ac9d6f64c4e860dad627c0d1b,1b67919c52469d4a9d3c387fb38fd001e38f1afe592aa850d795c6969a0d56e5,identity-bearing path/account metadata pseudonymized; measurements unchanged
outputs/sigmetrics/rq2_overhead_scaling/recommended/rq2_full_scale/raw/runs/sigmetrics-rq2-overhead-scaling-final-v1--recommended--rq2_full_scale--2a6f50e00b67256d.json,9e7c7750d330b7f820c421d00d18300798368331c1a39aade1a161637f797498,237476cda0e8279127a645c6e5e3a15722a50718f244dce667cffab08e5c7841,identity-bearing path/account metadata pseudonymized; measurements unchanged
outputs/sigmetrics/rq2_overhead_scaling/recommended/rq2_full_scale/raw/runs/sigmetrics-rq2-overhead-scaling-final-v1--recommended--rq2_full_scale--2b2b040d77b06270.json,da5a32e29615b619ae2e6fc7e2d550768101cd63ee3344cf1f01c7eece443877,6a530e5f5d48a5d693da0afb2c81fe425cf00cff24b6992f17b9ba7395c22a5b,identity-bearing path/account metadata pseudonymized; measurements unchanged
outputs/sigmetrics/rq2_overhead_scaling/recommended/rq2_full_scale/raw/runs/sigmetrics-rq2-overhead-scaling-final-v1--recommended--rq2_full_scale--2b5fda2ddfd179f1.json,ab7d24102f159a96cc3cc0e29a907dece7073b19d00b1c1744c30ed8348ec7d4,75a5feb4a4b83ca6a88b4f37490f16b92130757ee8fdc2e8088963d766e13eab,identity-bearing path/account metadata pseudonymized; measurements unchanged
outputs/sigmetrics/rq2_overhead_scaling/recommended/rq2_full_scale/raw/runs/sigmetrics-rq2-overhead-scaling-final-v1--recommended--rq2_full_scale--2bebe711bbccf0b3.json,d7eccc27804faa96a47408c14f683c72791919520819edabaf954d36774c6b08,ee0b9930d8d281cfc1ffd3f2a780f609ac799dcafe788cdf3b2c91b4481114f9,identity-bearing path/account metadata pseudonymized; measurements unchanged
outputs/sigmetrics/rq2_overhead_scaling/recommended/rq2_full_scale/raw/runs/sigmetrics-rq2-overhead-scaling-final-v1--recommended--rq2_full_scale--2c514bd7eb01311b.json,725b54dd3eaa3f033a3b5e140d71d86ba2dea58081b51737de05aec54eb6a5af,54b91bfa44e90e0996ba108ca5786b91070fc4fa426b52421f4a159cb98d8a3c,identity-bearing path/account metadata pseudonymized; measurements unchanged
outputs/sigmetrics/rq2_overhead_scaling/recommended/rq2_full_scale/raw/runs/sigmetrics-rq2-overhead-scaling-final-v1--recommended--rq2_full_scale--2d3fadae5147768b.json,9e245f3de55f2a0fb9bb864abf6b84fe6b2b011a7bf51ceb9532246f14ae7631,7e2b946d4b697dfe6e84b8ac358276761fc4dfa5a07c976b4e0bac4ff35e755b,identity-bearing path/account metadata pseudonymized; measurements unchanged
outputs/sigmetrics/rq2_overhead_scaling/recommended/rq2_full_scale/raw/runs/sigmetrics-rq2-overhead-scaling-final-v1--recommended--rq2_full_scale--2d455e845aaf4d71.json,c5455b03d3fce950ed29521537bce4108eb837b1d93f507f52c2cf47724a19b3,7754515210376ca63ec98f8283404f11398d0252b878fb95acd7b9f3d4b41c4b,identity-bearing path/account metadata pseudonymized; measurements unchanged
outputs/sigmetrics/rq2_overhead_scaling/recommended/rq2_full_scale/raw/runs/sigmetrics-rq2-overhead-scaling-final-v1--recommended--rq2_full_scale--2ddcbea44d963523.json,631337270b724251ee4ddb7618b130c5e58d2754e910ed1e3f319feee059a58f,865faabdbc178d6e65fb3cf1c1a28e9ab48284bdbb4005e8ddaec2592e544ff4,identity-bearing path/account metadata pseudonymized; measurements unchanged
outputs/sigmetrics/rq2_overhead_scaling/recommended/rq2_full_scale/raw/runs/sigmetrics-rq2-overhead-scaling-final-v1--recommended--rq2_full_scale--2f0f09339c634737.json,d2b03d63fcddf8e059c0c58681a0a7acb40b6247abf504f4cf20513c54093a75,0fadc59aa10a5c2d28bfd1ed4d61a65c9ec66e8b54c64bad7766eb8c79b64495,identity-bearing path/account metadata pseudonymized; measurements unchanged
outputs/sigmetrics/rq2_overhead_scaling/recommended/rq2_full_scale/raw/runs/sigmetrics-rq2-overhead-scaling-final-v1--recommended--rq2_full_scale--2f3b55ced4c959a4.json,5dfdb4d7af28a1df9ce6c1f5fe5a1d3462772ac8eea17e04727fc4a1e6064bfc,3eb778a156e504ee0b463c672cb679bd78dc17b676b566b68369e4005a227c17,identity-bearing path/account metadata pseudonymized; measurements unchanged
outputs/sigmetrics/rq2_overhead_scaling/recommended/rq2_full_scale/raw/runs/sigmetrics-rq2-overhead-scaling-final-v1--recommended--rq2_full_scale--2f42d612801e4f6e.json,a1413628005b25cb0eb487c76f5d09b90f2cf395f2b88d074756594d034afc0f,21f50e8b0c62cc116e88f5ce5503db7b6c15f0461e5b32916ac79ac015b288d5,identity-bearing path/account metadata pseudonymized; measurements unchanged
outputs/sigmetrics/rq2_overhead_scaling/recommended/rq2_full_scale/raw/runs/sigmetrics-rq2-overhead-scaling-final-v1--recommended--rq2_full_scale--3007ef2bb62cc51b.json,1dccbe75b8a885c5bf637e860f132ac8399e6afb4c040701379bdc7a917626ee,7a289536a82bbc5fc1bc2483d4cef8a1352894b485426b0b4003944e95755338,identity-bearing path/account metadata pseudonymized; measurements unchanged
outputs/sigmetrics/rq2_overhead_scaling/recommended/rq2_full_scale/raw/runs/sigmetrics-rq2-overhead-scaling-final-v1--recommended--rq2_full_scale--31da31505197e2fe.json,cef0b0c59cb5bfedb6baaa38e10912891313fd5056091d386b570de34ff76914,8180d85746634f6a8c91366505d5fadfec759129ef7d56fa35c7b3267992f766,identity-bearing path/account metadata pseudonymized; measurements unchanged
outputs/sigmetrics/rq2_overhead_scaling/recommended/rq2_full_scale/raw/runs/sigmetrics-rq2-overhead-scaling-final-v1--recommended--rq2_full_scale--3216c5018ea2933e.json,9e5935aa38b312ff5760cf01d3af30b49b7d58c3b0889c97cb77f555388406a1,ab40b39288844eed432deb3655966b44e038c963d9d21bda95eed763398e74b7,identity-bearing path/account metadata pseudonymized; measurements unchanged
outputs/sigmetrics/rq2_overhead_scaling/recommended/rq2_full_scale/raw/runs/sigmetrics-rq2-overhead-scaling-final-v1--recommended--rq2_full_scale--32bcd89026ba6aca.json,c3908715cfd7cd7f8e5f30e070d237018baa2a555eeeda356e71c65fcc47f66e,453ab1302117b6bc6a567faa228582f0e8ec85fcba063cb81ed0f9188f39aab4,identity-bearing path/account metadata pseudonymized; measurements unchanged
outputs/sigmetrics/rq2_overhead_scaling/recommended/rq2_full_scale/raw/runs/sigmetrics-rq2-overhead-scaling-final-v1--recommended--rq2_full_scale--336e365c74c550ea.json,840c011b0c152c62749f2a3d5da92610c15388e0ef8b5804c26afbeb48c7a193,45ccc513128fb3adef7888b0b895a11955e3aa56054e5efbdb5f1bc3daac4817,identity-bearing path/account metadata pseudonymized; measurements unchanged
outputs/sigmetrics/rq2_overhead_scaling/recommended/rq2_full_scale/raw/runs/sigmetrics-rq2-overhead-scaling-final-v1--recommended--rq2_full_scale--35066898a7361b84.json,00ed8e68dda15fd82f0e3cf6dc67995f3a30935daaf035b4d40a63a2c14ef40c,088759a675e563287fc93fd5a205e14ec77a817531ae2b9d21cbaf2f0a101bcf,identity-bearing path/account metadata pseudonymized; measurements unchanged
outputs/sigmetrics/rq2_overhead_scaling/recommended/rq2_full_scale/raw/runs/sigmetrics-rq2-overhead-scaling-final-v1--recommended--rq2_full_scale--3544f780dcb3628c.json,acd83a026ff963bac4799fd8900dc7fea10cc5f03bc8cfcc1c8b8e3ea58737b8,9e49fe6bc82bfffb077db4e7f0e2aff99a0b1d51d3b08d61f669f4b99c290353,identity-bearing path/account metadata pseudonymized; measurements unchanged
outputs/sigmetrics/rq2_overhead_scaling/recommended/rq2_full_scale/raw/runs/sigmetrics-rq2-overhead-scaling-final-v1--recommended--rq2_full_scale--35b734d3a8832df3.json,ac56d37bd42816507a861e395a85e8fe074a2b5cee274a3c56ce27f20b37acb0,1ae7e89e20b9c9baf5cde7f3998958dd1036dd3503e6e65021e414e791971808,identity-bearing path/account metadata pseudonymized; measurements unchanged
outputs/sigmetrics/rq2_overhead_scaling/recommended/rq2_full_scale/raw/runs/sigmetrics-rq2-overhead-scaling-final-v1--recommended--rq2_full_scale--36e7590fd4e06990.json,31b0fd6b618889d774a4f9b0a9fc0a29b462c7877372272032a93f25754b439f,abe350aaf4c903138b141540d9cec3a4ff4719896e153791ac79fb5b7f33d7dc,identity-bearing path/account metadata pseudonymized; measurements unchanged
outputs/sigmetrics/rq2_overhead_scaling/recommended/rq2_full_scale/raw/runs/sigmetrics-rq2-overhead-scaling-final-v1--recommended--rq2_full_scale--377479923f4a8d95.json,81263f1243731ef35b1fa9a790df258d8fbafe10e70e6cfc59a05b04cb033df5,8b8071632fb83e3f837f54dbb637268922e8607cbe25c35231412f06df5ba798,identity-bearing path/account metadata pseudonymized; measurements unchanged
outputs/sigmetrics/rq2_overhead_scaling/recommended/rq2_full_scale/raw/runs/sigmetrics-rq2-overhead-scaling-final-v1--recommended--rq2_full_scale--37d3276d353056cb.json,e2f766b989a505449e88ef14350d8a1738a7a4db58f54acf55093dba46d1f2fc,4c7a7f073887b4bec76633ba0759f4c84758454edcebf1520a7d00b8384ca000,identity-bearing path/account metadata pseudonymized; measurements unchanged
outputs/sigmetrics/rq2_overhead_scaling/recommended/rq2_full_scale/raw/runs/sigmetrics-rq2-overhead-scaling-final-v1--recommended--rq2_full_scale--383f15719e19c63b.json,31704805a12b1396de4a86aedb12c7fc58ab98fb6cc744bc5f17cc3356d73969,fe45e8734d987fe076c757778c972839d062889372dd6824880394d39cd91788,identity-bearing path/account metadata pseudonymized; measurements unchanged
outputs/sigmetrics/rq2_overhead_scaling/recommended/rq2_full_scale/raw/runs/sigmetrics-rq2-overhead-scaling-final-v1--recommended--rq2_full_scale--386a344e63b532a7.json,8e08fa2dba0868105c74c8e874fa8fcfbb18231d00291f9183e3dad8b1cd40fc,d1168ad6430cbb3db8538d89629ee1ce6ee4b747868109d3bc190e589517abe1,identity-bearing path/account metadata pseudonymized; measurements unchanged
outputs/sigmetrics/rq2_overhead_scaling/recommended/rq2_full_scale/raw/runs/sigmetrics-rq2-overhead-scaling-final-v1--recommended--rq2_full_scale--396b51d56e2c7cc3.json,b1a9b80428c39410c76e3aca942f7c66ccd9b3907c029964e3cfac3423f5cd75,5c5e765584ba1f300b5ece13ab9696d26868a4f321be74a2dd2174795cce84ed,identity-bearing path/account metadata pseudonymized; measurements unchanged
outputs/sigmetrics/rq2_overhead_scaling/recommended/rq2_full_scale/raw/runs/sigmetrics-rq2-overhead-scaling-final-v1--recommended--rq2_full_scale--3ab0ceafba444ce2.json,5863ceca271a4af3cb7c8203cc0dc887b048848ee2c4606bbd881fb1333bdf63,c9ef66e1f0ebf3a874b1739c29e2df1459e0a50ae9debe4ed9b4547e44ca6b05,identity-bearing path/account metadata pseudonymized; measurements unchanged
outputs/sigmetrics/rq2_overhead_scaling/recommended/rq2_full_scale/raw/runs/sigmetrics-rq2-overhead-scaling-final-v1--recommended--rq2_full_scale--3ae550ae92287ae8.json,e61a2fa93d7dbdbe5e7bc074c400f7d5807fb2c3cc473f8cc570687a4b23f696,b45374b86bd873ec82e4fdb01ce110982100a0be0d8a1e0568f82ecd578ad291,identity-bearing path/account metadata pseudonymized; measurements unchanged
outputs/sigmetrics/rq2_overhead_scaling/recommended/rq2_full_scale/raw/runs/sigmetrics-rq2-overhead-scaling-final-v1--recommended--rq2_full_scale--3b513e6f9e3dc658.json,f9eb1394f1a00f15f01803cbbdc42e944cab56fd9ca4452988603a2a607d808b,6910e3b53d40c31193150ce1b333884cdcfbef9684b22c93f8fb9e8b5e379910,identity-bearing path/account metadata pseudonymized; measurements unchanged
outputs/sigmetrics/rq2_overhead_scaling/recommended/rq2_full_scale/raw/runs/sigmetrics-rq2-overhead-scaling-final-v1--recommended--rq2_full_scale--3c0fc8af27eac53e.json,29f25afe3d1afcade337e9c0e6ac0546fba3ce660c1b02ddd65fb859dbca2945,35fe588e7f55c6f8a81b08a41dae6f87697e35ad9f97ddd4b08196801145cdad,identity-bearing path/account metadata pseudonymized; measurements unchanged
outputs/sigmetrics/rq2_overhead_scaling/recommended/rq2_full_scale/raw/runs/sigmetrics-rq2-overhead-scaling-final-v1--recommended--rq2_full_scale--3ca7fad4b97344ba.json,10c868b780ae5130174f79ad99f7799071017a0721738fe0b4b1fb47fe567b81,ce5ea53af3daa28b997e7d05d6129031544b825b12790bcba0ae4b3b6421377c,identity-bearing path/account metadata pseudonymized; measurements unchanged
outputs/sigmetrics/rq2_overhead_scaling/recommended/rq2_full_scale/raw/runs/sigmetrics-rq2-overhead-scaling-final-v1--recommended--rq2_full_scale--3cb565440547a1f8.json,52dc1826a24390978d11be06e18772ba62fd066c562a690b91235511ad1ddc7b,8492036cc6328d4f9a5407e1df3bc1cfc14c1e69bd2ad4a0384cdaaee2184989,identity-bearing path/account metadata pseudonymized; measurements unchanged
outputs/sigmetrics/rq2_overhead_scaling/recommended/rq2_full_scale/raw/runs/sigmetrics-rq2-overhead-scaling-final-v1--recommended--rq2_full_scale--3cbb5c8218b515ce.json,b9d94f57d4475101122ab890f6787f680f450a90e29c83dbb45095df55019498,b0be7972c1f783a2f66180ef00600576eb0592647fba47529fb265adc167f361,identity-bearing path/account metadata pseudonymized; measurements unchanged
outputs/sigmetrics/rq2_overhead_scaling/recommended/rq2_full_scale/raw/runs/sigmetrics-rq2-overhead-scaling-final-v1--recommended--rq2_full_scale--3d0de8c9d1a224ba.json,0632979561aa5c81d145621bba4adc7e431488614ed4202905cb28c7326a7c2d,e397e20db6e23d5e7957ca82f1d0382bdd9b456e232279059084845a2b8072cb,identity-bearing path/account metadata pseudonymized; measurements unchanged
outputs/sigmetrics/rq2_overhead_scaling/recommended/rq2_full_scale/raw/runs/sigmetrics-rq2-overhead-scaling-final-v1--recommended--rq2_full_scale--3dd40d0e97d39bfb.json,f3139bf43ace3267d5f8a905dd663931c0f0bd47092e0ee48b0e6e892293af3f,fc735ea48e548a7cf4e084916cfbd3800f3673d1d79c39ad4864964e67bc2e87,identity-bearing path/account metadata pseudonymized; measurements unchanged
outputs/sigmetrics/rq2_overhead_scaling/recommended/rq2_full_scale/raw/runs/sigmetrics-rq2-overhead-scaling-final-v1--recommended--rq2_full_scale--3dd81ab58e67ccff.json,3e70d6670617466cb963fce64d46c5d5312085a222a643e24c2ed53a5590abfe,e1849b9a00f7b8a3835d9bb700bc4a300d0066f079fe5a749761f2b38596ccd1,identity-bearing path/account metadata pseudonymized; measurements unchanged
outputs/sigmetrics/rq2_overhead_scaling/recommended/rq2_full_scale/raw/runs/sigmetrics-rq2-overhead-scaling-final-v1--recommended--rq2_full_scale--3e5ce5737c7e0a4e.json,2e4bcec1e04ad0928b4dd7c43805d742b332dff9145570eb4ede2ec832084ef0,05df4cc12d2e863e3d5af4eab08a4e04df7769f54b1eecfe6eb66e69c4dabf43,identity-bearing path/account metadata pseudonymized; measurements unchanged
outputs/sigmetrics/rq2_overhead_scaling/recommended/rq2_full_scale/raw/runs/sigmetrics-rq2-overhead-scaling-final-v1--recommended--rq2_full_scale--3f292558fe8ab7df.json,a5d4326e4c250bf4644e3e68fee336d61511fb8d9a489184ac2b97ffd55c1d40,ab83e00b3df38401bb4580c1f539df0291f3e9722d4f01fa126674e876f74dd4,identity-bearing path/account metadata pseudonymized; measurements unchanged
outputs/sigmetrics/rq2_overhead_scaling/recommended/rq2_full_scale/raw/runs/sigmetrics-rq2-overhead-scaling-final-v1--recommended--rq2_full_scale--3f9da5b258b15771.json,1887d933e43ee663bff4f982a77197ed7a7259b88341b5bfabe08777da9e8562,ba8c3e9c34ffb7e218eaeeef4291df04934a67f8ecf5d4f5aa8e7f228273c972,identity-bearing path/account metadata pseudonymized; measurements unchanged
outputs/sigmetrics/rq2_overhead_scaling/recommended/rq2_full_scale/raw/runs/sigmetrics-rq2-overhead-scaling-final-v1--recommended--rq2_full_scale--4050546c2a73118f.json,b832373a094da07274610813010782635fda7a413a03d7a931a72557d98b8f73,3612ecad8efd7ad01c82fb0cc4716214fe9b8c8ecd346bc692f2ab3fc4d55d68,identity-bearing path/account metadata pseudonymized; measurements unchanged
outputs/sigmetrics/rq2_overhead_scaling/recommended/rq2_full_scale/raw/runs/sigmetrics-rq2-overhead-scaling-final-v1--recommended--rq2_full_scale--4150267170f3bdb2.json,a2a4701451ed954d45f80c1796391c81070b2d387628870485774c9c3c2a0fc1,bd53d57082a388da99c3108f2b0083b158eb72bb710611e7b21d0d9c7374f8f5,identity-bearing path/account metadata pseudonymized; measurements unchanged
outputs/sigmetrics/rq2_overhead_scaling/recommended/rq2_full_scale/raw/runs/sigmetrics-rq2-overhead-scaling-final-v1--recommended--rq2_full_scale--415d79c2404d50b4.json,20a9a4e30fe3c3ae07c3bb2f0e083b76ab51a15977a9210f0ad5c45658b03af4,313617fa2bc3620bf6ba5958bb48fa934c26ff63a7c51dda45ac3a3c56dc0816,identity-bearing path/account metadata pseudonymized; measurements unchanged
outputs/sigmetrics/rq2_overhead_scaling/recommended/rq2_full_scale/raw/runs/sigmetrics-rq2-overhead-scaling-final-v1--recommended--rq2_full_scale--42e814af1845a42c.json,6c1e1865f72981abbdd075a9ef13775fb5d02908d96c3d5c168d342fc448e237,5df3e3f6823c04c5c6c1988573a13cc99830d09cd71fe24c8ea4e8047c1f2150,identity-bearing path/account metadata pseudonymized; measurements unchanged
outputs/sigmetrics/rq2_overhead_scaling/recommended/rq2_full_scale/raw/runs/sigmetrics-rq2-overhead-scaling-final-v1--recommended--rq2_full_scale--43d40edfc9decd11.json,8338c9a06eb042f96926acf1f9a3c28d515bdacd580fa10ce954146f5a55a382,45d6b930ab49336fb8e10065da540a2f26c1353b2e881a76405fb815e2862200,identity-bearing path/account metadata pseudonymized; measurements unchanged
outputs/sigmetrics/rq2_overhead_scaling/recommended/rq2_full_scale/raw/runs/sigmetrics-rq2-overhead-scaling-final-v1--recommended--rq2_full_scale--44041210a64e676c.json,d6bb58d3c62ccbee747f766c3588e3329c0e25ba14f4de7fadc0aec5c39d4b53,eb7b172383833518efd21d872e1aaae9dec55ebdc82420c6875e7db5b80f1ce5,identity-bearing path/account metadata pseudonymized; measurements unchanged
outputs/sigmetrics/rq2_overhead_scaling/recommended/rq2_full_scale/raw/runs/sigmetrics-rq2-overhead-scaling-final-v1--recommended--rq2_full_scale--44065a4900dbd86c.json,3a60f55a8de6031d30ed2e11363e627f47aedcd77246557d4f3223da49c8c2f8,827245e5ca59752e07587b43d5d711c9e6eb03aa9ea655dca0e84d47a0fbac5f,identity-bearing path/account metadata pseudonymized; measurements unchanged
outputs/sigmetrics/rq2_overhead_scaling/recommended/rq2_full_scale/raw/runs/sigmetrics-rq2-overhead-scaling-final-v1--recommended--rq2_full_scale--470b17f446dba956.json,c42f8b3fa0e15a2cb8f49800526a4f51587a226e57d81b4ce9d9e7bf68918b35,65fc462a7b839eeb6345367fc0d0e62283ac9ee099faa07535ca1427d1339c17,identity-bearing path/account metadata pseudonymized; measurements unchanged
outputs/sigmetrics/rq2_overhead_scaling/recommended/rq2_full_scale/raw/runs/sigmetrics-rq2-overhead-scaling-final-v1--recommended--rq2_full_scale--48cf634f0af76c55.json,ae8b30956a1b1b7a12cfe32ead3590a1b212701ec68adf429f3ec7ac9be025df,f7dce822ea0b887552fc4574ba4528d5efa765be84341cd02faf098b9f11457c,identity-bearing path/account metadata pseudonymized; measurements unchanged
outputs/sigmetrics/rq2_overhead_scaling/recommended/rq2_full_scale/raw/runs/sigmetrics-rq2-overhead-scaling-final-v1--recommended--rq2_full_scale--4acf9fa139ea9920.json,f2e9a7e2f697d63967a67cebe7d678a64c7febab73c2e3ffca19dd473fd584c8,60bc8bfbd3802cab47ff4298509d54f4eac85e1cef8283c416cf414c585ec982,identity-bearing path/account metadata pseudonymized; measurements unchanged
outputs/sigmetrics/rq2_overhead_scaling/recommended/rq2_full_scale/raw/runs/sigmetrics-rq2-overhead-scaling-final-v1--recommended--rq2_full_scale--4b00dc4fdc3ab963.json,8905bc4dd8c38ed3e82284af0af07d93b2bf2ad59f97b54b70691ae9f09c6459,7b1f9dc9c54af9a94be57b0ee7f3013e55b52d21830e80fe1d7101460d7284a1,identity-bearing path/account metadata pseudonymized; measurements unchanged
outputs/sigmetrics/rq2_overhead_scaling/recommended/rq2_full_scale/raw/runs/sigmetrics-rq2-overhead-scaling-final-v1--recommended--rq2_full_scale--4c0aa832de7e19ba.json,2b0260c64809a649036c168657e43b545939e99e20ac00ff6f548a9e716e5252,f9242be2ea70ce4f2a121e3966487134cb4f1527c2120bc72e8a61401e4f99e5,identity-bearing path/account metadata pseudonymized; measurements unchanged
outputs/sigmetrics/rq2_overhead_scaling/recommended/rq2_full_scale/raw/runs/sigmetrics-rq2-overhead-scaling-final-v1--recommended--rq2_full_scale--4c61258a88e73544.json,f72334181fe64c05109a937f40da7977ff8431852e8b349175bfa3bd48b91ca8,eb291a3e9f1e169b0c49afa6cc5cba1a35f7caee54844ca84c3ce8b5f03e3ecf,identity-bearing path/account metadata pseudonymized; measurements unchanged
outputs/sigmetrics/rq2_overhead_scaling/recommended/rq2_full_scale/raw/runs/sigmetrics-rq2-overhead-scaling-final-v1--recommended--rq2_full_scale--4c8638aee8926625.json,0e77b02488ff9a2bd888b77ff36f1af78a77e3ef94a2b0f37f8afd9c53aedd90,9ab98d74ea92e2270d6d8820cb332f430a2a34703fb540f37aac6b61c24c1544,identity-bearing path/account metadata pseudonymized; measurements unchanged
outputs/sigmetrics/rq2_overhead_scaling/recommended/rq2_full_scale/raw/runs/sigmetrics-rq2-overhead-scaling-final-v1--recommended--rq2_full_scale--4d69333a01d99cf2.json,096f313fea9547a4e4067c6f55990aaa9b33dd604c5755e1380bbb4d4d65d031,7e8f0439daaade5c683d0c383332d76c5856f09785f424373b42ad630dc2d548,identity-bearing path/account metadata pseudonymized; measurements unchanged
outputs/sigmetrics/rq2_overhead_scaling/recommended/rq2_full_scale/raw/runs/sigmetrics-rq2-overhead-scaling-final-v1--recommended--rq2_full_scale--4ea7b35bbaba1a4a.json,f982fb0a7e1d45596492d58fb33613d297dfb355581975f36d25b619eb7fa13b,9bda0813cc761558c01e3b6cbf0130095c9edcae3f52222881cd2522c8901be5,identity-bearing path/account metadata pseudonymized; measurements unchanged
outputs/sigmetrics/rq2_overhead_scaling/recommended/rq2_full_scale/raw/runs/sigmetrics-rq2-overhead-scaling-final-v1--recommended--rq2_full_scale--4ec61485488bc24e.json,19dd4be124270c707b4e7684464ea23292902f4ec2c971a5752164c3782b3844,de859e991191c234faa90bcf674b276a18bf9e807542f60eee050a630c336985,identity-bearing path/account metadata pseudonymized; measurements unchanged
outputs/sigmetrics/rq2_overhead_scaling/recommended/rq2_full_scale/raw/runs/sigmetrics-rq2-overhead-scaling-final-v1--recommended--rq2_full_scale--4f7d2e803e18fc98.json,7d0cf782b4562834f3b76400dc3640b119bda1842ce5830597bd3f0993042e50,c6e1cd89b51a060750999381247e616f8c3652b4ce465d1220477b2ffc77c2fa,identity-bearing path/account metadata pseudonymized; measurements unchanged
outputs/sigmetrics/rq2_overhead_scaling/recommended/rq2_full_scale/raw/runs/sigmetrics-rq2-overhead-scaling-final-v1--recommended--rq2_full_scale--505d4f0fde7df7ff.json,8b14ad51be28a9dc7f5c753db3b9e02cedb95009c0b40850c36e4cb9673b9543,a2d4ef7896d8eeaf729b66b54a8b03da46529fd31dde5da3afcbf6f69bf04b84,identity-bearing path/account metadata pseudonymized; measurements unchanged
outputs/sigmetrics/rq2_overhead_scaling/recommended/rq2_full_scale/raw/runs/sigmetrics-rq2-overhead-scaling-final-v1--recommended--rq2_full_scale--512cf6e5ad5ad7d2.json,5035702f278465b94f3389dac2cc2e4613ebf9811f4d8e3415940678213888f3,0203649c4091363d7287828b6ce50375307b656389c2eed060fc4773a47b9f5d,identity-bearing path/account metadata pseudonymized; measurements unchanged
outputs/sigmetrics/rq2_overhead_scaling/recommended/rq2_full_scale/raw/runs/sigmetrics-rq2-overhead-scaling-final-v1--recommended--rq2_full_scale--518a9d5c9743de24.json,694259243b33909516ba362ebdd2e5cb50499a06ad05de07936b923619a6b3bb,aaeb5aab9840d346e5eba40f853b79352aeea3b4070d8507565dad1d17de8825,identity-bearing path/account metadata pseudonymized; measurements unchanged
outputs/sigmetrics/rq2_overhead_scaling/recommended/rq2_full_scale/raw/runs/sigmetrics-rq2-overhead-scaling-final-v1--recommended--rq2_full_scale--519e722cea29dc30.json,1ed9429e5297444ccdafbf83ab2ac9bdc5c4b648f1ff46f0e234d690d45b1027,5e596163740063bc66b239b78b5cc7450da52f991208e8f5bc4c902f1fa3a383,identity-bearing path/account metadata pseudonymized; measurements unchanged
outputs/sigmetrics/rq2_overhead_scaling/recommended/rq2_full_scale/raw/runs/sigmetrics-rq2-overhead-scaling-final-v1--recommended--rq2_full_scale--52ac421f949f5e32.json,5aabff7277adea9c7116787b08c63d6c6cdcdb7e959d564951f0c523bc992351,25c6cc9369c19c701df56d44a4d20102eac8e461542e92528bcbc1960a65c737,identity-bearing path/account metadata pseudonymized; measurements unchanged
outputs/sigmetrics/rq2_overhead_scaling/recommended/rq2_full_scale/raw/runs/sigmetrics-rq2-overhead-scaling-final-v1--recommended--rq2_full_scale--536ff66e0843bb98.json,52fe143d7a1c867514557fb5342386fb0f82bc720860ba43df365769b2485bcf,e1bc9034885a524f2d1f67939706dafb7472a380842e5662dca70c67afe8eb92,identity-bearing path/account metadata pseudonymized; measurements unchanged
outputs/sigmetrics/rq2_overhead_scaling/recommended/rq2_full_scale/raw/runs/sigmetrics-rq2-overhead-scaling-final-v1--recommended--rq2_full_scale--5378f808f93d439c.json,a2720e33555d3bc9cd61ee4d601f04bd614aab79d28fcaa8720fd2c668fafbf1,b4f24fc6c53bab48b99d0295a286a4cedcade209321a88080a3dda3a415fbd00,identity-bearing path/account metadata pseudonymized; measurements unchanged
outputs/sigmetrics/rq2_overhead_scaling/recommended/rq2_full_scale/raw/runs/sigmetrics-rq2-overhead-scaling-final-v1--recommended--rq2_full_scale--537dc8dfa95e4208.json,f06efb9a049a3e6e8520adb183abb973767a3e6f9ab95424523525160c227334,0a7256a8c0bcb80d9e84a771a8c4e86d388ff3b66dfeacf78ff810c730b593b8,identity-bearing path/account metadata pseudonymized; measurements unchanged
outputs/sigmetrics/rq2_overhead_scaling/recommended/rq2_full_scale/raw/runs/sigmetrics-rq2-overhead-scaling-final-v1--recommended--rq2_full_scale--537f9a92edf52138.json,275c17360f9be01ee50939a6e4dc7db3b8fc761a66d945d388f9c9ab0d3dd453,63075e97504be2b1bcfb612bcc175bfc3a1dfe1d574d9ea8230252cad13682a9,identity-bearing path/account metadata pseudonymized; measurements unchanged
outputs/sigmetrics/rq2_overhead_scaling/recommended/rq2_full_scale/raw/runs/sigmetrics-rq2-overhead-scaling-final-v1--recommended--rq2_full_scale--5477fabaeff1430a.json,ffb36f640a4c15bd413d34b980a649adc9331716bcb2c6052ef4e9104e73a062,47923c74ad91d60f8e3e823c12ec32cec7dd372e54e4e52bf7a3387fcd64c95b,identity-bearing path/account metadata pseudonymized; measurements unchanged
outputs/sigmetrics/rq2_overhead_scaling/recommended/rq2_full_scale/raw/runs/sigmetrics-rq2-overhead-scaling-final-v1--recommended--rq2_full_scale--54a82f3bf1addc06.json,7fdef30f88da6bb9b1b8fb29e50362e14f04874a9ed51b519ef7d738e2a4fcda,6427a18c9f16e2039ababd7d7b9097b3b05eb78d13353f24198f2f25bd47775c,identity-bearing path/account metadata pseudonymized; measurements unchanged
outputs/sigmetrics/rq2_overhead_scaling/recommended/rq2_full_scale/raw/runs/sigmetrics-rq2-overhead-scaling-final-v1--recommended--rq2_full_scale--54aef95e42522284.json,e5ee4fae55d43ba2b75cf033171fa1fc4b15a4b562533ef01df5aeaeb02853aa,8383075214bd161050067fa087616fa3eac70ee521888810480ff493ecf3ce5d,identity-bearing path/account metadata pseudonymized; measurements unchanged
outputs/sigmetrics/rq2_overhead_scaling/recommended/rq2_full_scale/raw/runs/sigmetrics-rq2-overhead-scaling-final-v1--recommended--rq2_full_scale--54b2c83e53527914.json,51fea73c946f4d7b12c38cd1764bb02d4ea14b66ba020ae7de7230ddd18e6e61,7cabb19243957843efc37a139836a0b7e0cce2b4d4048cf2134acff21fa1b73e,identity-bearing path/account metadata pseudonymized; measurements unchanged
outputs/sigmetrics/rq2_overhead_scaling/recommended/rq2_full_scale/raw/runs/sigmetrics-rq2-overhead-scaling-final-v1--recommended--rq2_full_scale--54bafd381a450bab.json,861e3c6a561a3876cf3b4f21d5299a8e5f7ed847433848ab86f36a566158513c,f2490fcc9704884093d0143e91aefc52057e9008736981fbdbde3938a74e9354,identity-bearing path/account metadata pseudonymized; measurements unchanged
outputs/sigmetrics/rq2_overhead_scaling/recommended/rq2_full_scale/raw/runs/sigmetrics-rq2-overhead-scaling-final-v1--recommended--rq2_full_scale--561073ec99ce9d26.json,02bc9a41d01af0b2ab199fcf933d53f78c51baf688450f36a3a7cf19b295605f,e89f6b0b890e9887240150a82332f5db14f4367693bb4a4d858e988232c00a04,identity-bearing path/account metadata pseudonymized; measurements unchanged
outputs/sigmetrics/rq2_overhead_scaling/recommended/rq2_full_scale/raw/runs/sigmetrics-rq2-overhead-scaling-final-v1--recommended--rq2_full_scale--561522e227bfd519.json,fe6c64b3b62d795bbc65de30cfcd10a80b576ed5a8bd71ae3d2a0e9b414e6031,4c7866e1950128f179557efd940c09e2dce8d00722f9210b86272c63d84f4d90,identity-bearing path/account metadata pseudonymized; measurements unchanged
outputs/sigmetrics/rq2_overhead_scaling/recommended/rq2_full_scale/raw/runs/sigmetrics-rq2-overhead-scaling-final-v1--recommended--rq2_full_scale--56a5c822498462d6.json,1947c9a2d81838a202b509ff4104b3cf6329d184f8f5487b804e36e0c158e933,2665b6bb3d3d775e2a4eaa58bed4832d80c7c637186cfaa1e30a0304938b2d9e,identity-bearing path/account metadata pseudonymized; measurements unchanged
outputs/sigmetrics/rq2_overhead_scaling/recommended/rq2_full_scale/raw/runs/sigmetrics-rq2-overhead-scaling-final-v1--recommended--rq2_full_scale--56e0c78cb57a3caf.json,9b1d9ed351586a5fca3961d7a438203a47f47e66d6a11e3ec3fefdc2a3e374be,ad0960696abaf0b9edea0803750dbb9373540c649f12ef1f352b02c4759ea9d6,identity-bearing path/account metadata pseudonymized; measurements unchanged
outputs/sigmetrics/rq2_overhead_scaling/recommended/rq2_full_scale/raw/runs/sigmetrics-rq2-overhead-scaling-final-v1--recommended--rq2_full_scale--56f241aeb9fca98d.json,ff1b2df23b15fa479fdfd9e9bd74b6b4ff37b9d1d4ba3d8a21af1c1e9210799f,a6d4b85f2aa8454e63ce051f134046445a1cf4f03174aa7cbdd3aaf40e1a9b37,identity-bearing path/account metadata pseudonymized; measurements unchanged
outputs/sigmetrics/rq2_overhead_scaling/recommended/rq2_full_scale/raw/runs/sigmetrics-rq2-overhead-scaling-final-v1--recommended--rq2_full_scale--572a660f6afdfa04.json,291bf633d197aa5940941d8cf5e27ec000aeeedfd07778f1ff502637ca8af79f,8aab12afdf958caada4361dce4b01f0c518dc49bc2d4e3558e054a383307c92a,identity-bearing path/account metadata pseudonymized; measurements unchanged
outputs/sigmetrics/rq2_overhead_scaling/recommended/rq2_full_scale/raw/runs/sigmetrics-rq2-overhead-scaling-final-v1--recommended--rq2_full_scale--572f8876fe637df4.json,b644bb2662b80c0d65b9f16914adf8895364e99ca1649e4c2f6f3b591d948441,3a4fc2f6597e4786f2c93b6405bd1c7a542e47f5f66a534731f6fab58de91d1b,identity-bearing path/account metadata pseudonymized; measurements unchanged
outputs/sigmetrics/rq2_overhead_scaling/recommended/rq2_full_scale/raw/runs/sigmetrics-rq2-overhead-scaling-final-v1--recommended--rq2_full_scale--574191adb41cc17a.json,343eb8aae3ba71363fbc0405d003e1c6811afb4bbbcbe09027ed8ccf03fd691a,d963880371f96c75b44cdd57373fb2bea8dc74d72934a64f108602247c157fb5,identity-bearing path/account metadata pseudonymized; measurements unchanged
outputs/sigmetrics/rq2_overhead_scaling/recommended/rq2_full_scale/raw/runs/sigmetrics-rq2-overhead-scaling-final-v1--recommended--rq2_full_scale--57ac2e14922f078e.json,f5eb1032b7ef7a6c12b5df69dc06e7570a6c0a6a6dc79a7820c195627d777bc6,1a890c336fed21a688497d5cbb999a6a0a8d8e07ce2853d74589342fc2699ca5,identity-bearing path/account metadata pseudonymized; measurements unchanged
outputs/sigmetrics/rq2_overhead_scaling/recommended/rq2_full_scale/raw/runs/sigmetrics-rq2-overhead-scaling-final-v1--recommended--rq2_full_scale--580b115d8817b1c3.json,4f882ce0faffeaffe4979cd80463b2bf4d43ed65ae3a18711d311b6172aec514,5001df3433094450e6e1bfa520f37621f742a680c832d8825a661a805b4f59e7,identity-bearing path/account metadata pseudonymized; measurements unchanged
outputs/sigmetrics/rq2_overhead_scaling/recommended/rq2_full_scale/raw/runs/sigmetrics-rq2-overhead-scaling-final-v1--recommended--rq2_full_scale--5815fe75c6305907.json,937c242f1ab536f2ceb6c9036d11115f3930f97ce4de554917cc368fee02387f,acb0c55f5b4030b3f72f8996c301873e0c2f59ec26e1c0e625172db7fd38543a,identity-bearing path/account metadata pseudonymized; measurements unchanged
outputs/sigmetrics/rq2_overhead_scaling/recommended/rq2_full_scale/raw/runs/sigmetrics-rq2-overhead-scaling-final-v1--recommended--rq2_full_scale--58235c146285e16b.json,a38215cbbfc975554e2a95d9f5ec7b0fde34cb3ab102e44467619ff568f06d4f,24f48c611dd205fb17573870b8c53b1bce5d145637990d995da3938df960d980,identity-bearing path/account metadata pseudonymized; measurements unchanged
outputs/sigmetrics/rq2_overhead_scaling/recommended/rq2_full_scale/raw/runs/sigmetrics-rq2-overhead-scaling-final-v1--recommended--rq2_full_scale--58af5cbf585e27f7.json,e001189961c300ea9f07002af6910596e12b2bb358885efa6a638502f2eadb79,7ea6cfd389d3ecd0a847ee45ae12d11cf7b83b80ad5c7e99ef6ca400003ede3c,identity-bearing path/account metadata pseudonymized; measurements unchanged
outputs/sigmetrics/rq2_overhead_scaling/recommended/rq2_full_scale/raw/runs/sigmetrics-rq2-overhead-scaling-final-v1--recommended--rq2_full_scale--5993db19ff306dda.json,e34b6d054ba543cfbac1021748400b66d61b6bc59dd8844678cbcfd0e8b86a00,a39b278a5e5ca9b7b8da450237063b2eb089c69086e5f61bfdb9e6a74822f7cf,identity-bearing path/account metadata pseudonymized; measurements unchanged
outputs/sigmetrics/rq2_overhead_scaling/recommended/rq2_full_scale/raw/runs/sigmetrics-rq2-overhead-scaling-final-v1--recommended--rq2_full_scale--5b2e8ce5b314fa29.json,6e2b33aaae6ee9c43e5513e2bae28f98e9fe145f6bc05fbbb52aa7acc762ae4f,abac877c5936fccf95a7768deb66cdd54d8d265509a2fafb962c85c3a8c58894,identity-bearing path/account metadata pseudonymized; measurements unchanged
outputs/sigmetrics/rq2_overhead_scaling/recommended/rq2_full_scale/raw/runs/sigmetrics-rq2-overhead-scaling-final-v1--recommended--rq2_full_scale--5b32befbbf06f94a.json,d35e904e5d2ef57353ec8d3c8a00a39423e51feb4b75591202321a1612a119f9,5c9ee1dc0a13d9aa4bb2a5fe13f756b49d54d60c8817f9d89126e91b0cf18d2e,identity-bearing path/account metadata pseudonymized; measurements unchanged
outputs/sigmetrics/rq2_overhead_scaling/recommended/rq2_full_scale/raw/runs/sigmetrics-rq2-overhead-scaling-final-v1--recommended--rq2_full_scale--5c45acdb58dd175a.json,06fa829fa4c9c12df496721ef961d6301e8b7f2b849d72607c4c0af57cfc42b8,d012be6718efdbe6ffb9f029bf654b3cbd883fb429a7e43f6449b419ea64df6a,identity-bearing path/account metadata pseudonymized; measurements unchanged
outputs/sigmetrics/rq2_overhead_scaling/recommended/rq2_full_scale/raw/runs/sigmetrics-rq2-overhead-scaling-final-v1--recommended--rq2_full_scale--5c7cd9f4e9dd1bd3.json,13436f2343194aa04460632659459353c90995408b4fecfb40e479c1b77bc6f7,fba4b19d075eda83b87d679916a5ec45ef43c3404c381075c85e9865d3da31db,identity-bearing path/account metadata pseudonymized; measurements unchanged
outputs/sigmetrics/rq2_overhead_scaling/recommended/rq2_full_scale/raw/runs/sigmetrics-rq2-overhead-scaling-final-v1--recommended--rq2_full_scale--5d0b6d07a29a4366.json,4c1c1f024b4199dc2ce03983b782f1bf2413da9f86240452d293db57c7bb58e8,7631d6ab3cbd3fa37e4167132232a40169230e0b915bf9d089fb899e81a5edee,identity-bearing path/account metadata pseudonymized; measurements unchanged
outputs/sigmetrics/rq2_overhead_scaling/recommended/rq2_full_scale/raw/runs/sigmetrics-rq2-overhead-scaling-final-v1--recommended--rq2_full_scale--5d92984235cb0f70.json,1999d94e0c3ccc6856f447eb9db2f9114af7f262efed77d83671e076d7e9f221,c73cfb8a94a81eff21bf23971ab29fb926f1d0af57f443b71c2610ea3af15e0c,identity-bearing path/account metadata pseudonymized; measurements unchanged
outputs/sigmetrics/rq2_overhead_scaling/recommended/rq2_full_scale/raw/runs/sigmetrics-rq2-overhead-scaling-final-v1--recommended--rq2_full_scale--5db131fcb65342f8.json,3d3f15c2ae1bbde96882103e3acbd1b6f71c3ae72adc84b4c86b98f646b265c4,f87b42df884de987d04876ebd63e00a8bf0db56c11b47192287ca752369fca01,identity-bearing path/account metadata pseudonymized; measurements unchanged
outputs/sigmetrics/rq2_overhead_scaling/recommended/rq2_full_scale/raw/runs/sigmetrics-rq2-overhead-scaling-final-v1--recommended--rq2_full_scale--5ed5de498245d809.json,2185bc5de25d64a05c79e65ed127a499c8c19a7d6d7dd3d3ad4c83bdb38cff8b,2593351ff98b301f47636a4b9a040851fb6b78dc1ea420087a4fd9bc99f24d0a,identity-bearing path/account metadata pseudonymized; measurements unchanged
outputs/sigmetrics/rq2_overhead_scaling/recommended/rq2_full_scale/raw/runs/sigmetrics-rq2-overhead-scaling-final-v1--recommended--rq2_full_scale--5f39c8bf760cea9c.json,7570500c518885ce1826a0b26377ecd316473b2131be568e902ce9f09dd67b49,8c003174c756aaa413503dc00e524d1e14c2bbafcfe6f8c431754afc3a0e3fdf,identity-bearing path/account metadata pseudonymized; measurements unchanged
outputs/sigmetrics/rq2_overhead_scaling/recommended/rq2_full_scale/raw/runs/sigmetrics-rq2-overhead-scaling-final-v1--recommended--rq2_full_scale--625bff4e65b92d4f.json,ec86cb329ee671b8d29e8820a112951ea584861051ddc23790af9a6056e27b35,f0f150ea50bd43c72245778c072f47cfb382f000afe925d6434c6f0333d9df9a,identity-bearing path/account metadata pseudonymized; measurements unchanged
outputs/sigmetrics/rq2_overhead_scaling/recommended/rq2_full_scale/raw/runs/sigmetrics-rq2-overhead-scaling-final-v1--recommended--rq2_full_scale--625fcf8c028dd861.json,56cb1c67df100e56e0d8019639b37f3b36b33a76082a986a7b3ff85d61f11b54,2ebc96d26cdb7640c838636c4784b1caba6f940fc460ec11f9c9a59ce7fe71f7,identity-bearing path/account metadata pseudonymized; measurements unchanged
outputs/sigmetrics/rq2_overhead_scaling/recommended/rq2_full_scale/raw/runs/sigmetrics-rq2-overhead-scaling-final-v1--recommended--rq2_full_scale--63a808c669a561cb.json,0609f0a710d28a7faf629a5dfc807dd71cc2cda53a4a3fc21ec97a5d533da5f0,315265420812621e619e09209419d2f8230399592839bb0d52d7aeddd9b5a0c0,identity-bearing path/account metadata pseudonymized; measurements unchanged
outputs/sigmetrics/rq2_overhead_scaling/recommended/rq2_full_scale/raw/runs/sigmetrics-rq2-overhead-scaling-final-v1--recommended--rq2_full_scale--64b96805053ef03c.json,dae8b4385f8f7d53510f8cf5b4063174c30fcde6a6dda709c8f666318c4bd869,71a262d38556f51359007b68446c8d37343db428014a0e6764a6da33ca9e4251,identity-bearing path/account metadata pseudonymized; measurements unchanged
outputs/sigmetrics/rq2_overhead_scaling/recommended/rq2_full_scale/raw/runs/sigmetrics-rq2-overhead-scaling-final-v1--recommended--rq2_full_scale--658e8dc66a07053e.json,221d599becfba582283c16223728ecc3ceece234ec0a7c23765535a738f39c15,17be8b6f093eb0b4f50cb44e57a289766d38dc16bb1fbbd16a6b23093158b43c,identity-bearing path/account metadata pseudonymized; measurements unchanged
outputs/sigmetrics/rq2_overhead_scaling/recommended/rq2_full_scale/raw/runs/sigmetrics-rq2-overhead-scaling-final-v1--recommended--rq2_full_scale--65928f9af48718cd.json,ea0692c1334d6540ca85c227af14472269366465685b27f25974d13e34e5be13,ad0ffcafcc7b7c43356573fb09ea24c63b171d601ec8aed614b75a8e411dad83,identity-bearing path/account metadata pseudonymized; measurements unchanged
outputs/sigmetrics/rq2_overhead_scaling/recommended/rq2_full_scale/raw/runs/sigmetrics-rq2-overhead-scaling-final-v1--recommended--rq2_full_scale--6681aaf087b36ea9.json,3a4cd499587c3020918a81d83e0d13f82e53c2148a70cbc351f2d56ed929c524,c4bb0fc68d7357b3c00695640cca314fe7d7e1a038bedde26380e922516e21da,identity-bearing path/account metadata pseudonymized; measurements unchanged
outputs/sigmetrics/rq2_overhead_scaling/recommended/rq2_full_scale/raw/runs/sigmetrics-rq2-overhead-scaling-final-v1--recommended--rq2_full_scale--675ed25c8b2c07e2.json,856942f4e376daca74e72fc3d91e2e9dd4edebcf6522f4077e3f5c6c2f40e591,e625b9c0b3ef2e79b0c6de9304d33d4f4a083b2f6d63a28752c6f98ace6d9be2,identity-bearing path/account metadata pseudonymized; measurements unchanged
outputs/sigmetrics/rq2_overhead_scaling/recommended/rq2_full_scale/raw/runs/sigmetrics-rq2-overhead-scaling-final-v1--recommended--rq2_full_scale--67c51fd700bad97f.json,960a29c1b9eb63d0c2bf73f1eef0c5b8bae7b4664bc92a95855992202cf1c334,6290122f0f92ac68641aa1b058d3974d3108e098a01d9d7e4c6dc9818a41e276,identity-bearing path/account metadata pseudonymized; measurements unchanged
outputs/sigmetrics/rq2_overhead_scaling/recommended/rq2_full_scale/raw/runs/sigmetrics-rq2-overhead-scaling-final-v1--recommended--rq2_full_scale--68b8e15d5b83756f.json,ae02b640b80cf2ce07d0a31739e925d77a8fa6b8d09b3de8790e9fbb215a208c,96c7a51c0e449142e0fdbc73421878971f9cba642bce1cdd81f30665cf4b3a68,identity-bearing path/account metadata pseudonymized; measurements unchanged
outputs/sigmetrics/rq2_overhead_scaling/recommended/rq2_full_scale/raw/runs/sigmetrics-rq2-overhead-scaling-final-v1--recommended--rq2_full_scale--68becda89c50a512.json,f3aedf60c6e1b0dbaa3961a91f6c8fac6f7ca1ce5d8d11f00e0bb059cd33ade4,59e971655f55df216c989f6ad23ffaa35061ef7f19db5c148eb785782b5c6b71,identity-bearing path/account metadata pseudonymized; measurements unchanged
outputs/sigmetrics/rq2_overhead_scaling/recommended/rq2_full_scale/raw/runs/sigmetrics-rq2-overhead-scaling-final-v1--recommended--rq2_full_scale--68c454b9bcbb8abe.json,4f58ae9fd9e1e901dc159841fc367a8c3c22555b7194ad27515cacf7dea5d7bc,fba248e501582c00f70106d86cf06378a1b29c072563b11cf3f6ea305509cc50,identity-bearing path/account metadata pseudonymized; measurements unchanged
outputs/sigmetrics/rq2_overhead_scaling/recommended/rq2_full_scale/raw/runs/sigmetrics-rq2-overhead-scaling-final-v1--recommended--rq2_full_scale--68e79de03b7cd19b.json,5e3dd05996fca6298c523095c92d742afbd39ff55a13866a6002888aec38ec13,09512153b4e1d7124636f9853bb58c2eaea751000a925a932e2bc42f2d246358,identity-bearing path/account metadata pseudonymized; measurements unchanged
outputs/sigmetrics/rq2_overhead_scaling/recommended/rq2_full_scale/raw/runs/sigmetrics-rq2-overhead-scaling-final-v1--recommended--rq2_full_scale--68fa32d39250ad62.json,b4d8db232f1c805f603a06a53b5bb3b6bba4ce23827fd85c553a10e6160f9b93,a1e6f6dabca940b4d0b1d71b71dd49040af0a9cc9c673805e9db8f75d85890cd,identity-bearing path/account metadata pseudonymized; measurements unchanged
outputs/sigmetrics/rq2_overhead_scaling/recommended/rq2_full_scale/raw/runs/sigmetrics-rq2-overhead-scaling-final-v1--recommended--rq2_full_scale--6a0d63993c4f2c40.json,2500be1f2b5167f0f0333b5a13b7fda739abcc6ad9cf6a38ce0bf5a47ce32282,fcbcfc62f8c2a5841dfe6ffc852ca81dc30732057cbbe3ab2bf9ddc55e17ca0f,identity-bearing path/account metadata pseudonymized; measurements unchanged
outputs/sigmetrics/rq2_overhead_scaling/recommended/rq2_full_scale/raw/runs/sigmetrics-rq2-overhead-scaling-final-v1--recommended--rq2_full_scale--6a79dc91596d9514.json,352aa29b9e0ff0c980b4a0c034682c096dd38375d89a7a9705d1e5bf61d1faf8,240ae9550e867933cf93ee9180a811cf23bf1af7880ca8cacb5452c0be2ea9e2,identity-bearing path/account metadata pseudonymized; measurements unchanged
outputs/sigmetrics/rq2_overhead_scaling/recommended/rq2_full_scale/raw/runs/sigmetrics-rq2-overhead-scaling-final-v1--recommended--rq2_full_scale--6b1254791686dfe7.json,6f2e9b934e463f7d6f5d9a4c6c00024715b0c4158fbddeb69690dca98edefb20,28967e01bb5264b5ef6f5a2438ae31f04776628825cbe5b2b5f69d0f62455deb,identity-bearing path/account metadata pseudonymized; measurements unchanged
outputs/sigmetrics/rq2_overhead_scaling/recommended/rq2_full_scale/raw/runs/sigmetrics-rq2-overhead-scaling-final-v1--recommended--rq2_full_scale--6bbbd29df8117893.json,c702bf87cdec843d63d623c4064955b60307906c7eb650c697b45efd2ef71d58,a960c50190377aa93e3839fc15d640d8fb5d6b4cb40f3fca685a350d75914f2b,identity-bearing path/account metadata pseudonymized; measurements unchanged
outputs/sigmetrics/rq2_overhead_scaling/recommended/rq2_full_scale/raw/runs/sigmetrics-rq2-overhead-scaling-final-v1--recommended--rq2_full_scale--6bef19d6e8a11ea4.json,969621febc0013722090056778aa8a62dd1886740b29f1febbda7817e0020e51,a5a332c00f707b46b66b0c2fed5d66d1306b82335d3712b13712bb8073874d43,identity-bearing path/account metadata pseudonymized; measurements unchanged
outputs/sigmetrics/rq2_overhead_scaling/recommended/rq2_full_scale/raw/runs/sigmetrics-rq2-overhead-scaling-final-v1--recommended--rq2_full_scale--6c286548d29ad2c1.json,cb5bfc33e9eaea4b374c811f85cd26d57f81128735447fa804171c46429b4b2a,15b9af2aa0e73bfee4b5bc6c51da328c3999e8bcd1c4c7e3e485955e0e069fba,identity-bearing path/account metadata pseudonymized; measurements unchanged
outputs/sigmetrics/rq2_overhead_scaling/recommended/rq2_full_scale/raw/runs/sigmetrics-rq2-overhead-scaling-final-v1--recommended--rq2_full_scale--6c48cc3648ea627a.json,9a8a35137caa7b38be3d4a0e115d71ef722b39bf9d49283ddf00f3ad21bf1c68,2598f57dcb5018ed9e7dda3a64170c29a965cd54c5de16d62de0837eff56391b,identity-bearing path/account metadata pseudonymized; measurements unchanged
outputs/sigmetrics/rq2_overhead_scaling/recommended/rq2_full_scale/raw/runs/sigmetrics-rq2-overhead-scaling-final-v1--recommended--rq2_full_scale--6da17e3933629362.json,5617affda2d1b956514f0acb223af5d2a01ff02a5d0b3ba5ae4cfc0535d9c432,ad6a66ec3b57838158ec5e68c14c390a5479e14d098ad09127b3d059592f2e2f,identity-bearing path/account metadata pseudonymized; measurements unchanged
outputs/sigmetrics/rq2_overhead_scaling/recommended/rq2_full_scale/raw/runs/sigmetrics-rq2-overhead-scaling-final-v1--recommended--rq2_full_scale--6e06e3ff7367dc32.json,89ef1f384f487fd282dc43ccd17c41c038cc28921209d17b01506a7e857d91ba,ce04a11853a636a92d45958884012cea95d7942698be6ed11ccfa90266ee103e,identity-bearing path/account metadata pseudonymized; measurements unchanged
outputs/sigmetrics/rq2_overhead_scaling/recommended/rq2_full_scale/raw/runs/sigmetrics-rq2-overhead-scaling-final-v1--recommended--rq2_full_scale--6e3f76baf63b10b5.json,aad4d3082cc165cf621b88b443e064e3f3b8d5da3e3fcbd0708268028a6ca954,ff876d04905c8f08ba6e24307aa5a3ecfeccdd36d1b78f9a404205ad781bd435,identity-bearing path/account metadata pseudonymized; measurements unchanged
outputs/sigmetrics/rq2_overhead_scaling/recommended/rq2_full_scale/raw/runs/sigmetrics-rq2-overhead-scaling-final-v1--recommended--rq2_full_scale--6e69dcb894211abf.json,e6cc563fbc6a3872ac5dca0a05e56ff66fbe2bc891aa63e39107801f5ccd9336,5a85ddbae3e4810b5d598148d0376c7a52369024a47f2d4a36b5ff593a0f63ce,identity-bearing path/account metadata pseudonymized; measurements unchanged
outputs/sigmetrics/rq2_overhead_scaling/recommended/rq2_full_scale/raw/runs/sigmetrics-rq2-overhead-scaling-final-v1--recommended--rq2_full_scale--6ee632f8d606eace.json,8cf5a3d20d447e0d25749ea6a744e34a4f91e40ae1882d4f65559572229a4f6a,ab4222db62237da16a0ad38bb46bfcea84070432f338f336c7b46ea02f29b208,identity-bearing path/account metadata pseudonymized; measurements unchanged
outputs/sigmetrics/rq2_overhead_scaling/recommended/rq2_full_scale/raw/runs/sigmetrics-rq2-overhead-scaling-final-v1--recommended--rq2_full_scale--6f0637fbd378852a.json,a763e2fa8f0fbc417e97f926197ceb6ae6b5aa393759493b4d9df4e1f899409a,4663c73cba54fcb62a359a458049e42f708184345590b6ba1a7c726a76575dd6,identity-bearing path/account metadata pseudonymized; measurements unchanged
outputs/sigmetrics/rq2_overhead_scaling/recommended/rq2_full_scale/raw/runs/sigmetrics-rq2-overhead-scaling-final-v1--recommended--rq2_full_scale--703fcd529012102c.json,e6f44b26d19771fe8b450de49f0d83dbd5903a8b714693bc177584a2a26dab84,66eba46c2a3b3977f01d816e697e1803a44cb685fee320560dd7f53d5507c883,identity-bearing path/account metadata pseudonymized; measurements unchanged
outputs/sigmetrics/rq2_overhead_scaling/recommended/rq2_full_scale/raw/runs/sigmetrics-rq2-overhead-scaling-final-v1--recommended--rq2_full_scale--709975e1717f5c82.json,e168a9cc6d0a4025cd77b4d40198624c34d9ecf3da1eae5525dbf354192d164b,8641410897688414333054d762ff357d7cbb52a97b563c2da78c094bdaae656b,identity-bearing path/account metadata pseudonymized; measurements unchanged
outputs/sigmetrics/rq2_overhead_scaling/recommended/rq2_full_scale/raw/runs/sigmetrics-rq2-overhead-scaling-final-v1--recommended--rq2_full_scale--70d604f9b53b5549.json,a87d9f33fbaf9406b5b6ff66f4b19b75ee4cb60e2fd234ec7d52f210d093cf90,93c7374b9eb2002100ef527c7d0cff0372601ab3c7d9edb8f08e6d97e966cc5a,identity-bearing path/account metadata pseudonymized; measurements unchanged
outputs/sigmetrics/rq2_overhead_scaling/recommended/rq2_full_scale/raw/runs/sigmetrics-rq2-overhead-scaling-final-v1--recommended--rq2_full_scale--71055828ad7eb489.json,64c35de8a3acd31483318cb6d41b26872296e73448ce48916d34000ed7dd17c6,aa7ce0b063cfe958a67b0e9d9e1b7ce2e58bd7105228f277377a24b4abc87a89,identity-bearing path/account metadata pseudonymized; measurements unchanged
outputs/sigmetrics/rq2_overhead_scaling/recommended/rq2_full_scale/raw/runs/sigmetrics-rq2-overhead-scaling-final-v1--recommended--rq2_full_scale--711e35c734f6b0b7.json,ad23b4457c6ba40f0495f7c4363201e6f2bce401b5ada16fba499a55f1834e52,57660174294fc820a542499ac05f965c45678980578e6a5dacba45f6135e75b0,identity-bearing path/account metadata pseudonymized; measurements unchanged
outputs/sigmetrics/rq2_overhead_scaling/recommended/rq2_full_scale/raw/runs/sigmetrics-rq2-overhead-scaling-final-v1--recommended--rq2_full_scale--71449a397f142ff3.json,8b8c64cf21e68f7abbc12bfa8fa1721fb0ac7dbe584fd401355750cbe1260e67,307e558d0343dae68d20fdbc2512e45c979db3a902ecb0abe39874c2cea172d7,identity-bearing path/account metadata pseudonymized; measurements unchanged
outputs/sigmetrics/rq2_overhead_scaling/recommended/rq2_full_scale/raw/runs/sigmetrics-rq2-overhead-scaling-final-v1--recommended--rq2_full_scale--716355d1e6008afc.json,ec24bbd8593ee624e4a50790791d710e6bbe358e459815356c0a80340c75895f,ba9d8f0f52431d34fd95e47fc4d3e5a5bc11f0820c2a85654cbc7e6fe18e0ca0,identity-bearing path/account metadata pseudonymized; measurements unchanged
outputs/sigmetrics/rq2_overhead_scaling/recommended/rq2_full_scale/raw/runs/sigmetrics-rq2-overhead-scaling-final-v1--recommended--rq2_full_scale--71f56350e898f219.json,289aec119b2d3c2001fa7e91c6524e78a6c78c37683d192b06abf10e646c7f56,221c2d96971b5ed3cf7660fe7c744d4cf7832388de137a0e5b53a0ef84e0b492,identity-bearing path/account metadata pseudonymized; measurements unchanged
outputs/sigmetrics/rq2_overhead_scaling/recommended/rq2_full_scale/raw/runs/sigmetrics-rq2-overhead-scaling-final-v1--recommended--rq2_full_scale--721b5b35ff952dea.json,52ac0c2bb930eb078e2f176c5008615944d65824ab61404e00fc1e93472832ae,989c41cb3cbce0f23d572fdbc6612675c48379828aa9c34943cf251cdadcbcbc,identity-bearing path/account metadata pseudonymized; measurements unchanged
outputs/sigmetrics/rq2_overhead_scaling/recommended/rq2_full_scale/raw/runs/sigmetrics-rq2-overhead-scaling-final-v1--recommended--rq2_full_scale--724279d0efb80248.json,5f47bbcdedd8eb6e491be2252119fb28b7e8ac442b9cfc1195b5fec755dc546c,2459d80cb96f16b245579e9ce824a56fb6d032c47bc0cc8bdb4f9aececce0629,identity-bearing path/account metadata pseudonymized; measurements unchanged
outputs/sigmetrics/rq2_overhead_scaling/recommended/rq2_full_scale/raw/runs/sigmetrics-rq2-overhead-scaling-final-v1--recommended--rq2_full_scale--7469bb8334d3541c.json,1840fd299e88dc517b441a5ae5cef170404886bac0aa6f3a4fdc31695da9b50b,95db5e19da2ed23c0ae470fd7841d53b1ae1e0c9032070893279903c3c9a9196,identity-bearing path/account metadata pseudonymized; measurements unchanged
outputs/sigmetrics/rq2_overhead_scaling/recommended/rq2_full_scale/raw/runs/sigmetrics-rq2-overhead-scaling-final-v1--recommended--rq2_full_scale--74df1de225856448.json,106c1e8a0a8e2b07510e8d6d9d6d9987365d7ea865db3760b1412bb309c63d59,1ff0bbdb1d93b7205f43ebc8ed079bdf341dddb7238e994976fa2a8c9336410d,identity-bearing path/account metadata pseudonymized; measurements unchanged
outputs/sigmetrics/rq2_overhead_scaling/recommended/rq2_full_scale/raw/runs/sigmetrics-rq2-overhead-scaling-final-v1--recommended--rq2_full_scale--75679af60ac68528.json,cbc859b04a2287004384959c4b231f764fdc771408ce0b1e76b3418df6e0a071,3b899cc1e74b364a8550d9103ce98d6d5acc152a2ff8a135eff68ab7289ffa0c,identity-bearing path/account metadata pseudonymized; measurements unchanged
outputs/sigmetrics/rq2_overhead_scaling/recommended/rq2_full_scale/raw/runs/sigmetrics-rq2-overhead-scaling-final-v1--recommended--rq2_full_scale--7597c2c364d68581.json,93ffed67570b630b83c19777e33df83ece8c5ec4945e8cd6bf48c13b44314a95,91b6d620bca3d0eb8fb315feba035fb3ab235e9cc751cb1aee877b654367f90f,identity-bearing path/account metadata pseudonymized; measurements unchanged
outputs/sigmetrics/rq2_overhead_scaling/recommended/rq2_full_scale/raw/runs/sigmetrics-rq2-overhead-scaling-final-v1--recommended--rq2_full_scale--765504989750957e.json,27c569083f773234f47bba555765af99851a7031e11bddfd4f7892d5a2d55ef2,1d75367a776f4b6a67d0924b08b758d733cc2b4c961cedb4bd601eeae46734dd,identity-bearing path/account metadata pseudonymized; measurements unchanged
outputs/sigmetrics/rq2_overhead_scaling/recommended/rq2_full_scale/raw/runs/sigmetrics-rq2-overhead-scaling-final-v1--recommended--rq2_full_scale--76cb8ced77aee552.json,cae07c3d040f74ce00c5bee058e4bed56997e60ca2009b49fab9f2cb25b2bf4f,5d84d61c8156a94d3f0f95813cce904de79c0b7334d65a3c9f656fd972c2b8ee,identity-bearing path/account metadata pseudonymized; measurements unchanged
outputs/sigmetrics/rq2_overhead_scaling/recommended/rq2_full_scale/raw/runs/sigmetrics-rq2-overhead-scaling-final-v1--recommended--rq2_full_scale--76ccc97c4ccc5bf8.json,06b5d3828746ac14255773997d20e568b2746601137b76fe5edab99e6e605482,93989516eb1cb8121158da6aa660fddfb1753d19cadec98a965866bcd7357422,identity-bearing path/account metadata pseudonymized; measurements unchanged
outputs/sigmetrics/rq2_overhead_scaling/recommended/rq2_full_scale/raw/runs/sigmetrics-rq2-overhead-scaling-final-v1--recommended--rq2_full_scale--76eca22448f0aab3.json,aec058d23d97229b8d4b7067ad4cdac4ed0646c1d87fa0d130861a2f84644f11,284678e6135237a12906ef41cc17b759d419e4e85504b45aec71f304ace982a4,identity-bearing path/account metadata pseudonymized; measurements unchanged
outputs/sigmetrics/rq2_overhead_scaling/recommended/rq2_full_scale/raw/runs/sigmetrics-rq2-overhead-scaling-final-v1--recommended--rq2_full_scale--77091127d3044882.json,1d9e51522467ec77c5653e218dee45505852db97f9765606e0e7b1afd6144fc9,cd89d436df5b62a0b4a36c542bd1f2746c118e09b21e0c913349ab56a65d424f,identity-bearing path/account metadata pseudonymized; measurements unchanged
outputs/sigmetrics/rq2_overhead_scaling/recommended/rq2_full_scale/raw/runs/sigmetrics-rq2-overhead-scaling-final-v1--recommended--rq2_full_scale--78fa8932389de636.json,d7a2cf9c01c097b668aee3153172489761e48e3a1d5188819387bba87258d3c3,132f890b10c4a6c1c13a74ff2f8b33f062d0a8fcc6b1a787a4b0adf8078a45a9,identity-bearing path/account metadata pseudonymized; measurements unchanged
outputs/sigmetrics/rq2_overhead_scaling/recommended/rq2_full_scale/raw/runs/sigmetrics-rq2-overhead-scaling-final-v1--recommended--rq2_full_scale--7979d9a3f3b56255.json,4cd262e296ffe048d400805501699f79315acfae562f0bf13a77a331c2fe4f62,3ea5122bd81c9feaf530497a9d7db15d9fab10c2e1036606bd3f258bbae1501c,identity-bearing path/account metadata pseudonymized; measurements unchanged
outputs/sigmetrics/rq2_overhead_scaling/recommended/rq2_full_scale/raw/runs/sigmetrics-rq2-overhead-scaling-final-v1--recommended--rq2_full_scale--7a6d45df2e5c3f1a.json,b23e7f20971ed1cac002c0c7b518f947e866a968118fd510d84333f0c001f253,94e8dba88a25aff6ae3880a62634c36aa8de87aef7fc35daa23e49b7be0d8e6f,identity-bearing path/account metadata pseudonymized; measurements unchanged
outputs/sigmetrics/rq2_overhead_scaling/recommended/rq2_full_scale/raw/runs/sigmetrics-rq2-overhead-scaling-final-v1--recommended--rq2_full_scale--7b31447f50401f1e.json,3c572ea6eed8371b40f17ae238821211c458f883eaad1040458dc9db3f29f68a,5b8caebdc4dbfd1a20a2f796d2919d9a76cbd44909bdbbfed0e79513464dc146,identity-bearing path/account metadata pseudonymized; measurements unchanged
outputs/sigmetrics/rq2_overhead_scaling/recommended/rq2_full_scale/raw/runs/sigmetrics-rq2-overhead-scaling-final-v1--recommended--rq2_full_scale--7b7929bd84081c2b.json,7bcd80ea0355a00c3798afa04cb5300d82a836dde8587807e0428c58224b5a96,e418ae6eeadb8a35f5fc6afb89ef2d7494690d4d6effa9efad31f55a7c90a172,identity-bearing path/account metadata pseudonymized; measurements unchanged
outputs/sigmetrics/rq2_overhead_scaling/recommended/rq2_full_scale/raw/runs/sigmetrics-rq2-overhead-scaling-final-v1--recommended--rq2_full_scale--7bdd52e999aba740.json,1e0de21ea255580aacdd05d72ee08007fd6f76f8e2f252bf30e893af44faf7fc,f936c97211ac8057274e4e1df2cf5fc3a2df485aabfdcccc677eaf8a35964359,identity-bearing path/account metadata pseudonymized; measurements unchanged
outputs/sigmetrics/rq2_overhead_scaling/recommended/rq2_full_scale/raw/runs/sigmetrics-rq2-overhead-scaling-final-v1--recommended--rq2_full_scale--7c20629112a232b9.json,9f918abea2183c1203264567cf9a86d0a87869b30d8d94788d3da7d2debe4aa0,ac40e3912ddf8651de08faef14d5b97ca05cc94b31ef1e8ed509dd95cba868ac,identity-bearing path/account metadata pseudonymized; measurements unchanged
outputs/sigmetrics/rq2_overhead_scaling/recommended/rq2_full_scale/raw/runs/sigmetrics-rq2-overhead-scaling-final-v1--recommended--rq2_full_scale--7e0b276130b64866.json,74124e69aed003fe6b6428e08e60e1060fa88610b5c75b9a011722cea229db76,67d8d1c8f5724e278721524aef8ccfb61a38758fea175f61ccf1c6afa4f5a792,identity-bearing path/account metadata pseudonymized; measurements unchanged
outputs/sigmetrics/rq2_overhead_scaling/recommended/rq2_full_scale/raw/runs/sigmetrics-rq2-overhead-scaling-final-v1--recommended--rq2_full_scale--7eea73b8f80457ee.json,1ea241b22972545e4d59cb9fe437498a9730a474964c33026fa8d0856185f856,f3d076f1829116178eb40d79ced36c5f74e82ac193a53f8c87151146c73141ab,identity-bearing path/account metadata pseudonymized; measurements unchanged
outputs/sigmetrics/rq2_overhead_scaling/recommended/rq2_full_scale/raw/runs/sigmetrics-rq2-overhead-scaling-final-v1--recommended--rq2_full_scale--7f070a6406ef5017.json,33f5b2dda6b4498de3e9a0c18731fe325d4cb7f50c9043679a177f1afa89ad89,1fd8a0da1acf2672df941711ee40e13177202c8fd9c04efff4369650e7604b4e,identity-bearing path/account metadata pseudonymized; measurements unchanged
outputs/sigmetrics/rq2_overhead_scaling/recommended/rq2_full_scale/raw/runs/sigmetrics-rq2-overhead-scaling-final-v1--recommended--rq2_full_scale--80a8ff52ac92ad80.json,e20cd3dd08ebe7178e7f41018dece3cbf37828b4a095dff3650b98250e7ed97d,bb3b00a59604657484a6f24c3bc40d835aae452fa71df9693ecec29256729c82,identity-bearing path/account metadata pseudonymized; measurements unchanged
outputs/sigmetrics/rq2_overhead_scaling/recommended/rq2_full_scale/raw/runs/sigmetrics-rq2-overhead-scaling-final-v1--recommended--rq2_full_scale--80af5a431985c6fb.json,1b96a9691b2f8be1b5b32d2e28a3fcb9392c2e5b4a3124e2fd2a88975567c22a,f9d61633a48920f64ffa2faa5934d1ffcf32ccf521790288bd36345826e0eb8b,identity-bearing path/account metadata pseudonymized; measurements unchanged
outputs/sigmetrics/rq2_overhead_scaling/recommended/rq2_full_scale/raw/runs/sigmetrics-rq2-overhead-scaling-final-v1--recommended--rq2_full_scale--80b41af5b14666b0.json,15295a57737fd63e6a52268ad1b94b5926c57ed9b13a91b515769a3caf61c398,b302401891b0e792f46821331e429075abe1935ae8895e8c62b329580a9c962a,identity-bearing path/account metadata pseudonymized; measurements unchanged
outputs/sigmetrics/rq2_overhead_scaling/recommended/rq2_full_scale/raw/runs/sigmetrics-rq2-overhead-scaling-final-v1--recommended--rq2_full_scale--80cc6a21aa1c819d.json,80b2e2b39ba744e51991e75119478e5f3831512795eb5bba1a93f77f005204ca,5b193090a76baf4bd0e88e3819be3e13fb6d3135c87b28651cdfce2908befb7c,identity-bearing path/account metadata pseudonymized; measurements unchanged
outputs/sigmetrics/rq2_overhead_scaling/recommended/rq2_full_scale/raw/runs/sigmetrics-rq2-overhead-scaling-final-v1--recommended--rq2_full_scale--80f61fd3cb8fa719.json,2c3392775df919a3ec6bd0efb117a8db3480ca690be71ef66253074e839b1515,5043ad97c731d28731ae0ea66544b1c7ac617dc469c6f7797ce67bf23e90b72d,identity-bearing path/account metadata pseudonymized; measurements unchanged
outputs/sigmetrics/rq2_overhead_scaling/recommended/rq2_full_scale/raw/runs/sigmetrics-rq2-overhead-scaling-final-v1--recommended--rq2_full_scale--81d4acd939d5d0b3.json,7f85ca88ee2dc72f26a477e2b28e1d0fde1f537b8cb1e296497fbb5ec4ee5a9e,2678df932819bfd41575d3dce7e4ba9d1ae39ad1d483ca01a097ed7fb75592a8,identity-bearing path/account metadata pseudonymized; measurements unchanged
outputs/sigmetrics/rq2_overhead_scaling/recommended/rq2_full_scale/raw/runs/sigmetrics-rq2-overhead-scaling-final-v1--recommended--rq2_full_scale--81e91fafe5d8794e.json,93151ff6d4f5d09c8384fa84475f32cb50ab261d82a4529af407a566fcbe0aaf,c6b5f6cf63d24ab06695f0ab36e0d7fb0598fbe7f18ab1e4079f59d88a4db517,identity-bearing path/account metadata pseudonymized; measurements unchanged
outputs/sigmetrics/rq2_overhead_scaling/recommended/rq2_full_scale/raw/runs/sigmetrics-rq2-overhead-scaling-final-v1--recommended--rq2_full_scale--81f83d01221cef05.json,02ebfb35cfa7e46677f46b45ff282e184c7b7bf9567b89d187fd0bb136890365,8dcef75bc46772d13b4905cfbff6b4a9960222e3a55824659e01840350b08f7b,identity-bearing path/account metadata pseudonymized; measurements unchanged
outputs/sigmetrics/rq2_overhead_scaling/recommended/rq2_full_scale/raw/runs/sigmetrics-rq2-overhead-scaling-final-v1--recommended--rq2_full_scale--82504688cd02d8ee.json,555bf2fc99f3aa80715542042f00cb36c0f74a8913f22c89f84f5f390437ef33,abf87ef2c36b165dde13cc5399b4c1b1f02e9dc796aba54ce84d2031597ed0c3,identity-bearing path/account metadata pseudonymized; measurements unchanged
outputs/sigmetrics/rq2_overhead_scaling/recommended/rq2_full_scale/raw/runs/sigmetrics-rq2-overhead-scaling-final-v1--recommended--rq2_full_scale--8253135a347f5bbd.json,36d4a54a8174621a8061ae295e10225bf81f5225ce902b43aad2d0efc3948373,5a9af5cdedc4c4288bbfdd5a443f877d71003f3565dabe9c9412121d00e1a360,identity-bearing path/account metadata pseudonymized; measurements unchanged
outputs/sigmetrics/rq2_overhead_scaling/recommended/rq2_full_scale/raw/runs/sigmetrics-rq2-overhead-scaling-final-v1--recommended--rq2_full_scale--82cd42b54d355e27.json,bd970a9d170ba5e05ba2941053e2fdb382d2b4fc62a4b755171e5540cfcfde63,d2ac44da4d77483bf76e2eb96bff6f52574a61c1f8d8e2e9118f18c8418048d8,identity-bearing path/account metadata pseudonymized; measurements unchanged
outputs/sigmetrics/rq2_overhead_scaling/recommended/rq2_full_scale/raw/runs/sigmetrics-rq2-overhead-scaling-final-v1--recommended--rq2_full_scale--831cd9c5d833a352.json,0816c5899e46c87b061e2ec4ea7ca89e0c154357f444eef3f524b9abaa9177a3,f00a757376c346f4e5f162c37204b7ae0051860d5bfdbcae86f67c4eff5f26e9,identity-bearing path/account metadata pseudonymized; measurements unchanged
outputs/sigmetrics/rq2_overhead_scaling/recommended/rq2_full_scale/raw/runs/sigmetrics-rq2-overhead-scaling-final-v1--recommended--rq2_full_scale--84390bbf604d7c1c.json,5587637984655b5b2c000f30e833fed9ef2298a703b01a65c72888c32cbd83fb,2e5bf42468e60d1871069afcec1bacd0f3c509c60f59231faabf5fc2d625ff64,identity-bearing path/account metadata pseudonymized; measurements unchanged
outputs/sigmetrics/rq2_overhead_scaling/recommended/rq2_full_scale/raw/runs/sigmetrics-rq2-overhead-scaling-final-v1--recommended--rq2_full_scale--84471e9415a79b07.json,5cb845a45468cb2a209a289928ce5cf61d710966da068ea13105f911eb2b3a44,605a54eef9e1bcded608f0d11594324ba5f9d842d9c52cb2a216fd92d74df084,identity-bearing path/account metadata pseudonymized; measurements unchanged
outputs/sigmetrics/rq2_overhead_scaling/recommended/rq2_full_scale/raw/runs/sigmetrics-rq2-overhead-scaling-final-v1--recommended--rq2_full_scale--854830dc2f94c2df.json,d48c73e0b1516d263f5694c34260b0215ecf1e51592867c3ab868744528571a7,8167e7ca402c962b30cbe068ba7bd914c6bb89ce8ef3404600a675a36ca342b8,identity-bearing path/account metadata pseudonymized; measurements unchanged
outputs/sigmetrics/rq2_overhead_scaling/recommended/rq2_full_scale/raw/runs/sigmetrics-rq2-overhead-scaling-final-v1--recommended--rq2_full_scale--85ce1febb7e4c057.json,c3e48c0230d8424fe9293cf0078e134b457796cd9ae2ca952935d5f99b475e48,3e11df18368d332d72971a0659a223d63e46b6a8aa9edba7be1d1e9b27b40c5c,identity-bearing path/account metadata pseudonymized; measurements unchanged
outputs/sigmetrics/rq2_overhead_scaling/recommended/rq2_full_scale/raw/runs/sigmetrics-rq2-overhead-scaling-final-v1--recommended--rq2_full_scale--8788b16e9487fd02.json,44b6f6dbaf625edaff3c18b7fcd778682e9234bbd7e7f75c20b390bf24e8983a,a6d117e0b79eeeed10840691d601ac63b278e3761c9ec4dfae4d02734fb136bd,identity-bearing path/account metadata pseudonymized; measurements unchanged
outputs/sigmetrics/rq2_overhead_scaling/recommended/rq2_full_scale/raw/runs/sigmetrics-rq2-overhead-scaling-final-v1--recommended--rq2_full_scale--87a1d0258f420348.json,baec9caf892d6ab637eb064819384398e10410a4f42f2426722af94884532ed4,0c153d531e7a92cf3ae5ec4deceb34e91a525d8d5ad01decfff3599397fbde93,identity-bearing path/account metadata pseudonymized; measurements unchanged
outputs/sigmetrics/rq2_overhead_scaling/recommended/rq2_full_scale/raw/runs/sigmetrics-rq2-overhead-scaling-final-v1--recommended--rq2_full_scale--87e79a36534c7b45.json,92e4f90a4be0cfa771f8f24bbd4ba7dbde99c843615a6b5242a603a404c6efe0,fff9137ca63fe3f2a481412e1e8f3b3b2c8d1e3e1264379bbf6daaee01d22d3b,identity-bearing path/account metadata pseudonymized; measurements unchanged
outputs/sigmetrics/rq2_overhead_scaling/recommended/rq2_full_scale/raw/runs/sigmetrics-rq2-overhead-scaling-final-v1--recommended--rq2_full_scale--87ef6dea4d54dafb.json,b6615cd5549a80dfe32f53a5411dc392724510098f2dff25eea450b32da038a9,d5a890a1a84484eaa05b0cc890d6304d82ef5ed4adc3c8edefdcea94b1c70be5,identity-bearing path/account metadata pseudonymized; measurements unchanged
outputs/sigmetrics/rq2_overhead_scaling/recommended/rq2_full_scale/raw/runs/sigmetrics-rq2-overhead-scaling-final-v1--recommended--rq2_full_scale--880ea6aaf3106ee0.json,2d7639155e787780598d75f732d4fa524b0c57d70d1565372c80d29d01fb8779,6ed397e28c0728f32a59864ecf5a9617e65bc1073fbdc2634e2c9a427c695c98,identity-bearing path/account metadata pseudonymized; measurements unchanged
outputs/sigmetrics/rq2_overhead_scaling/recommended/rq2_full_scale/raw/runs/sigmetrics-rq2-overhead-scaling-final-v1--recommended--rq2_full_scale--881cfb77146dd7c2.json,b21acdf830561b2141d531e9b429fd6f548f3e4720e266ca3f62e3b4eaf69933,f485fb7f46a46a0d5873388dc4afa0a466c5daee3f24da5893909d3c69171aa3,identity-bearing path/account metadata pseudonymized; measurements unchanged
outputs/sigmetrics/rq2_overhead_scaling/recommended/rq2_full_scale/raw/runs/sigmetrics-rq2-overhead-scaling-final-v1--recommended--rq2_full_scale--883666145a367f4c.json,108e7d253ea4d4b20c2f76b57d484221c1df227f49258d7649887fc2f660f5c8,6051fadcd44904955682352d425d1d974b6a7a6df200bcee3f7cbe2bc84e6437,identity-bearing path/account metadata pseudonymized; measurements unchanged
outputs/sigmetrics/rq2_overhead_scaling/recommended/rq2_full_scale/raw/runs/sigmetrics-rq2-overhead-scaling-final-v1--recommended--rq2_full_scale--8924886ad0182871.json,6dfa578954d07dacc76f858c1c7570925ad02e9cfc939e7abeb45e6bd5463670,46375bbc62adb773f9416b70343705fce26d29cb23b6e9e23ddcdc9528cc77c9,identity-bearing path/account metadata pseudonymized; measurements unchanged
outputs/sigmetrics/rq2_overhead_scaling/recommended/rq2_full_scale/raw/runs/sigmetrics-rq2-overhead-scaling-final-v1--recommended--rq2_full_scale--89d7e1e522dc0015.json,41768910345c45f0316a2e183054388e226a856cce67f8b4a747ac603c858f42,46ea55e610645b3fc71d70d92267a37f4f0615155300ae029e21ba6e24c71d7c,identity-bearing path/account metadata pseudonymized; measurements unchanged
outputs/sigmetrics/rq2_overhead_scaling/recommended/rq2_full_scale/raw/runs/sigmetrics-rq2-overhead-scaling-final-v1--recommended--rq2_full_scale--8a7f963bf79ac486.json,f5bcb851b3ac43e408c55dae395a31b6aeb1738b64bd567b0f069f3a54997834,42208e563d441e95071cecdce1f8291e82d64e30d83700807e883fdd47503c01,identity-bearing path/account metadata pseudonymized; measurements unchanged
outputs/sigmetrics/rq2_overhead_scaling/recommended/rq2_full_scale/raw/runs/sigmetrics-rq2-overhead-scaling-final-v1--recommended--rq2_full_scale--8a98231f1c2b0394.json,75af615ed34d677799524786cdab341392d7d1ecc4d8d85347f2fe963fede3b8,ee4bb8d7ca607d60b6e1fb6d16e779813fea5ab9bb26f59ba80fc4d1016ae451,identity-bearing path/account metadata pseudonymized; measurements unchanged
outputs/sigmetrics/rq2_overhead_scaling/recommended/rq2_full_scale/raw/runs/sigmetrics-rq2-overhead-scaling-final-v1--recommended--rq2_full_scale--8a9eef4d1cfa1753.json,8836d0bdcda0f8b652c8f3c68e3a92705e4e1fbf37395c914d8e43bcc3fcbf70,6c24e531e5eba67cf5a4b07a0ed16d9c8acf67ea8f55e79bed6e71a1cbdbe9f3,identity-bearing path/account metadata pseudonymized; measurements unchanged
outputs/sigmetrics/rq2_overhead_scaling/recommended/rq2_full_scale/raw/runs/sigmetrics-rq2-overhead-scaling-final-v1--recommended--rq2_full_scale--8b050f5f650b5d59.json,e8cfc26d2e765f961966a76f0a5c4e44588477db33796160a0c4b5051d734e1d,c3dca1aa724139895c29da9b783d081c2dcc7f733e9ffce1526413857b19831c,identity-bearing path/account metadata pseudonymized; measurements unchanged
outputs/sigmetrics/rq2_overhead_scaling/recommended/rq2_full_scale/raw/runs/sigmetrics-rq2-overhead-scaling-final-v1--recommended--rq2_full_scale--8b724842534720bb.json,1009977cda177ac03f2c339daf8eaa2c19bd94f7ceb86047ba97a4217c239506,57abd36bef4eec2976158e534fbe1f756b40283a9329b14df52c16e1a4cd3905,identity-bearing path/account metadata pseudonymized; measurements unchanged
outputs/sigmetrics/rq2_overhead_scaling/recommended/rq2_full_scale/raw/runs/sigmetrics-rq2-overhead-scaling-final-v1--recommended--rq2_full_scale--8bda8798535d54be.json,31e7384c63b039b9895a3edcc6bb665228815a8311e4c236952e8270a64267c2,7bfd408915a06bf65aa3ff2c542016db84f73864dd8dce8da0e2b865628ec78c,identity-bearing path/account metadata pseudonymized; measurements unchanged
outputs/sigmetrics/rq2_overhead_scaling/recommended/rq2_full_scale/raw/runs/sigmetrics-rq2-overhead-scaling-final-v1--recommended--rq2_full_scale--8c1117875e64f5d6.json,fcc20e50171b65f22c5fe4fd4ddb510829591ebe174430da20360cfb6e0dce3e,1246c919429fd2cc1fbc59c54be78bb8a08f76c6cc52128c04fc1e78c75b3d5c,identity-bearing path/account metadata pseudonymized; measurements unchanged
outputs/sigmetrics/rq2_overhead_scaling/recommended/rq2_full_scale/raw/runs/sigmetrics-rq2-overhead-scaling-final-v1--recommended--rq2_full_scale--8c420c63fc4f921c.json,275d2dec959faed328bdfa598eff3181c2d5de1888a2d293db5b1625dc3a2b57,0c5a28919a1a36adec79d868fd835fb68ac393e0b33d0508b38d4f054becfa45,identity-bearing path/account metadata pseudonymized; measurements unchanged
outputs/sigmetrics/rq2_overhead_scaling/recommended/rq2_full_scale/raw/runs/sigmetrics-rq2-overhead-scaling-final-v1--recommended--rq2_full_scale--8c765c7028d0bf95.json,486631ef0e459fb49cb023c989a6a4640822606db0868656a54d8743a6c005d3,bea9b1bcd1e5b826184b1b1c0971ad11f8504d6b276701d9391b6e9d6c07d6a7,identity-bearing path/account metadata pseudonymized; measurements unchanged
outputs/sigmetrics/rq2_overhead_scaling/recommended/rq2_full_scale/raw/runs/sigmetrics-rq2-overhead-scaling-final-v1--recommended--rq2_full_scale--8c98d5cec170d925.json,f120e64f47f32a744cf6918f9798e6beadb3e085afd4fde63574fce56dd8cde8,e21570fa1dedbe97e43fbcd5517227f9cab058b13f4614516cda2936085e1209,identity-bearing path/account metadata pseudonymized; measurements unchanged
outputs/sigmetrics/rq2_overhead_scaling/recommended/rq2_full_scale/raw/runs/sigmetrics-rq2-overhead-scaling-final-v1--recommended--rq2_full_scale--8d0d694dbb068192.json,628e0f7f518d29ea5fe1cca3d94de738e01e1556526c15a756b6c2bb5ca024b2,cfd875384b1c5f651f10f7a165384ca29ea356b9e567f0cbe782f90ee6e76e24,identity-bearing path/account metadata pseudonymized; measurements unchanged
outputs/sigmetrics/rq2_overhead_scaling/recommended/rq2_full_scale/raw/runs/sigmetrics-rq2-overhead-scaling-final-v1--recommended--rq2_full_scale--8d6e3899333e37b7.json,3f44f5c0db5314db4f7ce08d5a9788015cf304d9e87cd82ac364169d2e650e37,ac18960b77d4d007083b72a726a73c3813263772771d8753a8fa093c676425bb,identity-bearing path/account metadata pseudonymized; measurements unchanged
outputs/sigmetrics/rq2_overhead_scaling/recommended/rq2_full_scale/raw/runs/sigmetrics-rq2-overhead-scaling-final-v1--recommended--rq2_full_scale--8e70153f5f7228ea.json,b573453d189c1f99d7ff3c235466f468229f07fb4849a879f77062fef65c6392,011a2dd6c272832a45ba16edcdecf47a2a063145ccf828f2b511ec8e5ce1dcc3,identity-bearing path/account metadata pseudonymized; measurements unchanged
outputs/sigmetrics/rq2_overhead_scaling/recommended/rq2_full_scale/raw/runs/sigmetrics-rq2-overhead-scaling-final-v1--recommended--rq2_full_scale--8eaec36858b3b0a7.json,01c97ca9632cb9b592eb595f536ee14acc5ab74b076cc6ece316eb17cc3eecd6,fc651ac376c6b138893eef458e3d461d467ae7100bd990126fd8199f3e0092ee,identity-bearing path/account metadata pseudonymized; measurements unchanged
outputs/sigmetrics/rq2_overhead_scaling/recommended/rq2_full_scale/raw/runs/sigmetrics-rq2-overhead-scaling-final-v1--recommended--rq2_full_scale--8f7e701c7f5ebbaf.json,7f30753ab04d483dd58ba3b19ca66aab07fcc776ed1141c642034a180451baa4,7eb0d8bff77b00a63413f414b460e0f4022902c012740aca6857fac921b2dd8b,identity-bearing path/account metadata pseudonymized; measurements unchanged
outputs/sigmetrics/rq2_overhead_scaling/recommended/rq2_full_scale/raw/runs/sigmetrics-rq2-overhead-scaling-final-v1--recommended--rq2_full_scale--8faa358370265f85.json,e26193f159ce686ba164cc992a94ab910637723423be3002730e57d2aee57dc6,7134b9f08b82b40df39a5ea3b731b10186f89a3420d56de69d7921b812e71469,identity-bearing path/account metadata pseudonymized; measurements unchanged
outputs/sigmetrics/rq2_overhead_scaling/recommended/rq2_full_scale/raw/runs/sigmetrics-rq2-overhead-scaling-final-v1--recommended--rq2_full_scale--8fd3cfefdc64dc51.json,f3438d24ccc98407709c2fda90d3aca0f4398e75084e783886ed7f7594073b5e,56052f4683ccc24c1fb7acc8bfef873dc91bd6c3078649d33ba120b25f31792e,identity-bearing path/account metadata pseudonymized; measurements unchanged
outputs/sigmetrics/rq2_overhead_scaling/recommended/rq2_full_scale/raw/runs/sigmetrics-rq2-overhead-scaling-final-v1--recommended--rq2_full_scale--903729b38ff5ffe7.json,66c1a8d60fb707b230ace1b66f58bd585652f5ecd404de7ea54333f01bbc1931,a67fa0c140527e80facfcf4d9c5610db51ed9367ccf270f6c087bd03cf848ac1,identity-bearing path/account metadata pseudonymized; measurements unchanged
outputs/sigmetrics/rq2_overhead_scaling/recommended/rq2_full_scale/raw/runs/sigmetrics-rq2-overhead-scaling-final-v1--recommended--rq2_full_scale--90b23ca18a4a7440.json,35b950ee93e5df1ec00c86d3be8c5c19b5ca22d7233e5f562ef7fb349f9a2044,cb463644e74dc9891140daa117c18ffa8e39bdfe0a65c005d16c31a5e4c2cfca,identity-bearing path/account metadata pseudonymized; measurements unchanged
outputs/sigmetrics/rq2_overhead_scaling/recommended/rq2_full_scale/raw/runs/sigmetrics-rq2-overhead-scaling-final-v1--recommended--rq2_full_scale--91177d36a613ebb1.json,54fedd428746a895727277323c377babc91bcd044370a0c192ee24c4707b7bde,a0409e3fca767748b7ae9b28f7f63337bda22b5f4a58d2cfb7d47dd5382ac70c,identity-bearing path/account metadata pseudonymized; measurements unchanged
outputs/sigmetrics/rq2_overhead_scaling/recommended/rq2_full_scale/raw/runs/sigmetrics-rq2-overhead-scaling-final-v1--recommended--rq2_full_scale--9225ff0e7e477fde.json,b11a0838c3240050d622a9efc855c28441ac9c33eef11adc582c7f83c146811a,ade7ffdef85d035ca589f7a7c00f2f4c2fccccd9212a02c8cac93d59ea66541a,identity-bearing path/account metadata pseudonymized; measurements unchanged
outputs/sigmetrics/rq2_overhead_scaling/recommended/rq2_full_scale/raw/runs/sigmetrics-rq2-overhead-scaling-final-v1--recommended--rq2_full_scale--933ee2c3ee876e80.json,9463e179a0a79d674f25449e310cb780668a4cf4465784fba859b5d15a17f80c,abd30416d14ae272f356b51ab4981a5e60eea992097ded4a6ba306d3aea56fd7,identity-bearing path/account metadata pseudonymized; measurements unchanged
outputs/sigmetrics/rq2_overhead_scaling/recommended/rq2_full_scale/raw/runs/sigmetrics-rq2-overhead-scaling-final-v1--recommended--rq2_full_scale--938c2cd905879050.json,1f702aec78af2cff6a67ab8fd143f946fc49142ed4036aa292335cd6a4403381,06662a52019d5b9e8c345e0d7f55121a3535ed9beee95c7951dd1e7cc1baa3a5,identity-bearing path/account metadata pseudonymized; measurements unchanged
outputs/sigmetrics/rq2_overhead_scaling/recommended/rq2_full_scale/raw/runs/sigmetrics-rq2-overhead-scaling-final-v1--recommended--rq2_full_scale--94db831bbb294e05.json,b2acf461cfd8ae54b869f2b55d746c5b96aa300fbcf20e45499d363353d4301a,520cea914f6548b2965086cf2282354418b98e157dcfb8d8cd7871370acef453,identity-bearing path/account metadata pseudonymized; measurements unchanged
outputs/sigmetrics/rq2_overhead_scaling/recommended/rq2_full_scale/raw/runs/sigmetrics-rq2-overhead-scaling-final-v1--recommended--rq2_full_scale--967e28d12ef92b4c.json,2fe0aecb9d11cd79499e381d2bc8160c2410547a692a37fe50793758bcd9a899,2336df38aaea6acb6a5437a3410c5b5018ae1a44fc0e575e8ef732298e70bc03,identity-bearing path/account metadata pseudonymized; measurements unchanged
outputs/sigmetrics/rq2_overhead_scaling/recommended/rq2_full_scale/raw/runs/sigmetrics-rq2-overhead-scaling-final-v1--recommended--rq2_full_scale--9689dbb98b1cbad4.json,41977bd2854abefcc23a2a139527613f54bd626a2adcb230d3675482fa612132,15ec139b0d67cc49ef7c3f8ac2f1835cf529e8ddd3c8ca221490a7dbb4135613,identity-bearing path/account metadata pseudonymized; measurements unchanged
outputs/sigmetrics/rq2_overhead_scaling/recommended/rq2_full_scale/raw/runs/sigmetrics-rq2-overhead-scaling-final-v1--recommended--rq2_full_scale--9697e52951e6dee8.json,d2555638d0eba42bf0095c1f05b26014fd00df28b72eec4514e25604d04f9917,4455b072593c0abea2b28a7def43d8768510013842781d3cc19648ca49149cd6,identity-bearing path/account metadata pseudonymized; measurements unchanged
outputs/sigmetrics/rq2_overhead_scaling/recommended/rq2_full_scale/raw/runs/sigmetrics-rq2-overhead-scaling-final-v1--recommended--rq2_full_scale--9749d5e6a96b7e57.json,66ba8669e87eaca5a56968856f2f462bb68d2dbbcc4190b8dbbadedd5e1f29cd,fdd28dbacb3d2b76a78cca00d105b7acb826b8d99da596780c95b2511f246d63,identity-bearing path/account metadata pseudonymized; measurements unchanged
outputs/sigmetrics/rq2_overhead_scaling/recommended/rq2_full_scale/raw/runs/sigmetrics-rq2-overhead-scaling-final-v1--recommended--rq2_full_scale--97c138efcaf6c7f0.json,71fac3e0af36054faa95b2532add74350218d0028d0634203caa2f8d2a2c11a2,865e1a3cb8f7dd4e09649ffecdfc92f72cf1c07d65e5610f13c6696b85617da0,identity-bearing path/account metadata pseudonymized; measurements unchanged
outputs/sigmetrics/rq2_overhead_scaling/recommended/rq2_full_scale/raw/runs/sigmetrics-rq2-overhead-scaling-final-v1--recommended--rq2_full_scale--982c680119790538.json,d900c8508ec40ba6abfa3ae5197f4f3a1538465f3aca43a8b23f7f089c2c1d76,acde3ebb895fa120ca8c16c258583c233d36b3b6e42d4c860195604feb155918,identity-bearing path/account metadata pseudonymized; measurements unchanged
outputs/sigmetrics/rq2_overhead_scaling/recommended/rq2_full_scale/raw/runs/sigmetrics-rq2-overhead-scaling-final-v1--recommended--rq2_full_scale--9942d255155c5ea6.json,5f7cc438c9a8839f7de6b7a6d0b7c9b5d3b866f2ed6f1e230f84adf16f6cea06,da79f1532238670a77b3eb18183d78fb405646cbf04e8c956af9d591b1ac9c5a,identity-bearing path/account metadata pseudonymized; measurements unchanged
outputs/sigmetrics/rq2_overhead_scaling/recommended/rq2_full_scale/raw/runs/sigmetrics-rq2-overhead-scaling-final-v1--recommended--rq2_full_scale--9a271e188767fe51.json,33bf415b722af3955b0119b44c8fd6e6219b27cff9a337fda83b1210ed42b70b,4e41f665341c28c35b7d61efd8f78fec3e165f41c7fc352c925e7a041b7a4c27,identity-bearing path/account metadata pseudonymized; measurements unchanged
outputs/sigmetrics/rq2_overhead_scaling/recommended/rq2_full_scale/raw/runs/sigmetrics-rq2-overhead-scaling-final-v1--recommended--rq2_full_scale--9a43e1593310ce16.json,a740d084fe94889379046105b2d468dad7a4e0348f9e1c8fae514fcd2813e2ab,99c82485338c8a2421e41e74807d616341f38ea8325b1389789f8cd32f599cbb,identity-bearing path/account metadata pseudonymized; measurements unchanged
outputs/sigmetrics/rq2_overhead_scaling/recommended/rq2_full_scale/raw/runs/sigmetrics-rq2-overhead-scaling-final-v1--recommended--rq2_full_scale--9a66001bd53ea109.json,2a8ce82f2013d81f7cbbcbae4635dc05cea72a62d7649a6744a609dcfd6fab00,b8827c5edd872327f9f311431e84e52c63937e3b6e06d7599281723aca53e5a8,identity-bearing path/account metadata pseudonymized; measurements unchanged
outputs/sigmetrics/rq2_overhead_scaling/recommended/rq2_full_scale/raw/runs/sigmetrics-rq2-overhead-scaling-final-v1--recommended--rq2_full_scale--9a7828fc93874288.json,e2044621d2f568d9cce09c5a39fc9605e041edd93f47b15873dd9b42f3db32f2,f09f29a474ffb7ed76ab43d81fdc0b9d0d89be94c95d8473419cba2642d4a5ee,identity-bearing path/account metadata pseudonymized; measurements unchanged
outputs/sigmetrics/rq2_overhead_scaling/recommended/rq2_full_scale/raw/runs/sigmetrics-rq2-overhead-scaling-final-v1--recommended--rq2_full_scale--9b0de323a7fca360.json,a2c64e8f6869129c7fcef71fe278dff39b8853681fb2aa05af7cbfa9f6cf1f21,286a585b4cb2a81da22126e96181d3a1e30651c3bb4c4474e4a1dae90eebbb09,identity-bearing path/account metadata pseudonymized; measurements unchanged
outputs/sigmetrics/rq2_overhead_scaling/recommended/rq2_full_scale/raw/runs/sigmetrics-rq2-overhead-scaling-final-v1--recommended--rq2_full_scale--9c2fedb8b11cecfb.json,14e5afed9acd77cbfa0a2bdc7be9e1f2be68177b442457fd0a6a28831a065ad4,0970913031e44f5b7427a62e7169dbbee67f6b9d0a6b6bb5a7f3f358ce2a09e9,identity-bearing path/account metadata pseudonymized; measurements unchanged
outputs/sigmetrics/rq2_overhead_scaling/recommended/rq2_full_scale/raw/runs/sigmetrics-rq2-overhead-scaling-final-v1--recommended--rq2_full_scale--9cc83099c115daf0.json,538ff898676c9338f5a36a111e128ae0c77468a0d0b374aca89e6ed1caafd206,a1657c9b832d6728fa88df25fc224cfa6731023f585ee652474958ed920d00cf,identity-bearing path/account metadata pseudonymized; measurements unchanged
outputs/sigmetrics/rq2_overhead_scaling/recommended/rq2_full_scale/raw/runs/sigmetrics-rq2-overhead-scaling-final-v1--recommended--rq2_full_scale--9d279503d611dde2.json,98bd4d8b419b94e6a9c068b359d5e32d42c08d5d31b91767ab8c32dc852575f5,86eca54100ab564bff4a128075fa8423bb860eaf1d62312b8686a0ab3327a18e,identity-bearing path/account metadata pseudonymized; measurements unchanged
outputs/sigmetrics/rq2_overhead_scaling/recommended/rq2_full_scale/raw/runs/sigmetrics-rq2-overhead-scaling-final-v1--recommended--rq2_full_scale--9d3e9a8f47e6cdad.json,eb5c90d5ed9eee7870a509968bb8b9dfa625466e3dbfe719c9ab042469a15c04,4fd3d6ca8802cf288929c9271f49c95de9aebcf1ffa5fdb912af42922fc4d8d7,identity-bearing path/account metadata pseudonymized; measurements unchanged
outputs/sigmetrics/rq2_overhead_scaling/recommended/rq2_full_scale/raw/runs/sigmetrics-rq2-overhead-scaling-final-v1--recommended--rq2_full_scale--9db59bb7c40a423d.json,f9e69e994c2adb1443a0d5fe98b5adaccf6e3ef6cd1c5c1cff7758034b2b5e33,a768c260852d1828e05ce5d8ffc2b7ba0acd50d54f31380c47e948c9bcf67665,identity-bearing path/account metadata pseudonymized; measurements unchanged
outputs/sigmetrics/rq2_overhead_scaling/recommended/rq2_full_scale/raw/runs/sigmetrics-rq2-overhead-scaling-final-v1--recommended--rq2_full_scale--9e0088e213a916e3.json,c224967c22459257710e137303d1d690853b1b36e19ff650785c6f9a23c3225d,bf647d9156aa1604e71ab8a52371b367ad3576ac5f3e65b936270e29f1309abd,identity-bearing path/account metadata pseudonymized; measurements unchanged
outputs/sigmetrics/rq2_overhead_scaling/recommended/rq2_full_scale/raw/runs/sigmetrics-rq2-overhead-scaling-final-v1--recommended--rq2_full_scale--9e125b9a7fae85fa.json,b70c4f8731f058d2763442589c97bfdbbdb928594a4b2006c7ff3df0a2c3752d,a5a88b12ddf5194ffb26b695447ca06a8bb452dcd2f477840a399bde80dcca38,identity-bearing path/account metadata pseudonymized; measurements unchanged
outputs/sigmetrics/rq2_overhead_scaling/recommended/rq2_full_scale/raw/runs/sigmetrics-rq2-overhead-scaling-final-v1--recommended--rq2_full_scale--9e2d97b6f76b07fa.json,00f0bdec3133c3e7ff23b35e963473f567073f755144266439fbd85bc6285efe,5346c8212cbddcb43c78a19851049ad1bb3c327a9191a77c2fd68d6cb083111d,identity-bearing path/account metadata pseudonymized; measurements unchanged
outputs/sigmetrics/rq2_overhead_scaling/recommended/rq2_full_scale/raw/runs/sigmetrics-rq2-overhead-scaling-final-v1--recommended--rq2_full_scale--9ecf2b95e9511925.json,8935ea742c9eeb7f6cb5fe287db81f326fd238a8ea05912108b36cf793f71c01,31b40e37a50f07bb47706072abecca096a2a557f8f41c2fb6946a607f37b800e,identity-bearing path/account metadata pseudonymized; measurements unchanged
outputs/sigmetrics/rq2_overhead_scaling/recommended/rq2_full_scale/raw/runs/sigmetrics-rq2-overhead-scaling-final-v1--recommended--rq2_full_scale--9f2509c0a1586ece.json,ea5d2478a64842b35f5d17e9626d8967423f0d28031b7d180163268fa5e6ec5e,3de0cd6a5a52e205bb2e048d1e07bcf19510003543a742453f895e3967319fbe,identity-bearing path/account metadata pseudonymized; measurements unchanged
outputs/sigmetrics/rq2_overhead_scaling/recommended/rq2_full_scale/raw/runs/sigmetrics-rq2-overhead-scaling-final-v1--recommended--rq2_full_scale--9f934ee12bd29de4.json,62d3cf30f522a9d0353096ca10c0f13fb7e8fda016bc62fa2773da20556f4da6,83b2bd3cfa079b004892ed411bdf6355f9b64ae3131e37f2e3b84881e999d053,identity-bearing path/account metadata pseudonymized; measurements unchanged
outputs/sigmetrics/rq2_overhead_scaling/recommended/rq2_full_scale/raw/runs/sigmetrics-rq2-overhead-scaling-final-v1--recommended--rq2_full_scale--9fcdd6139ae67467.json,4971acfd3f52d5878268102a629f313e8b64b5d34fa569ab815a5f062de22624,afe95fcd2cfcfe3c55c9b7f6758ab5078a5b84594c6efe3b5f69bfb1c3151c17,identity-bearing path/account metadata pseudonymized; measurements unchanged
outputs/sigmetrics/rq2_overhead_scaling/recommended/rq2_full_scale/raw/runs/sigmetrics-rq2-overhead-scaling-final-v1--recommended--rq2_full_scale--9ff4e96b4058a014.json,fbc4b5c7764e8e041ee0fc416e0c2f8e29cd096dfc96e31192cc87bdd9666e17,ec92140ee6dec8b543b31d78740eacd3c812b30965e2cd300b8d2b9fb47eba0c,identity-bearing path/account metadata pseudonymized; measurements unchanged
outputs/sigmetrics/rq2_overhead_scaling/recommended/rq2_full_scale/raw/runs/sigmetrics-rq2-overhead-scaling-final-v1--recommended--rq2_full_scale--a0277d9834a49b61.json,6dbf5998e8fdfbc2c442bc6737e1eef2576cfcacc518c9630f10ead13d70b9f8,f015dd94cc39863ebddef9d7cbe0f79c57ba2826d95ad5cf44b0d3d3b4e9e1dc,identity-bearing path/account metadata pseudonymized; measurements unchanged
outputs/sigmetrics/rq2_overhead_scaling/recommended/rq2_full_scale/raw/runs/sigmetrics-rq2-overhead-scaling-final-v1--recommended--rq2_full_scale--a03e996ad7086b64.json,af7dfa06e10bbbd8685092bd0ff5ebfe66e3a053f1d94504108f2804b3347a2a,61778c8c87e97cad1c55cfa2a1ccb2e8c73819111af000284caca3ea8c760e50,identity-bearing path/account metadata pseudonymized; measurements unchanged
outputs/sigmetrics/rq2_overhead_scaling/recommended/rq2_full_scale/raw/runs/sigmetrics-rq2-overhead-scaling-final-v1--recommended--rq2_full_scale--a0cc28b6e9feb4ce.json,573d3c893c62e2b431b2a84575cf0020eb639a81198b8eea447c89174fa115a2,b86acfb8bcad697dc4437db70a7b908d5a420490730adda1bc6b8a7a916c05da,identity-bearing path/account metadata pseudonymized; measurements unchanged
outputs/sigmetrics/rq2_overhead_scaling/recommended/rq2_full_scale/raw/runs/sigmetrics-rq2-overhead-scaling-final-v1--recommended--rq2_full_scale--a239895eae07ea53.json,58e6f3a7c5858eeaede643d456d07491a1417bd13216d38b9941586286ab32af,f30192740344a7b552435338cf45c2bf0015c124de5685f7e46ddfd2e1e6d3f0,identity-bearing path/account metadata pseudonymized; measurements unchanged
outputs/sigmetrics/rq2_overhead_scaling/recommended/rq2_full_scale/raw/runs/sigmetrics-rq2-overhead-scaling-final-v1--recommended--rq2_full_scale--a3510c4211a75266.json,243e7174421d24ad09b8786b70b6529ec0ad0603c11025e4166c343405dc349b,7b393d8347bed70de5df431cdabf62479da504339f7f9c72ad5a09307e48e8b3,identity-bearing path/account metadata pseudonymized; measurements unchanged
outputs/sigmetrics/rq2_overhead_scaling/recommended/rq2_full_scale/raw/runs/sigmetrics-rq2-overhead-scaling-final-v1--recommended--rq2_full_scale--a448a9960f8f55ee.json,83241e3a912ac5e13be0a6caa80dbecf6c15d0c0221ce1c1d7e8743fffa37d75,87b575caf0fd1621e7c312511a4fb22b505407a6f160feaf69b6535e4d4746f9,identity-bearing path/account metadata pseudonymized; measurements unchanged
outputs/sigmetrics/rq2_overhead_scaling/recommended/rq2_full_scale/raw/runs/sigmetrics-rq2-overhead-scaling-final-v1--recommended--rq2_full_scale--a4932ac0ddee2df0.json,1e33f7d5aed1943c4674ad6341081e820d8cd2cf8da7ae4025cc47446cf52c29,3d332919871130942c05d618ee0a549558e101434d4c6de1c319bae9a69c3c29,identity-bearing path/account metadata pseudonymized; measurements unchanged
outputs/sigmetrics/rq2_overhead_scaling/recommended/rq2_full_scale/raw/runs/sigmetrics-rq2-overhead-scaling-final-v1--recommended--rq2_full_scale--a5a11f86cbccb003.json,25d43868787788ec73e6de6b56174275b7bc906878d2e0f3565c00791104b99f,1887825e742ed6d111ee56d9348ba60cb1290b8fae7ba0de05623dd8ffeade62,identity-bearing path/account metadata pseudonymized; measurements unchanged
outputs/sigmetrics/rq2_overhead_scaling/recommended/rq2_full_scale/raw/runs/sigmetrics-rq2-overhead-scaling-final-v1--recommended--rq2_full_scale--a6b4aeff4acdd7fb.json,7d0359a9be5b171460052d374878dfa72830052b4900f0013607098c55fd3424,45f519e301ca7b4906990508b9e046e5949904907b533544dc922edeee7e3385,identity-bearing path/account metadata pseudonymized; measurements unchanged
outputs/sigmetrics/rq2_overhead_scaling/recommended/rq2_full_scale/raw/runs/sigmetrics-rq2-overhead-scaling-final-v1--recommended--rq2_full_scale--a7a06612b1f8c548.json,c8959db349a10a97a82bc3523c7778755dc53295ad1fdc7555f2a8cffabd6bde,ab801dd0dca653046baf789e05abdac13d2867f362c2eca9be56cd395b51d794,identity-bearing path/account metadata pseudonymized; measurements unchanged
outputs/sigmetrics/rq2_overhead_scaling/recommended/rq2_full_scale/raw/runs/sigmetrics-rq2-overhead-scaling-final-v1--recommended--rq2_full_scale--a868c509b2d1ebd3.json,bac54edd999d47a9cc756f01a9772420afb58563f4bd86ccd8bf1c9d576b1edf,0b1bcf4ae91d51703cbbab40fe1a30f12966d890da8f5db621bedb58061d72d5,identity-bearing path/account metadata pseudonymized; measurements unchanged
outputs/sigmetrics/rq2_overhead_scaling/recommended/rq2_full_scale/raw/runs/sigmetrics-rq2-overhead-scaling-final-v1--recommended--rq2_full_scale--a87f4e5239f4561a.json,5267319b5bb56285b5aa9700481cb4959c56b8d1267727be7160e133709d79b3,13214a798ff33ccb04a76ee6c810fc0852e9985157ca061cbfb7d48f1dfb9759,identity-bearing path/account metadata pseudonymized; measurements unchanged
outputs/sigmetrics/rq2_overhead_scaling/recommended/rq2_full_scale/raw/runs/sigmetrics-rq2-overhead-scaling-final-v1--recommended--rq2_full_scale--a9cdc3c0baf512ba.json,e0e36584d03df7ae42c41a150c6ca4d5ccd61cd4511596b6ab49ad0977cc9069,173d3b6f718c9432af0436ff1de5a490755d6d964661be14dd4a0bd9414ca5db,identity-bearing path/account metadata pseudonymized; measurements unchanged
outputs/sigmetrics/rq2_overhead_scaling/recommended/rq2_full_scale/raw/runs/sigmetrics-rq2-overhead-scaling-final-v1--recommended--rq2_full_scale--ab05bec63bc7d4f2.json,24b3db50e8b580205ac6959eb6807b4ab31ad90772d8d7a382cdc66b81197c61,2015ce534c4b2ec9adcc2e9e17176a223e67c1017bd114d4aa868eae1a6edb92,identity-bearing path/account metadata pseudonymized; measurements unchanged
outputs/sigmetrics/rq2_overhead_scaling/recommended/rq2_full_scale/raw/runs/sigmetrics-rq2-overhead-scaling-final-v1--recommended--rq2_full_scale--ab8714754579cfe9.json,81d6bd645d534f0a7c800306eeaac669e4376a2e80cb9ca6f3590bfd76d7e656,0c9dab3bf97162033517ba6f869d6f9b29a6f966f11532676f1df10155d67ff2,identity-bearing path/account metadata pseudonymized; measurements unchanged
outputs/sigmetrics/rq2_overhead_scaling/recommended/rq2_full_scale/raw/runs/sigmetrics-rq2-overhead-scaling-final-v1--recommended--rq2_full_scale--ab92206a62d50861.json,be3dd52623005d0d21fe8b0dbdfc6671203ca72b65fc6c79c10b863e373c7e18,4ec86008a2e7b887fbbe9b74610f0c2a960e4d85fe376672da6269b57e8f4520,identity-bearing path/account metadata pseudonymized; measurements unchanged
outputs/sigmetrics/rq2_overhead_scaling/recommended/rq2_full_scale/raw/runs/sigmetrics-rq2-overhead-scaling-final-v1--recommended--rq2_full_scale--abbefa5f14910678.json,03340300f718e111840b403ba16155f41917b314462c0fba2aa89cb251fb1b6b,ffac00fd2b0ab8ff387f7ce445aff7c70b451cdd72a1566e6e4d0b3c69e7b559,identity-bearing path/account metadata pseudonymized; measurements unchanged
outputs/sigmetrics/rq2_overhead_scaling/recommended/rq2_full_scale/raw/runs/sigmetrics-rq2-overhead-scaling-final-v1--recommended--rq2_full_scale--abfa8cd6159d05a7.json,0a4f451f819e937c30adf2dd21341bf8ec934444e7f28ccc1c2c49548e1ed1bb,dfb97e5631b6d2da65c5e4c7a7fb24aa5eda1b7c55e0894680325b43f94abefb,identity-bearing path/account metadata pseudonymized; measurements unchanged
outputs/sigmetrics/rq2_overhead_scaling/recommended/rq2_full_scale/raw/runs/sigmetrics-rq2-overhead-scaling-final-v1--recommended--rq2_full_scale--aca05db162298901.json,bb7666cb2c30d463e896d3e3594868bb4c0f8b9f25e4bf529f59b069650a3235,2fb7919d0c7ae43491f2fd01b98480567e7cf0deb319131a640762ed6580610c,identity-bearing path/account metadata pseudonymized; measurements unchanged
outputs/sigmetrics/rq2_overhead_scaling/recommended/rq2_full_scale/raw/runs/sigmetrics-rq2-overhead-scaling-final-v1--recommended--rq2_full_scale--acc19b65619acb59.json,dedb9606139c9afac224e394c85b1f228ffa39109ba9823b7d7df123ba43e9bc,390c2d55c72897b3e5b80074b571f79b70789a96dcbca787b2e37084214f6247,identity-bearing path/account metadata pseudonymized; measurements unchanged
outputs/sigmetrics/rq2_overhead_scaling/recommended/rq2_full_scale/raw/runs/sigmetrics-rq2-overhead-scaling-final-v1--recommended--rq2_full_scale--acd23b53817ad7ad.json,b851bc970d2ba00fe4fe58fcdb6203376ec0a5955f36d63604b0105a40f4f140,7fbbd0de0a00f1398b71f6dba879cc0dfb97a7ae678a48088a233b238c91ae83,identity-bearing path/account metadata pseudonymized; measurements unchanged
outputs/sigmetrics/rq2_overhead_scaling/recommended/rq2_full_scale/raw/runs/sigmetrics-rq2-overhead-scaling-final-v1--recommended--rq2_full_scale--ad4e24f686900291.json,1a745108d9314a6a2353dbf83e85908a1f21e830d14a61e44c2a43e586f2a5da,6d5e3327c6ec21260518cef2194de136a6e828f2e75a006e7abc98cd23c7cb8f,identity-bearing path/account metadata pseudonymized; measurements unchanged
outputs/sigmetrics/rq2_overhead_scaling/recommended/rq2_full_scale/raw/runs/sigmetrics-rq2-overhead-scaling-final-v1--recommended--rq2_full_scale--ad5590b6b43dbc93.json,2f069633953cb1f5e3e0833b4cc5b56df205d55a3f504d4ff8ee900256363d8e,b43dd943a898c0a5cbf4c3a765a508b5c0e67e048d4dee7b2df67363e727935a,identity-bearing path/account metadata pseudonymized; measurements unchanged
outputs/sigmetrics/rq2_overhead_scaling/recommended/rq2_full_scale/raw/runs/sigmetrics-rq2-overhead-scaling-final-v1--recommended--rq2_full_scale--ae06fa004f6324ad.json,a7a22b36c25d5cb6d093a9d507515298a0461f26ea51c948fadd16c6e21876e2,6fdc8f6168a349fbabc8257514609dea1f93585670f6cbf9144883fcc097092d,identity-bearing path/account metadata pseudonymized; measurements unchanged
outputs/sigmetrics/rq2_overhead_scaling/recommended/rq2_full_scale/raw/runs/sigmetrics-rq2-overhead-scaling-final-v1--recommended--rq2_full_scale--afda2be725933695.json,4a1bbe1acb26062ed76c90eab6630b65dbd5994ff8048cc68c7c288dda42410c,b425d3f015058a12d551930d6ab38c40fb35e0e7d3398f7bc12e58d5208f3427,identity-bearing path/account metadata pseudonymized; measurements unchanged
outputs/sigmetrics/rq2_overhead_scaling/recommended/rq2_full_scale/raw/runs/sigmetrics-rq2-overhead-scaling-final-v1--recommended--rq2_full_scale--b02cfe706692b791.json,240e79b46370eb584fb770f86f773e91d147faf3eac3f979be7f93fd263bc7a4,fee00b61eaa309bc6d99d5ff1e9aa3f43e9475d88a90aa6f10f86248153a1b27,identity-bearing path/account metadata pseudonymized; measurements unchanged
outputs/sigmetrics/rq2_overhead_scaling/recommended/rq2_full_scale/raw/runs/sigmetrics-rq2-overhead-scaling-final-v1--recommended--rq2_full_scale--b03245773cb10711.json,a58a63ab6ee422e1ad4aaa94f8789dc297f62c1b94b5274fe644ae73da8dfe96,c0cb423231a4b1bb2b6c7a268a82c77d4284f5f99fcf0f4de1596909e296f589,identity-bearing path/account metadata pseudonymized; measurements unchanged
outputs/sigmetrics/rq2_overhead_scaling/recommended/rq2_full_scale/raw/runs/sigmetrics-rq2-overhead-scaling-final-v1--recommended--rq2_full_scale--b052496eb2203e29.json,c9cd05bbace8291369173defa5075dcc8bf17a9c9f9e0d2b56834d14d9ed4d78,8f1597abbc31549029b2c99e33e5a3609f5883852fad144f0fdd6cf0a21c5b08,identity-bearing path/account metadata pseudonymized; measurements unchanged
outputs/sigmetrics/rq2_overhead_scaling/recommended/rq2_full_scale/raw/runs/sigmetrics-rq2-overhead-scaling-final-v1--recommended--rq2_full_scale--b08a7793c23e3565.json,0c8120232b87b4440c1a383e3402b75f455a07ae972d9622672581fb63d6aea5,57d06e9ee6d56618d21cdf341a671178a7dac8047ddf4180dc7a9816f6e547ea,identity-bearing path/account metadata pseudonymized; measurements unchanged
outputs/sigmetrics/rq2_overhead_scaling/recommended/rq2_full_scale/raw/runs/sigmetrics-rq2-overhead-scaling-final-v1--recommended--rq2_full_scale--b1195f261d46f39b.json,9f3a67a1dbb6f3ff3044ad2ee5e7ba62f20fb1f5c8347b7687210f8260d571b5,c8fa7b1a094b0bff98481b81179f26e5cf852badad65869a493ba6c9fdb4aa5c,identity-bearing path/account metadata pseudonymized; measurements unchanged
outputs/sigmetrics/rq2_overhead_scaling/recommended/rq2_full_scale/raw/runs/sigmetrics-rq2-overhead-scaling-final-v1--recommended--rq2_full_scale--b175f4c920f57d54.json,98656ebe3fe64fcf87bb35225ddb767f2e401a24935e833dbb29433ef6261346,438a7c24e828ffbe86ca1314e43a00fe733ddcd324bd596a3584ae5b4b604394,identity-bearing path/account metadata pseudonymized; measurements unchanged
outputs/sigmetrics/rq2_overhead_scaling/recommended/rq2_full_scale/raw/runs/sigmetrics-rq2-overhead-scaling-final-v1--recommended--rq2_full_scale--b4dbaa273e613a50.json,58564dadda1eb797268012e5c5aa81a8198354d860fc480a4f2ad13f99c82276,8a0dc71f96d8c1d4201a341b05f8bc1193348dfdc2e14246aa7afea1aac0db3c,identity-bearing path/account metadata pseudonymized; measurements unchanged
outputs/sigmetrics/rq2_overhead_scaling/recommended/rq2_full_scale/raw/runs/sigmetrics-rq2-overhead-scaling-final-v1--recommended--rq2_full_scale--b4f328ea1c29fbad.json,395ad5146598a3e5c0e3d328ee2fd67ed32b5cb8067741bae6c0e51549a8efe0,10e3f947bcb150a1800023bfa41962ce350fafc687c702b6b951da2bfa2c29b3,identity-bearing path/account metadata pseudonymized; measurements unchanged
outputs/sigmetrics/rq2_overhead_scaling/recommended/rq2_full_scale/raw/runs/sigmetrics-rq2-overhead-scaling-final-v1--recommended--rq2_full_scale--b52d831f054c8630.json,c9c9dc30e51f37e39a7ec62a4605e690c9dc202e5f91948bddff9150306af536,eb8699b28eb72ce2591421e6c9e9e683115c9167e058437655ad800567160b5c,identity-bearing path/account metadata pseudonymized; measurements unchanged
outputs/sigmetrics/rq2_overhead_scaling/recommended/rq2_full_scale/raw/runs/sigmetrics-rq2-overhead-scaling-final-v1--recommended--rq2_full_scale--b700d09f315b7117.json,4b8bcd435df2e5be7fd15a8845981f2fecb5dbf5a9883468e8c289dd2bc28eee,a4c40f4872475822bd24d767e1aa31cbfa9ad60716ef5cb231ec6281f2aefc5b,identity-bearing path/account metadata pseudonymized; measurements unchanged
outputs/sigmetrics/rq2_overhead_scaling/recommended/rq2_full_scale/raw/runs/sigmetrics-rq2-overhead-scaling-final-v1--recommended--rq2_full_scale--b7d833bc4c10c005.json,470a6e0db09d384f667a8f8e7d05c9b949b89c19394496b0cd82de246a12973b,3c1341216f24fae615dd77c46aa2646b7a1fc1f9bba2d5ab92a587e94a66c72f,identity-bearing path/account metadata pseudonymized; measurements unchanged
outputs/sigmetrics/rq2_overhead_scaling/recommended/rq2_full_scale/raw/runs/sigmetrics-rq2-overhead-scaling-final-v1--recommended--rq2_full_scale--b7e9eb61764a7354.json,a6b108659cd7d9e55be2e42e4ee09794413fbba73ab67617b5f016be9b9ccfc5,72ef9990150cba86190e2899eceff64a7a0448f7ad1f76cbdf43ece8f71f1235,identity-bearing path/account metadata pseudonymized; measurements unchanged
outputs/sigmetrics/rq2_overhead_scaling/recommended/rq2_full_scale/raw/runs/sigmetrics-rq2-overhead-scaling-final-v1--recommended--rq2_full_scale--b90dcfd0fbe5e8d4.json,cd77f979467d463bcaa50b4a4e9c6bea944dab9d781288092befa62c841e4429,b67b71110625098d433bf99fe45efc3a0694e4c4fad32b4643b1d1b1f2284a90,identity-bearing path/account metadata pseudonymized; measurements unchanged
outputs/sigmetrics/rq2_overhead_scaling/recommended/rq2_full_scale/raw/runs/sigmetrics-rq2-overhead-scaling-final-v1--recommended--rq2_full_scale--b97919e05e2ef6ae.json,cae8d6b88c42f11081e8888293ebc42090f70be1f71801a824023a9a62d12844,85e0123b82ea5f97b323e9b954628ffa9c58f5db33837455d57f3913cffe68d1,identity-bearing path/account metadata pseudonymized; measurements unchanged
outputs/sigmetrics/rq2_overhead_scaling/recommended/rq2_full_scale/raw/runs/sigmetrics-rq2-overhead-scaling-final-v1--recommended--rq2_full_scale--bad938ecd7c9059d.json,3ea6a43d694ac074f04fb3277b16582156a5fe0219a59fa84f0a35d00a12e403,8d6761f1c2be9fb69233cc4e0b614a6fcd356edcadc3a5dc2b57444d88ca2726,identity-bearing path/account metadata pseudonymized; measurements unchanged
outputs/sigmetrics/rq2_overhead_scaling/recommended/rq2_full_scale/raw/runs/sigmetrics-rq2-overhead-scaling-final-v1--recommended--rq2_full_scale--bba9422c600551ad.json,eb58cb52bad63ef73ad9b261c755dd6ad858ed523c9dde1bde779df4f1fa5ce9,5d71882802a3566987ac238681ae6cb3df7a362de4873b60c54f10734cb6fa02,identity-bearing path/account metadata pseudonymized; measurements unchanged
outputs/sigmetrics/rq2_overhead_scaling/recommended/rq2_full_scale/raw/runs/sigmetrics-rq2-overhead-scaling-final-v1--recommended--rq2_full_scale--bbe206b3a15a9932.json,c4942f0269f004b167269cb764e8cbc91f7c7e1d735376cc3d654301d5344f5b,9c63368ff10fc5d4f7e399968f451de07b24a8858310cb2dd1b916a5ea0561c2,identity-bearing path/account metadata pseudonymized; measurements unchanged
outputs/sigmetrics/rq2_overhead_scaling/recommended/rq2_full_scale/raw/runs/sigmetrics-rq2-overhead-scaling-final-v1--recommended--rq2_full_scale--bc6f2faa6d896838.json,56932be5e0c29c073bb4a834653db1022920feadba2ac3eeb7777dff42cde05d,8a7fe5e0f5f2f1a8eb5985b083ca51463d6693f632becbb12dba204c64d783eb,identity-bearing path/account metadata pseudonymized; measurements unchanged
outputs/sigmetrics/rq2_overhead_scaling/recommended/rq2_full_scale/raw/runs/sigmetrics-rq2-overhead-scaling-final-v1--recommended--rq2_full_scale--bc7bbb2a06cdff22.json,c873586d21036495c1f4c6df54eec450464e2cd9deb76b6af14ae784457be3e4,f61d45298b38b4363d058b3af8a7b75349719bd0c42ce67fe24aa3f34a0f8804,identity-bearing path/account metadata pseudonymized; measurements unchanged
outputs/sigmetrics/rq2_overhead_scaling/recommended/rq2_full_scale/raw/runs/sigmetrics-rq2-overhead-scaling-final-v1--recommended--rq2_full_scale--bced99db47adcb5b.json,4b5a295099b2dba85a6359626c69cf240cf24991c88f401dc53470a2280d5068,3d43f943e474bb61848d65f7d9bd864e4bdff402700e2b25a9a6d95570323379,identity-bearing path/account metadata pseudonymized; measurements unchanged
outputs/sigmetrics/rq2_overhead_scaling/recommended/rq2_full_scale/raw/runs/sigmetrics-rq2-overhead-scaling-final-v1--recommended--rq2_full_scale--bd8698be4f3c4c59.json,2b9a18d73a610b067ed2ff0b9262c310cb3d4d4d8b1e07b57b27effbe6339c3f,58581cadc85f8e4dc1039bd2b1d23b5fcbeaccd6b9a74b355cea4c172fea6b24,identity-bearing path/account metadata pseudonymized; measurements unchanged
outputs/sigmetrics/rq2_overhead_scaling/recommended/rq2_full_scale/raw/runs/sigmetrics-rq2-overhead-scaling-final-v1--recommended--rq2_full_scale--be1115f4a597b1b1.json,734965102c986642abfe6db0e3310deaf435df4fc803d02f2d0bfded7367efa5,20f63f7276e99754de6bd711f793e4d922f13d1c69e81a05ea8f0d85aa58db35,identity-bearing path/account metadata pseudonymized; measurements unchanged
outputs/sigmetrics/rq2_overhead_scaling/recommended/rq2_full_scale/raw/runs/sigmetrics-rq2-overhead-scaling-final-v1--recommended--rq2_full_scale--be1645f2f09eb8cf.json,38b7f88b5b961e12d96d47b9c98b9c1af2c7ae412530c2f8032a94e0803c7dcf,89b6d98339ceae81e3db443196042743f6615ddc6e567fc411baf3d85cd99be6,identity-bearing path/account metadata pseudonymized; measurements unchanged
outputs/sigmetrics/rq2_overhead_scaling/recommended/rq2_full_scale/raw/runs/sigmetrics-rq2-overhead-scaling-final-v1--recommended--rq2_full_scale--bea5ee4487843534.json,5af3abc394d65337896ebbaf6b4c96d3480fba4a02488ef80505d191a3323b04,dc735eb6a6920c0b3873a50d217fe3de712a1cce2275f5e51777398e765b89da,identity-bearing path/account metadata pseudonymized; measurements unchanged
outputs/sigmetrics/rq2_overhead_scaling/recommended/rq2_full_scale/raw/runs/sigmetrics-rq2-overhead-scaling-final-v1--recommended--rq2_full_scale--beb33971f3cd4245.json,6c115bdfa959e55542052a2d5e03b47e26e18d3ab050076904d2b94552778b9f,872623f5e5edc9e04ba92497e3708d4114951a61fc0f92e9af2871774b13712d,identity-bearing path/account metadata pseudonymized; measurements unchanged
outputs/sigmetrics/rq2_overhead_scaling/recommended/rq2_full_scale/raw/runs/sigmetrics-rq2-overhead-scaling-final-v1--recommended--rq2_full_scale--bfbb7f954aadef80.json,fd9574f09af4b3d7daeec194d1e539cc4783d38fbb3faee6766f1ff6baa98167,6a469808a92bfbd6189c02aed3b3eb3ed0b22693ed91e6603378a1dd8bce3fa9,identity-bearing path/account metadata pseudonymized; measurements unchanged
outputs/sigmetrics/rq2_overhead_scaling/recommended/rq2_full_scale/raw/runs/sigmetrics-rq2-overhead-scaling-final-v1--recommended--rq2_full_scale--bfbf838e2748eae4.json,69e8742fe4ecf293744d15e92a6d74260533e7c93c99ba3ddd188b6f6e81fc16,2f2b25658b16e656c0cc1b327f12c9263d66233777ad12b1c73af7ffbf079ade,identity-bearing path/account metadata pseudonymized; measurements unchanged
outputs/sigmetrics/rq2_overhead_scaling/recommended/rq2_full_scale/raw/runs/sigmetrics-rq2-overhead-scaling-final-v1--recommended--rq2_full_scale--bfdb59d0b47f238f.json,64c6a808a2041a34a2ef5a8e9164a5144d5543bdbb58ab8e80424be5f3867b61,e140ae14a8f17ca9f78fb7e322ae295ee7a31b8f8cc9ff6ff458a2da345a49cc,identity-bearing path/account metadata pseudonymized; measurements unchanged
outputs/sigmetrics/rq2_overhead_scaling/recommended/rq2_full_scale/raw/runs/sigmetrics-rq2-overhead-scaling-final-v1--recommended--rq2_full_scale--c0f8b1a663e5bf83.json,0bb23120369a852d0443b90071420b5ce2728d732226ee33f7cbba048134337c,89fec2e5d91bf10eda69ec38da9b4cad82c72330bbd6d12dccf7ff2c9b810dd9,identity-bearing path/account metadata pseudonymized; measurements unchanged
outputs/sigmetrics/rq2_overhead_scaling/recommended/rq2_full_scale/raw/runs/sigmetrics-rq2-overhead-scaling-final-v1--recommended--rq2_full_scale--c137fffbb507e5dc.json,06686e94376c9a9dfcfc255a4abd015e6a7d4d1b91dfe2e29b50a24e6e2c2362,47dba9f145527194dcc134770fc2a08429b30be47b53bfaffcbeaaa93c267516,identity-bearing path/account metadata pseudonymized; measurements unchanged
outputs/sigmetrics/rq2_overhead_scaling/recommended/rq2_full_scale/raw/runs/sigmetrics-rq2-overhead-scaling-final-v1--recommended--rq2_full_scale--c33be2da53491e81.json,7ed92f050ffe8dfd25654328c64e8b4bf1cb5ac62e85303443d0106daa6464d1,7c128b16967ca3c05a2c377983f9e103ff17f633436c38ec3313bbeaa2a56e4b,identity-bearing path/account metadata pseudonymized; measurements unchanged
outputs/sigmetrics/rq2_overhead_scaling/recommended/rq2_full_scale/raw/runs/sigmetrics-rq2-overhead-scaling-final-v1--recommended--rq2_full_scale--c371fefcba6d2d29.json,ab2d0664213af23c59db244c02c8ee7988cc5d7589db89ade8652c6381c88feb,3a757e66fcd7784394f2d8dcbcddcce5afdbb2add82e41809387de465026b7dc,identity-bearing path/account metadata pseudonymized; measurements unchanged
outputs/sigmetrics/rq2_overhead_scaling/recommended/rq2_full_scale/raw/runs/sigmetrics-rq2-overhead-scaling-final-v1--recommended--rq2_full_scale--c3ab7f898d2e6cc6.json,ad01f85f103cc29a1374b20f621626f579b6f2eca87eb704f5499d8fa66e4d5a,18d8c6c6c56498ed5c6a103d5ead07635b4ed4e283a574ea411343056665d302,identity-bearing path/account metadata pseudonymized; measurements unchanged
outputs/sigmetrics/rq2_overhead_scaling/recommended/rq2_full_scale/raw/runs/sigmetrics-rq2-overhead-scaling-final-v1--recommended--rq2_full_scale--c49c0ccbeed6e188.json,8da2c77d668943c48f31e418be837a91be8053051c87d8733ed8cc14aa46d715,38455e554d15b21aae16c3858c528054bec7c5ca7197fc179b32f7e3ee9b17b5,identity-bearing path/account metadata pseudonymized; measurements unchanged
outputs/sigmetrics/rq2_overhead_scaling/recommended/rq2_full_scale/raw/runs/sigmetrics-rq2-overhead-scaling-final-v1--recommended--rq2_full_scale--c5043136f2154202.json,f7d7c52d5487f5dc6a839b4bfc4bcc89acfba50cf6efac68be0bc523b65867cc,5842435e23479bfa0c8fecf6d18652eca8ded68747faf63d055bc7db6b8e51d7,identity-bearing path/account metadata pseudonymized; measurements unchanged
outputs/sigmetrics/rq2_overhead_scaling/recommended/rq2_full_scale/raw/runs/sigmetrics-rq2-overhead-scaling-final-v1--recommended--rq2_full_scale--c513fe7103cf945d.json,d793d29d8f03f32b64372fcf3797a4e3a3bd749cddd19d11ee4a2920644f5dac,ace01f10a4e1b6267f5621b3f86c99e2fb4c04eec1c8600cb43e2f0ed65a90d9,identity-bearing path/account metadata pseudonymized; measurements unchanged
outputs/sigmetrics/rq2_overhead_scaling/recommended/rq2_full_scale/raw/runs/sigmetrics-rq2-overhead-scaling-final-v1--recommended--rq2_full_scale--c551669149ea2929.json,b182882d4c6fe8d395ffbdb9b52b3de2a7e0cf4c974b231b958d7796f4a3a9b8,5a5ecb9e3a49c65c963321c8c85479a43fce4bf5d6c86904a7f589c13e14ab6b,identity-bearing path/account metadata pseudonymized; measurements unchanged
outputs/sigmetrics/rq2_overhead_scaling/recommended/rq2_full_scale/raw/runs/sigmetrics-rq2-overhead-scaling-final-v1--recommended--rq2_full_scale--c70344cc3a5aa4c4.json,880477a245041ef64a2a9a25b2eae659aad425d48c4d57060f6effccb06d8c87,0b68b3ad10cb64f79c381514aa73310b0896274989a27f9948d9aaa30e819eef,identity-bearing path/account metadata pseudonymized; measurements unchanged
outputs/sigmetrics/rq2_overhead_scaling/recommended/rq2_full_scale/raw/runs/sigmetrics-rq2-overhead-scaling-final-v1--recommended--rq2_full_scale--c77dd7ee86518974.json,524ca3958d6dd4c24308a8eaca119f429e0e2cc55bbb31e21b1d5a0ae00a787c,239bfeacdb873e94ae744385ef960f99a5d2115ecb19a043543682427347457c,identity-bearing path/account metadata pseudonymized; measurements unchanged
outputs/sigmetrics/rq2_overhead_scaling/recommended/rq2_full_scale/raw/runs/sigmetrics-rq2-overhead-scaling-final-v1--recommended--rq2_full_scale--c7875978a2558a69.json,aeb31d456a341fef4f7dfaa609c78378ec268daee196cec6b5294dc2ba50670a,5738d09f7c350eaa584feb40a185f26949312f6f830c7844e75c847881be3804,identity-bearing path/account metadata pseudonymized; measurements unchanged
outputs/sigmetrics/rq2_overhead_scaling/recommended/rq2_full_scale/raw/runs/sigmetrics-rq2-overhead-scaling-final-v1--recommended--rq2_full_scale--c7d68deb94b57c52.json,800025ce99c17c9d8c53cbc9958a7fd230ee99d3600942aaf26a52dcf5dddb97,5444392eef5308e5a59ee01a11a263075670455d8687fa858fe9ff0e5a27df69,identity-bearing path/account metadata pseudonymized; measurements unchanged
outputs/sigmetrics/rq2_overhead_scaling/recommended/rq2_full_scale/raw/runs/sigmetrics-rq2-overhead-scaling-final-v1--recommended--rq2_full_scale--c8a708e24e3fba14.json,a21f1ce388ba316c11352b4e96b1e21bd5b90595f342517e91533eadd20ebcc7,90ca43959db1a585b90813e4fe16f60cfe4f37c08806d3ae7b703f63f6f8448c,identity-bearing path/account metadata pseudonymized; measurements unchanged
outputs/sigmetrics/rq2_overhead_scaling/recommended/rq2_full_scale/raw/runs/sigmetrics-rq2-overhead-scaling-final-v1--recommended--rq2_full_scale--c8dced75cdc5c183.json,77e55d71ed2baf0ded410289d683cd77b1e244f880e5a54bc728c3bc961573e4,a94f9301452535223be622b5dfd6e467f6c820720fafc8f9c0590949eb728cb7,identity-bearing path/account metadata pseudonymized; measurements unchanged
outputs/sigmetrics/rq2_overhead_scaling/recommended/rq2_full_scale/raw/runs/sigmetrics-rq2-overhead-scaling-final-v1--recommended--rq2_full_scale--c8fc774033890254.json,61144f0b35dbe14bb8b4ea2d54bb686dc929c2dc514be19791bef2c209b8d136,75343a6fe6b581fbaf5af129a9e1e043d3e0f2b4401a13d73c1049313a3abbc6,identity-bearing path/account metadata pseudonymized; measurements unchanged
outputs/sigmetrics/rq2_overhead_scaling/recommended/rq2_full_scale/raw/runs/sigmetrics-rq2-overhead-scaling-final-v1--recommended--rq2_full_scale--c907f28a99b18ce0.json,c0b6f679524b9625c94502347a2a02317973dec4e058ae38e47b2cf59a51d06e,cff9abeac07be5b9625c52d3c5ef91b474929de498e3bbc0b24a3735c3693d0c,identity-bearing path/account metadata pseudonymized; measurements unchanged
outputs/sigmetrics/rq2_overhead_scaling/recommended/rq2_full_scale/raw/runs/sigmetrics-rq2-overhead-scaling-final-v1--recommended--rq2_full_scale--ca075c783123f176.json,2f4db248fe06d54ac913af74bdc2eb840877edeeaea364a6252993b60f61b5df,f0aeb6ef9bd47b0901802b2eb3b34bd524c414c0db88d7b16ece9b3426f071bb,identity-bearing path/account metadata pseudonymized; measurements unchanged
outputs/sigmetrics/rq2_overhead_scaling/recommended/rq2_full_scale/raw/runs/sigmetrics-rq2-overhead-scaling-final-v1--recommended--rq2_full_scale--ca134e7ca0459bba.json,118d228e398ccdd93989d3cd29c4d1dcdf8b10e128a666d25c6e740eddc107f0,eb9fdf1752e39cb4a706f06464ba2b84f911a6c314394282817a193960c45f50,identity-bearing path/account metadata pseudonymized; measurements unchanged
outputs/sigmetrics/rq2_overhead_scaling/recommended/rq2_full_scale/raw/runs/sigmetrics-rq2-overhead-scaling-final-v1--recommended--rq2_full_scale--ca597e8acc7243e9.json,0b1b20cbbb4787233b94480c70ed0494764bb073026b0e7b7b0a54d207b0cd40,4fab3aca66f5355e554c743d92eefd8ed98882a10f36083fd1758bc8d2dd8b6e,identity-bearing path/account metadata pseudonymized; measurements unchanged
outputs/sigmetrics/rq2_overhead_scaling/recommended/rq2_full_scale/raw/runs/sigmetrics-rq2-overhead-scaling-final-v1--recommended--rq2_full_scale--cae912ceb94a90f2.json,792594cccc89c7e86d02222663cc2eca7fda403a5afdc1394e1e7b9fc6080101,3a0b093ddceda37c46b8033a440759987bfa3e3075e8082d2a07cdfc739aae20,identity-bearing path/account metadata pseudonymized; measurements unchanged
outputs/sigmetrics/rq2_overhead_scaling/recommended/rq2_full_scale/raw/runs/sigmetrics-rq2-overhead-scaling-final-v1--recommended--rq2_full_scale--caeb8897bf0811f9.json,66d74e25f97f7709f8df8906ca1428c44ee118934a9a0d8932889f2c841c18f2,e9d302189426f233abb6d92703f04e852defdd3e5273873e2908c670925e321a,identity-bearing path/account metadata pseudonymized; measurements unchanged
outputs/sigmetrics/rq2_overhead_scaling/recommended/rq2_full_scale/raw/runs/sigmetrics-rq2-overhead-scaling-final-v1--recommended--rq2_full_scale--cb34b8df7af7cfb9.json,d4437d19d7cb3a24358bb5694c4e9d4c21dbe5148699e9e93a5720df61985d0d,099f43f3f95a2822d4f832646c71839d81d74deb85bbb59a783fa669c95e5816,identity-bearing path/account metadata pseudonymized; measurements unchanged
outputs/sigmetrics/rq2_overhead_scaling/recommended/rq2_full_scale/raw/runs/sigmetrics-rq2-overhead-scaling-final-v1--recommended--rq2_full_scale--cbe167ae63588580.json,ecb3dc163996439ec5fab707d14c8eea65fb25b8b6dd60446358117ddb04f65c,1f837657d2239ca91216ce7302d81e1c521eaa6885ef396adadeab55ca13f9b1,identity-bearing path/account metadata pseudonymized; measurements unchanged
outputs/sigmetrics/rq2_overhead_scaling/recommended/rq2_full_scale/raw/runs/sigmetrics-rq2-overhead-scaling-final-v1--recommended--rq2_full_scale--cbf398b040abe758.json,b6072c08e843225dc4578bc1a84f64762eb8a73a2f6de0d4fca7a866057716a1,a89b0fdcd2af90c2e09cfaf48fa982011a2d405b2697203701cd85aeafe9f37d,identity-bearing path/account metadata pseudonymized; measurements unchanged
outputs/sigmetrics/rq2_overhead_scaling/recommended/rq2_full_scale/raw/runs/sigmetrics-rq2-overhead-scaling-final-v1--recommended--rq2_full_scale--cc78bb49d73c6b19.json,611be680b828d42161ae6b0e238815add06bb7d6281cf1524ed135aa0440f528,c34b209ba713a14c0a8d66b45d05fefe10be79972111168f05d828346d72ed4f,identity-bearing path/account metadata pseudonymized; measurements unchanged
outputs/sigmetrics/rq2_overhead_scaling/recommended/rq2_full_scale/raw/runs/sigmetrics-rq2-overhead-scaling-final-v1--recommended--rq2_full_scale--cc9e878be6882f7c.json,7ce949ffb52bfd2c10aa4d75b717079ebaa1e3e2b5b25efefdf04046daf67e56,7c6327a6a8b7bf65d10ee4406cff9d4f032e833931f54ddd3fe23b2badb43ccc,identity-bearing path/account metadata pseudonymized; measurements unchanged
outputs/sigmetrics/rq2_overhead_scaling/recommended/rq2_full_scale/raw/runs/sigmetrics-rq2-overhead-scaling-final-v1--recommended--rq2_full_scale--cd1db1cd4181ac91.json,17f42154b4086fe2b220d1cee4c6fe53ab87825e5e15e3b927768ab0a389d412,d34ab4a96e4d7575eb0546d07ff0d8dab469deaf6153d202bad23948dd662820,identity-bearing path/account metadata pseudonymized; measurements unchanged
outputs/sigmetrics/rq2_overhead_scaling/recommended/rq2_full_scale/raw/runs/sigmetrics-rq2-overhead-scaling-final-v1--recommended--rq2_full_scale--cda5dbbba316e8e7.json,20ebf96f25bbc4f94d6732cc5fa0303abf05ef69768202b2db8088ad9695b53d,2145ebaba15eb333b20d3b5ff05e11d13fe556f7d3e68acffab4a02b31bea1c8,identity-bearing path/account metadata pseudonymized; measurements unchanged
outputs/sigmetrics/rq2_overhead_scaling/recommended/rq2_full_scale/raw/runs/sigmetrics-rq2-overhead-scaling-final-v1--recommended--rq2_full_scale--cdc1acb67928cd4b.json,1fae2bfef9f23c975beeb7c3abd9423b27dbe0aeb63f1da90f60f4da3d5140d2,52c8b9912f3b4b1927b76c907d4a812b065ab756be0fdc1de3f10cf5b43a6af0,identity-bearing path/account metadata pseudonymized; measurements unchanged
outputs/sigmetrics/rq2_overhead_scaling/recommended/rq2_full_scale/raw/runs/sigmetrics-rq2-overhead-scaling-final-v1--recommended--rq2_full_scale--cde0ec0dd02cd796.json,c81981a4feefecdca0893a0aec2d1f1b385dbfa5c96129f194c27f9e414d1af2,531d3e60a9585d6a5f4814e5394bea24466c5236c79c5e56f864d572abd85566,identity-bearing path/account metadata pseudonymized; measurements unchanged
outputs/sigmetrics/rq2_overhead_scaling/recommended/rq2_full_scale/raw/runs/sigmetrics-rq2-overhead-scaling-final-v1--recommended--rq2_full_scale--ce21777d070e6807.json,da9dfa85f5607e85201ddd5b3326d1d16dfee04f05e419c56ca3f67cf44bce61,db49b66ca07eb55dd30d3cedd9743980216ce0fbaed1ffe057a2eb675335775e,identity-bearing path/account metadata pseudonymized; measurements unchanged
outputs/sigmetrics/rq2_overhead_scaling/recommended/rq2_full_scale/raw/runs/sigmetrics-rq2-overhead-scaling-final-v1--recommended--rq2_full_scale--ce223faa5053bbc2.json,2ccae2f633b691dd1f85a117e78364aced01d8b4540985e6421ecd1de92cac4e,754e34800abe31fc3d92d4577b6a69320175db3ef9d4c1dc64e55456458dd55f,identity-bearing path/account metadata pseudonymized; measurements unchanged
outputs/sigmetrics/rq2_overhead_scaling/recommended/rq2_full_scale/raw/runs/sigmetrics-rq2-overhead-scaling-final-v1--recommended--rq2_full_scale--ce36b90111b7343e.json,0c247b2cc16d4691b783ecfd23313dfff35d2bd563e5ad40a1aa5c5b62fe1446,3ffa06f88a6c3a476b1bd7169f4aa0744ec67b8684c04d045a151a8e67fb8613,identity-bearing path/account metadata pseudonymized; measurements unchanged
outputs/sigmetrics/rq2_overhead_scaling/recommended/rq2_full_scale/raw/runs/sigmetrics-rq2-overhead-scaling-final-v1--recommended--rq2_full_scale--cf212a82ede58009.json,b0d6f30df5d430d3beb7ea2d07e2b6bc729a5295c0083e4517a60b4741e67d11,7216e0c5130392f3530b1e42d005fe0b63bf09dcdbc919200f08534de13425de,identity-bearing path/account metadata pseudonymized; measurements unchanged
outputs/sigmetrics/rq2_overhead_scaling/recommended/rq2_full_scale/raw/runs/sigmetrics-rq2-overhead-scaling-final-v1--recommended--rq2_full_scale--d014a08e028e0eb8.json,c719f394a363ed0629e2371ce5713942d35a4cffe03e4b329f41a46db2b4837d,dec4c898137c972028eefee6822d4fd829864759cf804fa6e8b96919c27f3cba,identity-bearing path/account metadata pseudonymized; measurements unchanged
outputs/sigmetrics/rq2_overhead_scaling/recommended/rq2_full_scale/raw/runs/sigmetrics-rq2-overhead-scaling-final-v1--recommended--rq2_full_scale--d12c654de291dc57.json,c2c3546803163ae9a10c7a46a2fe29593a2515a3ac853f5165a8b061af02f27f,8889e3dcc0fbbb5343ddb5286ba34c346823870ab89f340d2d9d275b7ea5fd70,identity-bearing path/account metadata pseudonymized; measurements unchanged
outputs/sigmetrics/rq2_overhead_scaling/recommended/rq2_full_scale/raw/runs/sigmetrics-rq2-overhead-scaling-final-v1--recommended--rq2_full_scale--d23bc25a194bbd59.json,e0a475b2863c844f160532bc3560cd1fef65e7a00d8003de1108e9f98cb0308d,50bc67a2330a8f744cb03b29f20753e65e3b5625a0cd6992489332ee69d490c1,identity-bearing path/account metadata pseudonymized; measurements unchanged
outputs/sigmetrics/rq2_overhead_scaling/recommended/rq2_full_scale/raw/runs/sigmetrics-rq2-overhead-scaling-final-v1--recommended--rq2_full_scale--d2c589a7d08ffb87.json,541aae504815d5d0db8709940d0485bf87036b042baeb289597878c2106409fe,6172c6e0cc9d090bc614066627847d34078e9ff89f2091caa0e42db8f6e285a4,identity-bearing path/account metadata pseudonymized; measurements unchanged
outputs/sigmetrics/rq2_overhead_scaling/recommended/rq2_full_scale/raw/runs/sigmetrics-rq2-overhead-scaling-final-v1--recommended--rq2_full_scale--d2f6deac0da31556.json,8733db248e8bab8c4dc51c4b75b1695fe1c3903088bc272d9084929bfc4cf132,c90164ef9217bc50e9a25c1ecd22fbbc250dbc8c9972ab6a531ec329af03f932,identity-bearing path/account metadata pseudonymized; measurements unchanged
outputs/sigmetrics/rq2_overhead_scaling/recommended/rq2_full_scale/raw/runs/sigmetrics-rq2-overhead-scaling-final-v1--recommended--rq2_full_scale--d307a468276d08b1.json,8c3c6b9f4f6abe7966146056ee64b22a1d0144983501ffb966adf03a2ad23416,29879fa1334137f4e18dda06af846c93996372d3fd90386eb08c0a6bde2753da,identity-bearing path/account metadata pseudonymized; measurements unchanged
outputs/sigmetrics/rq2_overhead_scaling/recommended/rq2_full_scale/raw/runs/sigmetrics-rq2-overhead-scaling-final-v1--recommended--rq2_full_scale--d308ac346c268ea8.json,f59af9c7cdd1683b759838b76fcf68c931541344412f3c77f842bfe66112d1ef,632cd7f8bc7ea00572f08ccd18ee952fb069ce071337e7d3f22fb7aa9de3b6ee,identity-bearing path/account metadata pseudonymized; measurements unchanged
outputs/sigmetrics/rq2_overhead_scaling/recommended/rq2_full_scale/raw/runs/sigmetrics-rq2-overhead-scaling-final-v1--recommended--rq2_full_scale--d36a3a2d95b8655c.json,293eba76e2410bda79dd07c6747ab1f22c316fa14608064f217921162e041876,efe84b038efcf5ebea8cae55167c11a5ab1171da3d2fb0ce026518f226ebf135,identity-bearing path/account metadata pseudonymized; measurements unchanged
outputs/sigmetrics/rq2_overhead_scaling/recommended/rq2_full_scale/raw/runs/sigmetrics-rq2-overhead-scaling-final-v1--recommended--rq2_full_scale--d3cdb2eae9f7cf28.json,854f84338e05206fe9959088370e78c3d47925e61fa60bfe67acd41a3efe01d8,3769cd526cf9ae72b598aacc4dd346822d1d5283533d2083335efc81b192e8c8,identity-bearing path/account metadata pseudonymized; measurements unchanged
outputs/sigmetrics/rq2_overhead_scaling/recommended/rq2_full_scale/raw/runs/sigmetrics-rq2-overhead-scaling-final-v1--recommended--rq2_full_scale--d4b3cada504cc300.json,c29a8af08723762ae571742b6555a532c53d6bc4b570e5610d085e5946941b95,c52930b8f74c8a4cfc0fb34414d6fe91c5ae59852fe28f3bd509804b9a15a503,identity-bearing path/account metadata pseudonymized; measurements unchanged
outputs/sigmetrics/rq2_overhead_scaling/recommended/rq2_full_scale/raw/runs/sigmetrics-rq2-overhead-scaling-final-v1--recommended--rq2_full_scale--d5a733d9de1f6722.json,42337bad0e21fbe2c2f2d256fac4b6d25407d4ef286f705c35f7fe5e68a11a0d,9627332ed7dff28bc970c391c128883037f799749ccbe9284fc2c1e22735117a,identity-bearing path/account metadata pseudonymized; measurements unchanged
outputs/sigmetrics/rq2_overhead_scaling/recommended/rq2_full_scale/raw/runs/sigmetrics-rq2-overhead-scaling-final-v1--recommended--rq2_full_scale--d5ad1c4473c07a87.json,28ba900e62130949a782dcfaa4c111fb794cd9bda73bdee3386848f79d6487ae,d0ec15b8ca02e6c0f89ef394efe8efe95fbc50b1b8c08bedee4195bdebeaa5fe,identity-bearing path/account metadata pseudonymized; measurements unchanged
outputs/sigmetrics/rq2_overhead_scaling/recommended/rq2_full_scale/raw/runs/sigmetrics-rq2-overhead-scaling-final-v1--recommended--rq2_full_scale--d60a22a6e7c52f95.json,4f66a30ae6a19dc38a2ee8a6e893be7811f1684abe7a8228ffb962f7d18b0947,b5014130a30d6e77dd786506405e4a7306ad7158afa5cd60fc291854e67c4958,identity-bearing path/account metadata pseudonymized; measurements unchanged
outputs/sigmetrics/rq2_overhead_scaling/recommended/rq2_full_scale/raw/runs/sigmetrics-rq2-overhead-scaling-final-v1--recommended--rq2_full_scale--d61a47b4a65dc80e.json,90ddeed5ea6b8ba89fb5e11b089f982c4b9aedd4e4db113aa39fe101a8c5e54b,811f2d86b68d2632c9ff96f029ab2bfd6c88c7833f6868f3c1b96b906e68dd28,identity-bearing path/account metadata pseudonymized; measurements unchanged
outputs/sigmetrics/rq2_overhead_scaling/recommended/rq2_full_scale/raw/runs/sigmetrics-rq2-overhead-scaling-final-v1--recommended--rq2_full_scale--d67d2d46f4d199db.json,7639e4055d93e71ec8f273fc43081ccd8602d36b5aee5b781f0551634fe410d3,7e6c8e2559c11c3e1792882379a1b429651c7a27eadbf662b52d51c11a0462df,identity-bearing path/account metadata pseudonymized; measurements unchanged
outputs/sigmetrics/rq2_overhead_scaling/recommended/rq2_full_scale/raw/runs/sigmetrics-rq2-overhead-scaling-final-v1--recommended--rq2_full_scale--d69919236d4215e7.json,d53085e1b79e790d01cf7a3d55c1b2540c75038e75d0a3126393f349a6f7cfdc,256d6abb3b0b0cf5101f194f1bba4d593cfd0cf517a0b32a94825a21f169be78,identity-bearing path/account metadata pseudonymized; measurements unchanged
outputs/sigmetrics/rq2_overhead_scaling/recommended/rq2_full_scale/raw/runs/sigmetrics-rq2-overhead-scaling-final-v1--recommended--rq2_full_scale--d73a47aae3ece6a4.json,0e01fec6735887aaef5656c2004113502bcb3300fe9f2080d74ee793139b18ad,42f1413799d6f961920e5c45e88ff1b4a03bd663ff6247e7fe1c84e93ad5acb3,identity-bearing path/account metadata pseudonymized; measurements unchanged
outputs/sigmetrics/rq2_overhead_scaling/recommended/rq2_full_scale/raw/runs/sigmetrics-rq2-overhead-scaling-final-v1--recommended--rq2_full_scale--d87bdeb010f71345.json,08632740c4dd15a53530de7c865eab26502013743f2c413c77fecc4948a663fa,c75484a5ebfbed84ab479665c5c6c207e374205d7cec8c5153abb82e1e50fb66,identity-bearing path/account metadata pseudonymized; measurements unchanged
outputs/sigmetrics/rq2_overhead_scaling/recommended/rq2_full_scale/raw/runs/sigmetrics-rq2-overhead-scaling-final-v1--recommended--rq2_full_scale--d8e38b6bd9e8dcce.json,2daba8dd5661fdb3ef03d4674667060e26a24025278c6d7c33b1d8fafc26ef3a,d6053044f01c0c489e480c7f2c0b52418def20248433219f46b0b673649306f1,identity-bearing path/account metadata pseudonymized; measurements unchanged
outputs/sigmetrics/rq2_overhead_scaling/recommended/rq2_full_scale/raw/runs/sigmetrics-rq2-overhead-scaling-final-v1--recommended--rq2_full_scale--d9400ec579910458.json,bfaa34ea40d826df7d85339f12b49e5e7463b398ee24a033d35e038ed90f8cd6,d5fc39268ebb643ee9a898b371a96314a27bc0b2cdd99ad4e3f4bac64d16b879,identity-bearing path/account metadata pseudonymized; measurements unchanged
outputs/sigmetrics/rq2_overhead_scaling/recommended/rq2_full_scale/raw/runs/sigmetrics-rq2-overhead-scaling-final-v1--recommended--rq2_full_scale--d9b5b7ed54afe6d3.json,4816eac1cd832c3a5d2c79be335756da486fd4d56c3a8bce6edffeb9ac65d861,af335179dc8ac0a7900035231906f5ea444acafa5ae3c6533fdabbd07e3342ef,identity-bearing path/account metadata pseudonymized; measurements unchanged
outputs/sigmetrics/rq2_overhead_scaling/recommended/rq2_full_scale/raw/runs/sigmetrics-rq2-overhead-scaling-final-v1--recommended--rq2_full_scale--da1d95f8b12d307e.json,f3ea660ec58aaaffe205e624c0990bed4e77b9bf5261ec7462edf8a14fd265f3,c74d3aadca3f2df2221672e1aaa68510479ef1dbef96a626522bf500874ebb17,identity-bearing path/account metadata pseudonymized; measurements unchanged
outputs/sigmetrics/rq2_overhead_scaling/recommended/rq2_full_scale/raw/runs/sigmetrics-rq2-overhead-scaling-final-v1--recommended--rq2_full_scale--da9ef525636314ed.json,8b4ffb5f7befa4f8f50d7d7d600c45bdc6a2483c241bc77d2b5ac48ef736df5d,f636bd9dc4360b84b14866283ff2cdae0924b3be635b2403d7a72b37cda22bff,identity-bearing path/account metadata pseudonymized; measurements unchanged
outputs/sigmetrics/rq2_overhead_scaling/recommended/rq2_full_scale/raw/runs/sigmetrics-rq2-overhead-scaling-final-v1--recommended--rq2_full_scale--daaea14690eb84ff.json,f7840c4dd345c94ff8c8d1406c279f12b9c53e1bc73e18f5805d76ad28bbce3e,4730b8e086c4e6ed65a63146d5176d355ad1d772716a6addcf0ba7a93450aff3,identity-bearing path/account metadata pseudonymized; measurements unchanged
outputs/sigmetrics/rq2_overhead_scaling/recommended/rq2_full_scale/raw/runs/sigmetrics-rq2-overhead-scaling-final-v1--recommended--rq2_full_scale--dafc8c1dbc6d8381.json,cccdf92db7fc3d48378d4de7701d20d989e39cf707c2ff385cfcb08cad901f02,6244af245d1a61c3836c0c2398acbdffba9cd69f470f8a10c4f4b8be47034a28,identity-bearing path/account metadata pseudonymized; measurements unchanged
outputs/sigmetrics/rq2_overhead_scaling/recommended/rq2_full_scale/raw/runs/sigmetrics-rq2-overhead-scaling-final-v1--recommended--rq2_full_scale--dc0f9c3a95614758.json,f55b954d5251426074cec4aa45d6b7d5854ec46f4cf8cae55d3bc3bdfeea8981,5ad0cc7083f569913bcd2edbebd8985586f77da0041166e7810982c6c26e87e6,identity-bearing path/account metadata pseudonymized; measurements unchanged
outputs/sigmetrics/rq2_overhead_scaling/recommended/rq2_full_scale/raw/runs/sigmetrics-rq2-overhead-scaling-final-v1--recommended--rq2_full_scale--dc6781d23cbeda5d.json,8e40e86b85db215cc8b6a3460c960e9dbe70ad18055631a53bf1cf74b304057e,6aacadb8c19ced7b5eb3cebef87bf4ac9935a840a9a5727544f95276b6ed6018,identity-bearing path/account metadata pseudonymized; measurements unchanged
outputs/sigmetrics/rq2_overhead_scaling/recommended/rq2_full_scale/raw/runs/sigmetrics-rq2-overhead-scaling-final-v1--recommended--rq2_full_scale--dc6d7d603bb44d96.json,54c70e8c1d24ef9db00ecb4bf76e7680ea8bc1f869b833afa9b9e227fa0faa51,4df98977d343d30822bafbe48bc88fc75dceb62b15b9b79b3bbfdc748184b9d9,identity-bearing path/account metadata pseudonymized; measurements unchanged
outputs/sigmetrics/rq2_overhead_scaling/recommended/rq2_full_scale/raw/runs/sigmetrics-rq2-overhead-scaling-final-v1--recommended--rq2_full_scale--dce8e476e6e2557f.json,a9716467ed41ec4dee3019f444c177e8a131909b31abcd558d7d9108db89e5fa,de0c7db2b07146d70ff6176b28f04f10a1de13747b5551bf0125a239787e3b96,identity-bearing path/account metadata pseudonymized; measurements unchanged
outputs/sigmetrics/rq2_overhead_scaling/recommended/rq2_full_scale/raw/runs/sigmetrics-rq2-overhead-scaling-final-v1--recommended--rq2_full_scale--dd6fea296f3a2a18.json,cd3b1743c7f85c87e83f299bd48ec2112cf6393f3c0e7d00bf27ceb0cf858906,16c2b71d4ef7815bbff4de924e3ce9f8c3f7e578d79d73c2b6c4717aaef22c45,identity-bearing path/account metadata pseudonymized; measurements unchanged
outputs/sigmetrics/rq2_overhead_scaling/recommended/rq2_full_scale/raw/runs/sigmetrics-rq2-overhead-scaling-final-v1--recommended--rq2_full_scale--de0756f6f63a5e2b.json,86e5e40d9846c2a03d508b7adb8fb40c49ef2358923ef10e283409ed84855845,b8b6635bcc8667803d24b2e254d4951ca3e54fbca460338fb1a56a0bb3c1ed33,identity-bearing path/account metadata pseudonymized; measurements unchanged
outputs/sigmetrics/rq2_overhead_scaling/recommended/rq2_full_scale/raw/runs/sigmetrics-rq2-overhead-scaling-final-v1--recommended--rq2_full_scale--df6b509d10f31248.json,e6c22d72196d4d40fffa14c363ca80746ff66120bc42f73a7cbbec53e9d51e58,a3d41f5fdd5fed40ad33f20f96f2d82043ea2913dffdaaa488089b19fd95f454,identity-bearing path/account metadata pseudonymized; measurements unchanged
outputs/sigmetrics/rq2_overhead_scaling/recommended/rq2_full_scale/raw/runs/sigmetrics-rq2-overhead-scaling-final-v1--recommended--rq2_full_scale--dfcefeb17fccfde7.json,2e25c9e17cc205262b8c12858a5f966b10d9ffe51cf8c886798bf5491e8e738a,bb439f8761babbea8c4e3e2a49fea166a1abcd051226c5b0f5332ccdb03b8c1c,identity-bearing path/account metadata pseudonymized; measurements unchanged
outputs/sigmetrics/rq2_overhead_scaling/recommended/rq2_full_scale/raw/runs/sigmetrics-rq2-overhead-scaling-final-v1--recommended--rq2_full_scale--e1c6e6173b45d77d.json,d91b958ad0d77b0f938273f02f7d6aad19b9f4a2760d326e05dc8800ecdca045,96c15801d3ea09a1dc5d80e88181fa0f286aed00e367dd7ea08a9cba42773a41,identity-bearing path/account metadata pseudonymized; measurements unchanged
outputs/sigmetrics/rq2_overhead_scaling/recommended/rq2_full_scale/raw/runs/sigmetrics-rq2-overhead-scaling-final-v1--recommended--rq2_full_scale--e345d8c7f6162639.json,4ee9bb236cb5ad123dafb49f5fcc2e1e34cdc8ef13a60e5c6a016c8485d90271,ca6702f4f620adb5ac6ce8f7151295e1bc860a03126683223200195ec1d4b3bb,identity-bearing path/account metadata pseudonymized; measurements unchanged
outputs/sigmetrics/rq2_overhead_scaling/recommended/rq2_full_scale/raw/runs/sigmetrics-rq2-overhead-scaling-final-v1--recommended--rq2_full_scale--e353285478f5d556.json,8a43ca82f8f5d8603b397b5979e852864cd42b52f0bb82556c4ae7e25fe0f86d,8e54dc36df3e954d14b8923b033e45b996f742d2360a210cc72cfd92a8b62f4c,identity-bearing path/account metadata pseudonymized; measurements unchanged
outputs/sigmetrics/rq2_overhead_scaling/recommended/rq2_full_scale/raw/runs/sigmetrics-rq2-overhead-scaling-final-v1--recommended--rq2_full_scale--e45beb098f7c43e7.json,2ccb7cc5428055635dd89319cfbca8de010eb0b882e5c0f9b0c7d9a821aa8832,29d5afe3e44bf79cd4a04e438ea9d56ec591ba49b3f8f06cafed2b4688b2aa88,identity-bearing path/account metadata pseudonymized; measurements unchanged
outputs/sigmetrics/rq2_overhead_scaling/recommended/rq2_full_scale/raw/runs/sigmetrics-rq2-overhead-scaling-final-v1--recommended--rq2_full_scale--e4bc03aa8b144b9f.json,889dc2c2af2ccb33e6fee219d64b4b10bb4627f26ce5af8196c8412a58702652,6771af9c8b508b6a489b2546888cd350181639fccc8dddf797fbb9c2a58665b8,identity-bearing path/account metadata pseudonymized; measurements unchanged
outputs/sigmetrics/rq2_overhead_scaling/recommended/rq2_full_scale/raw/runs/sigmetrics-rq2-overhead-scaling-final-v1--recommended--rq2_full_scale--e5101f7b78032162.json,651cc3196fe58a46e47edc80f23248ea58b8be915e137529eb6b93e74049c463,3a5922e197f52b2aaf1f649d390ee3c02c38324ad3756e8b91e5a1518b6bba54,identity-bearing path/account metadata pseudonymized; measurements unchanged
outputs/sigmetrics/rq2_overhead_scaling/recommended/rq2_full_scale/raw/runs/sigmetrics-rq2-overhead-scaling-final-v1--recommended--rq2_full_scale--e516856b20a5a380.json,0726226f8157f990946b481f9b4128c056d14e8c18169b845e58db7f727fd6eb,87f9eaad41ffa0de90d18dd6191d396158f89649bca4307e5cbcd0f993bcea3e,identity-bearing path/account metadata pseudonymized; measurements unchanged
outputs/sigmetrics/rq2_overhead_scaling/recommended/rq2_full_scale/raw/runs/sigmetrics-rq2-overhead-scaling-final-v1--recommended--rq2_full_scale--e6b91a1b992399a1.json,a2a79241ce8dfe200705c8aa54e4a9a4f4c171f3b804422e9a4d8c4bce588fd3,0f313d808f51f2c177f6328c3cc5c90fe6ca7327bdc7c0b359e232523bac0faa,identity-bearing path/account metadata pseudonymized; measurements unchanged
outputs/sigmetrics/rq2_overhead_scaling/recommended/rq2_full_scale/raw/runs/sigmetrics-rq2-overhead-scaling-final-v1--recommended--rq2_full_scale--e6e6db7b476086d7.json,0edaf82d8d2564cefda6b99ca2cd29d4dec0bcdf31875d6e88b4be166b556ba8,7b16e6a8c00ed4dc0e309f71e796486d3fd25418284e2906221a5b7a5aeeea32,identity-bearing path/account metadata pseudonymized; measurements unchanged
outputs/sigmetrics/rq2_overhead_scaling/recommended/rq2_full_scale/raw/runs/sigmetrics-rq2-overhead-scaling-final-v1--recommended--rq2_full_scale--e78f4826e2376035.json,d7d683e535ae2dfb7f1bd906c40001cc43b84b6ad824e5444e6836ccd3a0033c,25935d90045fe52a5ce103de399732a18a9c20236a9ed3712cefff9160a29251,identity-bearing path/account metadata pseudonymized; measurements unchanged
outputs/sigmetrics/rq2_overhead_scaling/recommended/rq2_full_scale/raw/runs/sigmetrics-rq2-overhead-scaling-final-v1--recommended--rq2_full_scale--e8b950d5e53bd350.json,509a0a9b955ec9be8c7d289b971ff19e7d47432b9839c0cb296ad195dde8f470,bd91f701bfd2994288b253693d098f66869b9a51e77088406cc07e58dfc3134c,identity-bearing path/account metadata pseudonymized; measurements unchanged
outputs/sigmetrics/rq2_overhead_scaling/recommended/rq2_full_scale/raw/runs/sigmetrics-rq2-overhead-scaling-final-v1--recommended--rq2_full_scale--e8ced911f85a817b.json,5345326ac91f302272df9a11238cd299f861b6ebdc286a460cb131b6f5e20782,af68c8d6c7c815894c3e467719de857f660f8b187159adf161c074214d96e3f9,identity-bearing path/account metadata pseudonymized; measurements unchanged
outputs/sigmetrics/rq2_overhead_scaling/recommended/rq2_full_scale/raw/runs/sigmetrics-rq2-overhead-scaling-final-v1--recommended--rq2_full_scale--e8cf713193ef9ada.json,a0ed839db76c617565b61487a8884a7cde291b15716669183f56cca942420c76,81528fd21771b1d3db9873139f554e0f0646d59f0bd488f8ed5922635dee4080,identity-bearing path/account metadata pseudonymized; measurements unchanged
outputs/sigmetrics/rq2_overhead_scaling/recommended/rq2_full_scale/raw/runs/sigmetrics-rq2-overhead-scaling-final-v1--recommended--rq2_full_scale--ea76308b19791f35.json,0ea13ea7c58cc30713b9f8230a118323a3e53db73f872a258a5a3f5d4cfe454f,57f383add5a3b8466f67f8e06445345395a3e4538f221d9b756b11dc78dbaf58,identity-bearing path/account metadata pseudonymized; measurements unchanged
outputs/sigmetrics/rq2_overhead_scaling/recommended/rq2_full_scale/raw/runs/sigmetrics-rq2-overhead-scaling-final-v1--recommended--rq2_full_scale--ec2fa2cca3a74dbd.json,4abfe410570ab5069ac40ccc806dfe44921108c0cdf5bba910cb1be2bd8c9439,67e5022cfea51329bd030f683938a6cd1d16cc2a1b5d1e9616a8135517755e17,identity-bearing path/account metadata pseudonymized; measurements unchanged
outputs/sigmetrics/rq2_overhead_scaling/recommended/rq2_full_scale/raw/runs/sigmetrics-rq2-overhead-scaling-final-v1--recommended--rq2_full_scale--ec49c9e1e97d73d5.json,6d49e91f6357f0d98940752bbb1925a956215a3f3b2cd7e583cabbb8b5d662a2,2d379302ecc49ecdc94f146c97c8df8b44a8efdb2b578464473c6fdf201c53d4,identity-bearing path/account metadata pseudonymized; measurements unchanged
outputs/sigmetrics/rq2_overhead_scaling/recommended/rq2_full_scale/raw/runs/sigmetrics-rq2-overhead-scaling-final-v1--recommended--rq2_full_scale--ed0e406ce86d2813.json,37f0a93e87a0251c4ee38c3f12bf4895da6f46b96d6872e542b512a7017e6bee,dbd78d8b9f122c4aa0e9e513314b8845f5778c4c13cfaa1268f06bdeda938a21,identity-bearing path/account metadata pseudonymized; measurements unchanged
outputs/sigmetrics/rq2_overhead_scaling/recommended/rq2_full_scale/raw/runs/sigmetrics-rq2-overhead-scaling-final-v1--recommended--rq2_full_scale--ed152155c28b989b.json,e5d07f4a2dbc9bbaf86f3477ba23840a0668bb92afd0d17c4e9313b3a670a162,d616611d67c95fb8c23cccf1a9b79266a3b641ce88173ad09ea1ebe4fdbe9879,identity-bearing path/account metadata pseudonymized; measurements unchanged
outputs/sigmetrics/rq2_overhead_scaling/recommended/rq2_full_scale/raw/runs/sigmetrics-rq2-overhead-scaling-final-v1--recommended--rq2_full_scale--ed2b3869a43021ca.json,4b2b22cc1d996bca27ec6de6ec2918b438e7adaa1ab82c36f793dbddb767e72a,fe945fa279665f3cc3f0b4ca4fbe2656d3fcc21a5559da8ab60e02a0e5d19b27,identity-bearing path/account metadata pseudonymized; measurements unchanged
outputs/sigmetrics/rq2_overhead_scaling/recommended/rq2_full_scale/raw/runs/sigmetrics-rq2-overhead-scaling-final-v1--recommended--rq2_full_scale--eda75cb258ceb152.json,397e3caaff2963fbaca368af0ef3fb2ca976ec18bda9a538cb8cc67837232a48,0c520152ffd3feb304055f6bbc6f0d2e18c705d78c6f13d86f69f61c6d142200,identity-bearing path/account metadata pseudonymized; measurements unchanged
outputs/sigmetrics/rq2_overhead_scaling/recommended/rq2_full_scale/raw/runs/sigmetrics-rq2-overhead-scaling-final-v1--recommended--rq2_full_scale--edb1e61d7ac1c2ee.json,d227c50cba6704261a7a77b7e606596b1bbd4747a6a0b59560acd434418bf817,2d486d2be833c1fdb68b74f0f4f66eb9cb76bce34072d855594d4520a41de5d6,identity-bearing path/account metadata pseudonymized; measurements unchanged
outputs/sigmetrics/rq2_overhead_scaling/recommended/rq2_full_scale/raw/runs/sigmetrics-rq2-overhead-scaling-final-v1--recommended--rq2_full_scale--ee823d3a28077c9f.json,a0280e3515a60f5e8d0d1c3835c102a6796dde9572f2ef2079543014f5ec24c4,4cf9c2cadd0071441b379a84499bce2bcf7dbf9a4fec9210bd36f29ff1b817cc,identity-bearing path/account metadata pseudonymized; measurements unchanged
outputs/sigmetrics/rq2_overhead_scaling/recommended/rq2_full_scale/raw/runs/sigmetrics-rq2-overhead-scaling-final-v1--recommended--rq2_full_scale--eeacb93babe72357.json,c57371433f49d91928836208e666f26a9804bfaf92400e03396fb2ad10d8523f,99540e95e34702b9bba1aed1258885a79c8144248eb388cb4e95b27e3e28c912,identity-bearing path/account metadata pseudonymized; measurements unchanged
outputs/sigmetrics/rq2_overhead_scaling/recommended/rq2_full_scale/raw/runs/sigmetrics-rq2-overhead-scaling-final-v1--recommended--rq2_full_scale--eed1144c068cec2d.json,f79faf95037430d846b8779b9fa6bbb53bbe37ff20fc318489a462c03f281581,16ef5112c6c174c98435366ab3e1b90dc5a29be068778ca42bf9a2473e6993f2,identity-bearing path/account metadata pseudonymized; measurements unchanged
outputs/sigmetrics/rq2_overhead_scaling/recommended/rq2_full_scale/raw/runs/sigmetrics-rq2-overhead-scaling-final-v1--recommended--rq2_full_scale--ef79f1c87b1c6988.json,1855b0dd06684952a266cc65ee1926fd4b9637fbe4f41f62434546ddaf953a25,f7d616d17bfc581346c93f61aa19ec6b5a183c100054ff0538d276c27011b535,identity-bearing path/account metadata pseudonymized; measurements unchanged
outputs/sigmetrics/rq2_overhead_scaling/recommended/rq2_full_scale/raw/runs/sigmetrics-rq2-overhead-scaling-final-v1--recommended--rq2_full_scale--eff55bad6dbb07a2.json,3a296067ca5d7536fb324daf1523356c4eebc73dad017503577badbb9444898c,85eb5ef3decab454b4ba0be9088bb6aea8ba5d98127fc400b17a2fb709f8bc09,identity-bearing path/account metadata pseudonymized; measurements unchanged
outputs/sigmetrics/rq2_overhead_scaling/recommended/rq2_full_scale/raw/runs/sigmetrics-rq2-overhead-scaling-final-v1--recommended--rq2_full_scale--f031fdd4bde2557c.json,53dd5837e9aa5ae3780c6341a75a7795689d7f06afd3ef12c1e6d96984e498d4,8ff6bb6bd06ca07d27996c7a5482565047e7ca3c4348b330dfd20cb08f3da33d,identity-bearing path/account metadata pseudonymized; measurements unchanged
outputs/sigmetrics/rq2_overhead_scaling/recommended/rq2_full_scale/raw/runs/sigmetrics-rq2-overhead-scaling-final-v1--recommended--rq2_full_scale--f104ae5f04712a44.json,53b592fef60c4724098dc4960284a09733eb5cc2b2345b534a0625e36492802a,08bcdd05deabf70ffd5eac6eaab55901d82ddb4cf73422a19cf032ae49daad60,identity-bearing path/account metadata pseudonymized; measurements unchanged
outputs/sigmetrics/rq2_overhead_scaling/recommended/rq2_full_scale/raw/runs/sigmetrics-rq2-overhead-scaling-final-v1--recommended--rq2_full_scale--f11d2fd8866de981.json,9dd7c5e88ebbf8a946f7f34070742a4da84f1d240381cb4951fea76c28551e34,a6d640742aa786a7c266766d58cdbf6022899d4f4f711eaccdac0b531e05450a,identity-bearing path/account metadata pseudonymized; measurements unchanged
outputs/sigmetrics/rq2_overhead_scaling/recommended/rq2_full_scale/raw/runs/sigmetrics-rq2-overhead-scaling-final-v1--recommended--rq2_full_scale--f2fe6564e0013858.json,dd0cc91055d1e836e66b1d6f11c8cf3fa758b1474c0968b08458a921d5d60868,464bde714abbc40decf4eea183f36a26db53d371be710ba9309f75ae1fd9b553,identity-bearing path/account metadata pseudonymized; measurements unchanged
outputs/sigmetrics/rq2_overhead_scaling/recommended/rq2_full_scale/raw/runs/sigmetrics-rq2-overhead-scaling-final-v1--recommended--rq2_full_scale--f30c8e97e11cb349.json,30051df09037f84ade89254fac26f7dbf4bbd194ebefbc3dfa3eec1dfe1fee7c,af337ae0612b79f900a30ccba016acdc29a5c25ea947bb5282d827cb62a8c624,identity-bearing path/account metadata pseudonymized; measurements unchanged
outputs/sigmetrics/rq2_overhead_scaling/recommended/rq2_full_scale/raw/runs/sigmetrics-rq2-overhead-scaling-final-v1--recommended--rq2_full_scale--f45f2f353010b913.json,3dfeb65b734f6a2d41020c0bff240746f5aed1dfae82d9f725712740f8e596b8,4ddce027f5702b6fbe609de4db8bc4ae7832e3d41dacf14ab32cda88dc5ef099,identity-bearing path/account metadata pseudonymized; measurements unchanged
outputs/sigmetrics/rq2_overhead_scaling/recommended/rq2_full_scale/raw/runs/sigmetrics-rq2-overhead-scaling-final-v1--recommended--rq2_full_scale--f4eaaba8df77f4d8.json,d0913f3b7a137e080cc264739aea34fb354cd0d1608cd32d71b930c29e685293,44e53f0db237f90cd3cd37cefcde487593cd58f436ff4168efaa156ef68a261a,identity-bearing path/account metadata pseudonymized; measurements unchanged
outputs/sigmetrics/rq2_overhead_scaling/recommended/rq2_full_scale/raw/runs/sigmetrics-rq2-overhead-scaling-final-v1--recommended--rq2_full_scale--f4f53f9f4213f01e.json,64d126196036673393d0e4b07a5bf7dd3e3dce16b9975e33ba0ecf2689d02498,bae25da38b625522451d770f45e73f0bb22c219c23e7ba93e511dedaa8118800,identity-bearing path/account metadata pseudonymized; measurements unchanged
outputs/sigmetrics/rq2_overhead_scaling/recommended/rq2_full_scale/raw/runs/sigmetrics-rq2-overhead-scaling-final-v1--recommended--rq2_full_scale--f521681f8961c347.json,0d3e4b6f8c139e179a5b1114243585ba3e7f2f713d4bc006c6311d77fb13fcc7,0357cd6d09bdb0428dc4fb4fae73534555e30ab5aa8f194f58a4b6fc501ecc92,identity-bearing path/account metadata pseudonymized; measurements unchanged
outputs/sigmetrics/rq2_overhead_scaling/recommended/rq2_full_scale/raw/runs/sigmetrics-rq2-overhead-scaling-final-v1--recommended--rq2_full_scale--f5875da6ede250b0.json,e4263e4d4465a044a953df2545a30ed3028b8908092b7bb0735aee534c31cd64,7283369a2b2e1b499f30a4b54d43e4f2721ab2a6f3d1a5ea826d7f4d02dbeea0,identity-bearing path/account metadata pseudonymized; measurements unchanged
outputs/sigmetrics/rq2_overhead_scaling/recommended/rq2_full_scale/raw/runs/sigmetrics-rq2-overhead-scaling-final-v1--recommended--rq2_full_scale--f62ad2e9791a8988.json,1ab6308aeda11f871c6c4b1e0bfd4af1b49abe9a3271c19fcfd1d1a611796e14,37416040f4745faf174b35049d7773402587c6c97123b34f161061a1ccb00ee1,identity-bearing path/account metadata pseudonymized; measurements unchanged
outputs/sigmetrics/rq2_overhead_scaling/recommended/rq2_full_scale/raw/runs/sigmetrics-rq2-overhead-scaling-final-v1--recommended--rq2_full_scale--f71b92a511881487.json,fb13347ba36acb474055e5170508279ecdd0a4bbb009478d31b4baded16ae159,961565e9e69671b03d3efe46325d3d9c4a7254fe06d5eda9763903a6bce38ff9,identity-bearing path/account metadata pseudonymized; measurements unchanged
outputs/sigmetrics/rq2_overhead_scaling/recommended/rq2_full_scale/raw/runs/sigmetrics-rq2-overhead-scaling-final-v1--recommended--rq2_full_scale--f73612c6b05d3a91.json,f475d67e58177cf1c068435cb0c17f2171ceb6d1004ab076acd3ccfa88ce9604,5e04ed53c0d4c964be2e232630fbbfe591ceb98740de6e7122fca0b5f626b7af,identity-bearing path/account metadata pseudonymized; measurements unchanged
outputs/sigmetrics/rq2_overhead_scaling/recommended/rq2_full_scale/raw/runs/sigmetrics-rq2-overhead-scaling-final-v1--recommended--rq2_full_scale--f74d7cd6c6996389.json,690dcbc0dd306563a56764ea68e46fb1adc8275c6ea073501b67796770e23f71,c96502fd46bc4abcf3d3211349b946894c829691f8a17f8d0e14fe27421d2e8d,identity-bearing path/account metadata pseudonymized; measurements unchanged
outputs/sigmetrics/rq2_overhead_scaling/recommended/rq2_full_scale/raw/runs/sigmetrics-rq2-overhead-scaling-final-v1--recommended--rq2_full_scale--f758a1870c6576eb.json,c6d838696c316c22c2d8da9ba99fda93c72d4ecf46c0aaec4eee7bfe5adb1a84,616d0acba37167832b501f49be4393e702166869e330ec485ec2661e02dedb46,identity-bearing path/account metadata pseudonymized; measurements unchanged
outputs/sigmetrics/rq2_overhead_scaling/recommended/rq2_full_scale/raw/runs/sigmetrics-rq2-overhead-scaling-final-v1--recommended--rq2_full_scale--f7f3360863d45dda.json,481909b9478bd2b1e7caf65c956764de146b3a1010c14c85d9924a3bb3836943,09b7146eb1c896b6f811f24f82083741d1d4e9ab24a2a53c2ffc1cf0fd597572,identity-bearing path/account metadata pseudonymized; measurements unchanged
outputs/sigmetrics/rq2_overhead_scaling/recommended/rq2_full_scale/raw/runs/sigmetrics-rq2-overhead-scaling-final-v1--recommended--rq2_full_scale--f95f0f5909ba9ba6.json,8714880958eeff97387f9ab661ae3717c9f2f43196314539a27fb7e2f14d79f2,6eb7566aecfb0a2cc2e6cea60b636cfddf6055d2a5644de1619565f3d5b299d8,identity-bearing path/account metadata pseudonymized; measurements unchanged
outputs/sigmetrics/rq2_overhead_scaling/recommended/rq2_full_scale/raw/runs/sigmetrics-rq2-overhead-scaling-final-v1--recommended--rq2_full_scale--fa3932bf09db3524.json,e671f9352850ab2cb40cd3e2fe70a0dd250c5575a31c6f74af9931f995d27cc7,813c1457bc83bdac5fd239e04ab118476427356e061af236a688bae147031151,identity-bearing path/account metadata pseudonymized; measurements unchanged
outputs/sigmetrics/rq2_overhead_scaling/recommended/rq2_full_scale/raw/runs/sigmetrics-rq2-overhead-scaling-final-v1--recommended--rq2_full_scale--fa88500cf26deb0e.json,cc19e03b78b971d1d6e2d0f526c4a3550acc55361430ef4205cd25ae124f3718,77fd8c10c032131be5d2cfd77a9be7a5419f2d0de97f7974b17a599974548540,identity-bearing path/account metadata pseudonymized; measurements unchanged
outputs/sigmetrics/rq2_overhead_scaling/recommended/rq2_full_scale/raw/runs/sigmetrics-rq2-overhead-scaling-final-v1--recommended--rq2_full_scale--faabce6faf368f12.json,56760aba9f2b9601d489b3c8f3fc14da5b9d9657e3fe0dd74a9bf33ce846ab0c,5c26e546dd6a0fd843bba9db853516cddaa12e5cc568245fa8290c142c5af8f3,identity-bearing path/account metadata pseudonymized; measurements unchanged
outputs/sigmetrics/rq2_overhead_scaling/recommended/rq2_full_scale/raw/runs/sigmetrics-rq2-overhead-scaling-final-v1--recommended--rq2_full_scale--fb079f49659d7e01.json,03be32f6fcb644f851b65e6f593bb979117b3d0a165340a19196cbb83f5f11e7,ea38d5c15061569cf2dec7d87b964dfcca46cf9f0ca504768a4dd323966c5c33,identity-bearing path/account metadata pseudonymized; measurements unchanged
outputs/sigmetrics/rq2_overhead_scaling/recommended/rq2_full_scale/raw/runs/sigmetrics-rq2-overhead-scaling-final-v1--recommended--rq2_full_scale--fb79cb21efc1b39f.json,96e0af19ee6b9e11b2bbdc8238852640a20ffea174def418c897f73272e8c556,2fa4094d989984ac5e6d01101c4725f3a1041a7cc9c74f9ddbb160c59dc0b4b6,identity-bearing path/account metadata pseudonymized; measurements unchanged
outputs/sigmetrics/rq2_overhead_scaling/recommended/rq2_full_scale/raw/runs/sigmetrics-rq2-overhead-scaling-final-v1--recommended--rq2_full_scale--fc2c51af81873e8e.json,0bff708f22026e1c8de2db694e45ee1523e26d6d41ef4e38a18485e32bd6f179,0de3858ed1dea99e36aa9afbbfabd033d6ee07441948c005f5046d864c4b5514,identity-bearing path/account metadata pseudonymized; measurements unchanged
outputs/sigmetrics/rq2_overhead_scaling/recommended/rq2_full_scale/raw/runs/sigmetrics-rq2-overhead-scaling-final-v1--recommended--rq2_full_scale--fc4bbf8d5c16d9a1.json,e25d6834be3db8aaa21f33ed1ac10c0a5ba2327cd0b64c2c9600d9cab9fee04b,961a3d8e0cc96847f130009812cab00b5ce476232586494f80fb2b921d80552e,identity-bearing path/account metadata pseudonymized; measurements unchanged
outputs/sigmetrics/rq2_overhead_scaling/recommended/rq2_full_scale/raw/runs/sigmetrics-rq2-overhead-scaling-final-v1--recommended--rq2_full_scale--fc82323bfa6dd550.json,3861912b18919785fe0c82e2a1e3cb6bc31dd54e31c6b2bab5f6bbc06f282533,11ffdf143a30195e673b995c4b7e279e2cd76dafb8a3c643aa680c9d7970f302,identity-bearing path/account metadata pseudonymized; measurements unchanged
outputs/sigmetrics/rq2_overhead_scaling/recommended/rq2_full_scale/raw/runs/sigmetrics-rq2-overhead-scaling-final-v1--recommended--rq2_full_scale--fd0c586f0fa278f0.json,fa50ab7a46a3b8a75969455e52ff1d1f694e7393af667daa4b0e0ba6f9d4c80a,7de803a96b17a10577784d12103804ebc5a6704d5ecf480921941d6f5ec1c4f6,identity-bearing path/account metadata pseudonymized; measurements unchanged
outputs/sigmetrics/rq2_overhead_scaling/recommended/rq2_full_scale/raw/runs/sigmetrics-rq2-overhead-scaling-final-v1--recommended--rq2_full_scale--ff4b3aa0cacc2178.json,032256b6e0b84c5d49275c249ae4235ecb2b6ff3cbc881a94377ef20ead1b7de,d85d8bbf4864373c9c72bf6d8211b9fa0eaa1cf127b05400476ed80b3e4c07cc,identity-bearing path/account metadata pseudonymized; measurements unchanged
outputs/sigmetrics/rq2_overhead_scaling/recommended/rq2_full_scale/raw/runs/sigmetrics-rq2-overhead-scaling-final-v1--recommended--rq2_full_scale--ff82e6cfb9cfcae4.json,fcee59c0882b97a60948f845163d8df41246c13bb16dacfd8f8501c739e1434f,579d55d5ebf8cb18fe1a414cbf6f07e523f3b915189bf52c346f466274517a9d,identity-bearing path/account metadata pseudonymized; measurements unchanged
outputs/sigmetrics/rq2_overhead_scaling/recommended/rq2_full_scale/raw/runs/sigmetrics-rq2-overhead-scaling-final-v1--recommended--rq2_full_scale--ffe3d6d18a140690.json,42aa70035bee7c6d45caa2e393e525f6ba7972761e626001b944610e212fd8ab,9ef914f46e4268d0e1e006341f358fb41ee6a9c5faaa70fa32020fdf1b817c63,identity-bearing path/account metadata pseudonymized; measurements unchanged
