workload,mode,workload_profile,failure_timing,continuation_B,seed,recovery_policy,old_mechanical_recovery,old_continuation_evaluated,old_continuation_success,old_stable_continuation,old_objective_deviation,old_distribution_deviation,old_gradient_disagreement,old_measurement_groups_reused,old_measurement_groups_redone,old_shots_reused,old_shots_redone,old_checkpoint_bytes,old_save_latency_s,old_recovery_latency_s,corrected_mechanical_recovery,corrected_continuation_evaluated,corrected_continuation_success,corrected_stable_continuation,corrected_objective_deviation,corrected_distribution_deviation,corrected_gradient_disagreement,corrected_measurement_groups_reused,corrected_measurement_groups_redone,corrected_shots_reused,corrected_shots_redone,corrected_checkpoint_bytes,corrected_save_latency_s,corrected_recovery_latency_s,continuation_outcome_changed,continuation_metrics_changed
adapt_vqe,ideal_sim,paper,external_late,2,1201,classical_application_checkpoint,True,True,True,True,0.0,0.0,0.0,0,0,0,0,2664,0.000486875,0.000123875,True,True,True,True,0.0,0.0,0.0,0,0,0,0,2709,0.000607875,0.000154709,False,True
h2_vqe,ideal_sim,paper,external_late,2,1201,classical_application_checkpoint,True,True,True,True,0.0,0.0,0.0,0,3,0,2976,3504,0.000659333,0.00014425,True,True,True,True,0.0,0.0,0.0,0,3,0,2976,3549,0.000705417,0.000164,False,True
lih_vqe,ideal_sim,paper,external_late,2,1201,classical_application_checkpoint,True,True,True,True,0.0,0.0,0.0,0,4,0,4608,4514,0.001135625,0.000163875,True,True,True,True,0.0,0.0,0.0,0,4,0,4608,4559,0.00155375,0.000165833,False,True
qaoa_maxcut,ideal_sim,paper,external_late,2,1201,classical_application_checkpoint,True,True,True,True,0.0,0.0,0.0,0,1,0,4096,13728,0.000943208,0.000150208,True,True,True,True,0.0,0.0,0.0,0,1,0,4096,13773,0.000889334,0.000149917,False,True
adapt_vqe,ideal_sim,paper,external_late,2,1202,classical_application_checkpoint,True,True,True,True,0.0,0.0,0.0,0,0,0,0,2663,0.000807542,0.00015575,True,True,True,True,0.0,0.0,0.0,0,0,0,0,2708,0.00064625,0.000153041,False,True
h2_vqe,ideal_sim,paper,external_late,2,1202,classical_application_checkpoint,True,True,False,False,0.0,0.0,5.189268276052905e-15,0,3,0,2976,3503,0.000483041,0.000114625,True,True,True,True,0.0,0.0,0.0,0,3,0,2976,3548,0.00061,0.0001455,True,True
lih_vqe,ideal_sim,paper,external_late,2,1202,classical_application_checkpoint,True,True,False,False,0.0,0.0,3.7515546301356877e-14,0,4,0,4608,4617,0.000933084,0.000133541,True,True,True,True,0.0,0.0,0.0,0,4,0,4608,4662,0.001003458,0.000247958,True,True
qaoa_maxcut,ideal_sim,paper,external_late,2,1202,classical_application_checkpoint,True,True,True,True,0.0,0.0,0.0,0,1,0,4096,13727,0.001084459,0.000876,True,True,True,True,0.0,0.0,0.0,0,1,0,4096,13772,0.000868084,0.000159125,False,True
adapt_vqe,ideal_sim,paper,external_late,2,1203,classical_application_checkpoint,True,True,True,True,0.0,0.0,0.0,0,0,0,0,2662,0.000733541,0.000168959,True,True,True,True,0.0,0.0,0.0,0,0,0,0,2707,0.000716166,0.000153459,False,True
h2_vqe,ideal_sim,paper,external_late,2,1203,classical_application_checkpoint,True,True,False,False,0.0,0.0,8.98964699850243e-15,0,3,0,2976,3502,0.000687833,0.000140458,True,True,True,True,0.0,0.0,0.0,0,3,0,2976,3547,0.000635791,0.000147458,True,True
lih_vqe,ideal_sim,paper,external_late,2,1203,classical_application_checkpoint,True,True,True,True,0.0,0.0,0.0,0,4,0,5120,4512,0.00093225,0.000143167,True,True,True,True,0.0,0.0,0.0,0,4,0,5120,4557,0.001000917,0.000158708,False,True
qaoa_maxcut,ideal_sim,paper,external_late,2,1203,classical_application_checkpoint,True,True,False,False,8.881784197001252e-16,0.0,2.9977354206208723e-15,0,1,0,4160,13794,0.001048,0.00017525,True,True,True,True,0.0,0.0,0.0,0,1,0,4160,13839,0.000919208,0.000158708,True,True
adapt_vqe,ideal_sim,paper,external_late,2,1204,classical_application_checkpoint,True,True,True,True,0.0,0.0,0.0,0,0,0,0,2663,0.000732166,0.000178417,True,True,True,True,0.0,0.0,0.0,0,0,0,0,2709,0.000722667,0.000165583,False,True
h2_vqe,ideal_sim,paper,external_late,2,1204,classical_application_checkpoint,True,True,True,True,0.0,0.0,0.0,0,3,0,2976,3503,0.000580125,0.00013275,True,True,True,True,0.0,0.0,0.0,0,3,0,2976,3548,0.000587709,0.0001605,False,True
lih_vqe,ideal_sim,paper,external_late,2,1204,classical_application_checkpoint,True,True,True,True,0.0,0.0,0.0,0,4,0,4480,4888,0.000731666,0.000156542,True,True,True,True,0.0,0.0,0.0,0,4,0,4480,4933,0.000793125,0.000176375,False,True
qaoa_maxcut,ideal_sim,paper,external_late,2,1204,classical_application_checkpoint,True,True,True,True,0.0,0.0,0.0,0,1,0,4128,13709,0.000829959,0.000124834,True,True,True,True,0.0,0.0,0.0,0,1,0,4128,13755,0.0009895,0.000168125,False,True
adapt_vqe,ideal_sim,paper,external_late,2,1205,classical_application_checkpoint,True,True,True,True,0.0,0.0,0.0,0,0,0,0,2662,0.000838125,0.000252208,True,True,True,True,0.0,0.0,0.0,0,0,0,0,2708,0.000743792,0.000221584,False,True
h2_vqe,ideal_sim,paper,external_late,2,1205,classical_application_checkpoint,True,True,True,True,0.0,0.0,0.0,0,3,0,2976,3502,0.000848583,0.000236333,True,True,True,True,0.0,0.0,0.0,0,3,0,2976,3548,0.000784875,0.000170667,False,True
lih_vqe,ideal_sim,paper,external_late,2,1205,classical_application_checkpoint,True,True,True,True,0.0,0.0,0.0,0,4,0,4480,4783,0.000917417,0.000144167,True,True,True,True,0.0,0.0,0.0,0,4,0,4480,4829,0.001184792,0.000190834,False,True
qaoa_maxcut,ideal_sim,paper,external_late,2,1205,classical_application_checkpoint,True,True,False,False,0.0,0.0,6.3895673339149304e-15,0,1,0,4160,13672,0.001171959,0.000178667,True,True,True,True,0.0,0.0,0.0,0,1,0,4160,13718,0.000781666,0.000147084,True,True
adapt_vqe,ideal_sim,paper,external_late,2,1201,full_contract,True,True,True,True,0.0,0.0,0.0,0,0,0,0,8625,0.002247084,0.000463,True,True,True,True,0.0,0.0,0.0,0,0,0,0,8623,0.002252458,0.000682709,False,True
h2_vqe,ideal_sim,paper,external_late,2,1201,full_contract,True,True,True,True,0.0,0.0,0.0,3,0,2976,0,9022,0.002494209,0.000620458,True,True,True,True,0.0,0.0,0.0,3,0,2976,0,9020,0.002332541,0.000690125,False,True
lih_vqe,ideal_sim,paper,external_late,2,1201,full_contract,True,True,True,True,0.0,0.0,0.0,4,0,4608,0,10813,0.002303792,0.000825542,True,True,True,True,0.0,0.0,0.0,4,0,4608,0,10811,0.002443292,0.000686625,False,True
qaoa_maxcut,ideal_sim,paper,external_late,2,1201,full_contract,True,True,True,True,0.0,0.0,0.0,1,0,4096,0,19674,0.002350084,0.000743292,True,True,True,True,0.0,0.0,0.0,1,0,4096,0,19672,0.002755709,0.00065725,False,True
adapt_vqe,ideal_sim,paper,external_late,2,1202,full_contract,True,True,True,True,0.0,0.0,0.0,0,0,0,0,8625,0.002294792,0.000532042,True,True,True,True,0.0,0.0,0.0,0,0,0,0,8623,0.002442709,0.000673709,False,True
h2_vqe,ideal_sim,paper,external_late,2,1202,full_contract,True,True,True,True,0.0,0.0,0.0,3,0,2976,0,9022,0.002274375,0.0006045,True,True,True,True,0.0,0.0,0.0,3,0,2976,0,9020,0.002432375,0.000820708,False,True
lih_vqe,ideal_sim,paper,external_late,2,1202,full_contract,True,True,True,True,0.0,0.0,0.0,4,0,4608,0,10917,0.002229667,0.000535792,True,True,True,True,0.0,0.0,0.0,4,0,4608,0,10915,0.002372541,0.00067925,False,True
qaoa_maxcut,ideal_sim,paper,external_late,2,1202,full_contract,True,True,True,True,0.0,0.0,0.0,1,0,4096,0,19674,0.002558875,0.000575416,True,True,True,True,0.0,0.0,0.0,1,0,4096,0,19672,0.00283825,0.000560459,False,True
adapt_vqe,ideal_sim,paper,external_late,2,1203,full_contract,True,True,True,True,0.0,0.0,0.0,0,0,0,0,8625,0.0025905,0.000728667,True,True,True,True,0.0,0.0,0.0,0,0,0,0,8623,0.002643167,0.000728375,False,True
h2_vqe,ideal_sim,paper,external_late,2,1203,full_contract,True,True,True,True,0.0,0.0,0.0,3,0,2976,0,9022,0.002488292,0.0006135,True,True,True,True,0.0,0.0,0.0,3,0,2976,0,9020,0.002065541,0.000687375,False,True
lih_vqe,ideal_sim,paper,external_late,2,1203,full_contract,True,True,True,True,0.0,0.0,0.0,4,0,5120,0,10813,0.00241225,0.000543708,True,True,True,True,0.0,0.0,0.0,4,0,5120,0,10811,0.002676833,0.000635583,False,True
qaoa_maxcut,ideal_sim,paper,external_late,2,1203,full_contract,True,True,True,True,0.0,0.0,0.0,1,0,4160,0,19742,0.002975584,0.00067875,True,True,True,True,0.0,0.0,0.0,1,0,4160,0,19740,0.002778333,0.000725083,False,True
adapt_vqe,ideal_sim,paper,external_late,2,1204,full_contract,True,True,True,True,0.0,0.0,0.0,0,0,0,0,8625,0.002727667,0.000618417,True,True,True,True,0.0,0.0,0.0,0,0,0,0,8624,0.002010125,0.000690166,False,True
h2_vqe,ideal_sim,paper,external_late,2,1204,full_contract,True,True,True,True,0.0,0.0,0.0,3,0,2976,0,9022,0.002563209,0.000604167,True,True,True,True,0.0,0.0,0.0,3,0,2976,0,9020,0.00236125,0.00065625,False,True
lih_vqe,ideal_sim,paper,external_late,2,1204,full_contract,True,True,True,True,0.0,0.0,0.0,4,0,4480,0,11188,0.002354125,0.000609916,True,True,True,True,0.0,0.0,0.0,4,0,4480,0,11186,0.002195458,0.000576666,False,True
qaoa_maxcut,ideal_sim,paper,external_late,2,1204,full_contract,True,True,True,True,0.0,0.0,0.0,1,0,4128,0,19656,0.0022885,0.000537084,True,True,True,True,0.0,0.0,0.0,1,0,4128,0,19655,0.00318925,0.000803584,False,True
adapt_vqe,ideal_sim,paper,external_late,2,1205,full_contract,True,True,True,True,0.0,0.0,0.0,0,0,0,0,8625,0.002266917,0.000630375,True,True,True,True,0.0,0.0,0.0,0,0,0,0,8624,0.002550792,0.000728042,False,True
h2_vqe,ideal_sim,paper,external_late,2,1205,full_contract,True,True,True,True,0.0,0.0,0.0,3,0,2976,0,9022,0.002301333,0.000650334,True,True,True,True,0.0,0.0,0.0,3,0,2976,0,9021,0.002247709,0.000831042,False,True
lih_vqe,ideal_sim,paper,external_late,2,1205,full_contract,True,True,True,True,0.0,0.0,0.0,4,0,4480,0,11084,0.002427041,0.000568834,True,True,True,True,0.0,0.0,0.0,4,0,4480,0,11083,0.002473542,0.000635875,False,True
qaoa_maxcut,ideal_sim,paper,external_late,2,1205,full_contract,True,True,True,True,0.0,0.0,0.0,1,0,4160,0,19620,0.002670209,0.000708542,True,True,True,True,0.0,0.0,0.0,1,0,4160,0,19619,0.002467875,0.000751333,False,True
adapt_vqe,ideal_sim,paper,external_middle,2,1201,classical_application_checkpoint,True,True,True,True,0.0,0.0,0.0,0,0,0,0,2447,0.000503667,0.000160875,True,True,True,True,0.0,0.0,0.0,0,0,0,0,2492,0.00052075,0.000136166,False,True
h2_vqe,ideal_sim,paper,external_middle,2,1201,classical_application_checkpoint,True,True,True,True,0.0,0.0,0.0,0,2,0,1856,3504,0.000496167,0.000122792,True,True,True,True,0.0,0.0,0.0,0,2,0,1856,3549,0.000610917,0.000155708,False,True
lih_vqe,ideal_sim,paper,external_middle,2,1201,classical_application_checkpoint,True,True,True,True,0.0,0.0,0.0,0,3,0,3264,4514,0.00124725,0.000231041,True,True,True,True,0.0,0.0,0.0,0,3,0,3264,4559,0.001033125,0.00021375,False,True
qaoa_maxcut,ideal_sim,paper,external_middle,2,1201,classical_application_checkpoint,True,True,True,True,0.0,0.0,0.0,0,1,0,4096,13728,0.0007955,0.000120292,True,True,True,True,0.0,0.0,0.0,0,1,0,4096,13773,0.000848958,0.0001565,False,True
adapt_vqe,ideal_sim,paper,external_middle,2,1202,classical_application_checkpoint,True,True,True,True,0.0,0.0,0.0,0,0,0,0,2446,0.000534,0.000127666,True,True,True,True,0.0,0.0,0.0,0,0,0,0,2491,0.000606041,0.000138417,False,True
h2_vqe,ideal_sim,paper,external_middle,2,1202,classical_application_checkpoint,True,True,False,False,0.0,0.0,5.189268276052905e-15,0,2,0,1856,3503,0.000504208,0.000122375,True,True,True,True,0.0,0.0,0.0,0,2,0,1856,3548,0.00066225,0.000151375,True,True
lih_vqe,ideal_sim,paper,external_middle,2,1202,classical_application_checkpoint,True,True,False,False,0.0,0.0,3.7515546301356877e-14,0,3,0,3264,4617,0.000896459,0.000130417,True,True,True,True,0.0,0.0,0.0,0,3,0,3264,4662,0.001618625,0.000164542,True,True
qaoa_maxcut,ideal_sim,paper,external_middle,2,1202,classical_application_checkpoint,True,True,True,True,0.0,0.0,0.0,0,1,0,4096,13727,0.000796875,0.000159292,True,True,True,True,0.0,0.0,0.0,0,1,0,4096,13772,0.000848208,0.000148208,False,True
adapt_vqe,ideal_sim,paper,external_middle,2,1203,classical_application_checkpoint,True,True,True,True,0.0,0.0,0.0,0,0,0,0,2445,0.0004715,0.000117083,True,True,True,True,0.0,0.0,0.0,0,0,0,0,2490,0.000644334,0.00016425,False,True
h2_vqe,ideal_sim,paper,external_middle,2,1203,classical_application_checkpoint,True,True,False,False,0.0,0.0,8.98964699850243e-15,0,2,0,1856,3502,0.00055475,0.000118417,True,True,True,True,0.0,0.0,0.0,0,2,0,1856,3547,0.000630042,0.000163625,True,True
lih_vqe,ideal_sim,paper,external_middle,2,1203,classical_application_checkpoint,True,True,True,True,0.0,0.0,0.0,0,3,0,3648,4512,0.000798625,0.000146375,True,True,True,True,0.0,0.0,0.0,0,3,0,3648,4557,0.000948833,0.000151875,False,True
qaoa_maxcut,ideal_sim,paper,external_middle,2,1203,classical_application_checkpoint,True,True,False,False,8.881784197001252e-16,0.0,2.9977354206208723e-15,0,1,0,4160,13794,0.000752,0.000117625,True,True,True,True,0.0,0.0,0.0,0,1,0,4160,13839,0.00088675,0.00021425,True,True
adapt_vqe,ideal_sim,paper,external_middle,2,1204,classical_application_checkpoint,True,True,True,True,0.0,0.0,0.0,0,0,0,0,2446,0.000533,0.00011475,True,True,True,True,0.0,0.0,0.0,0,0,0,0,2491,0.000593542,0.000153042,False,True
h2_vqe,ideal_sim,paper,external_middle,2,1204,classical_application_checkpoint,True,True,True,True,0.0,0.0,0.0,0,2,0,1856,3503,0.000518042,0.00011575,True,True,True,True,0.0,0.0,0.0,0,2,0,1856,3548,0.000790083,0.000178458,False,True
lih_vqe,ideal_sim,paper,external_middle,2,1204,classical_application_checkpoint,True,True,True,True,0.0,0.0,0.0,0,3,0,3168,4888,0.000876084,0.000119875,True,True,True,True,0.0,0.0,0.0,0,3,0,3168,4933,0.000911709,0.000156042,False,True
qaoa_maxcut,ideal_sim,paper,external_middle,2,1204,classical_application_checkpoint,True,True,True,True,0.0,0.0,0.0,0,1,0,4128,13709,0.000917291,0.000113041,True,True,True,True,0.0,0.0,0.0,0,1,0,4128,13754,0.000994833,0.000166375,False,True
adapt_vqe,ideal_sim,paper,external_middle,2,1205,classical_application_checkpoint,True,True,True,True,0.0,0.0,0.0,0,0,0,0,2445,0.000483333,0.000134375,True,True,True,True,0.0,0.0,0.0,0,0,0,0,2490,0.000545083,0.000142583,False,True
h2_vqe,ideal_sim,paper,external_middle,2,1205,classical_application_checkpoint,True,True,True,True,0.0,0.0,0.0,0,2,0,1856,3502,0.000528959,0.000165041,True,True,True,True,0.0,0.0,0.0,0,2,0,1856,3547,0.000808833,0.000211959,False,True
lih_vqe,ideal_sim,paper,external_middle,2,1205,classical_application_checkpoint,True,True,True,True,0.0,0.0,0.0,0,3,0,3168,4783,0.000877875,0.000119167,True,True,True,True,0.0,0.0,0.0,0,3,0,3168,4828,0.03531225,0.000226333,False,True
qaoa_maxcut,ideal_sim,paper,external_middle,2,1205,classical_application_checkpoint,True,True,False,False,0.0,0.0,6.3895673339149304e-15,0,1,0,4160,13672,0.000824917,0.000119792,True,True,True,True,0.0,0.0,0.0,0,1,0,4160,13717,0.000995958,0.000167417,True,True
adapt_vqe,ideal_sim,paper,external_middle,2,1201,full_contract,True,True,True,True,0.0,0.0,0.0,0,0,0,0,8164,0.002279042,0.000544875,True,True,True,True,0.0,0.0,0.0,0,0,0,0,8162,0.002498875,0.000669792,False,True
h2_vqe,ideal_sim,paper,external_middle,2,1201,full_contract,True,True,True,True,0.0,0.0,0.0,2,0,1856,0,8943,0.002144541,0.000498875,True,True,True,True,0.0,0.0,0.0,2,0,1856,0,8941,0.002114958,0.000650917,False,True
lih_vqe,ideal_sim,paper,external_middle,2,1201,full_contract,True,True,True,True,0.0,0.0,0.0,3,0,3264,0,10733,0.002142209,0.0006235,True,True,True,True,0.0,0.0,0.0,3,0,3264,0,10731,0.002255375,0.000583167,False,True
qaoa_maxcut,ideal_sim,paper,external_middle,2,1201,full_contract,True,True,True,True,0.0,0.0,0.0,1,0,4096,0,19674,0.002574792,0.000704291,True,True,True,True,0.0,0.0,0.0,1,0,4096,0,19672,0.003034708,0.000795542,False,True
adapt_vqe,ideal_sim,paper,external_middle,2,1202,full_contract,True,True,True,True,0.0,0.0,0.0,0,0,0,0,8164,0.001855583,0.000522042,True,True,True,True,0.0,0.0,0.0,0,0,0,0,8162,0.002420083,0.000708083,False,True
h2_vqe,ideal_sim,paper,external_middle,2,1202,full_contract,True,True,True,True,0.0,0.0,0.0,2,0,1856,0,8943,0.002077625,0.000454625,True,True,True,True,0.0,0.0,0.0,2,0,1856,0,8941,0.001972834,0.000640959,False,True
lih_vqe,ideal_sim,paper,external_middle,2,1202,full_contract,True,True,True,True,0.0,0.0,0.0,3,0,3264,0,10837,0.001867875,0.000549167,True,True,True,True,0.0,0.0,0.0,3,0,3264,0,10835,0.002439917,0.000780375,False,True
qaoa_maxcut,ideal_sim,paper,external_middle,2,1202,full_contract,True,True,True,True,0.0,0.0,0.0,1,0,4096,0,19674,0.002610541,0.000519917,True,True,True,True,0.0,0.0,0.0,1,0,4096,0,19672,0.00237875,0.000674375,False,True
adapt_vqe,ideal_sim,paper,external_middle,2,1203,full_contract,True,True,True,True,0.0,0.0,0.0,0,0,0,0,8164,0.00223525,0.000438625,True,True,True,True,0.0,0.0,0.0,0,0,0,0,8162,0.002033042,0.000683334,False,True
h2_vqe,ideal_sim,paper,external_middle,2,1203,full_contract,True,True,True,True,0.0,0.0,0.0,2,0,1856,0,8943,0.002347583,0.000552833,True,True,True,True,0.0,0.0,0.0,2,0,1856,0,8941,0.001897542,0.000588833,False,True
lih_vqe,ideal_sim,paper,external_middle,2,1203,full_contract,True,True,True,True,0.0,0.0,0.0,3,0,3648,0,10733,0.00217825,0.000518458,True,True,True,True,0.0,0.0,0.0,3,0,3648,0,10731,0.002481333,0.000688083,False,True
qaoa_maxcut,ideal_sim,paper,external_middle,2,1203,full_contract,True,True,True,True,0.0,0.0,0.0,1,0,4160,0,19742,0.0024,0.000542166,True,True,True,True,0.0,0.0,0.0,1,0,4160,0,19740,0.002925125,0.000881667,False,True
adapt_vqe,ideal_sim,paper,external_middle,2,1204,full_contract,True,True,True,True,0.0,0.0,0.0,0,0,0,0,8164,0.002072291,0.000564584,True,True,True,True,0.0,0.0,0.0,0,0,0,0,8162,0.002467791,0.000616667,False,True
h2_vqe,ideal_sim,paper,external_middle,2,1204,full_contract,True,True,True,True,0.0,0.0,0.0,2,0,1856,0,8943,0.00225625,0.0005275,True,True,True,True,0.0,0.0,0.0,2,0,1856,0,8941,0.002211916,0.000574167,False,True
lih_vqe,ideal_sim,paper,external_middle,2,1204,full_contract,True,True,True,True,0.0,0.0,0.0,3,0,3168,0,11108,0.002217125,0.000481666,True,True,True,True,0.0,0.0,0.0,3,0,3168,0,11106,0.00225225,0.000640416,False,True
qaoa_maxcut,ideal_sim,paper,external_middle,2,1204,full_contract,True,True,True,True,0.0,0.0,0.0,1,0,4128,0,19656,0.002527958,0.000551542,True,True,True,True,0.0,0.0,0.0,1,0,4128,0,19654,0.002589916,0.000778125,False,True
adapt_vqe,ideal_sim,paper,external_middle,2,1205,full_contract,True,True,True,True,0.0,0.0,0.0,0,0,0,0,8164,0.002280833,0.000558459,True,True,True,True,0.0,0.0,0.0,0,0,0,0,8162,0.002613625,0.000597292,False,True
h2_vqe,ideal_sim,paper,external_middle,2,1205,full_contract,True,True,True,True,0.0,0.0,0.0,2,0,1856,0,8943,0.002235833,0.000568458,True,True,True,True,0.0,0.0,0.0,2,0,1856,0,8941,0.002108458,0.000673208,False,True
lih_vqe,ideal_sim,paper,external_middle,2,1205,full_contract,True,True,True,True,0.0,0.0,0.0,3,0,3168,0,11004,0.00211275,0.000584917,True,True,True,True,0.0,0.0,0.0,3,0,3168,0,11002,0.002379709,0.000900167,False,True
qaoa_maxcut,ideal_sim,paper,external_middle,2,1205,full_contract,True,True,True,True,0.0,0.0,0.0,1,0,4160,0,19620,0.002554042,0.000572041,True,True,True,True,0.0,0.0,0.0,1,0,4160,0,19618,0.002941166,0.000577416,False,True
adapt_vqe,ideal_sim,paper,optimizer_early,2,1201,classical_application_checkpoint,True,True,True,True,0.0,0.0,0.0,0,0,0,0,2438,0.000681708,0.000169458,True,True,True,True,0.0,0.0,0.0,0,0,0,0,2482,0.00055825,0.000161,False,True
h2_vqe,ideal_sim,paper,optimizer_early,2,1201,classical_application_checkpoint,True,True,True,True,0.0,0.0,0.0,0,0,0,0,3495,0.001302417,0.0001765,True,True,True,True,0.0,0.0,0.0,0,0,0,0,3538,0.000661958,0.000157916,False,True
lih_vqe,ideal_sim,paper,optimizer_early,2,1201,classical_application_checkpoint,True,True,True,True,0.0,0.0,0.0,0,0,0,0,4609,0.001064125,0.000152917,True,True,True,True,0.0,0.0,0.0,0,0,0,0,4653,0.001025542,0.000211208,False,True
qaoa_maxcut,ideal_sim,paper,optimizer_early,2,1201,classical_application_checkpoint,True,True,True,True,0.0,0.0,0.0,0,0,0,0,13543,0.000828292,0.000130459,True,True,True,True,0.0,0.0,0.0,0,0,0,0,13587,0.000927083,0.000175125,False,True
adapt_vqe,ideal_sim,paper,optimizer_early,2,1202,classical_application_checkpoint,True,True,True,True,0.0,0.0,0.0,0,0,0,0,2437,0.000567042,0.000127292,True,True,True,True,0.0,0.0,0.0,0,0,0,0,2482,0.00054175,0.00014125,False,True
h2_vqe,ideal_sim,paper,optimizer_early,2,1202,classical_application_checkpoint,True,True,True,True,0.0,0.0,0.0,0,0,0,0,3494,0.00056775,0.000150792,True,True,True,True,0.0,0.0,0.0,0,0,0,0,3538,0.000668583,0.000150209,False,True
lih_vqe,ideal_sim,paper,optimizer_early,2,1202,classical_application_checkpoint,True,True,True,True,0.0,0.0,0.0,0,0,0,0,4608,0.000787667,0.000158084,True,True,True,True,0.0,0.0,0.0,0,0,0,0,4652,0.000983208,0.000162,False,True
qaoa_maxcut,ideal_sim,paper,optimizer_early,2,1202,classical_application_checkpoint,True,True,True,True,0.0,0.0,0.0,0,0,0,0,13603,0.000821208,0.000153958,True,True,True,True,0.0,0.0,0.0,0,0,0,0,13648,0.001008125,0.000203458,False,True
adapt_vqe,ideal_sim,paper,optimizer_early,2,1203,classical_application_checkpoint,True,True,True,True,0.0,0.0,0.0,0,0,0,0,2436,0.000561291,0.00013225,True,True,True,True,0.0,0.0,0.0,0,0,0,0,2481,0.000493458,0.0001345,False,True
h2_vqe,ideal_sim,paper,optimizer_early,2,1203,classical_application_checkpoint,True,True,True,True,0.0,0.0,0.0,0,0,0,0,3493,0.000539833,0.000117791,True,True,True,True,0.0,0.0,0.0,0,0,0,0,3538,0.000704,0.000162041,False,True
lih_vqe,ideal_sim,paper,optimizer_early,2,1203,classical_application_checkpoint,True,True,True,True,0.0,0.0,0.0,0,0,0,0,4774,0.000875958,0.000159792,True,True,True,True,0.0,0.0,0.0,0,0,0,0,4819,0.000858,0.000180417,False,True
qaoa_maxcut,ideal_sim,paper,optimizer_early,2,1203,classical_application_checkpoint,True,True,True,True,0.0,0.0,0.0,0,0,0,0,13663,0.000800042,0.000131916,True,True,True,True,0.0,0.0,0.0,0,0,0,0,13708,0.000835875,0.000146458,False,True
adapt_vqe,ideal_sim,paper,optimizer_early,2,1204,classical_application_checkpoint,True,True,True,True,0.0,0.0,0.0,0,0,0,0,2437,0.000545875,0.000121667,True,True,True,True,0.0,0.0,0.0,0,0,0,0,2482,0.000555791,0.000143083,False,True
h2_vqe,ideal_sim,paper,optimizer_early,2,1204,classical_application_checkpoint,True,True,True,True,0.0,0.0,0.0,0,0,0,0,3494,0.000561459,0.000119792,True,True,True,True,0.0,0.0,0.0,0,0,0,0,3539,0.000741375,0.000231292,False,True
lih_vqe,ideal_sim,paper,optimizer_early,2,1204,classical_application_checkpoint,True,True,True,True,0.0,0.0,0.0,0,0,0,0,4504,0.000990541,0.000177959,True,True,True,True,0.0,0.0,0.0,0,0,0,0,4549,0.000827708,0.000195208,False,True
qaoa_maxcut,ideal_sim,paper,optimizer_early,2,1204,classical_application_checkpoint,True,True,True,True,0.0,0.0,0.0,0,0,0,0,13542,0.000782959,0.000133166,True,True,True,True,0.0,0.0,0.0,0,0,0,0,13587,0.001086625,0.0001735,False,True
adapt_vqe,ideal_sim,paper,optimizer_early,2,1205,classical_application_checkpoint,True,True,True,True,0.0,0.0,0.0,0,0,0,0,2436,0.000541875,0.000121208,True,True,True,True,0.0,0.0,0.0,0,0,0,0,2481,0.000517917,0.00014,False,True
h2_vqe,ideal_sim,paper,optimizer_early,2,1205,classical_application_checkpoint,True,True,True,True,0.0,0.0,0.0,0,0,0,0,3493,0.000567541,0.000131125,True,True,True,True,0.0,0.0,0.0,0,0,0,0,3538,0.00061975,0.000152667,False,True
lih_vqe,ideal_sim,paper,optimizer_early,2,1205,classical_application_checkpoint,True,True,True,True,0.0,0.0,0.0,0,0,0,0,4503,0.000881584,0.00012075,True,True,True,True,0.0,0.0,0.0,0,0,0,0,4548,0.000899625,0.000166959,False,True
qaoa_maxcut,ideal_sim,paper,optimizer_early,2,1205,classical_application_checkpoint,True,True,True,True,0.0,0.0,0.0,0,0,0,0,13706,0.000865791,0.000155083,True,True,True,True,0.0,0.0,0.0,0,0,0,0,13751,0.001073625,0.000151292,False,True
adapt_vqe,ideal_sim,paper,optimizer_early,2,1201,full_contract,True,True,True,True,0.0,0.0,0.0,0,0,0,0,8120,0.002094792,0.000626292,True,True,True,True,0.0,0.0,0.0,0,0,0,0,8117,0.002579708,0.000690833,False,True
h2_vqe,ideal_sim,paper,optimizer_early,2,1201,full_contract,True,True,True,True,0.0,0.0,0.0,0,0,0,0,8632,0.002604333,0.000602167,True,True,True,True,0.0,0.0,0.0,0,0,0,0,8628,0.005270333,0.000868916,False,True
lih_vqe,ideal_sim,paper,optimizer_early,2,1201,full_contract,True,True,True,True,0.0,0.0,0.0,0,0,0,0,10444,0.002530541,0.000574583,True,True,True,True,0.0,0.0,0.0,0,0,0,0,10441,0.002193459,0.0006665,False,True
qaoa_maxcut,ideal_sim,paper,optimizer_early,2,1201,full_contract,True,True,True,True,0.0,0.0,0.0,0,0,0,0,19263,0.002138875,0.00056,True,True,True,True,0.0,0.0,0.0,0,0,0,0,19260,0.0023975,0.000677416,False,True
adapt_vqe,ideal_sim,paper,optimizer_early,2,1202,full_contract,True,True,True,True,0.0,0.0,0.0,0,0,0,0,8120,0.002423167,0.000669041,True,True,True,True,0.0,0.0,0.0,0,0,0,0,8118,0.002629417,0.000721083,False,True
h2_vqe,ideal_sim,paper,optimizer_early,2,1202,full_contract,True,True,True,True,0.0,0.0,0.0,0,0,0,0,8632,0.001909958,0.000696708,True,True,True,True,0.0,0.0,0.0,0,0,0,0,8629,0.00204775,0.001257375,False,True
lih_vqe,ideal_sim,paper,optimizer_early,2,1202,full_contract,True,True,True,True,0.0,0.0,0.0,0,0,0,0,10444,0.00200725,0.000677875,True,True,True,True,0.0,0.0,0.0,0,0,0,0,10441,0.002136667,0.000534791,False,True
qaoa_maxcut,ideal_sim,paper,optimizer_early,2,1202,full_contract,True,True,True,True,0.0,0.0,0.0,0,0,0,0,19324,0.002252375,0.000611375,True,True,True,True,0.0,0.0,0.0,0,0,0,0,19322,0.002449458,0.000769541,False,True
adapt_vqe,ideal_sim,paper,optimizer_early,2,1203,full_contract,True,True,True,True,0.0,0.0,0.0,0,0,0,0,8120,0.002169708,0.000601,True,True,True,True,0.0,0.0,0.0,0,0,0,0,8118,0.002659459,0.000662208,False,True
h2_vqe,ideal_sim,paper,optimizer_early,2,1203,full_contract,True,True,True,True,0.0,0.0,0.0,0,0,0,0,8632,0.002034791,0.000515084,True,True,True,True,0.0,0.0,0.0,0,0,0,0,8630,0.002258583,0.000675458,False,True
lih_vqe,ideal_sim,paper,optimizer_early,2,1203,full_contract,True,True,True,True,0.0,0.0,0.0,0,0,0,0,10611,0.002291083,0.000492542,True,True,True,True,0.0,0.0,0.0,0,0,0,0,10609,0.00230825,0.0006995,False,True
qaoa_maxcut,ideal_sim,paper,optimizer_early,2,1203,full_contract,True,True,True,True,0.0,0.0,0.0,0,0,0,0,19385,0.002185291,0.000577416,True,True,True,True,0.0,0.0,0.0,0,0,0,0,19383,0.002728458,0.000657167,False,True
adapt_vqe,ideal_sim,paper,optimizer_early,2,1204,full_contract,True,True,True,True,0.0,0.0,0.0,0,0,0,0,8120,0.002254792,0.000469042,True,True,True,True,0.0,0.0,0.0,0,0,0,0,8118,0.001944959,0.000651042,False,True
h2_vqe,ideal_sim,paper,optimizer_early,2,1204,full_contract,True,True,True,True,0.0,0.0,0.0,0,0,0,0,8632,0.002128542,0.000431417,True,True,True,True,0.0,0.0,0.0,0,0,0,0,8630,0.002183375,0.0006445,False,True
lih_vqe,ideal_sim,paper,optimizer_early,2,1204,full_contract,True,True,True,True,0.0,0.0,0.0,0,0,0,0,10340,0.002359833,0.000621292,True,True,True,True,0.0,0.0,0.0,0,0,0,0,10338,0.002269291,0.0006935,False,True
qaoa_maxcut,ideal_sim,paper,optimizer_early,2,1204,full_contract,True,True,True,True,0.0,0.0,0.0,0,0,0,0,19263,0.002259042,0.000549209,True,True,True,True,0.0,0.0,0.0,0,0,0,0,19261,0.002586291,0.000653958,False,True
adapt_vqe,ideal_sim,paper,optimizer_early,2,1205,full_contract,True,True,True,True,0.0,0.0,0.0,0,0,0,0,8120,0.002165084,0.000572917,True,True,True,True,0.0,0.0,0.0,0,0,0,0,8118,0.002032125,0.000686375,False,True
h2_vqe,ideal_sim,paper,optimizer_early,2,1205,full_contract,True,True,True,True,0.0,0.0,0.0,0,0,0,0,8632,0.001919208,0.000569792,True,True,True,True,0.0,0.0,0.0,0,0,0,0,8630,0.002409041,0.00081275,False,True
lih_vqe,ideal_sim,paper,optimizer_early,2,1205,full_contract,True,True,True,True,0.0,0.0,0.0,0,0,0,0,10340,0.002213125,0.00061625,True,True,True,True,0.0,0.0,0.0,0,0,0,0,10338,0.002541042,0.000686208,False,True
qaoa_maxcut,ideal_sim,paper,optimizer_early,2,1205,full_contract,True,True,True,True,0.0,0.0,0.0,0,0,0,0,19428,0.002182458,0.000671959,True,True,True,True,0.0,0.0,0.0,0,0,0,0,19426,0.002312375,0.000638625,False,True
adapt_vqe,noisy_sim,paper,external_late,2,1201,classical_application_checkpoint,True,True,True,True,0.0,0.0,0.0,0,0,0,0,2664,0.000547541,0.000136417,True,True,True,True,0.0,0.0,0.0,0,0,0,0,2710,0.000653208,0.000154917,False,True
h2_vqe,noisy_sim,paper,external_late,2,1201,classical_application_checkpoint,True,True,True,True,0.0,0.0,0.0,0,3,0,2976,3504,0.004687417,0.000265125,True,True,True,True,0.0,0.0,0.0,0,3,0,2976,3550,0.000628375,0.000143791,False,True
lih_vqe,noisy_sim,paper,external_late,2,1201,classical_application_checkpoint,True,True,True,True,0.0,0.0,3.019722449921453e-14,0,4,0,4608,4618,0.00084125,0.000150375,True,True,True,True,0.0,0.0,0.0,0,4,0,4608,4664,0.000988583,0.000160792,False,True
qaoa_maxcut,noisy_sim,paper,external_late,2,1201,classical_application_checkpoint,True,True,True,True,0.0,0.0,0.0,0,1,0,4128,13649,0.001244667,0.000169625,True,True,True,True,0.0,0.0,0.0,0,1,0,4128,13695,0.001212291,0.000170708,False,True
adapt_vqe,noisy_sim,paper,external_late,2,1202,classical_application_checkpoint,True,True,True,True,0.0,0.0,0.0,0,0,0,0,2663,0.000593125,0.000163375,True,True,True,True,0.0,0.0,0.0,0,0,0,0,2709,0.000727833,0.000155834,False,True
h2_vqe,noisy_sim,paper,external_late,2,1202,classical_application_checkpoint,True,True,True,True,0.0,0.0,0.0,0,3,0,2976,3503,0.000840875,0.000134666,True,True,True,True,0.0,0.0,0.0,0,3,0,2976,3549,0.000865666,0.000152542,False,True
lih_vqe,noisy_sim,paper,external_late,2,1202,classical_application_checkpoint,True,True,True,True,0.0,0.0,0.0,0,4,0,5120,4513,0.000966042,0.000147958,True,True,True,True,0.0,0.0,0.0,0,4,0,5120,4559,0.001087792,0.000162,False,True
qaoa_maxcut,noisy_sim,paper,external_late,2,1202,classical_application_checkpoint,True,True,True,True,0.0,0.0,0.0,0,1,0,4128,13831,0.001134958,0.000147542,True,True,True,True,0.0,0.0,0.0,0,1,0,4128,13877,0.001156083,0.000164958,False,True
adapt_vqe,noisy_sim,paper,external_late,2,1203,classical_application_checkpoint,True,True,True,True,0.0,0.0,0.0,0,0,0,0,2662,0.000533,0.000134167,True,True,True,True,0.0,0.0,0.0,0,0,0,0,2708,0.000909166,0.000222667,False,True
h2_vqe,noisy_sim,paper,external_late,2,1203,classical_application_checkpoint,True,True,True,True,0.0,0.0,0.0,0,3,0,2976,3502,0.000808916,0.000162417,True,True,True,True,0.0,0.0,0.0,0,3,0,2976,3548,0.000850417,0.000146417,False,True
lih_vqe,noisy_sim,paper,external_late,2,1203,classical_application_checkpoint,True,True,True,True,0.0,0.0,0.0,0,4,0,5120,4616,0.001105875,0.000158792,True,True,True,True,0.0,0.0,0.0,0,4,0,5120,4662,0.00089625,0.000237125,False,True
qaoa_maxcut,noisy_sim,paper,external_late,2,1203,classical_application_checkpoint,True,True,True,True,0.0,0.0,0.0,0,1,0,4160,13952,0.0011185,0.000171834,True,True,True,True,0.0,0.0,0.0,0,1,0,4160,13998,0.000994875,0.000196333,False,True
adapt_vqe,noisy_sim,paper,external_late,2,1204,classical_application_checkpoint,True,True,True,True,0.0,0.0,0.0,0,0,0,0,2663,0.000527209,0.000127125,True,True,True,True,0.0,0.0,0.0,0,0,0,0,2709,0.000693125,0.000159541,False,True
h2_vqe,noisy_sim,paper,external_late,2,1204,classical_application_checkpoint,True,True,True,True,0.0,0.0,0.0,0,3,0,2976,3503,0.000832375,0.000127542,True,True,True,True,0.0,0.0,0.0,0,3,0,2976,3549,0.000682875,0.000160625,False,True
lih_vqe,noisy_sim,paper,external_late,2,1204,classical_application_checkpoint,True,True,True,True,0.0,0.0,0.0,0,4,0,4480,4513,0.000959542,0.000140375,True,True,True,True,0.0,0.0,0.0,0,4,0,4480,4559,0.001061208,0.000164292,False,True
qaoa_maxcut,noisy_sim,paper,external_late,2,1204,classical_application_checkpoint,True,True,True,True,0.0,0.0,0.0,0,1,0,4128,13612,0.001138625,0.000156125,True,True,True,True,0.0,0.0,0.0,0,1,0,4128,13658,0.000976334,0.000162084,False,True
adapt_vqe,noisy_sim,paper,external_late,2,1205,classical_application_checkpoint,True,True,True,True,0.0,0.0,0.0,0,0,0,0,2662,0.000555167,0.00012125,True,True,True,True,0.0,0.0,0.0,0,0,0,0,2708,0.000599625,0.000141292,False,True
h2_vqe,noisy_sim,paper,external_late,2,1205,classical_application_checkpoint,True,True,True,True,0.0,0.0,0.0,0,3,0,2976,3502,0.000781666,0.000120916,True,True,True,True,0.0,0.0,0.0,0,3,0,2976,3548,0.000945375,0.000171541,False,True
lih_vqe,noisy_sim,paper,external_late,2,1205,classical_application_checkpoint,True,True,True,True,0.0,0.0,0.0,0,4,0,4480,4616,0.001002,0.000173459,True,True,True,True,0.0,0.0,0.0,0,4,0,4480,4662,0.000927916,0.0001515,False,True
qaoa_maxcut,noisy_sim,paper,external_late,2,1205,classical_application_checkpoint,True,True,True,True,0.0,0.0,0.0,0,1,0,4128,13593,0.001070541,0.000136041,True,True,True,True,0.0,0.0,0.0,0,1,0,4128,13639,0.001080583,0.000154042,False,True
adapt_vqe,noisy_sim,paper,external_late,2,1201,full_contract,True,True,True,True,0.0,0.0,0.0,0,0,0,0,8625,0.00260675,0.000512667,True,True,True,True,0.0,0.0,0.0,0,0,0,0,8624,0.002415042,0.000706917,False,True
h2_vqe,noisy_sim,paper,external_late,2,1201,full_contract,True,True,True,True,0.0,0.0,0.0,3,0,2976,0,9022,0.002193916,0.000747334,True,True,True,True,0.0,0.0,0.0,3,0,2976,0,9021,0.001977208,0.000509667,False,True
lih_vqe,noisy_sim,paper,external_late,2,1201,full_contract,True,True,True,True,0.0,0.0,0.0,4,0,4608,0,10917,0.00253275,0.0007105,True,True,True,True,0.0,0.0,0.0,4,0,4608,0,10916,0.002337083,0.000685625,False,True
qaoa_maxcut,noisy_sim,paper,external_late,2,1201,full_contract,True,True,True,True,0.0,0.0,0.0,1,0,4128,0,19595,0.002509625,0.000623208,True,True,True,True,0.0,0.0,0.0,1,0,4128,0,19594,0.002620125,0.0007505,False,True
adapt_vqe,noisy_sim,paper,external_late,2,1202,full_contract,True,True,True,True,0.0,0.0,0.0,0,0,0,0,8625,0.002176333,0.000707958,True,True,True,True,0.0,0.0,0.0,0,0,0,0,8624,0.002338459,0.000652125,False,True
h2_vqe,noisy_sim,paper,external_late,2,1202,full_contract,True,True,True,True,0.0,0.0,0.0,3,0,2976,0,9022,0.002289166,0.000595,True,True,True,True,0.0,0.0,0.0,3,0,2976,0,9021,0.00241075,0.000683458,False,True
lih_vqe,noisy_sim,paper,external_late,2,1202,full_contract,True,True,True,True,0.0,0.0,0.0,4,0,5120,0,10813,0.002538791,0.000585667,True,True,True,True,0.0,0.0,0.0,4,0,5120,0,10812,0.002650666,0.000699875,False,True
qaoa_maxcut,noisy_sim,paper,external_late,2,1202,full_contract,True,True,True,True,0.0,0.0,0.0,1,0,4128,0,19778,0.002753209,0.000688375,True,True,True,True,0.0,0.0,0.0,1,0,4128,0,19777,0.002501666,0.0007585,False,True
adapt_vqe,noisy_sim,paper,external_late,2,1203,full_contract,True,True,True,True,0.0,0.0,0.0,0,0,0,0,8625,0.002490042,0.000596166,True,True,True,True,0.0,0.0,0.0,0,0,0,0,8624,0.0023625,0.000711666,False,True
h2_vqe,noisy_sim,paper,external_late,2,1203,full_contract,True,True,True,True,0.0,0.0,0.0,3,0,2976,0,9022,0.002211458,0.000664917,True,True,True,True,0.0,0.0,0.0,3,0,2976,0,9021,0.002182083,0.000592875,False,True
lih_vqe,noisy_sim,paper,external_late,2,1203,full_contract,True,True,True,True,0.0,0.0,0.0,4,0,5120,0,10917,0.002548208,0.000657042,True,True,True,True,0.0,0.0,0.0,4,0,5120,0,10916,0.002372084,0.000726458,False,True
qaoa_maxcut,noisy_sim,paper,external_late,2,1203,full_contract,True,True,True,True,0.0,0.0,0.0,1,0,4160,0,19900,0.002786125,0.00065675,True,True,True,True,0.0,0.0,0.0,1,0,4160,0,19899,0.002907083,0.000669417,False,True
adapt_vqe,noisy_sim,paper,external_late,2,1204,full_contract,True,True,True,True,0.0,0.0,0.0,0,0,0,0,8625,0.002210709,0.000592625,True,True,True,True,0.0,0.0,0.0,0,0,0,0,8624,0.00253175,0.000760209,False,True
h2_vqe,noisy_sim,paper,external_late,2,1204,full_contract,True,True,True,True,0.0,0.0,0.0,3,0,2976,0,9022,0.002310125,0.000641625,True,True,True,True,0.0,0.0,0.0,3,0,2976,0,9021,0.002213083,0.000720875,False,True
lih_vqe,noisy_sim,paper,external_late,2,1204,full_contract,True,True,True,True,0.0,0.0,0.0,4,0,4480,0,10813,0.002334625,0.000681583,True,True,True,True,0.0,0.0,0.0,4,0,4480,0,10812,0.002534625,0.000751959,False,True
qaoa_maxcut,noisy_sim,paper,external_late,2,1204,full_contract,True,True,True,True,0.0,0.0,0.0,1,0,4128,0,19559,0.002763,0.000731375,True,True,True,True,0.0,0.0,0.0,1,0,4128,0,19558,0.002514459,0.000743625,False,True
adapt_vqe,noisy_sim,paper,external_late,2,1205,full_contract,True,True,True,True,0.0,0.0,0.0,0,0,0,0,8625,0.002110292,0.00061975,True,True,True,True,0.0,0.0,0.0,0,0,0,0,8624,0.002030375,0.000566166,False,True
h2_vqe,noisy_sim,paper,external_late,2,1205,full_contract,True,True,True,True,0.0,0.0,0.0,3,0,2976,0,9022,0.0021935,0.0005965,True,True,True,True,0.0,0.0,0.0,3,0,2976,0,9021,0.002357416,0.000637875,False,True
lih_vqe,noisy_sim,paper,external_late,2,1205,full_contract,True,True,True,True,0.0,0.0,0.0,4,0,4480,0,10917,0.002389667,0.000655625,True,True,True,True,0.0,0.0,0.0,4,0,4480,0,10916,0.002168458,0.000718584,False,True
qaoa_maxcut,noisy_sim,paper,external_late,2,1205,full_contract,True,True,True,True,0.0,0.0,0.0,1,0,4128,0,19541,0.00254875,0.000653334,True,True,True,True,0.0,0.0,0.0,1,0,4128,0,19540,0.002611833,0.000759458,False,True
adapt_vqe,noisy_sim,paper,external_middle,2,1201,classical_application_checkpoint,True,True,True,True,0.0,0.0,0.0,0,0,0,0,2447,0.000793125,0.000163458,True,True,True,True,0.0,0.0,0.0,0,0,0,0,2493,0.00062125,0.000140125,False,True
h2_vqe,noisy_sim,paper,external_middle,2,1201,classical_application_checkpoint,True,True,True,True,0.0,0.0,0.0,0,2,0,1856,3504,0.000794959,0.000132,True,True,True,True,0.0,0.0,0.0,0,2,0,1856,3550,0.00093825,0.000162458,False,True
lih_vqe,noisy_sim,paper,external_middle,2,1201,classical_application_checkpoint,True,True,True,True,0.0,0.0,3.019722449921453e-14,0,3,0,3264,4618,0.001029416,0.000143958,True,True,True,True,0.0,0.0,0.0,0,3,0,3264,4664,0.00103525,0.000171333,False,True
qaoa_maxcut,noisy_sim,paper,external_middle,2,1201,classical_application_checkpoint,True,True,True,True,0.0,0.0,0.0,0,1,0,4128,13649,0.0012105,0.000154042,True,True,True,True,0.0,0.0,0.0,0,1,0,4128,13695,0.001288834,0.000177792,False,True
adapt_vqe,noisy_sim,paper,external_middle,2,1202,classical_application_checkpoint,True,True,True,True,0.0,0.0,0.0,0,0,0,0,2446,0.000541666,0.00012275,True,True,True,True,0.0,0.0,0.0,0,0,0,0,2492,0.00058825,0.000146625,False,True
h2_vqe,noisy_sim,paper,external_middle,2,1202,classical_application_checkpoint,True,True,True,True,0.0,0.0,0.0,0,2,0,1856,3503,0.000844666,0.00013425,True,True,True,True,0.0,0.0,0.0,0,2,0,1856,3549,0.000743958,0.000174209,False,True
lih_vqe,noisy_sim,paper,external_middle,2,1202,classical_application_checkpoint,True,True,True,True,0.0,0.0,0.0,0,3,0,3648,4513,0.001036875,0.000144625,True,True,True,True,0.0,0.0,0.0,0,3,0,3648,4559,0.00077875,0.000157292,False,True
qaoa_maxcut,noisy_sim,paper,external_middle,2,1202,classical_application_checkpoint,True,True,True,True,0.0,0.0,0.0,0,1,0,4128,13831,0.001130708,0.00014925,True,True,True,True,0.0,0.0,0.0,0,1,0,4128,13877,0.001130459,0.000167708,False,True
adapt_vqe,noisy_sim,paper,external_middle,2,1203,classical_application_checkpoint,True,True,True,True,0.0,0.0,0.0,0,0,0,0,2445,0.000552292,0.000127,True,True,True,True,0.0,0.0,0.0,0,0,0,0,2491,0.000669375,0.0001485,False,True
h2_vqe,noisy_sim,paper,external_middle,2,1203,classical_application_checkpoint,True,True,True,True,0.0,0.0,0.0,0,2,0,1856,3502,0.000817916,0.000125209,True,True,True,True,0.0,0.0,0.0,0,2,0,1856,3548,0.001020917,0.000167208,False,True
lih_vqe,noisy_sim,paper,external_middle,2,1203,classical_application_checkpoint,True,True,True,True,0.0,0.0,0.0,0,3,0,3648,4616,0.000928084,0.000134,True,True,True,True,0.0,0.0,0.0,0,3,0,3648,4662,0.001093958,0.000164792,False,True
qaoa_maxcut,noisy_sim,paper,external_middle,2,1203,classical_application_checkpoint,True,True,True,True,0.0,0.0,0.0,0,1,0,4160,13952,0.001176833,0.000147417,True,True,True,True,0.0,0.0,0.0,0,1,0,4160,13998,0.001175208,0.000165959,False,True
adapt_vqe,noisy_sim,paper,external_middle,2,1204,classical_application_checkpoint,True,True,True,True,0.0,0.0,0.0,0,0,0,0,2446,0.000530708,0.000127417,True,True,True,True,0.0,0.0,0.0,0,0,0,0,2492,0.000650959,0.000141958,False,True
h2_vqe,noisy_sim,paper,external_middle,2,1204,classical_application_checkpoint,True,True,True,True,0.0,0.0,0.0,0,2,0,1856,3503,0.000622584,0.000124958,True,True,True,True,0.0,0.0,0.0,0,2,0,1856,3549,0.000927584,0.000157916,False,True
lih_vqe,noisy_sim,paper,external_middle,2,1204,classical_application_checkpoint,True,True,True,True,0.0,0.0,0.0,0,3,0,3168,4513,0.0009685,0.000141167,True,True,True,True,0.0,0.0,0.0,0,3,0,3168,4559,0.001163,0.00017175,False,True
qaoa_maxcut,noisy_sim,paper,external_middle,2,1204,classical_application_checkpoint,True,True,True,True,0.0,0.0,0.0,0,1,0,4128,13612,0.001143708,0.000137541,True,True,True,True,0.0,0.0,0.0,0,1,0,4128,13658,0.00116475,0.000166125,False,True
adapt_vqe,noisy_sim,paper,external_middle,2,1205,classical_application_checkpoint,True,True,True,True,0.0,0.0,0.0,0,0,0,0,2445,0.000545333,0.000115167,True,True,True,True,0.0,0.0,0.0,0,0,0,0,2491,0.000581,0.000140375,False,True
h2_vqe,noisy_sim,paper,external_middle,2,1205,classical_application_checkpoint,True,True,True,True,0.0,0.0,0.0,0,2,0,1856,3502,0.000735459,0.000127959,True,True,True,True,0.0,0.0,0.0,0,2,0,1856,3548,0.000960542,0.0001655,False,True
lih_vqe,noisy_sim,paper,external_middle,2,1205,classical_application_checkpoint,True,True,True,True,0.0,0.0,0.0,0,3,0,3168,4616,0.000958083,0.000131167,True,True,True,True,0.0,0.0,0.0,0,3,0,3168,4662,0.00104,0.000161875,False,True
qaoa_maxcut,noisy_sim,paper,external_middle,2,1205,classical_application_checkpoint,True,True,True,True,0.0,0.0,0.0,0,1,0,4128,13593,0.001105541,0.000136167,True,True,True,True,0.0,0.0,0.0,0,1,0,4128,13639,0.001105042,0.000206042,False,True
adapt_vqe,noisy_sim,paper,external_middle,2,1201,full_contract,True,True,True,True,0.0,0.0,0.0,0,0,0,0,8164,0.00242175,0.0006125,True,True,True,True,0.0,0.0,0.0,0,0,0,0,8163,0.001963334,0.000632625,False,True
h2_vqe,noisy_sim,paper,external_middle,2,1201,full_contract,True,True,True,True,0.0,0.0,0.0,2,0,1856,0,8943,0.002433625,0.000712417,True,True,True,True,0.0,0.0,0.0,2,0,1856,0,8942,0.0021505,0.000688125,False,True
lih_vqe,noisy_sim,paper,external_middle,2,1201,full_contract,True,True,True,True,0.0,0.0,0.0,3,0,3264,0,10837,0.002566125,0.000666,True,True,True,True,0.0,0.0,0.0,3,0,3264,0,10836,0.002641542,0.000747333,False,True
qaoa_maxcut,noisy_sim,paper,external_middle,2,1201,full_contract,True,True,True,True,0.0,0.0,0.0,1,0,4128,0,19595,0.00268375,0.000606958,True,True,True,True,0.0,0.0,0.0,1,0,4128,0,19594,0.002999917,0.000789417,False,True
adapt_vqe,noisy_sim,paper,external_middle,2,1202,full_contract,True,True,True,True,0.0,0.0,0.0,0,0,0,0,8164,0.002205459,0.000683875,True,True,True,True,0.0,0.0,0.0,0,0,0,0,8163,0.002446416,0.000709375,False,True
h2_vqe,noisy_sim,paper,external_middle,2,1202,full_contract,True,True,True,True,0.0,0.0,0.0,2,0,1856,0,8943,0.002252709,0.000638791,True,True,True,True,0.0,0.0,0.0,2,0,1856,0,8942,0.002091083,0.000587,False,True
lih_vqe,noisy_sim,paper,external_middle,2,1202,full_contract,True,True,True,True,0.0,0.0,0.0,3,0,3648,0,10733,0.002410709,0.000542625,True,True,True,True,0.0,0.0,0.0,3,0,3648,0,10732,0.002408792,0.000620375,False,True
qaoa_maxcut,noisy_sim,paper,external_middle,2,1202,full_contract,True,True,True,True,0.0,0.0,0.0,1,0,4128,0,19778,0.002684709,0.000702375,True,True,True,True,0.0,0.0,0.0,1,0,4128,0,19777,0.002377,0.000725167,False,True
adapt_vqe,noisy_sim,paper,external_middle,2,1203,full_contract,True,True,True,True,0.0,0.0,0.0,0,0,0,0,8164,0.002338875,0.000678292,True,True,True,True,0.0,0.0,0.0,0,0,0,0,8163,0.002227,0.000646417,False,True
h2_vqe,noisy_sim,paper,external_middle,2,1203,full_contract,True,True,True,True,0.0,0.0,0.0,2,0,1856,0,8943,0.002279125,0.000471458,True,True,True,True,0.0,0.0,0.0,2,0,1856,0,8942,0.00236975,0.000605708,False,True
lih_vqe,noisy_sim,paper,external_middle,2,1203,full_contract,True,True,True,True,0.0,0.0,0.0,3,0,3648,0,10837,0.002034625,0.000542,True,True,True,True,0.0,0.0,0.0,3,0,3648,0,10836,0.002601375,0.000718875,False,True
qaoa_maxcut,noisy_sim,paper,external_middle,2,1203,full_contract,True,True,True,True,0.0,0.0,0.0,1,0,4160,0,19900,0.002475333,0.000617958,True,True,True,True,0.0,0.0,0.0,1,0,4160,0,19899,0.002681583,0.000745666,False,True
adapt_vqe,noisy_sim,paper,external_middle,2,1204,full_contract,True,True,True,True,0.0,0.0,0.0,0,0,0,0,8164,0.002337792,0.000460084,True,True,True,True,0.0,0.0,0.0,0,0,0,0,8163,0.002484375,0.000678167,False,True
h2_vqe,noisy_sim,paper,external_middle,2,1204,full_contract,True,True,True,True,0.0,0.0,0.0,2,0,1856,0,8943,0.002405416,0.0006545,True,True,True,True,0.0,0.0,0.0,2,0,1856,0,8942,0.002692667,0.000563667,False,True
lih_vqe,noisy_sim,paper,external_middle,2,1204,full_contract,True,True,True,True,0.0,0.0,0.0,3,0,3168,0,10733,0.002126708,0.000631083,True,True,True,True,0.0,0.0,0.0,3,0,3168,0,10732,0.002544417,0.000685709,False,True
qaoa_maxcut,noisy_sim,paper,external_middle,2,1204,full_contract,True,True,True,True,0.0,0.0,0.0,1,0,4128,0,19559,0.002769584,0.0006905,True,True,True,True,0.0,0.0,0.0,1,0,4128,0,19558,0.002648125,0.000970083,False,True
adapt_vqe,noisy_sim,paper,external_middle,2,1205,full_contract,True,True,True,True,0.0,0.0,0.0,0,0,0,0,8164,0.002384375,0.000619417,True,True,True,True,0.0,0.0,0.0,0,0,0,0,8163,0.002375,0.000598917,False,True
h2_vqe,noisy_sim,paper,external_middle,2,1205,full_contract,True,True,True,True,0.0,0.0,0.0,2,0,1856,0,8943,0.00213925,0.0005775,True,True,True,True,0.0,0.0,0.0,2,0,1856,0,8942,0.002345125,0.0006485,False,True
lih_vqe,noisy_sim,paper,external_middle,2,1205,full_contract,True,True,True,True,0.0,0.0,0.0,3,0,3168,0,10837,0.002423625,0.000642083,True,True,True,True,0.0,0.0,0.0,3,0,3168,0,10836,0.002694541,0.000709334,False,True
qaoa_maxcut,noisy_sim,paper,external_middle,2,1205,full_contract,True,True,True,True,0.0,0.0,0.0,1,0,4128,0,19541,0.002985167,0.000696333,True,True,True,True,0.0,0.0,0.0,1,0,4128,0,19540,0.002675625,0.000776708,False,True
adapt_vqe,noisy_sim,paper,optimizer_early,2,1201,classical_application_checkpoint,True,True,True,True,0.0,0.0,0.0,0,0,0,0,2438,0.000553417,0.000118167,True,True,True,True,0.0,0.0,0.0,0,0,0,0,2484,0.000659167,0.000149667,False,True
h2_vqe,noisy_sim,paper,optimizer_early,2,1201,classical_application_checkpoint,True,True,True,True,0.0,0.0,0.0,0,0,0,0,3495,0.000812459,0.000143667,True,True,True,True,0.0,0.0,0.0,0,0,0,0,3541,0.000991041,0.000156,False,True
lih_vqe,noisy_sim,paper,optimizer_early,2,1201,classical_application_checkpoint,True,True,True,True,0.0,0.0,0.0,0,0,0,0,4609,0.000811708,0.000153792,True,True,True,True,0.0,0.0,0.0,0,0,0,0,4655,0.001344917,0.000163708,False,True
qaoa_maxcut,noisy_sim,paper,optimizer_early,2,1201,classical_application_checkpoint,True,True,True,True,0.0,0.0,0.0,0,0,0,0,13708,0.001198667,0.000157834,True,True,True,True,0.0,0.0,0.0,0,0,0,0,13754,0.001233,0.000174667,False,True
adapt_vqe,noisy_sim,paper,optimizer_early,2,1202,classical_application_checkpoint,True,True,True,True,0.0,0.0,0.0,0,0,0,0,2437,0.000517167,0.000120041,True,True,True,True,0.0,0.0,0.0,0,0,0,0,2483,0.000602667,0.000147583,False,True
h2_vqe,noisy_sim,paper,optimizer_early,2,1202,classical_application_checkpoint,True,True,True,True,0.0,0.0,0.0,0,0,0,0,3494,0.000784208,0.000123333,True,True,True,True,0.0,0.0,0.0,0,0,0,0,3540,0.001075875,0.000185375,False,True
lih_vqe,noisy_sim,paper,optimizer_early,2,1202,classical_application_checkpoint,True,True,True,True,0.0,0.0,0.0,0,0,0,0,4879,0.001029333,0.000153834,True,True,True,True,0.0,0.0,0.0,0,0,0,0,4925,0.001009834,0.000158292,False,True
qaoa_maxcut,noisy_sim,paper,optimizer_early,2,1202,classical_application_checkpoint,True,True,True,True,0.0,0.0,5.847075053871857e-15,0,0,0,0,13786,0.001204041,0.000151625,True,True,True,True,0.0,0.0,0.0,0,0,0,0,13832,0.001171458,0.000163083,False,True
adapt_vqe,noisy_sim,paper,optimizer_early,2,1203,classical_application_checkpoint,True,True,True,True,0.0,0.0,0.0,0,0,0,0,2436,0.000556209,0.000131125,True,True,True,True,0.0,0.0,0.0,0,0,0,0,2482,0.0006105,0.000146916,False,True
h2_vqe,noisy_sim,paper,optimizer_early,2,1203,classical_application_checkpoint,True,True,True,True,0.0,0.0,0.0,0,0,0,0,3493,0.000964583,0.000155208,True,True,True,True,0.0,0.0,0.0,0,0,0,0,3539,0.001254833,0.000167334,False,True
lih_vqe,noisy_sim,paper,optimizer_early,2,1203,classical_application_checkpoint,True,True,True,True,0.0,0.0,0.0,0,0,0,0,4878,0.001038875,0.000148292,True,True,True,True,0.0,0.0,0.0,0,0,0,0,4924,0.001054042,0.000167917,False,True
qaoa_maxcut,noisy_sim,paper,optimizer_early,2,1203,classical_application_checkpoint,True,True,True,True,0.0,0.0,0.0,0,0,0,0,13785,0.001208541,0.000160833,True,True,True,True,0.0,0.0,0.0,0,0,0,0,13831,0.0012565,0.000168917,False,True
adapt_vqe,noisy_sim,paper,optimizer_early,2,1204,classical_application_checkpoint,True,True,True,True,0.0,0.0,0.0,0,0,0,0,2437,0.000545917,0.000127792,True,True,True,True,0.0,0.0,0.0,0,0,0,0,2483,0.000634166,0.000150084,False,True
h2_vqe,noisy_sim,paper,optimizer_early,2,1204,classical_application_checkpoint,True,True,True,True,0.0,0.0,0.0,0,0,0,0,3494,0.000947667,0.000173417,True,True,True,True,0.0,0.0,0.0,0,0,0,0,3540,0.0011655,0.000182375,False,True
lih_vqe,noisy_sim,paper,optimizer_early,2,1204,classical_application_checkpoint,True,True,True,True,0.0,0.0,0.0,0,0,0,0,4504,0.000941667,0.000141917,True,True,True,True,0.0,0.0,0.0,0,0,0,0,4550,0.000990375,0.000162167,False,True
qaoa_maxcut,noisy_sim,paper,optimizer_early,2,1204,classical_application_checkpoint,True,True,True,True,8.881784197001252e-16,0.0,9.344455249594376e-15,0,0,0,0,13707,0.001118,0.000201709,True,True,True,True,0.0,0.0,0.0,0,0,0,0,13753,0.001203875,0.000166625,False,True
adapt_vqe,noisy_sim,paper,optimizer_early,2,1205,classical_application_checkpoint,True,True,True,True,0.0,0.0,0.0,0,0,0,0,2436,0.000522834,0.000118833,True,True,True,True,0.0,0.0,0.0,0,0,0,0,2482,0.000648375,0.000143417,False,True
h2_vqe,noisy_sim,paper,optimizer_early,2,1205,classical_application_checkpoint,True,True,True,True,0.0,0.0,0.0,0,0,0,0,3493,0.00081175,0.000129875,True,True,True,True,0.0,0.0,0.0,0,0,0,0,3539,0.000981209,0.00016775,False,True
lih_vqe,noisy_sim,paper,optimizer_early,2,1205,classical_application_checkpoint,True,True,True,True,0.0,0.0,0.0,0,0,0,0,4503,0.001066125,0.000146084,True,True,True,True,0.0,0.0,0.0,0,0,0,0,4549,0.001618166,0.000162667,False,True
qaoa_maxcut,noisy_sim,paper,optimizer_early,2,1205,classical_application_checkpoint,True,True,True,True,0.0,0.0,0.0,0,0,0,0,13724,0.001209084,0.000155125,True,True,True,True,0.0,0.0,0.0,0,0,0,0,13770,0.001245292,0.000169458,False,True
adapt_vqe,noisy_sim,paper,optimizer_early,2,1201,full_contract,True,True,True,True,0.0,0.0,0.0,0,0,0,0,8120,0.002356458,0.000546584,True,True,True,True,0.0,0.0,0.0,0,0,0,0,8119,0.002522791,0.000625292,False,True
h2_vqe,noisy_sim,paper,optimizer_early,2,1201,full_contract,True,True,True,True,0.0,0.0,0.0,0,0,0,0,8632,0.00251675,0.000724417,True,True,True,True,0.0,0.0,0.0,0,0,0,0,8631,0.0025985,0.000635208,False,True
lih_vqe,noisy_sim,paper,optimizer_early,2,1201,full_contract,True,True,True,True,0.0,0.0,0.0,0,0,0,0,10444,0.002456917,0.000628625,True,True,True,True,0.0,0.0,0.0,0,0,0,0,10443,0.00276725,0.000684875,False,True
qaoa_maxcut,noisy_sim,paper,optimizer_early,2,1201,full_contract,True,True,True,True,0.0,0.0,0.0,0,0,0,0,19428,0.002846292,0.000753792,True,True,True,True,0.0,0.0,0.0,0,0,0,0,19427,0.002525708,0.000670208,False,True
adapt_vqe,noisy_sim,paper,optimizer_early,2,1202,full_contract,True,True,True,True,0.0,0.0,0.0,0,0,0,0,8120,0.002393833,0.000630917,True,True,True,True,0.0,0.0,0.0,0,0,0,0,8119,0.002290208,0.000711417,False,True
h2_vqe,noisy_sim,paper,optimizer_early,2,1202,full_contract,True,True,True,True,0.0,0.0,0.0,0,0,0,0,8632,0.002390417,0.000565334,True,True,True,True,0.0,0.0,0.0,0,0,0,0,8631,0.002150875,0.000499292,False,True
lih_vqe,noisy_sim,paper,optimizer_early,2,1202,full_contract,True,True,True,True,0.0,0.0,0.0,0,0,0,0,10715,0.002482667,0.000650375,True,True,True,True,0.0,0.0,0.0,0,0,0,0,10714,0.002343125,0.000620667,False,True
qaoa_maxcut,noisy_sim,paper,optimizer_early,2,1202,full_contract,True,True,True,True,0.0,0.0,0.0,0,0,0,0,19507,0.00271975,0.000666917,True,True,True,True,0.0,0.0,0.0,0,0,0,0,19506,0.002598542,0.000742167,False,True
adapt_vqe,noisy_sim,paper,optimizer_early,2,1203,full_contract,True,True,True,True,0.0,0.0,0.0,0,0,0,0,8120,0.002171083,0.000507583,True,True,True,True,0.0,0.0,0.0,0,0,0,0,8119,0.002374459,0.000670042,False,True
h2_vqe,noisy_sim,paper,optimizer_early,2,1203,full_contract,True,True,True,True,0.0,0.0,0.0,0,0,0,0,8632,0.002477625,0.000576875,True,True,True,True,0.0,0.0,0.0,0,0,0,0,8631,0.002425375,0.000676125,False,True
lih_vqe,noisy_sim,paper,optimizer_early,2,1203,full_contract,True,True,True,True,0.0,0.0,0.0,0,0,0,0,10715,0.002505375,0.0005935,True,True,True,True,0.0,0.0,0.0,0,0,0,0,10714,0.00206275,0.000668958,False,True
qaoa_maxcut,noisy_sim,paper,optimizer_early,2,1203,full_contract,True,True,True,True,0.0,0.0,0.0,0,0,0,0,19507,0.002741292,0.00075275,True,True,True,True,0.0,0.0,0.0,0,0,0,0,19506,0.002342417,0.0007985,False,True
adapt_vqe,noisy_sim,paper,optimizer_early,2,1204,full_contract,True,True,True,True,0.0,0.0,0.0,0,0,0,0,8120,0.002333959,0.000535875,True,True,True,True,0.0,0.0,0.0,0,0,0,0,8119,0.002144917,0.000629958,False,True
h2_vqe,noisy_sim,paper,optimizer_early,2,1204,full_contract,True,True,True,True,0.0,0.0,0.0,0,0,0,0,8632,0.002351458,0.000586167,True,True,True,True,0.0,0.0,0.0,0,0,0,0,8631,0.002266917,0.00063675,False,True
lih_vqe,noisy_sim,paper,optimizer_early,2,1204,full_contract,True,True,True,True,0.0,0.0,0.0,0,0,0,0,10340,0.002138875,0.000549125,True,True,True,True,0.0,0.0,0.0,0,0,0,0,10339,0.002490791,0.000651875,False,True
qaoa_maxcut,noisy_sim,paper,optimizer_early,2,1204,full_contract,True,True,True,True,0.0,0.0,0.0,0,0,0,0,19428,0.002658375,0.000577625,True,True,True,True,0.0,0.0,0.0,0,0,0,0,19427,0.002603083,0.000747625,False,True
adapt_vqe,noisy_sim,paper,optimizer_early,2,1205,full_contract,True,True,True,True,0.0,0.0,0.0,0,0,0,0,8120,0.0021685,0.000509541,True,True,True,True,0.0,0.0,0.0,0,0,0,0,8119,0.002411542,0.000629458,False,True
h2_vqe,noisy_sim,paper,optimizer_early,2,1205,full_contract,True,True,True,True,0.0,0.0,0.0,0,0,0,0,8632,0.002369542,0.000480375,True,True,True,True,0.0,0.0,0.0,0,0,0,0,8631,0.002084,0.000647,False,True
lih_vqe,noisy_sim,paper,optimizer_early,2,1205,full_contract,True,True,True,True,0.0,0.0,0.0,0,0,0,0,10340,0.002708583,0.000687166,True,True,True,True,0.0,0.0,0.0,0,0,0,0,10339,0.002530416,0.000669542,False,True
qaoa_maxcut,noisy_sim,paper,optimizer_early,2,1205,full_contract,True,True,True,True,0.0,0.0,0.0,0,0,0,0,19446,0.002691458,0.000752875,True,True,True,True,0.0,0.0,0.0,0,0,0,0,19445,0.002597083,0.000708541,False,True
adapt_vqe,ideal_sim,paper,external_late,4,1201,classical_application_checkpoint,True,True,False,True,0.00011066930113390328,0.0,0.0024081418865004403,0,0,0,0,2683,0.000555458,0.000174917,True,True,True,True,0.0,0.0,0.0,0,0,0,0,2729,0.000755167,0.000158208,True,True
h2_vqe,ideal_sim,paper,external_late,4,1201,classical_application_checkpoint,True,True,False,True,0.0003527997746441969,0.0,0.003351503860330878,0,3,0,2976,3523,0.000525625,0.0001165,True,True,True,True,0.0,0.0,0.0,0,3,0,2976,3569,0.000928166,0.000159375,True,True
lih_vqe,ideal_sim,paper,external_late,4,1201,classical_application_checkpoint,True,True,False,True,0.0004270812133064794,0.0,0.0010831952480113993,0,4,0,4608,4637,0.001246833,0.000148625,True,True,True,True,0.0,0.0,0.0,0,4,0,4608,4683,0.001149416,0.000183834,True,True
qaoa_maxcut,ideal_sim,paper,external_late,4,1201,classical_application_checkpoint,True,True,False,True,0.9523227285394054,0.5201666543022945,3.3214133240201162,0,1,0,4096,13327,0.000929417,0.00012975,True,True,True,True,0.0,0.0,0.0,0,1,0,4096,13373,0.001088167,0.000154458,True,True
adapt_vqe,ideal_sim,paper,external_late,4,1202,classical_application_checkpoint,True,True,False,True,1.3093432341015898e-05,0.0,0.0010492924171778635,0,0,0,0,2682,0.000526875,0.000160791,True,True,True,True,0.0,0.0,0.0,0,0,0,0,2728,0.000710167,0.000170959,True,True
h2_vqe,ideal_sim,paper,external_late,4,1202,classical_application_checkpoint,True,True,False,True,0.0006483274195865363,0.0022848699339256674,0.0032322413329326618,0,3,0,2976,3522,0.000811459,0.000128083,True,True,True,True,0.0,0.0,0.0,0,3,0,2976,3568,0.0006285,0.000162917,True,True
lih_vqe,ideal_sim,paper,external_late,4,1202,classical_application_checkpoint,True,True,False,True,0.00031683670879889547,0.0,0.0010959167348699725,0,4,0,4608,4532,0.000705042,0.000132583,True,True,True,True,0.0,0.0,0.0,0,4,0,4608,4578,0.001033875,0.000167125,True,True
qaoa_maxcut,ideal_sim,paper,external_late,4,1202,classical_application_checkpoint,True,True,False,False,0.6036835892854802,0.35864205201150473,1.639644592909753,0,1,0,4096,13735,0.004237291,0.00018525,True,True,True,True,0.0,0.0,0.0,0,1,0,4096,13781,0.001117917,0.000242375,True,True
adapt_vqe,ideal_sim,paper,external_late,4,1203,classical_application_checkpoint,True,True,False,True,8.504950113064069e-07,0.0,0.0005174098818878927,0,0,0,0,2681,0.000723792,0.000157958,True,True,True,True,0.0,0.0,0.0,0,0,0,0,2727,0.000714084,0.000169333,True,True
h2_vqe,ideal_sim,paper,external_late,4,1203,classical_application_checkpoint,True,True,False,True,0.0004946464780357651,0.0,0.005413844071721535,0,3,0,2976,3521,0.000789167,0.000123167,True,True,True,True,0.0,0.0,0.0,0,3,0,2976,3567,0.000995667,0.000171708,True,True
lih_vqe,ideal_sim,paper,external_late,4,1203,classical_application_checkpoint,True,True,False,False,0.0004973114798900724,0.03729065696286276,0.001575608890415269,0,4,0,5120,4635,0.001707917,0.000129,True,True,True,True,0.0,0.0,0.0,0,4,0,5120,4681,0.000893292,0.000156125,True,True
qaoa_maxcut,ideal_sim,paper,external_late,4,1203,classical_application_checkpoint,True,True,False,True,0.9004779938564802,0.440429200886186,1.681394191734063,0,1,0,4160,13727,0.001101125,0.000380834,True,True,True,True,0.0,0.0,0.0,0,1,0,4160,13773,0.001133792,0.000157125,True,True
adapt_vqe,ideal_sim,paper,external_late,4,1204,classical_application_checkpoint,True,True,False,True,0.00015824890374904754,0.0,0.002337682057549506,0,0,0,0,2682,0.000521458,0.000136125,True,True,True,True,0.0,0.0,0.0,0,0,0,0,2728,0.000682459,0.000153667,True,True
h2_vqe,ideal_sim,paper,external_late,4,1204,classical_application_checkpoint,True,True,False,True,0.00016814649589580455,0.0,0.003001129018834557,0,3,0,2976,3522,0.000938958,0.000157417,True,True,True,True,0.0,0.0,0.0,0,3,0,2976,3568,0.000897167,0.000164291,True,True
lih_vqe,ideal_sim,paper,external_late,4,1204,classical_application_checkpoint,True,True,False,True,0.00046649645460306033,0.002150086678630907,0.0008434803521528512,0,4,0,4480,4636,0.000954666,0.000133209,True,True,True,True,0.0,0.0,0.0,0,4,0,4480,4682,0.001024917,0.000161708,True,True
qaoa_maxcut,ideal_sim,paper,external_late,4,1204,classical_application_checkpoint,True,True,False,True,0.11173940117356729,0.21140391571257522,1.5228653362669904,0,1,0,4128,13685,0.000879584,0.000137916,True,True,True,True,0.0,0.0,0.0,0,1,0,4128,13731,0.000925792,0.000161792,True,True
adapt_vqe,ideal_sim,paper,external_late,4,1205,classical_application_checkpoint,True,True,False,True,5.894136014816809e-06,0.0,0.0009548777735179495,0,0,0,0,2681,0.000584084,0.000178209,True,True,True,True,0.0,0.0,0.0,0,0,0,0,2727,0.000647792,0.0001605,True,True
h2_vqe,ideal_sim,paper,external_late,4,1205,classical_application_checkpoint,True,True,False,True,0.0003893447394425209,0.0,0.0052303095255060595,0,3,0,2976,3521,0.000693292,0.000182833,True,True,True,True,0.0,0.0,0.0,0,3,0,2976,3567,0.000905459,0.000160667,True,True
lih_vqe,ideal_sim,paper,external_late,4,1205,classical_application_checkpoint,True,True,False,True,2.9330310036712604e-05,0.0,0.0010672774663325292,0,4,0,4480,4635,0.001169375,0.000173792,True,True,True,True,0.0,0.0,0.0,0,4,0,4480,4681,0.0009585,0.000157417,True,True
qaoa_maxcut,ideal_sim,paper,external_late,4,1205,classical_application_checkpoint,True,True,False,True,0.6241239493861457,0.18574882603002432,1.4597576349925996,0,1,0,4160,13666,0.001003417,0.00012725,True,True,True,True,0.0,0.0,0.0,0,1,0,4160,13712,0.000951208,0.000172416,True,True
adapt_vqe,ideal_sim,paper,external_late,4,1201,full_contract,True,True,True,True,0.0,0.0,0.0,0,0,0,0,8711,0.0024905,0.000599958,True,True,True,True,0.0,0.0,0.0,0,0,0,0,8710,0.002694083,0.000704458,False,True
h2_vqe,ideal_sim,paper,external_late,4,1201,full_contract,True,True,True,True,0.0,0.0,0.0,3,0,2976,0,9108,0.002284291,0.000538459,True,True,True,True,0.0,0.0,0.0,3,0,2976,0,9107,0.00251575,0.000649084,False,True
lih_vqe,ideal_sim,paper,external_late,4,1201,full_contract,True,True,True,True,0.0,0.0,0.0,4,0,4608,0,11003,0.002207375,0.000516417,True,True,True,True,0.0,0.0,0.0,4,0,4608,0,11002,0.002432916,0.000728875,False,True
qaoa_maxcut,ideal_sim,paper,external_late,4,1201,full_contract,True,True,True,True,0.0,0.0,0.0,1,0,4096,0,19340,0.002122209,0.000664083,True,True,True,True,0.0,0.0,0.0,1,0,4096,0,19339,0.0026655,0.000614167,False,True
adapt_vqe,ideal_sim,paper,external_late,4,1202,full_contract,True,True,True,True,0.0,0.0,0.0,0,0,0,0,8711,0.002435208,0.000596667,True,True,True,True,0.0,0.0,0.0,0,0,0,0,8710,0.00211725,0.000662333,False,True
h2_vqe,ideal_sim,paper,external_late,4,1202,full_contract,True,True,True,True,0.0,0.0,0.0,3,0,2976,0,9108,0.002142042,0.000597083,True,True,True,True,0.0,0.0,0.0,3,0,2976,0,9107,0.002523416,0.000692416,False,True
lih_vqe,ideal_sim,paper,external_late,4,1202,full_contract,True,True,True,True,0.0,0.0,0.0,4,0,4608,0,10899,0.00237625,0.000626458,True,True,True,True,0.0,0.0,0.0,4,0,4608,0,10898,0.002571875,0.000646875,False,True
qaoa_maxcut,ideal_sim,paper,external_late,4,1202,full_contract,True,True,True,True,0.0,0.0,0.0,1,0,4096,0,19749,0.00279825,0.000778666,True,True,True,True,0.0,0.0,0.0,1,0,4096,0,19748,0.002733125,0.000753042,False,True
adapt_vqe,ideal_sim,paper,external_late,4,1203,full_contract,True,True,True,True,0.0,0.0,0.0,0,0,0,0,8711,0.00228175,0.000840125,True,True,True,True,0.0,0.0,0.0,0,0,0,0,8710,0.002577542,0.000676125,False,True
h2_vqe,ideal_sim,paper,external_late,4,1203,full_contract,True,True,True,True,0.0,0.0,0.0,3,0,2976,0,9108,0.003115583,0.000571125,True,True,True,True,0.0,0.0,0.0,3,0,2976,0,9107,0.002629625,0.0005825,False,True
lih_vqe,ideal_sim,paper,external_late,4,1203,full_contract,True,True,True,True,0.0,0.0,0.0,4,0,5120,0,11003,0.002403208,0.00059925,True,True,True,True,0.0,0.0,0.0,4,0,5120,0,11002,0.002267709,0.000643791,False,True
qaoa_maxcut,ideal_sim,paper,external_late,4,1203,full_contract,True,True,True,True,0.0,0.0,0.0,1,0,4160,0,19742,0.002384083,0.00066625,True,True,True,True,0.0,0.0,0.0,1,0,4160,0,19741,0.002352,0.000681958,False,True
adapt_vqe,ideal_sim,paper,external_late,4,1204,full_contract,True,True,True,True,0.0,0.0,0.0,0,0,0,0,8711,0.002518542,0.000614416,True,True,True,True,0.0,0.0,0.0,0,0,0,0,8710,0.002299208,0.00060125,False,True
h2_vqe,ideal_sim,paper,external_late,4,1204,full_contract,True,True,True,True,0.0,0.0,0.0,3,0,2976,0,9108,0.002184958,0.00049975,True,True,True,True,0.0,0.0,0.0,3,0,2976,0,9107,0.00232725,0.000658917,False,True
lih_vqe,ideal_sim,paper,external_late,4,1204,full_contract,True,True,True,True,0.0,0.0,0.0,4,0,4480,0,11003,0.002254625,0.000642417,True,True,True,True,0.0,0.0,0.0,4,0,4480,0,11002,0.002355625,0.000670959,False,True
qaoa_maxcut,ideal_sim,paper,external_late,4,1204,full_contract,True,True,True,True,0.0,0.0,0.0,1,0,4128,0,19699,0.002456708,0.000529375,True,True,True,True,0.0,0.0,0.0,1,0,4128,0,19698,0.002483917,0.000708458,False,True
adapt_vqe,ideal_sim,paper,external_late,4,1205,full_contract,True,True,True,True,0.0,0.0,0.0,0,0,0,0,8711,0.0021215,0.000639333,True,True,True,True,0.0,0.0,0.0,0,0,0,0,8710,0.002326375,0.000651,False,True
h2_vqe,ideal_sim,paper,external_late,4,1205,full_contract,True,True,True,True,0.0,0.0,0.0,3,0,2976,0,9108,0.002944,0.001800167,True,True,True,True,0.0,0.0,0.0,3,0,2976,0,9107,0.002306667,0.000694083,False,True
lih_vqe,ideal_sim,paper,external_late,4,1205,full_contract,True,True,True,True,0.0,0.0,0.0,4,0,4480,0,11003,0.002111333,0.000637917,True,True,True,True,0.0,0.0,0.0,4,0,4480,0,11002,0.001908583,0.000690959,False,True
qaoa_maxcut,ideal_sim,paper,external_late,4,1205,full_contract,True,True,True,True,0.0,0.0,0.0,1,0,4160,0,19681,0.00237675,0.000613916,True,True,True,True,0.0,0.0,0.0,1,0,4160,0,19680,0.002444875,0.000649083,False,True
adapt_vqe,ideal_sim,paper,external_middle,4,1201,classical_application_checkpoint,True,True,False,True,8.400299433830583e-07,0.0,0.0004894937069530855,0,0,0,0,2456,0.000544,0.000119958,True,True,True,True,0.0,0.0,0.0,0,0,0,0,2502,0.000657041,0.000164458,True,True
h2_vqe,ideal_sim,paper,external_middle,4,1201,classical_application_checkpoint,True,True,False,True,0.0003527997746441969,0.0,0.003351503860330878,0,2,0,1856,3523,0.000637333,0.000147,True,True,True,True,0.0,0.0,0.0,0,2,0,1856,3569,0.000626875,0.000149,True,True
lih_vqe,ideal_sim,paper,external_middle,4,1201,classical_application_checkpoint,True,True,False,True,0.0004270812133064794,0.0,0.0010831952480113993,0,3,0,3264,4637,0.000875875,0.000129583,True,True,True,True,0.0,0.0,0.0,0,3,0,3264,4683,0.001664791,0.000164791,True,True
qaoa_maxcut,ideal_sim,paper,external_middle,4,1201,classical_application_checkpoint,True,True,False,True,0.9523227285394054,0.5201666543022945,3.3214133240201162,0,1,0,4096,13327,0.000893875,0.000152416,True,True,True,True,0.0,0.0,0.0,0,1,0,4096,13373,0.001011375,0.000155792,True,True
adapt_vqe,ideal_sim,paper,external_middle,4,1202,classical_application_checkpoint,True,True,False,True,6.183353264077596e-06,0.0,0.0011514214688700887,0,0,0,0,2455,0.000575375,0.000128792,True,True,True,True,0.0,0.0,0.0,0,0,0,0,2501,0.000672334,0.000179041,True,True
h2_vqe,ideal_sim,paper,external_middle,4,1202,classical_application_checkpoint,True,True,False,True,0.0006483274195865363,0.0022848699339256674,0.0032322413329326618,0,2,0,1856,3522,0.000746,0.000118167,True,True,True,True,0.0,0.0,0.0,0,2,0,1856,3568,0.000613583,0.000154541,True,True
lih_vqe,ideal_sim,paper,external_middle,4,1202,classical_application_checkpoint,True,True,False,True,0.00031683670879889547,0.0,0.0010959167348699725,0,3,0,3264,4532,0.0009215,0.000127708,True,True,True,True,0.0,0.0,0.0,0,3,0,3264,4578,0.001124958,0.000169625,True,True
qaoa_maxcut,ideal_sim,paper,external_middle,4,1202,classical_application_checkpoint,True,True,False,False,0.6036835892854802,0.35864205201150473,1.639644592909753,0,1,0,4096,13735,0.000987875,0.000121416,True,True,True,True,0.0,0.0,0.0,0,1,0,4096,13781,0.001199375,0.000256167,True,True
adapt_vqe,ideal_sim,paper,external_middle,4,1203,classical_application_checkpoint,True,True,False,True,8.382606212720134e-06,0.0,0.0020124406100949102,0,0,0,0,2454,0.000591208,0.000134708,True,True,True,True,0.0,0.0,0.0,0,0,0,0,2500,0.000588208,0.00017875,True,True
h2_vqe,ideal_sim,paper,external_middle,4,1203,classical_application_checkpoint,True,True,False,True,0.0004946464780357651,0.0,0.005413844071721535,0,2,0,1856,3521,0.000773291,0.000120667,True,True,True,True,0.0,0.0,0.0,0,2,0,1856,3567,0.000945375,0.000184584,True,True
lih_vqe,ideal_sim,paper,external_middle,4,1203,classical_application_checkpoint,True,True,False,False,0.0004973114798900724,0.03729065696286276,0.001575608890415269,0,3,0,3648,4635,0.000920833,0.000132667,True,True,True,True,0.0,0.0,0.0,0,3,0,3648,4681,0.001186625,0.000215042,True,True
qaoa_maxcut,ideal_sim,paper,external_middle,4,1203,classical_application_checkpoint,True,True,False,True,0.9004779938564802,0.440429200886186,1.681394191734063,0,1,0,4160,13727,0.000804791,0.000118375,True,True,True,True,0.0,0.0,0.0,0,1,0,4160,13773,0.00092625,0.000167167,True,True
adapt_vqe,ideal_sim,paper,external_middle,4,1204,classical_application_checkpoint,True,True,False,True,0.00010394533246849136,0.0,0.0024020297326488426,0,0,0,0,2455,0.000485458,0.000127542,True,True,True,True,0.0,0.0,0.0,0,0,0,0,2501,0.000565375,0.000146542,True,True
h2_vqe,ideal_sim,paper,external_middle,4,1204,classical_application_checkpoint,True,True,False,True,0.00016814649589580455,0.0,0.003001129018834557,0,2,0,1856,3522,0.0005525,0.000113708,True,True,True,True,0.0,0.0,0.0,0,2,0,1856,3568,0.000877458,0.000155083,True,True
lih_vqe,ideal_sim,paper,external_middle,4,1204,classical_application_checkpoint,True,True,False,True,0.00046649645460306033,0.002150086678630907,0.0008434803521528512,0,3,0,3168,4636,0.000862833,0.000133375,True,True,True,True,0.0,0.0,0.0,0,3,0,3168,4682,0.000968667,0.000167541,True,True
qaoa_maxcut,ideal_sim,paper,external_middle,4,1204,classical_application_checkpoint,True,True,False,True,0.11173940117356729,0.21140391571257522,1.5228653362669904,0,1,0,4128,13685,0.000967875,0.00012475,True,True,True,True,0.0,0.0,0.0,0,1,0,4128,13731,0.000906584,0.000159042,True,True
adapt_vqe,ideal_sim,paper,external_middle,4,1205,classical_application_checkpoint,True,True,False,True,9.362707912341506e-05,0.0,0.0021627963879252295,0,0,0,0,2454,0.000499125,0.000128666,True,True,True,True,0.0,0.0,0.0,0,0,0,0,2500,0.000567792,0.000149292,True,True
h2_vqe,ideal_sim,paper,external_middle,4,1205,classical_application_checkpoint,True,True,False,True,0.0003893447394425209,0.0,0.0052303095255060595,0,2,0,1856,3521,0.000782917,0.000130042,True,True,True,True,0.0,0.0,0.0,0,2,0,1856,3567,0.0010345,0.0001635,True,True
lih_vqe,ideal_sim,paper,external_middle,4,1205,classical_application_checkpoint,True,True,False,True,2.9330310036712604e-05,0.0,0.0010672774663325292,0,3,0,3168,4635,0.000993041,0.000174583,True,True,True,True,0.0,0.0,0.0,0,3,0,3168,4681,0.001041584,0.000199417,True,True
qaoa_maxcut,ideal_sim,paper,external_middle,4,1205,classical_application_checkpoint,True,True,False,True,0.6241239493861457,0.18574882603002432,1.4597576349925996,0,1,0,4160,13666,0.001006709,0.000132625,True,True,True,True,0.0,0.0,0.0,0,1,0,4160,13712,0.000889583,0.00016325,True,True
adapt_vqe,ideal_sim,paper,external_middle,4,1201,full_contract,True,True,True,True,0.0,0.0,0.0,0,0,0,0,8207,0.00214625,0.000601916,True,True,True,True,0.0,0.0,0.0,0,0,0,0,8206,0.002425958,0.000714834,False,True
h2_vqe,ideal_sim,paper,external_middle,4,1201,full_contract,True,True,True,True,0.0,0.0,0.0,2,0,1856,0,9029,0.002412167,0.000578542,True,True,True,True,0.0,0.0,0.0,2,0,1856,0,9028,0.002186458,0.000690916,False,True
lih_vqe,ideal_sim,paper,external_middle,4,1201,full_contract,True,True,True,True,0.0,0.0,0.0,3,0,3264,0,10923,0.002179458,0.000550958,True,True,True,True,0.0,0.0,0.0,3,0,3264,0,10922,0.002011375,0.000654792,False,True
qaoa_maxcut,ideal_sim,paper,external_middle,4,1201,full_contract,True,True,True,True,0.0,0.0,0.0,1,0,4096,0,19340,0.002465292,0.000605875,True,True,True,True,0.0,0.0,0.0,1,0,4096,0,19339,0.002867208,0.000708833,False,True
adapt_vqe,ideal_sim,paper,external_middle,4,1202,full_contract,True,True,True,True,0.0,0.0,0.0,0,0,0,0,8207,0.002305625,0.000501667,True,True,True,True,0.0,0.0,0.0,0,0,0,0,8206,0.002122875,0.00070575,False,True
h2_vqe,ideal_sim,paper,external_middle,4,1202,full_contract,True,True,True,True,0.0,0.0,0.0,2,0,1856,0,9029,0.002330333,0.000600042,True,True,True,True,0.0,0.0,0.0,2,0,1856,0,9028,0.002186167,0.000687791,False,True
lih_vqe,ideal_sim,paper,external_middle,4,1202,full_contract,True,True,True,True,0.0,0.0,0.0,3,0,3264,0,10819,0.002444792,0.000604458,True,True,True,True,0.0,0.0,0.0,3,0,3264,0,10818,0.002180792,0.000693292,False,True
qaoa_maxcut,ideal_sim,paper,external_middle,4,1202,full_contract,True,True,True,True,0.0,0.0,0.0,1,0,4096,0,19749,0.002362083,0.000539417,True,True,True,True,0.0,0.0,0.0,1,0,4096,0,19748,0.002634459,0.00079225,False,True
adapt_vqe,ideal_sim,paper,external_middle,4,1203,full_contract,True,True,True,True,0.0,0.0,0.0,0,0,0,0,8207,0.002449834,0.000592584,True,True,True,True,0.0,0.0,0.0,0,0,0,0,8206,0.001851875,0.000689167,False,True
h2_vqe,ideal_sim,paper,external_middle,4,1203,full_contract,True,True,True,True,0.0,0.0,0.0,2,0,1856,0,9029,0.002239958,0.000512333,True,True,True,True,0.0,0.0,0.0,2,0,1856,0,9028,0.002322208,0.00068725,False,True
lih_vqe,ideal_sim,paper,external_middle,4,1203,full_contract,True,True,True,True,0.0,0.0,0.0,3,0,3648,0,10923,0.002124291,0.00064875,True,True,True,True,0.0,0.0,0.0,3,0,3648,0,10922,0.00234725,0.000653292,False,True
qaoa_maxcut,ideal_sim,paper,external_middle,4,1203,full_contract,True,True,True,True,0.0,0.0,0.0,1,0,4160,0,19742,0.00250875,0.000586292,True,True,True,True,0.0,0.0,0.0,1,0,4160,0,19741,0.002579792,0.000638333,False,True
adapt_vqe,ideal_sim,paper,external_middle,4,1204,full_contract,True,True,True,True,0.0,0.0,0.0,0,0,0,0,8207,0.002372292,0.000559209,True,True,True,True,0.0,0.0,0.0,0,0,0,0,8206,0.002219625,0.00067325,False,True
h2_vqe,ideal_sim,paper,external_middle,4,1204,full_contract,True,True,True,True,0.0,0.0,0.0,2,0,1856,0,9029,0.002264125,0.000514208,True,True,True,True,0.0,0.0,0.0,2,0,1856,0,9028,0.0025895,0.000713792,False,True
lih_vqe,ideal_sim,paper,external_middle,4,1204,full_contract,True,True,True,True,0.0,0.0,0.0,3,0,3168,0,10923,0.002212791,0.000472167,True,True,True,True,0.0,0.0,0.0,3,0,3168,0,10922,0.0023005,0.00061525,False,True
qaoa_maxcut,ideal_sim,paper,external_middle,4,1204,full_contract,True,True,True,True,0.0,0.0,0.0,1,0,4128,0,19699,0.00229675,0.000625209,True,True,True,True,0.0,0.0,0.0,1,0,4128,0,19698,0.002584792,0.000705375,False,True
adapt_vqe,ideal_sim,paper,external_middle,4,1205,full_contract,True,True,True,True,0.0,0.0,0.0,0,0,0,0,8207,0.002134959,0.000567458,True,True,True,True,0.0,0.0,0.0,0,0,0,0,8206,0.002452583,0.000645083,False,True
h2_vqe,ideal_sim,paper,external_middle,4,1205,full_contract,True,True,True,True,0.0,0.0,0.0,2,0,1856,0,9029,0.002186958,0.000585625,True,True,True,True,0.0,0.0,0.0,2,0,1856,0,9028,0.002135292,0.00059,False,True
lih_vqe,ideal_sim,paper,external_middle,4,1205,full_contract,True,True,True,True,0.0,0.0,0.0,3,0,3168,0,10923,0.002714375,0.000578792,True,True,True,True,0.0,0.0,0.0,3,0,3168,0,10922,0.002403291,0.000637416,False,True
qaoa_maxcut,ideal_sim,paper,external_middle,4,1205,full_contract,True,True,True,True,0.0,0.0,0.0,1,0,4160,0,19681,0.002427417,0.000624458,True,True,True,True,0.0,0.0,0.0,1,0,4160,0,19680,0.002693,0.000744875,False,True
adapt_vqe,ideal_sim,paper,optimizer_early,4,1201,classical_application_checkpoint,True,True,False,True,1.3440740218584324e-06,0.0,0.00044509327365323183,0,0,0,0,2438,0.000743958,0.00016325,True,True,True,True,0.0,0.0,0.0,0,0,0,0,2484,0.000665666,0.000148042,True,True
h2_vqe,ideal_sim,paper,optimizer_early,4,1201,classical_application_checkpoint,True,True,False,True,0.0004805136978185409,0.0,0.0030660606687541174,0,0,0,0,3495,0.000585292,0.0001215,True,True,True,True,0.0,0.0,0.0,0,0,0,0,3541,0.000900041,0.000164417,True,True
lih_vqe,ideal_sim,paper,optimizer_early,4,1201,classical_application_checkpoint,True,True,False,True,0.0006102686228404153,0.0,0.0011497188258306945,0,0,0,0,4609,0.000682375,0.000126666,True,True,True,True,0.0,0.0,0.0,0,0,0,0,4655,0.0009705,0.000173792,True,True
qaoa_maxcut,ideal_sim,paper,optimizer_early,4,1201,classical_application_checkpoint,True,True,False,True,0.24376020973896484,0.398520647895396,0.9932735329787336,0,0,0,0,13543,0.001643166,0.000139833,True,True,True,True,0.0,0.0,0.0,0,0,0,0,13589,0.001099125,0.000173292,True,True
adapt_vqe,ideal_sim,paper,optimizer_early,4,1202,classical_application_checkpoint,True,True,False,True,4.991847480262379e-06,0.0,0.0010642730533543699,0,0,0,0,2437,0.00051125,0.000117042,True,True,True,True,0.0,0.0,0.0,0,0,0,0,2483,0.000687208,0.000183584,True,True
h2_vqe,ideal_sim,paper,optimizer_early,4,1202,classical_application_checkpoint,True,True,False,True,0.0007888645263054439,0.0,0.0025956880716111663,0,0,0,0,3494,0.000746875,0.0001215,True,True,True,True,0.0,0.0,0.0,0,0,0,0,3540,0.000703042,0.000164084,True,True
lih_vqe,ideal_sim,paper,optimizer_early,4,1202,classical_application_checkpoint,True,True,False,True,0.000458190262939695,0.0,0.0011901974061674632,0,0,0,0,4608,0.000946166,0.000133958,True,True,True,True,0.0,0.0,0.0,0,0,0,0,4654,0.000928208,0.000189834,True,True
qaoa_maxcut,ideal_sim,paper,optimizer_early,4,1202,classical_application_checkpoint,True,True,False,True,0.0357700956524587,0.29647143369358225,1.8333790828410388,0,0,0,0,13603,0.000964167,0.000124709,True,True,True,True,0.0,0.0,0.0,0,0,0,0,13649,0.001069,0.000162208,True,True
adapt_vqe,ideal_sim,paper,optimizer_early,4,1203,classical_application_checkpoint,True,True,False,True,6.200764591568486e-06,0.0,0.0018988286720950116,0,0,0,0,2436,0.0005405,0.00011775,True,True,True,True,0.0,0.0,0.0,0,0,0,0,2482,0.000671417,0.0002005,True,True
h2_vqe,ideal_sim,paper,optimizer_early,4,1203,classical_application_checkpoint,True,True,False,True,0.0007643723018135873,0.0,0.005100395301324367,0,0,0,0,3493,0.000797292,0.000114125,True,True,True,True,0.0,0.0,0.0,0,0,0,0,3539,0.000680459,0.000151167,True,True
lih_vqe,ideal_sim,paper,optimizer_early,4,1203,classical_application_checkpoint,True,True,False,True,0.0004913794171708119,0.0,0.0015443171844792421,0,0,0,0,4774,0.001075083,0.000137,True,True,True,True,0.0,0.0,0.0,0,0,0,0,4820,0.001006625,0.000165334,True,True
qaoa_maxcut,ideal_sim,paper,optimizer_early,4,1203,classical_application_checkpoint,True,True,False,True,1.7649328405277847,0.36722886177916336,0.5031556178215497,0,0,0,0,13663,0.0016275,0.000121375,True,True,True,True,0.0,0.0,0.0,0,0,0,0,13709,0.000968833,0.000200166,True,True
adapt_vqe,ideal_sim,paper,optimizer_early,4,1204,classical_application_checkpoint,True,True,False,True,8.198652147850538e-05,0.0,0.0024208564190092295,0,0,0,0,2437,0.000504125,0.0001315,True,True,True,True,0.0,0.0,0.0,0,0,0,0,2483,0.000654291,0.000163042,True,True
h2_vqe,ideal_sim,paper,optimizer_early,4,1204,classical_application_checkpoint,True,True,False,True,0.000236482520438841,0.0,0.0028850689319338766,0,0,0,0,3494,0.000861916,0.000144959,True,True,True,True,0.0,0.0,0.0,0,0,0,0,3540,0.001039375,0.000170709,True,True
lih_vqe,ideal_sim,paper,optimizer_early,4,1204,classical_application_checkpoint,True,True,False,True,0.0005809728980601392,0.0,0.0010165052127967466,0,0,0,0,4504,0.000916,0.000133792,True,True,True,True,0.0,0.0,0.0,0,0,0,0,4550,0.001005208,0.00016775,True,True
qaoa_maxcut,ideal_sim,paper,optimizer_early,4,1204,classical_application_checkpoint,True,True,False,True,1.9582078147580835,0.37560573162881017,1.5207331701195919,0,0,0,0,13542,0.000836291,0.00013825,True,True,True,True,0.0,0.0,0.0,0,0,0,0,13588,0.001057125,0.000167916,True,True
adapt_vqe,ideal_sim,paper,optimizer_early,4,1205,classical_application_checkpoint,True,True,False,True,7.432562009412891e-05,0.0,0.0021410118748893775,0,0,0,0,2436,0.000552333,0.000120625,True,True,True,True,0.0,0.0,0.0,0,0,0,0,2482,0.000584167,0.000163625,True,True
h2_vqe,ideal_sim,paper,optimizer_early,4,1205,classical_application_checkpoint,True,True,False,True,0.0006161405850502177,0.005370933913161373,0.005069622146251903,0,0,0,0,3493,0.000770458,0.000129541,True,True,True,True,0.0,0.0,0.0,0,0,0,0,3539,0.001045416,0.000163792,True,True
lih_vqe,ideal_sim,paper,optimizer_early,4,1205,classical_application_checkpoint,True,True,False,True,0.0001526372965336975,0.0,0.0010120349308286396,0,0,0,0,4503,0.0008215,0.000173792,True,True,True,True,0.0,0.0,0.0,0,0,0,0,4549,0.000928667,0.000168291,True,True
qaoa_maxcut,ideal_sim,paper,optimizer_early,4,1205,classical_application_checkpoint,True,True,False,True,2.0217917135597725,0.44696444664306323,1.824760474311647,0,0,0,0,13706,0.000926167,0.0001315,True,True,True,True,0.0,0.0,0.0,0,0,0,0,13752,0.000927584,0.000172708,True,True
adapt_vqe,ideal_sim,paper,optimizer_early,4,1201,full_contract,True,True,True,True,0.0,0.0,0.0,0,0,0,0,8120,0.002555875,0.000796041,True,True,True,True,0.0,0.0,0.0,0,0,0,0,8119,0.002307042,0.000653458,False,True
h2_vqe,ideal_sim,paper,optimizer_early,4,1201,full_contract,True,True,True,True,0.0,0.0,0.0,0,0,0,0,8632,0.002159083,0.000432667,True,True,True,True,0.0,0.0,0.0,0,0,0,0,8631,0.002080958,0.000708958,False,True
lih_vqe,ideal_sim,paper,optimizer_early,4,1201,full_contract,True,True,True,True,0.0,0.0,0.0,0,0,0,0,10444,0.002044292,0.000484375,True,True,True,True,0.0,0.0,0.0,0,0,0,0,10443,0.002408375,0.000674833,False,True
qaoa_maxcut,ideal_sim,paper,optimizer_early,4,1201,full_contract,True,True,True,True,0.0,0.0,0.0,0,0,0,0,19263,0.002799167,0.000692917,True,True,True,True,0.0,0.0,0.0,0,0,0,0,19262,0.0022955,0.000632292,False,True
adapt_vqe,ideal_sim,paper,optimizer_early,4,1202,full_contract,True,True,True,True,0.0,0.0,0.0,0,0,0,0,8120,0.002346792,0.000512667,True,True,True,True,0.0,0.0,0.0,0,0,0,0,8119,0.001858292,0.000622833,False,True
h2_vqe,ideal_sim,paper,optimizer_early,4,1202,full_contract,True,True,True,True,0.0,0.0,0.0,0,0,0,0,8632,0.0022945,0.000556,True,True,True,True,0.0,0.0,0.0,0,0,0,0,8631,0.002077917,0.0006815,False,True
lih_vqe,ideal_sim,paper,optimizer_early,4,1202,full_contract,True,True,True,True,0.0,0.0,0.0,0,0,0,0,10444,0.002151333,0.00061575,True,True,True,True,0.0,0.0,0.0,0,0,0,0,10443,0.002433167,0.000710583,False,True
qaoa_maxcut,ideal_sim,paper,optimizer_early,4,1202,full_contract,True,True,True,True,0.0,0.0,0.0,0,0,0,0,19324,0.002449958,0.000533542,True,True,True,True,0.0,0.0,0.0,0,0,0,0,19323,0.002399708,0.000728125,False,True
adapt_vqe,ideal_sim,paper,optimizer_early,4,1203,full_contract,True,True,True,True,0.0,0.0,0.0,0,0,0,0,8120,0.002292917,0.000556542,True,True,True,True,0.0,0.0,0.0,0,0,0,0,8119,0.002105459,0.00067975,False,True
h2_vqe,ideal_sim,paper,optimizer_early,4,1203,full_contract,True,True,True,True,0.0,0.0,0.0,0,0,0,0,8632,0.001868292,0.000532958,True,True,True,True,0.0,0.0,0.0,0,0,0,0,8631,0.002189292,0.000687042,False,True
lih_vqe,ideal_sim,paper,optimizer_early,4,1203,full_contract,True,True,True,True,0.0,0.0,0.0,0,0,0,0,10611,0.002562167,0.000567709,True,True,True,True,0.0,0.0,0.0,0,0,0,0,10610,0.002290166,0.000634209,False,True
qaoa_maxcut,ideal_sim,paper,optimizer_early,4,1203,full_contract,True,True,True,True,0.0,0.0,0.0,0,0,0,0,19385,0.002454584,0.000468375,True,True,True,True,0.0,0.0,0.0,0,0,0,0,19384,0.002572875,0.000667791,False,True
adapt_vqe,ideal_sim,paper,optimizer_early,4,1204,full_contract,True,True,True,True,0.0,0.0,0.0,0,0,0,0,8120,0.002120375,0.000706958,True,True,True,True,0.0,0.0,0.0,0,0,0,0,8119,0.002491417,0.000677292,False,True
h2_vqe,ideal_sim,paper,optimizer_early,4,1204,full_contract,True,True,True,True,0.0,0.0,0.0,0,0,0,0,8632,0.002066333,0.000498833,True,True,True,True,0.0,0.0,0.0,0,0,0,0,8631,0.002315625,0.000617042,False,True
lih_vqe,ideal_sim,paper,optimizer_early,4,1204,full_contract,True,True,True,True,0.0,0.0,0.0,0,0,0,0,10340,0.002303958,0.000548167,True,True,True,True,0.0,0.0,0.0,0,0,0,0,10339,0.002162417,0.000678334,False,True
qaoa_maxcut,ideal_sim,paper,optimizer_early,4,1204,full_contract,True,True,True,True,0.0,0.0,0.0,0,0,0,0,19263,0.002464542,0.000515292,True,True,True,True,0.0,0.0,0.0,0,0,0,0,19262,0.002453375,0.000726792,False,True
adapt_vqe,ideal_sim,paper,optimizer_early,4,1205,full_contract,True,True,True,True,0.0,0.0,0.0,0,0,0,0,8120,0.0021195,0.000579834,True,True,True,True,0.0,0.0,0.0,0,0,0,0,8119,0.002462333,0.000675542,False,True
h2_vqe,ideal_sim,paper,optimizer_early,4,1205,full_contract,True,True,True,True,0.0,0.0,0.0,0,0,0,0,8632,0.001869292,0.000580375,True,True,True,True,0.0,0.0,0.0,0,0,0,0,8631,0.002309166,0.000631333,False,True
lih_vqe,ideal_sim,paper,optimizer_early,4,1205,full_contract,True,True,True,True,0.0,0.0,0.0,0,0,0,0,10340,0.002419625,0.000756875,True,True,True,True,0.0,0.0,0.0,0,0,0,0,10339,0.002220375,0.000626125,False,True
qaoa_maxcut,ideal_sim,paper,optimizer_early,4,1205,full_contract,True,True,True,True,0.0,0.0,0.0,0,0,0,0,19428,0.002246833,0.000557417,True,True,True,True,0.0,0.0,0.0,0,0,0,0,19427,0.002657583,0.000744875,False,True
adapt_vqe,noisy_sim,paper,external_late,4,1201,classical_application_checkpoint,True,True,False,True,0.0001088219625771103,0.002150703671759742,0.00238882617520531,0,0,0,0,2683,0.000788209,0.000127209,True,True,True,True,0.0,0.0,0.0,0,0,0,0,2729,0.000891167,0.000159167,True,True
h2_vqe,noisy_sim,paper,external_late,4,1201,classical_application_checkpoint,True,True,False,True,0.00032002936040775865,0.001730761237057202,0.003036383579836829,0,3,0,2976,3523,0.000789375,0.000123041,True,True,True,True,0.0,0.0,0.0,0,3,0,2976,3569,0.000919417,0.00017075,True,True
lih_vqe,noisy_sim,paper,external_late,4,1201,classical_application_checkpoint,True,True,False,True,0.0003837139410522994,0.001123932030581952,0.0009775838790520245,0,4,0,4608,4637,0.000859917,0.000136667,True,True,True,True,0.0,0.0,0.0,0,4,0,4608,4683,0.001043792,0.000171084,True,True
qaoa_maxcut,noisy_sim,paper,external_late,4,1201,classical_application_checkpoint,True,True,False,True,0.16998073784893108,0.16583422127485295,1.479411733273115,0,1,0,4128,13790,0.001066291,0.000133625,True,True,True,True,0.0,0.0,0.0,0,1,0,4128,13836,0.001186625,0.000174542,True,True
adapt_vqe,noisy_sim,paper,external_late,4,1202,classical_application_checkpoint,True,True,False,True,1.2862471511887463e-05,0.0,0.0010393721648199157,0,0,0,0,2682,0.000742333,0.000126666,True,True,True,True,0.0,0.0,0.0,0,0,0,0,2728,0.000907583,0.000169041,True,True
h2_vqe,noisy_sim,paper,external_late,4,1202,classical_application_checkpoint,True,True,False,True,0.0005839248998360524,0.0024828404504855504,0.0029250368196937354,0,3,0,2976,3522,0.000829375,0.000128584,True,True,True,True,0.0,0.0,0.0,0,3,0,2976,3568,0.001045875,0.000167416,True,True
lih_vqe,noisy_sim,paper,external_late,4,1202,classical_application_checkpoint,True,True,False,True,0.0002836593911421659,0.0,0.0010159329448606736,0,4,0,5120,4803,0.001553792,0.000126208,True,True,True,True,0.0,0.0,0.0,0,4,0,5120,4849,0.00108475,0.000175917,True,True
qaoa_maxcut,noisy_sim,paper,external_late,4,1202,classical_application_checkpoint,True,True,False,True,1.64351098506551,0.3702983303064609,0.5805249106303025,0,1,0,4128,13674,0.001197917,0.000146584,True,True,True,True,0.0,0.0,0.0,0,1,0,4128,13720,0.001320917,0.000199958,True,True
adapt_vqe,noisy_sim,paper,external_late,4,1203,classical_application_checkpoint,True,True,False,True,8.471420160915955e-07,0.0,0.0005059287912299866,0,0,0,0,2681,0.000790042,0.000128209,True,True,True,True,0.0,0.0,0.0,0,0,0,0,2727,0.000926083,0.000156125,True,True
h2_vqe,noisy_sim,paper,external_late,4,1203,classical_application_checkpoint,True,True,False,True,0.0004574628570739314,0.0,0.004958528951686667,0,3,0,2976,3521,0.000790292,0.000121291,True,True,True,True,0.0,0.0,0.0,0,3,0,2976,3567,0.000981292,0.0001615,True,True
lih_vqe,noisy_sim,paper,external_late,4,1203,classical_application_checkpoint,True,True,False,True,0.00041977875877829973,0.0,0.0014212033258629686,0,4,0,5120,4635,0.001597042,0.000136959,True,True,True,True,0.0,0.0,0.0,0,4,0,5120,4681,0.001023458,0.000174,True,True
qaoa_maxcut,noisy_sim,paper,external_late,4,1203,classical_application_checkpoint,True,True,False,True,0.0052792873033515875,0.16443943033189748,16.69519249305365,0,1,0,4160,13788,0.001164791,0.000141458,True,True,True,True,0.0,0.0,0.0,0,1,0,4160,13834,0.001087792,0.000188625,True,True
adapt_vqe,noisy_sim,paper,external_late,4,1204,classical_application_checkpoint,True,True,False,True,0.00015548163509837565,0.0033438446545865953,0.0023190352491994966,0,0,0,0,2682,0.000860333,0.0001315,True,True,True,True,0.0,0.0,0.0,0,0,0,0,2728,0.000910667,0.000191542,True,True
h2_vqe,noisy_sim,paper,external_late,4,1204,classical_application_checkpoint,True,True,False,True,0.00015360557819965592,0.0,0.0027256009318938827,0,3,0,2976,3522,0.0008155,0.00012775,True,True,True,True,0.0,0.0,0.0,0,3,0,2976,3568,0.000850792,0.000151375,True,True
lih_vqe,noisy_sim,paper,external_late,4,1204,classical_application_checkpoint,True,True,False,True,0.00039628335084263,0.0,0.0007725925217486067,0,4,0,4480,4803,0.001559,0.000144583,True,True,True,True,0.0,0.0,0.0,0,4,0,4480,4849,0.000971459,0.000162583,True,True
qaoa_maxcut,noisy_sim,paper,external_late,4,1204,classical_application_checkpoint,True,True,False,True,0.0518510018166074,0.11267572464902009,3.811541017263532,0,1,0,4128,13613,0.001812709,0.000147834,True,True,True,True,0.0,0.0,0.0,0,1,0,4128,13659,0.0011465,0.000165334,True,True
adapt_vqe,noisy_sim,paper,external_late,4,1205,classical_application_checkpoint,True,True,False,True,5.780069519012443e-06,0.0,0.0009485971724695706,0,0,0,0,2681,0.000765834,0.000135542,True,True,True,True,0.0,0.0,0.0,0,0,0,0,2727,0.000895667,0.000149583,True,True
h2_vqe,noisy_sim,paper,external_late,4,1205,classical_application_checkpoint,True,True,False,True,0.0003584220608230382,0.0,0.00479868170646517,0,3,0,2976,3521,0.000763625,0.000125333,True,True,True,True,0.0,0.0,0.0,0,3,0,2976,3567,0.000676209,0.000155958,True,True
lih_vqe,noisy_sim,paper,external_late,4,1205,classical_application_checkpoint,True,True,False,True,4.188664831694666e-05,0.03895268537370395,0.0009645671386876063,0,4,0,4480,4906,0.001023792,0.000148042,True,True,True,True,0.0,0.0,0.0,0,4,0,4480,4952,0.001005,0.000157541,True,True
qaoa_maxcut,noisy_sim,paper,external_late,4,1205,classical_application_checkpoint,True,True,False,True,0.22650711126816114,0.20824206961232378,1.1415672152948,0,1,0,4128,13867,0.0011685,0.000143375,True,True,True,True,0.0,0.0,0.0,0,1,0,4128,13913,0.001133666,0.000165625,True,True
adapt_vqe,noisy_sim,paper,external_late,4,1201,full_contract,True,True,True,True,0.0,0.0,0.0,0,0,0,0,8711,0.002374333,0.000587583,True,True,True,True,0.0,0.0,0.0,0,0,0,0,8710,0.002033958,0.000654416,False,True
h2_vqe,noisy_sim,paper,external_late,4,1201,full_contract,True,True,True,True,0.0,0.0,0.0,3,0,2976,0,9108,0.002427834,0.000602209,True,True,True,True,0.0,0.0,0.0,3,0,2976,0,9107,0.002470208,0.000657083,False,True
lih_vqe,noisy_sim,paper,external_late,4,1201,full_contract,True,True,True,True,0.0,0.0,0.0,4,0,4608,0,11003,0.005815625,0.000733083,True,True,True,True,0.0,0.0,0.0,4,0,4608,0,11002,0.002258792,0.000601667,False,True
qaoa_maxcut,noisy_sim,paper,external_late,4,1201,full_contract,True,True,True,True,0.0,0.0,0.0,1,0,4128,0,19803,0.002725292,0.000730625,True,True,True,True,0.0,0.0,0.0,1,0,4128,0,19802,0.002805333,0.000737167,False,True
adapt_vqe,noisy_sim,paper,external_late,4,1202,full_contract,True,True,True,True,0.0,0.0,0.0,0,0,0,0,8711,0.002475667,0.000650667,True,True,True,True,0.0,0.0,0.0,0,0,0,0,8710,0.002466083,0.000672792,False,True
h2_vqe,noisy_sim,paper,external_late,4,1202,full_contract,True,True,True,True,0.0,0.0,0.0,3,0,2976,0,9108,0.002461083,0.00059975,True,True,True,True,0.0,0.0,0.0,3,0,2976,0,9107,0.002299083,0.000629917,False,True
lih_vqe,noisy_sim,paper,external_late,4,1202,full_contract,True,True,True,True,0.0,0.0,0.0,4,0,5120,0,11170,0.002495875,0.0006195,True,True,True,True,0.0,0.0,0.0,4,0,5120,0,11169,0.002458667,0.00059175,False,True
qaoa_maxcut,noisy_sim,paper,external_late,4,1202,full_contract,True,True,True,True,0.0,0.0,0.0,1,0,4128,0,19688,0.002755334,0.000617167,True,True,True,True,0.0,0.0,0.0,1,0,4128,0,19687,0.002271916,0.000668917,False,True
adapt_vqe,noisy_sim,paper,external_late,4,1203,full_contract,True,True,True,True,0.0,0.0,0.0,0,0,0,0,8711,0.002444666,0.000630125,True,True,True,True,0.0,0.0,0.0,0,0,0,0,8710,0.002113875,0.000621541,False,True
h2_vqe,noisy_sim,paper,external_late,4,1203,full_contract,True,True,True,True,0.0,0.0,0.0,3,0,2976,0,9108,0.002347208,0.000604792,True,True,True,True,0.0,0.0,0.0,3,0,2976,0,9107,0.00236475,0.000676709,False,True
lih_vqe,noisy_sim,paper,external_late,4,1203,full_contract,True,True,True,True,0.0,0.0,0.0,4,0,5120,0,11003,0.002714167,0.000695084,True,True,True,True,0.0,0.0,0.0,4,0,5120,0,11002,0.002393334,0.000641042,False,True
qaoa_maxcut,noisy_sim,paper,external_late,4,1203,full_contract,True,True,True,True,0.0,0.0,0.0,1,0,4160,0,19803,0.002893292,0.000711958,True,True,True,True,0.0,0.0,0.0,1,0,4160,0,19802,0.002640167,0.000700333,False,True
adapt_vqe,noisy_sim,paper,external_late,4,1204,full_contract,True,True,True,True,0.0,0.0,0.0,0,0,0,0,8711,0.002484,0.0006395,True,True,True,True,0.0,0.0,0.0,0,0,0,0,8710,0.002265,0.000683125,False,True
h2_vqe,noisy_sim,paper,external_late,4,1204,full_contract,True,True,True,True,0.0,0.0,0.0,3,0,2976,0,9108,0.002172042,0.00052025,True,True,True,True,0.0,0.0,0.0,3,0,2976,0,9107,0.002463584,0.000671417,False,True
lih_vqe,noisy_sim,paper,external_late,4,1204,full_contract,True,True,True,True,0.0,0.0,0.0,4,0,4480,0,11170,0.002485125,0.000686083,True,True,True,True,0.0,0.0,0.0,4,0,4480,0,11169,0.002561,0.000765208,False,True
qaoa_maxcut,noisy_sim,paper,external_late,4,1204,full_contract,True,True,True,True,0.0,0.0,0.0,1,0,4128,0,19627,0.002687209,0.000557417,True,True,True,True,0.0,0.0,0.0,1,0,4128,0,19626,0.002485709,0.0006475,False,True
adapt_vqe,noisy_sim,paper,external_late,4,1205,full_contract,True,True,True,True,0.0,0.0,0.0,0,0,0,0,8711,0.002522042,0.000661083,True,True,True,True,0.0,0.0,0.0,0,0,0,0,8710,0.002370833,0.000779375,False,True
h2_vqe,noisy_sim,paper,external_late,4,1205,full_contract,True,True,True,True,0.0,0.0,0.0,3,0,2976,0,9108,0.002117667,0.000516,True,True,True,True,0.0,0.0,0.0,3,0,2976,0,9107,0.002276916,0.000662333,False,True
lih_vqe,noisy_sim,paper,external_late,4,1205,full_contract,True,True,True,True,0.0,0.0,0.0,4,0,4480,0,11274,0.002448833,0.000740166,True,True,True,True,0.0,0.0,0.0,4,0,4480,0,11273,0.002678417,0.00074575,False,True
qaoa_maxcut,noisy_sim,paper,external_late,4,1205,full_contract,True,True,True,True,0.0,0.0,0.0,1,0,4128,0,19882,0.002686375,0.000699625,True,True,True,True,0.0,0.0,0.0,1,0,4128,0,19881,0.002552125,0.000638167,False,True
adapt_vqe,noisy_sim,paper,external_middle,4,1201,classical_application_checkpoint,True,True,False,True,8.411523406692822e-07,0.0,0.00048532748632723637,0,0,0,0,2456,0.000920458,0.000141083,True,True,True,True,0.0,0.0,0.0,0,0,0,0,2502,0.000800458,0.000155459,True,True
h2_vqe,noisy_sim,paper,external_middle,4,1201,classical_application_checkpoint,True,True,False,True,0.00032002936040775865,0.001730761237057202,0.003036383579836829,0,2,0,1856,3523,0.000914875,0.000133125,True,True,True,True,0.0,0.0,0.0,0,2,0,1856,3569,0.000750959,0.0001735,True,True
lih_vqe,noisy_sim,paper,external_middle,4,1201,classical_application_checkpoint,True,True,False,True,0.0003837139410522994,0.001123932030581952,0.0009775838790520245,0,3,0,3264,4637,0.001172666,0.000167959,True,True,True,True,0.0,0.0,0.0,0,3,0,3264,4683,0.001589958,0.000164083,True,True
qaoa_maxcut,noisy_sim,paper,external_middle,4,1201,classical_application_checkpoint,True,True,False,True,0.16998073784893108,0.16583422127485295,1.479411733273115,0,1,0,4128,13790,0.001441917,0.000171625,True,True,True,True,0.0,0.0,0.0,0,1,0,4128,13836,0.001288667,0.000206125,True,True
adapt_vqe,noisy_sim,paper,external_middle,4,1202,classical_application_checkpoint,True,True,False,True,6.114548679825305e-06,0.0,0.001144230548518855,0,0,0,0,2455,0.000669041,0.000161083,True,True,True,True,0.0,0.0,0.0,0,0,0,0,2501,0.000785958,0.000145083,True,True
h2_vqe,noisy_sim,paper,external_middle,4,1202,classical_application_checkpoint,True,True,False,True,0.0005839248998360524,0.0024828404504855504,0.0029250368196937354,0,2,0,1856,3522,0.000776209,0.000167459,True,True,True,True,0.0,0.0,0.0,0,2,0,1856,3568,0.000985625,0.000189625,True,True
lih_vqe,noisy_sim,paper,external_middle,4,1202,classical_application_checkpoint,True,True,False,True,0.0002836593911421659,0.0,0.0010159329448606736,0,3,0,3648,4803,0.000850292,0.000263916,True,True,True,True,0.0,0.0,0.0,0,3,0,3648,4849,0.001565583,0.000159667,True,True
qaoa_maxcut,noisy_sim,paper,external_middle,4,1202,classical_application_checkpoint,True,True,False,True,1.64351098506551,0.3702983303064609,0.5805249106303025,0,1,0,4128,13674,0.001398792,0.000185584,True,True,True,True,0.0,0.0,0.0,0,1,0,4128,13720,0.001140083,0.000163875,True,True
adapt_vqe,noisy_sim,paper,external_middle,4,1203,classical_application_checkpoint,True,True,False,True,8.235865967876066e-06,0.0,0.0019951119480156477,0,0,0,0,2454,0.000845084,0.000167708,True,True,True,True,0.0,0.0,0.0,0,0,0,0,2500,0.000835167,0.000149584,True,True
h2_vqe,noisy_sim,paper,external_middle,4,1203,classical_application_checkpoint,True,True,False,True,0.0004574628570739314,0.0,0.004958528951686667,0,2,0,1856,3521,0.00072425,0.000153291,True,True,True,True,0.0,0.0,0.0,0,2,0,1856,3567,0.000907084,0.000172833,True,True
lih_vqe,noisy_sim,paper,external_middle,4,1203,classical_application_checkpoint,True,True,False,True,0.00041977875877829973,0.0,0.0014212033258629686,0,3,0,3648,4635,0.000997333,0.000193458,True,True,True,True,0.0,0.0,0.0,0,3,0,3648,4681,0.001068167,0.00016225,True,True
qaoa_maxcut,noisy_sim,paper,external_middle,4,1203,classical_application_checkpoint,True,True,False,True,0.0052792873033515875,0.16443943033189748,16.69519249305365,0,1,0,4160,13788,0.001114334,0.000217292,True,True,True,True,0.0,0.0,0.0,0,1,0,4160,13834,0.001259417,0.000172042,True,True
adapt_vqe,noisy_sim,paper,external_middle,4,1204,classical_application_checkpoint,True,True,False,True,0.00010228811884260836,0.0,0.0023829953089935705,0,0,0,0,2455,0.000547667,0.000128333,True,True,True,True,0.0,0.0,0.0,0,0,0,0,2501,0.000825125,0.000156958,True,True
h2_vqe,noisy_sim,paper,external_middle,4,1204,classical_application_checkpoint,True,True,False,True,0.00015360557819965592,0.0,0.0027256009318938827,0,2,0,1856,3522,0.000966625,0.000146292,True,True,True,True,0.0,0.0,0.0,0,2,0,1856,3568,0.000909334,0.000171667,True,True
lih_vqe,noisy_sim,paper,external_middle,4,1204,classical_application_checkpoint,True,True,False,True,0.00039628335084263,0.0,0.0007725925217486067,0,3,0,3168,4803,0.000914459,0.000157834,True,True,True,True,0.0,0.0,0.0,0,3,0,3168,4849,0.001067416,0.000168541,True,True
qaoa_maxcut,noisy_sim,paper,external_middle,4,1204,classical_application_checkpoint,True,True,False,True,0.0518510018166074,0.11267572464902009,3.811541017263532,0,1,0,4128,13613,0.001196042,0.000156208,True,True,True,True,0.0,0.0,0.0,0,1,0,4128,13659,0.001242375,0.000171416,True,True
adapt_vqe,noisy_sim,paper,external_middle,4,1205,classical_application_checkpoint,True,True,False,True,9.218061024895974e-05,0.0,0.002145114951187917,0,0,0,0,2454,0.00053425,0.000124791,True,True,True,True,0.0,0.0,0.0,0,0,0,0,2500,0.000792167,0.000183292,True,True
h2_vqe,noisy_sim,paper,external_middle,4,1205,classical_application_checkpoint,True,True,False,True,0.0003584220608230382,0.0,0.00479868170646517,0,2,0,1856,3521,0.000799042,0.000130958,True,True,True,True,0.0,0.0,0.0,0,2,0,1856,3567,0.001191584,0.000229833,True,True
lih_vqe,noisy_sim,paper,external_middle,4,1205,classical_application_checkpoint,True,True,False,True,4.188664831694666e-05,0.03895268537370395,0.0009645671386876063,0,3,0,3168,4906,0.000906,0.000127875,True,True,True,True,0.0,0.0,0.0,0,3,0,3168,4952,0.000733625,0.000158,True,True
qaoa_maxcut,noisy_sim,paper,external_middle,4,1205,classical_application_checkpoint,True,True,False,True,0.22650711126816114,0.20824206961232378,1.1415672152948,0,1,0,4128,13867,0.001068792,0.000136334,True,True,True,True,0.0,0.0,0.0,0,1,0,4128,13913,0.001161417,0.0001645,True,True
adapt_vqe,noisy_sim,paper,external_middle,4,1201,full_contract,True,True,True,True,0.0,0.0,0.0,0,0,0,0,8207,0.002556083,0.000593917,True,True,True,True,0.0,0.0,0.0,0,0,0,0,8206,0.002117833,0.000635208,False,True
h2_vqe,noisy_sim,paper,external_middle,4,1201,full_contract,True,True,True,True,0.0,0.0,0.0,2,0,1856,0,9029,0.004643708,0.000721,True,True,True,True,0.0,0.0,0.0,2,0,1856,0,9028,0.00226625,0.000669667,False,True
lih_vqe,noisy_sim,paper,external_middle,4,1201,full_contract,True,True,True,True,0.0,0.0,0.0,3,0,3264,0,10923,0.002359667,0.000532125,True,True,True,True,0.0,0.0,0.0,3,0,3264,0,10922,0.002374667,0.000739625,False,True
qaoa_maxcut,noisy_sim,paper,external_middle,4,1201,full_contract,True,True,True,True,0.0,0.0,0.0,1,0,4128,0,19803,0.002866291,0.000703042,True,True,True,True,0.0,0.0,0.0,1,0,4128,0,19802,0.002649667,0.000642,False,True
adapt_vqe,noisy_sim,paper,external_middle,4,1202,full_contract,True,True,True,True,0.0,0.0,0.0,0,0,0,0,8207,0.004477083,0.000968583,True,True,True,True,0.0,0.0,0.0,0,0,0,0,8206,0.002347333,0.000631833,False,True
h2_vqe,noisy_sim,paper,external_middle,4,1202,full_contract,True,True,True,True,0.0,0.0,0.0,2,0,1856,0,9029,0.002319916,0.000592125,True,True,True,True,0.0,0.0,0.0,2,0,1856,0,9028,0.002035541,0.000581375,False,True
lih_vqe,noisy_sim,paper,external_middle,4,1202,full_contract,True,True,True,True,0.0,0.0,0.0,3,0,3648,0,11090,0.002707333,0.000630667,True,True,True,True,0.0,0.0,0.0,3,0,3648,0,11089,0.002612083,0.000671958,False,True
qaoa_maxcut,noisy_sim,paper,external_middle,4,1202,full_contract,True,True,True,True,0.0,0.0,0.0,1,0,4128,0,19688,0.002863125,0.000702583,True,True,True,True,0.0,0.0,0.0,1,0,4128,0,19687,0.002651833,0.000650667,False,True
adapt_vqe,noisy_sim,paper,external_middle,4,1203,full_contract,True,True,True,True,0.0,0.0,0.0,0,0,0,0,8207,0.002312833,0.000575125,True,True,True,True,0.0,0.0,0.0,0,0,0,0,8206,0.002317541,0.000730959,False,True
h2_vqe,noisy_sim,paper,external_middle,4,1203,full_contract,True,True,True,True,0.0,0.0,0.0,2,0,1856,0,9029,0.002306041,0.00060425,True,True,True,True,0.0,0.0,0.0,2,0,1856,0,9028,0.002297208,0.000673292,False,True
lih_vqe,noisy_sim,paper,external_middle,4,1203,full_contract,True,True,True,True,0.0,0.0,0.0,3,0,3648,0,10923,0.002810208,0.000754917,True,True,True,True,0.0,0.0,0.0,3,0,3648,0,10922,0.002588583,0.000819375,False,True
qaoa_maxcut,noisy_sim,paper,external_middle,4,1203,full_contract,True,True,True,True,0.0,0.0,0.0,1,0,4160,0,19803,0.002973667,0.000917125,True,True,True,True,0.0,0.0,0.0,1,0,4160,0,19802,0.002529083,0.000713083,False,True
adapt_vqe,noisy_sim,paper,external_middle,4,1204,full_contract,True,True,True,True,0.0,0.0,0.0,0,0,0,0,8207,0.002439791,0.000595333,True,True,True,True,0.0,0.0,0.0,0,0,0,0,8206,0.002200625,0.000646875,False,True
h2_vqe,noisy_sim,paper,external_middle,4,1204,full_contract,True,True,True,True,0.0,0.0,0.0,2,0,1856,0,9029,0.003964833,0.000785208,True,True,True,True,0.0,0.0,0.0,2,0,1856,0,9028,0.002385042,0.00063575,False,True
lih_vqe,noisy_sim,paper,external_middle,4,1204,full_contract,True,True,True,True,0.0,0.0,0.0,3,0,3168,0,11090,0.002337584,0.000674541,True,True,True,True,0.0,0.0,0.0,3,0,3168,0,11089,0.002429,0.000614709,False,True
qaoa_maxcut,noisy_sim,paper,external_middle,4,1204,full_contract,True,True,True,True,0.0,0.0,0.0,1,0,4128,0,19627,0.002652834,0.000741167,True,True,True,True,0.0,0.0,0.0,1,0,4128,0,19626,0.002715417,0.000612291,False,True
adapt_vqe,noisy_sim,paper,external_middle,4,1205,full_contract,True,True,True,True,0.0,0.0,0.0,0,0,0,0,8207,0.002322042,0.000567208,True,True,True,True,0.0,0.0,0.0,0,0,0,0,8206,0.00250625,0.000702667,False,True
h2_vqe,noisy_sim,paper,external_middle,4,1205,full_contract,True,True,True,True,0.0,0.0,0.0,2,0,1856,0,9029,0.002511458,0.000596792,True,True,True,True,0.0,0.0,0.0,2,0,1856,0,9028,0.002191125,0.000590833,False,True
lih_vqe,noisy_sim,paper,external_middle,4,1205,full_contract,True,True,True,True,0.0,0.0,0.0,3,0,3168,0,11194,0.002323625,0.000647959,True,True,True,True,0.0,0.0,0.0,3,0,3168,0,11193,0.002627792,0.000719209,False,True
qaoa_maxcut,noisy_sim,paper,external_middle,4,1205,full_contract,True,True,True,True,0.0,0.0,0.0,1,0,4128,0,19882,0.002848041,0.000728084,True,True,True,True,0.0,0.0,0.0,1,0,4128,0,19881,0.00284725,0.000803959,False,True
adapt_vqe,noisy_sim,paper,optimizer_early,4,1201,classical_application_checkpoint,True,True,False,True,1.3372875704575904e-06,0.0,0.00044149556726343607,0,0,0,0,2438,0.000519125,0.000126083,True,True,True,True,0.0,0.0,0.0,0,0,0,0,2484,0.000823584,0.000152084,True,True
h2_vqe,noisy_sim,paper,optimizer_early,4,1201,classical_application_checkpoint,True,True,False,True,0.0004285199601823386,0.0200905711857615,0.00278193496878485,0,0,0,0,3495,0.00076325,0.000156417,True,True,True,True,0.0,0.0,0.0,0,0,0,0,3541,0.00090625,0.000158583,True,True
lih_vqe,noisy_sim,paper,optimizer_early,4,1201,classical_application_checkpoint,True,True,False,True,0.0005082824887763238,0.0012860610566628199,0.00104620545804409,0,0,0,0,4609,0.0013975,0.000207833,True,True,True,True,0.0,0.0,0.0,0,0,0,0,4655,0.001014792,0.000178208,True,True
qaoa_maxcut,noisy_sim,paper,optimizer_early,4,1201,classical_application_checkpoint,True,True,False,True,0.5269288878894676,0.2392526644826245,3.86565184245416,0,0,0,0,13708,0.001280459,0.0001635,True,True,True,True,0.0,0.0,0.0,0,0,0,0,13754,0.001259959,0.000174417,True,True
adapt_vqe,noisy_sim,paper,optimizer_early,4,1202,classical_application_checkpoint,True,True,False,True,4.938773119356199e-06,0.0,0.0010579944459317917,0,0,0,0,2437,0.000986125,0.000201125,True,True,True,True,0.0,0.0,0.0,0,0,0,0,2483,0.000877,0.000153333,True,True
h2_vqe,noisy_sim,paper,optimizer_early,4,1202,classical_application_checkpoint,True,True,False,True,0.0007020279251797046,0.0,0.002372427585661446,0,0,0,0,3494,0.001363084,0.000288125,True,True,True,True,0.0,0.0,0.0,0,0,0,0,3540,0.001218291,0.00018575,True,True
lih_vqe,noisy_sim,paper,optimizer_early,4,1202,classical_application_checkpoint,True,True,False,True,0.00038222376448082684,0.0,0.0010909950233055831,0,0,0,0,4879,0.001117958,0.0001525,True,True,True,True,0.0,0.0,0.0,0,0,0,0,4925,0.001007625,0.000152834,True,True
qaoa_maxcut,noisy_sim,paper,optimizer_early,4,1202,classical_application_checkpoint,True,True,False,True,0.210238570798146,0.14949830866338182,0.8678924441924044,0,0,0,0,13786,0.001254917,0.000173875,True,True,True,True,0.0,0.0,0.0,0,0,0,0,13832,0.001275833,0.000283375,True,True
adapt_vqe,noisy_sim,paper,optimizer_early,4,1203,classical_application_checkpoint,True,True,False,True,6.097506525470919e-06,0.0,0.0018826976265809146,0,0,0,0,2436,0.000734167,0.000144125,True,True,True,True,0.0,0.0,0.0,0,0,0,0,2482,0.000864417,0.000157459,True,True
h2_vqe,noisy_sim,paper,optimizer_early,4,1203,classical_application_checkpoint,True,True,False,True,0.00069297756969533,0.0036693714275622593,0.0046770559267898856,0,0,0,0,3493,0.000857625,0.000145084,True,True,True,True,0.0,0.0,0.0,0,0,0,0,3539,0.000888917,0.000151833,True,True
lih_vqe,noisy_sim,paper,optimizer_early,4,1203,classical_application_checkpoint,True,True,False,True,0.00040718278151441467,0.0,0.001389445020212971,0,0,0,0,4878,0.000918958,0.000149666,True,True,True,True,0.0,0.0,0.0,0,0,0,0,4924,0.001024333,0.0001925,True,True
qaoa_maxcut,noisy_sim,paper,optimizer_early,4,1203,classical_application_checkpoint,True,True,False,True,0.8562004216979373,0.23449682817601167,1.302676693744505,0,0,0,0,13785,0.0011495,0.000177208,True,True,True,True,0.0,0.0,0.0,0,0,0,0,13831,0.00134875,0.0002225,True,True
adapt_vqe,noisy_sim,paper,optimizer_early,4,1204,classical_application_checkpoint,True,True,False,True,8.075442542221367e-05,0.0,0.0024014815142798956,0,0,0,0,2437,0.001228125,0.000220542,True,True,True,True,0.0,0.0,0.0,0,0,0,0,2483,0.000862792,0.0001825,True,True
h2_vqe,noisy_sim,paper,optimizer_early,4,1204,classical_application_checkpoint,True,True,False,True,0.00021228458811162199,0.0,0.00261816695321379,0,0,0,0,3494,0.000662542,0.000155292,True,True,True,True,0.0,0.0,0.0,0,0,0,0,3540,0.00099125,0.000190083,True,True
lih_vqe,noisy_sim,paper,optimizer_early,4,1204,classical_application_checkpoint,True,True,False,True,0.000473500162116558,0.002544308729110957,0.0009135908304220309,0,0,0,0,4504,0.001008333,0.00013825,True,True,True,True,0.0,0.0,0.0,0,0,0,0,4550,0.000963334,0.000158791,True,True
qaoa_maxcut,noisy_sim,paper,optimizer_early,4,1204,classical_application_checkpoint,True,True,False,True,2.353475840191215,0.35620665813299146,1.3470735823718458,0,0,0,0,13707,0.002452208,0.002023584,True,True,True,True,0.0,0.0,0.0,0,0,0,0,13753,0.0009525,0.000164084,True,True
adapt_vqe,noisy_sim,paper,optimizer_early,4,1205,classical_application_checkpoint,True,True,False,True,7.324306362033184e-05,0.0,0.002123435784495513,0,0,0,0,2436,0.000568125,0.000141875,True,True,True,True,0.0,0.0,0.0,0,0,0,0,2482,0.00068925,0.000158667,True,True
h2_vqe,noisy_sim,paper,optimizer_early,4,1205,classical_application_checkpoint,True,True,False,True,0.0005562511209693533,0.0,0.004662163093253026,0,0,0,0,3493,0.000798459,0.000153333,True,True,True,True,0.0,0.0,0.0,0,0,0,0,3539,0.000970584,0.000162458,True,True
lih_vqe,noisy_sim,paper,optimizer_early,4,1205,classical_application_checkpoint,True,True,False,True,0.00013408325314934189,0.0,0.0009169005022392876,0,0,0,0,4503,0.000880083,0.000161292,True,True,True,True,0.0,0.0,0.0,0,0,0,0,4549,0.001093208,0.000171209,True,True
qaoa_maxcut,noisy_sim,paper,optimizer_early,4,1205,classical_application_checkpoint,True,True,False,True,0.6239596758933335,0.1257353930941438,1.5924530276869735,0,0,0,0,13724,0.001209667,0.000179709,True,True,True,True,0.0,0.0,0.0,0,0,0,0,13770,0.001178166,0.000164084,True,True
adapt_vqe,noisy_sim,paper,optimizer_early,4,1201,full_contract,True,True,True,True,0.0,0.0,0.0,0,0,0,0,8120,0.002212083,0.000525416,True,True,True,True,0.0,0.0,0.0,0,0,0,0,8119,0.002270834,0.000621417,False,True
h2_vqe,noisy_sim,paper,optimizer_early,4,1201,full_contract,True,True,True,True,0.0,0.0,0.0,0,0,0,0,8632,0.002329833,0.0006895,True,True,True,True,0.0,0.0,0.0,0,0,0,0,8631,0.002518416,0.000771041,False,True
lih_vqe,noisy_sim,paper,optimizer_early,4,1201,full_contract,True,True,True,True,0.0,0.0,0.0,0,0,0,0,10444,0.002382584,0.000697583,True,True,True,True,0.0,0.0,0.0,0,0,0,0,10443,0.002467834,0.000599625,False,True
qaoa_maxcut,noisy_sim,paper,optimizer_early,4,1201,full_contract,True,True,True,True,0.0,0.0,0.0,0,0,0,0,19428,0.002997916,0.000766292,True,True,True,True,0.0,0.0,0.0,0,0,0,0,19427,0.002750125,0.00075625,False,True
adapt_vqe,noisy_sim,paper,optimizer_early,4,1202,full_contract,True,True,True,True,0.0,0.0,0.0,0,0,0,0,8120,0.002412916,0.00062975,True,True,True,True,0.0,0.0,0.0,0,0,0,0,8119,0.002407542,0.000695417,False,True
h2_vqe,noisy_sim,paper,optimizer_early,4,1202,full_contract,True,True,True,True,0.0,0.0,0.0,0,0,0,0,8632,0.002555834,0.000607083,True,True,True,True,0.0,0.0,0.0,0,0,0,0,8631,0.00201675,0.000652791,False,True
lih_vqe,noisy_sim,paper,optimizer_early,4,1202,full_contract,True,True,True,True,0.0,0.0,0.0,0,0,0,0,10715,0.002634209,0.000588041,True,True,True,True,0.0,0.0,0.0,0,0,0,0,10714,0.00255575,0.000803333,False,True
qaoa_maxcut,noisy_sim,paper,optimizer_early,4,1202,full_contract,True,True,True,True,0.0,0.0,0.0,0,0,0,0,19507,0.002584292,0.000611792,True,True,True,True,0.0,0.0,0.0,0,0,0,0,19506,0.002702042,0.000635042,False,True
adapt_vqe,noisy_sim,paper,optimizer_early,4,1203,full_contract,True,True,True,True,0.0,0.0,0.0,0,0,0,0,8120,0.002459792,0.000668666,True,True,True,True,0.0,0.0,0.0,0,0,0,0,8119,0.00245,0.00060975,False,True
h2_vqe,noisy_sim,paper,optimizer_early,4,1203,full_contract,True,True,True,True,0.0,0.0,0.0,0,0,0,0,8632,0.0021885,0.000653792,True,True,True,True,0.0,0.0,0.0,0,0,0,0,8631,0.002472708,0.000695958,False,True
lih_vqe,noisy_sim,paper,optimizer_early,4,1203,full_contract,True,True,True,True,0.0,0.0,0.0,0,0,0,0,10715,0.002398583,0.000607334,True,True,True,True,0.0,0.0,0.0,0,0,0,0,10714,0.002371292,0.000636083,False,True
qaoa_maxcut,noisy_sim,paper,optimizer_early,4,1203,full_contract,True,True,True,True,0.0,0.0,0.0,0,0,0,0,19507,0.00808925,0.000996334,True,True,True,True,0.0,0.0,0.0,0,0,0,0,19506,0.00216375,0.000667375,False,True
adapt_vqe,noisy_sim,paper,optimizer_early,4,1204,full_contract,True,True,True,True,0.0,0.0,0.0,0,0,0,0,8120,0.002290458,0.000491375,True,True,True,True,0.0,0.0,0.0,0,0,0,0,8119,0.002464875,0.000716417,False,True
h2_vqe,noisy_sim,paper,optimizer_early,4,1204,full_contract,True,True,True,True,0.0,0.0,0.0,0,0,0,0,8632,0.001971333,0.000569834,True,True,True,True,0.0,0.0,0.0,0,0,0,0,8631,0.002113167,0.000678458,False,True
lih_vqe,noisy_sim,paper,optimizer_early,4,1204,full_contract,True,True,True,True,0.0,0.0,0.0,0,0,0,0,10340,0.002848417,0.000758084,True,True,True,True,0.0,0.0,0.0,0,0,0,0,10339,0.002202625,0.000705416,False,True
qaoa_maxcut,noisy_sim,paper,optimizer_early,4,1204,full_contract,True,True,True,True,0.0,0.0,0.0,0,0,0,0,19428,0.002721708,0.000702625,True,True,True,True,0.0,0.0,0.0,0,0,0,0,19427,0.002661417,0.000736667,False,True
adapt_vqe,noisy_sim,paper,optimizer_early,4,1205,full_contract,True,True,True,True,0.0,0.0,0.0,0,0,0,0,8120,0.002362834,0.000544167,True,True,True,True,0.0,0.0,0.0,0,0,0,0,8119,0.004350625,0.00086875,False,True
h2_vqe,noisy_sim,paper,optimizer_early,4,1205,full_contract,True,True,True,True,0.0,0.0,0.0,0,0,0,0,8632,0.001854833,0.000538083,True,True,True,True,0.0,0.0,0.0,0,0,0,0,8631,0.002306792,0.000783708,False,True
lih_vqe,noisy_sim,paper,optimizer_early,4,1205,full_contract,True,True,True,True,0.0,0.0,0.0,0,0,0,0,10340,0.001990042,0.000591166,True,True,True,True,0.0,0.0,0.0,0,0,0,0,10339,0.002275625,0.000674792,False,True
qaoa_maxcut,noisy_sim,paper,optimizer_early,4,1205,full_contract,True,True,True,True,0.0,0.0,0.0,0,0,0,0,19446,0.002364125,0.000848,True,True,True,True,0.0,0.0,0.0,0,0,0,0,19445,0.002897792,0.000811708,False,True
